Unnamed: 0,timestamp,timezone,humidity,pm_10,pm_2_5,temperature
0,2021-02-11 12:00:00,Asia/Bangkok,72.02624156626507,11.66666666666667,10.5632183908046,30.70394939759035
1,2021-02-11 13:00:00,Asia/Bangkok,71.0492304347826,10.46551724137931,9.5,30.92329965217391
2,2021-02-11 14:00:00,Asia/Bangkok,68.77431271929824,33.64655172413793,24.76521739130435,31.39238849557523
3,2021-02-11 15:00:00,Asia/Bangkok,66.98300206896549,11.01724137931035,10.02586206896552,32.06041732758619
4,2021-02-11 16:00:00,Asia/Bangkok,69.18146212389384,10.24137931034483,9.46551724137931,31.45510628318582
5,2021-02-11 17:00:00,Asia/Bangkok,72.75078008928573,15.12931034482759,14.08620689655172,30.47039630630631
6,2021-02-11 18:00:00,Asia/Bangkok,74.9324926785714,15.80869565217391,14.66086956521739,29.74710616071428
7,2021-02-11 19:00:00,Asia/Bangkok,77.70713043859645,56.01709401709402,48.22222222222222,28.96567307017546
8,2021-02-11 20:00:00,Asia/Bangkok,80.642607079646,96.24137931034483,83.17391304347827,28.15176743362829
9,2021-02-11 21:00:00,Asia/Bangkok,83.17687348214285,61.16814159292036,50.54464285714285,27.67858142857144
10,2021-02-11 22:00:00,Asia/Bangkok,85.2627699130435,57.99130434782609,49.79310344827586,27.4591148245614
11,2021-02-11 23:00:00,Asia/Bangkok,86.31192756521735,42.73275862068966,35.92241379310344,27.37190798245614
12,2021-02-12 00:00:00,Asia/Bangkok,88.16956096491229,38.13913043478261,33.29565217391304,26.99246298245614
13,2021-02-12 01:00:00,Asia/Bangkok,88.74477234782607,35.79130434782608,32.06086956521739,26.73641339130435
14,2021-02-12 02:00:00,Asia/Bangkok,89.82307657894745,37.8448275862069,33.12931034482759,26.51088743362833
15,2021-02-12 03:00:00,Asia/Bangkok,89.81266522522523,41.53448275862069,35.02586206896552,26.43608405405407
16,2021-02-12 04:00:00,Asia/Bangkok,90.36936911504421,40.58620689655172,34.51724137931034,26.08334911504425
17,2021-02-12 05:00:00,Asia/Bangkok,90.61774833333337,34.56896551724138,31.08620689655172,25.76420885964914
18,2021-02-12 06:00:00,Asia/Bangkok,91.09096675438595,33.36206896551724,30.17241379310345,25.47250894736843
19,2021-02-12 07:00:00,Asia/Bangkok,91.64623666666671,25.00862068965517,23.61206896551724,25.45233526785717
20,2021-02-12 08:00:00,Asia/Bangkok,92.46020339285711,39.12931034482759,34.47413793103448,25.86992720720722
21,2021-02-12 09:00:00,Asia/Bangkok,91.11518456896552,36.5948275862069,31.97413793103448,26.49439637931035
22,2021-02-12 10:00:00,Asia/Bangkok,86.1244077477478,15.90598290598291,14.91452991452991,28.05577108108109
23,2021-02-12 11:00:00,Asia/Bangkok,76.82579439655171,11.81896551724138,10.94827586206897,30.40635603448276
24,2021-02-12 12:00:00,Asia/Bangkok,73.32350283185839,11.37068965517241,10.69827586206897,31.06476557522124
25,2021-02-12 13:00:00,Asia/Bangkok,70.6216008035714,10.37068965517241,9.655172413793103,31.60250651785714
26,2021-02-12 14:00:00,Asia/Bangkok,70.40618869565219,8.474137931034482,7.681034482758621,31.08732834782609
27,2021-02-12 15:00:00,Asia/Bangkok,66.62340477477476,7.586206896551724,6.827586206896552,31.78352378378378
28,2021-02-12 16:00:00,Asia/Bangkok,67.86932468468467,8.681034482758621,7.931034482758621,31.59957181818181
29,2021-02-12 17:00:00,Asia/Bangkok,69.57621159292036,9.234782608695653,8.321739130434782,30.91829876106195
30,2021-02-12 18:00:00,Asia/Bangkok,71.50958817391303,14.28448275862069,13.10344827586207,30.14388895652172
31,2021-02-12 19:00:00,Asia/Bangkok,76.44158157894739,22.02586206896552,20.54310344827586,29.07372649122808
32,2021-02-12 20:00:00,Asia/Bangkok,80.07322910714286,40.5948275862069,35.81034482758621,28.3519308035714
33,2021-02-12 21:00:00,Asia/Bangkok,82.5889432743363,66.56896551724138,57.51724137931034,27.84475964285717
34,2021-02-12 22:00:00,Asia/Bangkok,85.11868107142861,70.03478260869565,58.98260869565217,27.19436669642858
35,2021-02-12 23:00:00,Asia/Bangkok,86.795056460177,53.12931034482759,45.29310344827586,27.0567428318584
36,2021-02-13 00:00:00,Asia/Bangkok,87.73482531531529,50.0,41.12068965517241,26.66364081081082
37,2021-02-13 01:00:00,Asia/Bangkok,88.53915241071431,39.63716814159292,34.28318584070797,26.28826669642857
38,2021-02-13 02:00:00,Asia/Bangkok,88.62604552631576,42.88793103448276,36.25862068965517,25.9513392105263
39,2021-02-13 03:00:00,Asia/Bangkok,89.0934038053097,38.76724137931034,33.61206896551724,25.5751390265487
40,2021-02-13 04:00:00,Asia/Bangkok,89.48495321100917,36.63716814159292,32.46902654867257,25.28981899082569
41,2021-02-13 05:00:00,Asia/Bangkok,89.86504238532115,35.29059829059829,31.82051282051282,25.13870675925926
42,2021-02-13 06:00:00,Asia/Bangkok,89.68384840707964,48.68965517241379,40.78448275862069,24.88732345132743
43,2021-02-13 07:00:00,Asia/Bangkok,90.25180504424782,41.29059829059829,35.56410256410256,24.53373203539823
44,2021-02-13 08:00:00,Asia/Bangkok,92.10109288288287,42.28070175438597,36.01754385964912,24.71121472727274
45,2021-02-13 09:00:00,Asia/Bangkok,89.44792286956519,55.18103448275862,48.52586206896552,26.43482704347825
46,2021-02-13 10:00:00,Asia/Bangkok,78.99510739130439,24.26724137931035,22.58620689655172,28.78805947826087
47,2021-02-13 11:00:00,Asia/Bangkok,69.5627469642857,18.63478260869565,17.70434782608696,30.52341954954954
48,2021-02-13 12:00:00,Asia/Bangkok,60.93810025862066,18.11206896551724,17.43103448275862,32.11225827586208
49,2021-02-13 13:00:00,Asia/Bangkok,54.84732758928573,17.57391304347826,16.96521739130435,33.53396660714287
50,2021-02-13 14:00:00,Asia/Bangkok,55.5161700869565,18.68103448275862,17.95689655172414,33.05855663716815
51,2021-02-13 15:00:00,Asia/Bangkok,54.1887027433628,20.12173913043478,19.26086956521739,33.40607642857142
52,2021-02-13 16:00:00,Asia/Bangkok,51.964745877193,21.8695652173913,20.93913043478261,33.48072876106194
53,2021-02-13 17:00:00,Asia/Bangkok,53.96313140186918,21.78899082568807,20.88073394495413,32.86299551401871
54,2021-02-13 18:00:00,Asia/Bangkok,57.87859848739493,26.2396694214876,24.71074380165289,31.77320907563023
55,2021-02-13 19:00:00,Asia/Bangkok,66.6669072222222,29.46017699115044,26.83333333333333,30.16505916666668
56,2021-02-13 20:00:00,Asia/Bangkok,72.44278263157894,60.44347826086957,49.41739130434782,28.97497184210527
57,2021-02-13 21:00:00,Asia/Bangkok,77.5284235652174,62.89655172413793,52.79310344827586,28.01378043478259
58,2021-02-13 22:00:00,Asia/Bangkok,80.93818401785714,75.29565217391304,67.43478260869566,27.59789821428572
59,2021-02-13 23:00:00,Asia/Bangkok,82.84785098214286,52.0948275862069,42.96551724137931,27.05868107142859
60,2021-02-14 00:00:00,Asia/Bangkok,84.341955862069,63.33620689655172,52.56034482758621,26.40178486956524
61,2021-02-14 01:00:00,Asia/Bangkok,85.81720747747741,61.98275862068966,50.39655172413793,26.04270288288287
62,2021-02-14 02:00:00,Asia/Bangkok,86.23146736363641,53.20175438596491,43.7719298245614,25.80663779816511
63,2021-02-14 03:00:00,Asia/Bangkok,86.86954412280703,50.69827586206897,42.13793103448276,25.39823495575223
64,2021-02-14 04:00:00,Asia/Bangkok,87.10595642201831,45.21739130434783,38.00869565217391,25.10818422018347
65,2021-02-14 05:00:00,Asia/Bangkok,87.85474126126124,45.12173913043478,37.92173913043478,24.74532837837841
66,2021-02-14 06:00:00,Asia/Bangkok,87.86066495495496,45.67256637168141,38.41592920353983,24.52343090090092
67,2021-02-14 07:00:00,Asia/Bangkok,88.74717165137615,59.47368421052632,50.12280701754386,24.15487779816513
68,2021-02-14 08:00:00,Asia/Bangkok,90.61197234782604,50.56896551724138,41.94827586206897,24.28038086956523
69,2021-02-14 09:00:00,Asia/Bangkok,86.85525778761063,41.86086956521739,35.97413793103448,26.39057991150441
70,2021-02-14 10:00:00,Asia/Bangkok,77.5747048695652,30.0,28.12931034482759,28.53988113043479
71,2021-02-14 11:00:00,Asia/Bangkok,75.12256285714285,29.38461538461538,27.76923076923077,29.10009928571429
72,2021-02-14 12:00:00,Asia/Bangkok,62.69992148936169,25.66315789473684,24.65263157894737,32.35496595744682
73,2021-02-14 13:00:00,Asia/Bangkok,57.12372789473685,24.92173913043478,23.8695652173913,33.66678614035087
74,2021-02-14 14:00:00,Asia/Bangkok,55.89288701754386,28.38793103448276,27.27586206896552,33.41415920353979
75,2021-02-14 15:00:00,Asia/Bangkok,52.49984324561403,26.0948275862069,24.97413793103448,33.82785078947369
76,2021-02-14 16:00:00,Asia/Bangkok,52.59199842105264,24.61206896551724,23.51724137931035,33.56140175438595
77,2021-02-14 17:00:00,Asia/Bangkok,56.62086232142855,25.37068965517241,24.25,32.50061866071429
78,2021-02-14 18:00:00,Asia/Bangkok,61.79219315315312,27.50862068965517,26.18103448275862,31.08986387387389
79,2021-02-14 19:00:00,Asia/Bangkok,66.9763191304348,47.67521367521368,39.86206896551724,30.0439700877193
80,2021-02-14 20:00:00,Asia/Bangkok,72.93522267857144,49.21739130434783,40.86206896551724,28.76795223214286
81,2021-02-14 21:00:00,Asia/Bangkok,77.19571368421055,55.8448275862069,45.57758620689656,27.87032228070175
82,2021-02-14 22:00:00,Asia/Bangkok,81.89647990566041,77.62931034482759,67.04310344827586,26.61635594339622
83,2021-02-14 23:00:00,Asia/Bangkok,82.69369189655174,69.32758620689656,57.68103448275862,26.6484023275862
84,2021-02-15 00:00:00,Asia/Bangkok,82.8443751304348,58.56034482758621,47.62931034482759,26.57526530434782
85,2021-02-15 01:00:00,Asia/Bangkok,84.2686586842105,65.48275862068965,52.5948275862069,26.2309039473684
86,2021-02-15 02:00:00,Asia/Bangkok,85.58485482142862,58.19827586206897,47.26724137931034,25.78414135135131
87,2021-02-15 03:00:00,Asia/Bangkok,86.49336373913044,53.6551724137931,44.3448275862069,25.4100707826087
88,2021-02-15 04:00:00,Asia/Bangkok,86.77816539823009,52.15384615384615,43.06837606837607,25.17704539823007
89,2021-02-15 05:00:00,Asia/Bangkok,87.85421159292035,58.9051724137931,49.33620689655172,24.86197419642855
90,2021-02-15 06:00:00,Asia/Bangkok,87.84511419642863,51.8448275862069,42.97413793103448,24.48808348214286
91,2021-02-15 07:00:00,Asia/Bangkok,88.58211884955752,56.30769230769231,46.64957264957265,24.20410079646019
92,2021-02-15 08:00:00,Asia/Bangkok,90.4744901724138,53.00862068965517,43.62068965517241,24.35753181034483
93,2021-02-15 09:00:00,Asia/Bangkok,86.55760553571427,43.43103448275862,37.00862068965517,26.17988080357143
94,2021-02-15 10:00:00,Asia/Bangkok,77.31288594827586,31.12068965517241,29.11206896551724,28.48417565217391
95,2021-02-15 11:00:00,Asia/Bangkok,68.19892649122808,26.78761061946903,25.4070796460177,30.60839201754386
96,2021-02-15 12:00:00,Asia/Bangkok,58.43553526315788,25.9051724137931,24.89655172413793,32.68682350877192
97,2021-02-15 13:00:00,Asia/Bangkok,52.45888394736844,23.28448275862069,22.36206896551724,33.72817132743364
98,2021-02-15 14:00:00,Asia/Bangkok,48.37610182608699,21.37068965517241,20.47413793103448,34.75903052173914
99,2021-02-15 15:00:00,Asia/Bangkok,48.1427803448276,22.56896551724138,21.70689655172414,34.72705617391305
100,2021-02-15 16:00:00,Asia/Bangkok,50.77673789473686,24.45689655172414,23.22413793103448,34.32083140350879
101,2021-02-15 17:00:00,Asia/Bangkok,55.44281991304349,23.25862068965517,22.33620689655172,33.32446139130433
102,2021-02-15 18:00:00,Asia/Bangkok,62.83108045871559,24.63793103448276,23.24137931034483,31.398932
103,2021-02-15 19:00:00,Asia/Bangkok,69.4014580909091,39.73275862068966,34.33913043478261,29.82819825688071
104,2021-02-15 20:00:00,Asia/Bangkok,73.7283789285714,82.3103448275862,72.08547008547009,28.89158468468469
105,2021-02-15 21:00:00,Asia/Bangkok,77.85961387387388,76.27826086956522,64.74782608695652,28.02351117117119
106,2021-02-15 22:00:00,Asia/Bangkok,80.22810137614682,74.92105263157895,63.02631578947368,27.20517614678898
107,2021-02-15 23:00:00,Asia/Bangkok,81.67390194690266,68.36521739130434,56.07826086956522,26.77057106194691
108,2021-02-16 00:00:00,Asia/Bangkok,82.57950486725663,67.37068965517241,55.48275862068966,26.32921026548672
109,2021-02-16 01:00:00,Asia/Bangkok,84.5672847787611,72.16071428571429,61.33035714285715,26.01779707964601
110,2021-02-16 02:00:00,Asia/Bangkok,84.77772464285715,68.98275862068965,57.62931034482759,25.92585873873874
111,2021-02-16 03:00:00,Asia/Bangkok,86.18237720720722,62.81034482758621,51.27586206896552,25.31038684684686
112,2021-02-16 04:00:00,Asia/Bangkok,86.23697535714287,57.21551724137931,46.56896551724138,25.10481621621624
113,2021-02-16 05:00:00,Asia/Bangkok,86.62790745454545,52.60344827586207,43.43965517241379,24.69135490909092
114,2021-02-16 06:00:00,Asia/Bangkok,87.50130860869565,54.94827586206897,45.06034482758621,24.32319947826088
115,2021-02-16 07:00:00,Asia/Bangkok,88.95027210526315,62.42608695652174,50.09565217391305,23.62327842105261
116,2021-02-16 08:00:00,Asia/Bangkok,90.61116392857137,64.70434782608696,52.76521739130435,23.80648160714285
117,2021-02-16 09:00:00,Asia/Bangkok,87.77029543859649,59.02586206896552,48.56034482758621,25.913065877193
118,2021-02-16 10:00:00,Asia/Bangkok,77.94610758928572,50.64347826086956,42.10434782608696,28.47534900900901
119,2021-02-16 11:00:00,Asia/Bangkok,73.14871234234234,46.04310344827586,38.92241379310344,29.42742882882885
120,2021-02-16 12:00:00,Asia/Bangkok,66.92770025641029,45.7948717948718,38.5982905982906,30.65659999999999
121,2021-02-16 13:00:00,Asia/Bangkok,61.36800400000002,39.31896551724138,34.4051724137931,31.85747304347824
122,2021-02-16 14:00:00,Asia/Bangkok,59.71972991452992,39.23931623931624,34.4017094017094,31.9951423931624
123,2021-02-16 15:00:00,Asia/Bangkok,57.55693728070176,38.1304347826087,33.69565217391305,32.65004692982457
124,2021-02-16 16:00:00,Asia/Bangkok,59.24232160714287,38.53448275862069,33.88793103448276,32.39349607142857
125,2021-02-16 17:00:00,Asia/Bangkok,61.81678054545454,41.11206896551724,35.56034482758621,31.72070091743116
126,2021-02-16 18:00:00,Asia/Bangkok,64.70173690265487,45.31578947368421,38.08695652173913,30.5844378761062
127,2021-02-16 19:00:00,Asia/Bangkok,68.85439472727276,57.43965517241379,47.95689655172414,29.51899745454545
128,2021-02-16 20:00:00,Asia/Bangkok,75.01299714285717,73.5042735042735,63.0,28.25041540540539
129,2021-02-16 21:00:00,Asia/Bangkok,77.53180547826088,64.26724137931035,52.47413793103448,27.72524773913045
130,2021-02-16 22:00:00,Asia/Bangkok,81.21914356521737,61.67241379310344,49.89655172413793,26.89979113043477
131,2021-02-16 23:00:00,Asia/Bangkok,82.77692499999999,63.60683760683761,51.84615384615385,26.43864098214285
132,2021-02-17 00:00:00,Asia/Bangkok,83.94411387387386,67.56896551724138,54.78448275862069,25.90466603603604
133,2021-02-17 01:00:00,Asia/Bangkok,85.50083815789475,67.53448275862068,55.03448275862069,25.24271885964913
134,2021-02-17 02:00:00,Asia/Bangkok,86.03978921052635,72.48275862068965,62.21551724137931,24.82293543859647
135,2021-02-17 03:00:00,Asia/Bangkok,86.35856765217392,76.88888888888889,69.85470085470085,24.49300869565219
136,2021-02-17 04:00:00,Asia/Bangkok,86.98848168141595,73.72413793103448,64.66379310344827,24.30283283185841
137,2021-02-17 05:00:00,Asia/Bangkok,87.06217720720723,71.01739130434783,60.10344827586207,24.36698972972973
138,2021-02-17 06:00:00,Asia/Bangkok,88.10366817391302,67.7008547008547,55.76923076923077,24.14821182608696
139,2021-02-17 07:00:00,Asia/Bangkok,87.92339812500008,61.24347826086957,49.58260869565218,24.54976348214287
140,2021-02-17 08:00:00,Asia/Bangkok,88.57925149122804,59.14655172413793,48.04310344827586,24.80393877192983
141,2021-02-17 09:00:00,Asia/Bangkok,84.9250853097345,58.57391304347826,48.44347826086957,26.26989530973451
142,2021-02-17 10:00:00,Asia/Bangkok,75.68329135135137,48.85217391304348,40.93043478260869,28.48162684684685
143,2021-02-17 11:00:00,Asia/Bangkok,70.70574304347822,48.62608695652174,40.80869565217391,29.5118343478261
144,2021-02-17 12:00:00,Asia/Bangkok,66.61446265486725,51.3859649122807,42.87719298245614,30.30131088495574
145,2021-02-17 13:00:00,Asia/Bangkok,61.7279124324324,51.23275862068966,42.72413793103448,31.72706306306306
146,2021-02-17 14:00:00,Asia/Bangkok,60.60983433628316,47.94827586206897,40.19827586206897,31.86085407079646
147,2021-02-17 15:00:00,Asia/Bangkok,59.18931469026548,47.14159292035398,39.72566371681416,32.22912203539822
148,2021-02-17 16:00:00,Asia/Bangkok,60.60604000000001,49.18260869565217,41.23478260869565,31.38231771929824
149,2021-02-17 17:00:00,Asia/Bangkok,62.64298217391307,48.67521367521368,40.85470085470085,30.71616649122808
150,2021-02-17 18:00:00,Asia/Bangkok,66.15155232142854,48.93103448275862,40.79310344827586,29.70693080357143
151,2021-02-17 19:00:00,Asia/Bangkok,69.40322258928569,51.12173913043478,42.47413793103448,28.56698803571428
152,2021-02-17 20:00:00,Asia/Bangkok,73.69807891891891,59.68965517241379,49.32758620689656,27.73306990990991
153,2021-02-17 21:00:00,Asia/Bangkok,77.21203120689653,60.31623931623932,48.82051282051282,26.91573284482758
154,2021-02-17 22:00:00,Asia/Bangkok,81.47878710526314,78.75652173913043,72.82608695652173,26.33073701754387
155,2021-02-17 23:00:00,Asia/Bangkok,82.64496421052635,64.8103448275862,52.87931034482759,25.94546140350879
156,2021-02-18 00:00:00,Asia/Bangkok,84.21965069565215,63.06956521739131,50.8,25.51387675438598
157,2021-02-18 01:00:00,Asia/Bangkok,84.66752781818182,60.20689655172414,48.71551724137931,25.16116518181818
158,2021-02-18 02:00:00,Asia/Bangkok,85.78581348214284,61.70940170940171,49.92307692307692,24.8023916964286
159,2021-02-18 03:00:00,Asia/Bangkok,87.22366203539819,62.14782608695652,50.27586206896552,24.28082375000002
160,2021-02-18 04:00:00,Asia/Bangkok,86.58679172727274,62.24137931034483,50.36206896551724,24.21774209090908
161,2021-02-18 05:00:00,Asia/Bangkok,87.43003290909085,62.33620689655172,50.28448275862069,23.75757423423423
162,2021-02-18 06:00:00,Asia/Bangkok,88.4786905357143,61.7008547008547,49.94017094017094,23.36939342342339
163,2021-02-18 07:00:00,Asia/Bangkok,87.92227140350873,61.81896551724138,49.97413793103448,23.34955184210526
164,2021-02-18 08:00:00,Asia/Bangkok,89.81836181818187,73.14655172413794,63.31896551724138,23.41392272727274
165,2021-02-18 09:00:00,Asia/Bangkok,85.61359088495571,37.43362831858407,31.92035398230088,25.41645327433629
166,2021-02-18 10:00:00,Asia/Bangkok,74.2008566371681,12.73275862068965,11.55172413793103,28.06088176991153
167,2021-02-18 11:00:00,Asia/Bangkok,68.33432196581195,12.5948275862069,11.22413793103448,29.03105615384615
168,2021-02-18 12:00:00,Asia/Bangkok,62.50700399999999,17.82905982905983,15.87179487179487,30.72093513043477
169,2021-02-18 13:00:00,Asia/Bangkok,58.18508431034481,14.75,13.77586206896552,31.82494439655173
170,2021-02-18 14:00:00,Asia/Bangkok,56.90947881818182,14.37391304347826,13.37931034482759,32.32485672727273
171,2021-02-18 15:00:00,Asia/Bangkok,55.773686875,15.97391304347826,14.8695652173913,32.38660410714287
172,2021-02-18 16:00:00,Asia/Bangkok,57.19656093457941,17.28448275862069,15.68103448275862,31.86366738317755
173,2021-02-18 17:00:00,Asia/Bangkok,60.27771415929203,17.8,16.12931034482759,30.62963728070174
174,2021-02-18 18:00:00,Asia/Bangkok,64.19464991071432,13.44247787610619,12.17699115044248,29.22754081081082
175,2021-02-18 19:00:00,Asia/Bangkok,68.59806095652178,25.43478260869565,21.57017543859649,28.11662321739131
176,2021-02-18 20:00:00,Asia/Bangkok,71.61105452173913,29.82758620689655,26.20689655172414,27.59499815789474
177,2021-02-18 21:00:00,Asia/Bangkok,75.60137396396398,72.65517241379311,60.4051724137931,26.42631756756757
178,2021-02-18 22:00:00,Asia/Bangkok,78.88058391304347,49.6695652173913,40.7304347826087,25.83558260869564
179,2021-02-18 23:00:00,Asia/Bangkok,81.18324823008851,53.11206896551724,44.49137931034483,25.48671168141591
180,2021-02-19 00:00:00,Asia/Bangkok,83.05200464912286,35.62068965517241,31.30172413793104,25.00536307017542
181,2021-02-19 01:00:00,Asia/Bangkok,84.51621736842107,87.83620689655173,77.09482758620689,24.44037877192984
182,2021-02-19 02:00:00,Asia/Bangkok,85.06568522123894,118.9646017699115,103.9911504424779,23.90861407079646
183,2021-02-19 03:00:00,Asia/Bangkok,85.49212018018018,49.28448275862069,40.57758620689656,23.75061828828829
184,2021-02-19 04:00:00,Asia/Bangkok,85.95182131578947,58.49572649572649,48.41025641025641,23.51862245614036
185,2021-02-19 05:00:00,Asia/Bangkok,86.82884642857141,50.91379310344828,41.95689655172414,23.23012133928572
186,2021-02-19 06:00:00,Asia/Bangkok,87.40426870689656,51.01724137931034,41.93103448275862,22.97740879310344
187,2021-02-19 07:00:00,Asia/Bangkok,89.13868283185839,79.4396551724138,70.25862068965517,22.72839938053097
188,2021-02-19 08:00:00,Asia/Bangkok,90.74144584070802,66.84482758620689,55.85344827586207,22.89074368421052
189,2021-02-19 09:00:00,Asia/Bangkok,87.03300324561403,45.00854700854701,37.38461538461539,25.19176769911504
190,2021-02-19 10:00:00,Asia/Bangkok,76.81663837837836,26.55172413793104,23.98275862068965,27.47472144144144
191,2021-02-19 11:00:00,Asia/Bangkok,67.01952499999999,27.14655172413793,24.18103448275862,29.72486605263158
192,2021-02-19 12:00:00,Asia/Bangkok,64.05201198198199,24.07017543859649,21.64912280701754,30.62214801801802
193,2021-02-19 13:00:00,Asia/Bangkok,61.19345858407081,26.92173913043478,23.91304347826087,31.12093646017699
194,2021-02-19 14:00:00,Asia/Bangkok,61.46888192982456,25.99137931034483,23.4051724137931,31.06025185840706
195,2021-02-19 15:00:00,Asia/Bangkok,62.04878681415931,26.35652173913044,24.04347826086957,31.06370106194688
196,2021-02-19 16:00:00,Asia/Bangkok,62.72101071428573,28.21551724137931,25.47413793103448,31.06314669642857
197,2021-02-19 17:00:00,Asia/Bangkok,65.77018603448279,27.15384615384615,24.5,29.88110862068966
198,2021-02-19 18:00:00,Asia/Bangkok,68.76388364485982,30.50909090909091,27.31858407079646,29.13638990654205
199,2021-02-19 19:00:00,Asia/Bangkok,72.30544565217393,65.63793103448276,56.64655172413793,28.23513826086956
200,2021-02-19 20:00:00,Asia/Bangkok,75.62614903508775,75.47413793103448,63.94827586206897,27.65693315789475
201,2021-02-19 21:00:00,Asia/Bangkok,77.36002754385964,71.42241379310344,60.58620689655172,27.35113140350877
202,2021-02-19 22:00:00,Asia/Bangkok,80.40655106194691,78.97413793103448,70.50862068965517,26.60777592920355
203,2021-02-19 23:00:00,Asia/Bangkok,82.15232589285714,64.22608695652174,52.66086956521739,26.22994776785714
204,2021-02-20 00:00:00,Asia/Bangkok,83.00230901785712,52.42735042735043,42.5982905982906,25.95809964285712
205,2021-02-20 01:00:00,Asia/Bangkok,83.09866363636361,27.6551724137931,24.36206896551724,25.60085154545455
206,2021-02-20 02:00:00,Asia/Bangkok,82.70149936363636,14.97391304347826,12.66086956521739,25.31666270270273
207,2021-02-20 03:00:00,Asia/Bangkok,81.04893614035086,17.97413793103448,15.10344827586207,25.09520208695652
208,2021-02-20 04:00:00,Asia/Bangkok,82.76476909090908,30.43589743589743,25.48717948717949,24.82301305555553
209,2021-02-20 05:00:00,Asia/Bangkok,83.48341589285712,19.66956521739131,16.64347826086956,24.65550135135133
210,2021-02-20 06:00:00,Asia/Bangkok,84.5078212173913,15.46551724137931,13.11206896551724,24.60066596491227
211,2021-02-20 07:00:00,Asia/Bangkok,86.3962871052632,53.17857142857143,43.07142857142857,24.05859219298245
212,2021-02-20 08:00:00,Asia/Bangkok,88.6303830088496,30.32173913043478,26.39130434782609,24.04695375
213,2021-02-20 09:00:00,Asia/Bangkok,84.48611236842108,23.30172413793104,19.97413793103448,26.12172561403509
214,2021-02-20 10:00:00,Asia/Bangkok,72.65985187499999,20.60869565217391,17.39130434782609,28.71628750000001
215,2021-02-20 11:00:00,Asia/Bangkok,68.01588099099101,18.52173913043478,16.23478260869565,29.9116089090909
216,2021-02-20 12:00:00,Asia/Bangkok,64.36394495575223,20.22608695652174,17.55652173913044,30.69690794642856
217,2021-02-20 13:00:00,Asia/Bangkok,62.58304739130437,21.60344827586207,19.02586206896552,31.18638382608694
218,2021-02-20 14:00:00,Asia/Bangkok,58.73911827586208,20.02586206896552,18.02586206896552,32.3606226724138
219,2021-02-20 15:00:00,Asia/Bangkok,60.9170935897436,23.09401709401709,20.70940170940171,31.31238273504273
220,2021-02-20 16:00:00,Asia/Bangkok,61.02059384615384,23.38461538461538,20.61538461538462,31.4397026923077
221,2021-02-20 17:00:00,Asia/Bangkok,64.19386796460176,22.01739130434783,19.42608695652174,30.27413504424776
222,2021-02-20 18:00:00,Asia/Bangkok,65.56619936507937,19.89230769230769,17.52307692307692,29.82736285714286
223,2021-02-20 21:00:00,Asia/Bangkok,78.96709263888889,97.71232876712328,84.45205479452055,26.43040861111111
224,2021-02-20 22:00:00,Asia/Bangkok,79.08137414893616,55.58163265306123,44.39795918367347,26.62930376344085
225,2021-02-20 23:00:00,Asia/Bangkok,83.37922677966102,98.08196721311475,84.93442622950819,25.40441551724138
226,2021-02-21 00:00:00,Asia/Bangkok,83.66826853448273,54.31896551724138,43.63793103448276,25.41362517241379
227,2021-02-21 01:00:00,Asia/Bangkok,84.27916631578944,46.43478260869565,37.92173913043478,24.96837622807019
228,2021-02-21 02:00:00,Asia/Bangkok,85.16983594827587,52.13793103448276,42.27586206896552,24.5202602586207
229,2021-02-21 03:00:00,Asia/Bangkok,85.96748862068969,46.52586206896552,38.4051724137931,24.15900793103448
230,2021-02-21 04:00:00,Asia/Bangkok,86.67644705357144,42.9059829059829,35.77777777777778,23.81854312499998
231,2021-02-21 05:00:00,Asia/Bangkok,87.21033765217388,42.54310344827586,35.5,23.5848868695652
232,2021-02-21 06:00:00,Asia/Bangkok,88.33141366071426,40.01724137931034,34.12931034482759,23.40550499999997
233,2021-02-21 07:00:00,Asia/Bangkok,88.39045097345128,48.92241379310344,41.68103448275862,23.37854566371681
234,2021-02-21 08:00:00,Asia/Bangkok,89.64485272727276,58.77586206896552,48.57758620689656,23.55731872727273
235,2021-02-21 09:00:00,Asia/Bangkok,85.61635070175441,101.2327586206897,88.44827586206897,25.61759631578949
236,2021-02-21 10:00:00,Asia/Bangkok,71.8781817857143,103.504347826087,82.84210526315789,28.31602419642855
237,2021-02-21 11:00:00,Asia/Bangkok,64.19515608695652,38.52991452991453,33.0940170940171,29.66094263157895
238,2021-02-21 12:00:00,Asia/Bangkok,58.62620176991151,17.61206896551724,15.6551724137931,31.02092911504424
239,2021-02-21 13:00:00,Asia/Bangkok,55.37154387931036,13.64347826086957,12.18103448275862,31.72250655172412
240,2021-02-21 14:00:00,Asia/Bangkok,57.46460862068965,14.81034482758621,12.81034482758621,31.56917017391305
241,2021-02-21 15:00:00,Asia/Bangkok,61.72565068965518,15.7008547008547,13.70940170940171,31.153565
242,2021-02-21 16:00:00,Asia/Bangkok,60.93049882882887,14.8421052631579,13.07017543859649,31.28422018018017
243,2021-02-21 17:00:00,Asia/Bangkok,63.19434576576576,16.01754385964912,13.92982456140351,30.38302366071429
244,2021-02-21 18:00:00,Asia/Bangkok,65.69342504424782,29.22222222222222,25.5,29.57512381818183
245,2021-02-21 19:00:00,Asia/Bangkok,70.77932712962964,154.1478260869565,132.3826086956522,28.41975166666665
246,2021-02-21 20:00:00,Asia/Bangkok,76.26336132743361,139.2051282051282,116.2672413793103,27.40996044247788
247,2021-02-21 21:00:00,Asia/Bangkok,79.64502303571426,121.0431034482759,105.3189655172414,26.49314526785714
248,2021-02-21 22:00:00,Asia/Bangkok,81.96540165217388,124.8534482758621,109.0086206896552,25.60412850877192
249,2021-02-21 23:00:00,Asia/Bangkok,83.6579753508772,131.3879310344828,116.5689655172414,24.86954973684209
250,2021-02-22 00:00:00,Asia/Bangkok,84.57685008928578,84.04310344827586,72.70689655172414,24.40859500000002
251,2021-02-22 01:00:00,Asia/Bangkok,85.31391327272726,63.42608695652174,51.72173913043478,24.05244216216218
252,2021-02-22 02:00:00,Asia/Bangkok,85.85162413793108,99.52991452991454,88.3931623931624,23.62113356521737
253,2021-02-22 03:00:00,Asia/Bangkok,86.36461763157892,62.19827586206897,51.37931034482759,23.33236929203537
254,2021-02-22 04:00:00,Asia/Bangkok,87.23519663793103,56.43103448275862,45.3448275862069,22.9164273275862
255,2021-02-22 05:00:00,Asia/Bangkok,87.40880486486488,54.19827586206897,43.71551724137931,22.75463745454544
256,2021-02-22 06:00:00,Asia/Bangkok,87.56234436363633,64.78448275862068,53.5,22.49076536363635
257,2021-02-22 07:00:00,Asia/Bangkok,88.18716431034484,69.27350427350427,56.75213675213675,22.14636500000003
258,2021-02-22 08:00:00,Asia/Bangkok,90.19367036697247,60.21551724137931,48.8448275862069,22.28503642201835
259,2021-02-22 09:00:00,Asia/Bangkok,87.81966146788989,42.04545454545455,35.94545454545455,24.81993706422019
260,2021-02-22 10:00:00,Asia/Bangkok,74.79005294642857,20.66956521739131,18.36521739130435,28.24208919642859
261,2021-02-22 11:00:00,Asia/Bangkok,64.52846513513515,23.97391304347826,22.20869565217391,30.36473794642857
262,2021-02-22 12:00:00,Asia/Bangkok,58.21641930434783,34.1304347826087,31.16521739130435,31.38130163793102
263,2021-02-22 13:00:00,Asia/Bangkok,50.56471763157894,43.8974358974359,37.0940170940171,32.30831070796462
264,2021-02-22 14:00:00,Asia/Bangkok,48.30628844827586,45.11206896551724,38.14655172413793,33.42389793103448
265,2021-02-22 15:00:00,Asia/Bangkok,48.82881684210527,62.20175438596491,54.7719298245614,33.25117601769911
266,2021-02-22 16:00:00,Asia/Bangkok,48.50324592592592,53.04310344827586,44.37931034482759,33.40256212962964
267,2021-02-22 17:00:00,Asia/Bangkok,47.61569576576575,45.34782608695652,38.90434782608695,32.54960081818183
268,2021-02-22 18:00:00,Asia/Bangkok,50.76521190909091,47.48695652173913,39.82608695652174,31.07999854545456
269,2021-02-22 19:00:00,Asia/Bangkok,58.63175159292037,82.59482758620689,70.13793103448276,29.57966079646017
270,2021-02-22 20:00:00,Asia/Bangkok,68.02947410714283,120.3362068965517,105.3620689655172,27.41145053571429
271,2021-02-22 21:00:00,Asia/Bangkok,74.57710339130435,88.91379310344827,78.58620689655173,26.06873704347825
272,2021-02-22 22:00:00,Asia/Bangkok,78.03497254385962,71.88793103448276,60.82758620689656,25.27499754385967
273,2021-02-22 23:00:00,Asia/Bangkok,79.32898194690267,72.30172413793103,62.02586206896552,24.67320115044249
274,2021-02-23 00:00:00,Asia/Bangkok,80.50821784482756,73.21551724137932,63.32758620689656,24.07592905172416
275,2021-02-23 01:00:00,Asia/Bangkok,81.48728939130434,70.06896551724138,58.49137931034483,23.5928292982456
276,2021-02-23 02:00:00,Asia/Bangkok,82.94320814159292,69.34482758620689,57.38793103448276,22.982553539823
277,2021-02-23 03:00:00,Asia/Bangkok,83.16506035714283,66.26086956521739,53.61206896551724,22.59842725663715
278,2021-02-23 04:00:00,Asia/Bangkok,84.3494657894737,72.75,60.80172413793103,22.02839672566372
279,2021-02-23 05:00:00,Asia/Bangkok,84.94076442477878,71.5,60.11206896551724,21.48563258928572
280,2021-02-23 06:00:00,Asia/Bangkok,85.47431810810814,67.64655172413794,54.80172413793103,21.23017396396395
281,2021-02-23 07:00:00,Asia/Bangkok,85.91232315789472,69.19827586206897,57.41379310344828,21.021725
282,2021-02-23 08:00:00,Asia/Bangkok,88.61577068965515,86.51282051282051,79.43589743589743,21.30873146551724
283,2021-02-23 09:00:00,Asia/Bangkok,87.12367481818181,67.39823008849558,55.38938053097345,23.86452727272728
284,2021-02-23 10:00:00,Asia/Bangkok,78.27335279279279,62.23275862068966,51.55172413793103,27.2879672072072
285,2021-02-23 11:00:00,Asia/Bangkok,71.36924324561406,74.78448275862068,66.23275862068965,28.78638522123894
286,2021-02-23 12:00:00,Asia/Bangkok,62.51879318181819,59.01769911504424,50.83185840707964,30.62096799999999
287,2021-02-23 13:00:00,Asia/Bangkok,55.45423113043474,58.98275862068966,50.32758620689656,32.09768652173913
288,2021-02-23 14:00:00,Asia/Bangkok,47.75858241379309,50.0948275862069,44.17241379310344,33.49622681034481
289,2021-02-23 15:00:00,Asia/Bangkok,44.8706936283186,55.53846153846154,48.45299145299145,34.48144026548673
290,2021-02-23 16:00:00,Asia/Bangkok,49.19308689655174,64.15517241379311,56.37931034482759,33.60667827586207
291,2021-02-23 17:00:00,Asia/Bangkok,56.04634607142857,79.40517241379311,70.24137931034483,32.30265696428572
292,2021-02-23 18:00:00,Asia/Bangkok,61.01465481818182,58.30172413793103,49.47413793103448,30.96590559633028
293,2021-02-23 19:00:00,Asia/Bangkok,66.88830017699115,65.61206896551724,55.00862068965517,29.28497796460176
294,2021-02-23 20:00:00,Asia/Bangkok,71.09918008928571,87.87068965517241,80.23275862068965,28.35861990909089
295,2021-02-23 21:00:00,Asia/Bangkok,76.48041837837835,141.3805309734513,130.929203539823,27.2393140909091
296,2021-02-23 22:00:00,Asia/Bangkok,79.80464486725667,133.9304347826087,122.1391304347826,26.34759433628318
297,2021-02-23 23:00:00,Asia/Bangkok,81.52211464285713,93.67826086956522,86.19130434782609,25.603733125
298,2021-02-24 00:00:00,Asia/Bangkok,84.04603684210528,101.9130434782609,95.65217391304348,24.75695122807019
299,2021-02-24 01:00:00,Asia/Bangkok,84.991174122807,93.45217391304348,87.94782608695652,24.35607622807017
300,2021-02-24 02:00:00,Asia/Bangkok,85.61711981981988,86.30357142857143,81.38392857142857,23.95635936936938
301,2021-02-24 03:00:00,Asia/Bangkok,85.6029368141593,83.98260869565217,79.30434782608695,23.70342318584074
302,2021-02-24 04:00:00,Asia/Bangkok,85.50171495575222,80.05982905982906,74.97413793103448,23.35978053097345
303,2021-02-24 05:00:00,Asia/Bangkok,86.08096601769911,81.34482758620689,76.57264957264957,22.91319654867257
304,2021-02-24 06:00:00,Asia/Bangkok,86.40037149122807,90.32758620689656,84.59482758620689,22.69084043859647
305,2021-02-24 07:00:00,Asia/Bangkok,86.2746295652174,92.50862068965517,86.32758620689656,22.48595603448275
306,2021-02-24 08:00:00,Asia/Bangkok,86.63540591304343,78.76923076923077,72.4017094017094,22.74778701754385
307,2021-02-24 09:00:00,Asia/Bangkok,86.94055947826087,73.4396551724138,64.75862068965517,24.83947834782609
308,2021-02-24 10:00:00,Asia/Bangkok,78.98963646017695,57.7304347826087,47.0948275862069,27.58102681415927
309,2021-02-24 11:00:00,Asia/Bangkok,69.13451504347826,50.44827586206897,41.86086956521739,30.09018095652173
310,2021-02-24 12:00:00,Asia/Bangkok,60.35078359649125,46.27586206896552,38.86324786324786,32.17454070175439
311,2021-02-24 13:00:00,Asia/Bangkok,53.79723209677418,41.50819672131148,35.78688524590164,34.07780508196721
312,2021-02-24 14:00:00,Asia/Bangkok,43.72248530973451,32.92982456140351,30.5,34.98667348214285
313,2021-02-24 15:00:00,Asia/Bangkok,42.42207561403509,32.14912280701754,29.98245614035088,35.56794447368421
314,2021-02-24 16:00:00,Asia/Bangkok,52.8426692173913,44.10344827586207,37.86206896551724,34.99216182608696
315,2021-02-24 17:00:00,Asia/Bangkok,62.04793672566373,43.14655172413793,36.80172413793103,33.05368823008849
316,2021-02-24 18:00:00,Asia/Bangkok,67.45919079646018,44.57391304347826,37.95652173913044,30.9594404424779
317,2021-02-24 19:00:00,Asia/Bangkok,69.5658133636364,46.16379310344828,38.44827586206897,29.92293189189189
318,2021-02-24 20:00:00,Asia/Bangkok,74.86327309734513,59.78448275862069,51.47413793103448,28.58520151785712
319,2021-02-24 21:00:00,Asia/Bangkok,78.25640263157895,91.70434782608696,81.91304347826087,27.87599184210529
320,2021-02-24 22:00:00,Asia/Bangkok,81.3382029090909,90.68103448275862,83.3103448275862,27.16600072727269
321,2021-02-24 23:00:00,Asia/Bangkok,83.40912305263159,81.03125,74.1875,26.75112189473684
322,2021-02-25 00:00:00,Asia/Bangkok,83.28891642857141,71.17857142857143,60.0,26.65446571428572
323,2021-02-25 01:00:00,Asia/Bangkok,84.8538957603687,75.72767857142857,66.40178571428571,26.03514152073729
324,2021-02-25 02:00:00,Asia/Bangkok,86.46763223214283,74.25862068965517,65.12931034482759,25.233438125
325,2021-02-25 03:00:00,Asia/Bangkok,86.1741764912281,71.86206896551724,61.5948275862069,25.02674868421055
326,2021-02-25 04:00:00,Asia/Bangkok,86.96784769911501,71.05172413793103,60.10344827586207,24.62026699115042
327,2021-02-25 05:00:00,Asia/Bangkok,86.79119086956518,70.14583333333333,58.6875,24.37241717391305
328,2021-02-25 06:00:00,Asia/Bangkok,87.17208092896178,80.40217391304348,71.85326086956522,23.85174273224044
329,2021-02-25 07:00:00,Asia/Bangkok,88.03857456140355,73.93162393162393,64.33333333333333,23.46266377192982
330,2021-02-25 08:00:00,Asia/Bangkok,89.19990191304348,82.35344827586206,71.26724137931035,23.79382382608697
331,2021-02-25 09:00:00,Asia/Bangkok,85.70955136363642,58.91379310344828,47.74137931034483,25.87023654545454
332,2021-02-25 10:00:00,Asia/Bangkok,76.46091467889904,54.97413793103448,45.13793103448276,28.67474240740741
333,2021-02-25 11:00:00,Asia/Bangkok,66.34208396551723,54.24786324786325,44.50427350427351,31.69610137931036
334,2021-02-25 12:00:00,Asia/Bangkok,58.03498043103447,51.0,42.35344827586207,33.33893077586207
335,2021-02-25 13:00:00,Asia/Bangkok,52.12823184210529,44.75,37.99137931034483,34.87468859649121
336,2021-02-25 14:00:00,Asia/Bangkok,47.53819608695653,47.22413793103448,40.72413793103448,36.70713939130433
337,2021-02-25 15:00:00,Asia/Bangkok,47.46006821428573,47.41379310344828,40.85217391304348,36.79136071428571
338,2021-02-25 16:00:00,Asia/Bangkok,53.89564849557522,42.62068965517241,36.43103448275862,35.52509123893805
339,2021-02-25 17:00:00,Asia/Bangkok,58.15185373913043,44.0,37.26724137931034,33.84728834782609
340,2021-02-25 18:00:00,Asia/Bangkok,62.5828083478261,45.28448275862069,38.12931034482759,32.24678382608695
341,2021-02-25 19:00:00,Asia/Bangkok,66.47947614035088,46.31623931623932,38.85470085470085,31.02050477876109
342,2021-02-25 20:00:00,Asia/Bangkok,71.79382318181818,67.18103448275862,57.42241379310344,29.72643381818181
343,2021-02-25 21:00:00,Asia/Bangkok,76.79949371681415,97.01724137931035,87.8103448275862,28.67250539823008
344,2021-02-25 22:00:00,Asia/Bangkok,80.64363642201837,75.51304347826087,65.12173913043478,27.66589623853211
345,2021-02-25 23:00:00,Asia/Bangkok,81.85967901785709,97.84615384615384,90.94017094017094,27.17002410714287
346,2021-02-26 00:00:00,Asia/Bangkok,83.16570601769912,70.6086956521739,59.46086956521739,26.38504991150443
347,2021-02-26 01:00:00,Asia/Bangkok,83.63932931034485,70.6896551724138,59.73275862068966,25.89515948275864
348,2021-02-26 02:00:00,Asia/Bangkok,85.17428121739133,68.81896551724138,56.47413793103448,25.27869815789475
349,2021-02-26 03:00:00,Asia/Bangkok,84.87521778761065,65.93913043478261,53.39130434782609,24.91008185840707
350,2021-02-26 04:00:00,Asia/Bangkok,85.13453982300885,64.80172413793103,53.96551724137931,24.34135194690267
351,2021-02-26 05:00:00,Asia/Bangkok,83.16726459459457,50.52173913043478,41.98260869565217,24.18338486486488
352,2021-02-26 06:00:00,Asia/Bangkok,84.63761285714284,52.26724137931034,43.30172413793103,23.57518892857145
353,2021-02-26 07:00:00,Asia/Bangkok,83.27350826086958,54.76086956521739,45.23913043478261,23.77055322580644
354,2021-02-26 08:00:00,Asia/Bangkok,86.87830972727272,74.96551724137932,64.87931034482759,23.37333236363639
355,2021-02-26 09:00:00,Asia/Bangkok,80.44319473684212,56.12931034482759,46.44827586206897,25.69135807017544
356,2021-02-26 10:00:00,Asia/Bangkok,59.85928982142859,35.90434782608695,32.33913043478261,29.90885062499999
357,2021-02-26 11:00:00,Asia/Bangkok,50.3009548695652,31.69565217391304,29.82758620689655,32.28937456896552
358,2021-02-26 12:00:00,Asia/Bangkok,40.82124095652174,26.42241379310345,24.95689655172414,34.41216634782608
359,2021-02-26 13:00:00,Asia/Bangkok,33.27283333333336,24.03448275862069,22.87068965517241,36.51046432432433
360,2021-02-26 14:00:00,Asia/Bangkok,32.08036860869566,23.4051724137931,22.37931034482759,36.47080426086954
361,2021-02-26 15:00:00,Asia/Bangkok,29.40878070796461,20.99137931034483,20.17241379310345,37.02586088495575
362,2021-02-26 16:00:00,Asia/Bangkok,27.47506008771929,19.38793103448276,18.53448275862069,37.8206931578947
363,2021-02-26 17:00:00,Asia/Bangkok,32.62912956140351,37.8974358974359,33.29059829059829,36.68629491228069
364,2021-02-26 18:00:00,Asia/Bangkok,59.85753734513273,37.91150442477876,33.58407079646017,32.29238071428568
365,2021-02-26 19:00:00,Asia/Bangkok,66.18338618181821,53.375,45.38392857142857,30.9738413636364
366,2021-02-26 20:00:00,Asia/Bangkok,72.03600929824563,90.87931034482759,79.99137931034483,29.60388219298247
367,2021-02-26 21:00:00,Asia/Bangkok,77.01488805309738,73.06896551724138,63.54310344827586,28.35262044642857
368,2021-02-26 22:00:00,Asia/Bangkok,79.30883473684213,74.14655172413794,65.25,27.78227298245614
369,2021-02-26 23:00:00,Asia/Bangkok,81.45627752212388,74.62608695652175,65.30434782608695,26.83210610619469
370,2021-02-27 00:00:00,Asia/Bangkok,81.86392910714287,60.2695652173913,48.87826086956522,26.35142544642858
371,2021-02-27 01:00:00,Asia/Bangkok,82.49515929203534,53.82758620689656,44.37391304347826,25.94517875000001
372,2021-02-27 02:00:00,Asia/Bangkok,83.35305513043473,50.37391304347826,41.49137931034483,25.79007252173914
373,2021-02-27 03:00:00,Asia/Bangkok,85.16563913793105,50.56410256410256,41.78632478632478,25.15174767241379
374,2021-02-27 04:00:00,Asia/Bangkok,85.29914601769912,46.82758620689656,39.39655172413793,25.00598464285715
375,2021-02-27 05:00:00,Asia/Bangkok,85.3874507207207,47.46551724137931,39.80172413793103,24.87692225225225
376,2021-02-27 06:00:00,Asia/Bangkok,86.08615945454545,49.73451327433628,41.65486725663717,24.61282500000003
377,2021-02-27 07:00:00,Asia/Bangkok,85.80657176991153,49.82758620689656,41.54310344827586,24.26802300884956
378,2021-02-27 08:00:00,Asia/Bangkok,88.32036716814156,58.26724137931034,47.49137931034483,24.19462380530973
379,2021-02-27 09:00:00,Asia/Bangkok,81.09110034782611,49.53448275862069,41.18965517241379,26.66401368421053
380,2021-02-27 10:00:00,Asia/Bangkok,66.71738307017542,43.37931034482759,36.71551724137931,30.19404631578947
381,2021-02-27 11:00:00,Asia/Bangkok,58.88167313043475,39.76106194690266,34.67256637168141,31.93349626086958
382,2021-02-27 12:00:00,Asia/Bangkok,52.9342831578947,36.6,32.80869565217391,33.69885429824561
383,2021-02-27 13:00:00,Asia/Bangkok,46.84822191304348,34.37068965517241,31.3448275862069,35.01884234782609
384,2021-02-27 14:00:00,Asia/Bangkok,39.69931745614036,29.68965517241379,28.2,36.08570535087719
385,2021-02-27 15:00:00,Asia/Bangkok,35.32850991304346,25.25,24.37606837606837,37.12796026086958
386,2021-02-27 16:00:00,Asia/Bangkok,47.24022765765763,31.54310344827586,29.22413793103448,35.94202117117117
387,2021-02-27 17:00:00,Asia/Bangkok,57.16471521739129,37.87068965517241,33.43965517241379,33.94855333333332
388,2021-02-27 18:00:00,Asia/Bangkok,62.43851130434781,45.4051724137931,38.26724137931034,32.18165156521737
389,2021-02-27 19:00:00,Asia/Bangkok,67.01422132743363,56.89655172413793,46.68103448275862,30.76755196428571
390,2021-02-27 20:00:00,Asia/Bangkok,70.41639260869562,74.88888888888889,64.98290598290598,30.19840939130434
391,2021-02-27 21:00:00,Asia/Bangkok,74.56438719298245,70.75652173913043,59.02608695652174,29.21024026315792
392,2021-02-27 22:00:00,Asia/Bangkok,77.96197730434784,77.57522123893806,67.78947368421052,28.28171692982455
393,2021-02-27 23:00:00,Asia/Bangkok,78.08686182608693,69.87068965517241,58.13793103448276,27.7686455652174
394,2021-02-28 00:00:00,Asia/Bangkok,80.8444513157895,71.74782608695652,61.15652173913043,26.845105
395,2021-02-28 01:00:00,Asia/Bangkok,82.99014286956525,71.92173913043479,61.12173913043478,26.0056468695652
396,2021-02-28 02:00:00,Asia/Bangkok,84.05136391304347,71.47008547008546,60.7008547008547,25.65151860869566
397,2021-02-28 03:00:00,Asia/Bangkok,85.12433247787611,73.5,63.94827586206897,25.22589026548674
398,2021-02-28 04:00:00,Asia/Bangkok,85.67858319672129,73.31147540983606,63.72357723577236,24.81447409836063
399,2021-02-28 05:00:00,Asia/Bangkok,86.59599839622642,67.0,55.05504587155963,24.36987924528302
400,2021-02-28 06:00:00,Asia/Bangkok,87.54295999999995,61.07692307692308,49.4017094017094,23.8811756521739
401,2021-02-28 07:00:00,Asia/Bangkok,87.83502719298247,66.92241379310344,55.21551724137931,23.62437734513275
402,2021-02-28 08:00:00,Asia/Bangkok,88.28941105263158,65.88793103448276,53.47413793103448,24.18383833333334
403,2021-02-28 09:00:00,Asia/Bangkok,85.02313678260873,60.06034482758621,48.69827586206897,26.312874
404,2021-02-28 10:00:00,Asia/Bangkok,72.76146763157894,54.7948717948718,44.96581196581197,29.72830789473684
405,2021-02-28 11:00:00,Asia/Bangkok,66.91438071428571,48.87826086956522,41.00869565217391,31.31215090090091
406,2021-02-28 12:00:00,Asia/Bangkok,60.56234274336283,42.0,36.08547008547009,33.42305142857143
407,2021-02-28 13:00:00,Asia/Bangkok,55.3221914159292,31.83478260869565,29.66086956521739,34.45312920353982
408,2021-02-28 14:00:00,Asia/Bangkok,50.47680495652175,27.38793103448276,26.42241379310345,35.66037570175438
409,2021-02-28 15:00:00,Asia/Bangkok,56.0823192173913,46.11206896551724,40.9051724137931,35.47388939130435
410,2021-02-28 16:00:00,Asia/Bangkok,61.81380660869562,47.74137931034483,41.55172413793103,34.44966157894736
411,2021-02-28 17:00:00,Asia/Bangkok,65.05430544642861,72.05172413793103,61.73913043478261,33.15916571428573
412,2021-02-28 18:00:00,Asia/Bangkok,67.82450954954953,39.63793103448276,35.3448275862069,31.62713018018017
413,2021-02-28 19:00:00,Asia/Bangkok,71.01887734513272,35.87931034482759,31.36206896551724,30.42171115044249
414,2021-02-28 20:00:00,Asia/Bangkok,76.30978008771929,65.32173913043478,53.89565217391304,29.34228271929826
415,2021-02-28 21:00:00,Asia/Bangkok,79.96375905172417,68.77586206896552,58.77586206896552,28.5711054310345
416,2021-02-28 22:00:00,Asia/Bangkok,82.65077548672566,73.55652173913043,63.7304347826087,27.9175122123894
417,2021-02-28 23:00:00,Asia/Bangkok,84.83169548672569,76.71551724137932,68.22413793103448,27.25753690265486
418,2021-03-01 00:00:00,Asia/Bangkok,85.43977283185842,67.49565217391304,55.37391304347826,27.1505575221239
419,2021-03-01 01:00:00,Asia/Bangkok,87.12398669642859,74.87931034482759,66.13793103448276,26.60572991071429
420,2021-03-01 02:00:00,Asia/Bangkok,87.10738150442474,63.6551724137931,52.75,26.61125176991153
421,2021-03-01 03:00:00,Asia/Bangkok,87.09433254385965,56.71551724137931,46.14655172413793,26.34596247787614
422,2021-03-01 04:00:00,Asia/Bangkok,87.75239964912281,57.50434782608696,46.62608695652174,25.8332396460177
423,2021-03-01 05:00:00,Asia/Bangkok,88.42075910714286,55.63247863247863,45.42735042735043,25.60349812500001
424,2021-03-01 06:00:00,Asia/Bangkok,88.20837824561401,55.57522123893806,45.4424778761062,25.38007640350878
425,2021-03-01 07:00:00,Asia/Bangkok,88.98639573913043,94.55172413793103,81.25,24.92005052173915
426,2021-03-01 08:00:00,Asia/Bangkok,89.89852780701754,56.87931034482759,46.31896551724138,25.30493333333334
427,2021-03-01 09:00:00,Asia/Bangkok,87.94517053097343,98.31896551724138,83.33043478260869,26.84441840707963
428,2021-03-01 10:00:00,Asia/Bangkok,79.20443232142857,38.6695652173913,34.34782608695652,29.16206455357144
429,2021-03-01 11:00:00,Asia/Bangkok,69.74499513043479,30.55172413793104,28.93103448275862,31.19160991304346
430,2021-03-01 12:00:00,Asia/Bangkok,62.26364256637167,27.34782608695652,26.27586206896552,32.78010911504425
431,2021-03-01 13:00:00,Asia/Bangkok,57.6372610526316,26.12931034482759,25.14655172413793,33.92606701754387
432,2021-03-01 14:00:00,Asia/Bangkok,56.26729203539825,25.2,24.10434782608696,34.56750486725664
433,2021-03-01 15:00:00,Asia/Bangkok,56.85151396396394,26.83620689655172,25.57758620689655,34.36118684684686
434,2021-03-01 16:00:00,Asia/Bangkok,56.776587,26.1025641025641,24.73504273504274,34.03571390909092
435,2021-03-01 17:00:00,Asia/Bangkok,58.3992351754386,24.36206896551724,23.33620689655172,32.9121851754386
436,2021-03-01 18:00:00,Asia/Bangkok,62.46869205357147,27.88695652173913,26.42608695652174,31.77474468468467
437,2021-03-01 19:00:00,Asia/Bangkok,68.28327194690262,32.44827586206897,30.12068965517241,30.23679964285715
438,2021-03-01 20:00:00,Asia/Bangkok,74.2155863157895,44.36206896551724,37.47413793103448,29.05781230088496
439,2021-03-01 21:00:00,Asia/Bangkok,77.79454912280701,62.11304347826087,50.66086956521739,28.20479184210523
440,2021-03-01 22:00:00,Asia/Bangkok,80.85358353448274,57.45689655172414,47.71551724137931,27.50893612068967
441,2021-03-01 23:00:00,Asia/Bangkok,81.76269876106197,58.7280701754386,47.65486725663717,27.22558884955752
442,2021-03-02 00:00:00,Asia/Bangkok,83.78159535714285,68.36206896551724,56.31623931623932,26.38959598214284
443,2021-03-02 01:00:00,Asia/Bangkok,85.55088660869565,65.93103448275862,52.93103448275862,25.95459649122807
444,2021-03-02 02:00:00,Asia/Bangkok,87.11641357798162,58.64655172413793,47.6551724137931,25.71533357798166
445,2021-03-02 03:00:00,Asia/Bangkok,86.85716620689655,57.14655172413793,46.42241379310344,25.71143939655172
446,2021-03-02 04:00:00,Asia/Bangkok,87.19758626086956,57.58974358974359,46.77777777777778,25.43187504347824
447,2021-03-02 05:00:00,Asia/Bangkok,87.53186633928571,56.76724137931034,46.25,25.07195387387388
448,2021-03-02 06:00:00,Asia/Bangkok,88.0640538392857,58.42608695652174,47.40869565217391,24.66203517857144
449,2021-03-02 07:00:00,Asia/Bangkok,88.89801649122808,56.74137931034483,46.23275862068966,24.50673815789476
450,2021-03-02 08:00:00,Asia/Bangkok,89.99247710526315,53.23478260869565,43.68695652173913,24.80872628318584
451,2021-03-02 09:00:00,Asia/Bangkok,87.43864078260866,46.51724137931034,39.04310344827586,26.99961330434781
452,2021-03-02 10:00:00,Asia/Bangkok,77.19076043859648,29.45217391304348,27.11206896551724,29.52192105263158
453,2021-03-02 11:00:00,Asia/Bangkok,71.5057756637168,30.27826086956522,27.47826086956522,30.73702353982301
454,2021-03-02 12:00:00,Asia/Bangkok,65.9149801818182,45.10526315789474,40.44736842105263,32.00460864864864
455,2021-03-02 13:00:00,Asia/Bangkok,59.20971666666668,22.56034482758621,21.16379310344828,33.58379605263156
456,2021-03-02 14:00:00,Asia/Bangkok,57.09250626086957,22.29565217391304,20.72173913043478,34.01189617391304
457,2021-03-02 15:00:00,Asia/Bangkok,54.65940842105264,17.65789473684211,16.53508771929825,34.47734807017542
458,2021-03-02 16:00:00,Asia/Bangkok,55.04377137614676,21.00877192982456,19.84210526315789,33.94276146788991
459,2021-03-02 17:00:00,Asia/Bangkok,57.24686431034485,24.81896551724138,23.8448275862069,33.22556643478261
460,2021-03-02 18:00:00,Asia/Bangkok,62.80159783783783,41.91304347826087,36.41739130434782,31.74563459459458
461,2021-03-02 19:00:00,Asia/Bangkok,69.63320508620691,24.22413793103448,22.60344827586207,29.87201456896551
462,2021-03-02 20:00:00,Asia/Bangkok,73.22994478260871,51.92173913043478,42.20689655172414,29.35191513043478
463,2021-03-02 21:00:00,Asia/Bangkok,77.39192495412846,56.06086956521739,45.72173913043478,28.4087600917431
464,2021-03-02 22:00:00,Asia/Bangkok,79.87864353982299,60.41228070175438,49.03508771929825,28.01879442477875
465,2021-03-02 23:00:00,Asia/Bangkok,81.4269477876106,52.64655172413793,43.23275862068966,27.50585584070796
466,2021-03-03 00:00:00,Asia/Bangkok,82.09494324561405,48.00854700854701,40.03448275862069,27.08831245614035
467,2021-03-03 01:00:00,Asia/Bangkok,82.15628815789474,49.56034482758621,41.28448275862069,26.80957219298246
468,2021-03-03 02:00:00,Asia/Bangkok,83.71019166666663,45.27586206896552,38.12068965517241,26.2569356521739
469,2021-03-03 03:00:00,Asia/Bangkok,85.14591286956522,44.60344827586207,37.58620689655172,25.80625491228071
470,2021-03-03 04:00:00,Asia/Bangkok,86.56541278260868,51.76724137931034,43.05172413793103,25.54932391304346
471,2021-03-03 05:00:00,Asia/Bangkok,87.11277780701755,53.69026548672566,44.02654867256637,25.38651982456139
472,2021-03-03 06:00:00,Asia/Bangkok,87.24060654867259,50.17094017094017,41.63247863247863,25.11983221238937
473,2021-03-03 07:00:00,Asia/Bangkok,88.84362539130433,52.38260869565217,42.95652173913044,24.6631405217391
474,2021-03-03 08:00:00,Asia/Bangkok,90.57019625000002,68.33333333333333,58.83333333333334,25.07035767857142
475,2021-03-03 09:00:00,Asia/Bangkok,84.71227414414415,36.8448275862069,31.96551724137931,27.44898144144143
476,2021-03-03 10:00:00,Asia/Bangkok,76.33072313043482,19.95689655172414,18.23275862068965,29.6806907826087
477,2021-03-03 11:00:00,Asia/Bangkok,71.82128637168144,14.74358974358974,13.90598290598291,30.8128582300885
478,2021-03-03 12:00:00,Asia/Bangkok,66.04589513274337,9.60344827586207,9.043103448275861,32.21161035398232
479,2021-03-03 13:00:00,Asia/Bangkok,61.78776824561403,7.879310344827586,7.208695652173913,33.24681868421052
480,2021-03-03 14:00:00,Asia/Bangkok,60.7543631858407,6.973684210526316,6.356521739130435,34.28024415929203
481,2021-03-03 15:00:00,Asia/Bangkok,62.96713035087721,6.603448275862069,6.017241379310345,33.57922903508772
482,2021-03-03 16:00:00,Asia/Bangkok,61.3211884955752,6.104347826086957,5.678260869565217,33.28562929203541
483,2021-03-03 17:00:00,Asia/Bangkok,65.46789147826087,8.826086956521738,8.052173913043479,32.2340600877193
484,2021-03-03 18:00:00,Asia/Bangkok,70.42877936363637,10.30701754385965,9.570175438596491,31.19453318181818
485,2021-03-03 19:00:00,Asia/Bangkok,72.76640669642855,18.37391304347826,17.26086956521739,30.29488008928571
486,2021-03-03 20:00:00,Asia/Bangkok,76.21305600000005,47.01709401709402,38.71794871794872,29.63406608695653
487,2021-03-03 21:00:00,Asia/Bangkok,79.04188122807017,54.45689655172414,44.22413793103448,29.00970956140354
488,2021-03-03 22:00:00,Asia/Bangkok,81.46538833333332,41.39655172413793,35.26724137931034,28.59468605263159
489,2021-03-03 23:00:00,Asia/Bangkok,82.06222938596493,41.05172413793103,35.12068965517241,28.44528622807019
490,2021-03-04 00:00:00,Asia/Bangkok,86.05567880341879,42.34188034188034,36.08547008547009,27.96125801724137
491,2021-03-04 01:00:00,Asia/Bangkok,86.31317115044247,36.37931034482759,32.57758620689656,27.46965398230085
492,2021-03-04 02:00:00,Asia/Bangkok,87.09520547826092,33.30172413793103,30.64655172413793,27.13405530434781
493,2021-03-04 03:00:00,Asia/Bangkok,86.8802369298245,38.81896551724138,33.61206896551724,27.05221736842106
494,2021-03-04 04:00:00,Asia/Bangkok,87.15242893805309,38.52586206896552,33.78448275862069,26.93915575221238
495,2021-03-04 05:00:00,Asia/Bangkok,89.81195043478263,33.70689655172414,29.8448275862069,26.49085643478261
496,2021-03-04 06:00:00,Asia/Bangkok,91.5834962608696,59.14782608695652,53.82758620689656,26.34200622807014
497,2021-03-04 07:00:00,Asia/Bangkok,91.54057156521742,91.34188034188034,77.62393162393163,26.24486008695653
498,2021-03-04 08:00:00,Asia/Bangkok,91.42515289473687,31.31034482758621,28.46551724137931,26.63178385964913
499,2021-03-04 09:00:00,Asia/Bangkok,88.36711548672565,25.3448275862069,23.75862068965517,27.95647973451328
500,2021-03-04 10:00:00,Asia/Bangkok,79.39916964912285,24.16239316239316,21.62931034482759,29.7599307017544
501,2021-03-04 11:00:00,Asia/Bangkok,72.722673125,27.37931034482759,25.02564102564103,31.24196330357142
502,2021-03-04 12:00:00,Asia/Bangkok,67.18284582608693,14.8448275862069,13.60344827586207,32.44620139130435
503,2021-03-04 13:00:00,Asia/Bangkok,64.73960250000003,13.86206896551724,12.86206896551724,32.71116342342344
504,2021-03-04 14:00:00,Asia/Bangkok,64.25248369369369,31.45217391304348,28.12173913043478,32.76281477477479
505,2021-03-04 15:00:00,Asia/Bangkok,64.52930561403508,18.46153846153846,17.08547008547009,32.90651447368422
506,2021-03-04 16:00:00,Asia/Bangkok,63.13713362831857,14.93103448275862,13.8448275862069,33.04402371681417
507,2021-03-04 17:00:00,Asia/Bangkok,67.18250353982299,55.41592920353983,48.58407079646017,32.0999792920354
508,2021-03-04 18:00:00,Asia/Bangkok,69.67676782608693,39.85470085470085,33.7948717948718,30.98541199999999
509,2021-03-04 19:00:00,Asia/Bangkok,74.86504259259262,38.00869565217391,32.51304347826087,29.70422907407406
510,2021-03-04 20:00:00,Asia/Bangkok,78.43928821428571,49.52586206896552,42.47413793103448,28.87938846846848
511,2021-03-04 21:00:00,Asia/Bangkok,79.7352504273504,78.98290598290598,70.92307692307692,28.77876709401711
512,2021-03-04 22:00:00,Asia/Bangkok,82.41363805309734,74.6896551724138,66.42241379310344,28.06069785714286
513,2021-03-04 23:00:00,Asia/Bangkok,83.21704409090907,51.85217391304348,45.50434782608696,27.8019540909091
514,2021-03-05 00:00:00,Asia/Bangkok,85.09212324561403,38.33620689655172,33.18965517241379,27.0665055263158
515,2021-03-05 01:00:00,Asia/Bangkok,85.01302428571425,27.39130434782609,25.44347826086956,26.83427803571428
516,2021-03-05 02:00:00,Asia/Bangkok,86.34054826086957,23.8,22.25217391304348,26.35067791304349
517,2021-03-05 03:00:00,Asia/Bangkok,87.53402245614036,25.34782608695652,23.40869565217391,25.9491145614035
518,2021-03-05 04:00:00,Asia/Bangkok,87.30276622807017,24.10344827586207,22.61206896551724,25.8459342982456
519,2021-03-05 05:00:00,Asia/Bangkok,87.24694482142857,23.04310344827586,21.68103448275862,25.73136267857146
520,2021-03-05 06:00:00,Asia/Bangkok,88.10831750000001,26.12931034482759,24.50862068965517,25.56530187500003
521,2021-03-05 07:00:00,Asia/Bangkok,89.15697946902651,30.28448275862069,27.50862068965517,25.17151539823011
522,2021-03-05 08:00:00,Asia/Bangkok,90.46442646551726,35.80172413793103,31.43103448275862,25.55241431034483
523,2021-03-05 09:00:00,Asia/Bangkok,84.3224201724138,21.27586206896552,19.61206896551724,27.58681353448275
524,2021-03-05 10:00:00,Asia/Bangkok,75.71323333333333,18.91891891891892,17.2972972972973,29.39476583333334
525,2021-03-05 14:00:00,Asia/Bangkok,57.55284495412845,8.216216216216216,7.315315315315315,33.51700100917432
526,2021-03-05 15:00:00,Asia/Bangkok,55.91801052631576,6.646551724137931,5.913793103448276,34.08387368421052
527,2021-03-05 16:00:00,Asia/Bangkok,55.782255,7.0,5.736842105263158,33.75587299999999
528,2021-03-05 18:00:00,Asia/Bangkok,64.62562,9.333333333333334,8.5,30.750822
529,2021-03-05 19:00:00,Asia/Bangkok,66.8304646902655,19.66371681415929,17.38938053097345,30.21018725663715
530,2021-03-05 20:00:00,Asia/Bangkok,73.42216773913044,30.20689655172414,26.07758620689655,28.94618878260868
531,2021-03-05 21:00:00,Asia/Bangkok,77.38791639639639,50.76521739130435,41.46956521739131,27.99649603603603
532,2021-03-05 22:00:00,Asia/Bangkok,78.21404044642854,36.22413793103448,31.71551724137931,27.86676642857143
533,2021-03-05 23:00:00,Asia/Bangkok,80.355684159292,46.11304347826087,38.04347826086956,27.24945805309736
534,2021-03-06 00:00:00,Asia/Bangkok,83.50879939655171,60.36752136752137,48.11965811965812,26.24439767241379
535,2021-03-06 01:00:00,Asia/Bangkok,85.04172798245618,54.0948275862069,43.64655172413793,26.01188849557523
536,2021-03-06 02:00:00,Asia/Bangkok,85.14551578947373,42.81896551724138,36.02586206896552,25.8088543859649
537,2021-03-06 03:00:00,Asia/Bangkok,85.66246256637166,42.55172413793103,35.96551724137931,25.5084524778761
538,2021-03-06 04:00:00,Asia/Bangkok,86.59262008620685,33.96551724137931,30.61206896551724,25.07967284482762
539,2021-03-06 05:00:00,Asia/Bangkok,87.15205044247782,36.88888888888889,32.41025641025641,24.88032778761063
540,2021-03-06 06:00:00,Asia/Bangkok,87.2416156034483,38.27586206896552,33.32758620689656,24.91369551724139
541,2021-03-06 07:00:00,Asia/Bangkok,87.70406754385962,31.2,28.72173913043478,24.77154333333332
542,2021-03-06 08:00:00,Asia/Bangkok,89.68672070175437,46.80172413793103,38.76724137931034,24.85891535087719
543,2021-03-06 09:00:00,Asia/Bangkok,88.11503809523812,24.38095238095238,22.09523809523809,26.16178571428572
544,2021-03-06 10:00:00,Asia/Bangkok,75.33569376344084,61.83870967741935,58.4468085106383,29.57099989247312
545,2021-03-06 11:00:00,Asia/Bangkok,67.12557508771931,20.0695652173913,17.8695652173913,31.57097421052631
546,2021-03-06 12:00:00,Asia/Bangkok,59.9353953043478,8.525862068965518,7.439655172413793,33.31317600000001
547,2021-03-06 13:00:00,Asia/Bangkok,62.23996981981976,7.869565217391305,6.982608695652174,32.44410684684684
548,2021-03-06 14:00:00,Asia/Bangkok,59.26766123893806,5.793103448275862,5.189655172413793,33.57374097345134
549,2021-03-06 15:00:00,Asia/Bangkok,58.52580482456143,6.379310344827586,5.370689655172414,33.77561561403508
550,2021-03-06 16:00:00,Asia/Bangkok,59.02685973913042,6.189655172413793,5.456896551724138,33.50801608695652
551,2021-03-06 17:00:00,Asia/Bangkok,64.53914409090909,6.887931034482759,6.094827586206897,31.9532424770642
552,2021-03-06 18:00:00,Asia/Bangkok,68.81380115044247,8.71551724137931,7.836206896551724,30.75878814159292
553,2021-03-06 19:00:00,Asia/Bangkok,73.16089238938055,37.14782608695652,32.93043478260869,29.35919348214286
554,2021-03-06 20:00:00,Asia/Bangkok,76.91932243478259,27.11111111111111,25.06837606837607,28.68693652173914
555,2021-03-06 21:00:00,Asia/Bangkok,79.11471267241377,48.75,40.36206896551724,28.05471905172413
556,2021-03-06 22:00:00,Asia/Bangkok,81.296050877193,44.32758620689656,37.03448275862069,27.52456219298248
557,2021-03-06 23:00:00,Asia/Bangkok,82.11273773913044,42.87068965517241,35.85344827586207,27.33468034782609
558,2021-03-07 00:00:00,Asia/Bangkok,84.44959789473678,45.03448275862069,37.51724137931034,26.4697603508772
559,2021-03-07 01:00:00,Asia/Bangkok,86.08286362068971,48.22413793103448,39.93965517241379,26.02273517241377
560,2021-03-07 02:00:00,Asia/Bangkok,86.72966539130437,50.64957264957265,41.76068376068376,25.81131817391304
561,2021-03-07 03:00:00,Asia/Bangkok,85.93874389380534,48.46551724137931,39.94827586206897,26.01117982300886
562,2021-03-07 04:00:00,Asia/Bangkok,85.79478274336282,42.92307692307692,36.31034482758621,26.14377300884955
563,2021-03-07 05:00:00,Asia/Bangkok,86.8018167857143,37.5,33.01709401709402,25.97798446428575
564,2021-03-07 06:00:00,Asia/Bangkok,87.26904293103446,32.68965517241379,30.31896551724138,25.92943730434782
565,2021-03-07 07:00:00,Asia/Bangkok,87.11054168141595,31.80172413793104,28.99137931034483,25.80783734513275
566,2021-03-07 08:00:00,Asia/Bangkok,87.91597592920357,47.5982905982906,39.52991452991453,26.05380258928573
567,2021-03-07 09:00:00,Asia/Bangkok,82.75480201754384,20.1551724137931,18.13913043478261,28.18169771929824
568,2021-03-07 10:00:00,Asia/Bangkok,76.0919145689655,10.01724137931035,9.05982905982906,29.93842844827585
569,2021-03-07 11:00:00,Asia/Bangkok,68.65512241071428,9.052631578947368,8.350877192982455,30.99696125
570,2021-03-07 12:00:00,Asia/Bangkok,60.41259484848486,9.594059405940595,8.732673267326733,33.15769262626264
571,2021-03-07 13:00:00,Asia/Bangkok,53.53331939130432,9.25,8.706896551724139,34.30351930434783
572,2021-03-07 14:00:00,Asia/Bangkok,53.34770972477065,13.72173913043478,12.98260869565217,34.65098440366972
573,2021-03-07 15:00:00,Asia/Bangkok,52.18568008771929,17.61538461538462,16.67521367521368,34.72908508771929
574,2021-03-07 16:00:00,Asia/Bangkok,50.38716198113208,16.72173913043478,15.68103448275862,34.31211792452829
575,2021-03-07 17:00:00,Asia/Bangkok,52.65037860869567,13.12931034482759,12.31896551724138,33.25890930434783
576,2021-03-07 18:00:00,Asia/Bangkok,58.12372443478262,14.20689655172414,13.42241379310345,31.91940060869564
577,2021-03-07 19:00:00,Asia/Bangkok,66.26186180180179,13.45614035087719,11.99122807017544,30.50664972972973
578,2021-03-07 20:00:00,Asia/Bangkok,71.6598863963964,33.3304347826087,29.61739130434783,29.43098303571429
579,2021-03-07 21:00:00,Asia/Bangkok,75.4426211304348,48.25,40.63793103448276,28.59108182608693
580,2021-03-07 22:00:00,Asia/Bangkok,79.29802918918915,35.70434782608696,31.65217391304348,27.61901576576576
581,2021-03-07 23:00:00,Asia/Bangkok,80.93544385964908,38.28070175438597,33.32743362831859,27.26687473684208
582,2021-03-08 00:00:00,Asia/Bangkok,81.33201690265486,46.06956521739131,38.29310344827586,26.9949963716814
583,2021-03-08 01:00:00,Asia/Bangkok,82.65485223214284,47.57758620689656,39.47413793103448,26.59024297297299
584,2021-03-08 02:00:00,Asia/Bangkok,84.91979945454547,49.54310344827586,41.02586206896552,25.97310774774774
585,2021-03-08 03:00:00,Asia/Bangkok,83.50397008849556,50.83620689655172,41.95689655172414,26.01980566371682
586,2021-03-08 04:00:00,Asia/Bangkok,84.1544433333333,41.46551724137931,35.75862068965517,25.58309438596488
587,2021-03-08 05:00:00,Asia/Bangkok,84.92253539130435,34.04273504273505,31.02564102564103,24.97540826086955
588,2021-03-08 06:00:00,Asia/Bangkok,86.12586238938057,30.75,28.52586206896552,24.40813300884959
589,2021-03-08 07:00:00,Asia/Bangkok,86.57099345132748,26.97413793103448,25.25,24.21057707964602
590,2021-03-08 08:00:00,Asia/Bangkok,88.01985086956518,39.83620689655172,34.30172413793103,24.47603434782609
591,2021-03-08 09:00:00,Asia/Bangkok,82.62021473684212,23.64347826086956,20.62608695652174,27.11946868421052
592,2021-03-08 10:00:00,Asia/Bangkok,74.87083243478256,13.02586206896552,11.88793103448276,29.5422523478261
593,2021-03-08 11:00:00,Asia/Bangkok,65.50433061403508,9.387931034482758,8.637931034482758,31.43239956140348
594,2021-03-08 12:00:00,Asia/Bangkok,57.91747582608694,6.086206896551724,5.53448275862069,33.03211834782607
595,2021-03-08 13:00:00,Asia/Bangkok,56.36195644230767,5.952830188679245,5.311320754716981,33.3924781372549
596,2021-03-08 14:00:00,Asia/Bangkok,54.79901534653466,5.490196078431373,4.950980392156863,33.31527356435644
597,2021-03-08 15:00:00,Asia/Bangkok,54.37833327433629,6.417391304347826,5.573913043478261,33.62665079646018
598,2021-03-08 16:00:00,Asia/Bangkok,55.92300165217393,8.46551724137931,7.75,33.47355695652173
599,2021-03-08 17:00:00,Asia/Bangkok,57.97337517543862,7.078260869565217,6.382608695652173,32.16186754385963
600,2021-03-08 18:00:00,Asia/Bangkok,61.03074741071428,7.131578947368421,6.421052631578948,30.89360648648649
601,2021-03-08 19:00:00,Asia/Bangkok,65.0492635652174,13.33913043478261,11.89565217391304,30.00438069565217
602,2021-03-08 20:00:00,Asia/Bangkok,71.3275083035714,25.45689655172414,23.46551724137931,28.66731589285712
603,2021-03-08 21:00:00,Asia/Bangkok,75.62620535714287,46.18103448275862,38.55172413793103,27.99789758928573
604,2021-03-08 22:00:00,Asia/Bangkok,78.2909078761062,46.63793103448276,38.60344827586207,27.4617138053097
605,2021-03-08 23:00:00,Asia/Bangkok,80.48001185840707,39.63247863247863,34.11965811965812,26.95302654867257
606,2021-03-09 00:00:00,Asia/Bangkok,81.71698614035088,43.3448275862069,36.56896551724138,26.50000175438597
607,2021-03-09 01:00:00,Asia/Bangkok,82.24841719298244,53.82758620689656,43.73275862068966,26.05122166666667
608,2021-03-09 02:00:00,Asia/Bangkok,83.8104594736842,51.78448275862069,42.43103448275862,25.48722026315791
609,2021-03-09 03:00:00,Asia/Bangkok,84.56551482456143,47.35042735042735,39.31896551724138,25.10934184210529
610,2021-03-09 04:00:00,Asia/Bangkok,85.43604617391306,42.36206896551724,35.87179487179487,24.87458252173917
611,2021-03-09 05:00:00,Asia/Bangkok,86.09247547826087,39.68103448275862,34.0948275862069,24.41420095652176
612,2021-03-09 06:00:00,Asia/Bangkok,86.49538104347825,38.10344827586207,33.33620689655172,24.27371852173915
613,2021-03-09 07:00:00,Asia/Bangkok,87.30300669565217,53.94871794871795,43.81196581196581,23.99876710526317
614,2021-03-09 08:00:00,Asia/Bangkok,88.62302132743363,60.03478260869565,47.90434782608695,24.56124622807018
615,2021-03-09 09:00:00,Asia/Bangkok,82.10713324324321,38.62931034482759,33.75,27.25963354545455
616,2021-03-09 10:00:00,Asia/Bangkok,70.4083625,19.83333333333333,18.56521739130435,29.82617416666666
617,2021-03-09 11:00:00,Asia/Bangkok,63.5189040350877,17.24137931034483,16.27586206896552,31.12264342105262
618,2021-03-09 12:00:00,Asia/Bangkok,59.65417398230089,19.23008849557522,17.79646017699115,32.40859245614037
619,2021-03-09 13:00:00,Asia/Bangkok,57.77781407079646,18.55172413793104,17.36206896551724,32.93497901785714
620,2021-03-09 14:00:00,Asia/Bangkok,57.00211557522124,18.24137931034483,17.21551724137931,33.53165415929205
621,2021-03-09 15:00:00,Asia/Bangkok,55.87256893805309,17.20689655172414,16.31034482758621,33.7004038938053
622,2021-03-09 16:00:00,Asia/Bangkok,57.13203973684211,17.17241379310345,16.03448275862069,33.2421343859649
623,2021-03-09 17:00:00,Asia/Bangkok,58.71437276785713,17.56034482758621,16.25,32.53356794642859
624,2021-03-09 18:00:00,Asia/Bangkok,63.51279153153151,22.35652173913044,20.7304347826087,31.16764342342343
625,2021-03-09 19:00:00,Asia/Bangkok,67.86066575221238,86.2695652173913,72.78947368421052,30.15876956140352
626,2021-03-09 20:00:00,Asia/Bangkok,73.0409886842105,36.27586206896552,31.82758620689655,29.05470719298244
627,2021-03-09 21:00:00,Asia/Bangkok,75.87759857142854,44.04310344827586,36.93103448275862,28.55692741071426
628,2021-03-09 22:00:00,Asia/Bangkok,78.80751441441444,47.50427350427351,39.07692307692308,27.75402360360361
629,2021-03-09 23:00:00,Asia/Bangkok,81.24153008849557,47.34782608695652,39.06086956521739,27.1222496460177
630,2021-03-10 00:00:00,Asia/Bangkok,83.12537612068967,53.83760683760683,43.94017094017094,26.69849267241379
631,2021-03-10 01:00:00,Asia/Bangkok,84.3492510526315,56.43103448275862,45.44827586206897,26.30464271929824
632,2021-03-10 02:00:00,Asia/Bangkok,84.82881219298241,54.24347826086957,44.24347826086957,25.94168903508771
633,2021-03-10 03:00:00,Asia/Bangkok,85.10861342105262,49.40869565217391,40.94782608695652,25.63572894736846
634,2021-03-10 04:00:00,Asia/Bangkok,86.18438827586209,47.07758620689656,39.14655172413793,25.10895284482762
635,2021-03-10 05:00:00,Asia/Bangkok,86.47096201754388,45.36206896551724,37.87931034482759,24.84242543859648
636,2021-03-10 06:00:00,Asia/Bangkok,87.35091333333337,42.96551724137931,36.16379310344828,24.61457256637171
637,2021-03-10 07:00:00,Asia/Bangkok,87.37491368421054,38.86206896551724,33.63793103448276,24.478325877193
638,2021-03-10 08:00:00,Asia/Bangkok,88.37426318181818,44.27586206896552,36.99137931034483,24.67669518181819
639,2021-03-10 09:00:00,Asia/Bangkok,84.26463147826084,34.97413793103448,30.35344827586207,26.90680121739131
640,2021-03-10 10:00:00,Asia/Bangkok,73.6882844347826,32.36752136752137,28.75213675213675,29.50760782608695
641,2021-03-10 11:00:00,Asia/Bangkok,67.3597747368421,50.55172413793103,42.77586206896552,31.08926333333333
642,2021-03-10 12:00:00,Asia/Bangkok,62.4371575652174,25.91379310344828,23.71551724137931,32.65231991228069
643,2021-03-10 13:00:00,Asia/Bangkok,57.73206380530975,24.12068965517241,22.46551724137931,33.73436221238938
644,2021-03-10 14:00:00,Asia/Bangkok,56.28552965217389,24.83620689655172,23.62068965517241,34.07835260869566
645,2021-03-10 15:00:00,Asia/Bangkok,57.3004425,24.78448275862069,23.43965517241379,33.56501189655172
646,2021-03-10 16:00:00,Asia/Bangkok,58.0201957017544,22.21739130434782,21.06086956521739,33.03668342105265
647,2021-03-10 17:00:00,Asia/Bangkok,59.01584749999999,17.20689655172414,15.87931034482759,32.18380392857141
648,2021-03-10 18:00:00,Asia/Bangkok,62.68616289473685,17.74137931034483,16.2695652173913,31.14081947368421
649,2021-03-10 19:00:00,Asia/Bangkok,66.91816567567568,20.87719298245614,18.98245614035088,30.00927018181816
650,2021-03-10 20:00:00,Asia/Bangkok,71.53603681415926,37.45689655172414,32.79310344827586,29.02792982142859
651,2021-03-10 21:00:00,Asia/Bangkok,74.25834930434782,45.48275862068966,37.77586206896552,28.34362578947366
652,2021-03-10 22:00:00,Asia/Bangkok,78.0884956521739,43.50427350427351,36.35897435897436,27.46959191304348
653,2021-03-10 23:00:00,Asia/Bangkok,78.29159963636366,63.53913043478261,51.02608695652174,27.47760454545455
654,2021-03-11 00:00:00,Asia/Bangkok,80.15275414414417,54.12389380530973,44.80530973451327,26.92761783783783
655,2021-03-11 01:00:00,Asia/Bangkok,82.70902427184465,50.94545454545455,41.73636363636363,26.19654333333332
656,2021-03-11 02:00:00,Asia/Bangkok,83.72519920353984,62.54310344827586,51.17241379310344,25.90914247787613
657,2021-03-11 03:00:00,Asia/Bangkok,84.02487928571425,56.81896551724138,45.66379310344828,25.6266957142857
658,2021-03-11 04:00:00,Asia/Bangkok,85.0938873043478,60.67241379310344,49.24137931034483,25.24037582608694
659,2021-03-11 05:00:00,Asia/Bangkok,84.47739339285714,62.21052631578947,50.21929824561403,25.20609125000001
660,2021-03-11 06:00:00,Asia/Bangkok,84.84024359649125,55.68103448275862,44.96551724137931,24.98821692982456
661,2021-03-11 07:00:00,Asia/Bangkok,86.85813929824567,77.28205128205128,64.88034188034187,24.71975298245613
662,2021-03-11 08:00:00,Asia/Bangkok,88.2533888495575,47.77586206896552,39.31034482758621,25.34473401785715
663,2021-03-11 09:00:00,Asia/Bangkok,80.99442911504426,25.66086956521739,22.35652173913044,28.09027964601771
664,2021-03-11 10:00:00,Asia/Bangkok,70.8286738392857,13.6551724137931,12.24137931034483,30.30491848214288
665,2021-03-11 11:00:00,Asia/Bangkok,64.46100210526313,10.72413793103448,9.817391304347826,31.58348438596491
666,2021-03-11 12:00:00,Asia/Bangkok,61.17670232142855,10.33913043478261,9.362068965517242,32.24333625000001
667,2021-03-11 13:00:00,Asia/Bangkok,57.58761552631579,9.965217391304348,9.08695652173913,33.70147842105264
668,2021-03-11 14:00:00,Asia/Bangkok,56.50281817391303,10.81739130434783,9.88695652173913,33.88383922413794
669,2021-03-11 15:00:00,Asia/Bangkok,55.98519234782609,10.67241379310345,9.637931034482758,33.88829619469026
670,2021-03-11 16:00:00,Asia/Bangkok,57.96613598214286,11.22608695652174,10.30434782608696,33.27811482142857
671,2021-03-11 17:00:00,Asia/Bangkok,60.27283145454547,11.83478260869565,10.58260869565217,32.58926836363634
672,2021-03-11 18:00:00,Asia/Bangkok,63.78523581818183,21.62068965517241,19.31034482758621,31.6597500917431
673,2021-03-11 19:00:00,Asia/Bangkok,68.9530132142857,19.51304347826087,17.87826086956522,30.25713866071428
674,2021-03-11 20:00:00,Asia/Bangkok,73.98426438596489,33.32758620689656,29.33620689655172,29.54016824561402
675,2021-03-11 21:00:00,Asia/Bangkok,77.12534020408162,34.46464646464646,30.25,28.77015091836735
676,2021-03-11 22:00:00,Asia/Bangkok,79.62391225225231,58.10526315789474,47.81739130434783,28.22147360360361
677,2021-03-11 23:00:00,Asia/Bangkok,81.85720756521738,54.37931034482759,43.25862068965517,27.63046165217391
678,2021-03-12 00:00:00,Asia/Bangkok,82.04520403508768,39.96551724137931,33.75,27.40100166666665
679,2021-03-12 01:00:00,Asia/Bangkok,84.12240725663715,43.06086956521739,36.05217391304348,26.83767868421052
680,2021-03-12 02:00:00,Asia/Bangkok,85.26286500000002,61.54700854700855,53.2051282051282,26.30622243243243
681,2021-03-12 03:00:00,Asia/Bangkok,85.86450063636364,39.44347826086957,33.8695652173913,25.96589990825688
682,2021-03-12 04:00:00,Asia/Bangkok,86.22273981981985,34.68965517241379,31.18965517241379,25.84625091743119
683,2021-03-12 05:00:00,Asia/Bangkok,85.64411963963964,33.55172413793103,30.39655172413793,25.87844172727272
684,2021-03-12 06:00:00,Asia/Bangkok,87.4064299107143,34.71551724137931,31.00862068965517,25.2507227027027
685,2021-03-12 07:00:00,Asia/Bangkok,88.52672929824557,40.06896551724138,34.05172413793103,25.008175
686,2021-03-12 08:00:00,Asia/Bangkok,89.87474558558556,53.80172413793103,44.24137931034483,25.53057792792793
687,2021-03-12 09:00:00,Asia/Bangkok,83.79454403508771,30.68103448275862,26.45689655172414,27.87271210526317
688,2021-03-12 10:00:00,Asia/Bangkok,75.33469356521736,15.31623931623932,13.73504273504273,29.92099640350878
689,2021-03-12 11:00:00,Asia/Bangkok,69.89208018018019,13.27586206896552,11.89655172413793,31.14541414414414
690,2021-03-12 12:00:00,Asia/Bangkok,64.2207957142857,13.52173913043478,12.01739130434783,32.65778714285714
691,2021-03-12 13:00:00,Asia/Bangkok,63.99635094827589,14.74137931034483,13.22413793103448,32.81138634782608
692,2021-03-12 14:00:00,Asia/Bangkok,58.66714633027522,13.31818181818182,12.11818181818182,33.85694357798166
693,2021-03-12 16:00:00,Asia/Bangkok,60.74916348214288,13.75438596491228,12.33333333333333,33.4183557142857
694,2021-03-12 17:00:00,Asia/Bangkok,61.15480594827585,12.82758620689655,11.69827586206897,32.88598887931033
695,2021-03-12 18:00:00,Asia/Bangkok,64.83578438596491,12.71551724137931,11.29310344827586,31.68966605263158
696,2021-03-12 19:00:00,Asia/Bangkok,70.51207855855857,25.84210526315789,22.49122807017544,30.298820990991
697,2021-03-12 20:00:00,Asia/Bangkok,74.23941114035092,77.43103448275862,66.48275862068965,29.63743356521739
698,2021-03-12 21:00:00,Asia/Bangkok,77.65621362831858,58.18965517241379,48.50862068965517,28.84972459459457
699,2021-03-12 22:00:00,Asia/Bangkok,79.90808368421052,76.59482758620689,68.96551724137932,28.38576371681415
700,2021-03-12 23:00:00,Asia/Bangkok,82.52303113043479,53.21739130434783,43.40869565217391,27.63849478260868
701,2021-03-13 00:00:00,Asia/Bangkok,83.42355125000005,38.09565217391305,32.81739130434783,27.297841875
702,2021-03-13 01:00:00,Asia/Bangkok,84.55443184210526,35.64655172413793,31.44827586206896,26.83593452173914
703,2021-03-13 02:00:00,Asia/Bangkok,85.26803573913048,34.57758620689656,31.02586206896552,26.49854295652174
704,2021-03-13 03:00:00,Asia/Bangkok,85.91936000000001,37.91379310344828,32.91379310344828,26.14290060869565
705,2021-03-13 04:00:00,Asia/Bangkok,86.64588704347827,39.86206896551724,33.98275862068966,25.76309086956519
706,2021-03-13 05:00:00,Asia/Bangkok,87.55289718181818,39.95689655172414,34.29310344827586,25.5121698181818
707,2021-03-13 06:00:00,Asia/Bangkok,88.01575217391309,41.31896551724138,34.77586206896552,25.06568991304346
708,2021-03-13 07:00:00,Asia/Bangkok,88.469792,41.57264957264957,34.7948717948718,24.86155608695655
709,2021-03-13 08:00:00,Asia/Bangkok,89.21627473684211,43.71551724137931,36.12931034482759,25.27237412280703
710,2021-03-13 09:00:00,Asia/Bangkok,85.1272060176992,34.66086956521739,29.82608695652174,27.43923973451327
711,2021-03-13 10:00:00,Asia/Bangkok,73.92008271929822,19.3448275862069,17.73275862068965,29.86320640350877
712,2021-03-13 11:00:00,Asia/Bangkok,68.07529810344825,20.87068965517241,19.37931034482759,31.40669224137931
713,2021-03-13 12:00:00,Asia/Bangkok,64.25481798245615,22.3448275862069,20.88793103448276,32.27622236842105
714,2021-03-13 13:00:00,Asia/Bangkok,60.93360026086957,21.69827586206896,20.46551724137931,33.12697104347827
715,2021-03-13 14:00:00,Asia/Bangkok,58.30081873873874,21.10344827586207,19.78448275862069,33.72908736363636
716,2021-03-13 15:00:00,Asia/Bangkok,58.03766373913043,21.18965517241379,19.78448275862069,34.03764765217393
717,2021-03-13 16:00:00,Asia/Bangkok,57.67702181818181,20.63636363636364,19.27272727272727,34.16942636363636
718,2021-03-13 21:00:00,Asia/Bangkok,75.6429880882353,29.5,26.52941176470588,28.59508823529413
719,2021-03-13 22:00:00,Asia/Bangkok,78.20729651785715,48.38793103448276,39.37068965517241,27.99406486486487
720,2021-03-13 23:00:00,Asia/Bangkok,80.46933596491228,40.85217391304348,34.6140350877193,27.58677684210527
721,2021-03-14 00:00:00,Asia/Bangkok,81.63676964912278,37.58620689655172,32.77586206896552,27.23309745614035
722,2021-03-14 01:00:00,Asia/Bangkok,82.98137365217389,40.94017094017094,34.68376068376068,26.73638353448275
723,2021-03-14 02:00:00,Asia/Bangkok,84.23247116071431,50.25862068965517,41.35344827586207,26.10947383928573
724,2021-03-14 03:00:00,Asia/Bangkok,85.538958173913,50.87179487179487,41.53846153846154,25.59873660869565
725,2021-03-14 04:00:00,Asia/Bangkok,86.60994866071427,46.0,38.28448275862069,25.30251205357141
726,2021-03-14 05:00:00,Asia/Bangkok,86.5743769879518,44.22988505747126,36.77011494252874,25.20522975903616
727,2021-03-14 06:00:00,Asia/Bangkok,87.0975220689655,42.10169491525424,35.70338983050848,24.92393931034482
728,2021-03-14 07:00:00,Asia/Bangkok,87.42407588652486,40.19718309859155,34.43661971830986,24.75815985714282
729,2021-03-14 08:00:00,Asia/Bangkok,88.45404981981984,54.64347826086956,45.03478260869565,25.21466000000001
730,2021-03-14 09:00:00,Asia/Bangkok,83.71306417391304,33.72173913043478,29.77391304347826,27.54257121739129
731,2021-03-14 10:00:00,Asia/Bangkok,73.49506587719299,17.31304347826087,15.55652173913044,29.90157631578947
732,2021-03-14 11:00:00,Asia/Bangkok,67.59613196428573,43.94782608695652,39.46956521739131,31.35857839285715
733,2021-03-14 12:00:00,Asia/Bangkok,63.72142551724139,32.77586206896552,29.56896551724138,31.89444
734,2021-03-14 13:00:00,Asia/Bangkok,58.58665333333333,29.2280701754386,27.22608695652174,33.13639868421052
735,2021-03-14 14:00:00,Asia/Bangkok,56.97433136752134,26.41025641025641,24.58974358974359,33.81153700854701
736,2021-03-14 15:00:00,Asia/Bangkok,55.69178362831859,27.00862068965517,25.35344827586207,33.90873734513274
737,2021-03-14 16:00:00,Asia/Bangkok,55.89425654867259,37.22413793103448,33.45689655172414,33.76022910714284
738,2021-03-14 17:00:00,Asia/Bangkok,58.83502123893806,30.03448275862069,27.03448275862069,32.96587678571429
739,2021-03-14 18:00:00,Asia/Bangkok,62.34527184210529,22.72413793103448,21.01724137931035,31.53874438596489
740,2021-03-14 19:00:00,Asia/Bangkok,67.75719245614037,18.65217391304348,16.75652173913043,30.19247517543861
741,2021-03-14 20:00:00,Asia/Bangkok,72.75643530434779,30.60344827586207,26.93965517241379,28.95232034782611
742,2021-03-14 21:00:00,Asia/Bangkok,76.15904858407077,35.12820512820513,30.94017094017094,28.2733261061947
743,2021-03-14 22:00:00,Asia/Bangkok,77.82564249999999,52.27586206896552,42.47413793103448,27.98885655172414
744,2021-03-14 23:00:00,Asia/Bangkok,80.93206224137931,51.87179487179487,41.99145299145299,27.26248181034485
745,2021-03-15 00:00:00,Asia/Bangkok,82.68927608695655,48.25,39.82758620689656,26.88867394736842
746,2021-03-15 01:00:00,Asia/Bangkok,83.49965069565215,48.21367521367522,39.64957264957265,26.4512443478261
747,2021-03-15 02:00:00,Asia/Bangkok,83.36877318181823,60.48275862068966,49.25,26.20074818181818
748,2021-03-15 03:00:00,Asia/Bangkok,84.49819185185187,96.63793103448276,78.27586206896552,25.7732751401869
749,2021-03-15 04:00:00,Asia/Bangkok,85.15459121739134,42.86324786324786,36.1551724137931,25.4940823478261
750,2021-03-15 05:00:00,Asia/Bangkok,85.76066885964912,37.36283185840708,32.60526315789474,25.21941096491226
751,2021-03-15 06:00:00,Asia/Bangkok,86.1413997297297,40.39130434782609,34.0,24.9012662162162
752,2021-03-15 07:00:00,Asia/Bangkok,87.35629205357141,43.21551724137931,36.23275862068966,24.45878250000001
753,2021-03-15 08:00:00,Asia/Bangkok,88.15719070796456,54.58620689655172,45.49137931034483,24.96684522123894
754,2021-03-15 09:00:00,Asia/Bangkok,82.68019289473688,33.03418803418803,28.74358974358974,27.45560254385965
755,2021-03-15 10:00:00,Asia/Bangkok,75.7563303539823,16.20689655172414,14.70689655172414,29.19666787610618
756,2021-03-15 11:00:00,Asia/Bangkok,65.87057394736841,14.37391304347826,12.96521739130435,31.16080544642855
757,2021-03-15 12:00:00,Asia/Bangkok,59.12909807017548,14.9051724137931,13.43965517241379,32.9786149122807
758,2021-03-15 13:00:00,Asia/Bangkok,58.27231424778761,17.65217391304348,16.2695652173913,33.14878150442476
759,2021-03-15 14:00:00,Asia/Bangkok,56.50321812500001,21.23275862068965,18.86206896551724,33.84336821428572
760,2021-03-15 15:00:00,Asia/Bangkok,56.3546753636364,21.26086956521739,19.81739130434783,33.68665227272728
761,2021-03-15 16:00:00,Asia/Bangkok,57.27135684684685,25.62931034482759,23.97413793103448,33.44814400000001
762,2021-03-15 17:00:00,Asia/Bangkok,59.11573964912279,27.05217391304348,25.31304347826087,32.7342557017544
763,2021-03-15 18:00:00,Asia/Bangkok,63.01974720720721,26.22608695652174,24.43478260869565,31.41742360360359
764,2021-03-15 19:00:00,Asia/Bangkok,67.425953125,30.14912280701754,27.40350877192983,30.15049178571428
765,2021-03-15 20:00:00,Asia/Bangkok,72.68668373913043,50.1551724137931,40.93965517241379,29.00985886956524
766,2021-03-15 21:00:00,Asia/Bangkok,76.2336822123894,46.76724137931034,38.51724137931034,28.14359203539823
767,2021-03-15 22:00:00,Asia/Bangkok,79.21794203539821,47.15652173913043,38.8695652173913,27.35936539823006
768,2021-03-15 23:00:00,Asia/Bangkok,80.68108147826088,50.19827586206897,41.04310344827586,26.9554483478261
769,2021-03-16 00:00:00,Asia/Bangkok,82.41078955752212,55.02586206896552,44.54700854700855,26.42189132743364
770,2021-03-16 01:00:00,Asia/Bangkok,83.46876318181818,57.9051724137931,46.49137931034483,25.95857590909089
771,2021-03-16 02:00:00,Asia/Bangkok,84.04328741071426,57.8034188034188,47.02564102564103,25.70308535714289
772,2021-03-16 03:00:00,Asia/Bangkok,85.6497290990991,54.85217391304348,44.8,25.20893441441443
773,2021-03-16 04:00:00,Asia/Bangkok,86.02698295652173,53.93103448275862,44.1551724137931,25.17059686956524
774,2021-03-16 05:00:00,Asia/Bangkok,87.10264053097349,54.97435897435897,44.77777777777778,24.91828088495576
775,2021-03-16 06:00:00,Asia/Bangkok,87.10130710526313,57.43965517241379,46.50862068965517,24.71266469026549
776,2021-03-16 07:00:00,Asia/Bangkok,88.35682339130435,69.74137931034483,59.75,24.49502973913043
777,2021-03-16 08:00:00,Asia/Bangkok,88.34509434782608,60.06896551724138,48.41379310344828,24.95009739130435
778,2021-03-16 09:00:00,Asia/Bangkok,84.77548642201837,47.77586206896552,39.68965517241379,26.91193220183485
779,2021-03-16 10:00:00,Asia/Bangkok,73.76964869565217,27.06034482758621,24.89655172413793,29.53339094827587
780,2021-03-16 11:00:00,Asia/Bangkok,66.43045,22.25,20.43965517241379,30.81836017857143
781,2021-03-16 12:00:00,Asia/Bangkok,60.27321981981985,19.1551724137931,17.72173913043478,32.87608663636364
782,2021-03-16 13:00:00,Asia/Bangkok,56.62864981981981,15.89565217391304,14.68965517241379,33.57141376146789
783,2021-03-16 14:00:00,Asia/Bangkok,52.45230922413793,14.38793103448276,13.49137931034483,34.8722520689655
784,2021-03-16 15:00:00,Asia/Bangkok,51.04120982142857,16.30172413793104,15.20689655172414,35.09484571428571
785,2021-03-16 16:00:00,Asia/Bangkok,53.01244473214287,15.35344827586207,14.28448275862069,34.19017517857144
786,2021-03-16 17:00:00,Asia/Bangkok,58.01488025862072,14.63247863247863,13.31034482758621,32.76391250000002
787,2021-03-16 18:00:00,Asia/Bangkok,61.71709017857142,16.68695652173913,15.33620689655172,31.75554991071429
788,2021-03-16 19:00:00,Asia/Bangkok,66.56199526315791,20.87826086956522,19.18260869565217,30.48994078260869
789,2021-03-16 20:00:00,Asia/Bangkok,72.3349613274336,34.22413793103448,30.07758620689655,28.98615821428573
790,2021-03-16 21:00:00,Asia/Bangkok,75.71501426086957,34.74137931034483,30.92241379310345,28.14857373913042
791,2021-03-16 22:00:00,Asia/Bangkok,78.15989598214283,44.76521739130435,37.27826086956522,27.67195321428571
792,2021-03-16 23:00:00,Asia/Bangkok,79.94623531531532,54.69026548672566,44.29203539823009,27.19510567567567
793,2021-03-17 00:00:00,Asia/Bangkok,79.98476475000001,45.85833333333333,38.15833333333333,27.21877285714287
794,2021-03-17 01:00:00,Asia/Bangkok,81.39881398148148,46.08620689655172,38.28448275862069,26.83263833333335
795,2021-03-17 02:00:00,Asia/Bangkok,83.63227241071426,44.56896551724138,37.16379310344828,25.9927186607143
796,2021-03-17 03:00:00,Asia/Bangkok,84.10231582608694,48.81196581196581,40.49572649572649,25.58944219298249
797,2021-03-17 04:00:00,Asia/Bangkok,84.32097853211009,49.41379310344828,40.76724137931034,25.25775953703704
798,2021-03-17 05:00:00,Asia/Bangkok,85.7240675892857,49.14159292035398,40.72566371681416,24.7533510714286
799,2021-03-17 06:00:00,Asia/Bangkok,85.71124876106194,42.36206896551724,35.79310344827586,24.80310776785715
800,2021-03-17 07:00:00,Asia/Bangkok,86.39947474137932,43.82758620689656,36.83620689655172,24.75651284482756
801,2021-03-17 08:00:00,Asia/Bangkok,88.3942819298246,45.75,37.96551724137931,24.77344140350877
802,2021-03-17 09:00:00,Asia/Bangkok,83.95647392857141,44.06086956521739,37.45217391304348,27.06824241071428
803,2021-03-17 10:00:00,Asia/Bangkok,73.06154625,23.51724137931035,22.08620689655172,29.56883839285713
804,2021-03-17 11:00:00,Asia/Bangkok,68.6637289189189,23.98275862068965,22.5,30.60220495495495
805,2021-03-17 12:00:00,Asia/Bangkok,62.33524052173912,28.97435897435897,27.41880341880342,32.35763686956523
806,2021-03-17 13:00:00,Asia/Bangkok,58.32777026086953,23.91379310344828,22.80172413793104,33.43872747826089
807,2021-03-17 14:00:00,Asia/Bangkok,57.52058469026549,25.05128205128205,23.65811965811966,33.92636796460177
808,2021-03-17 15:00:00,Asia/Bangkok,55.12027401785713,27.00869565217391,25.76521739130435,34.70228241071428
809,2021-03-17 16:00:00,Asia/Bangkok,54.81649654867257,31.83620689655172,29.68103448275862,34.25552619469025
810,2021-03-17 17:00:00,Asia/Bangkok,58.74838552631576,33.72413793103448,30.8448275862069,32.93569716814159
811,2021-03-17 18:00:00,Asia/Bangkok,64.55819451327434,27.42735042735043,25.8034188034188,31.71464619469025
812,2021-03-17 19:00:00,Asia/Bangkok,69.36310263636365,38.58771929824562,33.26315789473684,30.2988227027027
813,2021-03-17 20:00:00,Asia/Bangkok,75.65724044247786,62.52173913043478,51.56034482758621,28.98897035714287
814,2021-03-17 21:00:00,Asia/Bangkok,78.99059713043482,71.66379310344827,60.26724137931034,28.07846886956521
815,2021-03-17 22:00:00,Asia/Bangkok,79.98190333333332,94.25862068965517,78.78448275862068,27.7082757894737
816,2021-03-17 23:00:00,Asia/Bangkok,81.31927336206894,60.64102564102564,49.68376068376068,27.12038086206896
817,2021-03-18 00:00:00,Asia/Bangkok,83.65384846846848,54.46017699115044,44.34513274336283,26.23246594594594
818,2021-03-18 01:00:00,Asia/Bangkok,85.11564035087721,52.99137931034483,43.38793103448276,25.60319315789476
819,2021-03-18 02:00:00,Asia/Bangkok,84.9935223893805,53.87068965517241,43.94827586206897,25.42343848214287
820,2021-03-18 03:00:00,Asia/Bangkok,85.87074508928565,58.22321428571428,47.54464285714285,24.79507375
821,2021-03-18 04:00:00,Asia/Bangkok,86.38189026548673,59.2280701754386,48.49122807017544,24.39395513274338
822,2021-03-18 05:00:00,Asia/Bangkok,86.51056477876111,59.07758620689656,48.22413793103448,24.02188017699116
823,2021-03-18 06:00:00,Asia/Bangkok,86.5082133333333,56.30434782608695,45.8695652173913,23.86660710526316
824,2021-03-18 07:00:00,Asia/Bangkok,86.67027469565214,49.87179487179487,41.03418803418803,23.79923675438594
825,2021-03-18 08:00:00,Asia/Bangkok,87.96391283185847,50.80172413793103,41.62931034482759,23.94030353982301
826,2021-03-18 09:00:00,Asia/Bangkok,87.05151269565218,51.16379310344828,42.06034482758621,25.92739400000001
827,2021-03-18 10:00:00,Asia/Bangkok,74.76592180180181,28.60869565217391,26.53043478260869,29.45764414414414
828,2021-03-18 11:00:00,Asia/Bangkok,65.7395561818182,24.8125,23.5,31.18452809090907
829,2021-03-18 12:00:00,Asia/Bangkok,62.95292842105261,33.10344827586207,30.24137931034483,32.11276318584071
830,2021-03-18 13:00:00,Asia/Bangkok,57.05898385964913,34.0353982300885,31.2212389380531,33.93492238938054
831,2021-03-18 14:00:00,Asia/Bangkok,51.68279281818181,34.21739130434783,31.0948275862069,34.95339275229357
832,2021-03-18 15:00:00,Asia/Bangkok,49.11829702702702,26.73684210526316,25.36842105263158,34.86590270270269
833,2021-03-18 16:00:00,Asia/Bangkok,50.00115096491229,26.48275862068965,25.06896551724138,34.24208
834,2021-03-18 17:00:00,Asia/Bangkok,56.21778315315317,27.21929824561403,25.78070175438597,32.9582291891892
835,2021-03-18 18:00:00,Asia/Bangkok,62.87004209090907,29.27586206896552,27.33620689655172,31.39691690909093
836,2021-03-18 19:00:00,Asia/Bangkok,67.25052044247786,43.21052631578947,36.7719298245614,30.31716876106193
837,2021-03-18 20:00:00,Asia/Bangkok,71.9074993859649,45.83620689655172,38.44827586206897,29.22364096491229
838,2021-03-18 21:00:00,Asia/Bangkok,75.30320177570094,64.88034188034187,53.63247863247863,28.49176672897195
839,2021-03-18 22:00:00,Asia/Bangkok,79.51852385964916,68.6283185840708,58.39285714285715,27.54365210526316
840,2021-03-18 23:00:00,Asia/Bangkok,81.59614785714287,60.97391304347826,49.49137931034483,27.07159873873875
841,2021-03-19 00:00:00,Asia/Bangkok,82.36319657657656,57.99122807017544,46.93913043478261,26.72885550458716
842,2021-03-19 01:00:00,Asia/Bangkok,84.35123254385971,58.74137931034483,47.3448275862069,26.05050194690266
843,2021-03-19 02:00:00,Asia/Bangkok,84.85366135135135,59.02608695652174,47.54782608695652,25.71430243243247
844,2021-03-19 03:00:00,Asia/Bangkok,85.00413584070796,59.45689655172414,47.93965517241379,25.45329548672568
845,2021-03-19 04:00:00,Asia/Bangkok,85.65254133928569,60.1504424778761,48.4424778761062,25.0375281981982
846,2021-03-19 05:00:00,Asia/Bangkok,87.0886325892857,59.52173913043478,47.90434782608695,24.27510116071429
847,2021-03-19 06:00:00,Asia/Bangkok,87.32497947826094,60.17241379310344,48.47413793103448,24.2251926724138
848,2021-03-19 07:00:00,Asia/Bangkok,87.86755232758621,62.76068376068376,50.38461538461539,23.84996826086956
849,2021-03-19 08:00:00,Asia/Bangkok,89.81284964912281,67.5603448275862,54.75,24.0585204385965
850,2021-03-19 09:00:00,Asia/Bangkok,85.77690482456141,52.6551724137931,43.18103448275862,26.63916122807017
851,2021-03-19 10:00:00,Asia/Bangkok,74.66268080357142,33.48275862068966,30.38793103448276,29.75481945945947
852,2021-03-19 11:00:00,Asia/Bangkok,68.0048299115044,25.52173913043478,24.27826086956522,30.97817401785712
853,2021-03-19 12:00:00,Asia/Bangkok,60.03501643478257,27.36842105263158,25.66956521739131,33.37382600000001
854,2021-03-19 13:00:00,Asia/Bangkok,54.13449850877195,22.72173913043478,21.28695652173913,34.46069508771929
855,2021-03-19 14:00:00,Asia/Bangkok,51.9218600877193,20.01739130434783,18.85217391304348,34.88656508771928
856,2021-03-19 15:00:00,Asia/Bangkok,51.95593333333333,17.20238095238095,16.39285714285714,34.85549061728396
857,2021-03-19 16:00:00,Asia/Bangkok,50.91211456140348,18.00869565217391,17.13913043478261,34.69308280701755
858,2021-03-19 17:00:00,Asia/Bangkok,51.83257423423421,12.46551724137931,11.8448275862069,33.51298522522523
859,2021-03-19 18:00:00,Asia/Bangkok,56.96789327272727,10.93913043478261,10.29565217391304,31.94686009090907
860,2021-03-19 19:00:00,Asia/Bangkok,63.28887785714289,46.46956521739131,39.85217391304348,30.85002250000002
861,2021-03-19 20:00:00,Asia/Bangkok,69.14824904347823,79.49137931034483,69.5,29.43079660869565
862,2021-03-19 21:00:00,Asia/Bangkok,75.79932517543857,53.26548672566372,45.54867256637168,27.73537807017544
863,2021-03-19 22:00:00,Asia/Bangkok,79.20977818181818,57.64655172413793,48.48275862068966,27.15951763636366
864,2021-03-19 23:00:00,Asia/Bangkok,80.44117451327433,57.98275862068966,48.16379310344828,26.79039858407079
865,2021-03-20 00:00:00,Asia/Bangkok,81.46415379310346,49.25862068965517,40.4051724137931,26.30266051724137
866,2021-03-20 01:00:00,Asia/Bangkok,82.2927417391304,45.95726495726495,38.2051282051282,25.83880982608695
867,2021-03-20 02:00:00,Asia/Bangkok,83.866331,50.4,41.53043478260869,25.21348154545454
868,2021-03-20 03:00:00,Asia/Bangkok,85.756711875,47.60869565217391,39.53043478260869,24.69023873873875
869,2021-03-20 04:00:00,Asia/Bangkok,85.7177828947369,56.29310344827586,46.07758620689656,24.49717486725667
870,2021-03-20 05:00:00,Asia/Bangkok,86.19740513274334,49.86206896551724,41.04310344827586,24.21565752212391
871,2021-03-20 06:00:00,Asia/Bangkok,87.2858141071429,52.7304347826087,43.63478260869565,23.78635776785716
872,2021-03-20 07:00:00,Asia/Bangkok,87.55899169642859,60.90434782608695,50.18260869565217,23.63905928571429
873,2021-03-20 08:00:00,Asia/Bangkok,88.56163153153157,44.12931034482759,37.24137931034483,24.14472342342343
874,2021-03-20 09:00:00,Asia/Bangkok,84.27546839285712,31.67256637168142,27.88495575221239,26.8334680357143
875,2021-03-20 10:00:00,Asia/Bangkok,73.9462325663717,11.58620689655172,10.57758620689655,29.52152867256636
876,2021-03-20 11:00:00,Asia/Bangkok,66.0598701724138,10.98275862068965,9.931034482758621,31.49352396551724
877,2021-03-20 12:00:00,Asia/Bangkok,58.60431289719627,6.594827586206897,5.956896551724138,33.46567339622643
878,2021-03-20 13:00:00,Asia/Bangkok,55.06435433628315,6.818965517241379,6.181034482758621,34.45799840707965
879,2021-03-20 14:00:00,Asia/Bangkok,51.16201535714283,7.086206896551724,6.560344827586207,35.88387848214286
880,2021-03-20 15:00:00,Asia/Bangkok,52.70891178571429,6.304347826086956,5.634782608695653,35.30742223214286
881,2021-03-20 16:00:00,Asia/Bangkok,53.37398808695652,9.2991452991453,8.444444444444445,34.86978956521738
882,2021-03-20 17:00:00,Asia/Bangkok,57.77898116071427,14.06034482758621,13.29310344827586,34.00399205357144
883,2021-03-20 18:00:00,Asia/Bangkok,61.39236547826086,11.16379310344828,10.29310344827586,32.64477947826084
884,2021-03-20 19:00:00,Asia/Bangkok,66.64078088495575,16.23478260869565,14.85217391304348,31.1364621238938
885,2021-03-20 20:00:00,Asia/Bangkok,73.2509342477876,28.97435897435897,25.64957264957265,29.52210607142857
886,2021-03-20 21:00:00,Asia/Bangkok,76.72627518181818,22.20869565217391,20.52173913043478,28.85017990909092
887,2021-03-20 22:00:00,Asia/Bangkok,77.88199303571426,30.05217391304348,26.90434782608695,28.55969196428572
888,2021-03-20 23:00:00,Asia/Bangkok,80.15419513043479,39.46086956521739,34.58260869565218,27.86692736842106
889,2021-03-21 00:00:00,Asia/Bangkok,82.83398833333332,39.00862068965517,34.33620689655172,27.14956754385966
890,2021-03-21 01:00:00,Asia/Bangkok,84.1634521929825,35.46086956521739,31.66956521739131,26.54033649122809
891,2021-03-21 02:00:00,Asia/Bangkok,85.30109034782608,38.54310344827586,33.32758620689656,26.08243460869565
892,2021-03-21 03:00:00,Asia/Bangkok,86.57574267241377,44.00833333333333,36.91666666666666,25.57808250000003
893,2021-03-21 04:00:00,Asia/Bangkok,86.48089117117118,48.24778761061947,39.93805309734513,25.49487639639644
894,2021-03-21 05:00:00,Asia/Bangkok,85.2624753508772,33.70689655172414,30.21551724137931,25.57817456140353
895,2021-03-21 06:00:00,Asia/Bangkok,85.86599728070175,30.07758620689655,27.94827586206896,25.37431640350876
896,2021-03-21 07:00:00,Asia/Bangkok,86.04265553571426,30.78260869565218,28.37391304347826,25.19122106194688
897,2021-03-21 08:00:00,Asia/Bangkok,88.23317362831861,28.24137931034483,24.77586206896552,25.49596848214285
898,2021-03-21 09:00:00,Asia/Bangkok,83.42208628318583,22.06034482758621,19.63793103448276,27.95808062500001
899,2021-03-21 10:00:00,Asia/Bangkok,73.79484469026548,21.44347826086956,19.09565217391305,30.14473141592921
900,2021-03-21 11:00:00,Asia/Bangkok,66.48864008695655,11.11111111111111,9.760683760683762,31.94858973913043
901,2021-03-21 12:00:00,Asia/Bangkok,61.61936448275861,12.58620689655172,11.21551724137931,33.15686637931034
902,2021-03-21 13:00:00,Asia/Bangkok,57.01884784482758,23.1551724137931,15.22608695652174,34.72377224137932
903,2021-03-21 14:00:00,Asia/Bangkok,54.7538009649123,5.258620689655173,4.698275862068965,35.53587780701756
904,2021-03-21 15:00:00,Asia/Bangkok,55.87748982142855,4.482758620689655,4.043103448275862,35.46652098214285
905,2021-03-21 16:00:00,Asia/Bangkok,59.62908243243243,6.017241379310345,5.448275862068965,34.45703
906,2021-03-21 17:00:00,Asia/Bangkok,63.89842526315788,5.836206896551724,5.336206896551724,33.1093199122807
907,2021-03-21 18:00:00,Asia/Bangkok,67.61573657657657,8.094827586206897,7.181034482758621,31.7058927027027
908,2021-03-21 19:00:00,Asia/Bangkok,72.01368723214287,14.34513274336283,13.36283185840708,30.72605090090091
909,2021-03-21 20:00:00,Asia/Bangkok,76.05867486725663,23.1304347826087,20.53043478260869,29.59154531531533
910,2021-03-21 21:00:00,Asia/Bangkok,79.54127295652174,31.5948275862069,27.62931034482759,28.86287365217389
911,2021-03-21 22:00:00,Asia/Bangkok,82.23947543859654,52.21551724137931,42.06034482758621,28.26018619469026
912,2021-03-21 23:00:00,Asia/Bangkok,83.64779981981984,44.98275862068966,37.66379310344828,27.82845756756761
913,2021-03-22 00:00:00,Asia/Bangkok,84.80782643478261,44.58620689655172,37.36206896551724,27.30545324561402
914,2021-03-22 01:00:00,Asia/Bangkok,85.67184637168143,51.6,42.43478260869565,26.98462185840708
915,2021-03-22 02:00:00,Asia/Bangkok,86.73636870689656,49.17948717948718,40.87179487179487,26.53240327586207
916,2021-03-22 03:00:00,Asia/Bangkok,87.50043037037042,44.31304347826087,37.19130434782609,26.28776574074074
917,2021-03-22 04:00:00,Asia/Bangkok,87.87496663716816,38.75213675213675,33.64102564102564,26.30990380530973
918,2021-03-22 05:00:00,Asia/Bangkok,87.70022062499997,35.56140350877193,31.79130434782609,26.3947547747748
919,2021-03-22 06:00:00,Asia/Bangkok,88.4389890178572,36.6,32.44347826086957,26.11886625
920,2021-03-22 07:00:00,Asia/Bangkok,88.7856615789474,34.18260869565217,30.54782608695652,26.00153573913045
921,2021-03-22 08:00:00,Asia/Bangkok,89.23991495495498,43.77391304347826,36.67826086956521,26.23871636363637
922,2021-03-22 09:00:00,Asia/Bangkok,85.50106120689654,22.25,20.52586206896552,28.09277495652175
923,2021-03-22 10:00:00,Asia/Bangkok,75.92168221238938,8.539130434782608,7.904347826086957,30.60114557522123
924,2021-03-22 11:00:00,Asia/Bangkok,71.670005840708,7.773913043478261,7.339130434782609,31.27817938053098
925,2021-03-22 12:00:00,Asia/Bangkok,70.38057531531531,15.84347826086957,14.86842105263158,31.96501099099099
926,2021-03-22 13:00:00,Asia/Bangkok,65.45846070175439,14.53448275862069,13.88793103448276,32.67981956140351
927,2021-03-22 14:00:00,Asia/Bangkok,64.47239292035398,19.52173913043478,18.51304347826087,33.03965212389379
928,2021-03-22 15:00:00,Asia/Bangkok,63.24504044247788,19.12068965517241,18.56896551724138,33.31826566371683
929,2021-03-22 16:00:00,Asia/Bangkok,63.23298159292036,18.49137931034483,17.6551724137931,33.11510734513272
930,2021-03-22 17:00:00,Asia/Bangkok,65.98611410714285,16.57758620689655,15.93103448275862,32.10459045045045
931,2021-03-22 18:00:00,Asia/Bangkok,68.739956,17.41592920353982,16.4070796460177,31.19648608695652
932,2021-03-22 19:00:00,Asia/Bangkok,72.72821839285716,20.53913043478261,19.2695652173913,30.35098035714285
933,2021-03-22 20:00:00,Asia/Bangkok,77.12359154545454,40.36206896551724,36.53448275862069,29.70417372727272
934,2021-03-22 21:00:00,Asia/Bangkok,80.5044524778761,44.81034482758621,38.12931034482759,29.07689964285714
935,2021-03-22 22:00:00,Asia/Bangkok,81.03869672897194,44.62727272727273,38.00909090909091,28.93289663551403
936,2021-03-22 23:00:00,Asia/Bangkok,83.3468393693694,28.41071428571428,27.10714285714286,28.19958827272728
937,2021-03-23 00:00:00,Asia/Bangkok,84.73276214285717,31.41379310344828,28.87931034482759,27.84538062499999
938,2021-03-23 01:00:00,Asia/Bangkok,84.66372707964605,28.10434782608696,26.50434782608696,27.7412246902655
939,2021-03-23 02:00:00,Asia/Bangkok,85.08083894736842,21.84347826086956,20.47826086956522,27.26507166666668
940,2021-03-23 03:00:00,Asia/Bangkok,85.62503437500001,18.80701754385965,17.84210526315789,26.93544098214288
941,2021-03-23 04:00:00,Asia/Bangkok,86.44144982456135,23.8448275862069,22.00862068965517,26.43284298245612
942,2021-03-23 05:00:00,Asia/Bangkok,87.50808105263158,26.4051724137931,24.27586206896552,25.8583936607143
943,2021-03-23 06:00:00,Asia/Bangkok,88.45736135135135,20.50862068965517,19.02586206896552,25.43786396396395
944,2021-03-23 07:00:00,Asia/Bangkok,88.72396115044249,31.03478260869565,26.83478260869565,25.3399377876106
945,2021-03-23 08:00:00,Asia/Bangkok,89.01259612612611,35.95689655172414,30.85344827586207,25.82270160714287
946,2021-03-23 09:00:00,Asia/Bangkok,86.60905408695655,20.48717948717949,18.76923076923077,27.20681710526314
947,2021-03-23 10:00:00,Asia/Bangkok,81.0856118421053,34.03478260869565,29.56521739130435,29.20911736842104
948,2021-03-23 11:00:00,Asia/Bangkok,74.72432431034485,60.29059829059829,54.0940170940171,30.68134478260868
949,2021-03-23 12:00:00,Asia/Bangkok,70.79914299999999,29.37391304347826,25.10434782608696,31.5219860909091
950,2021-03-23 13:00:00,Asia/Bangkok,62.70507982608699,32.52136752136752,28.43965517241379,33.40275895652173
951,2021-03-23 14:00:00,Asia/Bangkok,64.85235469026549,19.1304347826087,17.25862068965517,32.80936486725663
952,2021-03-23 15:00:00,Asia/Bangkok,65.73273321428569,21.39655172413793,19.08620689655172,32.54259540540541
953,2021-03-23 16:00:00,Asia/Bangkok,67.25167819819818,25.08620689655172,22.77586206896552,32.03068693693693
954,2021-03-23 17:00:00,Asia/Bangkok,73.60539000000003,23.63793103448276,21.3448275862069,31.28548203539822
955,2021-03-23 18:00:00,Asia/Bangkok,84.36178477477478,27.30434782608696,24.90434782608695,29.18447765765765
956,2021-03-23 19:00:00,Asia/Bangkok,86.75709008928574,38.45614035087719,33.26315789473684,28.22892292035396
957,2021-03-23 20:00:00,Asia/Bangkok,88.85020578947363,52.69827586206897,42.77586206896552,27.88599456140351
958,2021-03-23 21:00:00,Asia/Bangkok,89.35938894736846,45.95689655172414,38.04310344827586,27.69666035087721
959,2021-03-23 22:00:00,Asia/Bangkok,89.72779107142858,45.71304347826087,38.08695652173913,27.55979633928573
960,2021-03-23 23:00:00,Asia/Bangkok,89.23035275862073,44.56896551724138,37.19827586206897,27.46169896551719
961,2021-03-24 00:00:00,Asia/Bangkok,88.98479201754387,45.41228070175438,37.81578947368421,27.20746877192984
962,2021-03-24 01:00:00,Asia/Bangkok,88.84161707964599,40.49137931034483,34.79310344827586,26.98301460176991
963,2021-03-24 02:00:00,Asia/Bangkok,89.83146789473685,47.35042735042735,39.57264957264957,26.4977042982456
964,2021-03-24 03:00:00,Asia/Bangkok,91.30655353448275,50.42241379310344,41.95689655172414,25.93424698275861
965,2021-03-24 04:00:00,Asia/Bangkok,92.45603580357138,51.51724137931034,42.72413793103448,25.6857524107143
966,2021-03-24 05:00:00,Asia/Bangkok,91.4642121929825,50.12820512820513,41.8034188034188,25.80259964912284
967,2021-03-24 06:00:00,Asia/Bangkok,91.93449684210526,52.57758620689656,43.46551724137931,25.77474956140351
968,2021-03-24 07:00:00,Asia/Bangkok,92.80978947826087,52.71551724137931,43.42241379310344,25.72161852173914
969,2021-03-24 08:00:00,Asia/Bangkok,92.05754464912285,50.64655172413793,41.73275862068966,26.28845789473685
970,2021-03-24 09:00:00,Asia/Bangkok,90.24663421052632,50.83478260869565,41.76521739130435,27.54524596491228
971,2021-03-24 10:00:00,Asia/Bangkok,82.60309451327431,23.63478260869565,21.46956521739131,29.63673017699116
972,2021-03-24 11:00:00,Asia/Bangkok,81.79406938053094,24.85470085470086,21.39316239316239,29.93332530973451
973,2021-03-24 12:00:00,Asia/Bangkok,75.03788743362834,10.29565217391304,8.521739130434783,31.2826460176991
974,2021-03-24 13:00:00,Asia/Bangkok,70.09248089285714,8.982456140350877,7.289473684210527,32.14601428571429
975,2021-03-24 14:00:00,Asia/Bangkok,65.14777929824562,8.73913043478261,7.295652173913044,33.47906173913046
976,2021-03-24 15:00:00,Asia/Bangkok,75.46876535714283,10.06034482758621,8.431034482758621,31.27932499999999
977,2021-03-24 16:00:00,Asia/Bangkok,78.01557043478259,11.2051282051282,9.820512820512821,30.50106812500001
978,2021-03-24 17:00:00,Asia/Bangkok,81.60233159292038,18.9051724137931,16.82758620689655,29.52764982300887
979,2021-03-24 18:00:00,Asia/Bangkok,81.09753495652174,11.32758620689655,9.327586206896552,29.67549147826089
980,2021-03-24 19:00:00,Asia/Bangkok,81.64736008928574,16.49557522123894,14.45132743362832,29.31332008928569
981,2021-03-24 20:00:00,Asia/Bangkok,83.43385810344826,25.28448275862069,22.26086956521739,28.81576508620693
982,2021-03-24 21:00:00,Asia/Bangkok,84.47313458333333,24.21428571428572,21.0,28.35301416666665
983,2021-03-24 22:00:00,Asia/Bangkok,86.01764401869158,30.09174311926606,26.98165137614679,27.803448317757
984,2021-03-25 00:00:00,Asia/Bangkok,92.57597238938054,14.75438596491228,13.3859649122807,26.55477803571429
985,2021-03-25 01:00:00,Asia/Bangkok,92.67178633928572,13.0,11.89473684210526,26.26277281818187
986,2021-03-25 02:00:00,Asia/Bangkok,91.65496344827584,8.722222222222221,8.044444444444444,26.06739321839081
987,2021-03-25 03:00:00,Asia/Bangkok,92.44735633928572,8.552631578947368,7.947368421052632,25.79022864864863
988,2021-03-25 04:00:00,Asia/Bangkok,93.28763812500002,9.660869565217391,8.991304347826087,25.51518607142856
989,2021-03-25 05:00:00,Asia/Bangkok,94.07347734513274,9.922413793103448,9.318965517241379,25.19936812500001
990,2021-03-25 06:00:00,Asia/Bangkok,94.00044745614036,8.21551724137931,7.655172413793103,25.15707947368419
991,2021-03-25 07:00:00,Asia/Bangkok,94.21910732142862,9.75,9.03448275862069,25.00395714285715
992,2021-03-25 08:00:00,Asia/Bangkok,95.85357821428576,13.75862068965517,13.00862068965517,25.15025294642858
993,2021-03-25 09:00:00,Asia/Bangkok,92.52681991150445,10.79310344827586,9.844827586206897,27.20214769911502
994,2021-03-25 10:00:00,Asia/Bangkok,86.51609824561403,8.05982905982906,7.17948717948718,28.63452868421054
995,2021-03-25 11:00:00,Asia/Bangkok,80.08502931034486,2.974137931034483,2.5,29.97792956896551
996,2021-03-25 12:00:00,Asia/Bangkok,76.10246823008849,7.793103448275862,6.543103448275862,31.25915601769912
997,2021-03-25 13:00:00,Asia/Bangkok,73.01566056074768,8.8348623853211,7.706422018348624,32.09531252336448
998,2021-03-25 14:00:00,Asia/Bangkok,67.58359333333333,7.571428571428571,6.553571428571429,32.8650262264151
999,2021-03-25 15:00:00,Asia/Bangkok,67.33082236842108,8.258620689655173,7.336206896551724,32.90253385964913
1000,2021-03-25 16:00:00,Asia/Bangkok,65.49222123893806,16.89655172413793,15.05172413793103,32.85005884955754
1001,2021-03-25 17:00:00,Asia/Bangkok,67.27642279279277,10.1875,8.892857142857142,32.21955774774775
1002,2021-03-25 18:00:00,Asia/Bangkok,71.10866130434785,9.474137931034482,8.189655172413794,31.12958773913043
1003,2021-03-25 19:00:00,Asia/Bangkok,76.69746693693695,17.47826086956522,14.79130434782609,29.77435711711712
1004,2021-03-25 20:00:00,Asia/Bangkok,82.1301853508772,52.18103448275862,42.76724137931034,29.05451894736841
1005,2021-03-25 21:00:00,Asia/Bangkok,84.86004017699113,49.30172413793103,42.8448275862069,28.55638353982304
1006,2021-03-25 22:00:00,Asia/Bangkok,86.07407584070799,41.06956521739131,34.79130434782608,28.26118115044247
1007,2021-03-25 23:00:00,Asia/Bangkok,88.35086600000002,48.7948717948718,40.66666666666666,27.71034139130434
1008,2021-03-26 00:00:00,Asia/Bangkok,88.904806,36.69827586206897,31.96551724137931,27.41244469565214
1009,2021-03-26 01:00:00,Asia/Bangkok,89.77562366071427,35.05172413793103,31.17241379310345,27.09582553571428
1010,2021-03-26 02:00:00,Asia/Bangkok,90.40064017391303,33.1025641025641,29.70940170940171,26.7733814782609
1011,2021-03-26 03:00:00,Asia/Bangkok,90.49701130434782,26.93103448275862,24.58620689655172,26.7906555652174
1012,2021-03-26 04:00:00,Asia/Bangkok,91.01667894736845,27.78448275862069,25.24137931034483,26.52140938596492
1013,2021-03-26 05:00:00,Asia/Bangkok,91.51518131578943,21.33620689655172,19.96551724137931,26.088439122807
1014,2021-03-26 06:00:00,Asia/Bangkok,92.09223859649126,21.37068965517241,19.99137931034483,25.98530526315789
1015,2021-03-26 07:00:00,Asia/Bangkok,92.08376145299145,23.50427350427351,21.43589743589743,25.96081318965521
1016,2021-03-26 08:00:00,Asia/Bangkok,92.86225112068965,31.67241379310345,27.94827586206896,26.15641258620689
1017,2021-03-26 09:00:00,Asia/Bangkok,88.16243912280706,24.71551724137931,22.31896551724138,27.87362640350877
1018,2021-03-26 10:00:00,Asia/Bangkok,79.8422401724138,13.31034482758621,11.45689655172414,29.60263413793103
1019,2021-03-26 11:00:00,Asia/Bangkok,74.7852497297297,15.09401709401709,13.30769230769231,30.84736891891891
1020,2021-03-26 12:00:00,Asia/Bangkok,66.94821000000002,9.387931034482758,7.844827586206897,32.46623902654867
1021,2021-03-26 13:00:00,Asia/Bangkok,61.54370973214289,6.146551724137931,5.086206896551724,33.60246500000001
1022,2021-03-26 14:00:00,Asia/Bangkok,58.85810843478261,5.64957264957265,4.572649572649572,34.34327130434783
1023,2021-03-26 15:00:00,Asia/Bangkok,56.91965137931033,5.396551724137931,4.46551724137931,34.5332348275862
1024,2021-03-26 16:00:00,Asia/Bangkok,58.89224799999998,5.448275862068965,4.612068965517241,34.2009875
1025,2021-03-26 17:00:00,Asia/Bangkok,63.31412321428568,10.46086956521739,8.947826086956521,33.01508839285715
1026,2021-03-26 18:00:00,Asia/Bangkok,67.34613786324785,9.05982905982906,7.880341880341881,31.64345568965516
1027,2021-03-26 19:00:00,Asia/Bangkok,74.02621504424778,20.57391304347826,17.71052631578947,30.26021522123895
1028,2021-03-26 20:00:00,Asia/Bangkok,78.32048146551728,25.06034482758621,21.69827586206896,29.50933422413791
1029,2021-03-26 21:00:00,Asia/Bangkok,80.4439949090909,45.62931034482759,37.75,29.36778499999999
1030,2021-03-26 22:00:00,Asia/Bangkok,82.54036281818186,34.87179487179487,30.64957264957265,28.81597422018349
1031,2021-03-26 23:00:00,Asia/Bangkok,85.40627095652174,38.39655172413793,32.81896551724138,28.06693069565217
1032,2021-03-27 00:00:00,Asia/Bangkok,86.96110955357145,33.58260869565218,29.91304347826087,27.62512607142856
1033,2021-03-27 01:00:00,Asia/Bangkok,87.41946652173915,31.15652173913044,28.21739130434782,27.5524872173913
1034,2021-03-27 02:00:00,Asia/Bangkok,88.84554083333333,34.47826086956522,30.85217391304348,27.28876990740739
1035,2021-03-27 03:00:00,Asia/Bangkok,88.69144473684209,36.49137931034483,32.81896551724138,27.40573245614036
1036,2021-03-27 04:00:00,Asia/Bangkok,90.99221149122812,34.05172413793103,30.58620689655172,26.78059754385965
1037,2021-03-27 05:00:00,Asia/Bangkok,90.4792745945946,34.28448275862069,30.83620689655172,26.96690207207209
1038,2021-03-27 06:00:00,Asia/Bangkok,90.96461964601772,31.95689655172414,29.28448275862069,26.73077333333331
1039,2021-03-27 07:00:00,Asia/Bangkok,92.24757142857148,41.56896551724138,35.78448275862069,26.33016198198198
1040,2021-03-27 08:00:00,Asia/Bangkok,92.33009258928573,33.02586206896552,29.12931034482759,26.70314616071428
1041,2021-03-27 09:00:00,Asia/Bangkok,88.82280741071432,32.54310344827586,28.54310344827586,28.15599535714287
1042,2021-03-27 10:00:00,Asia/Bangkok,82.13858452991454,14.06837606837607,12.57264957264957,29.99449683760684
1043,2021-03-27 11:00:00,Asia/Bangkok,76.37175245614037,12.99137931034483,11.69827586206897,31.13435929203538
1044,2021-03-27 12:00:00,Asia/Bangkok,69.44312614035088,9.130434782608695,8.017391304347827,32.55269675438598
1045,2021-03-27 13:00:00,Asia/Bangkok,62.63563095652174,6.922413793103448,6.060344827586207,33.77662808695653
1046,2021-03-27 14:00:00,Asia/Bangkok,59.23814684210525,6.181034482758621,5.405172413793103,34.35275719298246
1047,2021-03-27 15:00:00,Asia/Bangkok,60.31065026548671,7.78448275862069,6.896551724137931,34.11827690265486
1048,2021-03-27 16:00:00,Asia/Bangkok,61.43493974137932,9.293103448275861,8.301724137931034,33.72531243478263
1049,2021-03-27 17:00:00,Asia/Bangkok,62.02322401785716,8.504347826086956,7.591304347826087,33.42797190909091
1050,2021-03-27 18:00:00,Asia/Bangkok,65.87992785714286,8.060869565217391,7.069565217391304,32.40660946428572
1051,2021-03-27 19:00:00,Asia/Bangkok,71.19669641509432,11.86842105263158,10.43859649122807,31.19672481132077
1052,2021-03-27 20:00:00,Asia/Bangkok,75.27945238938057,22.78448275862069,20.76724137931035,30.56943061946902
1053,2021-03-27 21:00:00,Asia/Bangkok,81.10590394736845,28.85344827586207,26.02586206896552,29.68245619469028
1054,2021-03-27 22:00:00,Asia/Bangkok,84.2524843243243,33.60683760683761,30.48717948717949,29.23513955357143
1055,2021-03-27 23:00:00,Asia/Bangkok,85.80557729729729,28.36521739130435,26.53913043478261,28.7354783783784
1056,2021-03-28 00:00:00,Asia/Bangkok,86.43875190909094,26.14655172413793,24.44827586206896,28.40107636363638
1057,2021-03-28 01:00:00,Asia/Bangkok,86.13543646017705,22.20689655172414,20.54310344827586,28.18633902654867
1058,2021-03-28 02:00:00,Asia/Bangkok,89.51268474137936,19.64655172413793,18.19827586206896,27.23323043478261
1059,2021-03-28 03:00:00,Asia/Bangkok,88.7702505,19.35772357723577,17.86178861788618,27.17250563025212
1060,2021-03-28 04:00:00,Asia/Bangkok,89.22456336448599,15.78703703703704,14.71296296296296,26.87023046728973
1061,2021-03-28 05:00:00,Asia/Bangkok,88.47954783783784,15.18965517241379,14.1551724137931,26.933198
1062,2021-03-28 06:00:00,Asia/Bangkok,88.47770234782611,12.14655172413793,11.25,26.64460095652177
1063,2021-03-28 07:00:00,Asia/Bangkok,89.86332256637169,17.23478260869565,15.41739130434783,26.20658223214286
1064,2021-03-28 08:00:00,Asia/Bangkok,90.17209096491231,30.33620689655172,25.5948275862069,26.54921394736841
1065,2021-03-28 09:00:00,Asia/Bangkok,83.49655787610621,21.93965517241379,19.00862068965517,29.0728185840708
1066,2021-03-28 10:00:00,Asia/Bangkok,76.88507982300888,3.188034188034188,2.623931623931624,30.81254258928571
1067,2021-03-28 11:00:00,Asia/Bangkok,70.56515805309738,2.771929824561404,2.298245614035088,32.40385168141592
1068,2021-03-28 12:00:00,Asia/Bangkok,65.41497608695651,1.931034482758621,1.5,33.56808686956521
1069,2021-03-28 13:00:00,Asia/Bangkok,60.53758133928573,0.8521739130434782,0.4782608695652174,34.48534178571428
1070,2021-03-28 14:00:00,Asia/Bangkok,58.17684451327435,1.243478260869565,0.9217391304347826,34.83718442477876
1071,2021-03-28 15:00:00,Asia/Bangkok,61.44941778761063,1.269565217391304,0.8869565217391304,34.00446690265486
1072,2021-03-28 16:00:00,Asia/Bangkok,61.80078636363638,0.646551724137931,0.3706896551724138,34.23237063636364
1073,2021-03-28 17:00:00,Asia/Bangkok,65.23070078260868,21.54310344827586,18.44827586206896,33.12100278260869
1074,2021-03-28 18:00:00,Asia/Bangkok,69.83348642857143,14.75862068965517,13.19827586206897,31.69134241071428
1075,2021-03-28 19:00:00,Asia/Bangkok,73.58939096491227,12.67543859649123,10.04385964912281,30.85291508771931
1076,2021-03-28 20:00:00,Asia/Bangkok,77.00625939130435,19.33620689655172,16.98275862068965,29.94326704347828
1077,2021-03-28 21:00:00,Asia/Bangkok,78.57203295652168,34.00862068965517,29.82758620689655,29.77013895652174
1078,2021-03-28 22:00:00,Asia/Bangkok,82.32602801724138,12.60344827586207,11.55172413793103,28.40630379310344
1079,2021-03-28 23:00:00,Asia/Bangkok,82.57366747826086,7.760683760683761,6.948717948717949,27.99441434782605
1080,2021-03-29 00:00:00,Asia/Bangkok,82.94245389380531,6.836206896551724,6.21551724137931,27.8603021238938
1081,2021-03-29 01:00:00,Asia/Bangkok,84.50534833333334,11.41379310344828,10.49137931034483,27.55899701754387
1082,2021-03-29 02:00:00,Asia/Bangkok,85.27487130434784,16.92241379310345,15.80172413793103,27.48006226086958
1083,2021-03-29 03:00:00,Asia/Bangkok,87.64776769911502,20.46086956521739,19.21739130434782,26.8249931858407
1084,2021-03-29 04:00:00,Asia/Bangkok,89.14744601769917,20.72173913043478,18.30434782608696,26.32746159292036
1085,2021-03-29 05:00:00,Asia/Bangkok,87.43655652173915,14.11111111111111,13.11111111111111,26.77923217391304
1086,2021-03-29 06:00:00,Asia/Bangkok,88.3139861607143,14.92241379310345,13.82758620689655,26.67785232142856
1087,2021-03-29 07:00:00,Asia/Bangkok,90.41646298245617,19.63247863247863,18.32478632478632,26.29957805309734
1088,2021-03-29 08:00:00,Asia/Bangkok,91.19356035398228,37.02586206896552,32.49137931034483,26.41284176991151
1089,2021-03-29 09:00:00,Asia/Bangkok,83.10605224137933,15.56034482758621,14.35344827586207,27.97771689655173
1090,2021-03-29 10:00:00,Asia/Bangkok,70.73163052631575,3.275862068965517,2.732758620689655,30.64306061403509
1091,2021-03-29 11:00:00,Asia/Bangkok,63.38397823008849,3.652173913043478,3.373913043478261,32.87529131578948
1092,2021-03-29 12:00:00,Asia/Bangkok,58.0582892857143,2.551724137931035,2.146551724137931,34.68737540540539
1093,2021-03-29 13:00:00,Asia/Bangkok,55.32161052173914,3.247863247863248,2.923076923076923,35.58929391304348
1094,2021-03-29 14:00:00,Asia/Bangkok,53.87849139130437,6.252173913043478,5.469565217391304,36.53284834782608
1095,2021-03-29 15:00:00,Asia/Bangkok,61.66410491071427,13.07017543859649,11.92982456140351,34.98490919642856
1096,2021-03-29 16:00:00,Asia/Bangkok,64.96132858407081,9.431034482758621,8.75,33.89293428571427
1097,2021-03-29 17:00:00,Asia/Bangkok,70.0798980869565,3.724137931034483,3.25,31.99825773913042
1098,2021-03-29 18:00:00,Asia/Bangkok,73.34832801724139,2.948275862068965,2.629310344827586,31.11565565217389
1099,2021-03-29 19:00:00,Asia/Bangkok,74.3523392920354,14.98260869565217,13.99130434782609,30.93013428571428
1100,2021-03-29 20:00:00,Asia/Bangkok,76.40635168141594,42.45689655172414,37.43103448275862,30.19185247787611
1101,2021-03-29 21:00:00,Asia/Bangkok,79.23899939130433,46.18260869565217,38.7304347826087,29.52653173913041
1102,2021-03-29 22:00:00,Asia/Bangkok,81.42872095652174,39.43103448275862,33.64655172413793,29.05967271929826
1103,2021-03-29 23:00:00,Asia/Bangkok,83.22491491379311,42.22413793103448,35.55172413793103,28.61587896551725
1104,2021-03-30 00:00:00,Asia/Bangkok,84.36670403508771,32.31034482758621,29.44827586206896,28.36498728070173
1105,2021-03-30 01:00:00,Asia/Bangkok,85.38379285714284,29.6,27.49565217391304,28.14819723214282
1106,2021-03-30 02:00:00,Asia/Bangkok,85.7993739823009,23.62068965517241,22.26495726495726,28.02250504424778
1107,2021-03-30 03:00:00,Asia/Bangkok,85.19824348214283,21.96521739130435,21.10434782608696,27.97210035714286
1108,2021-03-30 04:00:00,Asia/Bangkok,86.69598159292038,22.13793103448276,21.37931034482759,27.34721938053099
1109,2021-03-30 05:00:00,Asia/Bangkok,88.9310224107143,31.77391304347826,29.33043478260869,26.68664946428572
1110,2021-03-30 06:00:00,Asia/Bangkok,89.67281504424784,30.18965517241379,28.36206896551724,26.48264911504424
1111,2021-03-30 07:00:00,Asia/Bangkok,90.54595921739133,26.53448275862069,25.06896551724138,26.43633721739131
1112,2021-03-30 08:00:00,Asia/Bangkok,88.94146265486727,46.13793103448276,41.73275862068966,27.34093362831859
1113,2021-03-30 09:00:00,Asia/Bangkok,82.92134035714284,53.66379310344828,45.86206896551724,28.92352366071429
1114,2021-03-30 10:00:00,Asia/Bangkok,69.27123292035401,7.767241379310345,6.922413793103448,32.84547321428572
1115,2021-03-30 11:00:00,Asia/Bangkok,60.17562282051281,5.222222222222222,4.741379310344827,34.99643461538462
1116,2021-03-30 12:00:00,Asia/Bangkok,60.79845150442477,8.669565217391304,8.198275862068966,34.88714159292036
1117,2021-03-30 13:00:00,Asia/Bangkok,56.9729414782609,9.35344827586207,8.836206896551724,35.98422356521738
1118,2021-03-30 14:00:00,Asia/Bangkok,54.20618991150442,8.655172413793103,8.362068965517242,36.37727787610618
1119,2021-03-30 15:00:00,Asia/Bangkok,53.63385378378381,9.486956521739131,8.921739130434782,36.29630801801804
1120,2021-03-30 16:00:00,Asia/Bangkok,61.64781403508769,11.47413793103448,10.56896551724138,34.25259477876106
1121,2021-03-30 17:00:00,Asia/Bangkok,70.32204687500003,11.37068965517241,10.33620689655172,31.11719821428573
1122,2021-03-30 18:00:00,Asia/Bangkok,83.79389669565215,16.79310344827586,15.4051724137931,28.52304643478261
1123,2021-03-30 19:00:00,Asia/Bangkok,84.1700438738739,19.61946902654867,18.56637168141593,28.63541553571429
1124,2021-03-30 20:00:00,Asia/Bangkok,87.00870135135138,33.53846153846154,29.38461538461538,28.229226
1125,2021-03-30 21:00:00,Asia/Bangkok,89.2612490350877,26.69565217391304,25.36521739130435,27.50633815789473
1126,2021-03-30 22:00:00,Asia/Bangkok,90.30966900900901,29.76991150442478,27.83185840707965,27.40948672727273
1127,2021-03-30 23:00:00,Asia/Bangkok,89.38516868421054,24.60869565217391,23.55652173913044,27.60513194690266
1128,2021-03-31 00:00:00,Asia/Bangkok,89.30306123893804,24.56521739130435,23.38793103448276,27.48491920353983
1129,2021-03-31 01:00:00,Asia/Bangkok,90.40957008771927,30.92241379310345,28.87068965517241,27.25905043859648
1130,2021-03-31 02:00:00,Asia/Bangkok,91.59011008771934,26.64655172413793,25.56896551724138,27.06734929824561
1131,2021-03-31 03:00:00,Asia/Bangkok,92.20976096491228,24.81896551724138,23.71551724137931,26.82135403508771
1132,2021-03-31 04:00:00,Asia/Bangkok,91.50237374999999,27.0948275862069,25.4051724137931,26.89560116071431
1133,2021-03-31 05:00:00,Asia/Bangkok,91.51748547826088,27.25641025641026,25.73504273504274,26.67181556521738
1134,2021-03-31 06:00:00,Asia/Bangkok,91.07287504347822,27.86206896551724,26.23275862068965,26.43043773913045
1135,2021-03-31 07:00:00,Asia/Bangkok,92.0166722522522,28.23275862068965,26.20689655172414,26.20511144144145
1136,2021-03-31 08:00:00,Asia/Bangkok,92.71700333333337,29.33043478260869,27.48695652173913,26.40161763157897
1137,2021-03-31 09:00:00,Asia/Bangkok,88.05466598214284,26.28070175438597,25.07894736842105,28.17328062500001
1138,2021-03-31 10:00:00,Asia/Bangkok,82.0769144247787,18.30172413793104,17.46551724137931,29.79756389380531
1139,2021-03-31 11:00:00,Asia/Bangkok,72.46142692982457,13.39130434782609,12.56521739130435,31.88458088495576
1140,2021-03-31 12:00:00,Asia/Bangkok,60.73566232142857,6.887931034482759,6.53448275862069,34.72154741071429
1141,2021-03-31 13:00:00,Asia/Bangkok,56.3028341964286,7.339130434782609,6.913043478260869,35.70546696428573
1142,2021-03-31 14:00:00,Asia/Bangkok,56.42525654867259,8.617391304347827,8.139130434782608,35.93386203539822
1143,2021-03-31 15:00:00,Asia/Bangkok,59.1950868103448,10.10344827586207,9.362068965517242,35.07870365217393
1144,2021-03-31 16:00:00,Asia/Bangkok,65.74710141592918,6.358974358974359,5.82051282051282,33.1189097345133
1145,2021-03-31 17:00:00,Asia/Bangkok,67.6670004310345,10.53448275862069,9.629310344827585,32.76619930434781
1146,2021-03-31 18:00:00,Asia/Bangkok,86.91554721739134,17.85344827586207,16.3448275862069,28.90269730434781
1147,2021-03-31 19:00:00,Asia/Bangkok,89.89633929203536,25.07826086956522,21.83478260869565,27.79533633928575
1148,2021-03-31 20:00:00,Asia/Bangkok,90.31696817391303,14.60344827586207,13.89655172413793,27.71886165217391
1149,2021-03-31 21:00:00,Asia/Bangkok,91.28035800000004,14.92173913043478,14.15652173913043,27.30598156521737
1150,2021-03-31 22:00:00,Asia/Bangkok,92.13982565217391,14.80172413793103,14.20689655172414,27.07389234782609
1151,2021-03-31 23:00:00,Asia/Bangkok,91.97127850877189,15.79310344827586,14.89655172413793,26.82355754385964
1152,2021-04-01 00:00:00,Asia/Bangkok,91.72674543859648,12.05172413793103,11.32758620689655,26.62344675438598
1153,2021-04-01 01:00:00,Asia/Bangkok,92.05838609090907,13.95689655172414,13.18103448275862,26.68510345454548
1154,2021-04-01 02:00:00,Asia/Bangkok,92.37155178571432,14.80172413793103,14.01724137931035,26.31110621621622
1155,2021-04-01 03:00:00,Asia/Bangkok,91.56584306306306,14.13793103448276,13.33620689655172,26.5426553153153
1156,2021-04-01 04:00:00,Asia/Bangkok,91.63024156521737,17.03448275862069,15.95689655172414,26.13655192982456
1157,2021-04-01 05:00:00,Asia/Bangkok,91.49379205357141,19.35652173913044,17.91304347826087,26.20629589285715
1158,2021-04-01 06:00:00,Asia/Bangkok,92.54460201754384,22.10344827586207,20.79310344827586,25.75130315789472
1159,2021-04-01 07:00:00,Asia/Bangkok,92.73344182608695,19.31034482758621,18.24137931034483,25.68788086956524
1160,2021-04-01 08:00:00,Asia/Bangkok,93.38779232758618,16.42241379310345,15.42241379310345,26.08749181034483
1161,2021-04-01 09:00:00,Asia/Bangkok,86.23213910714284,11.37068965517241,10.62068965517241,28.44396178571427
1162,2021-04-01 10:00:00,Asia/Bangkok,75.80828,7.078260869565217,6.417391304347826,30.64314782608694
1163,2021-04-01 11:00:00,Asia/Bangkok,69.80290456140348,5.991379310344827,5.258620689655173,32.20925500000001
1164,2021-04-01 12:00:00,Asia/Bangkok,63.23826965217386,7.706896551724138,7.094827586206897,33.94841043478261
1165,2021-04-01 13:00:00,Asia/Bangkok,59.65985858407081,6.435897435897436,5.777777777777778,34.57003265486725
1166,2021-04-01 14:00:00,Asia/Bangkok,59.39190831858406,5.301724137931035,4.543103448275862,34.73008654867255
1167,2021-04-01 15:00:00,Asia/Bangkok,59.81328646017695,5.206896551724138,4.293103448275862,35.39128884955753
1168,2021-04-01 16:00:00,Asia/Bangkok,60.53093443478261,4.538461538461538,3.923076923076923,34.40129947826087
1169,2021-04-01 17:00:00,Asia/Bangkok,61.94872909090907,3.663716814159292,2.814159292035398,33.74263490909094
1170,2021-04-01 18:00:00,Asia/Bangkok,60.93697714285715,6.409090909090909,5.863636363636363,34.31792428571428
1171,2021-04-01 19:00:00,Asia/Bangkok,61.729458,3.857142857142857,3.142857142857143,33.963762
1172,2021-04-01 20:00:00,Asia/Bangkok,65.70595598726118,6.990506329113924,5.60126582278481,32.17007914012737
1173,2021-04-01 21:00:00,Asia/Bangkok,70.8272404385965,6.818965517241379,5.810344827586207,30.38342929824563
1174,2021-04-01 22:00:00,Asia/Bangkok,74.29002078947366,9.782608695652174,8.530434782608696,29.53536701754386
1175,2021-04-01 23:00:00,Asia/Bangkok,79.29796464912278,19.46153846153846,17.64102564102564,28.79919807017544
1176,2021-04-02 00:00:00,Asia/Bangkok,82.71376289473687,11.05172413793103,9.844827586206897,27.85416078947368
1177,2021-04-02 01:00:00,Asia/Bangkok,83.82709614035083,6.198275862068965,5.353448275862069,27.70036105263156
1178,2021-04-02 02:00:00,Asia/Bangkok,84.13752429824562,5.681034482758621,4.862068965517241,27.37434447368419
1179,2021-04-02 03:00:00,Asia/Bangkok,87.60051895652175,5.863247863247863,5.189655172413793,26.75208573913043
1180,2021-04-02 04:00:00,Asia/Bangkok,89.41782956140351,7.448275862068965,6.521367521367521,26.40501508771929
1181,2021-04-02 05:00:00,Asia/Bangkok,90.36587573913043,11.50434782608696,10.40869565217391,26.11193307017545
1182,2021-04-02 06:00:00,Asia/Bangkok,91.2725692035398,12.44444444444444,10.90598290598291,25.89633442477877
1183,2021-04-02 07:00:00,Asia/Bangkok,91.61157214285716,13.29203539823009,11.82300884955752,25.81264142857143
1184,2021-04-02 08:00:00,Asia/Bangkok,90.77803232142857,8.89655172413793,7.491379310344827,26.42758734513275
1185,2021-04-02 09:00:00,Asia/Bangkok,80.24131791304347,7.572649572649572,6.487179487179487,29.02605938596491
1186,2021-04-02 10:00:00,Asia/Bangkok,69.4990732173913,8.827586206896552,7.775862068965517,31.36903434782607
1187,2021-04-02 11:00:00,Asia/Bangkok,61.86467902654866,12.50862068965517,10.83620689655172,33.94916973451328
1188,2021-04-02 12:00:00,Asia/Bangkok,58.78265114035089,13.8,12.10344827586207,34.74166672566373
1189,2021-04-02 13:00:00,Asia/Bangkok,63.06804482142855,9.017391304347827,8.02608695652174,33.51343625000001
1190,2021-04-02 14:00:00,Asia/Bangkok,73.28390254385963,8.923076923076923,7.888888888888889,30.35234570175438
1191,2021-04-02 15:00:00,Asia/Bangkok,62.43852452173914,9.922413793103448,8.905172413793103,33.73176539130434
1192,2021-04-02 16:00:00,Asia/Bangkok,62.02192710526318,13.91379310344828,12.13793103448276,33.87860912280701
1193,2021-04-02 17:00:00,Asia/Bangkok,59.75480747826085,10.27350427350427,9.076923076923077,32.80418634782608
1194,2021-04-02 18:00:00,Asia/Bangkok,63.11153267857144,15.65486725663717,14.15044247787611,31.56707580357141
1195,2021-04-02 19:00:00,Asia/Bangkok,69.20760201754385,48.57391304347826,40.00869565217391,30.67023245614035
1196,2021-04-02 20:00:00,Asia/Bangkok,77.29436157894736,31.04310344827586,27.54310344827586,29.13406850877193
1197,2021-04-02 21:00:00,Asia/Bangkok,81.25614008849553,18.00869565217391,16.48695652173913,28.247235
1198,2021-04-02 22:00:00,Asia/Bangkok,81.82256824561408,19.89655172413793,18.32758620689655,27.91040201754384
1199,2021-04-02 23:00:00,Asia/Bangkok,82.3736543478261,18.69230769230769,17.44444444444444,27.61216400000002
1200,2021-04-03 00:00:00,Asia/Bangkok,82.75293115044249,18.91379310344828,17.73275862068965,27.56032699115045
1201,2021-04-03 01:00:00,Asia/Bangkok,84.74840575221242,21.06034482758621,19.60344827586207,27.04509495575222
1202,2021-04-03 02:00:00,Asia/Bangkok,85.02437733944956,17.8,16.83478260869565,26.71739275229359
1203,2021-04-03 03:00:00,Asia/Bangkok,85.93075928571429,17.72413793103448,16.75,26.33487901785714
1204,2021-04-03 04:00:00,Asia/Bangkok,85.96430973684207,18.01739130434783,16.94782608695652,26.33340885964915
1205,2021-04-03 05:00:00,Asia/Bangkok,86.26783565217389,15.50434782608696,14.59130434782609,26.33256504347825
1206,2021-04-03 06:00:00,Asia/Bangkok,87.3358735652174,19.89655172413793,18.62068965517241,26.34786678260869
1207,2021-04-03 07:00:00,Asia/Bangkok,88.44783745614036,21.40869565217391,20.07826086956522,26.13851868421052
1208,2021-04-03 08:00:00,Asia/Bangkok,87.38200398230089,26.43965517241379,24.4051724137931,26.78051973451327
1209,2021-04-03 09:00:00,Asia/Bangkok,78.17054964912282,23.13793103448276,21.58620689655172,29.22394473684211
1210,2021-04-03 10:00:00,Asia/Bangkok,71.2854627927928,20.30088495575221,19.00884955752212,31.33327297297298
1211,2021-04-03 11:00:00,Asia/Bangkok,62.29519798245613,16.51724137931035,14.88793103448276,33.63849122807017
1212,2021-04-03 12:00:00,Asia/Bangkok,59.08109574074075,10.80555555555556,10.17592592592593,34.80944055045871
1213,2021-04-03 13:00:00,Asia/Bangkok,58.68654649122805,10.75652173913043,10.13913043478261,35.37546894736843
1214,2021-04-03 14:00:00,Asia/Bangkok,55.52551008695651,10.91304347826087,10.26086956521739,36.35739973684208
1215,2021-04-03 15:00:00,Asia/Bangkok,56.4319892173913,37.63478260869565,33.56521739130435,36.0398363478261
1216,2021-04-03 16:00:00,Asia/Bangkok,62.80348144144143,41.62280701754386,37.03508771929825,34.68145819819819
1217,2021-04-03 17:00:00,Asia/Bangkok,65.08094169642855,25.75862068965517,23.52586206896552,34.21119522123893
1218,2021-04-03 18:00:00,Asia/Bangkok,69.59166078947369,33.25641025641026,29.34188034188034,32.56019566371684
1219,2021-04-03 19:00:00,Asia/Bangkok,73.35188570175443,25.26315789473684,22.63157894736842,31.40651482456142
1220,2021-04-03 20:00:00,Asia/Bangkok,77.61738368421048,31.00862068965517,27.43965517241379,29.67832350877195
1221,2021-04-03 21:00:00,Asia/Bangkok,77.67426077586208,68.26724137931035,60.71551724137931,29.38612931034481
1222,2021-04-03 22:00:00,Asia/Bangkok,79.4886360869565,26.12173913043478,24.62608695652174,28.93313939130434
1223,2021-04-03 23:00:00,Asia/Bangkok,81.19911392857146,25.75,23.47413793103448,28.60792714285716
1224,2021-04-04 00:00:00,Asia/Bangkok,83.23053517543855,36.25217391304348,31.75652173913043,28.36051359649122
1225,2021-04-04 01:00:00,Asia/Bangkok,84.18828373913045,24.53846153846154,23.13793103448276,28.11109725663718
1226,2021-04-04 02:00:00,Asia/Bangkok,84.82687946428574,23.16379310344828,21.82905982905983,28.12897477477476
1227,2021-04-04 03:00:00,Asia/Bangkok,85.23456294117649,24.04166666666667,22.75,27.95542697478992
1228,2021-04-04 04:00:00,Asia/Bangkok,87.1888755963303,29.87272727272727,27.8,27.38631027777776
1229,2021-04-04 05:00:00,Asia/Bangkok,87.74652034482759,29.83760683760684,27.58974358974359,27.09678293103448
1230,2021-04-04 06:00:00,Asia/Bangkok,88.69864555555552,24.52586206896552,22.89655172413793,26.90901398148149
1231,2021-04-04 07:00:00,Asia/Bangkok,88.49220807017551,26.4051724137931,24.36206896551724,27.03392385964913
1232,2021-04-04 08:00:00,Asia/Bangkok,88.95604252252251,30.44144144144144,27.7027027027027,27.23038063636363
1233,2021-04-04 09:00:00,Asia/Bangkok,78.91033295652174,21.5948275862069,20.03448275862069,29.75890061403508
1234,2021-04-04 10:00:00,Asia/Bangkok,69.21523460176994,18.39655172413793,17.43965517241379,31.93791548672566
1235,2021-04-04 11:00:00,Asia/Bangkok,64.63512885964914,17.44827586206896,16.38793103448276,33.59633696428575
1236,2021-04-04 12:00:00,Asia/Bangkok,61.31281149122808,14.88793103448276,14.04310344827586,34.99888263157895
1237,2021-04-04 13:00:00,Asia/Bangkok,60.8632894782609,13.81896551724138,13.07758620689655,35.74094600000001
1238,2021-04-04 14:00:00,Asia/Bangkok,64.04476517543858,11.62608695652174,10.87068965517241,33.61019552631578
1239,2021-04-04 15:00:00,Asia/Bangkok,76.25767172413796,18.90598290598291,17.61538461538462,30.57530112068966
1240,2021-04-04 16:00:00,Asia/Bangkok,79.91885637168141,19.18260869565217,17.83478260869565,29.46651469026548
1241,2021-04-04 17:00:00,Asia/Bangkok,78.3782575652174,22.22413793103448,20.69827586206896,30.08435191304347
1242,2021-04-04 18:00:00,Asia/Bangkok,76.17012214285717,26.53448275862069,24.5948275862069,30.57238000000002
1243,2021-04-04 19:00:00,Asia/Bangkok,79.9205282882883,39.54782608695652,34.29565217391304,30.01672963963963
1244,2021-04-04 20:00:00,Asia/Bangkok,82.4185955263158,26.56521739130435,24.98275862068965,29.36924236842103
1245,2021-04-04 21:00:00,Asia/Bangkok,82.34405211009177,24.28318584070797,22.78070175438597,29.1188457798165
1246,2021-04-04 22:00:00,Asia/Bangkok,84.08563157894736,42.54310344827586,36.27586206896552,28.77275359649122
1247,2021-04-04 23:00:00,Asia/Bangkok,84.26080886956521,44.1551724137931,36.73275862068966,28.45710034782607
1248,2021-04-05 00:00:00,Asia/Bangkok,86.6332287826087,53.61739130434783,43.51304347826087,28.01686765217391
1249,2021-04-05 01:00:00,Asia/Bangkok,87.4535229824561,46.82608695652174,38.75652173913043,27.92031026315791
1250,2021-04-05 02:00:00,Asia/Bangkok,88.98667660714287,41.56521739130435,35.48695652173913,27.41984401785709
1251,2021-04-05 03:00:00,Asia/Bangkok,89.21168990825686,25.50862068965517,23.66379310344828,27.2670609090909
1252,2021-04-05 04:00:00,Asia/Bangkok,88.56788826086955,22.68965517241379,20.85344827586207,27.22049675438596
1253,2021-04-05 05:00:00,Asia/Bangkok,90.00418612612619,23.53448275862069,22.0,26.86050660714286
1254,2021-04-05 06:00:00,Asia/Bangkok,90.29030763157893,25.94871794871795,24.16239316239316,26.85415539823009
1255,2021-04-05 07:00:00,Asia/Bangkok,90.62417359649123,33.56896551724138,30.33620689655172,26.82374368421051
1256,2021-04-05 08:00:00,Asia/Bangkok,90.17519156521735,42.8974358974359,36.23931623931624,27.27383236842105
1257,2021-04-05 09:00:00,Asia/Bangkok,87.80677508928576,30.08695652173913,27.53043478260869,28.24402098214287
1258,2021-04-05 10:00:00,Asia/Bangkok,78.66411210526317,15.77777777777778,14.67521367521367,30.58755530973449
1259,2021-04-05 11:00:00,Asia/Bangkok,74.15051660550458,10.36206896551724,9.73913043478261,31.90777247706421
1260,2021-04-05 12:00:00,Asia/Bangkok,67.48290292035401,9.818965517241379,9.23076923076923,33.49991690265486
1261,2021-04-05 13:00:00,Asia/Bangkok,61.10881285714282,10.68695652173913,10.04347826086956,34.89919792792791
1262,2021-04-05 14:00:00,Asia/Bangkok,66.96488508928572,12.4051724137931,11.47413793103448,33.61982153153155
1263,2021-04-05 15:00:00,Asia/Bangkok,66.0637364347826,14.93103448275862,14.25,32.89709269565216
1264,2021-04-05 16:00:00,Asia/Bangkok,66.19951460869564,11.70434782608696,11.05217391304348,34.02067391304348
1265,2021-04-05 17:00:00,Asia/Bangkok,68.71881763157893,10.56896551724138,10.02586206896552,32.9283691304348
1266,2021-04-05 18:00:00,Asia/Bangkok,73.71543921052631,10.19827586206897,9.672413793103448,31.47429504424777
1267,2021-04-05 19:00:00,Asia/Bangkok,78.64370535714286,15.04347826086956,14.13913043478261,30.71235776785715
1268,2021-04-05 20:00:00,Asia/Bangkok,79.70943535087721,60.94827586206897,52.01724137931034,30.14918938596492
1269,2021-04-05 21:00:00,Asia/Bangkok,81.4599782300885,109.0526315789474,71.3302752293578,29.90215285714285
1270,2021-04-05 22:00:00,Asia/Bangkok,86.30955194690262,32.83478260869565,28.12173913043478,28.26205477876107
1271,2021-04-05 23:00:00,Asia/Bangkok,91.46805455357146,17.81896551724138,16.72413793103448,26.91457812499998
1272,2021-04-06 00:00:00,Asia/Bangkok,90.60130071428573,15.56140350877193,14.66666666666667,27.27111580357141
1273,2021-04-06 01:00:00,Asia/Bangkok,92.14905734513275,17.19827586206896,16.26724137931035,26.85789035398233
1274,2021-04-06 02:00:00,Asia/Bangkok,92.43588991304347,18.37931034482759,17.4051724137931,26.88395365217391
1275,2021-04-06 03:00:00,Asia/Bangkok,92.7527896396397,19.75,18.80172413793104,26.77707036036034
1276,2021-04-06 04:00:00,Asia/Bangkok,93.31428078260866,22.21551724137931,20.6551724137931,26.47968817391305
1277,2021-04-06 05:00:00,Asia/Bangkok,93.30007348623853,19.04310344827586,18.06034482758621,26.44843590909093
1278,2021-04-06 06:00:00,Asia/Bangkok,94.15895526785712,19.86324786324786,18.73504273504274,26.16471882882884
1279,2021-04-06 07:00:00,Asia/Bangkok,94.392000877193,24.46551724137931,23.19827586206896,26.11312587719298
1280,2021-04-06 08:00:00,Asia/Bangkok,94.92031265486727,28.6551724137931,26.71551724137931,26.25687309734515
1281,2021-04-06 09:00:00,Asia/Bangkok,94.60953657894737,30.92173913043478,28.41739130434783,27.11778254385965
1282,2021-04-06 10:00:00,Asia/Bangkok,93.00859859649117,18.98275862068965,17.61206896551724,27.21030780701754
1283,2021-04-06 11:00:00,Asia/Bangkok,91.70976008620691,4.982758620689655,4.543103448275862,26.8319620689655
1284,2021-04-06 12:00:00,Asia/Bangkok,89.6019255855856,5.347826086956522,4.808695652173913,28.47490857142856
1285,2021-04-06 13:00:00,Asia/Bangkok,82.85640616071427,5.29059829059829,4.478632478632479,30.08940495495496
1286,2021-04-06 14:00:00,Asia/Bangkok,83.5385254954955,5.25,4.5,29.23557872727272
1287,2021-04-06 15:00:00,Asia/Bangkok,89.41073350877187,3.543103448275862,3.025862068965517,26.58666789473683
1288,2021-04-06 16:00:00,Asia/Bangkok,90.04744424778757,3.547826086956522,3.139130434782609,26.93360247787611
1289,2021-04-06 17:00:00,Asia/Bangkok,88.70175261261261,4.572649572649572,4.170940170940171,27.4829698181818
1290,2021-04-06 18:00:00,Asia/Bangkok,88.39650447368423,5.862068965517241,5.25,27.77100780701753
1291,2021-04-06 19:00:00,Asia/Bangkok,90.62199069565222,23.62608695652174,20.14782608695652,27.26185965217391
1292,2021-04-06 20:00:00,Asia/Bangkok,90.88942147826083,20.28205128205128,19.0,26.78694156521741
1293,2021-04-06 21:00:00,Asia/Bangkok,92.1732382142857,19.41379310344828,17.91379310344828,26.5273800892857
1294,2021-04-06 22:00:00,Asia/Bangkok,93.18039026785716,16.97413793103448,15.64655172413793,26.5149663063063
1295,2021-04-06 23:00:00,Asia/Bangkok,93.01450194690267,14.57758620689655,13.56034482758621,26.61070681415928
1296,2021-04-07 00:00:00,Asia/Bangkok,91.8829500892857,12.50862068965517,10.81034482758621,25.43325883928572
1297,2021-04-07 01:00:00,Asia/Bangkok,93.71980725663717,5.321739130434783,4.719298245614035,24.91156660714287
1298,2021-04-07 02:00:00,Asia/Bangkok,93.58778535087718,6.394736842105263,5.911504424778761,25.00058526315785
1299,2021-04-07 03:00:00,Asia/Bangkok,93.95136581818181,8.008695652173913,7.316239316239316,25.06124627272731
1300,2021-04-07 04:00:00,Asia/Bangkok,94.46362463636362,8.568965517241379,7.96551724137931,25.09620311926605
1301,2021-04-07 05:00:00,Asia/Bangkok,95.42948216216216,9.902654867256636,9.247787610619469,25.02766558558558
1302,2021-04-07 06:00:00,Asia/Bangkok,96.32926499999998,14.23275862068965,13.33620689655172,24.95356801801802
1303,2021-04-07 07:00:00,Asia/Bangkok,96.23172198198198,22.47826086956522,20.57391304347826,25.09764585585585
1304,2021-04-07 08:00:00,Asia/Bangkok,96.60492051724137,18.25,17.29310344827586,25.64228431034484
1305,2021-04-07 09:00:00,Asia/Bangkok,94.57629495575222,18.0,16.90434782608695,27.09020725663716
1306,2021-04-07 10:00:00,Asia/Bangkok,84.03590274336285,16.0,14.94782608695652,30.25159150442478
1307,2021-04-07 11:00:00,Asia/Bangkok,80.17492156521737,16.4,15.31304347826087,30.72609191304348
1308,2021-04-07 12:00:00,Asia/Bangkok,79.05198783783787,18.60869565217391,17.41739130434783,30.93948486486485
1309,2021-04-07 13:00:00,Asia/Bangkok,73.42703216216222,22.14782608695652,20.75652173913043,31.88287918918922
1310,2021-04-07 14:00:00,Asia/Bangkok,76.46487973214282,25.49572649572649,23.70940170940171,31.4000867857143
1311,2021-04-07 15:00:00,Asia/Bangkok,81.08658885964915,28.70434782608696,26.97391304347826,30.44932192982457
1312,2021-04-07 16:00:00,Asia/Bangkok,72.84401368421051,26.46086956521739,24.72173913043478,32.19205373913046
1313,2021-04-07 17:00:00,Asia/Bangkok,70.24741114035086,25.91379310344828,24.44827586206896,31.88020707964601
1314,2021-04-07 18:00:00,Asia/Bangkok,76.4215246153846,28.07692307692308,26.57264957264957,30.57233632478633
1315,2021-04-07 19:00:00,Asia/Bangkok,80.67865131578947,31.66666666666667,29.39473684210526,29.41044675438597
1316,2021-04-07 20:00:00,Asia/Bangkok,85.22024637168141,49.74137931034483,41.26724137931034,28.5698289380531
1317,2021-04-07 21:00:00,Asia/Bangkok,86.78317999999997,47.18103448275862,40.57758620689656,28.17795205357145
1318,2021-04-07 22:00:00,Asia/Bangkok,87.38476438596489,45.06837606837607,38.14529914529915,28.05162192982453
1319,2021-04-07 23:00:00,Asia/Bangkok,86.54775371681414,45.87931034482759,38.5,28.02026008849557
1320,2021-04-08 00:00:00,Asia/Bangkok,87.49932815789474,47.14035087719298,39.35087719298246,27.7202714035088
1321,2021-04-08 01:00:00,Asia/Bangkok,89.4881151351351,46.62068965517241,39.02586206896552,27.19000576576576
1322,2021-04-08 02:00:00,Asia/Bangkok,89.65385716814154,43.96551724137931,37.04310344827586,26.87117061946903
1323,2021-04-08 03:00:00,Asia/Bangkok,90.39221819819818,42.44444444444444,35.89655172413793,26.58800675675676
1324,2021-04-08 04:00:00,Asia/Bangkok,91.85103530973453,42.49565217391304,36.03448275862069,26.14138663716813
1325,2021-04-08 05:00:00,Asia/Bangkok,91.24516377192977,39.01724137931034,33.93965517241379,26.13484078947369
1326,2021-04-08 06:00:00,Asia/Bangkok,91.22036367521363,40.42735042735043,34.73504273504273,25.96211752136752
1327,2021-04-08 07:00:00,Asia/Bangkok,91.35221684210526,38.28448275862069,33.37068965517241,25.86596140350877
1328,2021-04-08 08:00:00,Asia/Bangkok,93.32256854545453,41.18965517241379,35.45689655172414,26.26648854545455
1329,2021-04-08 09:00:00,Asia/Bangkok,87.51267858407081,31.05128205128205,28.22413793103448,28.38923315789475
1330,2021-04-08 10:00:00,Asia/Bangkok,78.47214669565217,22.25862068965517,20.93965517241379,30.53394286956522
1331,2021-04-08 11:00:00,Asia/Bangkok,70.77353330434784,21.4051724137931,20.29059829059829,32.40277852173914
1332,2021-04-08 12:00:00,Asia/Bangkok,66.84085333333334,28.4051724137931,26.21551724137931,32.77623819819821
1333,2021-04-08 13:00:00,Asia/Bangkok,66.68037279279282,28.75,27.37068965517241,32.72935054054054
1334,2021-04-08 14:00:00,Asia/Bangkok,64.03468215517242,23.11965811965812,21.97435897435897,33.47320784482758
1335,2021-04-08 15:00:00,Asia/Bangkok,59.56739307017544,25.24137931034483,23.91379310344828,34.02781530973451
1336,2021-04-08 16:00:00,Asia/Bangkok,61.62715660714281,25.6551724137931,24.52586206896552,33.65661619469025
1337,2021-04-08 17:00:00,Asia/Bangkok,64.31897133928568,25.08695652173913,23.8695652173913,33.03654410714288
1338,2021-04-08 18:00:00,Asia/Bangkok,68.96483657894736,27.59130434782609,26.2695652173913,31.5950147826087
1339,2021-04-08 19:00:00,Asia/Bangkok,75.02845017543858,35.32173913043479,31.55652173913044,30.35412654867255
1340,2021-04-08 20:00:00,Asia/Bangkok,79.73912391304347,53.95689655172414,44.39655172413793,29.34434368421054
1341,2021-04-08 21:00:00,Asia/Bangkok,81.9965294782609,53.1304347826087,43.58620689655172,28.67458391304349
1342,2021-04-08 22:00:00,Asia/Bangkok,84.98380572727274,59.17391304347826,47.90434782608695,28.06148399999999
1343,2021-04-08 23:00:00,Asia/Bangkok,87.25717752212395,57.46551724137931,46.5948275862069,27.51476575221239
1344,2021-04-09 00:00:00,Asia/Bangkok,88.28844504424775,58.12931034482759,47.08620689655172,27.09604265486725
1345,2021-04-09 01:00:00,Asia/Bangkok,90.37818247863248,57.56410256410256,46.84615384615385,26.29782623931624
1346,2021-04-09 02:00:00,Asia/Bangkok,91.07204070175436,55.03448275862069,44.87068965517241,25.90147131578948
1347,2021-04-09 03:00:00,Asia/Bangkok,90.8062285344828,53.77586206896552,44.20689655172414,25.78050530434784
1348,2021-04-09 04:00:00,Asia/Bangkok,91.28773652173915,52.03448275862069,43.0,25.63408885964917
1349,2021-04-09 05:00:00,Asia/Bangkok,91.42574460869568,50.36206896551724,41.86206896551724,25.47452973913044
1350,2021-04-09 06:00:00,Asia/Bangkok,91.79976263157889,49.17094017094017,40.73504273504273,25.28888842105263
1351,2021-04-09 07:00:00,Asia/Bangkok,91.9069955172414,47.64655172413793,39.87931034482759,25.10833068965518
1352,2021-04-09 08:00:00,Asia/Bangkok,91.71660189655172,48.08620689655172,40.13793103448276,25.73229353448276
1353,2021-04-09 09:00:00,Asia/Bangkok,85.97805999999999,40.9051724137931,35.27586206896552,28.00258808695652
1354,2021-04-09 10:00:00,Asia/Bangkok,76.15581105263155,33.1551724137931,30.50862068965517,30.56299605263158
1355,2021-04-09 11:00:00,Asia/Bangkok,68.82881527272731,33.37068965517241,30.87931034482759,32.60208385321103
1356,2021-04-09 12:00:00,Asia/Bangkok,63.32959893805311,34.46956521739131,31.27826086956522,34.0036168141593
1357,2021-04-09 13:00:00,Asia/Bangkok,60.52650330434781,32.78632478632478,30.51282051282051,34.96868713043477
1358,2021-04-09 14:00:00,Asia/Bangkok,73.80665275862064,30.24137931034483,28.5948275862069,30.87594163793103
1359,2021-04-09 15:00:00,Asia/Bangkok,68.33190842105265,24.86206896551724,23.5948275862069,32.18873743362832
1360,2021-04-09 16:00:00,Asia/Bangkok,60.55261254545455,23.27433628318584,22.28318584070797,34.19972209090908
1361,2021-04-09 17:00:00,Asia/Bangkok,65.56564079646022,27.56896551724138,26.37068965517241,33.15759530973451
1362,2021-04-09 18:00:00,Asia/Bangkok,70.36745714285716,30.0948275862069,28.54310344827586,32.04189544642857
1363,2021-04-09 19:00:00,Asia/Bangkok,73.54044504347827,37.50862068965517,33.08620689655172,30.58742763157897
1364,2021-04-09 20:00:00,Asia/Bangkok,76.35008078260866,38.81896551724138,33.76724137931034,29.42303947826086
1365,2021-04-09 21:00:00,Asia/Bangkok,78.69286814159288,33.61206896551724,30.37931034482759,28.63784132743362
1366,2021-04-09 22:00:00,Asia/Bangkok,81.99480478260864,35.89655172413793,31.91379310344828,27.90652660869566
1367,2021-04-09 23:00:00,Asia/Bangkok,84.42833070796458,37.37606837606837,33.11206896551724,27.35704964601768
1368,2021-04-10 00:00:00,Asia/Bangkok,85.78500385964914,47.85344827586207,39.67521367521368,26.98428921052632
1369,2021-04-10 01:00:00,Asia/Bangkok,87.24406096491231,50.0948275862069,41.46551724137931,26.54652052631578
1370,2021-04-10 02:00:00,Asia/Bangkok,88.29410991228075,51.92307692307692,42.92307692307692,26.28159412280703
1371,2021-04-10 03:00:00,Asia/Bangkok,89.43495909090909,51.45614035087719,42.42105263157895,25.85257192660552
1372,2021-04-10 04:00:00,Asia/Bangkok,89.77182495652166,51.23478260869565,42.36521739130435,25.60133878260871
1373,2021-04-10 05:00:00,Asia/Bangkok,90.40590858407079,50.23478260869565,41.76521739130435,25.22566625
1374,2021-04-10 06:00:00,Asia/Bangkok,90.10262704347828,51.92307692307692,42.81034482758621,25.1171472173913
1375,2021-04-10 07:00:00,Asia/Bangkok,91.7163869369369,52.48695652173913,43.16379310344828,24.84997630630629
1376,2021-04-10 08:00:00,Asia/Bangkok,93.42829852173912,61.70689655172414,51.11206896551724,25.39574295652173
1377,2021-04-10 09:00:00,Asia/Bangkok,88.89698728070181,46.12931034482759,38.50862068965517,27.91581219298246
1378,2021-04-10 10:00:00,Asia/Bangkok,78.77162169642854,34.1965811965812,30.82758620689655,30.38333482142855
1379,2021-04-10 11:00:00,Asia/Bangkok,71.99472982456138,26.45689655172414,25.09401709401709,31.80242719298246
1380,2021-04-10 12:00:00,Asia/Bangkok,68.82210675675674,29.30088495575221,27.7787610619469,32.62029981981981
1381,2021-04-10 13:00:00,Asia/Bangkok,64.94992241379312,28.88793103448276,27.43965517241379,33.76793379310344
1382,2021-04-10 14:00:00,Asia/Bangkok,58.71231415929201,30.19827586206896,28.44827586206896,34.9427446017699
1383,2021-04-10 15:00:00,Asia/Bangkok,60.50923068965515,31.43103448275862,29.5948275862069,34.46782290598291
1384,2021-04-10 16:00:00,Asia/Bangkok,61.55541622807019,32.04273504273505,29.8974358974359,34.29718752212389
1385,2021-04-10 17:00:00,Asia/Bangkok,62.8762174336283,32.08695652173913,29.77391304347826,33.59626079646018
1386,2021-04-10 18:00:00,Asia/Bangkok,67.31760304347826,35.47008547008547,31.88888888888889,32.28834826086957
1387,2021-04-10 19:00:00,Asia/Bangkok,73.05352927927926,47.46491228070175,41.52631578947368,31.14923693693695
1388,2021-04-10 20:00:00,Asia/Bangkok,77.9619293693694,46.42241379310344,38.73275862068966,30.20995396396396
1389,2021-04-10 21:00:00,Asia/Bangkok,80.26428315315314,50.56140350877193,41.79130434782608,29.82499648648648
1390,2021-04-10 22:00:00,Asia/Bangkok,80.6975260176991,56.98275862068966,46.68103448275862,29.44382761061945
1391,2021-04-10 23:00:00,Asia/Bangkok,82.59838185840708,63.71551724137931,52.47413793103448,28.95900133928573
1392,2021-04-11 00:00:00,Asia/Bangkok,84.30142424778766,54.49137931034483,44.6551724137931,28.41958238938054
1393,2021-04-11 01:00:00,Asia/Bangkok,84.92078846846844,54.25217391304348,44.45217391304348,28.17540459459455
1394,2021-04-11 02:00:00,Asia/Bangkok,85.63393270270267,56.23275862068966,45.80172413793103,27.79879594594594
1395,2021-04-11 03:00:00,Asia/Bangkok,86.4296602542373,54.85365853658536,44.8130081300813,27.52293777777777
1396,2021-04-11 04:00:00,Asia/Bangkok,88.85431173076921,50.78504672897196,42.20560747663551,26.82815182692309
1397,2021-04-11 05:00:00,Asia/Bangkok,89.63934939655171,49.46153846153846,41.03418803418803,26.56089905172413
1398,2021-04-11 06:00:00,Asia/Bangkok,89.17364385964913,47.99130434782609,39.97368421052632,26.62147701754385
1399,2021-04-11 07:00:00,Asia/Bangkok,89.54879182608691,52.82758620689656,43.36206896551724,26.54174603448277
1400,2021-04-11 08:00:00,Asia/Bangkok,90.00033660869559,61.0,51.83760683760683,27.03975815789473
1401,2021-04-11 09:00:00,Asia/Bangkok,85.3386685714286,48.1551724137931,40.13793103448276,28.96841892857143
1402,2021-04-11 10:00:00,Asia/Bangkok,77.26159630630632,33.56896551724138,30.77586206896552,30.96091900900899
1403,2021-04-11 11:00:00,Asia/Bangkok,69.3708376785714,30.5948275862069,28.63793103448276,32.60189675675675
1404,2021-04-11 12:00:00,Asia/Bangkok,65.20226312500002,29.35042735042735,27.52991452991453,33.62987729729729
1405,2021-04-11 13:00:00,Asia/Bangkok,59.68481955357144,28.67241379310345,27.16379310344828,34.635508018018
1406,2021-04-11 14:00:00,Asia/Bangkok,62.77414424778758,28.38793103448276,26.87826086956522,33.96937144144145
1407,2021-04-11 15:00:00,Asia/Bangkok,56.97850173913044,24.86086956521739,23.54310344827586,34.75076252173913
1408,2021-04-11 16:00:00,Asia/Bangkok,55.53648131578947,23.22413793103448,21.96551724137931,34.64389122807017
1409,2021-04-11 17:00:00,Asia/Bangkok,57.35149843478263,24.29565217391304,22.88695652173913,34.01405626086957
1410,2021-04-11 18:00:00,Asia/Bangkok,64.3230455855856,28.69827586206896,26.6551724137931,32.51620513513515
1411,2021-04-11 19:00:00,Asia/Bangkok,72.01961300884952,65.0,57.73913043478261,30.9032703539823
1412,2021-04-11 20:00:00,Asia/Bangkok,75.37738657894732,51.64655172413793,42.85344827586207,30.57780008771932
1413,2021-04-11 21:00:00,Asia/Bangkok,77.48328707964598,53.12068965517241,43.12068965517241,30.43539327433628
1414,2021-04-11 22:00:00,Asia/Bangkok,78.7304363063063,58.51724137931034,47.43103448275862,30.06960729729731
1415,2021-04-11 23:00:00,Asia/Bangkok,81.25928412280703,99.96551724137932,84.90434782608696,29.17787184210527
1416,2021-04-12 00:00:00,Asia/Bangkok,83.95036200000003,59.45689655172414,47.81896551724138,28.62055026086958
1417,2021-04-12 01:00:00,Asia/Bangkok,85.35900730434778,58.20689655172414,46.9059829059829,28.18219469565217
1418,2021-04-12 02:00:00,Asia/Bangkok,86.21325725663716,55.53043478260869,45.33913043478261,27.78255660714286
1419,2021-04-12 03:00:00,Asia/Bangkok,86.66981008620684,54.14529914529915,44.35042735042735,27.47293284482759
1420,2021-04-12 04:00:00,Asia/Bangkok,88.10503081081079,52.66086956521739,43.36521739130435,27.07147756756756
1421,2021-04-12 05:00:00,Asia/Bangkok,88.46674442477875,47.3448275862069,39.52586206896552,26.84134876106194
1422,2021-04-12 06:00:00,Asia/Bangkok,89.16123552631575,44.56034482758621,37.32758620689656,26.38177833333335
1423,2021-04-12 07:00:00,Asia/Bangkok,90.84231142857139,49.61206896551724,41.16379310344828,26.10582499999999
1424,2021-04-12 08:00:00,Asia/Bangkok,88.40063758928572,39.76068376068376,34.39316239316239,26.70343108108107
1425,2021-04-12 09:00:00,Asia/Bangkok,85.88832391304346,37.70689655172414,33.37931034482759,27.86417243478261
1426,2021-04-12 10:00:00,Asia/Bangkok,76.72256616071432,26.56521739130435,24.88793103448276,30.74599883928571
1427,2021-04-12 11:00:00,Asia/Bangkok,69.7278412280702,26.62931034482759,24.43965517241379,32.44133929824562
1428,2021-04-12 12:00:00,Asia/Bangkok,76.63396692982457,27.86206896551724,25.98275862068965,30.89880236842106
1429,2021-04-12 13:00:00,Asia/Bangkok,80.15897500000003,21.66666666666667,20.4017094017094,30.65652868421051
1430,2021-04-12 14:00:00,Asia/Bangkok,70.93518247787608,24.26724137931035,22.92241379310345,32.4542588495575
1431,2021-04-12 15:00:00,Asia/Bangkok,65.01187243478262,20.96521739130435,19.79130434782609,33.69681991304348
1432,2021-04-12 16:00:00,Asia/Bangkok,68.28074743362829,19.20689655172414,18.10344827586207,32.80541884955752
1433,2021-04-12 17:00:00,Asia/Bangkok,67.8316995652174,18.58620689655172,17.43965517241379,32.56318286956523
1434,2021-04-12 18:00:00,Asia/Bangkok,70.23620880341883,22.85470085470086,21.06896551724138,31.76293871794872
1435,2021-04-12 19:00:00,Asia/Bangkok,76.7787654464286,24.67826086956522,22.87931034482759,30.40736645454546
1436,2021-04-12 20:00:00,Asia/Bangkok,80.99106053571428,83.80172413793103,77.57758620689656,29.66313357142858
1437,2021-04-12 21:00:00,Asia/Bangkok,83.68977224489797,69.94949494949495,60.96969696969697,28.94764581632655
1438,2021-04-12 22:00:00,Asia/Bangkok,83.81881105263153,44.77586206896552,37.46551724137931,28.78364798245616
1439,2021-04-12 23:00:00,Asia/Bangkok,83.27106570175435,39.68965517241379,34.3448275862069,28.51561752212386
1440,2021-04-13 00:00:00,Asia/Bangkok,86.06937527777778,33.6695652173913,30.05217391304348,27.70368361111113
1441,2021-04-13 01:00:00,Asia/Bangkok,89.53245894736845,19.82608695652174,18.56521739130435,26.59423429824562
1442,2021-04-13 02:00:00,Asia/Bangkok,91.62677289473685,11.69565217391304,10.65217391304348,26.00078850877194
1443,2021-04-13 03:00:00,Asia/Bangkok,90.79376626086955,12.3448275862069,11.51724137931035,26.22180347826087
1444,2021-04-13 04:00:00,Asia/Bangkok,90.39155544642858,10.51304347826087,9.930434782608696,26.31773741071429
1445,2021-04-13 05:00:00,Asia/Bangkok,91.39289133928571,11.97413793103448,11.23275862068965,26.08801491071427
1446,2021-04-13 06:00:00,Asia/Bangkok,92.15934452173914,13.20689655172414,12.45689655172414,25.90352530434782
1447,2021-04-13 07:00:00,Asia/Bangkok,92.53127171171175,15.8,14.98260869565217,25.94062972972974
1448,2021-04-13 08:00:00,Asia/Bangkok,92.84008571428576,40.1551724137931,34.46551724137931,26.40933830357143
1449,2021-04-13 09:00:00,Asia/Bangkok,90.89458096491225,24.48275862068965,23.0948275862069,27.48482504424778
1450,2021-04-13 10:00:00,Asia/Bangkok,86.3244139130435,21.58620689655172,20.19827586206896,28.55116236842106
1451,2021-04-13 11:00:00,Asia/Bangkok,76.57766413793101,19.5982905982906,18.0,31.20991844827587
1452,2021-04-13 12:00:00,Asia/Bangkok,70.96604359649119,14.49137931034483,13.63793103448276,32.51542929824561
1453,2021-04-13 13:00:00,Asia/Bangkok,68.7834443362832,16.75862068965517,15.75862068965517,33.55164548672566
1454,2021-04-13 14:00:00,Asia/Bangkok,70.59787627272728,13.91228070175439,13.16379310344828,32.49209318181818
1455,2021-04-13 15:00:00,Asia/Bangkok,70.81443660714288,18.93103448275862,17.63793103448276,32.78293508928571
1456,2021-04-13 16:00:00,Asia/Bangkok,86.25515876106195,15.33333333333333,14.28070175438597,28.7511263716814
1457,2021-04-13 17:00:00,Asia/Bangkok,86.19656616071427,7.870689655172414,7.353448275862069,28.48295763636364
1458,2021-04-13 18:00:00,Asia/Bangkok,84.85628513274335,6.922413793103448,6.370689655172414,28.42882026548671
1459,2021-04-13 19:00:00,Asia/Bangkok,84.62868848214289,9.391304347826088,8.756521739130434,28.07452562500001
1460,2021-04-13 20:00:00,Asia/Bangkok,84.01395955752213,7.692307692307693,7.085470085470085,27.18851185840707
1461,2021-04-13 21:00:00,Asia/Bangkok,86.13134633928571,8.826086956521738,8.051724137931034,26.84655901785713
1462,2021-04-13 22:00:00,Asia/Bangkok,86.81229666666664,8.21551724137931,7.543103448275862,26.75213982300885
1463,2021-04-13 23:00:00,Asia/Bangkok,90.7725585840708,6.78448275862069,6.267241379310345,25.71345327433628
1464,2021-04-14 00:00:00,Asia/Bangkok,90.51471964601774,8.094017094017094,7.316239316239316,25.97601707964601
1465,2021-04-14 01:00:00,Asia/Bangkok,90.84156052173915,8.655172413793103,8.008620689655173,25.94178965217391
1466,2021-04-14 02:00:00,Asia/Bangkok,91.80232034188032,10.48717948717949,9.827586206896552,25.64432888888889
1467,2021-04-14 03:00:00,Asia/Bangkok,91.77422217391302,9.156521739130435,8.517241379310345,25.61148591304347
1468,2021-04-14 04:00:00,Asia/Bangkok,92.15671784482761,12.56034482758621,11.63793103448276,25.40966672413791
1469,2021-04-14 05:00:00,Asia/Bangkok,92.19572477876109,11.58620689655172,10.81034482758621,25.34567876106194
1470,2021-04-14 06:00:00,Asia/Bangkok,92.03458200000006,12.73275862068965,11.94827586206897,25.47949400000003
1471,2021-04-14 07:00:00,Asia/Bangkok,92.20785954128442,18.55172413793104,17.48275862068965,25.46071825688075
1472,2021-04-14 08:00:00,Asia/Bangkok,92.09453869565219,21.64655172413793,20.35344827586207,26.17640904347825
1473,2021-04-14 09:00:00,Asia/Bangkok,85.42451614035087,15.47787610619469,14.57522123893805,27.96947578947369
1474,2021-04-14 10:00:00,Asia/Bangkok,77.68008366071426,15.63478260869565,14.66086956521739,30.32418366071428
1475,2021-04-14 11:00:00,Asia/Bangkok,71.21916903508776,18.06034482758621,17.24137931034483,32.19679504424779
1476,2021-04-14 12:00:00,Asia/Bangkok,64.49364535714285,17.04347826086957,16.15652173913044,33.6295738392857
1477,2021-04-14 13:00:00,Asia/Bangkok,61.42158637168141,16.51304347826087,15.97391304347826,34.64294000000001
1478,2021-04-14 14:00:00,Asia/Bangkok,60.90980000000004,17.94782608695652,17.27826086956522,34.84819622807018
1479,2021-04-14 15:00:00,Asia/Bangkok,66.84853580357144,14.33035714285714,13.67857142857143,34.03377017857144
1480,2021-04-14 16:00:00,Asia/Bangkok,86.65832824561403,11.94827586206897,11.03448275862069,27.86252280701757
1481,2021-04-14 17:00:00,Asia/Bangkok,89.15386043478262,11.83620689655172,11.06034482758621,27.08308801724137
1482,2021-04-14 18:00:00,Asia/Bangkok,88.86254796460176,9.391304347826088,8.758620689655173,26.57919142857144
1483,2021-04-14 19:00:00,Asia/Bangkok,89.57531099099094,22.64035087719298,19.78070175438597,26.51936881818183
1484,2021-04-14 20:00:00,Asia/Bangkok,90.30865008695653,20.87068965517241,19.33620689655172,26.08547730434783
1485,2021-04-14 21:00:00,Asia/Bangkok,90.21977639639641,14.43965517241379,13.50862068965517,25.94267540540541
1486,2021-04-14 22:00:00,Asia/Bangkok,89.55652274336283,18.0695652173913,17.01739130434783,26.07921398230086
1487,2021-04-14 23:00:00,Asia/Bangkok,91.12486681415935,22.67241379310345,21.33913043478261,25.9629253097345
1488,2021-04-15 00:00:00,Asia/Bangkok,90.26460929824559,20.25217391304348,19.11206896551724,26.10980157894739
1489,2021-04-15 01:00:00,Asia/Bangkok,92.02013271929825,22.04310344827586,20.81896551724138,25.66030548672568
1490,2021-04-15 02:00:00,Asia/Bangkok,91.14322369369373,19.61206896551724,18.35344827586207,25.52679250000004
1491,2021-04-15 03:00:00,Asia/Bangkok,91.97545120689655,18.75213675213675,17.52991452991453,25.26078660869567
1492,2021-04-15 04:00:00,Asia/Bangkok,92.70708090090089,17.81739130434783,16.86086956521739,24.90379234234236
1493,2021-04-15 05:00:00,Asia/Bangkok,92.85242200000003,16.99115044247788,15.98230088495575,24.70509939130435
1494,2021-04-15 06:00:00,Asia/Bangkok,92.90406954545452,17.75862068965517,16.79310344827586,24.57381381818184
1495,2021-04-15 07:00:00,Asia/Bangkok,92.86957939130434,20.38793103448276,19.5,24.50877778761063
1496,2021-04-15 08:00:00,Asia/Bangkok,94.86808634782614,23.06034482758621,22.03448275862069,24.76768121739131
1497,2021-04-15 09:00:00,Asia/Bangkok,88.54900840707964,16.41379310344828,15.4051724137931,26.83196513274335
1498,2021-04-15 10:00:00,Asia/Bangkok,76.772400990991,13.72413793103448,13.0,29.99228801801803
1499,2021-04-15 11:00:00,Asia/Bangkok,70.51112973451328,10.61538461538461,10.05128205128205,31.91066633928569
1500,2021-04-15 12:00:00,Asia/Bangkok,64.58207052631576,9.698275862068966,9.267241379310345,33.63455596491227
1501,2021-04-15 13:00:00,Asia/Bangkok,61.39450156521742,9.75,9.301724137931034,34.50351504347826
1502,2021-04-15 14:00:00,Asia/Bangkok,58.11085298245612,8.380530973451327,7.849557522123894,34.78087168141592
1503,2021-04-15 15:00:00,Asia/Bangkok,59.87641535714284,9.293103448275861,8.931034482758621,34.98173758928572
1504,2021-04-15 16:00:00,Asia/Bangkok,65.4822468181818,13.26724137931035,12.42241379310345,34.25903605504588
1505,2021-04-15 17:00:00,Asia/Bangkok,70.33883026315787,43.8448275862069,37.38793103448276,32.45726938596491
1506,2021-04-15 18:00:00,Asia/Bangkok,73.76412345132746,59.66086956521739,54.25862068965517,31.18325150442476
1507,2021-04-15 19:00:00,Asia/Bangkok,77.1479386607143,18.69565217391304,16.92241379310345,29.19429450450449
1508,2021-04-15 20:00:00,Asia/Bangkok,81.24293678899082,19.35714285714286,17.9375,28.32137357798166
1509,2021-04-15 21:00:00,Asia/Bangkok,83.38115375000007,33.21052631578947,28.78947368421053,28.34394801801799
1510,2021-04-15 22:00:00,Asia/Bangkok,84.99777557522124,24.16666666666667,22.92173913043478,28.05776292035398
1511,2021-04-15 23:00:00,Asia/Bangkok,86.77706252173911,32.3448275862069,29.68103448275862,27.80022521739131
1512,2021-04-16 00:00:00,Asia/Bangkok,87.76554945945944,31.15789473684211,29.1140350877193,27.46267099099099
1513,2021-04-16 01:00:00,Asia/Bangkok,87.88507232142852,31.85344827586207,29.06896551724138,27.23933223214286
1514,2021-04-16 02:00:00,Asia/Bangkok,89.93859678571434,29.06034482758621,27.54310344827586,26.64063428571429
1515,2021-04-16 03:00:00,Asia/Bangkok,91.20599868421051,28.21551724137931,26.79310344827586,26.33590852173914
1516,2021-04-16 04:00:00,Asia/Bangkok,90.19235353448278,34.32478632478632,31.64957264957265,26.36402852173914
1517,2021-04-16 05:00:00,Asia/Bangkok,90.91312919642859,27.71551724137931,26.25,26.0499636607143
1518,2021-04-16 06:00:00,Asia/Bangkok,91.36588403508772,28.33620689655172,26.6551724137931,25.72640087719303
1519,2021-04-16 07:00:00,Asia/Bangkok,92.48517060869564,37.10434782608696,32.56521739130435,25.47220721739134
1520,2021-04-16 08:00:00,Asia/Bangkok,92.77254486486491,28.27826086956522,26.17391304347826,26.14663117117118
1521,2021-04-16 09:00:00,Asia/Bangkok,85.96088900900902,20.63793103448276,19.45689655172414,28.03784801801802
1522,2021-04-16 10:00:00,Asia/Bangkok,77.4817350442478,15.76724137931035,15.10344827586207,30.11415598214286
1523,2021-04-16 11:00:00,Asia/Bangkok,68.62442657894736,12.99130434782609,12.30434782608696,32.20639044247787
1524,2021-04-16 12:00:00,Asia/Bangkok,62.10643318584071,11.32173913043478,10.76521739130435,33.85121982300884
1525,2021-04-16 13:00:00,Asia/Bangkok,58.8112693859649,14.35897435897436,13.71794871794872,34.86095401785714
1526,2021-04-16 14:00:00,Asia/Bangkok,55.75725561403511,12.74137931034483,12.25,35.47218710526317
1527,2021-04-16 15:00:00,Asia/Bangkok,53.49668836363637,13.25,12.62931034482759,36.29267363636363
1528,2021-04-16 16:00:00,Asia/Bangkok,55.69998026785715,12.53448275862069,12.0948275862069,36.00986214285714
1529,2021-04-16 17:00:00,Asia/Bangkok,68.25474599999998,15.26495726495727,14.5982905982906,33.59112278260869
1530,2021-04-16 18:00:00,Asia/Bangkok,73.16075633928573,19.8,18.30434782608696,31.40370743362831
1531,2021-04-16 19:00:00,Asia/Bangkok,87.05797309734518,9.403508771929825,8.68421052631579,26.41265216216215
1532,2021-04-16 20:00:00,Asia/Bangkok,86.9351073275862,8.376068376068377,7.948717948717949,26.57968663793104
1533,2021-04-16 21:00:00,Asia/Bangkok,88.75269846846845,9.818965517241379,9.318965517241379,26.35347315315319
1534,2021-04-16 22:00:00,Asia/Bangkok,91.33164761061948,20.92241379310345,19.00862068965517,25.89163150442477
1535,2021-04-16 23:00:00,Asia/Bangkok,91.35681778761067,21.20353982300885,19.76106194690265,26.03670660714288
1536,2021-04-17 00:00:00,Asia/Bangkok,91.69764716814157,22.11206896551724,20.52586206896552,26.12349938053096
1537,2021-04-17 01:00:00,Asia/Bangkok,92.19393112068963,14.07758620689655,13.3448275862069,25.90063793103449
1538,2021-04-17 02:00:00,Asia/Bangkok,92.69518945945944,16.52586206896552,15.74137931034483,25.67665513513513
1539,2021-04-17 03:00:00,Asia/Bangkok,93.21304622641509,18.27586206896552,17.31896551724138,25.35888264150945
1540,2021-04-17 04:00:00,Asia/Bangkok,94.04103666666667,16.64655172413793,15.62068965517241,25.16411639639641
1541,2021-04-17 05:00:00,Asia/Bangkok,93.33610990909092,15.38793103448276,14.49137931034483,25.06622236363635
1542,2021-04-17 06:00:00,Asia/Bangkok,92.6784863963964,11.83478260869565,11.11304347826087,25.11763809090911
1543,2021-04-17 07:00:00,Asia/Bangkok,92.9711583333333,13.64347826086957,12.69565217391304,24.97633712962961
1544,2021-04-17 08:00:00,Asia/Bangkok,94.94534289473685,17.23275862068965,16.10344827586207,25.2756107079646
1545,2021-04-17 09:00:00,Asia/Bangkok,89.13355991071431,13.43859649122807,12.58771929824561,27.44949637168141
1546,2021-04-17 10:00:00,Asia/Bangkok,76.75209681415929,11.80172413793103,11.07758620689655,30.0398875
1547,2021-04-17 11:00:00,Asia/Bangkok,69.20094761061948,5.860869565217391,5.469565217391304,32.01861477876108
1548,2021-04-17 12:00:00,Asia/Bangkok,64.24217151785716,4.008620689655173,3.767241379310345,33.35176375
1549,2021-04-17 13:00:00,Asia/Bangkok,62.48291508928573,4.060869565217391,3.817391304347826,34.49961099099099
1550,2021-04-17 14:00:00,Asia/Bangkok,60.55581356521738,4.844827586206897,4.517241379310345,34.76327991304348
1551,2021-04-17 15:00:00,Asia/Bangkok,57.43231194690267,4.525862068965517,4.172413793103448,35.31953374999999
1552,2021-04-17 16:00:00,Asia/Bangkok,60.67831936363634,6.137931034482759,5.896551724137931,34.84404654545455
1553,2021-04-17 17:00:00,Asia/Bangkok,65.86661656249998,17.25,15.90625,34.11299906249999
1554,2021-04-17 18:00:00,Asia/Bangkok,72.2554972,26.17647058823529,23.54901960784314,31.84526676767675
1555,2021-04-17 19:00:00,Asia/Bangkok,83.43985601769916,45.51754385964912,41.58771929824562,30.04753495575219
1556,2021-04-17 20:00:00,Asia/Bangkok,88.45001789473687,19.46956521739131,17.34782608695652,26.52300324561404
1557,2021-04-17 21:00:00,Asia/Bangkok,88.69949956521742,2.896551724137931,2.387931034482758,25.29338482456141
1558,2021-04-17 22:00:00,Asia/Bangkok,89.11005398230088,1.71551724137931,1.560344827586207,25.44432982456141
1559,2021-04-17 23:00:00,Asia/Bangkok,89.69924723214287,2.113043478260869,1.895652173913043,25.30241535714286
1560,2021-04-18 00:00:00,Asia/Bangkok,90.52523443478265,0.3620689655172414,0.2672413793103448,24.92699243478262
1561,2021-04-18 01:00:00,Asia/Bangkok,92.41776417391307,0.4051724137931034,0.1551724137931035,24.91313104347828
1562,2021-04-18 02:00:00,Asia/Bangkok,92.92937105263158,0.5257731958762887,0.3711340206185567,24.77948357894739
1563,2021-04-18 03:00:00,Asia/Bangkok,92.93478696428575,2.252173913043478,1.591304347826087,24.75744982142858
1564,2021-04-18 04:00:00,Asia/Bangkok,92.92984940677968,8.066666666666666,6.016666666666667,24.64917991452993
1565,2021-04-18 05:00:00,Asia/Bangkok,93.08298768518522,7.451327433628318,6.20353982300885,24.54105271028039
1566,2021-04-18 06:00:00,Asia/Bangkok,94.0802488392857,7.474137931034483,6.482758620689655,24.22472160714286
1567,2021-04-18 07:00:00,Asia/Bangkok,93.85426132743363,7.913793103448276,7.017241379310345,24.26916000000001
1568,2021-04-18 08:00:00,Asia/Bangkok,94.82670182608695,22.01724137931035,17.07758620689655,24.95504469565217
1569,2021-04-18 09:00:00,Asia/Bangkok,91.3703997391304,6.405172413793103,5.758620689655173,26.43893652173912
1570,2021-04-18 10:00:00,Asia/Bangkok,84.12731252173914,7.53448275862069,6.939655172413793,28.57368982608696
1571,2021-04-18 11:00:00,Asia/Bangkok,74.2294715044248,6.786324786324786,6.17948717948718,31.01409973451328
1572,2021-04-18 12:00:00,Asia/Bangkok,64.44595163636363,5.706896551724138,5.25,33.99279545454546
1573,2021-04-18 13:00:00,Asia/Bangkok,62.08043125,6.112068965517241,5.594827586206897,34.67989410714286
1574,2021-04-18 14:00:00,Asia/Bangkok,61.5077152252252,8.46551724137931,7.525862068965517,34.80470171171172
1575,2021-04-18 15:00:00,Asia/Bangkok,60.29294692982454,9.905172413793103,9.181034482758621,34.25194017543859
1576,2021-04-18 16:00:00,Asia/Bangkok,62.63288495652173,10.7948717948718,10.08547008547009,33.69640269565219
1577,2021-04-18 17:00:00,Asia/Bangkok,64.3448561607143,15.75862068965517,14.93965517241379,33.4268663392857
1578,2021-04-18 18:00:00,Asia/Bangkok,73.39049513043477,18.78181818181818,17.29090909090909,31.97496782608695
1579,2021-04-18 19:00:00,Asia/Bangkok,78.28574554545453,38.2719298245614,33.17543859649123,29.76253145454545
1580,2021-04-18 20:00:00,Asia/Bangkok,90.79830580357147,11.47413793103448,10.36206896551724,26.4942161607143
1581,2021-04-18 21:00:00,Asia/Bangkok,92.68270234782611,13.33333333333333,12.45299145299145,26.31825973913043
1582,2021-04-18 22:00:00,Asia/Bangkok,91.75615500000004,16.82758620689655,15.43965517241379,26.8284174137931
1583,2021-04-18 23:00:00,Asia/Bangkok,90.58530330434783,10.13793103448276,9.491379310344827,26.9722123478261
1584,2021-04-19 00:00:00,Asia/Bangkok,92.20705330357137,18.18103448275862,17.05172413793104,26.62489723214285
1585,2021-04-19 01:00:00,Asia/Bangkok,93.23771219298249,16.92241379310345,15.78448275862069,26.23898666666666
1586,2021-04-19 02:00:00,Asia/Bangkok,93.99664631578952,16.53043478260869,15.56521739130435,25.89149315789473
1587,2021-04-19 03:00:00,Asia/Bangkok,93.87719728070178,16.31896551724138,15.44827586206897,25.68063342105266
1588,2021-04-19 04:00:00,Asia/Bangkok,94.37499575221239,18.2719298245614,17.30701754385965,25.38526097345132
1589,2021-04-19 05:00:00,Asia/Bangkok,93.91581088495579,17.87826086956522,17.09565217391305,25.47004893805314
1590,2021-04-19 06:00:00,Asia/Bangkok,93.93546939130438,23.94782608695652,22.22608695652174,25.3269428695652
1591,2021-04-19 07:00:00,Asia/Bangkok,94.95935123893801,19.02586206896552,17.78448275862069,25.15459389380532
1592,2021-04-19 08:00:00,Asia/Bangkok,94.80424955752213,18.32758620689655,17.12068965517241,25.60541017699116
1593,2021-04-19 09:00:00,Asia/Bangkok,90.24027544642851,10.23478260869565,9.530434782608696,27.48800857142857
1594,2021-04-19 10:00:00,Asia/Bangkok,78.42769131578943,4.252173913043478,3.767241379310345,30.21683815789472
1595,2021-04-19 11:00:00,Asia/Bangkok,71.62463918918918,5.077586206896552,4.612068965517241,31.69944072727273
1596,2021-04-19 12:00:00,Asia/Bangkok,64.91562862068966,2.401709401709402,1.982905982905983,33.20369104347825
1597,2021-04-19 13:00:00,Asia/Bangkok,64.14012371681416,2.422413793103448,2.077586206896552,33.58763522123895
1598,2021-04-19 14:00:00,Asia/Bangkok,60.54577336206894,2.379310344827586,2.051724137931035,34.85825999999999
1599,2021-04-19 15:00:00,Asia/Bangkok,66.19354090090093,1.053097345132743,0.7876106194690266,32.15218436363637
1600,2021-04-19 16:00:00,Asia/Bangkok,67.8158918018018,8.478260869565217,7.165217391304348,31.59229567567568
1601,2021-04-19 17:00:00,Asia/Bangkok,73.65600850877192,12.89655172413793,11.61206896551724,30.41249850877193
1602,2021-04-19 18:00:00,Asia/Bangkok,78.33505088495575,40.64655172413793,36.0,28.77912876106192
1603,2021-04-19 19:00:00,Asia/Bangkok,82.5830226126126,18.67826086956522,16.22608695652174,27.54634117117118
1604,2021-04-19 20:00:00,Asia/Bangkok,83.6088805357143,9.14655172413793,8.387931034482758,27.22214142857143
1605,2021-04-19 21:00:00,Asia/Bangkok,84.7057200884956,8.181034482758621,7.637931034482759,26.9365096460177
1606,2021-04-19 22:00:00,Asia/Bangkok,86.7826471929824,13.32758620689655,12.62931034482759,26.73941982456142
1607,2021-04-19 23:00:00,Asia/Bangkok,88.59828336283184,10.28448275862069,9.577586206896552,26.49623690265487
1608,2021-04-20 00:00:00,Asia/Bangkok,90.11355544642853,8.895652173913044,8.234782608695653,26.24201267857143
1609,2021-04-20 01:00:00,Asia/Bangkok,90.60966365217391,6.03448275862069,5.560344827586207,26.17104452173913
1610,2021-04-20 02:00:00,Asia/Bangkok,91.7220775675676,6.607142857142857,5.919642857142857,25.73530666666665
1611,2021-04-20 03:00:00,Asia/Bangkok,92.25021327433626,7.474137931034483,6.827586206896552,25.502691875
1612,2021-04-20 04:00:00,Asia/Bangkok,92.48676508771925,15.86086956521739,14.87826086956522,25.4125195614035
1613,2021-04-20 05:00:00,Asia/Bangkok,92.7958475892857,14.56896551724138,13.77586206896552,25.15385330357143
1614,2021-04-20 06:00:00,Asia/Bangkok,93.88241930434783,11.21367521367521,10.52136752136752,24.80902105263158
1615,2021-04-20 07:00:00,Asia/Bangkok,93.61269830357143,10.67543859649123,9.973684210526315,24.92320142857142
1616,2021-04-20 08:00:00,Asia/Bangkok,90.38781548672564,7.53448275862069,6.78448275862069,26.11107097345134
1617,2021-04-20 09:00:00,Asia/Bangkok,83.73364882882883,8.637931034482758,8.0,28.30399763636364
1618,2021-04-20 10:00:00,Asia/Bangkok,73.29947879120878,4.89247311827957,4.419354838709677,30.49060119565216
1619,2021-04-20 11:00:00,Asia/Bangkok,64.94705019801982,11.79090909090909,10.20909090909091,33.19948009803922
1620,2021-04-20 12:00:00,Asia/Bangkok,60.8160656521739,3.655172413793104,3.189655172413793,34.62895095652173
1621,2021-04-20 13:00:00,Asia/Bangkok,57.54861080357144,3.295652173913044,3.043478260869565,34.98502830357142
1622,2021-04-20 14:00:00,Asia/Bangkok,55.1088983035714,5.4,5.095652173913043,35.84964160714286
1623,2021-04-20 15:00:00,Asia/Bangkok,59.76413736363635,6.72972972972973,6.378378378378378,34.95828216216216
1624,2021-04-20 16:00:00,Asia/Bangkok,65.79474824561406,8.389380530973451,7.654867256637168,33.56509300884957
1625,2021-04-20 17:00:00,Asia/Bangkok,69.5680307826087,17.59130434782609,15.90434782608696,32.4059600869565
1626,2021-04-20 18:00:00,Asia/Bangkok,77.05224904347828,28.07826086956522,25.34782608695652,30.20117356521737
1627,2021-04-20 19:00:00,Asia/Bangkok,84.77316263636365,12.63157894736842,11.8859649122807,28.11221954545454
1628,2021-04-20 20:00:00,Asia/Bangkok,87.22557902654869,26.22413793103448,22.60344827586207,27.75580530973451
1629,2021-04-20 21:00:00,Asia/Bangkok,88.9207668965517,12.17241379310345,10.99130434782609,27.70644956896554
1630,2021-04-20 22:00:00,Asia/Bangkok,91.96649669565222,6.939655172413793,6.307692307692307,27.46634000000001
1631,2021-04-20 23:00:00,Asia/Bangkok,91.79728119266055,7.094827586206897,6.456896551724138,27.53607807339452
1632,2021-04-21 00:00:00,Asia/Bangkok,90.71715380530972,7.0,6.6,27.50877517857143
1633,2021-04-21 01:00:00,Asia/Bangkok,90.58275539130437,6.258620689655173,5.905172413793103,27.30718652173913
1634,2021-04-21 02:00:00,Asia/Bangkok,92.69448017699114,8.732758620689655,8.189655172413794,26.67503812500001
1635,2021-04-21 03:00:00,Asia/Bangkok,93.87626973214286,10.10526315789474,9.373913043478261,26.22391696428571
1636,2021-04-21 04:00:00,Asia/Bangkok,94.17091929824562,11.99137931034483,11.14655172413793,26.02983263157895
1637,2021-04-21 05:00:00,Asia/Bangkok,94.29536137931034,16.49572649572649,15.4957264957265,25.84384834782609
1638,2021-04-21 06:00:00,Asia/Bangkok,94.51535720720717,18.66666666666667,17.70175438596491,25.74459598214283
1639,2021-04-21 07:00:00,Asia/Bangkok,94.66895171171171,17.81896551724138,16.88793103448276,25.73640745454546
1640,2021-04-21 08:00:00,Asia/Bangkok,93.81076539823007,16.28070175438597,15.48245614035088,26.68098442477876
1641,2021-04-21 09:00:00,Asia/Bangkok,85.56922460869568,8.637931034482758,7.818965517241379,28.9657631304348
1642,2021-04-21 10:00:00,Asia/Bangkok,77.2830500877193,6.930434782608696,6.373913043478261,30.77852026315787
1643,2021-04-21 11:00:00,Asia/Bangkok,70.65153315789473,7.573913043478261,7.060869565217391,32.44888157894736
1644,2021-04-21 12:00:00,Asia/Bangkok,66.34007017391305,8.655172413793103,8.077586206896552,33.68730060869566
1645,2021-04-21 13:00:00,Asia/Bangkok,59.96978704761909,7.523809523809524,7.047619047619047,35.17181132075471
1646,2021-04-21 14:00:00,Asia/Bangkok,62.2501700877193,7.887931034482759,7.431034482758621,34.68875690265486
1647,2021-04-21 15:00:00,Asia/Bangkok,67.29807109090909,6.423423423423423,6.063063063063063,33.18696109090909
1648,2021-04-21 16:00:00,Asia/Bangkok,73.30069208333332,10.85950413223141,10.24793388429752,31.82613256198347
1649,2021-04-21 17:00:00,Asia/Bangkok,81.33954156521739,17.35652173913044,15.69565217391304,29.33401298245613
1650,2021-04-21 18:00:00,Asia/Bangkok,82.59051817391308,13.85470085470086,13.06837606837607,29.16580347826088
1651,2021-04-21 19:00:00,Asia/Bangkok,84.6062704385965,54.96521739130435,44.75652173913043,28.68219666666667
1652,2021-04-21 20:00:00,Asia/Bangkok,85.98948573913043,33.35344827586207,28.87931034482759,28.65540426086957
1653,2021-04-21 21:00:00,Asia/Bangkok,87.04221280701755,28.94871794871795,26.48717948717949,28.30008035087721
1654,2021-04-21 22:00:00,Asia/Bangkok,88.97267982456137,31.81739130434783,28.8695652173913,27.80841640350876
1655,2021-04-21 23:00:00,Asia/Bangkok,89.86679999999998,35.77586206896552,31.31034482758621,27.46337905172414
1656,2021-04-22 00:00:00,Asia/Bangkok,90.40211392857142,32.05128205128205,29.63247863247863,27.15452473214285
1657,2021-04-22 01:00:00,Asia/Bangkok,90.86758366071426,27.13793103448276,25.56896551724138,27.05763017857143
1658,2021-04-22 02:00:00,Asia/Bangkok,91.29187938053096,25.70434782608696,24.34782608695652,26.70924982300886
1659,2021-04-22 03:00:00,Asia/Bangkok,92.21170122807017,25.28695652173913,24.0,26.32973026315791
1660,2021-04-22 04:00:00,Asia/Bangkok,92.73276398148145,26.42608695652174,25.21739130434782,26.04012853211005
1661,2021-04-22 05:00:00,Asia/Bangkok,92.55765678260872,22.86324786324786,21.90598290598291,26.21928543859648
1662,2021-04-22 06:00:00,Asia/Bangkok,92.09720784482761,24.49137931034483,23.29310344827586,26.17614224137928
1663,2021-04-22 07:00:00,Asia/Bangkok,93.27459373913044,23.62068965517241,22.37931034482759,26.10426104347826
1664,2021-04-22 08:00:00,Asia/Bangkok,93.52694660714283,32.33620689655172,28.91379310344828,26.76738026548671
1665,2021-04-22 09:00:00,Asia/Bangkok,85.21194701754384,20.37719298245614,18.70175438596491,29.16323185840709
1666,2021-04-22 10:00:00,Asia/Bangkok,74.34392784482758,10.0,9.439655172413794,31.54308844827586
1667,2021-04-22 11:00:00,Asia/Bangkok,67.70674359649122,8.741379310344827,8.129310344827585,32.91234964601768
1668,2021-04-22 12:00:00,Asia/Bangkok,59.46024552631578,6.301724137931035,5.810344827586207,34.99576710526318
1669,2021-04-22 13:00:00,Asia/Bangkok,57.04168439655177,5.974137931034483,5.629310344827586,36.01105568965514
1670,2021-04-22 14:00:00,Asia/Bangkok,53.71072187499998,8.655172413793103,8.189655172413794,37.27798178571427
1671,2021-04-22 15:00:00,Asia/Bangkok,56.83737485981305,11.54310344827586,11.00862068965517,36.09295409523808
1672,2021-04-22 16:00:00,Asia/Bangkok,75.98886090909089,7.28448275862069,6.71551724137931,30.87690645454546
1673,2021-04-22 17:00:00,Asia/Bangkok,79.51918881818182,4.318965517241379,3.974137931034483,29.43483363636364
1674,2021-04-22 18:00:00,Asia/Bangkok,79.4553613392857,18.06140350877193,16.57017543859649,29.42037178571428
1675,2021-04-22 19:00:00,Asia/Bangkok,79.9568995614035,45.12173913043478,40.63478260869565,28.80342327433628
1676,2021-04-22 20:00:00,Asia/Bangkok,82.33512396396395,6.265486725663717,5.716814159292035,27.15315954545454
1677,2021-04-22 21:00:00,Asia/Bangkok,83.1166490434782,8.189655172413794,7.474137931034483,27.55928982608695
1678,2021-04-22 22:00:00,Asia/Bangkok,87.76650789473688,15.62608695652174,14.51304347826087,26.94280657894738
1679,2021-04-22 23:00:00,Asia/Bangkok,90.60273107142856,11.22222222222222,10.34188034188034,26.44462607142856
1680,2021-04-23 00:00:00,Asia/Bangkok,91.45923271929821,5.836206896551724,5.224137931034483,26.07616482456141
1681,2021-04-23 01:00:00,Asia/Bangkok,91.32959321428568,6.560344827586207,6.017241379310345,26.33676241071428
1682,2021-04-23 02:00:00,Asia/Bangkok,91.67025646551721,13.03418803418803,12.24137931034483,26.39563870689656
1683,2021-04-23 03:00:00,Asia/Bangkok,93.26106774774773,11.35344827586207,10.4957264957265,25.84343772727272
1684,2021-04-23 04:00:00,Asia/Bangkok,92.83800377192983,13.35344827586207,12.70689655172414,25.90592192982458
1685,2021-04-23 05:00:00,Asia/Bangkok,92.39494114035087,15.00862068965517,14.31034482758621,26.03650868421051
1686,2021-04-23 06:00:00,Asia/Bangkok,92.23049245614035,13.11206896551724,12.49137931034483,25.93297692982456
1687,2021-04-23 07:00:00,Asia/Bangkok,91.5694857017544,14.6578947368421,13.94736842105263,25.96628385964911
1688,2021-04-23 08:00:00,Asia/Bangkok,88.29477752212392,12.23275862068965,11.46551724137931,27.09476796460176
1689,2021-04-23 09:00:00,Asia/Bangkok,82.77539017391305,9.181034482758621,8.663793103448276,28.87473930434782
1690,2021-04-23 10:00:00,Asia/Bangkok,78.23885827586204,7.689655172413793,7.21551724137931,30.34316689655172
1691,2021-04-23 11:00:00,Asia/Bangkok,69.43928482456143,8.0,7.413793103448276,32.66086824561404
1692,2021-04-23 12:00:00,Asia/Bangkok,64.26992864864863,9.956521739130435,9.443478260869565,34.04572702702703
1693,2021-04-23 13:00:00,Asia/Bangkok,62.75635935185186,8.939655172413794,8.5,34.59498601851852
1694,2021-04-23 14:00:00,Asia/Bangkok,70.50601522522521,7.854700854700854,7.435897435897436,32.76707135135137
1695,2021-04-23 15:00:00,Asia/Bangkok,69.38898385964912,34.0948275862069,30.36206896551724,32.79562763157895
1696,2021-04-23 16:00:00,Asia/Bangkok,75.93109309734513,10.52586206896552,8.78448275862069,28.50708769911507
1697,2021-04-23 17:00:00,Asia/Bangkok,81.6165355172414,8.649572649572649,7.735042735042735,26.71780353448278
1698,2021-04-23 18:00:00,Asia/Bangkok,88.01728947826085,18.05172413793104,16.55172413793104,26.42337852173912
1699,2021-04-23 19:00:00,Asia/Bangkok,89.95680330434786,44.10344827586207,38.79310344827586,26.33697582608696
1700,2021-04-23 20:00:00,Asia/Bangkok,90.88186377192982,14.12931034482759,13.12931034482759,26.05086807017544
1701,2021-04-23 21:00:00,Asia/Bangkok,89.10318456140351,12.31034482758621,11.41379310344828,26.50761175438597
1702,2021-04-23 22:00:00,Asia/Bangkok,86.56961422413791,9.469026548672566,8.831858407079647,26.57591034482759
1703,2021-04-23 23:00:00,Asia/Bangkok,88.07696019607847,10.2952380952381,9.676190476190476,26.29814666666666
1704,2021-04-24 00:00:00,Asia/Bangkok,90.50839944000002,11.8503937007874,11.18897637795276,25.83036592000002
1705,2021-04-24 01:00:00,Asia/Bangkok,92.09999834862384,13.46551724137931,12.72413793103448,25.54197972222223
1706,2021-04-24 02:00:00,Asia/Bangkok,91.50575634782611,13.31623931623932,12.4017094017094,25.51333182608694
1707,2021-04-24 03:00:00,Asia/Bangkok,92.16817725663715,13.55172413793103,12.66379310344828,25.192712920354
1708,2021-04-24 04:00:00,Asia/Bangkok,92.78572482142856,14.18260869565217,13.16521739130435,24.97519477477476
1709,2021-04-24 05:00:00,Asia/Bangkok,92.93126452173914,12.46086956521739,11.92982456140351,25.02423947826088
1710,2021-04-24 06:00:00,Asia/Bangkok,91.83556321739138,14.78260869565217,14.12068965517241,25.40166504347826
1711,2021-04-24 07:00:00,Asia/Bangkok,91.41301377192988,12.24347826086957,11.55652173913044,25.44929631578949
1712,2021-04-24 08:00:00,Asia/Bangkok,90.14903801724135,10.18965517241379,9.448275862068966,26.41852086206896
1713,2021-04-24 09:00:00,Asia/Bangkok,84.41834499999996,7.5,6.93859649122807,28.41070214285714
1714,2021-04-24 10:00:00,Asia/Bangkok,78.89109356521745,7.70940170940171,7.256410256410256,29.70600182608696
1715,2021-04-24 11:00:00,Asia/Bangkok,74.70818491071431,8.660869565217391,8.043478260869565,30.99918017857141
1716,2021-04-24 12:00:00,Asia/Bangkok,70.47800929824562,8.258620689655173,7.517241379310345,32.10204447368422
1717,2021-04-24 13:00:00,Asia/Bangkok,65.2733294690265,8.086206896551724,7.448275862068965,33.2826753982301
1718,2021-04-24 14:00:00,Asia/Bangkok,61.31079180180181,10.46153846153846,9.905982905982906,34.16675846846849
1719,2021-04-24 15:00:00,Asia/Bangkok,60.46928955752212,11.49137931034483,10.64655172413793,34.20313407079646
1720,2021-04-24 16:00:00,Asia/Bangkok,59.34433096491227,10.78070175438597,9.973684210526315,34.24308745614037
1721,2021-04-24 17:00:00,Asia/Bangkok,61.23305026548672,10.63157894736842,9.868421052631579,33.79322973684209
1722,2021-04-24 18:00:00,Asia/Bangkok,64.82270807017544,19.44827586206896,17.56896551724138,32.79939771929827
1723,2021-04-24 19:00:00,Asia/Bangkok,69.82960392857144,16.72566371681416,15.46017699115044,31.28113767857142
1724,2021-04-24 20:00:00,Asia/Bangkok,73.68110750000001,24.18103448275862,21.87068965517241,30.11245922413793
1725,2021-04-24 21:00:00,Asia/Bangkok,76.35613207207206,17.68103448275862,16.20689655172414,29.19434027027027
1726,2021-04-24 22:00:00,Asia/Bangkok,78.92014836363636,16.12068965517241,14.76724137931035,28.80109536363638
1727,2021-04-24 23:00:00,Asia/Bangkok,80.45740473214286,14.19827586206897,13.32758620689655,28.26659803571427
1728,2021-04-25 00:00:00,Asia/Bangkok,80.41492689655175,13.67241379310345,12.89655172413793,27.8736673275862
1729,2021-04-25 01:00:00,Asia/Bangkok,80.02178375000003,14.09565217391304,13.41739130434783,27.66434732142859
1730,2021-04-25 02:00:00,Asia/Bangkok,80.3064622123894,13.04424778761062,12.3716814159292,27.5387794736842
1731,2021-04-25 03:00:00,Asia/Bangkok,83.06313704347825,13.95726495726496,13.17948717948718,26.98119631578947
1732,2021-04-25 04:00:00,Asia/Bangkok,83.61586168141592,16.06034482758621,15.17241379310345,26.94447696428572
1733,2021-04-25 05:00:00,Asia/Bangkok,85.48428339285714,16.99137931034483,16.10344827586207,26.80053769911504
1734,2021-04-25 06:00:00,Asia/Bangkok,85.79788469565223,16.79310344827586,15.78448275862069,26.68483754385965
1735,2021-04-25 07:00:00,Asia/Bangkok,86.98051610619468,30.44347826086956,27.39130434782609,26.632946460177
1736,2021-04-25 08:00:00,Asia/Bangkok,87.8655496521739,25.5948275862069,23.19827586206896,26.97660234782609
1737,2021-04-25 09:00:00,Asia/Bangkok,81.97198666666674,14.24603174603175,13.14285714285714,28.88419910569106
1738,2021-04-25 10:00:00,Asia/Bangkok,72.9602281553398,9.30188679245283,8.39622641509434,30.9250699029126
1739,2021-04-25 11:00:00,Asia/Bangkok,64.45199225225227,12.52173913043478,11.39130434782609,33.3698454054054
1740,2021-04-25 12:00:00,Asia/Bangkok,61.48075810810813,14.82758620689655,13.87068965517241,34.60024144144141
1741,2021-04-25 13:00:00,Asia/Bangkok,56.5748043859649,13.28448275862069,12.41379310344828,36.19954587719298
1742,2021-04-25 14:00:00,Asia/Bangkok,56.83264201754386,14.1965811965812,13.47008547008547,35.84797728070176
1743,2021-04-25 15:00:00,Asia/Bangkok,55.15007236363636,16.57017543859649,15.69298245614035,36.06312336363636
1744,2021-04-25 16:00:00,Asia/Bangkok,54.4350085344828,16.39655172413793,15.32173913043478,36.4752072413793
1745,2021-04-25 17:00:00,Asia/Bangkok,70.76363478260872,13.35652173913043,12.44827586206897,31.82709254385964
1746,2021-04-25 18:00:00,Asia/Bangkok,79.12262017543861,32.93913043478261,30.45217391304348,29.94174833333333
1747,2021-04-25 19:00:00,Asia/Bangkok,82.11935675438598,30.90434782608695,26.74782608695652,29.36090421052632
1748,2021-04-25 20:00:00,Asia/Bangkok,84.3316346363636,95.25862068965517,86.08620689655173,28.71384499999999
1749,2021-04-25 21:00:00,Asia/Bangkok,87.65656289473684,33.62931034482759,29.38793103448276,27.66712157894736
1750,2021-04-25 22:00:00,Asia/Bangkok,88.10194365217396,35.1551724137931,31.0,27.49834672413792
1751,2021-04-25 23:00:00,Asia/Bangkok,88.84851778761062,28.3448275862069,25.93965517241379,27.12741767857142
1752,2021-04-26 00:00:00,Asia/Bangkok,89.82667913793111,21.39655172413793,19.99137931034483,26.92146422413794
1753,2021-04-26 01:00:00,Asia/Bangkok,90.307764159292,23.08695652173913,21.37391304347826,26.70365097345133
1754,2021-04-26 02:00:00,Asia/Bangkok,91.28878936936934,17.87068965517241,16.68103448275862,26.40043261261263
1755,2021-04-26 03:00:00,Asia/Bangkok,92.19923336206897,23.81896551724138,21.63793103448276,26.11711810344827
1756,2021-04-26 04:00:00,Asia/Bangkok,92.39177035087722,24.95652173913043,23.50434782608696,26.13854210526316
1757,2021-04-26 05:00:00,Asia/Bangkok,92.51957801724136,25.75,23.67241379310345,26.0341300862069
1758,2021-04-26 06:00:00,Asia/Bangkok,93.05552477876105,25.14035087719298,23.44736842105263,25.86540203539822
1759,2021-04-26 07:00:00,Asia/Bangkok,93.09968176991148,23.44827586206896,21.32758620689655,25.86367575221242
1760,2021-04-26 08:00:00,Asia/Bangkok,93.13418973684212,17.0,15.74137931034483,26.44087728070175
1761,2021-04-26 09:00:00,Asia/Bangkok,85.89619585585584,9.565217391304348,8.765217391304347,28.49283837837838
1762,2021-04-26 10:00:00,Asia/Bangkok,73.85660828828833,6.112068965517241,5.594827586206897,30.90662297297296
1763,2021-04-26 11:00:00,Asia/Bangkok,66.48112298245614,4.47008547008547,4.128205128205129,33.53781412280701
1764,2021-04-26 12:00:00,Asia/Bangkok,64.147723245614,5.974137931034483,5.577586206896552,33.92840824561404
1765,2021-04-26 13:00:00,Asia/Bangkok,62.16231223214284,7.439655172413793,6.991379310344827,34.55391223214284
1766,2021-04-26 14:00:00,Asia/Bangkok,57.29588027272723,6.043478260869565,5.721739130434782,35.86221772727271
1767,2021-04-26 15:00:00,Asia/Bangkok,63.48093747474748,7.34,6.626262626262626,32.88165141414141
1768,2021-04-26 16:00:00,Asia/Bangkok,73.70877175438599,7.112068965517241,6.376068376068377,30.12693672566373
1769,2021-04-26 17:00:00,Asia/Bangkok,75.30599139130436,27.08620689655172,23.96551724137931,29.18691226086956
1770,2021-04-26 18:00:00,Asia/Bangkok,77.74893350877196,39.78448275862069,33.5948275862069,29.40372298245613
1771,2021-04-26 19:00:00,Asia/Bangkok,80.85612373913041,95.22608695652174,81.22608695652174,28.83176243478261
1772,2021-04-26 20:00:00,Asia/Bangkok,82.94100271929824,84.86206896551724,75.0,28.39789973684212
1773,2021-04-26 21:00:00,Asia/Bangkok,84.79506844827587,69.5982905982906,59.41025641025641,27.90276504347827
1774,2021-04-26 22:00:00,Asia/Bangkok,88.57091045045041,20.73275862068965,18.33620689655172,26.88999135135136
1775,2021-04-26 23:00:00,Asia/Bangkok,91.73361607142851,11.69298245614035,10.47368421052632,26.71317693693696
1776,2021-04-27 00:00:00,Asia/Bangkok,93.35092210526321,12.22608695652174,11.41739130434783,26.46039026315789
1777,2021-04-27 01:00:00,Asia/Bangkok,92.15081243478257,15.52586206896552,13.81896551724138,26.65205382608695
1778,2021-04-27 02:00:00,Asia/Bangkok,93.21510412280698,9.408695652173913,8.660869565217391,26.19035754385964
1779,2021-04-27 03:00:00,Asia/Bangkok,92.93350725663718,9.582608695652175,8.921739130434782,25.92936964601769
1780,2021-04-27 04:00:00,Asia/Bangkok,92.85146826086958,8.598290598290598,7.957264957264957,25.59948052173914
1781,2021-04-27 05:00:00,Asia/Bangkok,91.65860276785713,9.78448275862069,9.258620689655173,25.5747429464286
1782,2021-04-27 06:00:00,Asia/Bangkok,92.23038147826087,10.07758620689655,9.405172413793103,25.546721826087
1783,2021-04-27 07:00:00,Asia/Bangkok,92.54365752212385,11.88793103448276,11.11206896551724,25.52974203539826
1784,2021-04-27 08:00:00,Asia/Bangkok,91.41656182608702,10.58620689655172,9.956896551724139,26.25342991304347
1785,2021-04-27 09:00:00,Asia/Bangkok,87.9212256140351,8.913793103448276,8.336206896551724,27.46361333333331
1786,2021-04-27 10:00:00,Asia/Bangkok,82.21211043103445,7.655172413793103,6.913793103448276,29.22070767241379
1787,2021-04-27 11:00:00,Asia/Bangkok,75.03956185840713,11.03448275862069,10.05172413793103,31.24920610619469
1788,2021-04-27 12:00:00,Asia/Bangkok,69.77844385321099,14.96396396396396,13.88288288288288,32.68067330275228
1789,2021-04-27 13:00:00,Asia/Bangkok,63.0073822413793,6.163793103448276,5.698275862068965,34.0989015652174
1790,2021-04-27 14:00:00,Asia/Bangkok,64.00105169642859,3.939130434782609,3.565217391304348,34.21349232142857
1791,2021-04-27 15:00:00,Asia/Bangkok,62.3398406306306,9.417391304347825,8.947826086956521,35.31545554545453
1792,2021-04-27 16:00:00,Asia/Bangkok,70.71062850877195,26.66956521739131,24.4,30.44313710526317
1793,2021-04-27 17:00:00,Asia/Bangkok,82.56811923076924,38.1965811965812,33.54700854700855,28.35980396551724
1794,2021-04-27 18:00:00,Asia/Bangkok,88.81359691588787,16.63392857142857,15.625,27.4284791588785
1795,2021-04-27 19:00:00,Asia/Bangkok,90.13801453608245,29.0,25.89795918367347,27.32847484536079
1796,2021-04-27 20:00:00,Asia/Bangkok,90.94663107142857,19.62931034482759,18.32758620689655,27.21727892857143
1797,2021-04-27 21:00:00,Asia/Bangkok,91.60744482456141,12.14529914529914,11.35042735042735,26.95394902654867
1798,2021-04-27 22:00:00,Asia/Bangkok,92.62307265486722,20.34782608695652,18.97391304347826,26.85930690265488
1799,2021-04-27 23:00:00,Asia/Bangkok,92.89478956521744,27.02564102564103,25.51282051282051,26.67669304347826
1800,2021-04-28 00:00:00,Asia/Bangkok,92.73996973913047,22.70689655172414,21.39655172413793,26.6498031304348
1801,2021-04-28 01:00:00,Asia/Bangkok,92.45253276785714,27.6,25.16521739130435,26.58958857142859
1802,2021-04-28 02:00:00,Asia/Bangkok,92.42411931034482,27.37068965517241,25.50862068965517,26.56626534482757
1803,2021-04-28 03:00:00,Asia/Bangkok,93.18015820512824,19.81196581196581,18.48717948717949,26.22773452991454
1804,2021-04-28 04:00:00,Asia/Bangkok,94.18256727272728,17.89655172413793,16.70689655172414,25.77842827272728
1805,2021-04-28 05:00:00,Asia/Bangkok,94.03385734513272,13.0,12.18965517241379,25.72238681415929
1806,2021-04-28 06:00:00,Asia/Bangkok,94.1127561607143,13.5948275862069,12.72413793103448,25.52860803571431
1807,2021-04-28 07:00:00,Asia/Bangkok,94.44827298245613,12.69911504424779,11.69026548672566,25.44580622807017
1808,2021-04-28 08:00:00,Asia/Bangkok,95.23115394736841,14.14655172413793,13.25862068965517,26.27561469026549
1809,2021-04-28 09:00:00,Asia/Bangkok,91.0304943478261,11.79130434782609,10.99130434782609,28.17316330434784
1810,2021-04-28 10:00:00,Asia/Bangkok,81.40134026315786,8.974137931034482,8.387931034482758,30.97385324561403
1811,2021-04-28 11:00:00,Asia/Bangkok,72.0187064864865,10.86206896551724,10.31034482758621,32.3690851818182
1812,2021-04-28 12:00:00,Asia/Bangkok,68.13837280701757,10.92173913043478,10.41379310344828,33.23226964601771
1813,2021-04-28 13:00:00,Asia/Bangkok,64.2994702631579,9.75,9.336206896551724,34.27257745614035
1814,2021-04-28 14:00:00,Asia/Bangkok,70.74093182608695,12.5982905982906,11.8974358974359,32.87484573913044
1815,2021-04-28 15:00:00,Asia/Bangkok,80.8652407079646,29.60344827586207,26.16379310344828,30.33694628318585
1816,2021-04-28 16:00:00,Asia/Bangkok,84.6681844642857,16.33620689655172,15.0,29.56521267857142
1817,2021-04-28 17:00:00,Asia/Bangkok,89.72685585585585,13.31034482758621,12.48275862068965,27.58394144144142
1818,2021-04-28 18:00:00,Asia/Bangkok,91.89113290909091,13.26086956521739,12.70175438596491,27.33602827272726
1819,2021-04-28 19:00:00,Asia/Bangkok,92.5864714285714,24.94782608695652,23.05217391304348,27.19391366071426
1820,2021-04-28 20:00:00,Asia/Bangkok,92.83304463636368,40.39655172413793,36.02586206896552,26.82983363636365
1821,2021-04-28 21:00:00,Asia/Bangkok,94.46832491228074,25.35087719298246,23.78070175438597,26.26097877192984
1822,2021-04-28 22:00:00,Asia/Bangkok,93.35269173913044,26.10344827586207,24.61206896551724,26.53618513043478
1823,2021-04-28 23:00:00,Asia/Bangkok,91.85177640350872,24.77391304347826,23.44347826086956,26.76147681415928
1824,2021-04-29 00:00:00,Asia/Bangkok,92.55550580357145,23.75652173913043,22.37391304347826,26.73330785714284
1825,2021-04-29 01:00:00,Asia/Bangkok,93.99508634782613,23.9051724137931,22.69827586206896,26.30400408695655
1826,2021-04-29 02:00:00,Asia/Bangkok,93.14466626086957,22.12173913043478,21.18260869565217,26.26425026086958
1827,2021-04-29 03:00:00,Asia/Bangkok,93.24364776785714,21.92241379310345,20.81896551724138,26.10246258928571
1828,2021-04-29 04:00:00,Asia/Bangkok,93.31408873873879,23.91379310344828,22.82758620689655,25.91873864864864
1829,2021-04-29 05:00:00,Asia/Bangkok,93.16401254385971,29.47413793103448,28.12931034482759,25.82864833333334
1830,2021-04-29 06:00:00,Asia/Bangkok,93.54318684210527,29.61206896551724,28.18103448275862,25.5373940350877
1831,2021-04-29 07:00:00,Asia/Bangkok,94.21522407079648,28.01724137931035,27.01724137931035,25.4187467256637
1832,2021-04-29 08:00:00,Asia/Bangkok,95.21770236842104,26.02608695652174,24.75652173913043,25.90882640350878
1833,2021-04-29 09:00:00,Asia/Bangkok,94.62305226086961,22.78260869565218,21.70434782608696,26.83805412280701
1834,2021-04-29 10:00:00,Asia/Bangkok,91.74174982456132,17.03448275862069,16.26724137931035,28.1363951754386
1835,2021-04-29 11:00:00,Asia/Bangkok,88.94157245614039,15.96551724137931,15.28448275862069,29.06452026315788
1836,2021-04-29 12:00:00,Asia/Bangkok,84.54566347826089,10.8448275862069,10.16379310344828,30.04297330434784
1837,2021-04-29 13:00:00,Asia/Bangkok,74.1333344736842,5.121739130434783,4.765217391304348,32.25963921052632
1838,2021-04-29 14:00:00,Asia/Bangkok,73.51812686956524,2.88034188034188,2.615384615384615,32.21253530434782
1839,2021-04-29 15:00:00,Asia/Bangkok,69.60621888888889,1.380530973451327,1.221238938053097,32.70551513761468
1840,2021-04-29 16:00:00,Asia/Bangkok,75.12404126126123,3.577586206896552,2.930434782608696,31.67139432432431
1841,2021-04-29 17:00:00,Asia/Bangkok,83.29814945945945,1.258620689655172,0.9914529914529915,28.77767324324323
1842,2021-04-29 18:00:00,Asia/Bangkok,86.10081088235296,4.009615384615385,3.403846153846154,28.13556784313723
1843,2021-04-29 19:00:00,Asia/Bangkok,87.15769522123895,3.973913043478261,3.408695652173913,27.70065176991153
1844,2021-04-29 20:00:00,Asia/Bangkok,88.94872873873874,10.50434782608696,9.721739130434782,27.26861098214287
1845,2021-04-29 21:00:00,Asia/Bangkok,91.98084380530975,32.92241379310344,29.98275862068965,26.68153159292038
1846,2021-04-29 22:00:00,Asia/Bangkok,92.66828026315788,31.17543859649123,27.42105263157895,26.57118684210528
1847,2021-04-29 23:00:00,Asia/Bangkok,92.00747428571434,19.79130434782609,18.59130434782609,26.69141973214287
1848,2021-04-30 00:00:00,Asia/Bangkok,91.69105382608696,16.43103448275862,15.24137931034483,26.7312200877193
1849,2021-04-30 01:00:00,Asia/Bangkok,92.3443335964912,14.33620689655172,13.22413793103448,26.61084385964913
1850,2021-04-30 02:00:00,Asia/Bangkok,92.5746371559633,18.60344827586207,17.45689655172414,26.5760385185185
1851,2021-04-30 03:00:00,Asia/Bangkok,92.64179290909091,19.53448275862069,18.43103448275862,26.51383545454544
1852,2021-04-30 04:00:00,Asia/Bangkok,92.62357315789475,23.87068965517241,22.57758620689655,26.39412403508774
1853,2021-04-30 05:00:00,Asia/Bangkok,93.2464650434783,23.6551724137931,22.37068965517241,26.05865686956524
1854,2021-04-30 06:00:00,Asia/Bangkok,94.61907749999999,25.61538461538462,24.17948717948718,25.71171310344832
1855,2021-04-30 07:00:00,Asia/Bangkok,95.2271290990991,14.31896551724138,13.52586206896552,25.79744459459459
1856,2021-04-30 08:00:00,Asia/Bangkok,94.75903552631574,14.02586206896552,13.31896551724138,26.51503807017545
1857,2021-04-30 09:00:00,Asia/Bangkok,91.79804842105268,13.43103448275862,12.70689655172414,28.05534842105264
1858,2021-04-30 10:00:00,Asia/Bangkok,82.8895226315789,8.73913043478261,8.362068965517242,29.80545778761062
1859,2021-04-30 11:00:00,Asia/Bangkok,76.43289165217391,8.869565217391305,8.504347826086956,31.45750408695649
1860,2021-04-30 12:00:00,Asia/Bangkok,78.19684265486728,7.232758620689655,6.896551724137931,31.33127610619468
1861,2021-04-30 13:00:00,Asia/Bangkok,90.23992467889904,5.892857142857143,5.205357142857143,27.02530990825687
1862,2021-04-30 14:00:00,Asia/Bangkok,91.63906008771933,4.495652173913044,4.146551724137931,27.24513947368421
1863,2021-04-30 15:00:00,Asia/Bangkok,90.10922504504506,5.521739130434782,5.130434782608695,27.55642090090091
1864,2021-04-30 16:00:00,Asia/Bangkok,89.86557342105266,5.620689655172414,5.241379310344827,27.80459578947368
1865,2021-04-30 17:00:00,Asia/Bangkok,89.43743904347825,9.698275862068966,9.172413793103448,28.03740689655174
1866,2021-04-30 18:00:00,Asia/Bangkok,89.75403396396392,27.53846153846154,24.97435897435897,27.94047045454545
1867,2021-04-30 19:00:00,Asia/Bangkok,91.42240774774776,44.98260869565217,38.50434782608696,27.4922354954955
1868,2021-04-30 20:00:00,Asia/Bangkok,93.07901130434782,43.92307692307692,37.2991452991453,26.97830803571429
1869,2021-04-30 21:00:00,Asia/Bangkok,94.12492982456142,48.11206896551724,39.97413793103448,26.51667815789473
1870,2021-04-30 22:00:00,Asia/Bangkok,93.67097060869565,55.42241379310344,45.61206896551724,26.51983469565217
1871,2021-04-30 23:00:00,Asia/Bangkok,94.20184294642857,55.41379310344828,45.63793103448276,26.35140142857142
1872,2021-05-01 00:00:00,Asia/Bangkok,95.32552000000001,52.175,42.975,25.98928552631579
1873,2021-05-01 01:00:00,Asia/Bangkok,95.63825320855614,51.54922279792746,42.5440414507772,25.85956048387096
1874,2021-05-01 02:00:00,Asia/Bangkok,96.64291954954957,50.65811965811966,41.8974358974359,25.84362954128443
1875,2021-05-01 03:00:00,Asia/Bangkok,95.90575155963302,46.13157894736842,38.6140350877193,26.01359715596328
1876,2021-05-01 04:00:00,Asia/Bangkok,95.9919332407407,40.89380530973451,35.16814159292036,25.91223925925924
1877,2021-05-01 05:00:00,Asia/Bangkok,94.77491464285717,19.17699115044248,18.17699115044248,25.73667774774774
1878,2021-05-01 06:00:00,Asia/Bangkok,94.43189981981979,13.09565217391304,12.44347826086956,25.41467126126126
1879,2021-05-01 07:00:00,Asia/Bangkok,95.42200830357145,13.96396396396396,12.99099099099099,25.27595026785715
1880,2021-05-01 08:00:00,Asia/Bangkok,96.55212504347823,18.60344827586207,17.67241379310345,25.98449365217391
1881,2021-05-01 09:00:00,Asia/Bangkok,93.40496800000004,11.85087719298246,11.21929824561403,27.85324763636364
1882,2021-05-01 10:00:00,Asia/Bangkok,82.80883415929203,7.172413793103448,6.732758620689655,30.24550383928572
1883,2021-05-01 11:00:00,Asia/Bangkok,78.95256157894738,8.860869565217392,8.434782608695652,31.38103201754386
1884,2021-05-01 12:00:00,Asia/Bangkok,72.63413852173913,10.41379310344828,9.905172413793103,32.64680407079646
1885,2021-05-01 13:00:00,Asia/Bangkok,69.58851543859647,12.54782608695652,12.0,33.46892447368423
1886,2021-05-01 14:00:00,Asia/Bangkok,84.6676272807018,11.84821428571429,11.12389380530973,29.66082526315791
1887,2021-05-01 15:00:00,Asia/Bangkok,89.23058699115043,11.17241379310345,10.68103448275862,28.76397184210528
1888,2021-05-01 16:00:00,Asia/Bangkok,85.56413366071423,7.643478260869565,7.28695652173913,28.26707419642857
1889,2021-05-01 17:00:00,Asia/Bangkok,85.96505756521739,18.64655172413793,16.96551724137931,28.32462893805311
1890,2021-05-01 18:00:00,Asia/Bangkok,86.59707347826084,15.56034482758621,14.66379310344828,28.24686365217391
1891,2021-05-01 19:00:00,Asia/Bangkok,89.32230660869564,53.26724137931034,48.07758620689656,27.90292773913045
1892,2021-05-01 20:00:00,Asia/Bangkok,91.33666508620688,47.18103448275862,40.00862068965517,27.53702269565218
1893,2021-05-01 21:00:00,Asia/Bangkok,92.7346088695652,81.60344827586206,68.22413793103448,27.13375513043476
1894,2021-05-01 22:00:00,Asia/Bangkok,93.84092826086955,37.18103448275862,32.76724137931034,27.15551026086955
1895,2021-05-01 23:00:00,Asia/Bangkok,93.19925752212394,30.01801801801802,27.3125,27.27032973214284
1896,2021-05-02 00:00:00,Asia/Bangkok,93.37422945454547,20.01754385964912,18.98245614035088,26.96637369369371
1897,2021-05-02 01:00:00,Asia/Bangkok,93.99303681415935,20.0,18.9304347826087,26.58491375
1898,2021-05-02 02:00:00,Asia/Bangkok,93.43532500000002,17.64655172413793,16.81034482758621,26.44262214285715
1899,2021-05-02 03:00:00,Asia/Bangkok,93.58490672566369,14.36521739130435,13.61739130434783,26.37980504424782
1900,2021-05-02 04:00:00,Asia/Bangkok,94.59889508771931,14.81896551724138,13.81896551724138,26.18595548672566
1901,2021-05-02 05:00:00,Asia/Bangkok,95.69801087719298,17.23893805309735,16.17699115044248,26.13350596491227
1902,2021-05-02 06:00:00,Asia/Bangkok,94.83279433628316,10.33620689655172,9.827586206896552,26.14608867256639
1903,2021-05-02 07:00:00,Asia/Bangkok,95.22831610619471,7.695652173913044,7.330434782608696,25.92497451327434
1904,2021-05-02 08:00:00,Asia/Bangkok,96.33895807017544,5.146551724137931,4.758620689655173,26.1570800909091
1905,2021-05-02 09:00:00,Asia/Bangkok,92.69157886956525,5.336206896551724,4.931034482758621,27.53750999999998
1906,2021-05-02 10:00:00,Asia/Bangkok,88.8362933333333,6.426086956521739,6.0,29.39853657657658
1907,2021-05-02 11:00:00,Asia/Bangkok,81.66234956140353,5.307692307692307,4.957264957264957,31.7570792105263
1908,2021-05-02 12:00:00,Asia/Bangkok,73.98674625,2.356521739130435,2.060869565217391,32.96466294642857
1909,2021-05-02 13:00:00,Asia/Bangkok,71.17051206896552,13.90598290598291,12.51282051282051,33.4064253448276
1910,2021-05-02 14:00:00,Asia/Bangkok,70.50231622807017,12.41379310344828,10.86206896551724,33.36260298245613
1911,2021-05-02 15:00:00,Asia/Bangkok,77.04319685185185,21.56756756756757,19.18918918918919,31.99798518181818
1912,2021-05-02 16:00:00,Asia/Bangkok,84.02108426086959,15.68965517241379,14.08620689655172,30.63406429824562
1913,2021-05-02 17:00:00,Asia/Bangkok,88.83238938596492,11.6695652173913,10.23275862068965,28.82772877192984
1914,2021-05-02 18:00:00,Asia/Bangkok,90.76160716814165,5.034782608695652,4.617391304347827,28.76566651785714
1915,2021-05-02 19:00:00,Asia/Bangkok,90.62641018018019,10.32743362831858,9.68421052631579,28.68802
1916,2021-05-02 20:00:00,Asia/Bangkok,91.37694113043477,12.67241379310345,12.10344827586207,28.2120950892857
1917,2021-05-02 21:00:00,Asia/Bangkok,93.07733741379312,25.83620689655172,23.31034482758621,27.70964810344827
1918,2021-05-02 22:00:00,Asia/Bangkok,93.8939346902655,37.43103448275862,33.37931034482759,27.40986752212386
1919,2021-05-02 23:00:00,Asia/Bangkok,94.33271409090908,27.42241379310345,25.76724137931035,27.24785100917428
1920,2021-05-03 00:00:00,Asia/Bangkok,94.35820808695655,22.29310344827586,21.06896551724138,27.18391026086958
1921,2021-05-03 01:00:00,Asia/Bangkok,94.43649434782608,16.53448275862069,15.48275862068965,26.83646947826087
1922,2021-05-03 02:00:00,Asia/Bangkok,94.92700596491228,13.44827586206897,12.48275862068965,26.64627557522126
1923,2021-05-03 03:00:00,Asia/Bangkok,94.75254825688073,12.49122807017544,11.76315789473684,26.5781180733945
1924,2021-05-03 04:00:00,Asia/Bangkok,95.30814018018015,13.05217391304348,12.10434782608696,26.30112468468469
1925,2021-05-03 05:00:00,Asia/Bangkok,95.73968008695651,10.23275862068965,9.560344827586206,26.24609121739131
1926,2021-05-03 06:00:00,Asia/Bangkok,95.70003377192982,14.06086956521739,13.03478260869565,26.33088122807018
1927,2021-05-03 07:00:00,Asia/Bangkok,96.60713952,14.40476190476191,13.42063492063492,26.36233944
1928,2021-05-03 08:00:00,Asia/Bangkok,97.22109854368938,9.961904761904762,9.432692307692308,26.91907774509803
1929,2021-05-03 09:00:00,Asia/Bangkok,93.91625531531527,4.508620689655173,4.102564102564102,28.38653563636363
1930,2021-05-03 10:00:00,Asia/Bangkok,85.86582228070176,4.31304347826087,3.886956521739131,30.32430754385965
1931,2021-05-03 11:00:00,Asia/Bangkok,77.25552327433628,6.0,5.724137931034483,31.67935900900898
1932,2021-05-03 12:00:00,Asia/Bangkok,72.63932903508773,8.25,7.769230769230769,32.13947385964913
1933,2021-05-03 13:00:00,Asia/Bangkok,69.37844991228071,10.95689655172414,10.37068965517241,33.32287657894737
1934,2021-05-03 14:00:00,Asia/Bangkok,66.47507053571425,7.974137931034483,7.482758620689655,34.15473027027029
1935,2021-05-03 15:00:00,Asia/Bangkok,66.30024734513275,8.64655172413793,8.206896551724139,33.914345
1936,2021-05-03 16:00:00,Asia/Bangkok,75.94306408695654,8.767241379310345,8.310344827586206,31.87246570175439
1937,2021-05-03 17:00:00,Asia/Bangkok,83.05723859649126,8.35897435897436,7.923076923076923,29.93024719298247
1938,2021-05-03 18:00:00,Asia/Bangkok,80.26900886956524,10.38260869565217,9.724137931034482,30.2099040869565
1939,2021-05-03 19:00:00,Asia/Bangkok,82.66490008849563,52.15652173913043,44.25217391304348,29.85264991150441
1940,2021-05-03 20:00:00,Asia/Bangkok,86.38678869565216,59.60344827586207,50.97413793103448,29.05267582608699
1941,2021-05-03 21:00:00,Asia/Bangkok,89.15942292035399,51.86324786324786,42.68376068376068,28.53657999999999
1942,2021-05-03 22:00:00,Asia/Bangkok,90.22397131578941,40.25,34.74137931034483,28.23109482456142
1943,2021-05-03 23:00:00,Asia/Bangkok,90.58053589285717,34.61206896551724,31.35344827586207,28.05528526785714
1944,2021-05-04 00:00:00,Asia/Bangkok,91.08415400000001,41.02586206896552,35.70689655172414,27.80500921739129
1945,2021-05-04 01:00:00,Asia/Bangkok,91.4022067592593,37.27826086956522,33.23684210526316,27.64678871559635
1946,2021-05-04 02:00:00,Asia/Bangkok,92.04983407079645,34.21929824561403,31.18421052631579,27.28726699115042
1947,2021-05-04 03:00:00,Asia/Bangkok,92.64285513043473,77.01724137931035,69.5,26.86424008695656
1948,2021-05-04 04:00:00,Asia/Bangkok,93.09159034782611,31.58620689655172,29.14655172413793,26.59715991304348
1949,2021-05-04 05:00:00,Asia/Bangkok,93.95290796296298,29.12173913043478,27.65217391304348,26.22167305555557
1950,2021-05-04 06:00:00,Asia/Bangkok,93.7511555172414,31.35344827586207,29.29310344827586,26.12402224137932
1951,2021-05-04 07:00:00,Asia/Bangkok,94.70809298701302,33.18181818181818,30.5974025974026,26.27190909090909
1952,2021-05-04 12:00:00,Asia/Bangkok,67.19066142857145,13.67567567567568,12.59459459459459,33.52491114285714
1953,2021-05-04 13:00:00,Asia/Bangkok,63.05703780701754,13.19827586206897,12.36206896551724,34.36224298245614
1954,2021-05-04 14:00:00,Asia/Bangkok,59.49883526315789,12.48275862068965,11.82051282051282,34.80223719298243
1955,2021-05-04 15:00:00,Asia/Bangkok,60.25899090090089,11.8421052631579,11.18421052631579,34.70613954954954
1956,2021-05-04 16:00:00,Asia/Bangkok,63.8658072413793,14.04273504273504,13.35042735042735,33.98524275862069
1957,2021-05-04 17:00:00,Asia/Bangkok,65.12660245614035,17.03478260869565,16.30434782608696,33.41631456140352
1958,2021-05-04 18:00:00,Asia/Bangkok,69.52550045454547,34.25,30.92241379310345,32.44837145454546
1959,2021-05-04 19:00:00,Asia/Bangkok,74.44356383928564,61.76106194690266,54.38053097345133,31.36715982142858
1960,2021-05-04 20:00:00,Asia/Bangkok,79.47849194690258,60.79310344827586,51.5948275862069,30.46732061946904
1961,2021-05-04 21:00:00,Asia/Bangkok,83.62657112149533,105.2327586206897,94.25,29.75598102803737
1962,2021-05-04 22:00:00,Asia/Bangkok,86.20376698275858,93.23076923076923,86.61538461538461,29.00941826086958
1963,2021-05-04 23:00:00,Asia/Bangkok,85.2291869565217,42.63478260869565,35.7304347826087,28.60343339130435
1964,2021-05-05 00:00:00,Asia/Bangkok,82.35525845454545,16.58620689655172,15.37931034482759,27.91513405405406
1965,2021-05-05 01:00:00,Asia/Bangkok,85.07955009009011,12.25862068965517,11.44827586206897,27.27041172727273
1966,2021-05-05 02:00:00,Asia/Bangkok,87.3649842857143,9.96551724137931,9.405172413793103,26.77336303571429
1967,2021-05-05 03:00:00,Asia/Bangkok,92.28427535714287,7.113043478260869,6.25,26.34916062500001
1968,2021-05-05 04:00:00,Asia/Bangkok,91.888735840708,8.827586206896552,8.112068965517242,26.48817911504426
1969,2021-05-05 05:00:00,Asia/Bangkok,92.26319236842104,6.724137931034483,6.077586206896552,26.4756046017699
1970,2021-05-05 06:00:00,Asia/Bangkok,92.82970410714286,8.339130434782609,7.678260869565217,26.18362918918918
1971,2021-05-05 07:00:00,Asia/Bangkok,93.59706646551727,14.99137931034483,14.03448275862069,26.05563103448277
1972,2021-05-05 08:00:00,Asia/Bangkok,94.14616560344827,19.36752136752137,18.52136752136752,26.46526817391305
1973,2021-05-05 09:00:00,Asia/Bangkok,93.08714923913043,16.64948453608248,15.8659793814433,27.75592478260869
1974,2021-05-05 10:00:00,Asia/Bangkok,86.5586594782609,11.74358974358974,10.90598290598291,29.56270930434784
1975,2021-05-05 11:00:00,Asia/Bangkok,81.4574120353982,10.49137931034483,9.539130434782608,30.71436160714288
1976,2021-05-05 12:00:00,Asia/Bangkok,77.5141106363636,8.18421052631579,7.556521739130435,31.63790109090908
1977,2021-05-05 13:00:00,Asia/Bangkok,71.04584353982298,6.086956521739131,5.539130434782609,33.30019250000002
1978,2021-05-05 14:00:00,Asia/Bangkok,66.01698017543858,5.939130434782609,5.48695652173913,34.07438745614035
1979,2021-05-05 15:00:00,Asia/Bangkok,66.53889201754387,9.6,9.130434782608695,33.99488657894737
1980,2021-05-05 16:00:00,Asia/Bangkok,70.62861732142855,11.18103448275862,10.69827586206897,32.89559089285714
1981,2021-05-05 17:00:00,Asia/Bangkok,71.20172833333336,9.517241379310345,8.991379310344827,32.46685238938053
1982,2021-05-05 18:00:00,Asia/Bangkok,74.32239297297296,11.0,10.37391304347826,31.44535405405405
1983,2021-05-05 19:00:00,Asia/Bangkok,79.60455454545453,28.58260869565217,26.23478260869565,30.72246559633028
1984,2021-05-05 20:00:00,Asia/Bangkok,83.31619366071429,85.03418803418803,76.13675213675214,29.9718189285714
1985,2021-05-05 21:00:00,Asia/Bangkok,86.54244187500002,49.45217391304348,40.84347826086957,29.13502705357142
1986,2021-05-05 22:00:00,Asia/Bangkok,88.586975877193,59.47413793103448,50.9051724137931,28.74185754385966
1987,2021-05-05 23:00:00,Asia/Bangkok,89.5162764285714,40.68376068376068,34.9059829059829,28.4655625
1988,2021-05-06 00:00:00,Asia/Bangkok,89.59757442477881,20.31896551724138,19.05172413793104,28.00045769911503
1989,2021-05-06 01:00:00,Asia/Bangkok,91.5152742982456,16.44827586206896,15.42241379310345,27.66871342105264
1990,2021-05-06 02:00:00,Asia/Bangkok,92.20211145454546,13.9304347826087,13.12173913043478,27.27553568807335
1991,2021-05-06 03:00:00,Asia/Bangkok,92.10415189655167,20.49137931034483,19.45689655172414,27.25778586206897
1992,2021-05-06 04:00:00,Asia/Bangkok,91.6717329824561,21.73275862068965,20.5948275862069,27.13218605263157
1993,2021-05-06 05:00:00,Asia/Bangkok,93.24505071428574,21.87179487179487,20.72649572649573,26.71282053097345
1994,2021-05-06 06:00:00,Asia/Bangkok,93.5101371681416,18.50862068965517,17.57758620689655,26.69615902654871
1995,2021-05-06 07:00:00,Asia/Bangkok,94.06877852173912,17.74137931034483,16.75862068965517,26.68330965217393
1996,2021-05-06 08:00:00,Asia/Bangkok,93.7210790909091,6.860869565217391,6.243478260869566,25.95333390909092
1997,2021-05-06 09:00:00,Asia/Bangkok,92.61430867256637,3.922413793103448,3.629310344827586,25.70159008849557
1998,2021-05-06 10:00:00,Asia/Bangkok,91.05357105263158,2.26530612244898,1.816326530612245,26.81796115789474
1999,2021-05-06 11:00:00,Asia/Bangkok,85.76261008771927,2.422413793103448,2.172413793103448,28.44269283185843
2000,2021-05-06 12:00:00,Asia/Bangkok,88.95803090909091,6.974137931034483,6.439655172413793,28.11469672727273
2001,2021-05-06 13:00:00,Asia/Bangkok,93.299492,12.26530612244898,11.4639175257732,27.33052927083334
2002,2021-05-06 14:00:00,Asia/Bangkok,93.0419142105263,5.681034482758621,5.163793103448276,26.75199789473685
2003,2021-05-06 15:00:00,Asia/Bangkok,94.16893353982303,7.5,7.0,26.54147446428573
2004,2021-05-06 16:00:00,Asia/Bangkok,94.25530553571427,3.094827586206896,2.743589743589744,26.48612225225224
2005,2021-05-06 17:00:00,Asia/Bangkok,93.74075036363635,3.434782608695652,3.095652173913043,26.30484418181818
2006,2021-05-06 18:00:00,Asia/Bangkok,93.27929054545461,3.678260869565217,3.252173913043478,25.74536572727269
2007,2021-05-06 19:00:00,Asia/Bangkok,93.40901270270274,19.44347826086956,17.41739130434783,25.4360582882883
2008,2021-05-06 20:00:00,Asia/Bangkok,93.69659926605502,11.45614035087719,10.47368421052632,25.40897834862387
2009,2021-05-06 21:00:00,Asia/Bangkok,93.66498803571429,20.26605504587156,17.87155963302752,25.72532369369369
2010,2021-05-06 22:00:00,Asia/Bangkok,94.54953370370367,18.30275229357798,16.57798165137615,25.67915861111109
2011,2021-05-06 23:00:00,Asia/Bangkok,95.07602407079645,8.672413793103448,7.905172413793103,25.72683017699114
2012,2021-05-07 00:00:00,Asia/Bangkok,94.53722991304343,8.321739130434782,7.721739130434782,25.65569843478262
2013,2021-05-07 01:00:00,Asia/Bangkok,94.9127611206897,9.405172413793103,8.53448275862069,25.67610396551724
2014,2021-05-07 02:00:00,Asia/Bangkok,95.39197509259256,3.926605504587156,3.44954128440367,25.67443518518521
2015,2021-05-07 03:00:00,Asia/Bangkok,95.72572603603606,4.042735042735043,3.581196581196581,25.5910344144144
2016,2021-05-07 04:00:00,Asia/Bangkok,95.36264883928571,4.103448275862069,3.551724137931035,25.75070781818182
2017,2021-05-07 05:00:00,Asia/Bangkok,95.10031707964605,3.103448275862069,2.724137931034483,25.71801663716813
2018,2021-05-07 06:00:00,Asia/Bangkok,95.1544994736842,2.543103448275862,2.103448275862069,25.70707859649121
2019,2021-05-07 07:00:00,Asia/Bangkok,96.10957568421055,3.090909090909091,2.686868686868687,25.67735925531915
2020,2021-05-07 08:00:00,Asia/Bangkok,96.91650353982304,5.672413793103448,5.206896551724138,26.20790333333333
2021,2021-05-07 09:00:00,Asia/Bangkok,93.79111692982457,5.086956521739131,4.530434782608696,27.86438893805308
2022,2021-05-07 10:00:00,Asia/Bangkok,90.11787295652171,3.698275862068965,3.267241379310345,28.31846973684209
2023,2021-05-07 11:00:00,Asia/Bangkok,87.8877505263158,2.827586206896552,2.491379310344827,29.38086140350877
2024,2021-05-07 12:00:00,Asia/Bangkok,85.83717763157892,5.637931034482759,4.836206896551724,30.20664973684211
2025,2021-05-07 13:00:00,Asia/Bangkok,89.07324166666663,0.646551724137931,0.3793103448275862,27.98311362831858
2026,2021-05-07 14:00:00,Asia/Bangkok,93.04532342342338,1.008620689655172,0.7241379310344828,26.95653486486488
2027,2021-05-07 15:00:00,Asia/Bangkok,92.26693223214284,0.6724137931034483,0.4051724137931034,28.1346811607143
2028,2021-05-07 16:00:00,Asia/Bangkok,86.4467990990991,0.5258620689655172,0.3275862068965517,29.82877216216217
2029,2021-05-07 17:00:00,Asia/Bangkok,85.60885275229359,0.8947368421052632,0.631578947368421,30.01390572727272
2030,2021-05-07 18:00:00,Asia/Bangkok,86.9738558119658,5.888888888888889,5.435897435897436,28.89292086956522
2031,2021-05-07 19:00:00,Asia/Bangkok,89.47916567567567,8.807017543859649,8.210526315789474,28.16078535714284
2032,2021-05-07 20:00:00,Asia/Bangkok,91.20002956521745,20.1551724137931,18.87931034482759,27.54299728070174
2033,2021-05-07 21:00:00,Asia/Bangkok,91.87195651785711,21.77777777777778,20.16239316239316,27.36711738738738
2034,2021-05-07 22:00:00,Asia/Bangkok,91.788099375,14.88695652173913,13.77391304347826,27.14594053571429
2035,2021-05-07 23:00:00,Asia/Bangkok,92.97464035087722,18.02564102564103,16.82905982905983,26.79989911504424
2036,2021-05-08 00:00:00,Asia/Bangkok,92.62008600000006,7.991379310344827,7.232758620689655,26.647066
2037,2021-05-08 01:00:00,Asia/Bangkok,92.62153297297301,3.991304347826087,3.417391304347826,26.12158882882883
2038,2021-05-08 02:00:00,Asia/Bangkok,93.65050410714285,2.956896551724138,2.422413793103448,25.68549053571428
2039,2021-05-08 03:00:00,Asia/Bangkok,93.441441875,1.301724137931034,0.853448275862069,25.85002473214286
2040,2021-05-08 04:00:00,Asia/Bangkok,94.34070938596491,2.486725663716814,2.0,25.70183315789472
2041,2021-05-08 05:00:00,Asia/Bangkok,94.6130692105263,1.862068965517241,1.560344827586207,25.70171614035087
2042,2021-05-08 06:00:00,Asia/Bangkok,94.43753054545458,3.474137931034483,3.043103448275862,25.78026810810813
2043,2021-05-08 07:00:00,Asia/Bangkok,95.59068788990827,8.165217391304347,7.330434782608696,25.7017862385321
2044,2021-05-08 08:00:00,Asia/Bangkok,96.74469008771928,12.24347826086957,11.42608695652174,26.42956368421052
2045,2021-05-08 09:00:00,Asia/Bangkok,92.33794100917434,6.008695652173913,5.330434782608696,28.47588633027523
2046,2021-05-08 10:00:00,Asia/Bangkok,84.61296254385968,1.573913043478261,1.104347826086957,30.5671819642857
2047,2021-05-08 11:00:00,Asia/Bangkok,81.95701693693692,3.543859649122807,3.052631578947369,30.89341432432434
2048,2021-05-08 12:00:00,Asia/Bangkok,83.22765833333334,3.591304347826087,3.191304347826087,30.4796310526316
2049,2021-05-08 13:00:00,Asia/Bangkok,90.65162168141592,1.895652173913043,1.260869565217391,26.50497964601769
2050,2021-05-08 14:00:00,Asia/Bangkok,93.1570863716814,1.104347826086957,0.7391304347826086,26.03301513274336
2051,2021-05-08 15:00:00,Asia/Bangkok,93.02973357142858,4.181034482758621,3.413793103448276,26.41274864864865
2052,2021-05-08 16:00:00,Asia/Bangkok,92.53442824561404,3.172413793103448,2.827586206896552,26.47683228070175
2053,2021-05-08 17:00:00,Asia/Bangkok,94.32654385321104,5.172413793103448,4.698275862068965,25.99632463636365
2054,2021-05-08 18:00:00,Asia/Bangkok,95.11032185840706,6.568965517241379,5.913793103448276,25.99393473214286
2055,2021-05-08 19:00:00,Asia/Bangkok,93.77322955357144,20.18421052631579,18.68421052631579,26.28555089285712
2056,2021-05-08 20:00:00,Asia/Bangkok,94.56428663157888,19.24489795918367,17.97959183673469,25.89927765957446
2057,2021-05-08 21:00:00,Asia/Bangkok,94.55728114035085,23.94827586206896,22.47413793103448,25.69054245614035
2058,2021-05-08 22:00:00,Asia/Bangkok,94.55457675438593,31.68103448275862,28.93965517241379,25.40381194690265
2059,2021-05-08 23:00:00,Asia/Bangkok,96.49218070796461,22.96551724137931,21.69827586206896,24.98111707964603
2060,2021-05-09 00:00:00,Asia/Bangkok,94.95313419642856,18.31304347826087,17.27826086956522,25.08802428571429
2061,2021-05-09 01:00:00,Asia/Bangkok,94.65355964912283,12.4,11.8448275862069,24.99716622807017
2062,2021-05-09 02:00:00,Asia/Bangkok,94.8237239090909,13.53448275862069,12.61206896551724,24.86740163636365
2063,2021-05-09 03:00:00,Asia/Bangkok,95.68742159292032,12.94782608695652,12.18103448275862,24.60531008849558
2064,2021-05-09 04:00:00,Asia/Bangkok,95.42621723214287,12.51724137931035,11.74137931034483,24.5826875892857
2065,2021-05-09 05:00:00,Asia/Bangkok,95.31706375000002,13.31034482758621,12.49137931034483,24.52639812500001
2066,2021-05-09 06:00:00,Asia/Bangkok,94.8887068695652,21.83620689655172,20.80172413793104,24.29840243478261
2067,2021-05-09 07:00:00,Asia/Bangkok,95.60282794642858,29.46086956521739,27.29565217391304,24.19172500000002
2068,2021-05-09 08:00:00,Asia/Bangkok,97.2393631578948,20.24786324786325,19.12820512820513,24.7455382300885
2069,2021-05-09 09:00:00,Asia/Bangkok,94.669122,11.19827586206897,10.39655172413793,26.82532165217391
2070,2021-05-09 10:00:00,Asia/Bangkok,85.66760749999997,4.956896551724138,4.560344827586207,29.66283172413794
2071,2021-05-09 11:00:00,Asia/Bangkok,81.08657578947367,3.336206896551724,3.051724137931035,31.05269754385962
2072,2021-05-09 12:00:00,Asia/Bangkok,78.60662385964912,3.594827586206896,3.146551724137931,31.38379447368421
2073,2021-05-09 13:00:00,Asia/Bangkok,74.80211486725663,3.370689655172414,2.991379310344827,32.654830625
2074,2021-05-09 14:00:00,Asia/Bangkok,72.64737037037038,3.826086956521739,3.4,33.20043185185184
2075,2021-05-09 15:00:00,Asia/Bangkok,73.5631290350877,5.129310344827586,4.681034482758621,33.23569464912279
2076,2021-05-09 16:00:00,Asia/Bangkok,72.2253799115044,5.555555555555555,5.025641025641026,33.11357026548671
2077,2021-05-09 17:00:00,Asia/Bangkok,68.17560576576578,5.026086956521739,4.6,33.31788477477479
2078,2021-05-09 18:00:00,Asia/Bangkok,71.32421178571431,6.946902654867257,6.473684210526316,32.10688857142856
2079,2021-05-09 19:00:00,Asia/Bangkok,80.8186671171171,28.64912280701754,25.63478260869565,30.26958285714285
2080,2021-05-09 20:00:00,Asia/Bangkok,85.4053652083333,43.52525252525253,37.78787878787879,29.26159343750003
2081,2021-05-09 21:00:00,Asia/Bangkok,87.63270843478257,56.28695652173913,49.31304347826087,28.81079504347829
2082,2021-05-09 22:00:00,Asia/Bangkok,88.66557217391305,41.0,35.43478260869565,28.43877939130435
2083,2021-05-09 23:00:00,Asia/Bangkok,90.20525946902657,38.25,33.51724137931034,27.91731151785712
2084,2021-05-10 00:00:00,Asia/Bangkok,91.11539526315791,33.20689655172414,30.56034482758621,27.70347894736845
2085,2021-05-10 01:00:00,Asia/Bangkok,91.45465203539824,35.50862068965517,31.96551724137931,27.55002371681415
2086,2021-05-10 02:00:00,Asia/Bangkok,91.86239125,33.25,30.56896551724138,27.22763099099101
2087,2021-05-10 03:00:00,Asia/Bangkok,92.35069087719299,29.55172413793104,27.95689655172414,26.90689754385968
2088,2021-05-10 04:00:00,Asia/Bangkok,92.28750513043475,27.25,25.74137931034483,26.74295508771931
2089,2021-05-10 05:00:00,Asia/Bangkok,92.58648956521739,26.30172413793104,24.9051724137931,26.3758707826087
2090,2021-05-10 06:00:00,Asia/Bangkok,93.24319938596493,26.82758620689655,25.35042735042735,25.97848763157896
2091,2021-05-10 07:00:00,Asia/Bangkok,93.31140156521742,24.39655172413793,22.93103448275862,25.96473130434783
2092,2021-05-10 08:00:00,Asia/Bangkok,95.22246634782613,22.26724137931035,21.0,26.78447799999999
2093,2021-05-10 09:00:00,Asia/Bangkok,88.30082869565219,11.03448275862069,10.36206896551724,29.29552894736843
2094,2021-05-10 10:00:00,Asia/Bangkok,79.81492350877191,7.564102564102564,7.03448275862069,31.35133955752212
2095,2021-05-10 11:00:00,Asia/Bangkok,71.32149964285713,6.212389380530974,5.736842105263158,33.5666992920354
2096,2021-05-10 12:00:00,Asia/Bangkok,76.05622482456141,6.517241379310345,6.146551724137931,32.41475464912279
2097,2021-05-10 13:00:00,Asia/Bangkok,72.33781053097347,7.103448275862069,6.620689655172414,33.42584258928571
2098,2021-05-10 14:00:00,Asia/Bangkok,66.39041217391306,4.71304347826087,4.373913043478261,35.25708173913044
2099,2021-05-10 15:00:00,Asia/Bangkok,65.08137310344827,5.353448275862069,4.974137931034483,34.69739198275862
2100,2021-05-10 16:00:00,Asia/Bangkok,69.32627094339622,25.68965517241379,22.99137931034483,33.49197771428571
2101,2021-05-10 17:00:00,Asia/Bangkok,70.11717117117117,10.85714285714286,9.991071428571429,33.09003882882882
2102,2021-05-10 18:00:00,Asia/Bangkok,73.97796626086956,23.57264957264957,21.46153846153846,32.26765087719297
2103,2021-05-10 19:00:00,Asia/Bangkok,79.35337763440859,45.82105263157895,39.41237113402062,30.47377691489361
2104,2021-05-10 20:00:00,Asia/Bangkok,83.43433318181822,64.0,51.82905982905983,29.70984981651377
2105,2021-05-10 21:00:00,Asia/Bangkok,85.01665460176991,54.71681415929203,45.11504424778761,29.51681401785714
2106,2021-05-10 22:00:00,Asia/Bangkok,86.52147921052635,49.18965517241379,41.18103448275862,29.06865805309737
2107,2021-05-10 23:00:00,Asia/Bangkok,88.4211522916666,43.97979797979798,36.92929292929293,28.52071937499998
2108,2021-05-11 00:00:00,Asia/Bangkok,89.9999595614035,39.56034482758621,34.24137931034483,27.86193842105262
2109,2021-05-11 01:00:00,Asia/Bangkok,90.67638444444442,40.05128205128205,34.44444444444444,27.58218681034482
2110,2021-05-11 02:00:00,Asia/Bangkok,91.06318921739125,32.83620689655172,30.19827586206896,27.33948947826081
2111,2021-05-11 03:00:00,Asia/Bangkok,91.04183274336285,28.45217391304348,27.12173913043478,27.3332792920354
2112,2021-05-11 04:00:00,Asia/Bangkok,91.47308578947366,30.09565217391305,28.36521739130435,27.17558345132744
2113,2021-05-11 05:00:00,Asia/Bangkok,91.62776578947364,28.46153846153846,27.2051282051282,26.9307659649123
2114,2021-05-11 06:00:00,Asia/Bangkok,91.5381983185841,26.78260869565218,25.46956521739131,26.81362991150445
2115,2021-05-11 07:00:00,Asia/Bangkok,92.38385628318586,26.61206896551724,25.31034482758621,26.63679752212392
2116,2021-05-11 08:00:00,Asia/Bangkok,93.54354353982303,22.1551724137931,20.93103448275862,27.26775410714285
2117,2021-05-11 09:00:00,Asia/Bangkok,86.16365893805316,8.956896551724139,8.318965517241379,29.7698859649123
2118,2021-05-11 10:00:00,Asia/Bangkok,79.1012299122807,5.172413793103448,4.71551724137931,31.407715
2119,2021-05-11 11:00:00,Asia/Bangkok,70.85919831858406,31.5,28.10344827586207,33.50440205357144
2120,2021-05-11 12:00:00,Asia/Bangkok,63.61152982456141,3.085470085470086,2.829059829059829,35.09604570175439
2121,2021-05-11 13:00:00,Asia/Bangkok,60.0689843478261,2.53448275862069,2.327586206896552,35.60144194690264
2122,2021-05-11 14:00:00,Asia/Bangkok,59.71935610619471,10.64655172413793,9.775862068965518,35.8548861946903
2123,2021-05-11 15:00:00,Asia/Bangkok,61.02579144144142,3.982608695652174,3.713043478260869,35.29180517857144
2124,2021-05-11 16:00:00,Asia/Bangkok,63.80908956521741,11.8974358974359,10.75213675213675,34.56654666666666
2125,2021-05-11 17:00:00,Asia/Bangkok,64.85649243243243,10.73275862068965,9.85344827586207,33.95820945945945
2126,2021-05-11 18:00:00,Asia/Bangkok,68.05360216216216,10.66666666666667,9.478632478632479,32.80399963963964
2127,2021-05-11 19:00:00,Asia/Bangkok,74.07505945945947,64.13157894736842,55.49122807017544,31.86324909909909
2128,2021-05-11 20:00:00,Asia/Bangkok,78.97677330357142,69.14655172413794,59.83620689655172,30.62703216216216
2129,2021-05-11 21:00:00,Asia/Bangkok,83.05298794642856,86.27826086956522,75.37391304347825,29.72297678571427
2130,2021-05-11 22:00:00,Asia/Bangkok,85.28024591304347,58.96551724137931,48.52586206896552,29.52179565217391
2131,2021-05-11 23:00:00,Asia/Bangkok,86.37113489583332,35.45360824742268,31.51020408163265,29.38316690721648
2132,2021-05-12 00:00:00,Asia/Bangkok,87.21059675438603,32.84070796460177,29.82300884955752,29.00846728070175
2133,2021-05-12 01:00:00,Asia/Bangkok,87.94173991150443,35.48695652173913,31.66956521739131,28.70436785714287
2134,2021-05-12 02:00:00,Asia/Bangkok,89.4589873214286,29.81739130434783,27.65217391304348,28.25155178571432
2135,2021-05-12 03:00:00,Asia/Bangkok,89.54752818181818,33.38260869565217,29.95652173913043,28.10238183486238
2136,2021-05-12 04:00:00,Asia/Bangkok,89.54994846846849,29.86324786324786,28.01709401709402,27.82376720720721
2137,2021-05-12 05:00:00,Asia/Bangkok,89.2871851304348,26.91304347826087,25.66086956521739,27.53676721739129
2138,2021-05-12 06:00:00,Asia/Bangkok,90.17586581818179,25.45132743362832,23.86725663716814,27.20634727272728
2139,2021-05-12 07:00:00,Asia/Bangkok,91.1780355172414,21.09401709401709,19.82051282051282,26.80321782608695
2140,2021-05-12 08:00:00,Asia/Bangkok,91.4218957142857,10.47826086956522,9.6,27.44809045045045
2141,2021-05-12 09:00:00,Asia/Bangkok,83.40743437500005,3.232758620689655,2.818965517241379,29.92821026785716
2142,2021-05-12 10:00:00,Asia/Bangkok,74.47277095652174,2.853448275862069,2.474137931034483,32.13216701754388
2143,2021-05-12 11:00:00,Asia/Bangkok,68.70925853448276,1.491379310344828,1.21551724137931,33.3626753508772
2144,2021-05-12 12:00:00,Asia/Bangkok,65.8116664912281,1.649572649572649,1.418803418803419,34.09190859649124
2145,2021-05-12 13:00:00,Asia/Bangkok,67.30930106194693,4.146551724137931,3.862068965517242,34.19232080357143
2146,2021-05-12 14:00:00,Asia/Bangkok,64.30159894736843,5.189655172413793,4.826086956521739,35.33600070175437
2147,2021-05-12 15:00:00,Asia/Bangkok,66.30355469565217,5.129310344827586,4.853448275862069,34.68853382608696
2148,2021-05-12 16:00:00,Asia/Bangkok,85.35880736842101,8.252173913043478,7.504347826086956,30.76108417391304
2149,2021-05-12 17:00:00,Asia/Bangkok,85.34008652173912,6.384615384615385,5.905172413793103,29.82608263157892
2150,2021-05-12 18:00:00,Asia/Bangkok,89.05331600000002,20.09565217391305,19.23275862068965,29.53380472727276
2151,2021-05-12 19:00:00,Asia/Bangkok,89.72735243243244,35.7304347826087,31.23478260869565,29.41501765765767
2152,2021-05-12 20:00:00,Asia/Bangkok,90.6052595614035,54.00862068965517,44.37068965517241,29.20379885964915
2153,2021-05-12 21:00:00,Asia/Bangkok,89.81721883928574,47.56896551724138,39.67241379310344,28.98007687500002
2154,2021-05-12 22:00:00,Asia/Bangkok,91.35605297297296,33.14655172413793,30.48275862068965,28.25452837837836
2155,2021-05-12 23:00:00,Asia/Bangkok,91.96239643478262,27.81896551724138,26.52586206896552,28.16773447368421
2156,2021-05-13 00:00:00,Asia/Bangkok,91.19989931034485,30.76923076923077,28.95726495726496,28.20611999999998
2157,2021-05-13 01:00:00,Asia/Bangkok,92.24360495495496,28.3448275862069,27.05172413793104,27.91693954954955
2158,2021-05-13 02:00:00,Asia/Bangkok,92.68213027027028,30.22413793103448,27.99137931034483,27.62337063063062
2159,2021-05-13 03:00:00,Asia/Bangkok,92.92683071428574,33.94871794871795,30.39316239316239,27.35511375
2160,2021-05-13 04:00:00,Asia/Bangkok,93.06418964285719,32.76521739130435,29.80869565217391,27.10695866071426
2161,2021-05-13 05:00:00,Asia/Bangkok,93.11084920353981,27.25862068965517,25.72413793103448,26.91812398230091
2162,2021-05-13 06:00:00,Asia/Bangkok,92.83300151785718,20.50427350427351,19.51282051282051,26.66943642857142
2163,2021-05-13 07:00:00,Asia/Bangkok,93.52855939130436,19.48695652173913,18.49122807017544,26.44436763157895
2164,2021-05-13 08:00:00,Asia/Bangkok,93.8972487719298,23.2695652173913,22.22413793103448,26.91244982456139
2165,2021-05-13 09:00:00,Asia/Bangkok,90.8345084210526,14.89565217391304,14.16521739130435,28.32231122807018
2166,2021-05-13 10:00:00,Asia/Bangkok,81.26169307017543,8.782608695652174,8.417391304347825,30.76776767857142
2167,2021-05-13 11:00:00,Asia/Bangkok,72.40230283185842,3.086206896551724,2.818965517241379,32.56683884955751
2168,2021-05-13 12:00:00,Asia/Bangkok,68.11824592920354,2.724137931034483,2.5,33.92258495575221
2169,2021-05-13 13:00:00,Asia/Bangkok,65.68510321428573,3.405172413793104,3.267241379310345,35.04282062499999
2170,2021-05-13 14:00:00,Asia/Bangkok,63.01543063063067,5.568965517241379,5.387931034482759,35.86573666666667
2171,2021-05-13 15:00:00,Asia/Bangkok,66.01719412280698,13.71304347826087,13.1551724137931,34.98114681415929
2172,2021-05-13 16:00:00,Asia/Bangkok,74.56052087719294,19.82758620689655,17.55172413793104,33.77327385964911
2173,2021-05-13 17:00:00,Asia/Bangkok,78.52022857142858,11.24347826086957,10.57017543859649,32.73150776785716
2174,2021-05-13 18:00:00,Asia/Bangkok,77.67993236842108,6.939655172413793,6.525862068965517,32.08683912280701
2175,2021-05-13 19:00:00,Asia/Bangkok,81.70659159292036,12.04385964912281,11.13157894736842,30.92692327433628
2176,2021-05-13 20:00:00,Asia/Bangkok,85.69890681415927,147.0431034482759,102.981981981982,30.05339743362834
2177,2021-05-13 21:00:00,Asia/Bangkok,87.75328289473683,53.9059829059829,45.95726495726495,29.36505017543861
2178,2021-05-13 22:00:00,Asia/Bangkok,89.73691663716816,35.26724137931034,31.75862068965517,28.9073315044248
2179,2021-05-13 23:00:00,Asia/Bangkok,90.81145859649119,44.55172413793103,37.77586206896552,28.78355377192983
2180,2021-05-14 00:00:00,Asia/Bangkok,91.19893362831858,51.57391304347826,42.49565217391304,28.54057230088497
2181,2021-05-14 01:00:00,Asia/Bangkok,91.32598982300887,48.46551724137931,40.33620689655172,28.4076467256637
2182,2021-05-14 02:00:00,Asia/Bangkok,91.3850891304348,48.23931623931624,40.38461538461539,28.18098582608695
2183,2021-05-14 03:00:00,Asia/Bangkok,91.6371782882883,41.97413793103448,35.86206896551724,27.91049216216216
2184,2021-05-14 04:00:00,Asia/Bangkok,91.3657725663717,25.5,24.31304347826087,27.80195026315788
2185,2021-05-14 05:00:00,Asia/Bangkok,91.03912535714286,21.38793103448276,20.39655172413793,27.62028589285716
2186,2021-05-14 06:00:00,Asia/Bangkok,91.87307327272728,21.94827586206896,20.88793103448276,27.36855981818181
2187,2021-05-14 07:00:00,Asia/Bangkok,93.01367814159295,26.50427350427351,25.01724137931035,27.15344150442478
2188,2021-05-14 08:00:00,Asia/Bangkok,93.14774539130434,30.87068965517241,28.7948717948718,27.61341747826084
2189,2021-05-14 09:00:00,Asia/Bangkok,88.9431946551724,15.04310344827586,14.35344827586207,29.18790439655173
2190,2021-05-14 10:00:00,Asia/Bangkok,79.55284309734513,4.939130434782609,4.629310344827586,30.94391232142855
2191,2021-05-14 11:00:00,Asia/Bangkok,73.42455539130437,4.068965517241379,3.810344827586207,32.48845215517241
2192,2021-05-14 12:00:00,Asia/Bangkok,68.11874918918922,3.478632478632479,3.239316239316239,33.88531459459459
2193,2021-05-14 13:00:00,Asia/Bangkok,65.2845745614035,4.03448275862069,3.827586206896552,34.68284666666667
2194,2021-05-14 14:00:00,Asia/Bangkok,64.32250300884955,4.956896551724138,4.706896551724138,35.12392584070796
2195,2021-05-14 15:00:00,Asia/Bangkok,80.24622398230086,8.443478260869565,8.02608695652174,31.97152561403509
2196,2021-05-14 16:00:00,Asia/Bangkok,85.53501627272728,13.67543859649123,13.06140350877193,31.41003669724769
2197,2021-05-14 17:00:00,Asia/Bangkok,81.85480831858405,10.65217391304348,10.19130434782609,32.00935526315789
2198,2021-05-14 18:00:00,Asia/Bangkok,83.77559495575223,13.80172413793103,13.17241379310345,31.8480702654867
2199,2021-05-14 19:00:00,Asia/Bangkok,86.5177325225225,44.97368421052632,40.01754385964912,31.05931153153153
2200,2021-05-14 20:00:00,Asia/Bangkok,88.34018982300884,37.0948275862069,32.92241379310344,30.23982168141595
2201,2021-05-14 21:00:00,Asia/Bangkok,89.57561342342343,47.41739130434782,39.80869565217391,29.78325702702699
2202,2021-05-14 22:00:00,Asia/Bangkok,90.61002378378379,52.18965517241379,42.92241379310344,29.53293190909091
2203,2021-05-14 23:00:00,Asia/Bangkok,90.54215901785719,46.29565217391304,38.61739130434783,29.42473357142859
2204,2021-05-15 00:00:00,Asia/Bangkok,91.1880732758621,42.44827586206897,36.04310344827586,29.15912620689654
2205,2021-05-15 01:00:00,Asia/Bangkok,91.23504473684204,33.87068965517241,30.30172413793104,28.94086238938053
2206,2021-05-15 02:00:00,Asia/Bangkok,90.52062594594598,23.85344827586207,22.75862068965517,28.49334315315315
2207,2021-05-15 03:00:00,Asia/Bangkok,91.45711596491229,27.6551724137931,26.45689655172414,28.10371728070177
2208,2021-05-15 04:00:00,Asia/Bangkok,91.32500982758619,25.48275862068965,24.22413793103448,27.81351698275863
2209,2021-05-15 05:00:00,Asia/Bangkok,91.98177879310346,25.16239316239316,23.66666666666667,27.55041905172413
2210,2021-05-15 06:00:00,Asia/Bangkok,92.6760672173913,24.87068965517241,23.28448275862069,27.24851121739126
2211,2021-05-15 07:00:00,Asia/Bangkok,93.57933422413798,27.17241379310345,25.72413793103448,27.15337591304346
2212,2021-05-15 08:00:00,Asia/Bangkok,93.17466808695654,26.60683760683761,25.30769230769231,27.78264643478262
2213,2021-05-15 09:00:00,Asia/Bangkok,86.24616782608695,13.14782608695652,12.49565217391304,29.78016704347826
2214,2021-05-15 10:00:00,Asia/Bangkok,76.94960191304348,7.341880341880342,7.119658119658119,32.37468121739131
2215,2021-05-15 11:00:00,Asia/Bangkok,72.15135309734515,8.991379310344827,8.655172413793103,33.42848026548673
2216,2021-05-15 12:00:00,Asia/Bangkok,70.77881289473684,12.11111111111111,11.69230769230769,33.75896087719297
2217,2021-05-15 13:00:00,Asia/Bangkok,80.676805,14.75652173913043,14.11304347826087,32.61046035087717
2218,2021-05-15 14:00:00,Asia/Bangkok,86.01559318965515,12.83760683760684,12.4017094017094,30.94305808695653
2219,2021-05-15 15:00:00,Asia/Bangkok,86.42524678571426,7.362068965517241,7.043103448275862,29.39456639639642
2220,2021-05-15 16:00:00,Asia/Bangkok,81.93919176991152,6.543103448275862,6.068965517241379,30.51876495575221
2221,2021-05-15 17:00:00,Asia/Bangkok,74.46269035398231,4.189655172413793,3.887931034482758,32.50199353982301
2222,2021-05-15 18:00:00,Asia/Bangkok,76.53585421052631,12.34188034188034,11.1965811965812,32.61870456140352
2223,2021-05-15 19:00:00,Asia/Bangkok,82.36644036036029,25.02608695652174,21.65217391304348,31.57341054054054
2224,2021-05-15 20:00:00,Asia/Bangkok,86.68209868421052,54.44827586206897,46.41379310344828,30.35783345132745
2225,2021-05-15 21:00:00,Asia/Bangkok,85.81225431034481,24.13274336283186,23.1504424778761,29.91484513043478
2226,2021-05-15 22:00:00,Asia/Bangkok,87.07849982456139,28.37606837606837,26.7948717948718,29.21839228070177
2227,2021-05-15 23:00:00,Asia/Bangkok,88.39390771929827,28.83620689655172,27.49137931034483,28.8374296491228
2228,2021-05-16 00:00:00,Asia/Bangkok,89.81713582608695,29.95652173913043,28.44827586206896,28.50430921739127
2229,2021-05-16 01:00:00,Asia/Bangkok,91.02973336206895,33.36206896551724,30.96551724137931,28.06077129310344
2230,2021-05-16 02:00:00,Asia/Bangkok,92.44215099099098,31.25,29.1551724137931,27.6109636607143
2231,2021-05-16 03:00:00,Asia/Bangkok,91.18730823008849,26.63392857142857,25.53571428571428,27.61543601769911
2232,2021-05-16 04:00:00,Asia/Bangkok,91.4353565486726,26.02608695652174,24.96521739130435,27.50577080357143
2233,2021-05-16 05:00:00,Asia/Bangkok,91.7208165789474,24.96551724137931,23.92241379310345,27.21754421052633
2234,2021-05-16 06:00:00,Asia/Bangkok,92.34175666666665,23.27826086956522,22.4,27.12176392857143
2235,2021-05-16 07:00:00,Asia/Bangkok,92.56540495652177,22.20689655172414,21.25,27.06816850877192
2236,2021-05-16 08:00:00,Asia/Bangkok,92.80740196428573,18.85964912280702,18.13157894736842,27.73196151785714
2237,2021-05-16 09:00:00,Asia/Bangkok,85.86429094827588,6.836206896551724,6.431034482758621,29.76437318965517
2238,2021-05-16 10:00:00,Asia/Bangkok,77.35133132743361,3.517241379310345,3.301724137931035,31.78655654867256
2239,2021-05-16 11:00:00,Asia/Bangkok,71.02506230088495,7.452173913043478,6.695652173913044,32.95224017699115
2240,2021-05-16 12:00:00,Asia/Bangkok,66.58086850877194,5.930434782608696,5.565217391304348,34.10219140350878
2241,2021-05-16 13:00:00,Asia/Bangkok,64.69654532110093,6.826086956521739,6.304347826086956,34.92692268518518
2242,2021-05-16 14:00:00,Asia/Bangkok,85.2474303508772,9.362068965517242,8.21551724137931,28.95260254385965
2243,2021-05-16 15:00:00,Asia/Bangkok,88.41007776785712,6.775862068965517,5.663793103448276,27.897926875
2244,2021-05-16 16:00:00,Asia/Bangkok,79.69222427272733,3.560344827586207,3.146551724137931,30.75851445454544
2245,2021-05-16 17:00:00,Asia/Bangkok,80.4336274107143,4.853448275862069,4.5,30.62681285714286
2246,2021-05-16 18:00:00,Asia/Bangkok,80.02516339285712,6.069565217391304,5.669565217391304,31.13741473214285
2247,2021-05-16 19:00:00,Asia/Bangkok,81.48309482142857,24.29824561403509,21.8859649122807,30.7418255357143
2248,2021-05-16 20:00:00,Asia/Bangkok,88.21240530434778,54.55263157894737,47.06140350877193,29.46899339130433
2249,2021-05-16 21:00:00,Asia/Bangkok,88.6940454464286,36.63793103448276,32.68103448275862,29.34882098214288
2250,2021-05-16 22:00:00,Asia/Bangkok,87.01599139130435,16.00862068965517,15.32758620689655,28.71798330434784
2251,2021-05-16 23:00:00,Asia/Bangkok,88.00010353982299,13.88695652173913,13.19130434782609,28.43420796460178
2252,2021-05-17 00:00:00,Asia/Bangkok,89.25073566371682,19.21551724137931,18.39655172413793,28.16748000000002
2253,2021-05-17 01:00:00,Asia/Bangkok,91.31215017391305,28.72413793103448,27.47413793103448,27.85428200000002
2254,2021-05-17 02:00:00,Asia/Bangkok,92.20691946902653,25.53448275862069,24.44827586206896,27.49985380530972
2255,2021-05-17 03:00:00,Asia/Bangkok,91.67960787610622,23.00854700854701,21.94017094017094,27.49163026548672
2256,2021-05-17 04:00:00,Asia/Bangkok,92.3158758181818,18.08035714285714,17.29203539823009,27.18369745454545
2257,2021-05-17 05:00:00,Asia/Bangkok,92.44558330357145,17.02608695652174,16.33913043478261,27.06769205357143
2258,2021-05-17 06:00:00,Asia/Bangkok,93.3066919130435,17.31896551724138,16.48275862068965,26.7209039130435
2259,2021-05-17 07:00:00,Asia/Bangkok,93.98578245454546,17.5,16.60344827586207,26.67444809090911
2260,2021-05-17 08:00:00,Asia/Bangkok,93.12446759259257,19.94827586206896,19.0948275862069,27.41719240740738
2261,2021-05-17 09:00:00,Asia/Bangkok,85.33891965217387,13.13793103448276,12.62931034482759,29.91045324561404
2262,2021-05-17 10:00:00,Asia/Bangkok,77.11666860869568,14.75,14.25862068965517,31.92855000000001
2263,2021-05-17 11:00:00,Asia/Bangkok,73.58326866071424,17.06896551724138,16.49137931034483,33.04596473214286
2264,2021-05-17 12:00:00,Asia/Bangkok,65.07128353448277,9.521367521367521,9.23076923076923,34.73056301724137
2265,2021-05-17 13:00:00,Asia/Bangkok,65.64984982300886,8.931034482758621,8.698275862068966,34.53425575221237
2266,2021-05-17 14:00:00,Asia/Bangkok,66.31920263157896,8.5,8.301724137931034,34.86702894736842
2267,2021-05-17 15:00:00,Asia/Bangkok,82.70656830357143,8.948717948717949,8.508620689655173,30.8801342857143
2268,2021-05-17 16:00:00,Asia/Bangkok,85.05677117117112,16.0,14.92241379310345,30.45569612612612
2269,2021-05-17 17:00:00,Asia/Bangkok,79.80637540540538,9.863247863247864,9.341880341880342,31.97790477477475
2270,2021-05-17 18:00:00,Asia/Bangkok,80.86114359649125,13.36521739130435,12.83478260869565,30.66243157894737
2271,2021-05-17 19:00:00,Asia/Bangkok,85.09667359649121,22.47826086956522,21.0,29.34750640350879
2272,2021-05-17 20:00:00,Asia/Bangkok,90.16127675438597,20.93913043478261,19.71304347826087,28.63675552631579
2273,2021-05-17 21:00:00,Asia/Bangkok,90.74671429824558,31.38260869565217,27.69565217391304,28.29759433628317
2274,2021-05-17 22:00:00,Asia/Bangkok,92.27080991228067,43.04347826086956,37.20869565217392,27.88782210526314
2275,2021-05-17 23:00:00,Asia/Bangkok,94.366848173913,35.16239316239317,32.08547008547009,27.40921869565214
2276,2021-05-18 00:00:00,Asia/Bangkok,93.84066415929203,23.20689655172414,22.11206896551724,27.13697150442477
2277,2021-05-18 01:00:00,Asia/Bangkok,93.01198964601777,21.13793103448276,20.31034482758621,27.14932867256638
2278,2021-05-18 02:00:00,Asia/Bangkok,93.33019095652168,20.23275862068965,19.31896551724138,26.94555678260872
2279,2021-05-18 03:00:00,Asia/Bangkok,94.16906571428571,15.02654867256637,14.3716814159292,26.51784598214286
2280,2021-05-18 04:00:00,Asia/Bangkok,94.55001324324328,18.38793103448276,17.67241379310345,26.44801684684687
2281,2021-05-18 05:00:00,Asia/Bangkok,93.98480097345137,17.01724137931035,16.4051724137931,26.2911414159292
2282,2021-05-18 06:00:00,Asia/Bangkok,92.60067936936937,11.62608695652174,11.14782608695652,26.25640126126124
2283,2021-05-18 07:00:00,Asia/Bangkok,92.03725852173918,8.043103448275861,7.655172413793103,26.31510313043479
2284,2021-05-18 08:00:00,Asia/Bangkok,90.97048078260872,7.615384615384615,7.222222222222222,26.97017104347824
2285,2021-05-18 09:00:00,Asia/Bangkok,87.48595758620685,6.836206896551724,6.431034482758621,28.44808603448278
2286,2021-05-18 10:00:00,Asia/Bangkok,83.00903956896556,10.55172413793103,9.96551724137931,29.81253112068966
2287,2021-05-18 11:00:00,Asia/Bangkok,76.95396194690265,9.570175438596491,9.017391304347827,31.31642339285713
2288,2021-05-18 12:00:00,Asia/Bangkok,72.26055855072461,9.7,9.185714285714285,32.49236188405798
2289,2021-05-18 13:00:00,Asia/Bangkok,68.64718450980389,12.41284403669725,11.80733944954128,33.56565558823531
2290,2021-05-18 14:00:00,Asia/Bangkok,65.55901573033705,10.67021276595745,10.24210526315789,34.72615636363635
2291,2021-05-18 15:00:00,Asia/Bangkok,68.44953583333333,7.243589743589744,6.846153846153846,33.75070478873239
2292,2021-05-18 16:00:00,Asia/Bangkok,70.01620637362636,6.136842105263158,5.694736842105264,33.03985555555556
2293,2021-05-18 17:00:00,Asia/Bangkok,78.22329790476192,24.32142857142857,21.81981981981982,29.90707180952382
2294,2021-05-18 18:00:00,Asia/Bangkok,81.99295318181818,23.10434782608696,21.37068965517241,28.77038363636365
2295,2021-05-18 19:00:00,Asia/Bangkok,85.00552863636364,32.19298245614035,27.76315789473684,28.19298681818181
2296,2021-05-18 20:00:00,Asia/Bangkok,89.31004660869567,45.96551724137931,38.75862068965517,27.44735640350876
2297,2021-05-18 21:00:00,Asia/Bangkok,90.69532439655171,50.76724137931034,41.97413793103448,27.15527508620691
2298,2021-05-18 22:00:00,Asia/Bangkok,87.91561008849558,16.49137931034483,14.58620689655172,27.28950210526317
2299,2021-05-18 23:00:00,Asia/Bangkok,88.27399035087717,9.051724137931034,8.301724137931034,27.37184203539821
2300,2021-05-19 00:00:00,Asia/Bangkok,90.58753351351353,12.10434782608696,11.43478260869565,27.12266999999999
2301,2021-05-19 01:00:00,Asia/Bangkok,90.47150953271029,22.82882882882883,21.53153153153153,27.03953261682243
2302,2021-05-19 02:00:00,Asia/Bangkok,91.89241421052628,32.39655172413793,30.12931034482759,26.64717491228073
2303,2021-05-19 03:00:00,Asia/Bangkok,92.69191722222219,36.3448275862069,32.38793103448276,26.40345583333334
2304,2021-05-19 04:00:00,Asia/Bangkok,93.40336207207208,36.97368421052632,32.63157894736842,26.11015765765767
2305,2021-05-19 05:00:00,Asia/Bangkok,93.37325212389378,36.54782608695652,32.32173913043479,26.01472477876107
2306,2021-05-19 06:00:00,Asia/Bangkok,94.25009547826085,39.62068965517241,34.46551724137931,25.89732417391305
2307,2021-05-19 07:00:00,Asia/Bangkok,94.5221444736842,28.07826086956522,24.86086956521739,25.82054280701754
2308,2021-05-19 08:00:00,Asia/Bangkok,92.49541321739132,7.434782608695652,6.852173913043479,26.57259182608694
2309,2021-05-19 09:00:00,Asia/Bangkok,86.38520861111107,6.324561403508772,5.447368421052632,28.43211500000001
2310,2021-05-19 10:00:00,Asia/Bangkok,80.30666660869568,5.078260869565217,4.434782608695652,30.25372052173913
2311,2021-05-19 11:00:00,Asia/Bangkok,73.2025503883495,5.194174757281553,4.627450980392157,31.98903411764705
2312,2021-05-19 12:00:00,Asia/Bangkok,71.6761311904762,9.21259842519685,8.354330708661417,32.58879801587301
2313,2021-05-19 13:00:00,Asia/Bangkok,68.40144298245617,5.517241379310345,4.896551724137931,33.65980654867256
2314,2021-05-19 14:00:00,Asia/Bangkok,67.02597069565216,10.69827586206897,9.594827586206897,34.13868631578948
2315,2021-05-19 15:00:00,Asia/Bangkok,68.88674637168143,10.97297297297297,10.22321428571429,33.86530447368421
2316,2021-05-19 16:00:00,Asia/Bangkok,70.19362382608693,11.54700854700855,10.76068376068376,33.45248201754385
2317,2021-05-19 17:00:00,Asia/Bangkok,72.26572008695652,11.43965517241379,10.5,33.01632807017544
2318,2021-05-19 18:00:00,Asia/Bangkok,84.54034484848482,12.2020202020202,10.93939393939394,29.43870787878789
2319,2021-05-19 19:00:00,Asia/Bangkok,89.30811141592918,21.67826086956522,19.90434782608695,28.2693078761062
2320,2021-05-19 20:00:00,Asia/Bangkok,89.97074930434786,13.04310344827586,12.08620689655172,27.92953739130435
2321,2021-05-19 21:00:00,Asia/Bangkok,89.41404652173915,13.37931034482759,12.37931034482759,27.76632573913042
2322,2021-05-19 22:00:00,Asia/Bangkok,89.47620230088494,15.51304347826087,14.4,27.7032489380531
2323,2021-05-19 23:00:00,Asia/Bangkok,89.85259927927932,14.20689655172414,13.0948275862069,27.63580882882885
2324,2021-05-20 00:00:00,Asia/Bangkok,92.12560885964908,15.32478632478633,14.38793103448276,27.02715666666666
2325,2021-05-20 01:00:00,Asia/Bangkok,93.06603017699115,15.08620689655172,14.09401709401709,26.66884185840708
2326,2021-05-20 02:00:00,Asia/Bangkok,93.14138185840704,14.0,13.08620689655172,26.53967159292036
2327,2021-05-20 03:00:00,Asia/Bangkok,93.68788090090091,13.5,12.62931034482759,26.51094792792793
2328,2021-05-20 04:00:00,Asia/Bangkok,93.97930910714284,14.12068965517241,13.11206896551724,26.37672187500001
2329,2021-05-20 05:00:00,Asia/Bangkok,93.8876493043478,20.26724137931035,19.41379310344828,26.08299026086959
2330,2021-05-20 06:00:00,Asia/Bangkok,94.29256765217391,17.39655172413793,16.45689655172414,26.06219112068964
2331,2021-05-20 07:00:00,Asia/Bangkok,93.94819315789478,16.1965811965812,15.28205128205128,26.04076637168143
2332,2021-05-20 08:00:00,Asia/Bangkok,93.46882026315788,20.5,19.46428571428572,26.66551385964913
2333,2021-05-20 09:00:00,Asia/Bangkok,91.88208130434776,16.0,15.19827586206897,27.57916739130433
2334,2021-05-20 10:00:00,Asia/Bangkok,88.05286903508771,8.431034482758621,7.637931034482759,28.5325406140351
2335,2021-05-20 11:00:00,Asia/Bangkok,81.86248229357795,6.474137931034483,5.689655172413793,30.28046376146788
2336,2021-05-20 12:00:00,Asia/Bangkok,76.25661704347827,5.264957264957265,4.811965811965812,31.56807782608693
2337,2021-05-20 13:00:00,Asia/Bangkok,73.982232920354,8.577586206896552,7.96551724137931,32.46262256637168
2338,2021-05-20 14:00:00,Asia/Bangkok,72.3380867826087,12.75862068965517,12.12068965517241,33.1518204347826
2339,2021-05-20 15:00:00,Asia/Bangkok,70.73829214285713,10.37931034482759,9.827586206896552,33.7034373214286
2340,2021-05-20 16:00:00,Asia/Bangkok,68.46243840707962,7.862068965517241,7.353448275862069,34.27374557522124
2341,2021-05-20 17:00:00,Asia/Bangkok,69.32301821428574,8.129310344827585,7.327586206896552,33.24859910714286
2342,2021-05-20 18:00:00,Asia/Bangkok,70.24087580357143,6.275862068965517,5.681034482758621,32.87060357142856
2343,2021-05-20 19:00:00,Asia/Bangkok,74.10292342342342,14.78947368421053,13.17543859649123,31.48521846846848
2344,2021-05-20 20:00:00,Asia/Bangkok,78.69733306306304,17.52631578947368,15.76315789473684,30.38237018018019
2345,2021-05-20 21:00:00,Asia/Bangkok,81.1835765789474,10.72413793103448,9.948275862068966,29.89915601769911
2346,2021-05-20 22:00:00,Asia/Bangkok,84.39667787610618,11.3421052631579,10.54782608695652,29.29424309734514
2347,2021-05-20 23:00:00,Asia/Bangkok,85.80815938596493,9.105263157894736,8.526315789473685,28.70648684210528
2348,2021-05-21 00:00:00,Asia/Bangkok,87.52522040816328,8.565656565656566,7.767676767676767,28.32455878787876
2349,2021-05-21 01:00:00,Asia/Bangkok,88.7507105555556,10.68965517241379,9.775862068965518,28.14495314814816
2350,2021-05-21 02:00:00,Asia/Bangkok,90.3390127433628,10.66379310344828,9.698275862068966,27.72602920353983
2351,2021-05-21 03:00:00,Asia/Bangkok,90.9945847787611,9.362068965517242,8.474137931034482,27.27670097345131
2352,2021-05-21 04:00:00,Asia/Bangkok,90.33049245614032,9.163793103448276,8.301724137931034,27.02949894736842
2353,2021-05-21 05:00:00,Asia/Bangkok,91.63196643478261,13.18965517241379,12.27586206896552,26.65755695652173
2354,2021-05-21 06:00:00,Asia/Bangkok,92.31020946902652,10.48275862068965,9.870689655172415,26.31082407079645
2355,2021-05-21 07:00:00,Asia/Bangkok,92.33215265486723,12.45217391304348,11.6,26.36021353982301
2356,2021-05-21 08:00:00,Asia/Bangkok,86.93712896907218,8.323232323232324,7.363636363636363,27.85149845360825
2357,2021-05-21 09:00:00,Asia/Bangkok,80.91462591304352,5.732758620689655,4.96551724137931,29.56317408695653
2358,2021-05-21 10:00:00,Asia/Bangkok,74.57653234782609,3.887931034482758,3.439655172413793,31.39471140350875
2359,2021-05-21 11:00:00,Asia/Bangkok,74.0387630357143,1.2,0.8869565217391304,30.19085625
2360,2021-05-21 12:00:00,Asia/Bangkok,73.78571026315787,0.6695652173913044,0.5689655172413793,29.80005798245615
2361,2021-05-21 13:00:00,Asia/Bangkok,76.45018929824559,2.895652173913044,2.539130434782609,30.38190473684211
2362,2021-05-21 14:00:00,Asia/Bangkok,75.81448973913041,5.137931034482759,4.689655172413793,30.8986862280702
2363,2021-05-21 15:00:00,Asia/Bangkok,74.61048517857141,4.698275862068965,4.267241379310345,31.13965794642857
2364,2021-05-21 16:00:00,Asia/Bangkok,79.29150399999999,4.482758620689655,3.905172413793104,30.03211701754386
2365,2021-05-21 17:00:00,Asia/Bangkok,87.95248374999997,4.456896551724138,3.836206896551724,28.00292785714288
2366,2021-05-21 18:00:00,Asia/Bangkok,89.0324446491228,3.68695652173913,3.278260869565218,27.50905666666664
2367,2021-05-21 19:00:00,Asia/Bangkok,88.0326245945946,6.886956521739131,6.147826086956521,27.47919594594591
2368,2021-05-21 20:00:00,Asia/Bangkok,89.51637600000004,8.155172413793103,7.456896551724138,26.92365930434783
2369,2021-05-21 21:00:00,Asia/Bangkok,90.33042438596488,11.37068965517241,10.55172413793103,26.93851850877194
2370,2021-05-21 22:00:00,Asia/Bangkok,90.2526013043478,11.07692307692308,10.29059829059829,26.688812
2371,2021-05-21 23:00:00,Asia/Bangkok,90.47559117117119,10.25862068965517,9.431034482758621,26.52882423423424
2372,2021-05-22 00:00:00,Asia/Bangkok,88.85534169642862,8.560344827586206,7.991379310344827,26.58739348214286
2373,2021-05-22 01:00:00,Asia/Bangkok,87.10100582608698,8.129310344827585,7.431034482758621,26.68356469565218
2374,2021-05-22 02:00:00,Asia/Bangkok,89.3846371794872,9.681034482758621,8.913793103448276,26.36280282051282
2375,2021-05-22 03:00:00,Asia/Bangkok,91.34615630630628,12.38793103448276,11.66666666666667,25.95537684684685
2376,2021-05-22 04:00:00,Asia/Bangkok,91.57552258620687,15.74137931034483,14.8448275862069,25.88981913793103
2377,2021-05-22 05:00:00,Asia/Bangkok,91.38446135294109,14.70689655172414,13.77011494252874,25.80185611764706
2378,2021-05-22 06:00:00,Asia/Bangkok,91.60764945945952,13.52991452991453,12.70940170940171,25.89258810810811
2379,2021-05-22 07:00:00,Asia/Bangkok,91.25889714285714,14.11206896551724,13.1551724137931,26.11774660714286
2380,2021-05-22 08:00:00,Asia/Bangkok,90.12006575221238,10.64655172413793,9.508620689655173,26.92904106194689
2381,2021-05-22 09:00:00,Asia/Bangkok,85.5287075221239,7.28448275862069,6.387931034482759,28.45798097345132
2382,2021-05-22 10:00:00,Asia/Bangkok,75.5033671052632,5.086206896551724,4.387931034482759,30.60130982300885
2383,2021-05-22 11:00:00,Asia/Bangkok,71.76852695652177,3.504347826086957,3.017391304347826,31.7485472173913
2384,2021-05-22 12:00:00,Asia/Bangkok,72.38742576576576,6.269565217391304,5.765217391304348,31.48750315315315
2385,2021-05-22 13:00:00,Asia/Bangkok,72.54386578947367,10.06896551724138,9.405172413793103,32.22181105263159
2386,2021-05-22 14:00:00,Asia/Bangkok,69.10423557522124,12.93103448275862,12.12068965517241,33.29454303571428
2387,2021-05-22 15:00:00,Asia/Bangkok,68.96103473684211,8.565217391304348,7.617391304347827,32.58349991228071
2388,2021-05-22 16:00:00,Asia/Bangkok,79.34540008695654,11.52586206896552,10.67241379310345,28.68848982608698
2389,2021-05-22 17:00:00,Asia/Bangkok,81.42367936936938,10.36206896551724,9.094827586206897,29.44908081081081
2390,2021-05-22 18:00:00,Asia/Bangkok,82.67133289473684,9.824561403508772,8.858407079646017,28.50738175438596
2391,2021-05-22 19:00:00,Asia/Bangkok,87.29348740740741,2.955357142857143,2.552631578947369,26.1647052293578
2392,2021-05-22 20:00:00,Asia/Bangkok,89.08535517543858,0.6581196581196581,0.4444444444444444,25.17792477477478
2393,2021-05-22 21:00:00,Asia/Bangkok,91.14998765765763,1.228070175438597,1.008771929824561,24.83335351351353
2394,2021-05-22 22:00:00,Asia/Bangkok,91.40818619469027,2.06140350877193,1.780701754385965,25.07628044247789
2395,2021-05-22 23:00:00,Asia/Bangkok,91.69660867256641,4.086206896551724,3.672413793103448,25.14937097345134
2396,2021-05-23 00:00:00,Asia/Bangkok,91.3427999130435,4.652173913043478,4.130434782608695,25.13876373913043
2397,2021-05-23 01:00:00,Asia/Bangkok,91.21179333333338,5.008771929824562,4.37719298245614,24.88334614035087
2398,2021-05-23 02:00:00,Asia/Bangkok,91.96192469026553,6.96551724137931,6.189655172413793,24.46919584070796
2399,2021-05-23 03:00:00,Asia/Bangkok,90.37353594594593,7.758928571428571,6.910714285714286,24.4424072072072
2400,2021-05-23 04:00:00,Asia/Bangkok,88.33406271929823,9.517241379310345,8.491379310344827,24.58169473684211
2401,2021-05-23 05:00:00,Asia/Bangkok,82.89396079646014,7.758620689655173,6.767241379310345,25.96734283185841
2402,2021-05-23 06:00:00,Asia/Bangkok,85.19031637931037,8.043103448275861,7.327586206896552,25.50395629310347
2403,2021-05-23 07:00:00,Asia/Bangkok,88.97598570175437,9.10344827586207,8.112068965517242,24.83841780701756
2404,2021-05-23 08:00:00,Asia/Bangkok,88.41062090090092,9.434782608695652,8.478260869565217,25.97962630630632
2405,2021-05-23 09:00:00,Asia/Bangkok,83.83371946428569,9.53448275862069,8.46551724137931,28.11186383928572
2406,2021-05-23 10:00:00,Asia/Bangkok,79.89128904347827,8.2,7.121739130434783,30.1224104347826
2407,2021-05-23 11:00:00,Asia/Bangkok,73.64141681415929,2.387931034482758,1.853448275862069,30.48019403508773
2408,2021-05-23 12:00:00,Asia/Bangkok,68.65245724137931,4.70940170940171,4.222222222222222,31.83550634782609
2409,2021-05-23 13:00:00,Asia/Bangkok,63.48810464912285,5.0,4.586206896551724,32.96456105263157
2410,2021-05-23 14:00:00,Asia/Bangkok,60.16897000000001,4.155172413793103,3.844827586206896,34.03546500000001
2411,2021-05-23 15:00:00,Asia/Bangkok,60.1625486842105,6.698275862068965,6.129310344827586,34.34575201754388
2412,2021-05-23 16:00:00,Asia/Bangkok,65.40387374999997,8.495575221238939,7.920353982300885,32.70275446428574
2413,2021-05-23 17:00:00,Asia/Bangkok,66.92730140350879,9.362068965517242,8.543103448275861,31.92774605263158
2414,2021-05-23 18:00:00,Asia/Bangkok,68.71702808695652,9.03448275862069,8.086206896551724,30.75105060869566
2415,2021-05-23 19:00:00,Asia/Bangkok,72.71974243243245,30.71681415929203,27.14912280701754,29.88193321428573
2416,2021-05-23 20:00:00,Asia/Bangkok,75.87693327586203,69.55555555555556,58.45299145299145,29.19609896551725
2417,2021-05-23 21:00:00,Asia/Bangkok,80.22101464912284,47.75,39.3304347826087,28.89507350877194
2418,2021-05-23 22:00:00,Asia/Bangkok,82.15080486956519,56.4017094017094,45.51282051282051,28.3928036521739
2419,2021-05-23 23:00:00,Asia/Bangkok,84.83045465517243,47.56896551724138,39.43103448275862,27.78856129310342
2420,2021-05-24 00:00:00,Asia/Bangkok,85.85714147826086,27.12068965517241,25.16379310344828,26.95667886956523
2421,2021-05-24 01:00:00,Asia/Bangkok,86.63647491071426,19.71052631578947,18.2695652173913,26.73750437500001
2422,2021-05-24 02:00:00,Asia/Bangkok,83.22346827272729,10.95689655172414,9.982758620689655,26.98289181818182
2423,2021-05-24 03:00:00,Asia/Bangkok,77.94576866071431,5.189655172413793,4.646551724137931,27.56534630630628
2424,2021-05-24 04:00:00,Asia/Bangkok,81.6135975609756,7.1484375,6.515625,27.07100089430896
2425,2021-05-24 05:00:00,Asia/Bangkok,85.61086535353537,9.951923076923077,8.951923076923077,26.60411616161617
2426,2021-05-24 06:00:00,Asia/Bangkok,87.40371918918916,10.93913043478261,10.06086956521739,26.09897270270271
2427,2021-05-24 07:00:00,Asia/Bangkok,88.64204267857146,10.99137931034483,10.02586206896552,25.62869901785718
2428,2021-05-24 08:00:00,Asia/Bangkok,86.37709646017694,11.34782608695652,10.45217391304348,26.35078654867258
2429,2021-05-24 09:00:00,Asia/Bangkok,80.00133743362834,10.36206896551724,9.543103448275861,28.43165699115045
2430,2021-05-24 10:00:00,Asia/Bangkok,70.37463547826087,6.628318584070796,5.929203539823009,31.38779652173913
2431,2021-05-24 11:00:00,Asia/Bangkok,64.93397097345134,5.605263157894737,4.93859649122807,32.9618193859649
2432,2021-05-24 12:00:00,Asia/Bangkok,61.62820504424777,9.439655172413794,8.629310344827585,34.53483857142857
2433,2021-05-24 13:00:00,Asia/Bangkok,61.3783046491228,10.47008547008547,9.743589743589743,34.70299122807015
2434,2021-05-24 14:00:00,Asia/Bangkok,58.42165875000001,9.275862068965518,8.362068965517242,35.20761749999999
2435,2021-05-24 15:00:00,Asia/Bangkok,57.50569842105263,8.629310344827585,7.706896551724138,35.10374460176992
2436,2021-05-24 16:00:00,Asia/Bangkok,56.34856947826086,8.310344827586206,7.439655172413793,35.09918379310345
2437,2021-05-24 17:00:00,Asia/Bangkok,62.42369491228069,13.33620689655172,12.17241379310345,33.17177937499998
2438,2021-05-24 18:00:00,Asia/Bangkok,65.93953342105264,15.21367521367521,13.93162393162393,32.28057999999998
2439,2021-05-24 19:00:00,Asia/Bangkok,70.72278280701755,23.58771929824561,21.71929824561403,31.43692175438597
2440,2021-05-24 20:00:00,Asia/Bangkok,73.69473855855856,26.19130434782609,24.4,30.44341554545455
2441,2021-05-24 21:00:00,Asia/Bangkok,75.19981379310344,21.27586206896552,19.67241379310345,29.79226669565217
2442,2021-05-24 22:00:00,Asia/Bangkok,77.94517991304349,16.70689655172414,15.10344827586207,29.32072947826088
2443,2021-05-24 23:00:00,Asia/Bangkok,81.74091893805307,43.38793103448276,36.8448275862069,28.53286831858406
2444,2021-05-25 00:00:00,Asia/Bangkok,84.48558178571429,51.44827586206897,42.93103448275862,27.91278160714285
2445,2021-05-25 01:00:00,Asia/Bangkok,86.5780325217391,21.78448275862069,20.23275862068965,27.53706982608696
2446,2021-05-25 02:00:00,Asia/Bangkok,87.42827054054055,18.81034482758621,17.56896551724138,26.95684612612613
2447,2021-05-25 03:00:00,Asia/Bangkok,87.44164696428575,18.06896551724138,16.73275862068965,26.86603351351353
2448,2021-05-25 04:00:00,Asia/Bangkok,88.62988631578949,17.85344827586207,16.82758620689655,26.61133701754386
2449,2021-05-25 05:00:00,Asia/Bangkok,89.41911168141594,27.28695652173913,24.75652173913043,26.44776743362833
2450,2021-05-25 06:00:00,Asia/Bangkok,90.760688125,20.93162393162393,19.64102564102564,26.06340973214287
2451,2021-05-25 07:00:00,Asia/Bangkok,90.66594531531533,30.05217391304348,27.04347826086957,26.42018261261261
2452,2021-05-25 08:00:00,Asia/Bangkok,87.03385566371685,16.29059829059829,14.92307692307692,27.60033415929203
2453,2021-05-25 09:00:00,Asia/Bangkok,81.36860927272727,14.65765765765766,13.36036036036036,29.42628854545455
2454,2021-05-25 10:00:00,Asia/Bangkok,76.40635150442479,12.68103448275862,11.31034482758621,30.96272601769911
2455,2021-05-25 11:00:00,Asia/Bangkok,73.27956464912279,14.20869565217391,13.05217391304348,31.69968982456141
2456,2021-05-25 12:00:00,Asia/Bangkok,68.03322169642857,7.173913043478261,6.347826086956522,33.23629625
2457,2021-05-25 13:00:00,Asia/Bangkok,69.44623946902655,9.551724137931034,8.64655172413793,33.07845610619467
2458,2021-05-25 14:00:00,Asia/Bangkok,68.74560522522523,11.6551724137931,10.46551724137931,33.25487756756755
2459,2021-05-25 15:00:00,Asia/Bangkok,69.76130926605505,19.44827586206896,17.60344827586207,33.11248330275228
2460,2021-05-25 16:00:00,Asia/Bangkok,65.65932814159292,9.370689655172415,8.327586206896552,33.5052346902655
2461,2021-05-25 17:00:00,Asia/Bangkok,68.9324983478261,9.82905982905983,8.512820512820513,31.69146982608693
2462,2021-05-25 18:00:00,Asia/Bangkok,76.17630801801802,6.508620689655173,5.637931034482759,29.57667981981982
2463,2021-05-25 19:00:00,Asia/Bangkok,84.32085504424775,2.070175438596491,1.701754385964912,26.60420663716814
2464,2021-05-25 20:00:00,Asia/Bangkok,89.26810280701754,0.7837837837837838,0.5675675675675675,25.84445877192983
2465,2021-05-25 21:00:00,Asia/Bangkok,90.260789,1.172413793103448,0.9827586206896551,25.69030627272729
2466,2021-05-25 22:00:00,Asia/Bangkok,89.5571470535714,2.982758620689655,2.620689655172414,25.78126401785715
2467,2021-05-25 23:00:00,Asia/Bangkok,91.79463499999994,8.094827586206897,7.396551724137931,25.60974973684214
2468,2021-05-26 00:00:00,Asia/Bangkok,92.83999777777774,5.94017094017094,5.410256410256411,25.33639358974359
2469,2021-05-26 01:00:00,Asia/Bangkok,91.13141649122811,2.198275862068965,1.672413793103448,25.57346517543861
2470,2021-05-26 02:00:00,Asia/Bangkok,85.80755696428567,2.818965517241379,2.224137931034483,26.4833336036036
2471,2021-05-26 03:00:00,Asia/Bangkok,82.70702046296297,0.8333333333333334,0.5304347826086957,26.47036342592592
2472,2021-05-26 04:00:00,Asia/Bangkok,87.081431754386,1.353448275862069,1.03448275862069,25.72975228070179
2473,2021-05-26 05:00:00,Asia/Bangkok,92.2206892792793,9.478260869565217,8.043478260869565,25.11332899082571
2474,2021-05-26 06:00:00,Asia/Bangkok,92.96412035714285,7.017094017094017,6.256410256410256,24.91726553571432
2475,2021-05-26 07:00:00,Asia/Bangkok,93.4494432110092,4.869565217391305,4.417391304347826,24.73631963302752
2476,2021-05-26 08:00:00,Asia/Bangkok,92.61735504504506,4.260869565217392,3.896551724137931,25.29991783783784
2477,2021-05-26 09:00:00,Asia/Bangkok,87.74071775862072,3.307692307692307,2.948717948717949,26.57208810344828
2478,2021-05-26 10:00:00,Asia/Bangkok,85.06380796460179,3.810344827586207,3.275862068965517,27.81986752212388
2479,2021-05-26 11:00:00,Asia/Bangkok,81.33735929824562,5.230769230769231,4.482758620689655,29.09890833333334
2480,2021-05-26 12:00:00,Asia/Bangkok,77.69787194690265,6.293103448275862,5.564102564102564,30.2867315044248
2481,2021-05-26 13:00:00,Asia/Bangkok,74.71688482456143,5.878260869565217,5.2,31.28106345132744
2482,2021-05-26 14:00:00,Asia/Bangkok,73.11337800000001,9.741379310344827,8.887931034482758,31.89225799999999
2483,2021-05-26 15:00:00,Asia/Bangkok,71.36759389380529,20.48695652173913,18.9304347826087,32.145727079646
2484,2021-05-26 16:00:00,Asia/Bangkok,71.07393232758618,18.81034482758621,17.14655172413793,31.73673474137928
2485,2021-05-26 17:00:00,Asia/Bangkok,74.81106342105264,9.956521739130435,8.843478260869565,30.78846840707963
2486,2021-05-26 18:00:00,Asia/Bangkok,85.195223362069,0.6206896551724138,0.353448275862069,26.22941258620688
2487,2021-05-26 19:00:00,Asia/Bangkok,90.15336678571425,4.626086956521739,4.191304347826087,25.35670508928571
2488,2021-05-26 20:00:00,Asia/Bangkok,90.22778640350874,12.47368421052632,11.64347826086957,25.14595236842106
2489,2021-05-26 21:00:00,Asia/Bangkok,90.72265991304349,6.870689655172414,6.25,24.8652607894737
2490,2021-05-26 22:00:00,Asia/Bangkok,90.8819247826087,7.913793103448276,7.405172413793103,24.69272391304348
2491,2021-05-26 23:00:00,Asia/Bangkok,90.6228048672566,5.96551724137931,5.525862068965517,24.54188495575222
2492,2021-05-27 00:00:00,Asia/Bangkok,88.0409094782608,5.551724137931035,4.982758620689655,24.90158930434781
2493,2021-05-27 01:00:00,Asia/Bangkok,86.62361095652172,5.663793103448276,4.939655172413793,25.18416173913044
2494,2021-05-27 02:00:00,Asia/Bangkok,89.69777657894733,6.706896551724138,6.008620689655173,24.74755868421054
2495,2021-05-27 03:00:00,Asia/Bangkok,89.67842452173913,6.827586206896552,5.96551724137931,24.76962965217391
2496,2021-05-27 04:00:00,Asia/Bangkok,89.41727903508772,7.163793103448276,6.267241379310345,24.93752622807018
2497,2021-05-27 05:00:00,Asia/Bangkok,90.2285225438596,6.905172413793103,6.094827586206897,24.91988842105262
2498,2021-05-27 06:00:00,Asia/Bangkok,91.1408931578947,9.293103448275861,8.21551724137931,25.16153149122809
2499,2021-05-27 07:00:00,Asia/Bangkok,92.71546603603606,11.12068965517241,10.19827586206897,24.73026919642856
2500,2021-05-27 08:00:00,Asia/Bangkok,92.15880734513276,10.5042735042735,9.333333333333334,25.47128964285716
2501,2021-05-27 09:00:00,Asia/Bangkok,88.9201700877193,8.704347826086957,7.478260869565218,26.93598868421052
2502,2021-05-27 10:00:00,Asia/Bangkok,84.71842946428572,8.491379310344827,7.448275862068965,28.63202848214285
2503,2021-05-27 11:00:00,Asia/Bangkok,81.8275044247788,17.24347826086957,15.14782608695652,29.77657973451327
2504,2021-05-27 12:00:00,Asia/Bangkok,77.63435189655169,9.78448275862069,8.637931034482758,31.22264887931032
2505,2021-05-27 13:00:00,Asia/Bangkok,73.75521252173914,5.836206896551724,5.068965517241379,31.78748782608696
2506,2021-05-27 14:00:00,Asia/Bangkok,78.45254798245617,2.844827586206896,2.241379310344827,29.60481894736844
2507,2021-05-27 15:00:00,Asia/Bangkok,84.61416482142859,1.71551724137931,1.405172413793103,27.53588401785715
2508,2021-05-27 16:00:00,Asia/Bangkok,86.48284230088494,2.452173913043478,2.060869565217391,25.31677663716815
2509,2021-05-27 17:00:00,Asia/Bangkok,85.20395437499998,4.443478260869565,3.791304347826087,25.54353249999999
2510,2021-05-27 18:00:00,Asia/Bangkok,84.46636870689657,66.98275862068965,59.95689655172414,26.01417181034483
2511,2021-05-27 19:00:00,Asia/Bangkok,85.2652354464286,19.2719298245614,16.69298245614035,26.10577642857144
2512,2021-05-27 20:00:00,Asia/Bangkok,86.73966707964601,13.77586206896552,12.27586206896552,25.63232178571428
2513,2021-05-27 21:00:00,Asia/Bangkok,87.92320718181821,8.368421052631579,7.385964912280702,25.22717254545454
2514,2021-05-27 22:00:00,Asia/Bangkok,88.17082776785715,5.553571428571429,4.803571428571429,25.22892054545453
2515,2021-05-27 23:00:00,Asia/Bangkok,88.01448427272724,3.84070796460177,3.079646017699115,25.47171935779817
2516,2021-05-28 00:00:00,Asia/Bangkok,88.82528280701754,3.767241379310345,2.948275862068965,25.44530823008848
2517,2021-05-28 01:00:00,Asia/Bangkok,90.16149991304346,4.973913043478261,4.069565217391304,25.50880260869568
2518,2021-05-28 02:00:00,Asia/Bangkok,90.88759271929824,5.741379310344827,4.474137931034483,25.81880956140352
2519,2021-05-28 03:00:00,Asia/Bangkok,91.63705767241379,7.931034482758621,6.495652173913044,25.79580706896553
2520,2021-05-28 04:00:00,Asia/Bangkok,91.95049794642856,7.643478260869565,6.086206896551724,25.92352839285712
2521,2021-05-28 05:00:00,Asia/Bangkok,91.2338264035088,6.181034482758621,5.232758620689655,25.7755671052632
2522,2021-05-28 06:00:00,Asia/Bangkok,92.1387094782609,5.482758620689655,5.008620689655173,25.34674808695652
2523,2021-05-28 07:00:00,Asia/Bangkok,93.12396663636365,4.008620689655173,3.543103448275862,25.05663454545453
2524,2021-05-28 08:00:00,Asia/Bangkok,90.35565135135137,3.948275862068965,3.405172413793104,25.97931432432433
2525,2021-05-28 09:00:00,Asia/Bangkok,83.56154758620688,1.752136752136752,1.367521367521368,27.93683301724138
2526,2021-05-28 10:00:00,Asia/Bangkok,79.77450571428572,3.079646017699115,2.530973451327434,28.98694446428572
2527,2021-05-28 11:00:00,Asia/Bangkok,73.32903692982458,2.706896551724138,2.267241379310345,30.84844140350876
2528,2021-05-28 12:00:00,Asia/Bangkok,69.22117365217389,2.862068965517242,2.439655172413793,31.92300043478262
2529,2021-05-28 13:00:00,Asia/Bangkok,65.2682825,3.362068965517242,2.75,32.90891612068965
2530,2021-05-28 14:00:00,Asia/Bangkok,66.28783139130437,7.327586206896552,6.431034482758621,32.75609634782612
2531,2021-05-28 15:00:00,Asia/Bangkok,68.48423473214284,10.86206896551724,10.06034482758621,32.74648142857141
2532,2021-05-28 16:00:00,Asia/Bangkok,70.12761584070796,12.37931034482759,11.35344827586207,32.65252451327432
2533,2021-05-28 17:00:00,Asia/Bangkok,90.51139991150436,11.42735042735043,10.36752136752137,28.16285115044248
2534,2021-05-28 18:00:00,Asia/Bangkok,88.95642165217394,16.39655172413793,15.28448275862069,29.30048330434784
2535,2021-05-28 19:00:00,Asia/Bangkok,87.14354495495498,24.18260869565217,22.25217391304348,29.00792290909092
2536,2021-05-28 20:00:00,Asia/Bangkok,89.90966000000003,37.39655172413793,32.49137931034483,28.02211591304345
2537,2021-05-28 21:00:00,Asia/Bangkok,88.6424665486726,15.58620689655172,14.14655172413793,27.63133849557523
2538,2021-05-28 22:00:00,Asia/Bangkok,88.75371652173918,9.401709401709402,8.401709401709402,27.4195992173913
2539,2021-05-28 23:00:00,Asia/Bangkok,90.23832491071427,11.0,9.931034482758621,27.34500232142858
2540,2021-05-29 00:00:00,Asia/Bangkok,89.94341973214291,9.129310344827585,8.0,27.03452812500001
2541,2021-05-29 01:00:00,Asia/Bangkok,90.44871784482757,8.327586206896552,7.422413793103448,26.70882843478261
2542,2021-05-29 02:00:00,Asia/Bangkok,91.90535596491225,9.879310344827585,8.75,26.25261982300886
2543,2021-05-29 03:00:00,Asia/Bangkok,92.28633107142859,9.78448275862069,8.818965517241379,26.087155
2544,2021-05-29 04:00:00,Asia/Bangkok,92.41207491228067,16.50862068965517,15.11206896551724,26.02046245614035
2545,2021-05-29 05:00:00,Asia/Bangkok,92.61181772727275,14.28318584070797,13.09734513274336,25.86902372727273
2546,2021-05-29 06:00:00,Asia/Bangkok,91.57534631578952,15.52136752136752,14.23275862068965,26.05962675438597
2547,2021-05-29 07:00:00,Asia/Bangkok,93.00055901408454,18.64864864864865,17.4,25.71580281690141
2548,2021-05-29 08:00:00,Asia/Bangkok,92.4182474834437,15.47133757961783,14.12820512820513,26.38696278145694
2549,2021-05-29 09:00:00,Asia/Bangkok,86.2234784347826,8.724137931034482,7.767241379310345,28.57081069565217
2550,2021-05-29 10:00:00,Asia/Bangkok,78.97021310344826,9.405172413793103,8.431034482758621,30.54169120689656
2551,2021-05-29 11:00:00,Asia/Bangkok,71.62263684210527,10.12173913043478,9.139130434782608,32.34335699115044
2552,2021-05-29 12:00:00,Asia/Bangkok,66.03309552631578,10.4,9.608695652173912,33.95356539823007
2553,2021-05-29 13:00:00,Asia/Bangkok,60.4528212173913,10.44827586206897,9.560344827586206,35.37852330434782
2554,2021-05-29 14:00:00,Asia/Bangkok,56.76647678571428,8.413793103448276,7.827586206896552,35.73231392857143
2555,2021-05-29 15:00:00,Asia/Bangkok,57.4150014035088,8.826086956521738,8.078260869565218,35.56096221238938
2556,2021-05-29 16:00:00,Asia/Bangkok,57.27145956140353,8.931034482758621,8.217391304347826,35.48324324561406
2557,2021-05-29 17:00:00,Asia/Bangkok,55.05077560344824,7.205128205128205,6.538461538461538,35.28468103448275
2558,2021-05-29 18:00:00,Asia/Bangkok,57.13164655172414,7.681034482758621,6.974137931034483,34.44750844827585
2559,2021-05-29 19:00:00,Asia/Bangkok,63.30921342105263,26.32456140350877,24.43478260869565,33.42283300884957
2560,2021-05-29 20:00:00,Asia/Bangkok,68.01004642857143,55.87068965517241,48.47413793103448,32.21970261261261
2561,2021-05-29 21:00:00,Asia/Bangkok,74.60498078260873,55.11111111111111,44.66666666666666,31.04086382608694
2562,2021-05-29 22:00:00,Asia/Bangkok,76.67777292035396,41.54782608695652,35.35652173913044,29.76797672566374
2563,2021-05-29 23:00:00,Asia/Bangkok,81.7582372072072,41.85217391304348,35.71304347826087,28.37094198198199
2564,2021-05-30 00:00:00,Asia/Bangkok,81.45411699115049,31.46956521739131,29.43478260869565,28.11126230088495
2565,2021-05-30 01:00:00,Asia/Bangkok,82.90356561403507,68.76724137931035,62.92241379310344,28.0203994736842
2566,2021-05-30 02:00:00,Asia/Bangkok,83.91466219298243,22.82905982905983,21.22222222222222,27.84982824561405
2567,2021-05-30 03:00:00,Asia/Bangkok,86.68139499999998,39.47321428571428,35.73214285714285,27.44566392857142
2568,2021-05-30 04:00:00,Asia/Bangkok,88.91645910714286,24.0695652173913,22.46086956521739,26.99998053571432
2569,2021-05-30 05:00:00,Asia/Bangkok,89.81712734513273,19.8448275862069,18.87068965517241,26.83763707964605
2570,2021-05-30 06:00:00,Asia/Bangkok,90.5431466371681,24.88793103448276,23.47413793103448,26.55451203539823
2571,2021-05-30 07:00:00,Asia/Bangkok,91.50805324324327,31.71551724137931,28.77586206896552,26.46598783783784
2572,2021-05-30 08:00:00,Asia/Bangkok,91.76807206896557,31.02586206896552,28.55172413793104,27.29084448275862
2573,2021-05-30 09:00:00,Asia/Bangkok,84.70056877192982,17.38793103448276,16.45689655172414,29.44234938596491
2574,2021-05-30 10:00:00,Asia/Bangkok,75.32584500000002,13.25,12.5,31.59288025862069
2575,2021-05-30 11:00:00,Asia/Bangkok,69.82401271929825,15.87179487179487,15.14529914529914,32.85933964912281
2576,2021-05-30 12:00:00,Asia/Bangkok,62.97351886956523,15.73275862068965,15.1551724137931,34.54324486956521
2577,2021-05-30 13:00:00,Asia/Bangkok,63.25777517241378,15.54310344827586,14.88793103448276,33.9584699137931
2578,2021-05-30 14:00:00,Asia/Bangkok,77.14098904347827,11.31034482758621,10.88793103448276,30.35800330434782
2579,2021-05-30 15:00:00,Asia/Bangkok,65.30195151785718,13.79310344827586,13.23275862068965,34.21292169642859
2580,2021-05-30 16:00:00,Asia/Bangkok,67.5604239285714,19.03508771929825,18.57017543859649,33.95447178571428
2581,2021-05-30 17:00:00,Asia/Bangkok,69.83789905172415,27.70940170940171,26.21367521367521,33.15675172413795
2582,2021-05-30 18:00:00,Asia/Bangkok,71.22282123893807,26.54310344827586,25.43965517241379,32.70749061946903
2583,2021-05-30 19:00:00,Asia/Bangkok,75.87011230088491,62.16521739130435,57.63478260869565,31.25476079646017
2584,2021-05-30 20:00:00,Asia/Bangkok,77.25542333333333,47.51754385964912,41.49122807017544,30.13752126126123
2585,2021-05-30 21:00:00,Asia/Bangkok,80.94302113043479,40.87826086956522,35.29565217391304,29.45575791304348
2586,2021-05-30 22:00:00,Asia/Bangkok,83.7464785964912,46.01724137931034,38.62068965517241,29.01383201754383
2587,2021-05-30 23:00:00,Asia/Bangkok,85.98618070175445,49.75862068965517,41.25862068965517,28.63370486725664
2588,2021-05-31 00:00:00,Asia/Bangkok,87.84958214285714,46.21739130434783,38.93913043478261,28.12094553571426
2589,2021-05-31 01:00:00,Asia/Bangkok,88.98367872727272,45.30172413793103,38.38461538461539,27.8250650909091
2590,2021-05-31 02:00:00,Asia/Bangkok,88.82610276785715,43.81034482758621,37.30172413793103,27.85317714285714
2591,2021-05-31 03:00:00,Asia/Bangkok,89.55995371681418,49.25862068965517,41.31896551724138,27.71667141592922
2592,2021-05-31 04:00:00,Asia/Bangkok,90.84305929203539,45.40869565217391,38.48695652173913,27.30222610619467
2593,2021-05-31 05:00:00,Asia/Bangkok,91.81560224137927,50.9059829059829,42.3448275862069,27.06821413793102
2594,2021-05-31 06:00:00,Asia/Bangkok,91.85759732142857,51.5948275862069,43.00854700854701,27.05681999999999
2595,2021-05-31 07:00:00,Asia/Bangkok,92.16755642857142,55.94782608695652,46.05217391304348,27.02460866071426
2596,2021-05-31 08:00:00,Asia/Bangkok,92.75090025862073,44.56034482758621,38.04310344827586,27.59351669565216
2597,2021-05-31 09:00:00,Asia/Bangkok,84.6130117241379,26.00862068965517,24.70689655172414,29.78062474137931
2598,2021-05-31 10:00:00,Asia/Bangkok,77.36558280701752,21.56521739130435,20.65217391304348,31.3826944736842
2599,2021-05-31 11:00:00,Asia/Bangkok,70.78754805309732,20.54310344827586,19.74137931034483,33.2182324778761
2600,2021-05-31 12:00:00,Asia/Bangkok,66.24919226086955,18.85344827586207,18.20689655172414,34.32757521739129
2601,2021-05-31 13:00:00,Asia/Bangkok,63.08428079646018,24.35652173913044,23.20869565217391,35.43439371681414
2602,2021-05-31 14:00:00,Asia/Bangkok,57.70493539823008,28.75,27.27586206896552,36.91298053571427
2603,2021-05-31 15:00:00,Asia/Bangkok,57.95638894736842,23.87931034482759,22.4051724137931,36.59297456140352
2604,2021-05-31 16:00:00,Asia/Bangkok,70.27045293103448,41.58620689655172,37.19827586206897,33.28582353448276
2605,2021-05-31 17:00:00,Asia/Bangkok,88.66831578947372,9.598214285714286,9.026785714285714,27.69471743362832
2606,2021-05-31 18:00:00,Asia/Bangkok,88.7441494017094,13.43589743589744,12.56410256410256,27.65791555555556
2607,2021-05-31 19:00:00,Asia/Bangkok,88.52046655172416,13.10344827586207,12.49137931034483,27.64335137931032
2608,2021-05-31 20:00:00,Asia/Bangkok,89.9611154782608,57.28448275862069,51.12173913043478,27.26796756521738
2609,2021-05-31 21:00:00,Asia/Bangkok,91.6771003508772,36.35344827586207,32.83760683760683,26.9139
2610,2021-05-31 22:00:00,Asia/Bangkok,93.18326428571429,26.0,24.54310344827586,26.66631375
2611,2021-05-31 23:00:00,Asia/Bangkok,92.97201920353982,29.43103448275862,26.94827586206896,26.62971008849558
2612,2021-06-01 00:00:00,Asia/Bangkok,92.98301132743366,23.68965517241379,22.37068965517241,26.44334911504425
2613,2021-06-01 01:00:00,Asia/Bangkok,93.63428278260868,35.6,32.72173913043478,26.24300313043478
2614,2021-06-01 02:00:00,Asia/Bangkok,94.10530878260869,23.7948717948718,22.63247863247863,26.18959660869567
2615,2021-06-01 03:00:00,Asia/Bangkok,93.73927798245613,23.43103448275862,22.25,26.18473359649123
2616,2021-06-01 04:00:00,Asia/Bangkok,93.23100369369371,27.12931034482759,26.07758620689655,26.23871936936938
2617,2021-06-01 05:00:00,Asia/Bangkok,93.27289803571432,27.71551724137931,26.5948275862069,26.04192758928568
2618,2021-06-01 06:00:00,Asia/Bangkok,93.12893194690263,27.17241379310345,25.85344827586207,25.89842312500001
2619,2021-06-01 07:00:00,Asia/Bangkok,93.61735373913042,24.43965517241379,23.29310344827586,25.74933649122808
2620,2021-06-01 08:00:00,Asia/Bangkok,93.90325807017548,21.45689655172414,20.32758620689655,26.25294789473685
2621,2021-06-01 09:00:00,Asia/Bangkok,89.2655233035714,16.3448275862069,15.53448275862069,28.28289752212389
2622,2021-06-01 10:00:00,Asia/Bangkok,80.18877938053103,15.63247863247863,14.73504273504273,30.83183080357141
2623,2021-06-01 11:00:00,Asia/Bangkok,71.81746539823011,15.69827586206897,14.95689655172414,32.91232785714286
2624,2021-06-01 12:00:00,Asia/Bangkok,66.41345871794873,13.84615384615385,13.26495726495727,34.09724008547008
2625,2021-06-01 13:00:00,Asia/Bangkok,59.92490716814159,13.20689655172414,12.66379310344828,35.92769380530974
2626,2021-06-01 14:00:00,Asia/Bangkok,58.7987910619469,14.76068376068376,14.21367521367521,36.33200123893806
2627,2021-06-01 15:00:00,Asia/Bangkok,70.52836783783788,17.10434782608696,16.45217391304348,33.63346216216215
2628,2021-06-01 16:00:00,Asia/Bangkok,76.28844009259261,15.22413793103448,14.68103448275862,31.40134574074073
2629,2021-06-01 17:00:00,Asia/Bangkok,81.57378477876104,17.54782608695652,16.8695652173913,30.0309939823009
2630,2021-06-01 18:00:00,Asia/Bangkok,81.12082728070179,23.25862068965517,21.44347826086956,30.76896570175441
2631,2021-06-01 19:00:00,Asia/Bangkok,85.63638592592594,71.10619469026548,62.32743362831859,29.84345694444443
2632,2021-06-01 20:00:00,Asia/Bangkok,88.39294468468464,102.929203539823,92.84070796460178,29.04821882882885
2633,2021-06-01 21:00:00,Asia/Bangkok,88.88669350877194,54.57758620689656,44.88793103448276,28.66924298245614
2634,2021-06-01 22:00:00,Asia/Bangkok,87.34491079646023,48.1304347826087,40.45217391304348,28.59974725663718
2635,2021-06-01 23:00:00,Asia/Bangkok,86.46401867256635,28.67826086956522,26.97391304347826,27.86987185840708
2636,2021-06-02 00:00:00,Asia/Bangkok,86.66841956140352,21.32758620689655,20.49137931034483,27.77084412280699
2637,2021-06-02 01:00:00,Asia/Bangkok,88.07095315789466,23.35344827586207,22.13793103448276,27.51235947368422
2638,2021-06-02 02:00:00,Asia/Bangkok,90.67322303571427,30.35344827586207,28.44827586206896,26.86543189189189
2639,2021-06-02 03:00:00,Asia/Bangkok,90.57748428571429,36.11206896551724,32.28448275862069,26.75579276785712
2640,2021-06-02 04:00:00,Asia/Bangkok,91.0304814782609,35.23275862068966,31.73275862068965,26.43164452173912
2641,2021-06-02 05:00:00,Asia/Bangkok,91.7599671681416,31.0,29.06034482758621,26.09821247787611
2642,2021-06-02 06:00:00,Asia/Bangkok,91.83322578947366,34.93103448275862,31.62068965517241,25.92290394736842
2643,2021-06-02 07:00:00,Asia/Bangkok,93.46192840707965,40.25862068965517,34.82758620689656,25.6734275
2644,2021-06-02 08:00:00,Asia/Bangkok,93.12511396551726,34.5948275862069,31.52586206896552,26.39537486956521
2645,2021-06-02 09:00:00,Asia/Bangkok,87.01968666666664,21.13513513513514,19.96396396396396,28.66280117117117
2646,2021-06-02 10:00:00,Asia/Bangkok,77.04248637931036,15.58974358974359,14.84615384615385,31.43941643478261
2647,2021-06-02 11:00:00,Asia/Bangkok,68.78887596491228,16.26724137931035,15.59130434782609,33.52638394736844
2648,2021-06-02 12:00:00,Asia/Bangkok,63.01800530973451,17.37606837606837,16.8034188034188,35.11702628318583
2649,2021-06-02 13:00:00,Asia/Bangkok,63.91888878260868,22.22413793103448,21.03448275862069,34.17994182608697
2650,2021-06-02 14:00:00,Asia/Bangkok,57.81313236363641,19.08620689655172,18.55172413793104,36.13498072727273
2651,2021-06-02 15:00:00,Asia/Bangkok,56.51479893805309,21.16379310344828,20.64655172413793,36.06766309734513
2652,2021-06-02 16:00:00,Asia/Bangkok,56.87357801801801,21.56896551724138,20.96551724137931,36.10243333333332
2653,2021-06-02 17:00:00,Asia/Bangkok,62.76197761061947,21.70689655172414,20.87931034482759,35.1080224778761
2654,2021-06-02 18:00:00,Asia/Bangkok,74.07812212389382,23.42105263157895,22.64912280701754,32.47824407079645
2655,2021-06-02 19:00:00,Asia/Bangkok,77.21759070796462,44.32743362831859,40.46017699115044,31.21869982300883
2656,2021-06-02 20:00:00,Asia/Bangkok,76.8064133027523,39.02654867256637,33.98230088495576,29.60518990825689
2657,2021-06-02 21:00:00,Asia/Bangkok,79.48194973913041,43.03418803418803,36.30769230769231,30.0202183478261
2658,2021-06-02 22:00:00,Asia/Bangkok,82.10839895652178,40.48275862068966,34.92241379310344,29.6982243478261
2659,2021-06-02 23:00:00,Asia/Bangkok,83.43626566371684,30.71794871794872,28.93162393162393,29.24179357142856
2660,2021-06-03 00:00:00,Asia/Bangkok,86.4933157017544,41.75862068965517,35.67241379310344,28.71763894736842
2661,2021-06-03 01:00:00,Asia/Bangkok,88.43894115044252,36.56034482758621,32.55172413793103,28.07515592920354
2662,2021-06-03 02:00:00,Asia/Bangkok,90.3829733035714,39.25,34.30172413793103,27.44461580357142
2663,2021-06-03 03:00:00,Asia/Bangkok,90.06984937499999,31.27586206896552,29.56034482758621,27.39657419642857
2664,2021-06-03 04:00:00,Asia/Bangkok,89.80089814159291,26.71551724137931,25.73275862068965,27.51587592920353
2665,2021-06-03 05:00:00,Asia/Bangkok,91.13379982456146,27.03448275862069,25.98275862068965,26.97988578947368
2666,2021-06-03 06:00:00,Asia/Bangkok,91.83137398230087,30.18260869565217,28.55652173913044,26.70681699115047
2667,2021-06-03 07:00:00,Asia/Bangkok,91.64187210526309,29.64601769911505,28.15929203539823,26.8088697368421
2668,2021-06-03 08:00:00,Asia/Bangkok,92.59744736842103,27.47826086956522,26.19130434782609,27.33670236842105
2669,2021-06-03 09:00:00,Asia/Bangkok,86.55308695652177,23.8,22.40869565217391,29.32398104347826
2670,2021-06-03 10:00:00,Asia/Bangkok,76.70389990990991,15.97391304347826,15.31304347826087,31.60723477477477
2671,2021-06-03 11:00:00,Asia/Bangkok,69.80321339285715,17.01709401709402,16.35042735042735,33.19805357142855
2672,2021-06-03 12:00:00,Asia/Bangkok,65.3926899099099,29.07826086956522,26.83478260869565,34.05221935779816
2673,2021-06-03 13:00:00,Asia/Bangkok,61.60159750000002,18.72413793103448,17.79310344827586,35.01933837837839
2674,2021-06-03 14:00:00,Asia/Bangkok,57.63700622807018,17.5948275862069,16.96551724137931,36.0676702631579
2675,2021-06-03 15:00:00,Asia/Bangkok,56.60785036036032,19.3125,18.70535714285714,36.35965440366972
2676,2021-06-03 16:00:00,Asia/Bangkok,54.87514256637169,18.19827586206896,17.73275862068965,36.67036160714286
2677,2021-06-03 17:00:00,Asia/Bangkok,58.6081098245614,26.93103448275862,25.60344827586207,35.67897280701754
2678,2021-06-03 18:00:00,Asia/Bangkok,65.10841035398231,34.71551724137931,31.72413793103448,34.48531601769912
2679,2021-06-03 19:00:00,Asia/Bangkok,80.56665833333334,26.2695652173913,23.41379310344828,30.27467289473684
2680,2021-06-03 20:00:00,Asia/Bangkok,87.54915956140351,8.156521739130435,7.730434782608696,27.93301442477877
2681,2021-06-03 21:00:00,Asia/Bangkok,87.6504651785714,8.568965517241379,8.051724137931034,27.81638144144143
2682,2021-06-03 22:00:00,Asia/Bangkok,89.74453410714281,16.47321428571428,15.5,27.41216544642856
2683,2021-06-03 23:00:00,Asia/Bangkok,89.77441836206891,17.76724137931035,16.63793103448276,27.683039137931
2684,2021-06-04 00:00:00,Asia/Bangkok,89.34232196428567,24.04347826086957,22.21739130434782,27.77592928571428
2685,2021-06-04 01:00:00,Asia/Bangkok,90.20258363636366,18.87931034482759,18.10344827586207,27.60541745454544
2686,2021-06-04 02:00:00,Asia/Bangkok,91.62817394495413,19.87931034482759,19.03448275862069,27.08139870370372
2687,2021-06-04 03:00:00,Asia/Bangkok,92.32750189189191,22.98275862068965,22.00862068965517,26.80673315315316
2688,2021-06-04 04:00:00,Asia/Bangkok,92.70360306306304,20.81034482758621,19.91379310344828,26.56996261261259
2689,2021-06-04 05:00:00,Asia/Bangkok,93.41728839622638,49.5,43.28695652173913,26.47719603773585
2690,2021-06-04 06:00:00,Asia/Bangkok,93.95438937499998,52.70689655172414,45.13793103448276,26.34455785714288
2691,2021-06-04 07:00:00,Asia/Bangkok,94.92102214285715,27.03448275862069,25.71551724137931,26.18815081081082
2692,2021-06-04 08:00:00,Asia/Bangkok,95.00583965517241,45.50427350427351,38.49572649572649,27.04349405172412
2693,2021-06-04 09:00:00,Asia/Bangkok,90.43037008620686,22.15929203539823,21.36283185840708,29.12365474137931
2694,2021-06-04 10:00:00,Asia/Bangkok,78.14288460869565,16.98275862068965,16.33620689655172,31.66284060869567
2695,2021-06-04 11:00:00,Asia/Bangkok,68.91168509090906,14.76724137931035,14.18965517241379,32.96833454545455
2696,2021-06-04 12:00:00,Asia/Bangkok,66.37602146551725,19.76923076923077,19.16239316239316,34.18241
2697,2021-06-04 13:00:00,Asia/Bangkok,63.83362833333335,19.62931034482759,19.04310344827586,34.91596175438594
2698,2021-06-04 14:00:00,Asia/Bangkok,60.9705668695652,19.5948275862069,19.00862068965517,36.26265791304348
2699,2021-06-04 15:00:00,Asia/Bangkok,61.38329655172411,19.69230769230769,18.98290598290598,36.3002044347826
2700,2021-06-04 16:00:00,Asia/Bangkok,80.72536302752295,13.14035087719298,12.25438596491228,28.33761261682243
2701,2021-06-04 17:00:00,Asia/Bangkok,87.6590232978724,14.60204081632653,13.56122448979592,27.39716063829787
2702,2021-06-04 18:00:00,Asia/Bangkok,86.86831280701752,7.710526315789473,7.280701754385965,27.74631824561406
2703,2021-06-04 19:00:00,Asia/Bangkok,90.5524847368421,14.21929824561403,13.60526315789474,27.02559600000001
2704,2021-06-04 20:00:00,Asia/Bangkok,91.96604573913046,37.1140350877193,32.04385964912281,27.02263315789476
2705,2021-06-04 21:00:00,Asia/Bangkok,93.04471070175441,36.78448275862069,32.8448275862069,26.63630578947368
2706,2021-06-04 22:00:00,Asia/Bangkok,94.77319919642862,39.43103448275862,34.58620689655172,26.35471624999999
2707,2021-06-04 23:00:00,Asia/Bangkok,94.58175312500005,44.73913043478261,37.69565217391305,26.63817892857144
2708,2021-06-05 00:00:00,Asia/Bangkok,92.15075936936934,45.62280701754386,38.83333333333334,27.15473621621619
2709,2021-06-05 01:00:00,Asia/Bangkok,92.03859769911502,43.13913043478261,36.93965517241379,27.1772382300885
2710,2021-06-05 02:00:00,Asia/Bangkok,92.35838600000004,36.8448275862069,33.10344827586207,27.0917024347826
2711,2021-06-05 03:00:00,Asia/Bangkok,93.74454353982301,38.39655172413793,33.93965517241379,26.68904283185839
2712,2021-06-05 04:00:00,Asia/Bangkok,95.35824622807016,40.78448275862069,35.37068965517241,26.33593885964912
2713,2021-06-05 05:00:00,Asia/Bangkok,95.37010617391304,40.42241379310344,35.11206896551724,26.36630286956521
2714,2021-06-05 06:00:00,Asia/Bangkok,93.57464228070178,34.96521739130435,31.77391304347826,26.68134991228068
2715,2021-06-05 07:00:00,Asia/Bangkok,92.56373626086962,31.20689655172414,29.57758620689655,26.6403734782609
2716,2021-06-05 08:00:00,Asia/Bangkok,88.7240828318584,16.18103448275862,15.50862068965517,26.76492419642856
2717,2021-06-05 09:00:00,Asia/Bangkok,86.84526612612613,7.095652173913043,6.678260869565217,27.02746227272727
2718,2021-06-05 10:00:00,Asia/Bangkok,81.56071649122809,6.571428571428571,6.151785714285714,28.96023885964913
2719,2021-06-05 11:00:00,Asia/Bangkok,80.14759701754386,9.269565217391305,8.6,29.41686403508771
2720,2021-06-05 12:00:00,Asia/Bangkok,76.59302486725666,10.86086956521739,10.3304347826087,30.98708858407078
2721,2021-06-05 13:00:00,Asia/Bangkok,70.01206646017701,7.818965517241379,7.508620689655173,32.57773212389382
2722,2021-06-05 14:00:00,Asia/Bangkok,66.53777486725662,7.293103448275862,6.844827586206897,33.15434087719299
2723,2021-06-05 15:00:00,Asia/Bangkok,67.1509040517241,8.085470085470085,7.623931623931623,32.88562000000001
2724,2021-06-05 16:00:00,Asia/Bangkok,67.44896867256638,10.02586206896552,9.560344827586206,33.1747767256637
2725,2021-06-05 17:00:00,Asia/Bangkok,71.33934451327437,11.16379310344828,10.68103448275862,31.92491734513273
2726,2021-06-05 18:00:00,Asia/Bangkok,72.57098299145301,11.05128205128205,10.54700854700855,31.26698358974359
2727,2021-06-05 19:00:00,Asia/Bangkok,76.08686947826085,63.52586206896552,54.6551724137931,30.76539930434783
2728,2021-06-05 20:00:00,Asia/Bangkok,81.46872061403506,77.99122807017544,68.01754385964912,29.31115166666665
2729,2021-06-05 21:00:00,Asia/Bangkok,83.14398252173915,33.9059829059829,30.16239316239316,28.37654930434782
2730,2021-06-05 22:00:00,Asia/Bangkok,83.97585925233642,17.48275862068965,16.5,27.84432579439254
2731,2021-06-05 23:00:00,Asia/Bangkok,84.53436396396395,18.82758620689655,17.68965517241379,27.53233918918918
2732,2021-06-06 00:00:00,Asia/Bangkok,84.11015155963302,15.70434782608696,14.64347826086957,27.40055403669725
2733,2021-06-06 01:00:00,Asia/Bangkok,84.59501139130433,16.66379310344828,15.8448275862069,27.27556252173913
2734,2021-06-06 02:00:00,Asia/Bangkok,84.18924258928571,12.8859649122807,12.1140350877193,27.27428767857142
2735,2021-06-06 03:00:00,Asia/Bangkok,85.45892121739128,14.02608695652174,13.0695652173913,26.941376
2736,2021-06-06 04:00:00,Asia/Bangkok,86.77872127272725,11.72173913043478,10.95652173913044,26.66912666666667
2737,2021-06-06 05:00:00,Asia/Bangkok,87.26006672566375,10.31304347826087,9.547826086956523,26.57728464285717
2738,2021-06-06 06:00:00,Asia/Bangkok,88.27300070175441,11.74782608695652,10.69565217391304,26.41635298245616
2739,2021-06-06 07:00:00,Asia/Bangkok,90.44257919642855,17.35344827586207,16.02586206896552,26.21185169642857
2740,2021-06-06 08:00:00,Asia/Bangkok,87.95241412280706,12.97413793103448,11.81896551724138,27.09780289473683
2741,2021-06-06 09:00:00,Asia/Bangkok,81.1960125438596,9.914529914529915,8.88034188034188,28.95269491228071
2742,2021-06-06 10:00:00,Asia/Bangkok,75.49132398230091,6.879310344827586,5.887931034482759,30.70160419642856
2743,2021-06-06 11:00:00,Asia/Bangkok,71.87236289473684,7.629310344827586,6.793103448275862,31.56535254385963
2744,2021-06-06 12:00:00,Asia/Bangkok,66.60023052173912,8.387931034482758,7.827586206896552,33.36463182608696
2745,2021-06-06 13:00:00,Asia/Bangkok,64.19069035087723,12.42608695652174,11.53913043478261,34.50053903508772
2746,2021-06-06 14:00:00,Asia/Bangkok,64.63499544642856,12.29310344827586,11.49137931034483,34.29872460176991
2747,2021-06-06 15:00:00,Asia/Bangkok,68.97454486486484,7.293103448275862,6.560344827586207,32.10191945945945
2748,2021-06-06 16:00:00,Asia/Bangkok,70.15375482456139,11.4051724137931,10.51724137931035,32.76883008771929
2749,2021-06-06 17:00:00,Asia/Bangkok,69.15419025862072,10.86324786324786,9.948717948717949,32.44786991379311
2750,2021-06-06 18:00:00,Asia/Bangkok,72.67528166666665,17.31034482758621,15.76724137931035,31.07830035087719
2751,2021-06-06 19:00:00,Asia/Bangkok,75.75935628318585,17.60869565217391,16.14782608695652,29.83114575221239
2752,2021-06-06 20:00:00,Asia/Bangkok,78.87965481818185,28.7280701754386,25.07894736842105,29.26654706422018
2753,2021-06-06 21:00:00,Asia/Bangkok,81.59431035398231,19.91228070175439,17.86086956521739,28.71442973451328
2754,2021-06-06 22:00:00,Asia/Bangkok,84.32884702702702,22.15178571428572,20.05309734513274,28.18582126126124
2755,2021-06-06 23:00:00,Asia/Bangkok,85.41466289473686,15.25862068965517,14.06896551724138,27.92476734513271
2756,2021-06-07 00:00:00,Asia/Bangkok,85.32878491228071,12.99137931034483,11.94827586206897,27.83102008771928
2757,2021-06-07 01:00:00,Asia/Bangkok,84.72607852173911,10.76724137931035,9.827586206896552,27.78517930434784
2758,2021-06-07 02:00:00,Asia/Bangkok,85.97503181818188,11.26956521739131,10.26086956521739,27.4636710909091
2759,2021-06-07 03:00:00,Asia/Bangkok,86.43139982608692,12.18965517241379,11.14655172413793,27.3245345217391
2760,2021-06-07 04:00:00,Asia/Bangkok,87.4148621428571,14.09649122807017,12.64347826086957,27.11201401785715
2761,2021-06-07 05:00:00,Asia/Bangkok,87.8285433043478,11.05172413793103,10.18965517241379,26.99139217391302
2762,2021-06-07 06:00:00,Asia/Bangkok,88.52723295652179,13.02586206896552,12.02586206896552,26.8564855652174
2763,2021-06-07 07:00:00,Asia/Bangkok,87.64241339285711,12.75862068965517,11.67241379310345,26.96221598214287
2764,2021-06-07 08:00:00,Asia/Bangkok,85.24822704347824,13.25862068965517,11.97413793103448,27.25832991304348
2765,2021-06-07 09:00:00,Asia/Bangkok,83.26455008620691,13.01724137931035,11.70689655172414,28.54561721739131
2766,2021-06-07 10:00:00,Asia/Bangkok,76.68763079646021,8.594827586206897,7.448275862068965,30.51429867256639
2767,2021-06-07 11:00:00,Asia/Bangkok,71.29994217391307,7.035398230088496,5.973451327433628,31.87277617391304
2768,2021-06-07 12:00:00,Asia/Bangkok,71.08285499999997,10.48695652173913,9.42608695652174,32.35831104347827
2769,2021-06-07 13:00:00,Asia/Bangkok,68.65625713043477,11.12931034482759,10.11206896551724,33.19381070175439
2770,2021-06-07 14:00:00,Asia/Bangkok,62.41773295652177,8.405172413793103,7.318965517241379,34.0480207079646
2771,2021-06-07 15:00:00,Asia/Bangkok,60.34755142857144,7.217391304347826,6.370689655172414,34.38024616071429
2772,2021-06-07 16:00:00,Asia/Bangkok,61.45239560344827,7.224137931034483,6.396551724137931,34.20664573913043
2773,2021-06-07 17:00:00,Asia/Bangkok,62.39400342342343,6.965811965811966,6.051282051282051,33.37622063063063
2774,2021-06-07 18:00:00,Asia/Bangkok,66.05371118181823,25.25217391304348,21.9304347826087,31.63547327272726
2775,2021-06-07 19:00:00,Asia/Bangkok,70.34795256637167,47.56896551724138,39.5948275862069,30.59027398230089
2776,2021-06-07 20:00:00,Asia/Bangkok,73.54573044247788,19.98245614035088,18.13913043478261,29.80971292035397
2777,2021-06-07 21:00:00,Asia/Bangkok,76.53647185840708,18.76923076923077,17.12820512820513,29.25844017699114
2778,2021-06-07 22:00:00,Asia/Bangkok,79.09604104347827,17.43103448275862,15.82758620689655,28.94481956521741
2779,2021-06-07 23:00:00,Asia/Bangkok,80.68437947368426,12.21739130434783,10.96521739130435,28.68889763157897
2780,2021-06-08 00:00:00,Asia/Bangkok,83.62187605263158,20.11206896551724,18.48275862068965,28.217697079646
2781,2021-06-08 01:00:00,Asia/Bangkok,85.00668752212391,22.47413793103448,20.29310344827586,27.88998203539822
2782,2021-06-08 02:00:00,Asia/Bangkok,83.08526654867254,10.3304347826087,9.208695652173914,27.67765725663718
2783,2021-06-08 03:00:00,Asia/Bangkok,81.7428194782609,7.695652173913044,6.913043478260869,27.48187278260867
2784,2021-06-08 04:00:00,Asia/Bangkok,82.03015824561407,7.191304347826087,6.426086956521739,27.19149456140352
2785,2021-06-08 05:00:00,Asia/Bangkok,84.4148466086957,8.439655172413794,7.508620689655173,26.70831686956519
2786,2021-06-08 06:00:00,Asia/Bangkok,84.74411330275233,8.947368421052632,8.147826086956522,26.56079651376147
2787,2021-06-08 07:00:00,Asia/Bangkok,84.62011504504503,11.29059829059829,10.11111111111111,26.38852378378379
2788,2021-06-08 08:00:00,Asia/Bangkok,83.76422610619471,7.71551724137931,6.801724137931035,27.06312592920355
2789,2021-06-08 09:00:00,Asia/Bangkok,80.89087690909089,12.35087719298246,10.55263157894737,28.65900618181819
2790,2021-06-08 10:00:00,Asia/Bangkok,76.8945857522124,10.05309734513274,9.070796460176991,30.44002690265487
2791,2021-06-08 11:00:00,Asia/Bangkok,72.94693539130435,6.853448275862069,5.836206896551724,31.78702460869563
2792,2021-06-08 12:00:00,Asia/Bangkok,72.35482249999998,8.681034482758621,7.568965517241379,32.08438103448278
2793,2021-06-08 13:00:00,Asia/Bangkok,75.60281347826091,8.957264957264957,8.17094017094017,30.8936496491228
2794,2021-06-08 14:00:00,Asia/Bangkok,72.45789716814163,11.52173913043478,10.43478260869565,32.09322044247787
2795,2021-06-08 15:00:00,Asia/Bangkok,68.08111079646017,12.36283185840708,11.15044247787611,32.9640330088496
2796,2021-06-08 16:00:00,Asia/Bangkok,69.79321443478261,11.18965517241379,10.20689655172414,32.38619878260872
2797,2021-06-08 17:00:00,Asia/Bangkok,69.40658008849559,87.78448275862068,68.56521739130434,32.17368389380528
2798,2021-06-08 18:00:00,Asia/Bangkok,73.91886834782609,15.37068965517241,13.74137931034483,30.70807121739131
2799,2021-06-08 19:00:00,Asia/Bangkok,76.64925068965513,23.4017094017094,20.67521367521368,29.99929137931035
2800,2021-06-08 20:00:00,Asia/Bangkok,79.33693458715604,40.45132743362832,35.31858407079646,29.40408284403671
2801,2021-06-08 21:00:00,Asia/Bangkok,82.00293429824562,73.30172413793103,62.37068965517241,29.27819482456137
2802,2021-06-08 22:00:00,Asia/Bangkok,83.81155991304347,49.98290598290598,41.27350427350427,28.68050382608696
2803,2021-06-08 23:00:00,Asia/Bangkok,84.21448769911508,53.98230088495576,45.88495575221239,28.43385353982304
2804,2021-06-09 00:00:00,Asia/Bangkok,85.58920784482765,45.19827586206897,38.12068965517241,28.34754713043477
2805,2021-06-09 01:00:00,Asia/Bangkok,85.7541777678572,33.65217391304348,29.70434782608696,27.90748937499999
2806,2021-06-09 02:00:00,Asia/Bangkok,85.80588053571425,22.32743362831858,20.17699115044248,27.62059607142859
2807,2021-06-09 03:00:00,Asia/Bangkok,87.6387762162162,21.2280701754386,19.74561403508772,27.26595549549549
2808,2021-06-09 04:00:00,Asia/Bangkok,89.16834205357144,30.13793103448276,26.54310344827586,26.77638716814159
2809,2021-06-09 05:00:00,Asia/Bangkok,88.49321187500004,37.92307692307692,32.23931623931624,26.71293738738738
2810,2021-06-09 06:00:00,Asia/Bangkok,85.30603848214284,14.41739130434783,12.92241379310345,26.83976437499999
2811,2021-06-09 07:00:00,Asia/Bangkok,82.80716895652176,4.181034482758621,3.663793103448276,26.7123112173913
2812,2021-06-09 08:00:00,Asia/Bangkok,81.91154689655174,3.181034482758621,2.594827586206896,26.73479422413793
2813,2021-06-09 09:00:00,Asia/Bangkok,77.91733008771931,3.862068965517242,3.275862068965517,28.31842280701754
2814,2021-06-09 10:00:00,Asia/Bangkok,72.92721956896551,3.379310344827586,2.698275862068965,30.44176051724137
2815,2021-06-09 11:00:00,Asia/Bangkok,67.58590930434782,4.370689655172414,3.75,32.36188747826088
2816,2021-06-09 12:00:00,Asia/Bangkok,66.01022551724137,5.521367521367521,4.735042735042735,33.56185793103448
2817,2021-06-09 13:00:00,Asia/Bangkok,70.87968271929824,6.189655172413793,5.353448275862069,31.98834315789473
2818,2021-06-09 14:00:00,Asia/Bangkok,70.62683330357144,5.443478260869565,4.860869565217391,32.52620223214286
2819,2021-06-09 15:00:00,Asia/Bangkok,72.00582552631577,3.267241379310345,2.681034482758621,31.49594017699115
2820,2021-06-09 16:00:00,Asia/Bangkok,71.58048432432435,4.827586206896552,4.241379310344827,31.09453288288288
2821,2021-06-09 17:00:00,Asia/Bangkok,72.73813500000003,9.114035087719298,8.228070175438596,30.85389072072073
2822,2021-06-09 18:00:00,Asia/Bangkok,74.75530799999996,12.68965517241379,11.62931034482759,30.38132275229359
2823,2021-06-09 19:00:00,Asia/Bangkok,77.39429884955752,32.20689655172414,28.04310344827586,29.89828132743364
2824,2021-06-09 20:00:00,Asia/Bangkok,79.68837360360358,25.00877192982456,22.57017543859649,29.47229378378375
2825,2021-06-09 21:00:00,Asia/Bangkok,81.91673324561405,26.68103448275862,23.08620689655172,28.98392043859651
2826,2021-06-09 22:00:00,Asia/Bangkok,85.04439149122808,58.15929203539823,48.1504424778761,28.50152824561403
2827,2021-06-09 23:00:00,Asia/Bangkok,85.85732904347827,20.19130434782609,18.6551724137931,28.17909447368422
2828,2021-06-10 00:00:00,Asia/Bangkok,89.06196217391306,19.94871794871795,18.5982905982906,27.41669617391302
2829,2021-06-10 01:00:00,Asia/Bangkok,89.25598956521739,18.41379310344828,17.35344827586207,27.23471765217392
2830,2021-06-10 02:00:00,Asia/Bangkok,89.76762166666664,17.30172413793104,16.46551724137931,27.07463289473679
2831,2021-06-10 03:00:00,Asia/Bangkok,88.93102350877196,17.8,16.69565217391304,27.03130052631579
2832,2021-06-10 04:00:00,Asia/Bangkok,89.23042377192982,17.56410256410257,16.42735042735043,26.9256598245614
2833,2021-06-10 05:00:00,Asia/Bangkok,85.49599547826088,10.17241379310345,9.327586206896552,27.04484408695653
2834,2021-06-10 06:00:00,Asia/Bangkok,82.10238800000002,5.923076923076923,5.410256410256411,27.08733652173912
2835,2021-06-10 07:00:00,Asia/Bangkok,81.99093357142853,4.655172413793103,3.939655172413793,27.08130589285711
2836,2021-06-10 08:00:00,Asia/Bangkok,87.6636692982456,4.146551724137931,3.448275862068965,26.12910394736841
2837,2021-06-10 09:00:00,Asia/Bangkok,89.50741558558558,1.318965517241379,1.0,25.2860164864865
2838,2021-06-10 10:00:00,Asia/Bangkok,89.87450460176993,2.008771929824561,1.719298245614035,25.91552327433629
2839,2021-06-10 11:00:00,Asia/Bangkok,86.76047608695656,3.827586206896552,3.206896551724138,27.02122991304347
2840,2021-06-10 12:00:00,Asia/Bangkok,83.99321831858408,9.173913043478262,8.165217391304347,27.63211929203538
2841,2021-06-10 13:00:00,Asia/Bangkok,82.55017542857142,7.794392523364486,7.168224299065421,28.41487179245283
2842,2021-06-10 14:00:00,Asia/Bangkok,83.82314833333335,7.096153846153846,6.644230769230769,28.42996959595957
2843,2021-06-10 15:00:00,Asia/Bangkok,81.50967113636362,5.372340425531915,4.705263157894737,28.96405967032965
2844,2021-06-10 16:00:00,Asia/Bangkok,81.25971836538461,5.161904761904762,4.548076923076923,29.13031
2845,2021-06-10 17:00:00,Asia/Bangkok,80.384169787234,6.03,5.058823529411764,29.37669728260867
2846,2021-06-10 18:00:00,Asia/Bangkok,81.04865742574258,7.679245283018868,6.542056074766355,29.54746647058824
2847,2021-06-10 19:00:00,Asia/Bangkok,80.32227385964914,8.869565217391305,7.904347826086957,29.12607894736843
2848,2021-06-10 20:00:00,Asia/Bangkok,81.81524970297029,4.490196078431373,3.841584158415841,27.45843080808081
2849,2021-06-10 21:00:00,Asia/Bangkok,86.42277359223299,44.5188679245283,39.82075471698113,26.84989184466018
2850,2021-06-10 22:00:00,Asia/Bangkok,89.01176095238098,46.24074074074074,38.77358490566038,26.4048740952381
2851,2021-06-10 23:00:00,Asia/Bangkok,90.25919445454551,20.47321428571428,19.0353982300885,26.21665927927927
2852,2021-06-11 00:00:00,Asia/Bangkok,87.8833317105263,4.425,3.8875,26.06689717948719
2853,2021-06-11 01:00:00,Asia/Bangkok,86.2929853571429,3.112068965517242,2.508620689655173,26.12925563636366
2854,2021-06-11 02:00:00,Asia/Bangkok,86.1455578947369,3.344827586206896,2.827586206896552,26.03444771929822
2855,2021-06-11 03:00:00,Asia/Bangkok,87.5948163157895,4.603448275862069,4.025862068965517,25.70550956140351
2856,2021-06-11 04:00:00,Asia/Bangkok,88.37306909090908,7.150442477876106,6.389380530973451,25.74655499999999
2857,2021-06-11 05:00:00,Asia/Bangkok,88.53682052631584,4.758620689655173,4.224137931034483,25.63837736842103
2858,2021-06-11 06:00:00,Asia/Bangkok,89.05075729729724,5.530434782608696,4.886956521739131,25.55545372727276
2859,2021-06-11 07:00:00,Asia/Bangkok,89.27917247787613,5.758620689655173,5.03448275862069,25.672286460177
2860,2021-06-11 08:00:00,Asia/Bangkok,89.28264946428568,6.198275862068965,5.28448275862069,26.31921508928572
2861,2021-06-11 09:00:00,Asia/Bangkok,86.18126633928568,6.814159292035399,5.920353982300885,27.7349463963964
2862,2021-06-11 10:00:00,Asia/Bangkok,81.80577107843135,8.221153846153847,7.019230769230769,29.51612242718447
2863,2021-06-11 11:00:00,Asia/Bangkok,73.54296672897193,7.211009174311926,6.37037037037037,31.87557158878506
2864,2021-06-11 12:00:00,Asia/Bangkok,68.18769710526317,6.504347826086956,5.608695652173913,33.38691807017545
2865,2021-06-11 13:00:00,Asia/Bangkok,65.60848617391306,4.356521739130435,3.539130434782609,33.33806660869566
2866,2021-06-11 14:00:00,Asia/Bangkok,85.81458956521736,12.03448275862069,10.14655172413793,27.44117113043476
2867,2021-06-11 15:00:00,Asia/Bangkok,83.32968214285718,3.412280701754386,2.815789473684211,29.03369910714285
2868,2021-06-11 16:00:00,Asia/Bangkok,78.18928568807337,4.112068965517241,3.586206896551724,30.80477935779817
2869,2021-06-11 17:00:00,Asia/Bangkok,79.69308200000003,7.387931034482759,6.379310344827586,30.40537069565218
2870,2021-06-11 18:00:00,Asia/Bangkok,80.77849571428574,8.594827586206897,7.827586206896552,29.70213999999999
2871,2021-06-11 19:00:00,Asia/Bangkok,78.47015252252251,3.053097345132743,2.566371681415929,27.31339630630632
2872,2021-06-11 20:00:00,Asia/Bangkok,84.09016723214287,15.87719298245614,14.08771929824561,26.40116619469026
2873,2021-06-11 21:00:00,Asia/Bangkok,86.474528,30.71428571428572,27.50892857142857,26.57498818181817
2874,2021-06-11 22:00:00,Asia/Bangkok,88.15527543103445,25.38793103448276,22.92241379310345,26.3041819827586
2875,2021-06-11 23:00:00,Asia/Bangkok,91.40603707964604,12.36521739130435,11.35652173913043,25.75995699115044
2876,2021-06-12 00:00:00,Asia/Bangkok,90.2931275221239,6.948275862068965,6.137931034482759,26.13698633928572
2877,2021-06-12 01:00:00,Asia/Bangkok,87.68047678260866,5.146551724137931,4.448275862068965,26.49624513043477
2878,2021-06-12 02:00:00,Asia/Bangkok,90.75532884955749,7.478260869565218,6.660869565217391,26.27899247787609
2879,2021-06-12 03:00:00,Asia/Bangkok,92.60676909909914,8.0,7.293103448275862,25.8247972072072
2880,2021-06-12 04:00:00,Asia/Bangkok,91.33117922413797,8.775862068965518,7.991379310344827,25.66935956896552
2881,2021-06-12 05:00:00,Asia/Bangkok,91.25062473684207,7.598290598290598,6.880341880341881,25.70333192982454
2882,2021-06-12 06:00:00,Asia/Bangkok,88.86260078947362,4.034782608695652,3.504347826086957,25.61429552631579
2883,2021-06-12 07:00:00,Asia/Bangkok,88.95428903508773,0.3217391304347826,0.1391304347826087,24.32340114035087
2884,2021-06-12 08:00:00,Asia/Bangkok,89.76979419642859,1.403508771929824,1.078260869565217,24.53732872727272
2885,2021-06-12 09:00:00,Asia/Bangkok,88.38949294642855,1.543103448275862,1.28448275862069,25.21639250000001
2886,2021-06-12 10:00:00,Asia/Bangkok,85.92701842105268,2.818965517241379,2.379310344827586,26.37896798245614
2887,2021-06-12 11:00:00,Asia/Bangkok,83.89109095652177,5.230088495575221,4.539823008849558,27.44202791304348
2888,2021-06-12 12:00:00,Asia/Bangkok,79.68815538461536,3.401709401709402,2.666666666666667,29.48058521367522
2889,2021-06-12 13:00:00,Asia/Bangkok,78.17637044642856,3.801724137931035,3.163793103448276,30.23836729729731
2890,2021-06-12 14:00:00,Asia/Bangkok,78.02105219298244,5.974137931034483,5.293103448275862,30.73567850877193
2891,2021-06-12 15:00:00,Asia/Bangkok,83.51770043859649,4.75,4.275862068965517,28.5966993859649
2892,2021-06-12 16:00:00,Asia/Bangkok,92.30205401785715,5.155172413793103,4.577586206896552,26.13407848214286
2893,2021-06-12 17:00:00,Asia/Bangkok,90.45570912280701,7.362068965517241,6.896551724137931,26.70812131578947
2894,2021-06-12 18:00:00,Asia/Bangkok,89.19073787610621,7.775862068965517,7.224137931034483,27.20488778761062
2895,2021-06-12 19:00:00,Asia/Bangkok,90.34520263157891,13.71551724137931,12.86206896551724,27.05875298245613
2896,2021-06-12 20:00:00,Asia/Bangkok,90.76551133928574,15.2,14.35652173913043,26.36811544642859
2897,2021-06-12 21:00:00,Asia/Bangkok,91.65863628318581,12.24137931034483,11.39655172413793,26.28778513274336
2898,2021-06-12 22:00:00,Asia/Bangkok,91.18408165217393,10.42241379310345,9.706896551724139,26.43433860869565
2899,2021-06-12 23:00:00,Asia/Bangkok,91.15988088495574,9.238938053097344,8.539823008849558,26.38264115044248
2900,2021-06-13 00:00:00,Asia/Bangkok,91.96056652173912,11.26495726495727,10.41025641025641,26.07739539130435
2901,2021-06-13 01:00:00,Asia/Bangkok,92.09410113043481,10.98275862068965,10.19827586206897,25.8941663478261
2902,2021-06-13 02:00:00,Asia/Bangkok,93.09148504347826,10.24137931034483,9.543103448275861,25.6919207826087
2903,2021-06-13 03:00:00,Asia/Bangkok,94.31682360360364,12.62931034482759,11.91379310344828,25.45157513513515
2904,2021-06-13 04:00:00,Asia/Bangkok,93.84027393162394,11.86324786324786,11.11111111111111,25.44468957264957
2905,2021-06-13 05:00:00,Asia/Bangkok,93.69563972727273,16.23893805309735,15.14159292035398,25.25023518181816
2906,2021-06-13 06:00:00,Asia/Bangkok,94.32246867256634,15.93965517241379,15.18965517241379,25.01339814159292
2907,2021-06-13 07:00:00,Asia/Bangkok,94.7016166086956,16.42608695652174,15.58260869565217,25.04458182608695
2908,2021-06-13 08:00:00,Asia/Bangkok,94.68786238938054,21.00869565217391,19.95652173913043,25.81227716814161
2909,2021-06-13 09:00:00,Asia/Bangkok,90.95750371681417,13.14782608695652,12.19130434782609,27.19210504424778
2910,2021-06-13 10:00:00,Asia/Bangkok,85.99719495495489,7.271929824561403,6.434782608695652,28.92723594594593
2911,2021-06-13 11:00:00,Asia/Bangkok,75.93633318584072,3.922413793103448,3.163793103448276,31.13502159292034
2912,2021-06-13 12:00:00,Asia/Bangkok,74.8092055555556,2.052631578947369,1.573913043478261,31.13433833333332
2913,2021-06-13 13:00:00,Asia/Bangkok,80.58705035714286,4.786324786324786,3.982905982905983,28.97473633928572
2914,2021-06-13 14:00:00,Asia/Bangkok,80.65158684684688,2.5,1.929824561403509,29.14612245454548
2915,2021-06-13 15:00:00,Asia/Bangkok,79.21702491228068,1.439655172413793,0.896551724137931,29.76119903508771
2916,2021-06-13 16:00:00,Asia/Bangkok,79.50786198198202,3.410714285714286,2.821428571428572,30.16388513513514
2917,2021-06-13 17:00:00,Asia/Bangkok,77.80260254545453,3.165217391304348,2.539130434782609,30.48682072727272
2918,2021-06-13 18:00:00,Asia/Bangkok,80.18629269565214,5.672413793103448,4.956896551724138,30.17644278260867
2919,2021-06-13 19:00:00,Asia/Bangkok,84.12416614035085,18.43103448275862,16.58620689655172,29.11631192982455
2920,2021-06-13 20:00:00,Asia/Bangkok,87.15573918918922,70.24561403508773,62.19298245614035,28.40428732142857
2921,2021-06-13 21:00:00,Asia/Bangkok,88.38071723214283,17.56034482758621,16.00862068965517,27.88501558558557
2922,2021-06-13 22:00:00,Asia/Bangkok,87.86056392857144,6.880341880341881,6.051282051282051,27.70930414414416
2923,2021-06-13 23:00:00,Asia/Bangkok,88.44632243243245,6.464912280701754,5.903508771929824,27.56751117117116
2924,2021-06-14 00:00:00,Asia/Bangkok,90.65176654545454,9.137931034482758,8.439655172413794,27.04027645454545
2925,2021-06-14 01:00:00,Asia/Bangkok,90.93682747747745,8.982758620689655,8.301724137931034,26.81601963963965
2926,2021-06-14 02:00:00,Asia/Bangkok,91.95509939130437,9.956896551724139,9.129310344827585,26.46134521739131
2927,2021-06-14 03:00:00,Asia/Bangkok,93.13480018181815,11.79130434782609,11.05217391304348,25.96799427272728
2928,2021-06-14 04:00:00,Asia/Bangkok,93.1308973873874,23.25217391304348,21.82608695652174,25.83593576576578
2929,2021-06-14 05:00:00,Asia/Bangkok,92.33863535714285,32.30434782608695,29.15652173913044,26.01472374999998
2930,2021-06-14 06:00:00,Asia/Bangkok,89.52704426086954,11.24137931034483,10.51724137931035,26.01816060869564
2931,2021-06-14 07:00:00,Asia/Bangkok,88.59935776785714,7.156521739130435,6.591304347826087,25.87246035714287
2932,2021-06-14 08:00:00,Asia/Bangkok,87.13785741071429,4.695652173913044,4.243478260869566,26.71549491071428
2933,2021-06-14 09:00:00,Asia/Bangkok,84.06489392857142,3.184210526315789,2.675438596491228,27.79879053571427
2934,2021-06-14 10:00:00,Asia/Bangkok,78.5959003539823,5.113043478260869,4.608695652173913,29.64370061946902
2935,2021-06-14 11:00:00,Asia/Bangkok,74.20345868421049,5.165217391304348,4.586206896551724,30.79182605263157
2936,2021-06-14 12:00:00,Asia/Bangkok,72.39091187500001,4.434782608695652,3.791304347826087,31.42655116071427
2937,2021-06-14 13:00:00,Asia/Bangkok,65.97575716814161,2.577586206896552,2.146551724137931,32.87182292035397
2938,2021-06-14 14:00:00,Asia/Bangkok,62.60917448275862,9.017241379310345,8.043103448275861,33.68221547826088
2939,2021-06-14 15:00:00,Asia/Bangkok,62.79475936363637,4.522123893805309,3.884955752212389,33.67491899082569
2940,2021-06-14 16:00:00,Asia/Bangkok,62.60064133928571,3.780701754385965,3.359649122807018,33.237058125
2941,2021-06-14 17:00:00,Asia/Bangkok,60.3753453982301,2.681034482758621,2.172413793103448,33.51225318584071
2942,2021-06-14 18:00:00,Asia/Bangkok,64.04550415929204,6.508620689655173,5.827586206896552,33.12867097345132
2943,2021-06-14 19:00:00,Asia/Bangkok,73.37672182608698,32.46956521739131,27.87826086956522,31.56048626086956
2944,2021-06-14 20:00:00,Asia/Bangkok,79.5849664035088,29.37391304347826,26.97391304347826,30.27647389380531
2945,2021-06-14 21:00:00,Asia/Bangkok,82.01486530973453,40.55172413793103,34.76724137931034,29.77334327433628
2946,2021-06-14 22:00:00,Asia/Bangkok,84.59532131578946,63.58620689655172,54.17241379310344,29.01683061403509
2947,2021-06-14 23:00:00,Asia/Bangkok,85.17933765217388,39.75213675213675,34.29059829059829,28.51354982608697
2948,2021-06-15 00:00:00,Asia/Bangkok,85.01356666666668,18.17241379310345,17.12068965517241,28.08130043859649
2949,2021-06-15 01:00:00,Asia/Bangkok,86.39575769911505,13.63793103448276,12.87068965517241,27.53074150442477
2950,2021-06-15 02:00:00,Asia/Bangkok,85.82725867256636,11.00869565217391,10.42608695652174,27.48917607142857
2951,2021-06-15 03:00:00,Asia/Bangkok,86.93302784482759,9.956896551724139,9.310344827586206,27.13308646551724
2952,2021-06-15 04:00:00,Asia/Bangkok,87.27416201754386,9.827586206896552,8.96551724137931,26.91294938053099
2953,2021-06-15 05:00:00,Asia/Bangkok,88.31435052173907,12.4017094017094,11.61538461538461,26.73466447368421
2954,2021-06-15 06:00:00,Asia/Bangkok,89.15654405172413,11.71551724137931,10.93103448275862,26.39980973913044
2955,2021-06-15 07:00:00,Asia/Bangkok,89.25590043103452,10.11206896551724,9.508620689655173,26.04883956896552
2956,2021-06-15 08:00:00,Asia/Bangkok,87.68748196428575,1.947826086956522,1.71304347826087,25.90419491071427
2957,2021-06-15 09:00:00,Asia/Bangkok,85.34476783783785,1.62280701754386,1.263157894736842,26.68449711711712
2958,2021-06-15 10:00:00,Asia/Bangkok,77.09372593406594,1.0,0.8021978021978022,28.81637333333333
2959,2021-06-15 12:00:00,Asia/Bangkok,73.52768397959181,5.549019607843137,5.058823529411764,31.42238561224489
2960,2021-06-15 13:00:00,Asia/Bangkok,67.9134892982456,6.017543859649122,5.771929824561403,32.64893123893806
2961,2021-06-15 14:00:00,Asia/Bangkok,64.34886087719298,4.929824561403509,4.552631578947368,33.34712096491229
2962,2021-06-15 15:00:00,Asia/Bangkok,62.83301149122808,4.913793103448276,4.491379310344827,34.04210850877193
2963,2021-06-15 16:00:00,Asia/Bangkok,65.30851991150443,5.078947368421052,4.631578947368421,33.42285628318585
2964,2021-06-15 17:00:00,Asia/Bangkok,64.96479844827586,5.181034482758621,4.586206896551724,33.34217896551723
2965,2021-06-15 18:00:00,Asia/Bangkok,64.95874408695649,7.775862068965517,6.956896551724138,32.74177130434782
2966,2021-06-15 19:00:00,Asia/Bangkok,68.40794669565217,26.02586206896552,22.37931034482759,31.70289617391301
2967,2021-06-15 20:00:00,Asia/Bangkok,74.2479482142857,39.92105263157895,34.10526315789474,30.32088937499999
2968,2021-06-15 21:00:00,Asia/Bangkok,73.79736780701751,35.44347826086957,30.49565217391304,30.01768657894735
2969,2021-06-15 22:00:00,Asia/Bangkok,76.44975155172413,42.22413793103448,37.48275862068966,29.05521655172414
2970,2021-06-15 23:00:00,Asia/Bangkok,82.77218982456142,33.70689655172414,29.89655172413793,27.83457798245614
2971,2021-06-16 00:00:00,Asia/Bangkok,85.87770903508772,42.5948275862069,35.93965517241379,27.04460377192981
2972,2021-06-16 01:00:00,Asia/Bangkok,85.03693598214288,18.52586206896552,17.07758620689655,27.17209589285714
2973,2021-06-16 02:00:00,Asia/Bangkok,86.2312722413793,19.58620689655172,18.49137931034483,26.97344189655172
2974,2021-06-16 03:00:00,Asia/Bangkok,87.45164176991152,19.00862068965517,17.66379310344828,26.58999605263158
2975,2021-06-16 04:00:00,Asia/Bangkok,88.92189547826088,41.31304347826087,36.91379310344828,26.19246447368419
2976,2021-06-16 05:00:00,Asia/Bangkok,89.74402704347821,29.13913043478261,26.6551724137931,26.01240408695653
2977,2021-06-16 06:00:00,Asia/Bangkok,90.31592465517244,21.25641025641026,19.88034188034188,25.85943293103449
2978,2021-06-16 07:00:00,Asia/Bangkok,90.8748475221239,37.16379310344828,33.31034482758621,25.88392769911503
2979,2021-06-16 08:00:00,Asia/Bangkok,90.12249752212387,17.30973451327434,16.15929203539823,26.76948309734513
2980,2021-06-16 09:00:00,Asia/Bangkok,81.58395313043478,7.47008547008547,6.863247863247863,28.83247913043478
2981,2021-06-16 10:00:00,Asia/Bangkok,76.09621098214286,7.353448275862069,6.724137931034483,30.57187910714287
2982,2021-06-16 11:00:00,Asia/Bangkok,71.85330228070177,5.853448275862069,5.189655172413793,31.76502920353984
2983,2021-06-16 12:00:00,Asia/Bangkok,66.9863564912281,9.491379310344827,8.862068965517242,33.24959115044248
2984,2021-06-16 13:00:00,Asia/Bangkok,63.51787199999999,10.09876543209877,9.341463414634147,34.43050050000001
2985,2021-06-16 14:00:00,Asia/Bangkok,63.42849844444446,11.47101449275362,10.76086956521739,34.25330694029852
2986,2021-06-16 15:00:00,Asia/Bangkok,79.38483194690271,16.4051724137931,15.36206896551724,30.40152580357142
2987,2021-06-16 16:00:00,Asia/Bangkok,81.38162054545454,8.086206896551724,7.448275862068965,29.04377518181819
2988,2021-06-16 17:00:00,Asia/Bangkok,83.0938922608696,10.64957264957265,9.547008547008547,28.76992236842107
2989,2021-06-16 18:00:00,Asia/Bangkok,86.40451947368426,51.68965517241379,43.8448275862069,28.45247587719297
2990,2021-06-16 19:00:00,Asia/Bangkok,86.38449750000002,41.56034482758621,36.61206896551724,28.02307657657656
2991,2021-06-16 20:00:00,Asia/Bangkok,85.46431154545459,36.92857142857143,33.66964285714285,27.60876790909092
2992,2021-06-16 21:00:00,Asia/Bangkok,87.17022885964914,51.78448275862069,44.75862068965517,27.1585844736842
2993,2021-06-16 22:00:00,Asia/Bangkok,89.01230732758627,20.76724137931035,19.68103448275862,26.66686198275863
2994,2021-06-16 23:00:00,Asia/Bangkok,90.66984954128444,30.70689655172414,27.5,26.28756458715596
2995,2021-06-17 00:00:00,Asia/Bangkok,89.48342807017546,16.63793103448276,15.71304347826087,26.15145105263158
2996,2021-06-17 01:00:00,Asia/Bangkok,89.95042044247789,15.45614035087719,14.72173913043478,26.14084353982301
2997,2021-06-17 02:00:00,Asia/Bangkok,90.47247973684208,18.58620689655172,17.87068965517241,26.16004587719297
2998,2021-06-17 03:00:00,Asia/Bangkok,91.39275774774767,16.60869565217391,15.67826086956522,26.10811243243243
2999,2021-06-17 04:00:00,Asia/Bangkok,91.8825065217391,18.85217391304348,18.12173913043478,25.91320756521741
3000,2021-06-17 05:00:00,Asia/Bangkok,92.92432469565215,17.81739130434783,16.95652173913043,25.6824471304348
3001,2021-06-17 06:00:00,Asia/Bangkok,93.80880946902651,19.56034482758621,18.70689655172414,25.55393982300887
3002,2021-06-17 07:00:00,Asia/Bangkok,94.16245535714286,21.93103448275862,20.2695652173913,25.59329303571429
3003,2021-06-17 08:00:00,Asia/Bangkok,94.02717380530972,26.54310344827586,24.97435897435897,26.21843383928572
3004,2021-06-17 09:00:00,Asia/Bangkok,89.57664694444446,22.58620689655172,21.45689655172414,28.2282285046729
3005,2021-06-17 10:00:00,Asia/Bangkok,81.09451787610618,17.34210526315789,16.53043478260869,30.35032300884954
3006,2021-06-17 11:00:00,Asia/Bangkok,72.25462652173914,13.11206896551724,12.44827586206897,31.94655570175438
3007,2021-06-17 12:00:00,Asia/Bangkok,63.77028580357143,14.02608695652174,13.33913043478261,33.48537553571429
3008,2021-06-17 13:00:00,Asia/Bangkok,61.01739226086955,17.68421052631579,16.87719298245614,34.20666843478262
3009,2021-06-17 14:00:00,Asia/Bangkok,60.07262780701755,17.1551724137931,16.5948275862069,34.64506456140351
3010,2021-06-17 15:00:00,Asia/Bangkok,60.03956584070797,27.68965517241379,25.75862068965517,34.67712858407078
3011,2021-06-17 16:00:00,Asia/Bangkok,60.13747808695651,26.32758620689655,24.89655172413793,34.82524105263157
3012,2021-06-17 17:00:00,Asia/Bangkok,66.8787140869565,9.905172413793103,9.35344827586207,31.40865052173914
3013,2021-06-17 18:00:00,Asia/Bangkok,71.22109300884956,29.39655172413793,27.06034482758621,30.48783256637169
3014,2021-06-17 19:00:00,Asia/Bangkok,80.81303258928571,39.39655172413793,34.99137931034483,28.49653455357142
3015,2021-06-17 20:00:00,Asia/Bangkok,85.9449545614035,49.00862068965517,40.69827586206897,28.19062122807017
3016,2021-06-17 21:00:00,Asia/Bangkok,86.47310269565214,38.53448275862069,33.91379310344828,28.12004333333334
3017,2021-06-17 22:00:00,Asia/Bangkok,87.58367918918916,42.79310344827586,36.58620689655172,27.5998682882883
3018,2021-06-17 23:00:00,Asia/Bangkok,89.08980018691587,46.43103448275862,38.8448275862069,27.24302594339623
3019,2021-06-18 00:00:00,Asia/Bangkok,89.30881956140351,49.93965517241379,41.55172413793103,27.1855226315789
3020,2021-06-18 01:00:00,Asia/Bangkok,88.80792883928572,48.61739130434783,40.56896551724138,27.1910980357143
3021,2021-06-18 02:00:00,Asia/Bangkok,90.18933210526316,48.12931034482759,40.22413793103448,26.80807254385964
3022,2021-06-18 03:00:00,Asia/Bangkok,91.0727424778761,49.28448275862069,41.14655172413793,26.46863330357144
3023,2021-06-18 04:00:00,Asia/Bangkok,90.87388009009008,49.84347826086957,41.29565217391304,26.23479828828829
3024,2021-06-18 05:00:00,Asia/Bangkok,91.3235170535714,47.92307692307692,39.92307692307692,26.04865151785714
3025,2021-06-18 06:00:00,Asia/Bangkok,92.12940963636366,45.82758620689656,38.36206896551724,25.85868300000001
3026,2021-06-18 07:00:00,Asia/Bangkok,92.79964469026551,41.66379310344828,35.75,25.75239831858408
3027,2021-06-18 08:00:00,Asia/Bangkok,92.90766160714288,45.1551724137931,38.11206896551724,26.23321562499999
3028,2021-06-18 09:00:00,Asia/Bangkok,89.77369853211003,38.97413793103448,34.29310344827586,27.30515651376146
3029,2021-06-18 10:00:00,Asia/Bangkok,76.21598817391303,15.64957264957265,14.63247863247863,30.1357844347826
3030,2021-06-18 11:00:00,Asia/Bangkok,63.29288378378377,6.892857142857143,5.866071428571429,32.21621261261262
3031,2021-06-18 12:00:00,Asia/Bangkok,59.65803807017543,6.672413793103448,6.060344827586207,32.86596807017543
3032,2021-06-18 13:00:00,Asia/Bangkok,57.09558408695652,9.304347826086957,8.695652173913043,33.90264417391305
3033,2021-06-18 14:00:00,Asia/Bangkok,54.37947878260869,12.5,11.70434782608696,34.90097513043479
3034,2021-06-18 15:00:00,Asia/Bangkok,53.25488280701756,21.5948275862069,20.0,35.65515078947368
3035,2021-06-18 16:00:00,Asia/Bangkok,55.42882543859649,17.06034482758621,16.12931034482759,34.64970157894734
3036,2021-06-18 17:00:00,Asia/Bangkok,57.19101857142857,20.86725663716814,19.92920353982301,34.28204267857145
3037,2021-06-18 18:00:00,Asia/Bangkok,67.40615913043479,29.85087719298246,26.8141592920354,32.36650826086957
3038,2021-06-18 19:00:00,Asia/Bangkok,76.0303797368421,45.57758620689656,40.85470085470085,30.03265622807017
3039,2021-06-18 20:00:00,Asia/Bangkok,79.6615959090909,51.0625,42.44642857142857,29.3355200909091
3040,2021-06-18 21:00:00,Asia/Bangkok,81.8687225925926,56.42857142857143,46.07142857142857,28.81930660550459
3041,2021-06-18 22:00:00,Asia/Bangkok,84.19432707964603,53.08547008547009,43.48717948717949,28.31473491071428
3042,2021-06-18 23:00:00,Asia/Bangkok,84.79737035087719,42.35344827586207,36.02586206896552,28.08328407079647
3043,2021-06-19 00:00:00,Asia/Bangkok,86.41707307017546,47.58620689655172,39.60344827586207,27.53557175438593
3044,2021-06-19 01:00:00,Asia/Bangkok,88.16411947826086,46.60344827586207,39.04310344827586,26.97527904347825
3045,2021-06-19 02:00:00,Asia/Bangkok,88.32156929203536,40.18965517241379,34.80172413793103,26.587927079646
3046,2021-06-19 03:00:00,Asia/Bangkok,88.08613201754387,30.4051724137931,28.4051724137931,26.27955675438596
3047,2021-06-19 04:00:00,Asia/Bangkok,88.62098398230093,27.5948275862069,26.13793103448276,26.09091008849557
3048,2021-06-19 05:00:00,Asia/Bangkok,88.47300131578949,29.31896551724138,27.62931034482759,26.08300315789475
3049,2021-06-19 06:00:00,Asia/Bangkok,89.05383184210525,38.69827586206897,34.01724137931034,25.85108833333332
3050,2021-06-19 07:00:00,Asia/Bangkok,89.78355752212394,37.2,32.61739130434783,25.65780345132743
3051,2021-06-19 08:00:00,Asia/Bangkok,90.37528063063064,26.9304347826087,25.45217391304348,26.22172428571429
3052,2021-06-19 09:00:00,Asia/Bangkok,88.38129463636363,25.29310344827586,23.14655172413793,27.48673733944954
3053,2021-06-19 10:00:00,Asia/Bangkok,83.56190990990991,19.69827586206896,18.45689655172414,28.84618783783782
3054,2021-06-19 11:00:00,Asia/Bangkok,80.58307288288289,27.39655172413793,25.25862068965517,29.8971190990991
3055,2021-06-19 12:00:00,Asia/Bangkok,76.43944573913042,22.68376068376068,21.62393162393163,31.21805713043474
3056,2021-06-19 13:00:00,Asia/Bangkok,73.61779385964911,25.74782608695652,23.87826086956522,31.96053026548672
3057,2021-06-19 14:00:00,Asia/Bangkok,69.24369186274511,16.24271844660194,15.43269230769231,32.0050837254902
3058,2021-06-19 15:00:00,Asia/Bangkok,66.3687544736842,16.61206896551724,15.57758620689655,33.06551921052633
3059,2021-06-19 16:00:00,Asia/Bangkok,66.07192034482759,23.30172413793104,22.31896551724138,33.34565293103449
3060,2021-06-19 17:00:00,Asia/Bangkok,66.01287351851853,26.75213675213675,25.52136752136752,33.38273120370371
3061,2021-06-19 18:00:00,Asia/Bangkok,71.51207508771928,30.18965517241379,28.06034482758621,31.9527845614035
3062,2021-06-19 19:00:00,Asia/Bangkok,78.20837117117117,48.20689655172414,40.96551724137931,30.38403297297296
3063,2021-06-19 20:00:00,Asia/Bangkok,81.87580973214286,110.2543859649123,97.33333333333333,29.48841625000002
3064,2021-06-19 21:00:00,Asia/Bangkok,83.91603094827587,62.56896551724138,52.37931034482759,28.86820353448276
3065,2021-06-19 22:00:00,Asia/Bangkok,85.38761070796458,55.74782608695652,45.84347826086957,28.47455133928569
3066,2021-06-19 23:00:00,Asia/Bangkok,85.77755573913045,42.20689655172414,35.91379310344828,27.7333027826087
3067,2021-06-20 00:00:00,Asia/Bangkok,84.83393964912281,21.52586206896552,20.37931034482759,27.41489114035087
3068,2021-06-20 01:00:00,Asia/Bangkok,84.9406691071428,21.9304347826087,20.78260869565218,27.30761839285713
3069,2021-06-20 02:00:00,Asia/Bangkok,86.74986589285709,21.6551724137931,20.63793103448276,26.9329375
3070,2021-06-20 03:00:00,Asia/Bangkok,86.05677576576579,21.83333333333333,20.95652173913043,27.10074654545453
3071,2021-06-20 04:00:00,Asia/Bangkok,85.89862918918918,17.94736842105263,17.19298245614035,27.15252324324324
3072,2021-06-20 05:00:00,Asia/Bangkok,86.55677416666666,15.33620689655172,14.50862068965517,27.00296842592592
3073,2021-06-20 06:00:00,Asia/Bangkok,88.13172184210526,14.17241379310345,13.29310344827586,26.56256421052633
3074,2021-06-20 07:00:00,Asia/Bangkok,88.9511677391304,15.39655172413793,14.47413793103448,26.38908339130435
3075,2021-06-20 08:00:00,Asia/Bangkok,87.93577274336283,16.85344827586207,16.06034482758621,27.16507115044248
3076,2021-06-20 09:00:00,Asia/Bangkok,79.34306504424775,12.62931034482759,11.62931034482759,29.55985769911505
3077,2021-06-20 10:00:00,Asia/Bangkok,71.08451226086954,8.568965517241379,7.870689655172414,31.77227843478261
3078,2021-06-20 11:00:00,Asia/Bangkok,65.81136486725664,7.149122807017544,6.53448275862069,32.82084964601768
3079,2021-06-20 12:00:00,Asia/Bangkok,63.76507704347825,13.67826086956522,12.63478260869565,33.44021443478261
3080,2021-06-20 13:00:00,Asia/Bangkok,62.23443372727272,13.18103448275862,12.46551724137931,34.41759381818182
3081,2021-06-20 14:00:00,Asia/Bangkok,58.07501336283186,13.19827586206897,12.48275862068965,35.57714749999999
3082,2021-06-20 15:00:00,Asia/Bangkok,57.39758069565217,12.22413793103448,11.64655172413793,35.55118895652178
3083,2021-06-20 16:00:00,Asia/Bangkok,59.92201761061945,15.42608695652174,14.80869565217391,35.12945619469027
3084,2021-06-20 17:00:00,Asia/Bangkok,68.03213561403508,10.4051724137931,9.706896551724139,31.79800000000001
3085,2021-06-20 18:00:00,Asia/Bangkok,72.77152286956522,29.97435897435897,26.25641025641026,30.37641739130435
3086,2021-06-20 19:00:00,Asia/Bangkok,80.22548618181818,43.09565217391305,36.25862068965517,28.98148685185188
3087,2021-06-20 20:00:00,Asia/Bangkok,83.68201469026549,37.10526315789474,32.2719298245614,28.60418902654867
3088,2021-06-20 21:00:00,Asia/Bangkok,85.37386719298246,60.50862068965517,50.37931034482759,28.17288771929825
3089,2021-06-20 22:00:00,Asia/Bangkok,87.39460558558558,37.30434782608695,32.84347826086957,27.27391792792793
3090,2021-06-20 23:00:00,Asia/Bangkok,87.10266252173912,16.47008547008547,15.70940170940171,26.93831234782609
3091,2021-06-21 00:00:00,Asia/Bangkok,87.33845451327436,17.04310344827586,16.13793103448276,27.00513292035394
3092,2021-06-21 01:00:00,Asia/Bangkok,87.22072721739134,16.35344827586207,15.48275862068965,26.93603556521738
3093,2021-06-21 02:00:00,Asia/Bangkok,88.37302469565219,22.14655172413793,21.18965517241379,26.543218
3094,2021-06-21 03:00:00,Asia/Bangkok,89.10333855855855,20.72413793103448,19.77586206896552,26.34168657657658
3095,2021-06-21 04:00:00,Asia/Bangkok,88.00445236363635,16.30973451327434,15.57522123893805,26.23808536363638
3096,2021-06-21 05:00:00,Asia/Bangkok,84.7036078947368,8.422413793103448,7.887931034482759,25.93824649122807
3097,2021-06-21 06:00:00,Asia/Bangkok,83.86508243243243,1.396551724137931,1.112068965517241,25.67492216216215
3098,2021-06-21 07:00:00,Asia/Bangkok,85.8252751351351,2.947826086956522,2.573913043478261,25.33107378378378
3099,2021-06-21 08:00:00,Asia/Bangkok,85.95123263157893,7.565217391304348,6.721739130434782,25.77669315789474
3100,2021-06-21 09:00:00,Asia/Bangkok,81.99739187499998,6.095652173913043,5.365217391304347,26.92554669642855
3101,2021-06-21 10:00:00,Asia/Bangkok,74.32778911504421,3.491379310344827,2.775862068965517,29.03362749999998
3102,2021-06-21 11:00:00,Asia/Bangkok,68.5432000892857,5.608695652173913,4.382608695652173,30.76802919642856
3103,2021-06-21 12:00:00,Asia/Bangkok,67.82838693693695,6.422413793103448,5.155172413793103,31.92623126126128
3104,2021-06-21 13:00:00,Asia/Bangkok,62.5111537837838,5.464912280701754,4.547826086956522,33.95368567567567
3105,2021-06-21 14:00:00,Asia/Bangkok,61.68281587719295,5.839285714285714,4.758928571428571,34.1203448245614
3106,2021-06-21 15:00:00,Asia/Bangkok,60.25590610619467,4.304347826086956,3.48695652173913,33.65876716814159
3107,2021-06-21 16:00:00,Asia/Bangkok,62.20879830357143,5.387931034482759,4.739130434782608,33.5203282142857
3108,2021-06-21 17:00:00,Asia/Bangkok,64.02168353982302,7.833333333333333,6.2,33.05395062500001
3109,2021-06-21 18:00:00,Asia/Bangkok,67.06764826086959,13.9051724137931,11.87931034482759,32.33931382608696
3110,2021-06-21 19:00:00,Asia/Bangkok,68.87427713043476,45.55172413793103,37.32478632478632,31.5357104347826
3111,2021-06-21 20:00:00,Asia/Bangkok,70.17454175438597,32.21052631578947,27.93859649122807,30.33440184210524
3112,2021-06-21 21:00:00,Asia/Bangkok,74.60788617391303,21.30973451327434,19.34513274336283,29.29646721739131
3113,2021-06-21 22:00:00,Asia/Bangkok,78.07344730434782,16.53846153846154,15.12820512820513,28.65213017391306
3114,2021-06-21 23:00:00,Asia/Bangkok,78.78477715517239,13.25862068965517,12.24137931034483,28.24654301724136
3115,2021-06-22 00:00:00,Asia/Bangkok,79.73729156521739,9.5,8.681034482758621,27.86102561403507
3116,2021-06-22 01:00:00,Asia/Bangkok,81.25325154545456,9.939655172413794,8.96551724137931,27.56099440366971
3117,2021-06-22 02:00:00,Asia/Bangkok,82.71114573913043,10.35344827586207,9.387931034482758,27.0929324347826
3118,2021-06-22 03:00:00,Asia/Bangkok,82.3534742201835,11.17241379310345,10.03448275862069,27.11276761467888
3119,2021-06-22 04:00:00,Asia/Bangkok,85.14953114035087,28.79310344827586,24.76724137931035,26.67343236842106
3120,2021-06-22 05:00:00,Asia/Bangkok,87.3446764912281,24.96581196581197,22.78448275862069,26.10488464912281
3121,2021-06-22 06:00:00,Asia/Bangkok,88.37435318584075,16.51304347826087,15.23275862068965,25.63057982142862
3122,2021-06-22 07:00:00,Asia/Bangkok,89.13659839285715,16.63793103448276,14.95689655172414,25.52047892857142
3123,2021-06-22 08:00:00,Asia/Bangkok,86.5243199130435,12.26724137931035,10.50862068965517,26.81770599999999
3124,2021-06-22 09:00:00,Asia/Bangkok,82.1006671681416,9.626086956521739,8.469565217391304,28.5971453982301
3125,2021-06-22 10:00:00,Asia/Bangkok,78.65117008849556,8.173913043478262,7.043103448275862,29.6651607142857
3126,2021-06-22 11:00:00,Asia/Bangkok,73.83061675438597,9.620689655172415,8.439655172413794,31.02882141592918
3127,2021-06-22 12:00:00,Asia/Bangkok,65.76876115044249,9.137931034482758,8.094827586206897,33.35952371681416
3128,2021-06-22 13:00:00,Asia/Bangkok,59.52589410714284,9.365217391304348,8.513043478260869,35.30236990990991
3129,2021-06-22 14:00:00,Asia/Bangkok,59.72897859649124,6.719298245614035,6.061946902654867,34.03604149122806
3130,2021-06-22 15:00:00,Asia/Bangkok,58.11015017699113,9.8125,8.929203539823009,34.7203753097345
3131,2021-06-22 16:00:00,Asia/Bangkok,59.38345626086956,11.62280701754386,10.64912280701754,34.67056208695654
3132,2021-06-22 17:00:00,Asia/Bangkok,69.68996973214284,8.543859649122806,7.771929824561403,30.39988008928571
3133,2021-06-22 18:00:00,Asia/Bangkok,70.26511652173913,23.43965517241379,20.50862068965517,29.19775695652174
3134,2021-06-22 19:00:00,Asia/Bangkok,69.7989257522124,15.31192660550459,13.40366972477064,29.52814486725663
3135,2021-06-22 20:00:00,Asia/Bangkok,74.87355963963965,65.23008849557522,54.90265486725664,28.70403549549549
3136,2021-06-22 21:00:00,Asia/Bangkok,81.58013423423422,31.57758620689655,27.58620689655172,27.59329927927929
3137,2021-06-22 22:00:00,Asia/Bangkok,82.36129214285718,31.0948275862069,27.75,27.61065419642856
3138,2021-06-22 23:00:00,Asia/Bangkok,80.02041324324324,11.95652173913044,10.9304347826087,27.56780045045043
3139,2021-06-23 00:00:00,Asia/Bangkok,77.53236231481479,9.53448275862069,8.879310344827585,28.06291675925926
3140,2021-06-23 01:00:00,Asia/Bangkok,81.49327849557523,7.706896551724138,7.069565217391304,27.11546884955753
3141,2021-06-23 02:00:00,Asia/Bangkok,84.80236821428569,7.544642857142857,7.0,26.29157342342341
3142,2021-06-23 03:00:00,Asia/Bangkok,86.6482995495495,9.24561403508772,8.578947368421053,25.93860927927928
3143,2021-06-23 04:00:00,Asia/Bangkok,86.8125485087719,14.85840707964602,13.92035398230088,26.05447123893807
3144,2021-06-23 05:00:00,Asia/Bangkok,87.99807098214289,14.93913043478261,14.05172413793103,25.81521303571427
3145,2021-06-23 06:00:00,Asia/Bangkok,90.56433281818182,13.05263157894737,12.10526315789474,25.14055599999999
3146,2021-06-23 07:00:00,Asia/Bangkok,89.89698669565217,18.0,16.46551724137931,25.43720371681416
3147,2021-06-23 08:00:00,Asia/Bangkok,84.59636260869567,10.48275862068965,9.163793103448276,26.88963210526315
3148,2021-06-23 09:00:00,Asia/Bangkok,77.93538818965516,4.128205128205129,3.136752136752137,28.37073767241379
3149,2021-06-23 10:00:00,Asia/Bangkok,74.47520853448276,3.629310344827586,2.931034482758621,29.67166931034484
3150,2021-06-23 11:00:00,Asia/Bangkok,72.08990243243242,5.629310344827586,4.775862068965517,30.39444711711711
3151,2021-06-23 12:00:00,Asia/Bangkok,68.44527000000001,2.826086956521739,2.252173913043478,30.88171062500001
3152,2021-06-23 13:00:00,Asia/Bangkok,65.37272782608696,1.948717948717949,1.367521367521368,32.10052026086957
3153,2021-06-23 14:00:00,Asia/Bangkok,63.24034105769228,1.707547169811321,1.122641509433962,33.03186221153847
3154,2021-06-23 15:00:00,Asia/Bangkok,64.85185141509434,2.878504672897196,1.794392523364486,31.37417518867925
3155,2021-06-23 16:00:00,Asia/Bangkok,68.38471018018016,2.775862068965517,2.129310344827586,30.00628909909911
3156,2021-06-23 17:00:00,Asia/Bangkok,66.82753573913043,3.370689655172414,2.310344827586207,29.90792491228069
3157,2021-06-23 18:00:00,Asia/Bangkok,66.02189000000001,7.28695652173913,6.078260869565217,29.60459454545456
3158,2021-06-23 19:00:00,Asia/Bangkok,67.64216114035085,22.31896551724138,19.54310344827586,28.95358649122806
3159,2021-06-23 20:00:00,Asia/Bangkok,68.64076991228072,14.12280701754386,11.83333333333333,27.97174877192981
3160,2021-06-23 21:00:00,Asia/Bangkok,73.68622544642858,45.25,39.39655172413793,27.04494857142857
3161,2021-06-23 22:00:00,Asia/Bangkok,77.67814043103452,16.38793103448276,14.63247863247863,26.27031551724139
3162,2021-06-23 23:00:00,Asia/Bangkok,79.38982552631578,9.904347826086957,8.565217391304348,25.85373464912281
3163,2021-06-24 00:00:00,Asia/Bangkok,79.06096324074078,8.0,6.990654205607477,26.10190777777779
3164,2021-06-24 01:00:00,Asia/Bangkok,80.68970678571428,9.982300884955752,8.530973451327434,25.8440427927928
3165,2021-06-24 02:00:00,Asia/Bangkok,81.5706836842105,12.98969072164948,11.61855670103093,25.75932229166665
3166,2021-06-24 03:00:00,Asia/Bangkok,83.75507234782609,12.37391304347826,11.24347826086957,25.4266727826087
3167,2021-06-24 04:00:00,Asia/Bangkok,85.58569489361703,14.26315789473684,12.98947368421053,25.06027872340426
3168,2021-06-24 05:00:00,Asia/Bangkok,87.42493828571432,24.86206896551724,22.31896551724138,24.8851726923077
3169,2021-06-24 06:00:00,Asia/Bangkok,87.78804169642858,19.90434782608695,18.16521739130435,24.88536482142858
3170,2021-06-24 07:00:00,Asia/Bangkok,89.99140528301888,24.68181818181818,22.21818181818182,24.58209311320755
3171,2021-06-24 08:00:00,Asia/Bangkok,87.55471225490197,19.50485436893204,17.66019417475728,25.44372564356436
3172,2021-06-24 09:00:00,Asia/Bangkok,82.84208500000001,20.43103448275862,17.46551724137931,26.91352103448276
3173,2021-06-24 10:00:00,Asia/Bangkok,76.90553839285712,13.12068965517241,11.42241379310345,29.10963545454547
3174,2021-06-24 11:00:00,Asia/Bangkok,69.61542610619468,7.730434782608696,6.547826086956522,31.09299830357142
3175,2021-06-24 12:00:00,Asia/Bangkok,62.21952601769913,6.582608695652174,4.695652173913044,33.58118513274337
3176,2021-06-24 13:00:00,Asia/Bangkok,61.41143309734515,6.765217391304348,5.078260869565217,33.98055096491228
3177,2021-06-24 14:00:00,Asia/Bangkok,60.78732513274336,4.965217391304348,3.895652173913044,33.79947383928572
3178,2021-06-24 15:00:00,Asia/Bangkok,58.08361687499998,6.640350877192983,5.578947368421052,34.30161446428571
3179,2021-06-24 16:00:00,Asia/Bangkok,59.89055787234042,14.5979381443299,12.77319587628866,33.96693606382978
3180,2021-06-24 17:00:00,Asia/Bangkok,78.072089122807,5.895652173913043,4.965217391304348,28.52024412280701
3181,2021-06-24 18:00:00,Asia/Bangkok,81.88872938053093,15.32758620689655,13.12068965517241,28.46459805309735
3182,2021-06-24 19:00:00,Asia/Bangkok,83.95607587719302,21.43103448275862,18.81896551724138,28.15428947368418
3183,2021-06-24 20:00:00,Asia/Bangkok,86.16833651785714,74.12173913043478,63.98260869565217,27.61995486486485
3184,2021-06-24 21:00:00,Asia/Bangkok,86.4366099107143,55.00862068965517,44.23275862068966,27.49880848214285
3185,2021-06-24 22:00:00,Asia/Bangkok,85.75325752212389,36.38793103448276,31.33620689655172,27.07342592920357
3186,2021-06-24 23:00:00,Asia/Bangkok,85.38405205357137,14.77586206896552,13.41379310344828,26.36427616071428
3187,2021-06-25 00:00:00,Asia/Bangkok,86.42213791304344,10.42735042735043,9.598290598290598,26.25528747826089
3188,2021-06-25 01:00:00,Asia/Bangkok,87.42148547826086,14.14159292035398,12.92035398230088,26.01458634782607
3189,2021-06-25 02:00:00,Asia/Bangkok,88.73715767241383,14.56896551724138,13.43965517241379,25.57142810344831
3190,2021-06-25 03:00:00,Asia/Bangkok,89.63694122807019,16.6283185840708,15.41592920353982,25.34819964912282
3191,2021-06-25 04:00:00,Asia/Bangkok,90.5902127027027,17.25,15.87068965517241,25.22031459459458
3192,2021-06-25 05:00:00,Asia/Bangkok,90.49415442477871,19.88793103448276,18.25,24.789773539823
3193,2021-06-25 06:00:00,Asia/Bangkok,90.35046087719299,15.49137931034483,14.22413793103448,24.69169192982454
3194,2021-06-25 07:00:00,Asia/Bangkok,89.42536473684207,13.52586206896552,12.17241379310345,24.89819640350877
3195,2021-06-25 08:00:00,Asia/Bangkok,86.67752648648647,14.31304347826087,12.69565217391304,26.17205927927927
3196,2021-06-25 09:00:00,Asia/Bangkok,78.87285796460176,10.88793103448276,9.327586206896552,28.48338548672567
3197,2021-06-25 10:00:00,Asia/Bangkok,74.36073095652173,6.947826086956522,5.982608695652174,29.43771391304348
3198,2021-06-25 11:00:00,Asia/Bangkok,70.62911324561405,5.460869565217391,4.739130434782608,30.65397570175439
3199,2021-06-25 12:00:00,Asia/Bangkok,64.85584137931038,4.293103448275862,3.775862068965517,32.63444689655171
3200,2021-06-25 13:00:00,Asia/Bangkok,60.92814301724139,1.704347826086956,1.077586206896552,33.26648637931034
3201,2021-06-25 14:00:00,Asia/Bangkok,60.18239378378377,3.525862068965517,2.629310344827586,33.7848969090909
3202,2021-06-25 15:00:00,Asia/Bangkok,60.58556182608697,4.310344827586207,3.456896551724138,33.38845669565219
3203,2021-06-25 16:00:00,Asia/Bangkok,61.11531309734514,10.72173913043478,9.191304347826087,32.94451230088497
3204,2021-06-25 17:00:00,Asia/Bangkok,63.40124973913042,17.1140350877193,15.28947368421053,32.29145991304348
3205,2021-06-25 18:00:00,Asia/Bangkok,67.51051738738735,13.96491228070176,12.6578947368421,30.58982318181816
3206,2021-06-25 19:00:00,Asia/Bangkok,73.35954192982456,10.49137931034483,9.60344827586207,28.6721934210526
3207,2021-06-25 20:00:00,Asia/Bangkok,76.94451357798167,24.95614035087719,22.42982456140351,27.7905204587156
3208,2021-06-25 21:00:00,Asia/Bangkok,79.67681684210524,13.04310344827586,11.78448275862069,27.22265192982456
3209,2021-06-25 22:00:00,Asia/Bangkok,83.33036713043481,13.47413793103448,12.14655172413793,26.49018362068966
3210,2021-06-25 23:00:00,Asia/Bangkok,85.33160911504427,13.07692307692308,12.03418803418803,26.00666562500001
3211,2021-06-26 00:00:00,Asia/Bangkok,87.30140081081076,11.56034482758621,10.87068965517241,25.46699490909092
3212,2021-06-26 01:00:00,Asia/Bangkok,87.38986474137931,9.758620689655173,9.068965517241379,25.54254025862069
3213,2021-06-26 02:00:00,Asia/Bangkok,87.80639530973448,10.8,9.921739130434782,25.38243026785713
3214,2021-06-26 03:00:00,Asia/Bangkok,89.1460975438596,12.93965517241379,11.8448275862069,25.06507157894736
3215,2021-06-26 04:00:00,Asia/Bangkok,88.56965957894737,21.74736842105263,18.8125,25.33788125000001
3216,2021-06-26 05:00:00,Asia/Bangkok,88.02486621052634,16.53608247422681,14.75257731958763,25.52847178947371
3217,2021-06-26 06:00:00,Asia/Bangkok,89.99179927927926,16.30172413793104,14.92241379310345,25.11071027027026
3218,2021-06-26 07:00:00,Asia/Bangkok,88.80474241071427,16.32173913043478,14.54310344827586,25.56832531531531
3219,2021-06-26 08:00:00,Asia/Bangkok,87.7350632727273,17.41441441441441,15.40540540540541,26.35507036363637
3220,2021-06-26 09:00:00,Asia/Bangkok,81.70248499999998,10.36363636363636,8.565656565656566,28.04934333333333
3221,2021-06-26 10:00:00,Asia/Bangkok,74.78161654867255,14.47368421052632,12.51754385964912,29.92205327433628
3222,2021-06-26 11:00:00,Asia/Bangkok,69.86224442477877,8.267241379310345,7.086206896551724,31.40233628318581
3223,2021-06-26 12:00:00,Asia/Bangkok,67.06229070175439,7.655172413793103,6.551724137931035,32.37071464912281
3224,2021-06-26 13:00:00,Asia/Bangkok,60.90240582608698,8.577586206896552,7.603448275862069,33.77842412280702
3225,2021-06-26 14:00:00,Asia/Bangkok,58.63844810344825,10.03418803418803,8.897435897435898,34.72124086206897
3226,2021-06-26 15:00:00,Asia/Bangkok,57.77783279279277,10.02608695652174,8.97391304347826,35.17786303571427
3227,2021-06-26 16:00:00,Asia/Bangkok,57.58636401785716,10.23478260869565,9.217391304347826,34.93384063063065
3228,2021-06-26 17:00:00,Asia/Bangkok,57.21168706422021,10.36752136752137,8.957264957264957,34.45705596330276
3229,2021-06-26 18:00:00,Asia/Bangkok,58.25259696428573,8.721739130434782,7.617391304347827,33.59396884955751
3230,2021-06-26 19:00:00,Asia/Bangkok,65.63634522123887,20.61206896551724,18.53448275862069,31.97819378378376
3231,2021-06-26 20:00:00,Asia/Bangkok,70.16137043859648,20.41739130434783,18.20869565217391,30.46855175438596
3232,2021-06-26 21:00:00,Asia/Bangkok,72.07403649122807,38.06086956521739,31.4,29.75812956140349
3233,2021-06-26 22:00:00,Asia/Bangkok,75.33684300000002,33.94736842105263,29.13157894736842,29.02266651376148
3234,2021-06-26 23:00:00,Asia/Bangkok,78.02062168141592,15.08849557522124,13.21238938053097,28.53324769911504
3235,2021-06-27 00:00:00,Asia/Bangkok,80.38641139130436,9.362068965517242,8.008620689655173,28.06641913043478
3236,2021-06-27 01:00:00,Asia/Bangkok,82.04808415929203,8.743589743589743,7.717948717948718,27.70799946902655
3237,2021-06-27 02:00:00,Asia/Bangkok,83.51401769911504,11.84347826086957,10.67826086956522,27.44264221238936
3238,2021-06-27 03:00:00,Asia/Bangkok,85.8981024347826,13.83620689655172,12.54310344827586,26.7737272173913
3239,2021-06-27 04:00:00,Asia/Bangkok,88.13351809090909,12.9051724137931,11.72413793103448,26.10117000000001
3240,2021-06-27 05:00:00,Asia/Bangkok,89.06294455357144,13.43478260869565,12.42608695652174,25.79373517857142
3241,2021-06-27 06:00:00,Asia/Bangkok,89.28229760683755,14.17948717948718,12.8974358974359,25.6351776923077
3242,2021-06-27 07:00:00,Asia/Bangkok,89.71847241379311,22.76724137931035,21.12931034482759,25.6548795689655
3243,2021-06-27 08:00:00,Asia/Bangkok,89.69184147826088,25.46551724137931,23.00862068965517,26.20563137931035
3244,2021-06-27 09:00:00,Asia/Bangkok,82.71436353982301,12.78448275862069,11.11206896551724,28.31361831858408
3245,2021-06-27 10:00:00,Asia/Bangkok,71.16166274336283,9.120689655172415,7.663793103448276,31.41861805309734
3246,2021-06-27 11:00:00,Asia/Bangkok,66.07660054545455,5.551724137931035,4.698275862068965,32.64612190909091
3247,2021-06-27 12:00:00,Asia/Bangkok,61.04592757009345,8.71304347826087,8.008695652173913,34.27627271028037
3248,2021-06-27 13:00:00,Asia/Bangkok,57.28586175438596,10.14912280701754,9.069565217391304,35.48715438596491
3249,2021-06-27 14:00:00,Asia/Bangkok,61.06125241379311,8.512820512820513,7.410256410256411,34.22681568965517
3250,2021-06-27 15:00:00,Asia/Bangkok,64.75963982300883,11.86842105263158,10.99122807017544,32.76734867256636
3251,2021-06-27 16:00:00,Asia/Bangkok,60.59243833333336,9.660869565217391,8.947826086956521,33.86432219298246
3252,2021-06-27 17:00:00,Asia/Bangkok,62.96101298245615,13.58260869565217,12.31304347826087,33.84003149122806
3253,2021-06-27 18:00:00,Asia/Bangkok,66.30662008849558,11.34782608695652,10.63478260869565,32.99855105263158
3254,2021-06-27 19:00:00,Asia/Bangkok,67.11961557522126,13.0695652173913,12.18260869565217,32.2798807079646
3255,2021-06-27 20:00:00,Asia/Bangkok,67.30131955357145,22.09649122807017,19.85087719298246,31.39121669642858
3256,2021-06-27 21:00:00,Asia/Bangkok,72.64224547826089,37.64347826086956,32.34782608695652,30.09389486956519
3257,2021-06-27 22:00:00,Asia/Bangkok,76.51053895652171,27.33620689655172,25.13793103448276,29.63898765217391
3258,2021-06-27 23:00:00,Asia/Bangkok,79.74455637931031,28.11206896551724,25.61206896551724,29.00084353448278
3259,2021-06-28 00:00:00,Asia/Bangkok,81.25928681818178,17.28448275862069,15.99137931034483,28.62917272727273
3260,2021-06-28 01:00:00,Asia/Bangkok,83.31741549019607,13.99019607843137,12.85294117647059,27.9387744117647
3261,2021-06-28 02:00:00,Asia/Bangkok,83.73179243243244,10.42105263157895,9.701754385964913,27.57915405405406
3262,2021-06-28 03:00:00,Asia/Bangkok,84.78232482456139,11.32758620689655,10.4051724137931,27.34443219298246
3263,2021-06-28 04:00:00,Asia/Bangkok,86.3221463157895,10.62068965517241,9.818965517241379,26.88323956140351
3264,2021-06-28 05:00:00,Asia/Bangkok,87.8796556034483,23.75862068965517,20.73275862068965,26.4812506034483
3265,2021-06-28 06:00:00,Asia/Bangkok,88.59845823008853,19.95689655172414,18.61206896551724,26.2458846017699
3266,2021-06-28 07:00:00,Asia/Bangkok,90.04125695652174,14.67241379310345,13.38461538461539,26.01616417391304
3267,2021-06-28 08:00:00,Asia/Bangkok,88.7183214912281,13.51724137931035,12.67241379310345,26.93231263157895
3268,2021-06-28 09:00:00,Asia/Bangkok,80.66196096491227,7.560344827586207,6.939655172413793,29.06285732142857
3269,2021-06-28 10:00:00,Asia/Bangkok,72.03562900900901,4.422413793103448,3.96551724137931,31.10581396396396
3270,2021-06-28 11:00:00,Asia/Bangkok,67.17461681415931,7.017543859649122,6.260869565217392,32.44527707964603
3271,2021-06-28 12:00:00,Asia/Bangkok,64.94635336283183,8.258620689655173,7.577586206896552,33.14076982300886
3272,2021-06-28 13:00:00,Asia/Bangkok,60.55151434782611,8.085470085470085,7.435897435897436,34.60128412280702
3273,2021-06-28 14:00:00,Asia/Bangkok,60.55504687499998,8.869565217391305,8.043478260869565,34.35161053571428
3274,2021-06-28 15:00:00,Asia/Bangkok,56.25700232142854,8.60344827586207,7.939655172413793,35.66579455357144
3275,2021-06-28 16:00:00,Asia/Bangkok,57.92832061403509,9.957264957264957,9.205128205128204,34.89516105263158
3276,2021-06-28 17:00:00,Asia/Bangkok,54.47730621621621,7.521739130434782,6.469565217391304,34.93277454545456
3277,2021-06-28 18:00:00,Asia/Bangkok,56.74966482142857,9.73913043478261,8.939130434782609,33.35363254385964
3278,2021-06-28 19:00:00,Asia/Bangkok,67.96558711340202,20.48484848484848,19.0,31.80057489583332
3279,2021-06-28 20:00:00,Asia/Bangkok,77.41482178571428,29.07017543859649,26.54385964912281,29.87876473214287
3280,2021-06-28 21:00:00,Asia/Bangkok,79.61489719298244,40.07758620689656,34.64655172413793,29.47767263157893
3281,2021-06-28 22:00:00,Asia/Bangkok,81.90067061403509,50.88034188034188,41.81196581196581,28.79545192982456
3282,2021-06-28 23:00:00,Asia/Bangkok,82.19759901785714,45.33913043478261,37.71304347826087,28.575475625
3283,2021-06-29 00:00:00,Asia/Bangkok,83.203455,32.20689655172414,29.41379310344828,28.15389544642856
3284,2021-06-29 01:00:00,Asia/Bangkok,85.42085584070794,31.60869565217391,29.06086956521739,27.5794672972973
3285,2021-06-29 02:00:00,Asia/Bangkok,85.3439247787611,27.79310344827586,26.26724137931035,27.48888982300884
3286,2021-06-29 03:00:00,Asia/Bangkok,86.67726566371685,33.3448275862069,30.06896551724138,27.08058778761063
3287,2021-06-29 04:00:00,Asia/Bangkok,87.66694252173909,42.84615384615385,36.01709401709402,26.71335643478259
3288,2021-06-29 05:00:00,Asia/Bangkok,88.84633564814813,38.68468468468468,33.68468468468468,26.25420663551402
3289,2021-06-29 06:00:00,Asia/Bangkok,89.54078258620687,34.73275862068966,30.8448275862069,25.9714473275862
3290,2021-06-29 07:00:00,Asia/Bangkok,90.18330283185847,26.86086956521739,24.53913043478261,25.8246382300885
3291,2021-06-29 08:00:00,Asia/Bangkok,87.53016243243246,23.31304347826087,21.38260869565217,26.60746609090908
3292,2021-06-29 09:00:00,Asia/Bangkok,84.78856972972969,11.47826086956522,10.29565217391304,27.51468117117116
3293,2021-06-29 10:00:00,Asia/Bangkok,81.4341604385965,7.726495726495727,6.615384615384615,28.28820578947369
3294,2021-06-29 11:00:00,Asia/Bangkok,77.83960385964916,10.42241379310345,9.310344827586206,29.42539814159294
3295,2021-06-29 12:00:00,Asia/Bangkok,74.02663318584071,8.495652173913044,7.695652173913044,30.49949294642857
3296,2021-06-29 13:00:00,Asia/Bangkok,70.03747852173915,7.698275862068965,6.767241379310345,31.99988339130436
3297,2021-06-29 14:00:00,Asia/Bangkok,65.40876284403676,12.24347826086957,11.20869565217391,33.46988898148148
3298,2021-06-29 15:00:00,Asia/Bangkok,63.73143071428574,11.43103448275862,10.31896551724138,33.90893276785715
3299,2021-06-29 16:00:00,Asia/Bangkok,62.5125871559633,5.6,5.026086956521739,33.79733715596331
3300,2021-06-29 17:00:00,Asia/Bangkok,64.78636864864865,12.02586206896552,10.62068965517241,33.13459207207206
3301,2021-06-29 18:00:00,Asia/Bangkok,67.55041413793103,7.181034482758621,6.612068965517241,32.07952301724137
3302,2021-06-29 19:00:00,Asia/Bangkok,72.47249285714287,10.14035087719298,9.271929824561404,30.52516982300885
3303,2021-06-29 20:00:00,Asia/Bangkok,76.11025678571433,9.173913043478262,8.521739130434783,29.25710531531529
3304,2021-06-29 21:00:00,Asia/Bangkok,75.3720861403509,4.982905982905983,4.452991452991453,28.596060619469
3305,2021-06-29 22:00:00,Asia/Bangkok,77.47909855855852,5.535087719298246,4.850877192982456,28.09238414414413
3306,2021-06-29 23:00:00,Asia/Bangkok,78.64003991071425,8.191304347826087,7.121739130434783,27.72078375000002
3307,2021-06-30 00:00:00,Asia/Bangkok,78.67246587719296,2.508620689655173,2.094827586206896,27.58291184210524
3308,2021-06-30 01:00:00,Asia/Bangkok,79.27693929203545,0.9396551724137931,0.6982758620689655,27.38516780701751
3309,2021-06-30 02:00:00,Asia/Bangkok,80.00294160714283,0.6896551724137931,0.3189655172413793,27.20573630630629
3310,2021-06-30 03:00:00,Asia/Bangkok,80.25123017391304,0.3017241379310345,0.06896551724137931,27.0473056521739
3311,2021-06-30 04:00:00,Asia/Bangkok,81.84560649122807,1.224137931034483,0.9051724137931034,26.90893517543861
3312,2021-06-30 05:00:00,Asia/Bangkok,82.87311327433628,0.782608695652174,0.4173913043478261,26.80329587719297
3313,2021-06-30 06:00:00,Asia/Bangkok,85.30658900000003,3.318965517241379,2.706896551724138,26.28739481481481
3314,2021-06-30 07:00:00,Asia/Bangkok,82.65363842105266,1.103448275862069,0.75,27.1264485964912
3315,2021-06-30 08:00:00,Asia/Bangkok,79.62810842105257,1.612068965517241,1.120689655172414,27.98414008771929
3316,2021-06-30 09:00:00,Asia/Bangkok,70.09515020408166,1.676767676767677,1.202020202020202,29.87220571428573
3317,2021-06-30 10:00:00,Asia/Bangkok,64.77772587155962,3.894736842105263,3.403508771929824,31.21057699999999
3318,2021-06-30 11:00:00,Asia/Bangkok,64.5433536521739,3.672413793103448,2.896551724137931,32.29958799999998
3319,2021-06-30 12:00:00,Asia/Bangkok,60.8126189189189,4.408695652173913,3.895652173913044,34.08907828828828
3320,2021-06-30 13:00:00,Asia/Bangkok,58.49277000000001,4.827586206896552,4.301724137931035,34.66544990909092
3321,2021-06-30 14:00:00,Asia/Bangkok,52.4071792857143,5.017241379310345,4.28448275862069,37.16012297297296
3322,2021-06-30 15:00:00,Asia/Bangkok,53.80967132743366,6.095652173913043,5.252173913043478,36.18586539823008
3323,2021-06-30 16:00:00,Asia/Bangkok,56.22528982608696,19.25862068965517,16.75,34.96007095652173
3324,2021-06-30 17:00:00,Asia/Bangkok,65.59502877192982,10.01739130434783,8.304347826086957,31.51185412280702
3325,2021-06-30 18:00:00,Asia/Bangkok,71.76146666666666,20.0695652173913,17.66956521739131,29.58481150442474
3326,2021-06-30 19:00:00,Asia/Bangkok,74.62113846846852,40.57522123893806,34.70796460176991,29.3770025
3327,2021-06-30 20:00:00,Asia/Bangkok,77.76166576576576,56.67543859649123,46.90350877192982,28.79391441441442
3328,2021-06-30 21:00:00,Asia/Bangkok,81.3784360526316,76.23076923076923,65.92307692307692,27.87400184210523
3329,2021-06-30 22:00:00,Asia/Bangkok,81.76904619469028,67.51724137931035,55.92241379310344,27.68186203539823
3330,2021-06-30 23:00:00,Asia/Bangkok,83.8803014035088,59.11304347826087,47.88695652173913,27.21306353982299
3331,2021-07-01 00:00:00,Asia/Bangkok,83.81358070796458,51.90434782608695,42.83478260869565,27.38238256637165
3332,2021-07-01 01:00:00,Asia/Bangkok,84.28854269565215,49.24561403508772,41.02631578947368,27.3146189565217
3333,2021-07-01 02:00:00,Asia/Bangkok,85.51838543859644,45.41739130434782,38.18260869565217,27.03617245614036
3334,2021-07-01 03:00:00,Asia/Bangkok,86.45314884955752,28.36752136752137,26.69230769230769,26.76797575221239
3335,2021-07-01 04:00:00,Asia/Bangkok,87.33486241071428,25.58771929824561,23.25438596491228,26.47731375
3336,2021-07-01 05:00:00,Asia/Bangkok,87.81221097560977,20.632,19.392,26.37895479674797
3337,2021-07-01 06:00:00,Asia/Bangkok,88.15458323809524,24.55660377358491,23.23584905660377,26.22232428571428
3338,2021-07-01 07:00:00,Asia/Bangkok,88.59857956140348,31.19827586206896,28.55172413793104,26.09630824561402
3339,2021-07-01 08:00:00,Asia/Bangkok,88.68033464912273,21.78448275862069,20.13793103448276,26.86269614035086
3340,2021-07-01 09:00:00,Asia/Bangkok,81.46849350877196,10.58407079646018,9.504424778761061,28.98645008771929
3341,2021-07-01 10:00:00,Asia/Bangkok,70.55910072916667,7.663265306122449,6.979591836734694,31.46416999999999
3342,2021-07-01 11:00:00,Asia/Bangkok,66.42350417391303,12.92241379310345,11.5,32.39590252173914
3343,2021-07-01 12:00:00,Asia/Bangkok,62.12575570175438,6.413793103448276,5.629310344827586,33.51766964912279
3344,2021-07-01 13:00:00,Asia/Bangkok,56.68958166666665,5.879310344827586,5.21551724137931,34.93000805309735
3345,2021-07-01 14:00:00,Asia/Bangkok,54.79435763157895,7.594827586206897,6.517241379310345,35.34668078947371
3346,2021-07-01 15:00:00,Asia/Bangkok,47.1344998198198,7.163793103448276,6.241379310344827,37.87678171171171
3347,2021-07-01 16:00:00,Asia/Bangkok,53.48204814159294,9.96551724137931,9.181034482758621,36.68538247787612
3348,2021-07-01 17:00:00,Asia/Bangkok,61.5598470909091,16.23478260869565,14.33913043478261,34.09812816513762
3349,2021-07-01 18:00:00,Asia/Bangkok,78.93184172413793,17.95726495726496,16.32478632478632,28.77503801724134
3350,2021-07-01 19:00:00,Asia/Bangkok,82.13974090090092,17.74336283185841,15.84070796460177,28.32958729729728
3351,2021-07-01 20:00:00,Asia/Bangkok,84.8933239285714,45.82142857142857,39.63392857142857,28.17799830357142
3352,2021-07-01 21:00:00,Asia/Bangkok,85.52891535714285,44.0,37.24137931034483,28.365758125
3353,2021-07-01 22:00:00,Asia/Bangkok,86.80957850877192,39.65811965811966,34.0940170940171,28.04684561403508
3354,2021-07-01 23:00:00,Asia/Bangkok,88.52719522522517,41.02586206896552,34.95689655172414,27.44248567567566
3355,2021-07-02 00:00:00,Asia/Bangkok,88.20014692982456,39.92241379310344,34.49137931034483,27.23415131578948
3356,2021-07-02 01:00:00,Asia/Bangkok,88.76546142857138,37.00877192982456,32.54385964912281,26.98732133928571
3357,2021-07-02 02:00:00,Asia/Bangkok,89.36056801724136,29.63478260869565,27.86086956521739,26.79945931034484
3358,2021-07-02 03:00:00,Asia/Bangkok,89.70046125,31.58620689655172,28.93965517241379,26.54178232142857
3359,2021-07-02 04:00:00,Asia/Bangkok,89.81510834782605,35.92173913043478,31.78260869565218,26.34589429824561
3360,2021-07-02 05:00:00,Asia/Bangkok,89.96655805309733,34.29203539823009,31.15929203539823,26.21604794642859
3361,2021-07-02 06:00:00,Asia/Bangkok,89.43014336283191,48.52586206896552,40.13793103448276,26.19772230088496
3362,2021-07-02 07:00:00,Asia/Bangkok,90.48106351351349,46.98275862068966,40.60344827586207,25.99591198198198
3363,2021-07-02 08:00:00,Asia/Bangkok,91.09744168141592,34.0,30.53097345132743,26.47265318584071
3364,2021-07-02 09:00:00,Asia/Bangkok,88.33325422413796,20.05982905982906,18.8974358974359,27.72419603448275
3365,2021-07-02 10:00:00,Asia/Bangkok,73.37208368421051,7.758620689655173,7.172413793103448,30.48511280701754
3366,2021-07-02 11:00:00,Asia/Bangkok,62.91201539823008,6.339130434782609,5.791304347826087,32.66876008849556
3367,2021-07-02 12:00:00,Asia/Bangkok,57.76748904761906,8.675925925925926,7.935779816513762,33.76054367924529
3368,2021-07-02 13:00:00,Asia/Bangkok,52.61556200000003,8.862068965517242,7.965217391304348,35.64460295652174
3369,2021-07-02 14:00:00,Asia/Bangkok,49.00266427083334,9.323232323232324,8.404040404040405,37.043654375
3370,2021-07-02 15:00:00,Asia/Bangkok,48.8781761607143,9.75438596491228,9.017543859649123,37.58981294642857
3371,2021-07-02 16:00:00,Asia/Bangkok,63.92531028846152,22.48648648648649,19.68468468468468,33.43722180952382
3372,2021-07-02 17:00:00,Asia/Bangkok,88.88076362068963,16.99137931034483,14.87931034482759,26.37158310344827
3373,2021-07-02 18:00:00,Asia/Bangkok,87.13809060869565,9.75,9.28448275862069,28.33029903508772
3374,2021-07-02 19:00:00,Asia/Bangkok,86.92370778761058,27.5,24.93965517241379,28.43802491071428
3375,2021-07-02 20:00:00,Asia/Bangkok,89.5393900900901,41.75652173913043,36.16521739130435,27.53741720720722
3376,2021-07-02 21:00:00,Asia/Bangkok,89.52059366972473,38.28318584070797,33.68141592920354,27.46346803738316
3377,2021-07-02 22:00:00,Asia/Bangkok,90.65230814159294,34.30172413793103,31.46551724137931,27.27317517543857
3378,2021-07-02 23:00:00,Asia/Bangkok,90.32875008771929,36.68376068376068,32.85470085470085,27.25233911504426
3379,2021-07-03 00:00:00,Asia/Bangkok,89.85391284403673,44.13274336283186,37.78070175438597,27.14571798165138
3380,2021-07-03 01:00:00,Asia/Bangkok,90.26442892857142,53.18103448275862,43.94827586206897,27.22359517857141
3381,2021-07-03 02:00:00,Asia/Bangkok,90.88491758620692,55.18803418803419,45.29310344827586,27.2322572413793
3382,2021-07-03 03:00:00,Asia/Bangkok,91.38098330357141,46.22413793103448,39.23076923076923,26.93683126126125
3383,2021-07-03 04:00:00,Asia/Bangkok,91.1804183478261,31.12068965517241,29.42241379310345,26.58706017391303
3384,2021-07-03 05:00:00,Asia/Bangkok,91.15540704347825,32.03418803418803,30.22222222222222,26.32040736842105
3385,2021-07-03 06:00:00,Asia/Bangkok,91.38435008620691,33.72413793103448,31.14655172413793,26.07987947826085
3386,2021-07-03 07:00:00,Asia/Bangkok,90.21074999999998,35.9646017699115,32.1504424778761,25.82590360360361
3387,2021-07-03 08:00:00,Asia/Bangkok,88.3722780909091,26.83478260869565,24.67241379310345,26.50832045871559
3388,2021-07-03 09:00:00,Asia/Bangkok,84.6758904424779,23.56896551724138,22.33620689655172,28.26037625000001
3389,2021-07-03 10:00:00,Asia/Bangkok,80.83959333333337,24.07758620689655,23.25,29.94086353982302
3390,2021-07-03 11:00:00,Asia/Bangkok,71.99179330357143,17.41739130434783,16.84347826086956,31.88689508928572
3391,2021-07-03 12:00:00,Asia/Bangkok,64.48058810344828,11.88695652173913,11.36521739130435,33.42178137931035
3392,2021-07-03 13:00:00,Asia/Bangkok,57.87349429824561,10.10344827586207,9.26086956521739,35.73549561403508
3393,2021-07-03 14:00:00,Asia/Bangkok,56.72194719298247,11.71304347826087,10.93965517241379,36.1502393859649
3394,2021-07-03 15:00:00,Asia/Bangkok,60.02430517857142,18.20869565217391,17.6,35.03158973214285
3395,2021-07-03 16:00:00,Asia/Bangkok,63.67401477477478,22.70689655172414,21.94827586206896,34.19649252252252
3396,2021-07-03 17:00:00,Asia/Bangkok,65.87413482456138,16.58620689655172,15.83620689655172,33.84183619469027
3397,2021-07-03 18:00:00,Asia/Bangkok,73.26168345132746,38.93162393162393,35.41025641025641,31.5796667256637
3398,2021-07-03 19:00:00,Asia/Bangkok,76.95934942528733,36.43181818181818,32.22727272727273,31.52649918604651
3399,2021-07-03 20:00:00,Asia/Bangkok,84.35517591836737,125.0204081632653,117.2857142857143,29.80724816326531
3400,2021-07-03 21:00:00,Asia/Bangkok,84.388265375,127.9090909090909,119.3116883116883,29.57010350000001
3401,2021-07-03 22:00:00,Asia/Bangkok,86.16578999999999,59.96428571428572,48.90588235294118,28.96040837209305
3402,2021-07-03 23:00:00,Asia/Bangkok,86.7906243010753,62.13684210526316,52.32631578947368,28.51247032608697
3403,2021-07-04 00:00:00,Asia/Bangkok,87.37789914893615,53.97872340425532,44.51063829787234,28.29165258064514
3404,2021-07-04 01:00:00,Asia/Bangkok,87.9537389285714,51.53846153846154,42.63247863247863,27.9162678181818
3405,2021-07-04 02:00:00,Asia/Bangkok,89.04770676923081,48.7536231884058,40.8235294117647,27.514740625
3406,2021-07-04 03:00:00,Asia/Bangkok,88.36055252747256,41.3,35.62222222222222,27.68993329670329
3407,2021-07-04 04:00:00,Asia/Bangkok,88.59820024096385,32.98837209302326,30.44705882352941,27.38061578313255
3408,2021-07-04 05:00:00,Asia/Bangkok,88.48463382022477,14.37362637362637,13.46153846153846,26.95260366666669
3409,2021-07-04 06:00:00,Asia/Bangkok,88.44548833333339,7.77027027027027,7.297297297297297,26.89508222222222
3410,2021-07-04 07:00:00,Asia/Bangkok,88.91938679611653,7.701923076923077,7.086538461538462,26.83643747572816
3411,2021-07-04 08:00:00,Asia/Bangkok,87.64179831858407,9.504273504273504,8.94017094017094,27.46064929203538
3412,2021-07-04 09:00:00,Asia/Bangkok,81.29726847058825,5.870588235294117,5.364705882352941,29.30736975903615
3413,2021-07-04 10:00:00,Asia/Bangkok,75.91556250000001,3.92,3.52,30.67803369863016
3414,2021-07-04 11:00:00,Asia/Bangkok,69.25734629310345,6.38135593220339,5.692307692307693,32.33150284482759
3415,2021-07-04 12:00:00,Asia/Bangkok,64.8788928695652,9.91304347826087,9.060344827586206,33.65725252173912
3416,2021-07-04 13:00:00,Asia/Bangkok,60.42923787610616,13.65217391304348,12.8,34.88609982300885
3417,2021-07-04 14:00:00,Asia/Bangkok,56.06336974137933,11.93162393162393,11.08547008547009,36.26526525862067
3418,2021-07-04 15:00:00,Asia/Bangkok,59.93687150442478,14.89565217391304,14.41739130434783,35.67226451327436
3419,2021-07-04 16:00:00,Asia/Bangkok,58.18073672727273,16.96521739130435,15.25217391304348,36.08118463636364
3420,2021-07-04 17:00:00,Asia/Bangkok,60.96576210526316,20.95689655172414,19.22413793103448,35.26542902654866
3421,2021-07-04 18:00:00,Asia/Bangkok,76.12633972972971,30.05172413793104,27.55172413793104,31.33541513513515
3422,2021-07-04 19:00:00,Asia/Bangkok,85.42299043859644,28.42241379310345,25.91379310344828,28.75519150442481
3423,2021-07-04 20:00:00,Asia/Bangkok,88.29939654545456,11.48672566371681,10.01769911504425,25.96277672727272
3424,2021-07-04 21:00:00,Asia/Bangkok,86.18513182608699,4.318965517241379,3.853448275862069,26.30530313043477
3425,2021-07-04 22:00:00,Asia/Bangkok,86.96407954545454,7.431034482758621,6.905172413793103,26.33326999999999
3426,2021-07-04 23:00:00,Asia/Bangkok,89.32676669565215,4.637931034482759,4.21551724137931,26.06322758620688
3427,2021-07-05 00:00:00,Asia/Bangkok,90.17146426086953,3.299145299145299,3.008547008547009,25.92702692982454
3428,2021-07-05 01:00:00,Asia/Bangkok,90.13789097345135,3.560344827586207,3.224137931034483,26.09747955752213
3429,2021-07-05 02:00:00,Asia/Bangkok,90.10494900900905,3.236842105263158,2.93859649122807,26.25476585585585
3430,2021-07-05 03:00:00,Asia/Bangkok,90.348965,3.474137931034483,3.077586206896552,25.81101830357145
3431,2021-07-05 04:00:00,Asia/Bangkok,90.53917710526312,5.603448275862069,5.137931034482759,25.60658877192981
3432,2021-07-05 05:00:00,Asia/Bangkok,91.45409089285711,6.491379310344827,5.956896551724138,25.50683937500002
3433,2021-07-05 06:00:00,Asia/Bangkok,91.17239794642857,4.895652173913043,4.51304347826087,25.33504433628319
3434,2021-07-05 07:00:00,Asia/Bangkok,90.8873251304348,6.362068965517241,5.956896551724138,25.49223052631579
3435,2021-07-05 08:00:00,Asia/Bangkok,91.13924701754385,10.54782608695652,10.08695652173913,25.88985884955752
3436,2021-07-05 09:00:00,Asia/Bangkok,88.0658524561403,9.043478260869565,8.513043478260869,27.16819087719298
3437,2021-07-05 10:00:00,Asia/Bangkok,78.38847194690265,5.026785714285714,4.651785714285714,29.78719061946903
3438,2021-07-05 11:00:00,Asia/Bangkok,72.9262400917431,6.043103448275862,5.71551724137931,31.65511290909091
3439,2021-07-05 12:00:00,Asia/Bangkok,66.45822333333334,4.413793103448276,3.991379310344827,33.21472846846846
3440,2021-07-05 13:00:00,Asia/Bangkok,64.13443909909908,2.603448275862069,2.206896551724138,33.89399936936938
3441,2021-07-05 14:00:00,Asia/Bangkok,67.96914301724136,1.94017094017094,1.666666666666667,33.22893208695651
3442,2021-07-05 15:00:00,Asia/Bangkok,63.00837026785711,8.232758620689655,7.887931034482759,34.34870232142855
3443,2021-07-05 16:00:00,Asia/Bangkok,68.58982621621622,5.829059829059829,5.560344827586207,32.47227567567568
3444,2021-07-05 17:00:00,Asia/Bangkok,68.5953656756757,8.594827586206897,8.145299145299145,32.39767549549552
3445,2021-07-05 18:00:00,Asia/Bangkok,67.72972051724133,9.991379310344827,9.456896551724139,32.61497120689658
3446,2021-07-05 19:00:00,Asia/Bangkok,72.75992802083339,5.808080808080808,5.454545454545454,29.80047260416667
3447,2021-07-05 20:00:00,Asia/Bangkok,80.01355921739129,16.60869565217391,15.18260869565217,28.09790686956521
3448,2021-07-05 21:00:00,Asia/Bangkok,84.08394586206899,13.33620689655172,12.36206896551724,26.95795068965517
3449,2021-07-05 22:00:00,Asia/Bangkok,83.75537886956518,5.721739130434782,5.321739130434783,27.33537686956522
3450,2021-07-05 23:00:00,Asia/Bangkok,83.52007684684688,3.077586206896552,2.78448275862069,27.1775472972973
3451,2021-07-06 00:00:00,Asia/Bangkok,86.59155465517244,2.181034482758621,1.96551724137931,26.50015112068965
3452,2021-07-06 01:00:00,Asia/Bangkok,89.15066184210528,5.413793103448276,4.905172413793103,26.54089728070176
3453,2021-07-06 02:00:00,Asia/Bangkok,89.11518539823007,4.120689655172414,3.689655172413793,26.52154460176991
3454,2021-07-06 03:00:00,Asia/Bangkok,88.7820481578947,6.786324786324786,6.353448275862069,26.35980789473685
3455,2021-07-06 04:00:00,Asia/Bangkok,89.80666904347827,6.612068965517241,6.196581196581197,26.06199307017544
3456,2021-07-06 05:00:00,Asia/Bangkok,89.73074486956516,6.732758620689655,6.21551724137931,26.0331383478261
3457,2021-07-06 06:00:00,Asia/Bangkok,89.23725905172418,6.344827586206897,5.827586206896552,26.07441465517242
3458,2021-07-06 07:00:00,Asia/Bangkok,89.03431576576573,7.71551724137931,7.03448275862069,26.07214909909907
3459,2021-07-06 08:00:00,Asia/Bangkok,87.43002008771929,5.232758620689655,4.741379310344827,26.5540849122807
3460,2021-07-06 09:00:00,Asia/Bangkok,83.5383420869565,2.982905982905983,2.572649572649573,27.84183513043477
3461,2021-07-06 10:00:00,Asia/Bangkok,80.68823575221239,0.2260869565217391,0.1043478260869565,27.45389080357141
3462,2021-07-06 11:00:00,Asia/Bangkok,78.87089843478259,0.1452991452991453,0.07692307692307693,28.47894982608697
3463,2021-07-06 12:00:00,Asia/Bangkok,75.46281267857141,0.5752212389380531,0.4375,29.01724714285715
3464,2021-07-06 13:00:00,Asia/Bangkok,73.85594127272726,0.4224137931034483,0.2222222222222222,29.46563963636363
3465,2021-07-06 14:00:00,Asia/Bangkok,73.71490243478263,1.051724137931034,0.7586206896551724,29.83594182608698
3466,2021-07-06 15:00:00,Asia/Bangkok,73.9262790350877,1.724137931034483,1.051724137931034,29.70437157894739
3467,2021-07-06 16:00:00,Asia/Bangkok,77.73498946428572,2.336206896551724,1.551724137931034,28.73560008928572
3468,2021-07-06 17:00:00,Asia/Bangkok,79.71529123893804,14.27586206896552,12.52173913043478,28.36879761061945
3469,2021-07-06 18:00:00,Asia/Bangkok,78.39717421052632,8.556521739130435,7.586206896551724,28.20512000000001
3470,2021-07-06 19:00:00,Asia/Bangkok,79.82619295652175,8.756521739130434,7.965217391304348,27.574524
3471,2021-07-06 20:00:00,Asia/Bangkok,80.223484159292,9.298245614035087,8.035087719298245,27.40065061946902
3472,2021-07-06 21:00:00,Asia/Bangkok,78.73671460176992,7.761061946902655,6.530973451327434,27.38786486725663
3473,2021-07-06 22:00:00,Asia/Bangkok,77.21499000000003,2.46551724137931,1.801724137931034,27.60830913043478
3474,2021-07-06 23:00:00,Asia/Bangkok,77.32935417391306,1.803418803418803,1.076923076923077,27.96299652173907
3475,2021-07-07 00:00:00,Asia/Bangkok,76.89355216216212,2.443478260869565,1.643478260869565,28.10530153153155
3476,2021-07-07 01:00:00,Asia/Bangkok,77.72658360360361,2.78448275862069,2.051724137931035,27.96579666666668
3477,2021-07-07 02:00:00,Asia/Bangkok,82.66748351351349,2.78448275862069,2.060344827586207,27.18752945945946
3478,2021-07-07 03:00:00,Asia/Bangkok,85.13660245614031,4.706896551724138,3.689655172413793,26.82519482456141
3479,2021-07-07 04:00:00,Asia/Bangkok,88.2183899137931,5.837606837606837,5.025641025641026,26.06000491379312
3480,2021-07-07 05:00:00,Asia/Bangkok,87.40094614035087,7.801724137931035,6.793103448275862,26.15275947368423
3481,2021-07-07 06:00:00,Asia/Bangkok,87.7790910619469,6.155172413793103,5.224137931034483,26.05288734513273
3482,2021-07-07 07:00:00,Asia/Bangkok,87.76908573913045,11.31896551724138,10.14655172413793,26.12072382608694
3483,2021-07-07 08:00:00,Asia/Bangkok,86.71912586206898,32.68965517241379,28.9051724137931,26.68937525862068
3484,2021-07-07 09:00:00,Asia/Bangkok,84.14360254385961,9.068965517241379,7.767241379310345,27.6329452631579
3485,2021-07-07 10:00:00,Asia/Bangkok,80.98036383928572,5.879310344827586,4.913793103448276,28.65892482142858
3486,2021-07-07 11:00:00,Asia/Bangkok,79.49357619469023,7.692307692307693,6.683760683760684,29.43870168141593
3487,2021-07-07 12:00:00,Asia/Bangkok,72.61131168141594,8.02608695652174,6.834782608695652,31.73308088495574
3488,2021-07-07 13:00:00,Asia/Bangkok,85.55562543103449,7.401709401709402,6.427350427350428,28.67506982608696
3489,2021-07-07 14:00:00,Asia/Bangkok,81.91732330357145,4.629310344827586,4.086206896551724,29.36856294642857
3490,2021-07-07 15:00:00,Asia/Bangkok,79.36844749999999,6.726495726495727,6.119658119658119,29.70201301724136
3491,2021-07-07 16:00:00,Asia/Bangkok,80.79420401785715,9.275862068965518,8.508620689655173,29.57684946428571
3492,2021-07-07 17:00:00,Asia/Bangkok,80.54823249999995,7.629310344827586,7.008620689655173,29.21267146551724
3493,2021-07-07 18:00:00,Asia/Bangkok,85.16987565217386,9.25,8.46551724137931,28.53707043478259
3494,2021-07-07 19:00:00,Asia/Bangkok,83.84208699115044,6.2,5.547826086956522,27.86512362831857
3495,2021-07-07 20:00:00,Asia/Bangkok,83.36978890909093,6.517543859649122,5.780701754385965,27.66001752293578
3496,2021-07-07 21:00:00,Asia/Bangkok,84.90154587719302,9.486956521739131,8.565217391304348,27.1827846491228
3497,2021-07-07 22:00:00,Asia/Bangkok,86.44969709090908,8.96551724137931,8.232758620689655,26.82383845454547
3498,2021-07-07 23:00:00,Asia/Bangkok,86.74499840707963,5.46551724137931,4.956896551724138,26.76382794642858
3499,2021-07-08 00:00:00,Asia/Bangkok,86.72592035087716,4.681034482758621,4.137931034482759,26.70596956140352
3500,2021-07-08 01:00:00,Asia/Bangkok,86.51007567567564,4.017391304347826,3.333333333333333,26.81515234234237
3501,2021-07-08 02:00:00,Asia/Bangkok,86.40137548672564,4.684210526315789,3.921052631578947,26.73857566371681
3502,2021-07-08 03:00:00,Asia/Bangkok,88.27267999999997,6.380530973451328,5.672566371681416,26.35979437500001
3503,2021-07-08 04:00:00,Asia/Bangkok,89.40139616071426,27.64347826086956,23.9304347826087,26.07111026785713
3504,2021-07-08 05:00:00,Asia/Bangkok,90.33374192982451,9.31304347826087,8.365217391304348,25.8999251754386
3505,2021-07-08 06:00:00,Asia/Bangkok,90.79526651785707,8.226086956521739,7.460869565217391,25.81709910714285
3506,2021-07-08 07:00:00,Asia/Bangkok,91.67364938596492,10.92241379310345,9.870689655172415,25.61797403508775
3507,2021-07-08 08:00:00,Asia/Bangkok,89.93702937499995,7.28695652173913,6.547826086956522,26.47724151785713
3508,2021-07-08 09:00:00,Asia/Bangkok,86.95710000000004,7.304347826086956,6.434782608695652,27.54595796460177
3509,2021-07-08 10:00:00,Asia/Bangkok,84.25001566371682,6.931623931623932,6.29059829059829,28.58920584070796
3510,2021-07-08 11:00:00,Asia/Bangkok,78.4083212,7.644736842105263,7.013157894736842,30.25776973333334
3511,2021-07-08 12:00:00,Asia/Bangkok,76.79046570175441,17.9051724137931,16.57758620689655,30.57058649122808
3512,2021-07-08 13:00:00,Asia/Bangkok,79.12886930434786,7.146551724137931,6.28448275862069,29.08801403508772
3513,2021-07-08 14:00:00,Asia/Bangkok,89.662066460177,1.637931034482759,1.28448275862069,25.36337919642858
3514,2021-07-08 15:00:00,Asia/Bangkok,90.58347191304343,2.271929824561404,1.973684210526316,25.4261311403509
3515,2021-07-08 16:00:00,Asia/Bangkok,90.595468125,2.365217391304348,2.078260869565217,25.38927169642858
3516,2021-07-08 17:00:00,Asia/Bangkok,90.40602921739132,2.217391304347826,1.991379310344828,25.04606878260869
3517,2021-07-08 18:00:00,Asia/Bangkok,91.27743017241382,11.31034482758621,10.32758620689655,24.9503452586207
3518,2021-07-08 19:00:00,Asia/Bangkok,92.96734699115045,17.4051724137931,16.19827586206896,24.71963553571428
3519,2021-07-08 20:00:00,Asia/Bangkok,91.2710075892857,6.140350877192983,5.43859649122807,24.96888276785716
3520,2021-07-08 21:00:00,Asia/Bangkok,88.42465451327436,2.393162393162393,1.957264957264957,25.42258098214286
3521,2021-07-08 22:00:00,Asia/Bangkok,85.66004380530978,2.456896551724138,2.017241379310345,25.98263477876106
3522,2021-07-08 23:00:00,Asia/Bangkok,87.45559946428567,2.47008547008547,2.051282051282051,25.8119480357143
3523,2021-07-09 00:00:00,Asia/Bangkok,89.89330815789477,2.879310344827586,2.482758620689655,25.3459962280702
3524,2021-07-09 01:00:00,Asia/Bangkok,90.61197620689663,2.327586206896552,1.922413793103448,25.35664173913041
3525,2021-07-09 02:00:00,Asia/Bangkok,91.91526973451326,3.48695652173913,3.112068965517242,25.18047097345135
3526,2021-07-09 03:00:00,Asia/Bangkok,92.2296452586207,2.948275862068965,2.517241379310345,25.16385689655171
3527,2021-07-09 04:00:00,Asia/Bangkok,94.02694929824558,5.043478260869565,4.4,24.97214868421051
3528,2021-07-09 05:00:00,Asia/Bangkok,95.07609342342339,8.504347826086956,7.913043478260869,24.59877540540543
3529,2021-07-09 06:00:00,Asia/Bangkok,95.0211152631579,4.129310344827586,3.78448275862069,24.50887052631579
3530,2021-07-09 07:00:00,Asia/Bangkok,95.06172137931031,6.273504273504273,5.863247863247863,24.54187629310345
3531,2021-07-09 08:00:00,Asia/Bangkok,93.446005,6.184210526315789,5.730434782608696,25.06748946902654
3532,2021-07-09 09:00:00,Asia/Bangkok,91.9953406034483,5.318965517241379,4.931034482758621,25.70696669565218
3533,2021-07-09 10:00:00,Asia/Bangkok,94.13737495575222,3.789473684210526,3.473684210526316,25.3238995535714
3534,2021-07-09 11:00:00,Asia/Bangkok,94.91163035398233,17.14035087719298,16.12280701754386,25.62099687500001
3535,2021-07-09 12:00:00,Asia/Bangkok,92.08255678260872,4.655172413793103,4.25,26.97028565217391
3536,2021-07-09 13:00:00,Asia/Bangkok,84.00649736842105,6.156521739130435,5.660869565217391,28.97219761061946
3537,2021-07-09 14:00:00,Asia/Bangkok,79.97148,4.612068965517241,4.301724137931035,29.94629920353984
3538,2021-07-09 15:00:00,Asia/Bangkok,85.35404324561404,7.478260869565218,6.930434782608696,29.1610051754386
3539,2021-07-09 16:00:00,Asia/Bangkok,91.59573513274333,2.350427350427351,1.991452991452991,25.33278883928574
3540,2021-07-09 17:00:00,Asia/Bangkok,93.29675304347828,0.7241379310344828,0.5948275862068966,24.97376412280703
3541,2021-07-09 18:00:00,Asia/Bangkok,94.3966565486726,0.9655172413793104,0.7844827586206896,24.80201238938054
3542,2021-07-09 19:00:00,Asia/Bangkok,94.66567333333337,2.336206896551724,2.051724137931035,24.49345789473683
3543,2021-07-09 20:00:00,Asia/Bangkok,94.58466963636363,6.772727272727272,6.172727272727273,24.42891518181819
3544,2021-07-09 21:00:00,Asia/Bangkok,93.65670530434785,9.137931034482758,8.172413793103448,24.48790060869567
3545,2021-07-09 22:00:00,Asia/Bangkok,92.1074487826087,1.594827586206897,1.362068965517241,24.66913113043476
3546,2021-07-09 23:00:00,Asia/Bangkok,92.73963327272726,1.373913043478261,1.139130434782609,24.59080563636363
3547,2021-07-10 00:00:00,Asia/Bangkok,93.49757973451327,3.123893805309735,2.68141592920354,24.58042566371681
3548,2021-07-10 01:00:00,Asia/Bangkok,93.14937601769913,2.913793103448276,2.586206896551724,24.68014858407079
3549,2021-07-10 02:00:00,Asia/Bangkok,93.25294315315315,7.8,7.060869565217391,24.52576414414413
3550,2021-07-10 03:00:00,Asia/Bangkok,92.93085666666671,4.170940170940171,3.897435897435897,24.57696184210528
3551,2021-07-10 04:00:00,Asia/Bangkok,93.6825903539823,4.396551724137931,3.844827586206896,24.5019485840708
3552,2021-07-10 05:00:00,Asia/Bangkok,94.98791696428573,7.478260869565218,6.826086956521739,24.28814633928571
3553,2021-07-10 06:00:00,Asia/Bangkok,95.11476423423419,4.275862068965517,3.836206896551724,24.33429864864867
3554,2021-07-10 07:00:00,Asia/Bangkok,93.8397992920354,9.350427350427351,8.264957264957266,24.75610132743363
3555,2021-07-10 08:00:00,Asia/Bangkok,93.14282901785714,1.094827586206897,0.7155172413793104,24.93877080357144
3556,2021-07-10 09:00:00,Asia/Bangkok,91.72299918918917,0.6956521739130435,0.5565217391304348,24.99966216216216
3557,2021-07-10 10:00:00,Asia/Bangkok,90.00974608695653,0.6410256410256411,0.4871794871794872,26.17393868421053
3558,2021-07-10 11:00:00,Asia/Bangkok,82.35692964912285,0.2155172413793103,0.08620689655172414,27.97488867256636
3559,2021-07-10 12:00:00,Asia/Bangkok,78.78579286956521,0.4051724137931034,0.25,28.9694555652174
3560,2021-07-10 13:00:00,Asia/Bangkok,77.70648761061949,1.367521367521368,1.128205128205128,29.17936991150442
3561,2021-07-10 14:00:00,Asia/Bangkok,76.45040053097344,2.28448275862069,1.974137931034483,29.87684761061949
3562,2021-07-10 15:00:00,Asia/Bangkok,83.77594810810811,0.6608695652173913,0.5478260869565217,27.44602396396396
3563,2021-07-10 16:00:00,Asia/Bangkok,90.43057705357144,0.7758620689655172,0.5565217391304348,26.19053571428572
3564,2021-07-10 17:00:00,Asia/Bangkok,90.74658452173912,1.801724137931034,1.620689655172414,26.46977417391307
3565,2021-07-10 18:00:00,Asia/Bangkok,84.46935495575222,4.086956521739131,3.539130434782609,26.63473920353982
3566,2021-07-10 19:00:00,Asia/Bangkok,83.51609394736845,2.730434782608695,2.252173913043478,26.51637219298245
3567,2021-07-10 20:00:00,Asia/Bangkok,84.27989598214288,5.096491228070176,4.508771929824562,26.22496535714287
3568,2021-07-10 21:00:00,Asia/Bangkok,82.09841357142861,1.051724137931034,0.646551724137931,26.51464928571429
3569,2021-07-10 22:00:00,Asia/Bangkok,85.05613805309733,1.947826086956522,1.556521739130435,26.08930380530973
3570,2021-07-10 23:00:00,Asia/Bangkok,88.38142929203543,3.521739130434783,3.172413793103448,25.56604159292035
3571,2021-07-11 00:00:00,Asia/Bangkok,89.10621243478263,3.086206896551724,2.646551724137931,25.27058573913044
3572,2021-07-11 01:00:00,Asia/Bangkok,90.90062568807338,4.086206896551724,3.594827586206896,24.93370357798168
3573,2021-07-11 02:00:00,Asia/Bangkok,91.96368529914531,4.418803418803419,3.837606837606838,24.71306094017094
3574,2021-07-11 03:00:00,Asia/Bangkok,91.72856929824565,4.181034482758621,3.560344827586207,24.70928131578943
3575,2021-07-11 04:00:00,Asia/Bangkok,92.94257918918919,4.254385964912281,3.824561403508772,24.43782345454544
3576,2021-07-11 05:00:00,Asia/Bangkok,94.11868069565216,5.586206896551724,5.043103448275862,24.1718695614035
3577,2021-07-11 06:00:00,Asia/Bangkok,94.35861815789472,3.852173913043478,3.286956521739131,24.07704842105263
3578,2021-07-11 07:00:00,Asia/Bangkok,93.99899930434785,3.456896551724138,2.96551724137931,24.20331295652175
3579,2021-07-11 08:00:00,Asia/Bangkok,91.7370813043478,2.793103448275862,2.327586206896552,25.16239754385964
3580,2021-07-11 09:00:00,Asia/Bangkok,91.47391612068965,3.384615384615385,2.94017094017094,25.69534594827586
3581,2021-07-11 10:00:00,Asia/Bangkok,89.74350008771927,3.853448275862069,3.396551724137931,26.55474131578947
3582,2021-07-11 11:00:00,Asia/Bangkok,84.51071610619472,4.767241379310345,4.25,27.976566460177
3583,2021-07-11 12:00:00,Asia/Bangkok,78.19611800000003,5.560344827586207,5.017241379310345,29.98458912280702
3584,2021-07-11 13:00:00,Asia/Bangkok,78.70814580357145,11.73275862068965,10.52586206896552,29.96281743362831
3585,2021-07-11 14:00:00,Asia/Bangkok,77.96178628318583,11.12931034482759,10.2991452991453,30.17979375000002
3586,2021-07-11 15:00:00,Asia/Bangkok,74.14932927835049,10.05102040816327,9.214285714285714,31.33979969072163
3587,2021-07-11 16:00:00,Asia/Bangkok,73.24857894736839,10.52586206896552,9.629310344827585,31.57725130434783
3588,2021-07-11 17:00:00,Asia/Bangkok,72.07565843478261,6.017241379310345,5.327586206896552,31.9105507079646
3589,2021-07-11 18:00:00,Asia/Bangkok,76.47259622807017,9.008620689655173,8.267241379310345,30.80965043859649
3590,2021-07-11 19:00:00,Asia/Bangkok,77.87096372727268,22.85217391304348,20.77391304347826,30.01191590909091
3591,2021-07-11 20:00:00,Asia/Bangkok,82.39065473684212,29.6734693877551,26.47959183673469,28.97524789473684
3592,2021-07-11 21:00:00,Asia/Bangkok,84.80693303571432,20.73913043478261,18.33043478260869,28.26094660714287
3593,2021-07-11 22:00:00,Asia/Bangkok,85.78465513043479,12.71794871794872,11.56410256410256,27.83827823008852
3594,2021-07-11 23:00:00,Asia/Bangkok,86.84130043859646,5.241379310344827,4.25,27.45143359649121
3595,2021-07-12 00:00:00,Asia/Bangkok,86.81577729729732,6.68695652173913,5.730434782608696,27.22392693693693
3596,2021-07-12 01:00:00,Asia/Bangkok,86.82072545454547,3.698275862068965,2.905172413793104,26.94873418181819
3597,2021-07-12 02:00:00,Asia/Bangkok,88.20207254385963,5.71551724137931,4.860869565217391,26.59376578947369
3598,2021-07-12 03:00:00,Asia/Bangkok,89.960061,10.52586206896552,9.362068965517242,26.00940827272728
3599,2021-07-12 04:00:00,Asia/Bangkok,89.66433495575218,6.689655172413793,5.767241379310345,26.03251858407081
3600,2021-07-12 05:00:00,Asia/Bangkok,89.706499009009,7.478260869565218,6.417391304347826,26.08232477477475
3601,2021-07-12 06:00:00,Asia/Bangkok,90.9819452212389,9.356521739130434,8.191304347826087,25.88619885964912
3602,2021-07-12 07:00:00,Asia/Bangkok,88.28174026315791,9.293103448275861,8.267241379310345,26.18513526315789
3603,2021-07-12 08:00:00,Asia/Bangkok,83.56007884955751,3.808695652173913,3.173913043478261,26.80831044247787
3604,2021-07-12 09:00:00,Asia/Bangkok,76.7957397368421,1.026086956521739,0.4608695652173913,28.24459114035089
3605,2021-07-12 10:00:00,Asia/Bangkok,73.16607017857142,2.25,1.456896551724138,29.7961482142857
3606,2021-07-12 11:00:00,Asia/Bangkok,72.95692471698113,4.236363636363636,3.254545454545454,30.42328735849058
3607,2021-07-12 12:00:00,Asia/Bangkok,68.23225712962962,5.87962962962963,4.462962962962963,32.36673775700935
3608,2021-07-12 13:00:00,Asia/Bangkok,67.63523681415926,6.460869565217391,5.243478260869566,32.87770681415928
3609,2021-07-12 14:00:00,Asia/Bangkok,61.32352955357144,7.086956521739131,5.48695652173913,34.78262008849557
3610,2021-07-12 15:00:00,Asia/Bangkok,60.33469896551725,8.577586206896552,6.474137931034483,34.78185478260869
3611,2021-07-12 16:00:00,Asia/Bangkok,60.35931681415928,9.20353982300885,7.371681415929204,34.92802274336282
3612,2021-07-12 17:00:00,Asia/Bangkok,72.07431455357147,12.4,11.13913043478261,32.03676955357142
3613,2021-07-12 18:00:00,Asia/Bangkok,80.73586562500002,7.941176470588236,6.823529411764706,29.06758
3614,2021-07-12 23:00:00,Asia/Bangkok,82.42769031055906,14.85714285714286,13.20060790273556,28.10465379629633
3615,2021-07-13 00:00:00,Asia/Bangkok,87.51969944812357,45.52380952380953,38.3030303030303,27.44732215555559
3616,2021-07-13 01:00:00,Asia/Bangkok,88.96535472727271,12.05217391304348,11.1304347826087,27.02010372727273
3617,2021-07-13 02:00:00,Asia/Bangkok,88.45821000000005,11.83620689655172,11.12068965517241,27.15802353982302
3618,2021-07-13 03:00:00,Asia/Bangkok,89.1928517857143,14.44347826086956,13.49565217391304,26.98186549549551
3619,2021-07-13 04:00:00,Asia/Bangkok,89.71359734513278,20.43478260869565,19.22608695652174,26.5394097345133
3620,2021-07-13 05:00:00,Asia/Bangkok,90.09983495412845,21.40869565217391,20.15789473684211,26.24540275229355
3621,2021-07-13 06:00:00,Asia/Bangkok,91.07767561403506,22.57391304347826,21.23275862068965,26.02278173913044
3622,2021-07-13 07:00:00,Asia/Bangkok,91.25495000000001,25.69230769230769,24.25641025641026,25.94374034782611
3623,2021-07-13 08:00:00,Asia/Bangkok,91.66991415929199,25.52586206896552,23.58620689655172,26.24824911504426
3624,2021-07-13 09:00:00,Asia/Bangkok,84.6234840178571,14.20353982300885,12.6283185840708,28.11896821428574
3625,2021-07-13 10:00:00,Asia/Bangkok,75.86042982300883,9.626086956521739,8.556521739130435,30.44397283185839
3626,2021-07-13 11:00:00,Asia/Bangkok,66.23475628318579,11.57758620689655,10.25862068965517,32.64607318584071
3627,2021-07-13 12:00:00,Asia/Bangkok,61.07763464912281,12.99137931034483,11.73275862068965,34.22083333333333
3628,2021-07-13 13:00:00,Asia/Bangkok,56.69241714285715,15.08928571428571,12.05357142857143,35.34762200000001
3629,2021-07-13 16:00:00,Asia/Bangkok,54.76662819999999,16.00943396226415,12.33962264150943,34.87436769999999
3630,2021-07-13 17:00:00,Asia/Bangkok,61.78355731155774,18.1320293398533,16.02689486552567,33.93649395465994
3631,2021-07-13 18:00:00,Asia/Bangkok,69.13914254545452,12.20689655172414,10.96551724137931,31.364813853211
3632,2021-07-13 19:00:00,Asia/Bangkok,74.92758200000002,39.18965517241379,33.39655172413793,30.066487
3633,2021-07-13 20:00:00,Asia/Bangkok,79.67829079646019,76.08695652173913,67.47826086956522,29.13381203539823
3634,2021-07-13 21:00:00,Asia/Bangkok,81.86263072072072,103.4521739130435,90.27826086956522,28.63236963963964
3635,2021-07-13 22:00:00,Asia/Bangkok,82.5588204347826,57.8695652173913,46.45217391304348,28.52430008695653
3636,2021-07-13 23:00:00,Asia/Bangkok,84.61386330434779,44.87931034482759,37.43103448275862,28.06477147826089
3637,2021-07-14 00:00:00,Asia/Bangkok,85.63758565217393,38.25,32.95689655172414,27.82669643478259
3638,2021-07-14 01:00:00,Asia/Bangkok,87.14748434782612,37.93965517241379,32.83620689655172,27.65965139130438
3639,2021-07-14 02:00:00,Asia/Bangkok,89.5061713888889,37.29090909090909,32.50909090909091,27.09104148148147
3640,2021-07-14 03:00:00,Asia/Bangkok,90.74375303571426,31.03478260869565,28.47826086956522,26.70167151785713
3641,2021-07-14 04:00:00,Asia/Bangkok,90.60867787610616,34.31623931623932,30.94017094017094,26.7253210619469
3642,2021-07-14 05:00:00,Asia/Bangkok,92.2646910810811,30.55263157894737,28.33043478260869,26.24184648648647
3643,2021-07-14 06:00:00,Asia/Bangkok,91.94979893805306,27.84347826086956,26.46491228070175,26.25330584070797
3644,2021-07-14 07:00:00,Asia/Bangkok,90.99854061946898,27.69026548672566,25.64035087719298,26.45008389380533
3645,2021-07-14 08:00:00,Asia/Bangkok,91.94718035398233,36.41379310344828,32.00862068965517,26.51809567567569
3646,2021-07-14 09:00:00,Asia/Bangkok,91.18526938053093,41.47368421052632,35.86086956521739,27.01113557522125
3647,2021-07-14 10:00:00,Asia/Bangkok,88.65567991228075,28.87826086956522,26.44347826086956,27.97561421052633
3648,2021-07-14 11:00:00,Asia/Bangkok,84.50559855555555,25.41489361702128,23.8936170212766,29.43514955555555
3649,2021-07-14 12:00:00,Asia/Bangkok,77.95785208695645,17.85470085470086,16.33333333333333,30.69286113043478
3650,2021-07-14 13:00:00,Asia/Bangkok,74.29526745614037,16.18965517241379,14.9051724137931,31.65244342105265
3651,2021-07-14 14:00:00,Asia/Bangkok,72.71741945945948,17.66956521739131,16.2695652173913,31.51154723214282
3652,2021-07-14 15:00:00,Asia/Bangkok,71.8278233636364,17.24786324786325,16.05982905982906,31.94170339449541
3653,2021-07-14 16:00:00,Asia/Bangkok,71.01881358490566,39.05504587155963,27.34259259259259,32.19091698113209
3654,2021-07-14 17:00:00,Asia/Bangkok,76.59862367346936,19.22772277227723,15.8019801980198,29.76892885416666
3655,2021-07-14 18:00:00,Asia/Bangkok,90.08923834782613,4.128205128205129,3.239316239316239,25.30032843478258
3656,2021-07-14 19:00:00,Asia/Bangkok,92.03492566371682,5.78448275862069,5.086206896551724,25.009332920354
3657,2021-07-14 20:00:00,Asia/Bangkok,93.32296660714287,5.894736842105263,5.359649122807017,24.97789660714289
3658,2021-07-14 21:00:00,Asia/Bangkok,92.66681904347824,7.965217391304348,7.252173913043478,24.83648008695649
3659,2021-07-14 22:00:00,Asia/Bangkok,91.36167594594598,8.301724137931034,7.689655172413793,24.94882954954954
3660,2021-07-14 23:00:00,Asia/Bangkok,91.86303929203542,7.139130434782609,6.634782608695653,24.73468982300886
3661,2021-07-15 00:00:00,Asia/Bangkok,91.9988374561404,7.156521739130435,6.591304347826087,24.90648868421055
3662,2021-07-15 01:00:00,Asia/Bangkok,92.62367883928566,7.767241379310345,7.21551724137931,24.88212160714287
3663,2021-07-15 02:00:00,Asia/Bangkok,91.7701068695652,9.991379310344827,9.508620689655173,25.07344460869567
3664,2021-07-15 03:00:00,Asia/Bangkok,91.03519889908257,15.2991452991453,14.73504273504273,25.03096587155965
3665,2021-07-15 04:00:00,Asia/Bangkok,92.74467678571429,16.56034482758621,15.89655172413793,24.945700990991
3666,2021-07-15 05:00:00,Asia/Bangkok,89.38048245614036,14.51724137931035,13.9051724137931,25.09922342105265
3667,2021-07-15 06:00:00,Asia/Bangkok,87.57645946428569,12.69827586206897,12.13793103448276,25.19872330357144
3668,2021-07-15 07:00:00,Asia/Bangkok,89.06800645454547,12.16379310344828,11.57758620689655,25.0816620909091
3669,2021-07-15 08:00:00,Asia/Bangkok,90.39498584070796,8.156521739130435,7.765217391304348,25.00217238938054
3670,2021-07-15 09:00:00,Asia/Bangkok,87.54177852173912,6.704347826086956,6.4,25.82248573913044
3671,2021-07-15 10:00:00,Asia/Bangkok,82.81432578947368,5.543859649122807,5.035087719298246,27.5673806140351
3672,2021-07-15 11:00:00,Asia/Bangkok,76.50073452173918,5.301724137931035,4.379310344827586,29.0296648695652
3673,2021-07-15 12:00:00,Asia/Bangkok,74.99070429824563,6.817391304347826,6.026086956521739,29.11399307017544
3674,2021-07-15 13:00:00,Asia/Bangkok,69.6516851785714,9.52991452991453,7.863247863247863,31.55866035714286
3675,2021-07-15 14:00:00,Asia/Bangkok,66.7518907407407,12.81034482758621,11.47413793103448,32.90011944444444
3676,2021-07-15 15:00:00,Asia/Bangkok,70.14898207207207,10.06896551724138,9.551724137931034,32.72718684684683
3677,2021-07-15 16:00:00,Asia/Bangkok,64.0548854954955,15.14529914529914,11.8034188034188,33.05982297297297
3678,2021-07-15 17:00:00,Asia/Bangkok,67.05285624999998,14.0,11.56034482758621,31.49035267857142
3679,2021-07-15 18:00:00,Asia/Bangkok,71.25832318584072,17.37391304347826,14.82608695652174,30.86075495575219
3680,2021-07-15 19:00:00,Asia/Bangkok,78.46214901785716,15.62931034482759,14.75,29.97334303571429
3681,2021-07-15 20:00:00,Asia/Bangkok,81.15952521739132,60.91304347826087,55.57894736842105,29.2583365217391
3682,2021-07-15 21:00:00,Asia/Bangkok,81.43119927927923,34.43243243243244,31.45217391304348,28.4876146017699
3683,2021-07-15 22:00:00,Asia/Bangkok,82.87592218181814,20.73275862068965,19.75862068965517,27.68144845454547
3684,2021-07-15 23:00:00,Asia/Bangkok,81.54319876106193,11.89655172413793,11.31034482758621,27.45303160714283
3685,2021-07-16 00:00:00,Asia/Bangkok,77.60895025862068,2.362068965517242,2.043103448275862,26.96789500000001
3686,2021-07-16 01:00:00,Asia/Bangkok,80.25442368421054,2.461538461538462,2.05982905982906,26.57786254385965
3687,2021-07-16 02:00:00,Asia/Bangkok,84.46241443478263,5.568965517241379,4.982758620689655,26.3713196521739
3688,2021-07-16 03:00:00,Asia/Bangkok,86.95967765217397,7.956896551724138,7.224137931034483,26.04751026086957
3689,2021-07-16 04:00:00,Asia/Bangkok,87.91775687499998,11.74782608695652,10.74782608695652,25.71991910714287
3690,2021-07-16 05:00:00,Asia/Bangkok,88.56209936936935,8.660869565217391,7.982608695652174,25.42303205357143
3691,2021-07-16 06:00:00,Asia/Bangkok,89.05405442477873,9.904347826086957,9.078260869565218,25.1830125
3692,2021-07-16 07:00:00,Asia/Bangkok,89.67612758620693,7.17948717948718,6.521367521367521,24.90057534482757
3693,2021-07-16 08:00:00,Asia/Bangkok,89.90360852173914,9.71551724137931,7.913793103448276,25.25509765217391
3694,2021-07-16 09:00:00,Asia/Bangkok,87.80112939130433,14.7787610619469,12.39823008849558,26.25171113043478
3695,2021-07-16 10:00:00,Asia/Bangkok,83.7759661403509,15.60344827586207,13.48275862068965,27.36148517543859
3696,2021-07-16 11:00:00,Asia/Bangkok,81.96613234234235,11.53097345132743,10.92920353982301,28.49110594594595
3697,2021-07-16 12:00:00,Asia/Bangkok,75.99172034782607,10.85964912280702,10.2280701754386,30.52734791304345
3698,2021-07-16 13:00:00,Asia/Bangkok,70.87740771929825,9.362068965517242,8.870689655172415,31.91338763157894
3699,2021-07-16 14:00:00,Asia/Bangkok,65.83164473684214,9.16326530612245,8.60204081632653,33.39557072916666
3700,2021-07-16 15:00:00,Asia/Bangkok,60.91147754545455,8.173913043478262,7.373913043478261,34.17007963636365
3701,2021-07-16 16:00:00,Asia/Bangkok,57.0903911607143,9.46551724137931,8.310344827586206,34.76813357142856
3702,2021-07-16 17:00:00,Asia/Bangkok,62.09410243243243,10.09821428571429,9.348214285714286,33.86959383928571
3703,2021-07-16 18:00:00,Asia/Bangkok,73.71652517857146,14.80172413793103,13.86206896551724,32.15922187499999
3704,2021-07-16 19:00:00,Asia/Bangkok,77.23059385964916,32.78260869565217,29.03478260869565,31.12812184210527
3705,2021-07-16 20:00:00,Asia/Bangkok,81.73407999999996,96.22608695652174,87.0,30.02947122807018
3706,2021-07-16 21:00:00,Asia/Bangkok,84.42697484536082,56.98989898989899,45.75757575757576,29.61215791666665
3707,2021-07-16 22:00:00,Asia/Bangkok,85.57228619469028,50.14655172413793,41.28448275862069,29.24735761061946
3708,2021-07-16 23:00:00,Asia/Bangkok,86.68483973214286,47.98275862068966,39.58620689655172,28.81814294642859
3709,2021-07-17 00:00:00,Asia/Bangkok,87.46444688073396,44.86842105263158,37.68421052631579,28.38800899082566
3710,2021-07-17 01:00:00,Asia/Bangkok,87.99725333333333,71.66666666666667,61.33333333333334,28.05218333333333
3711,2021-07-17 02:00:00,Asia/Bangkok,87.29628303167416,40.26991150442478,35.20796460176991,27.84200243119264
3712,2021-07-17 03:00:00,Asia/Bangkok,87.66960530612243,26.26,25.15,27.16629020408164
3713,2021-07-17 04:00:00,Asia/Bangkok,87.8039786725664,28.38260869565217,26.95652173913043,26.84416008849557
3714,2021-07-17 05:00:00,Asia/Bangkok,88.327866754386,29.17241379310345,27.81896551724138,26.62777964912281
3715,2021-07-17 06:00:00,Asia/Bangkok,89.02905513043478,29.60344827586207,28.06896551724138,26.36186991304349
3716,2021-07-17 07:00:00,Asia/Bangkok,89.60061203539823,30.30172413793104,28.80172413793104,26.27367522123896
3717,2021-07-17 08:00:00,Asia/Bangkok,91.09956185840709,25.49137931034483,23.83620689655172,26.90118168141592
3718,2021-07-17 09:00:00,Asia/Bangkok,87.27685777777776,18.32758620689655,15.9051724137931,28.2679344859813
3719,2021-07-17 10:00:00,Asia/Bangkok,81.28016535087717,17.68695652173913,14.9304347826087,29.87288210526316
3720,2021-07-17 11:00:00,Asia/Bangkok,72.16765618181822,17.72173913043478,16.81739130434783,31.59367172727274
3721,2021-07-17 12:00:00,Asia/Bangkok,67.3093261111111,18.0,17.11111111111111,32.56207277777778
3722,2021-07-17 16:00:00,Asia/Bangkok,64.0727654491018,22.20408163265306,20.37609329446064,33.59900426426426
3723,2021-07-17 17:00:00,Asia/Bangkok,57.51433598662212,24.16938110749185,22.8202614379085,34.76460375838925
3724,2021-07-17 18:00:00,Asia/Bangkok,59.07225,24.0,23.0,
3725,2021-07-17 22:00:00,Asia/Bangkok,67.21025340050377,38.67160493827161,33.83456790123457,32.35814133501257
3726,2021-07-17 23:00:00,Asia/Bangkok,73.62765864768684,42.54671280276817,36.45328719723183,29.81706182142857
3727,2021-07-18 00:00:00,Asia/Bangkok,79.2562694736842,41.12820512820513,35.50427350427351,28.62251149122806
3728,2021-07-18 01:00:00,Asia/Bangkok,82.54334422018343,39.21052631578947,34.14035087719298,27.98694642201832
3729,2021-07-18 02:00:00,Asia/Bangkok,83.87880092592592,34.63793103448276,31.56896551724138,27.57538425925924
3730,2021-07-18 03:00:00,Asia/Bangkok,85.24040896551722,34.56034482758621,31.55172413793104,27.29401956896549
3731,2021-07-18 04:00:00,Asia/Bangkok,86.21591796460179,34.75862068965517,31.71551724137931,27.0195246902655
3732,2021-07-18 05:00:00,Asia/Bangkok,87.52910513043481,35.62068965517241,32.04347826086956,26.79664140350879
3733,2021-07-18 06:00:00,Asia/Bangkok,88.75728601769917,32.75438596491228,30.34210526315789,26.27573061946901
3734,2021-07-18 07:00:00,Asia/Bangkok,88.4130963478261,36.37391304347826,32.49565217391304,26.3076647368421
3735,2021-07-18 08:00:00,Asia/Bangkok,88.84098530434784,38.55652173913043,34.36521739130435,26.69347756521738
3736,2021-07-18 09:00:00,Asia/Bangkok,85.91334776785716,32.58620689655172,29.45689655172414,27.69946357142856
3737,2021-07-18 10:00:00,Asia/Bangkok,80.56594911504426,25.47008547008547,23.96581196581197,29.10559548672566
3738,2021-07-18 11:00:00,Asia/Bangkok,73.03386938596492,23.73275862068965,22.10344827586207,30.79477754385964
3739,2021-07-18 12:00:00,Asia/Bangkok,67.42012899999999,23.28448275862069,21.79310344827586,32.69423709090909
3740,2021-07-18 13:00:00,Asia/Bangkok,63.44350247787611,23.35344827586207,21.81896551724138,32.99808380530973
3741,2021-07-18 14:00:00,Asia/Bangkok,57.74352953703702,20.38793103448276,19.1551724137931,35.41765214953271
3742,2021-07-18 15:00:00,Asia/Bangkok,57.08345721739126,20.60683760683761,19.22222222222222,35.17664608695652
3743,2021-07-18 16:00:00,Asia/Bangkok,56.06377051546394,18.94,17.77,34.71542618556701
3744,2021-07-18 17:00:00,Asia/Bangkok,56.08587637931033,15.32758620689655,14.1551724137931,33.9240325862069
3745,2021-07-18 18:00:00,Asia/Bangkok,55.78602387931038,18.5948275862069,16.54310344827586,32.98165837606837
3746,2021-07-18 19:00:00,Asia/Bangkok,62.54834965217392,37.24786324786325,32.03418803418803,31.68134921052631
3747,2021-07-18 20:00:00,Asia/Bangkok,68.13066938053099,82.6,73.9304347826087,30.88166982300886
3748,2021-07-18 21:00:00,Asia/Bangkok,70.14855902654867,102.7758620689655,91.97413793103448,30.23814176991152
3749,2021-07-18 22:00:00,Asia/Bangkok,72.75944592920354,64.44827586206897,54.61206896551724,30.00007473684205
3750,2021-07-18 23:00:00,Asia/Bangkok,73.64273373913045,40.63247863247863,35.07692307692308,29.65956043859653
3751,2021-07-19 00:00:00,Asia/Bangkok,74.9769289719626,29.88793103448276,27.89655172413793,28.99450924528301
3752,2021-07-19 01:00:00,Asia/Bangkok,78.84421654867256,26.9051724137931,25.20689655172414,27.92812247787612
3753,2021-07-19 02:00:00,Asia/Bangkok,83.51764459459457,30.75652173913043,28.71304347826087,27.1237444642857
3754,2021-07-19 03:00:00,Asia/Bangkok,84.56773034782604,31.02631578947368,28.92982456140351,26.99956547826087
3755,2021-07-19 04:00:00,Asia/Bangkok,85.62272513043476,31.13793103448276,28.98275862068965,26.88822573913043
3756,2021-07-19 05:00:00,Asia/Bangkok,86.8348297321429,32.63793103448276,29.82758620689655,26.82860625000001
3757,2021-07-19 06:00:00,Asia/Bangkok,88.38253810810805,30.74137931034483,28.50862068965517,26.51839918181817
3758,2021-07-19 07:00:00,Asia/Bangkok,89.13334918918916,33.02608695652174,29.94782608695652,26.38301714285713
3759,2021-07-19 08:00:00,Asia/Bangkok,88.40924629310346,30.26495726495726,28.09401709401709,26.77230394736841
3760,2021-07-19 09:00:00,Asia/Bangkok,78.51021162162165,15.25217391304348,13.78260869565217,29.1367734234234
3761,2021-07-19 10:00:00,Asia/Bangkok,72.83587657894736,9.956896551724139,8.525862068965518,30.55205859649123
3762,2021-07-19 11:00:00,Asia/Bangkok,70.04181327433626,11.83620689655172,10.19827586206897,31.63363893805309
3763,2021-07-19 12:00:00,Asia/Bangkok,66.84858236363631,17.28205128205128,15.68376068376068,32.60460927272729
3764,2021-07-19 13:00:00,Asia/Bangkok,73.64571878260867,13.68103448275862,12.36206896551724,30.45617817391304
3765,2021-07-19 14:00:00,Asia/Bangkok,80.4164325454545,13.82456140350877,12.70175438596491,29.611002
3766,2021-07-19 15:00:00,Asia/Bangkok,66.55547478260871,14.89655172413793,13.64655172413793,33.44063130434785
3767,2021-07-19 16:00:00,Asia/Bangkok,61.29310070796461,12.69565217391304,11.32173913043478,33.38918212389381
3768,2021-07-19 17:00:00,Asia/Bangkok,62.02256279279274,33.14782608695652,29.07826086956522,32.27019657657657
3769,2021-07-19 18:00:00,Asia/Bangkok,60.70908530973453,50.48275862068966,44.6551724137931,32.10555389380529
3770,2021-07-19 19:00:00,Asia/Bangkok,62.4846048214286,18.01724137931035,16.21551724137931,31.17348991071429
3771,2021-07-19 20:00:00,Asia/Bangkok,64.94760133928574,45.64912280701754,37.80701754385965,30.33877945945945
3772,2021-07-19 21:00:00,Asia/Bangkok,66.63119878260868,33.36206896551724,29.06034482758621,29.78362678260872
3773,2021-07-19 22:00:00,Asia/Bangkok,68.92576554545458,24.96551724137931,22.10344827586207,29.54928504587157
3774,2021-07-19 23:00:00,Asia/Bangkok,75.9914545945946,25.85344827586207,24.37931034482759,28.7848918018018
3775,2021-07-20 00:00:00,Asia/Bangkok,78.28485929203542,29.05217391304348,25.97391304347826,28.24895517857144
3776,2021-07-20 01:00:00,Asia/Bangkok,79.2525751754386,22.86206896551724,21.18965517241379,27.96352649122806
3777,2021-07-20 02:00:00,Asia/Bangkok,81.3152746491228,21.02586206896552,19.58620689655172,27.60324526315789
3778,2021-07-20 03:00:00,Asia/Bangkok,83.26850982300883,19.59130434782609,18.64655172413793,27.39512044247785
3779,2021-07-20 04:00:00,Asia/Bangkok,87.1235434482759,22.00854700854701,20.84615384615385,26.50666965217391
3780,2021-07-20 05:00:00,Asia/Bangkok,88.29407539130443,22.60344827586207,21.49137931034483,26.20097373913042
3781,2021-07-20 06:00:00,Asia/Bangkok,87.59228692982457,25.53043478260869,24.0,26.35463105263157
3782,2021-07-20 07:00:00,Asia/Bangkok,89.27496587155966,27.49122807017544,25.57017543859649,26.05820972477063
3783,2021-07-20 08:00:00,Asia/Bangkok,87.50643963636365,20.42241379310345,19.12068965517241,26.80470220183486
3784,2021-07-20 09:00:00,Asia/Bangkok,81.30613150442476,14.41379310344828,13.17241379310345,28.76740902654867
3785,2021-07-20 10:00:00,Asia/Bangkok,74.88255315789475,10.57758620689655,9.620689655172415,30.80798824561402
3786,2021-07-20 11:00:00,Asia/Bangkok,72.37585637931035,11.22413793103448,9.931034482758621,31.78595000000002
3787,2021-07-20 12:00:00,Asia/Bangkok,64.9928748214286,10.9051724137931,9.827586206896552,33.29389910714286
3788,2021-07-20 13:00:00,Asia/Bangkok,61.99633920353985,9.801724137931034,8.913793103448276,33.83968699115046
3789,2021-07-20 14:00:00,Asia/Bangkok,62.33968181034481,11.25862068965517,10.21739130434783,34.07226869565216
3790,2021-07-20 15:00:00,Asia/Bangkok,59.59297227272727,10.92173913043478,9.885964912280702,34.86960899999998
3791,2021-07-20 16:00:00,Asia/Bangkok,60.08096769911504,15.6,14.37391304347826,33.80669707964601
3792,2021-07-20 17:00:00,Asia/Bangkok,61.35051771929825,13.75438596491228,12.41592920353982,33.31943429824561
3793,2021-07-20 18:00:00,Asia/Bangkok,60.20047964285713,12.73451327433628,11.48672566371681,32.26086232142857
3794,2021-07-20 19:00:00,Asia/Bangkok,65.18520616071432,14.21739130434783,12.94782608695652,30.90594200000002
3795,2021-07-20 20:00:00,Asia/Bangkok,68.22675508771933,11.4,10.34782608695652,30.21667228070177
3796,2021-07-20 21:00:00,Asia/Bangkok,72.88641099999998,15.31304347826087,14.10434782608696,29.43152110091743
3797,2021-07-20 22:00:00,Asia/Bangkok,77.1002897368421,17.12068965517241,15.81034482758621,28.66676122807018
3798,2021-07-20 23:00:00,Asia/Bangkok,80.31681643478261,25.46551724137931,23.36206896551724,28.09279730434784
3799,2021-07-21 00:00:00,Asia/Bangkok,82.35842621621624,25.69827586206896,24.12931034482759,27.91997045045047
3800,2021-07-21 01:00:00,Asia/Bangkok,85.09243078947367,29.14035087719298,27.32456140350877,27.19337035087717
3801,2021-07-21 02:00:00,Asia/Bangkok,85.68760474137935,23.89655172413793,22.68103448275862,26.90977034482758
3802,2021-07-21 03:00:00,Asia/Bangkok,84.52304147826088,24.63793103448276,23.39130434782609,27.01825643478258
3803,2021-07-21 04:00:00,Asia/Bangkok,83.92906389380529,25.20869565217391,23.56034482758621,27.03441115044244
3804,2021-07-21 05:00:00,Asia/Bangkok,83.7015137168141,20.57017543859649,19.35964912280702,27.07839696428571
3805,2021-07-21 06:00:00,Asia/Bangkok,83.59422146551722,16.75,15.79310344827586,27.11763827586205
3806,2021-07-21 07:00:00,Asia/Bangkok,84.46942247706419,18.23275862068965,17.11206896551724,27.25407522935777
3807,2021-07-21 08:00:00,Asia/Bangkok,85.96152578947368,20.36521739130435,19.02608695652174,27.45867271929823
3808,2021-07-21 09:00:00,Asia/Bangkok,82.62781643478266,19.69230769230769,18.28205128205128,28.30700400000001
3809,2021-07-21 10:00:00,Asia/Bangkok,79.83949877192985,19.45689655172414,18.00862068965517,29.59521421052632
3810,2021-07-21 11:00:00,Asia/Bangkok,75.56623631578945,17.33620689655172,16.12931034482759,30.58897307017545
3811,2021-07-21 12:00:00,Asia/Bangkok,71.44414844827584,17.19827586206896,16.12068965517241,31.53150870689655
3812,2021-07-21 13:00:00,Asia/Bangkok,68.7171218018018,18.40869565217391,17.37391304347826,32.35148729729731
3813,2021-07-21 14:00:00,Asia/Bangkok,62.67560228070175,11.93103448275862,10.71551724137931,33.75549315789474
3814,2021-07-21 15:00:00,Asia/Bangkok,62.96278446428574,9.672413793103448,8.626086956521739,33.27651839285713
3815,2021-07-21 16:00:00,Asia/Bangkok,65.46502556521737,9.304347826086957,8.460869565217392,32.63442217391306
3816,2021-07-21 17:00:00,Asia/Bangkok,64.89648747826085,9.28448275862069,8.258620689655173,32.69075649122806
3817,2021-07-21 18:00:00,Asia/Bangkok,67.76346938596492,11.1551724137931,10.07758620689655,31.52279192982455
3818,2021-07-21 19:00:00,Asia/Bangkok,71.27073185840707,31.44827586206896,28.24137931034483,30.78123876106195
3819,2021-07-21 20:00:00,Asia/Bangkok,71.40246747663552,19.18260869565217,17.05217391304348,30.27279962616824
3820,2021-07-21 21:00:00,Asia/Bangkok,74.28702245454545,40.48695652173913,35.53043478260869,29.70407663636364
3821,2021-07-21 22:00:00,Asia/Bangkok,76.72767633928572,18.68965517241379,16.08620689655172,29.27812741071428
3822,2021-07-21 23:00:00,Asia/Bangkok,81.12517295652174,14.64957264957265,13.12820512820513,28.48675260869564
3823,2021-07-22 00:00:00,Asia/Bangkok,82.40934451327435,12.05172413793103,10.91379310344828,28.04464654867254
3824,2021-07-22 01:00:00,Asia/Bangkok,84.73261375000001,13.22413793103448,12.25,27.56249133928571
3825,2021-07-22 02:00:00,Asia/Bangkok,84.3576847368421,11.18103448275862,10.13793103448276,27.5760006140351
3826,2021-07-22 03:00:00,Asia/Bangkok,84.99558112068965,12.56896551724138,11.60344827586207,27.33676896551723
3827,2021-07-22 04:00:00,Asia/Bangkok,85.1826459649123,15.00862068965517,13.79310344827586,27.17751184210527
3828,2021-07-22 05:00:00,Asia/Bangkok,87.82017035087715,20.0,18.67521367521368,26.56764842105264
3829,2021-07-22 06:00:00,Asia/Bangkok,88.20439714285715,15.68965517241379,14.73275862068965,26.47833758928573
3830,2021-07-22 07:00:00,Asia/Bangkok,88.45163584070797,16.58620689655172,15.50862068965517,26.61543309734513
3831,2021-07-22 08:00:00,Asia/Bangkok,89.14211669565218,21.28448275862069,19.87931034482759,26.87197219298244
3832,2021-07-22 09:00:00,Asia/Bangkok,83.35527954954958,13.31034482758621,12.03448275862069,28.63614639639638
3833,2021-07-22 10:00:00,Asia/Bangkok,78.07294552631578,15.58620689655172,14.11206896551724,30.38860631578947
3834,2021-07-22 11:00:00,Asia/Bangkok,73.59691848214287,16.91228070175439,15.49122807017544,31.32867901785713
3835,2021-07-22 12:00:00,Asia/Bangkok,68.11090000000002,13.51724137931035,12.48275862068965,32.66386608695651
3836,2021-07-22 13:00:00,Asia/Bangkok,62.80642877192984,15.3448275862069,14.05172413793103,33.92494254385966
3837,2021-07-22 14:00:00,Asia/Bangkok,61.41665289473683,18.30434782608696,16.59130434782609,34.37793833333335
3838,2021-07-22 15:00:00,Asia/Bangkok,60.03670219298246,12.72173913043478,11.63478260869565,34.86244584070796
3839,2021-07-22 16:00:00,Asia/Bangkok,61.32053205357143,16.05172413793104,14.93965517241379,33.88978803571428
3840,2021-07-22 17:00:00,Asia/Bangkok,61.84792052173912,15.89655172413793,14.82758620689655,33.42881426086959
3841,2021-07-22 18:00:00,Asia/Bangkok,64.54999672566369,13.97391304347826,12.91304347826087,32.64051955752213
3842,2021-07-22 19:00:00,Asia/Bangkok,68.11641930434782,15.88034188034188,15.07692307692308,31.44496513043477
3843,2021-07-22 20:00:00,Asia/Bangkok,71.22595392857143,20.61739130434783,19.33043478260869,30.59409973214287
3844,2021-07-22 21:00:00,Asia/Bangkok,74.17003121739131,22.67241379310345,20.87931034482759,29.70375095652175
3845,2021-07-22 22:00:00,Asia/Bangkok,76.06661495575223,18.00862068965517,16.98275862068965,29.16294699115048
3846,2021-07-22 23:00:00,Asia/Bangkok,78.14337771929824,16.75,15.66379310344828,28.72848464912279
3847,2021-07-23 00:00:00,Asia/Bangkok,81.15718991304344,19.57264957264957,18.5982905982906,28.10078521739131
3848,2021-07-23 01:00:00,Asia/Bangkok,83.69069295652177,24.94827586206896,23.74137931034483,27.58984834782608
3849,2021-07-23 02:00:00,Asia/Bangkok,85.83119827868852,27.2258064516129,25.95967741935484,27.11498909836068
3850,2021-07-23 03:00:00,Asia/Bangkok,87.25489371428571,24.88785046728972,23.64485981308411,26.85799180952382
3851,2021-07-23 04:00:00,Asia/Bangkok,88.2278415789474,24.60683760683761,23.47008547008547,26.76495114035089
3852,2021-07-23 05:00:00,Asia/Bangkok,89.03305696428575,24.86086956521739,23.92173913043478,26.55818714285714
3853,2021-07-23 06:00:00,Asia/Bangkok,90.67700892857142,27.0948275862069,25.95689655172414,26.14843071428572
3854,2021-07-23 07:00:00,Asia/Bangkok,91.11103652173915,28.28448275862069,27.14655172413793,26.24404552631579
3855,2021-07-23 08:00:00,Asia/Bangkok,90.51226078947366,27.56034482758621,26.16379310344828,26.77331070175438
3856,2021-07-23 09:00:00,Asia/Bangkok,85.47363678260872,17.96581196581197,16.7948717948718,28.26075139130436
3857,2021-07-23 10:00:00,Asia/Bangkok,80.43875000000001,12.39655172413793,11.23275862068965,29.67853263157895
3858,2021-07-23 11:00:00,Asia/Bangkok,74.68780400000001,10.80869565217391,9.391304347826088,31.30046565217391
3859,2021-07-23 12:00:00,Asia/Bangkok,66.58091360360359,9.844827586206897,8.282051282051283,33.24109135135136
3860,2021-07-23 13:00:00,Asia/Bangkok,58.686761981982,7.077586206896552,5.28448275862069,34.85858577981651
3861,2021-07-23 14:00:00,Asia/Bangkok,56.21316973451327,4.931034482758621,3.724137931034483,34.63303575221239
3862,2021-07-23 15:00:00,Asia/Bangkok,58.05627741379311,5.683760683760684,4.410256410256411,34.51629172413793
3863,2021-07-23 16:00:00,Asia/Bangkok,58.22129359649123,4.629310344827586,3.405172413793104,34.0614804385965
3864,2021-07-23 17:00:00,Asia/Bangkok,60.11264464285711,5.517241379310345,4.431034482758621,32.91256598214286
3865,2021-07-23 18:00:00,Asia/Bangkok,63.74238103448278,6.82051282051282,5.606837606837606,31.85259327586206
3866,2021-07-23 19:00:00,Asia/Bangkok,67.32310936363638,7.543103448275862,6.304347826086956,30.89521236363636
3867,2021-07-23 20:00:00,Asia/Bangkok,71.45314910714285,24.1140350877193,21.36521739130435,30.26819794642856
3868,2021-07-23 21:00:00,Asia/Bangkok,74.24123044642856,17.90434782608695,15.81739130434783,29.7180898214286
3869,2021-07-23 22:00:00,Asia/Bangkok,76.55857793103448,11.48275862068965,9.930434782608696,29.15344250000001
3870,2021-07-23 23:00:00,Asia/Bangkok,79.35778415929207,11.27826086956522,9.793103448275861,28.53251530973452
3871,2021-07-24 00:00:00,Asia/Bangkok,80.2756040869565,10.95689655172414,9.568965517241379,28.35386191304347
3872,2021-07-24 01:00:00,Asia/Bangkok,81.89252063636363,10.45614035087719,9.165217391304347,27.97185790909089
3873,2021-07-24 02:00:00,Asia/Bangkok,82.88639236842107,9.698275862068966,8.344827586206897,27.7414564347826
3874,2021-07-24 03:00:00,Asia/Bangkok,82.83944459459457,10.09401709401709,8.777777777777779,27.78471872727273
3875,2021-07-24 04:00:00,Asia/Bangkok,85.1839768181818,14.06086956521739,12.58260869565217,27.3547688181818
3876,2021-07-24 05:00:00,Asia/Bangkok,86.03495747826086,16.52212389380531,14.74336283185841,27.24175208695651
3877,2021-07-24 06:00:00,Asia/Bangkok,86.47689245614035,16.56896551724138,14.99137931034483,27.14242324561404
3878,2021-07-24 07:00:00,Asia/Bangkok,88.16600565217395,20.24786324786325,17.88034188034188,26.82428236842106
3879,2021-07-24 08:00:00,Asia/Bangkok,87.32425070175442,12.87068965517241,11.05172413793103,27.5443749557522
3880,2021-07-24 09:00:00,Asia/Bangkok,83.57494973913045,10.39655172413793,8.732758620689655,28.8901363478261
3881,2021-07-24 10:00:00,Asia/Bangkok,78.40041324561399,8.14655172413793,6.741379310344827,30.20538298245614
3882,2021-07-24 11:00:00,Asia/Bangkok,70.53293456896553,12.91379310344828,10.93103448275862,32.28173310344829
3883,2021-07-24 12:00:00,Asia/Bangkok,69.83828938053098,9.939655172413794,8.612068965517242,32.75531938053096
3884,2021-07-24 13:00:00,Asia/Bangkok,61.34434634782608,11.06034482758621,9.258620689655173,34.27674782608695
3885,2021-07-24 14:00:00,Asia/Bangkok,57.33288486725662,11.93965517241379,10.31896551724138,34.91561628318585
3886,2021-07-24 15:00:00,Asia/Bangkok,62.06848876106196,5.852173913043479,4.860869565217391,33.58799061946901
3887,2021-07-24 16:00:00,Asia/Bangkok,61.57999096491229,5.069565217391304,4.104347826086957,33.62034371681416
3888,2021-07-24 17:00:00,Asia/Bangkok,59.49998234782607,8.801724137931034,7.612068965517241,32.62903578947367
3889,2021-07-24 18:00:00,Asia/Bangkok,62.49843366071428,7.575221238938053,6.522123893805309,31.60396089285713
3890,2021-07-24 19:00:00,Asia/Bangkok,65.27258026315792,8.232758620689655,7.03448275862069,30.86926415929207
3891,2021-07-24 20:00:00,Asia/Bangkok,69.82821557522122,20.33913043478261,18.70175438596491,30.2136733035714
3892,2021-07-24 21:00:00,Asia/Bangkok,73.3070538392857,10.58620689655172,9.273504273504274,29.49738303571429
3893,2021-07-24 22:00:00,Asia/Bangkok,76.68726707964599,10.24137931034483,8.905172413793103,28.99013292035399
3894,2021-07-24 23:00:00,Asia/Bangkok,78.2619967256637,9.129310344827585,8.094827586206897,28.85668955752213
3895,2021-07-25 00:00:00,Asia/Bangkok,79.747482920354,16.88034188034188,15.04273504273504,28.61071017699115
3896,2021-07-25 01:00:00,Asia/Bangkok,81.3413748672566,15.52586206896552,14.06034482758621,28.49968973451326
3897,2021-07-25 02:00:00,Asia/Bangkok,83.31923573913045,14.60344827586207,13.37068965517241,27.9908157894737
3898,2021-07-25 03:00:00,Asia/Bangkok,85.58724196428575,16.31896551724138,14.92241379310345,27.50241035714283
3899,2021-07-25 04:00:00,Asia/Bangkok,85.55347225225223,12.6551724137931,11.50862068965517,27.41017810810811
3900,2021-07-25 05:00:00,Asia/Bangkok,86.48950035087717,13.94827586206897,12.57758620689655,27.226420877193
3901,2021-07-25 06:00:00,Asia/Bangkok,87.36033336206897,13.06837606837607,11.71551724137931,27.00861637931034
3902,2021-07-25 07:00:00,Asia/Bangkok,86.1714727192983,13.91228070175439,12.60869565217391,27.28346053097343
3903,2021-07-25 08:00:00,Asia/Bangkok,85.54429104347828,25.42608695652174,22.59130434782609,27.61938469565215
3904,2021-07-25 09:00:00,Asia/Bangkok,83.62379828828828,16.23275862068965,14.75862068965517,28.38164801801802
3905,2021-07-25 10:00:00,Asia/Bangkok,72.64208637168139,7.739130434782608,6.669565217391304,31.05682477876105
3906,2021-07-25 11:00:00,Asia/Bangkok,68.66910513513511,7.982142857142857,6.821428571428571,31.83045890909092
3907,2021-07-25 12:00:00,Asia/Bangkok,66.90705926605504,11.63478260869565,10.32173913043478,32.9400770909091
3908,2021-07-25 13:00:00,Asia/Bangkok,68.68640920353984,12.56034482758621,10.96551724137931,32.02234964601769
3909,2021-07-25 14:00:00,Asia/Bangkok,65.3358734234234,16.69911504424779,14.88495575221239,32.61823054054055
3910,2021-07-25 15:00:00,Asia/Bangkok,63.02339812500004,6.085470085470085,5.324786324786325,32.41643133928574
3911,2021-07-25 16:00:00,Asia/Bangkok,62.33892187499999,5.626086956521739,4.730434782608696,32.16074669642858
3912,2021-07-25 17:00:00,Asia/Bangkok,61.96691455357145,4.646551724137931,3.672413793103448,32.14913553571429
3913,2021-07-25 18:00:00,Asia/Bangkok,62.86757444444446,15.1025641025641,13.17948717948718,31.42232162393161
3914,2021-07-25 19:00:00,Asia/Bangkok,66.08057236842104,34.86206896551724,29.85344827586207,30.52547219298246
3915,2021-07-25 20:00:00,Asia/Bangkok,69.57383732142856,22.83333333333333,20.57017543859649,29.98316495575221
3916,2021-07-25 21:00:00,Asia/Bangkok,72.70351991304348,11.15384615384615,9.948717948717949,29.50046499999998
3917,2021-07-25 22:00:00,Asia/Bangkok,74.21270521739132,9.73913043478261,8.626086956521739,29.21588895652175
3918,2021-07-25 23:00:00,Asia/Bangkok,76.65419105263156,10.71551724137931,9.71551724137931,28.55954815789474
3919,2021-07-26 00:00:00,Asia/Bangkok,77.03997036036033,10.59649122807017,9.719298245614034,28.38518351351349
3920,2021-07-26 01:00:00,Asia/Bangkok,79.20664921739127,10.0948275862069,9.28448275862069,27.96074486956523
3921,2021-07-26 02:00:00,Asia/Bangkok,81.62521929203537,10.16379310344828,9.318965517241379,27.39511858407079
3922,2021-07-26 03:00:00,Asia/Bangkok,82.08934460869564,9.732758620689655,8.862068965517242,27.23083773913041
3923,2021-07-26 04:00:00,Asia/Bangkok,82.61393713043478,40.68103448275862,33.97413793103448,27.07087504347826
3924,2021-07-26 05:00:00,Asia/Bangkok,84.653921826087,18.94827586206896,16.37391304347826,26.71105434782607
3925,2021-07-26 06:00:00,Asia/Bangkok,87.43738508928573,10.98275862068965,10.06896551724138,26.24568348214286
3926,2021-07-26 07:00:00,Asia/Bangkok,87.77897878504675,10.95652173913044,9.947826086956521,26.37492028037382
3927,2021-07-26 08:00:00,Asia/Bangkok,87.79953809090905,15.81896551724138,14.67241379310345,26.95708783783783
3928,2021-07-26 09:00:00,Asia/Bangkok,80.37300353448275,8.837606837606838,7.589743589743589,29.23196034782609
3929,2021-07-26 10:00:00,Asia/Bangkok,72.41533713043476,5.663793103448276,4.655172413793103,31.16472095652171
3930,2021-07-26 11:00:00,Asia/Bangkok,67.04467965217394,5.495726495726496,4.700854700854701,32.91951578947369
3931,2021-07-26 12:00:00,Asia/Bangkok,64.93918000000002,6.130434782608695,5.31304347826087,33.44309945945945
3932,2021-07-26 13:00:00,Asia/Bangkok,63.05064607142858,4.362068965517241,3.603448275862069,33.78633687499998
3933,2021-07-26 14:00:00,Asia/Bangkok,59.60358938053098,4.543103448275862,3.767241379310345,34.74324160714286
3934,2021-07-26 15:00:00,Asia/Bangkok,59.33004823008853,4.629310344827586,3.732758620689655,34.8548831858407
3935,2021-07-26 16:00:00,Asia/Bangkok,61.24538360360359,7.25,6.318965517241379,34.0349262162162
3936,2021-07-26 17:00:00,Asia/Bangkok,63.9987518181818,8.591304347826087,7.469565217391304,33.44387172727271
3937,2021-07-26 18:00:00,Asia/Bangkok,66.85654885964912,7.06140350877193,6.096491228070176,32.31958298245613
3938,2021-07-26 19:00:00,Asia/Bangkok,68.37554368421051,12.11206896551724,10.83620689655172,31.27742622807017
3939,2021-07-26 20:00:00,Asia/Bangkok,71.02076765765764,33.21428571428572,28.83928571428572,30.55557008928571
3940,2021-07-26 21:00:00,Asia/Bangkok,73.29365930434777,13.1551724137931,11.73275862068965,29.99240000000001
3941,2021-07-26 22:00:00,Asia/Bangkok,75.60702685185186,7.078947368421052,6.315789473684211,29.40379203703703
3942,2021-07-26 23:00:00,Asia/Bangkok,77.45486339285716,6.965217391304348,6.069565217391304,28.93155964285717
3943,2021-07-27 00:00:00,Asia/Bangkok,78.38120561403511,6.862068965517241,6.0,28.70604678260869
3944,2021-07-27 01:00:00,Asia/Bangkok,78.45115318181814,4.817391304347826,4.217391304347826,28.75604027272729
3945,2021-07-27 02:00:00,Asia/Bangkok,79.66932803571432,4.880341880341881,4.256410256410256,28.52954855855855
3946,2021-07-27 03:00:00,Asia/Bangkok,80.69218866071428,4.870689655172414,4.112068965517241,28.34623089285713
3947,2021-07-27 04:00:00,Asia/Bangkok,81.34951840707964,4.669565217391304,4.094827586206897,28.1214488495575
3948,2021-07-27 05:00:00,Asia/Bangkok,82.44092964601768,5.456896551724138,4.717948717948718,27.82747911504427
3949,2021-07-27 06:00:00,Asia/Bangkok,85.22861964601772,9.89655172413793,8.887931034482758,27.18725946902656
3950,2021-07-27 07:00:00,Asia/Bangkok,87.3553295614035,19.61739130434783,17.35652173913044,26.77392263157896
3951,2021-07-27 08:00:00,Asia/Bangkok,85.14648637931036,10.39316239316239,9.11965811965812,27.68216129310343
3952,2021-07-27 09:00:00,Asia/Bangkok,77.91090596491227,12.55172413793103,11.12068965517241,29.90136508771929
3953,2021-07-27 10:00:00,Asia/Bangkok,68.57270716814159,8.104347826086956,7.112068965517241,32.52352238938052
3954,2021-07-27 11:00:00,Asia/Bangkok,64.64982920353982,4.735042735042735,3.879310344827586,32.86263053097345
3955,2021-07-27 12:00:00,Asia/Bangkok,59.94777848214284,3.948275862068965,3.085470085470086,34.10858848214286
3956,2021-07-27 13:00:00,Asia/Bangkok,55.93155666666663,5.043103448275862,3.896551724137931,35.38130219298243
3957,2021-07-27 14:00:00,Asia/Bangkok,54.59316892857145,3.815789473684211,2.885964912280702,35.96653946428572
3958,2021-07-27 15:00:00,Asia/Bangkok,56.32601226086956,3.96551724137931,3.275862068965517,34.68732791304349
3959,2021-07-27 16:00:00,Asia/Bangkok,59.13728451327433,4.146551724137931,3.413793103448276,33.86518178571428
3960,2021-07-27 17:00:00,Asia/Bangkok,60.59209122807013,15.88793103448276,13.87068965517241,34.03136000000001
3961,2021-07-27 18:00:00,Asia/Bangkok,72.87819628318584,21.03478260869565,18.57391304347826,31.34347176991152
3962,2021-07-27 19:00:00,Asia/Bangkok,78.65841940170944,16.56410256410257,15.16239316239316,29.52397051282052
3963,2021-07-27 20:00:00,Asia/Bangkok,79.31327660714287,18.99130434782609,17.56521739130435,28.91980607142857
3964,2021-07-27 21:00:00,Asia/Bangkok,80.44610713043478,21.53913043478261,19.99130434782609,28.78049182608696
3965,2021-07-27 22:00:00,Asia/Bangkok,82.02101034782612,20.56896551724138,19.17241379310345,28.39626408695652
3966,2021-07-27 23:00:00,Asia/Bangkok,82.5559968468468,13.67241379310345,12.37068965517241,28.31459855855858
3967,2021-07-28 00:00:00,Asia/Bangkok,85.06611640350876,13.70689655172414,12.51724137931035,27.83230692982459
3968,2021-07-28 01:00:00,Asia/Bangkok,84.84431964285713,8.172413793103448,7.137931034482759,27.75172937499997
3969,2021-07-28 02:00:00,Asia/Bangkok,84.82347594594594,6.982758620689655,6.068965517241379,27.78436198198196
3970,2021-07-28 03:00:00,Asia/Bangkok,85.33481594594595,6.189655172413793,5.439655172413793,27.64206477477479
3971,2021-07-28 04:00:00,Asia/Bangkok,85.99800008771935,7.333333333333333,6.504347826086956,27.39022657894732
3972,2021-07-28 05:00:00,Asia/Bangkok,86.24149405172409,6.681034482758621,5.810344827586207,27.29151426086955
3973,2021-07-28 06:00:00,Asia/Bangkok,87.62702587628867,9.343434343434344,8.459183673469388,27.08227721649484
3974,2021-07-28 07:00:00,Asia/Bangkok,88.03772451327427,10.81739130434783,9.71304347826087,26.92445743362832
3975,2021-07-28 08:00:00,Asia/Bangkok,85.76018719298244,8.147826086956522,6.991304347826087,27.71508663716811
3976,2021-07-28 09:00:00,Asia/Bangkok,81.18464936936935,6.646551724137931,5.758620689655173,29.18661882882883
3977,2021-07-28 10:00:00,Asia/Bangkok,75.51538701754389,10.5929203539823,9.132743362831858,30.60120254385965
3978,2021-07-28 11:00:00,Asia/Bangkok,68.91209226086957,3.456896551724138,2.508620689655173,31.94043973913043
3979,2021-07-28 12:00:00,Asia/Bangkok,64.49888261261262,1.982608695652174,1.31304347826087,33.10117711711712
3980,2021-07-28 13:00:00,Asia/Bangkok,68.39684590909087,2.025862068965517,1.387931034482759,32.62823227272727
3981,2021-07-28 14:00:00,Asia/Bangkok,71.95425469026549,0.7931034482758621,0.4655172413793103,30.10247805309734
3982,2021-07-28 15:00:00,Asia/Bangkok,80.13696009009008,0.8793103448275862,0.603448275862069,27.9065225225225
3983,2021-07-28 16:00:00,Asia/Bangkok,75.47552870689657,2.405172413793104,1.905172413793103,28.56431387931035
3984,2021-07-28 17:00:00,Asia/Bangkok,75.26044327586203,41.1551724137931,35.17241379310344,28.81408146551725
3985,2021-07-28 18:00:00,Asia/Bangkok,77.93004649122805,22.55172413793104,19.16379310344828,28.29139131578946
3986,2021-07-28 19:00:00,Asia/Bangkok,80.92988382608695,8.663793103448276,7.681034482758621,27.58966347826087
3987,2021-07-28 20:00:00,Asia/Bangkok,82.17296504424779,30.48245614035088,27.06140350877193,27.52450123893805
3988,2021-07-28 21:00:00,Asia/Bangkok,82.54283798245612,10.27586206896552,9.137931034482758,27.54512868421055
3989,2021-07-28 22:00:00,Asia/Bangkok,82.62248592920353,6.810344827586207,5.879310344827586,27.35338761061949
3990,2021-07-28 23:00:00,Asia/Bangkok,82.0522558035714,4.431034482758621,3.71551724137931,27.23256008928571
3991,2021-07-29 00:00:00,Asia/Bangkok,83.18679728971965,5.71551724137931,5.077586206896552,26.83484186915888
3992,2021-07-29 01:00:00,Asia/Bangkok,83.23756210526317,4.376068376068377,3.655172413793104,26.6060200877193
3993,2021-07-29 02:00:00,Asia/Bangkok,83.10093964912284,2.931034482758621,2.358974358974359,26.63504131578948
3994,2021-07-29 03:00:00,Asia/Bangkok,85.52860446428568,4.241379310344827,3.53448275862069,26.09743348214286
3995,2021-07-29 04:00:00,Asia/Bangkok,86.04052982142854,3.21551724137931,2.318965517241379,26.21659714285713
3996,2021-07-29 05:00:00,Asia/Bangkok,86.43695078947371,3.543103448275862,2.758620689655173,26.30918771929824
3997,2021-07-29 06:00:00,Asia/Bangkok,88.09792324561403,5.060344827586207,4.21551724137931,26.16135495575219
3998,2021-07-29 07:00:00,Asia/Bangkok,89.41648348623852,10.48245614035088,9.31578947368421,26.11220247706423
3999,2021-07-29 08:00:00,Asia/Bangkok,89.26292474137931,16.34188034188034,14.29059829059829,26.64831373913043
4000,2021-07-29 09:00:00,Asia/Bangkok,83.97742947826087,6.155172413793103,5.068965517241379,28.50022130434784
4001,2021-07-29 10:00:00,Asia/Bangkok,78.45743642857147,5.146551724137931,4.077586206896552,30.14245875
4002,2021-07-29 11:00:00,Asia/Bangkok,72.22972490384616,5.688073394495412,4.807339449541284,31.70633504854369
4003,2021-07-29 12:00:00,Asia/Bangkok,71.27702026315791,7.431034482758621,6.387931034482759,31.72681526315789
4004,2021-07-29 13:00:00,Asia/Bangkok,83.35507405405407,5.422413793103448,4.663793103448276,29.58035954954955
4005,2021-07-29 14:00:00,Asia/Bangkok,74.87819730434782,4.756521739130434,3.91304347826087,31.70756269565217
4006,2021-07-29 15:00:00,Asia/Bangkok,72.29486133928569,4.879310344827586,3.896551724137931,31.76699374999999
4007,2021-07-29 16:00:00,Asia/Bangkok,69.74460303571428,5.061946902654867,4.150442477876106,32.20085142857144
4008,2021-07-29 17:00:00,Asia/Bangkok,74.70430965217389,2.904347826086957,2.321739130434783,30.13889721739131
4009,2021-07-29 18:00:00,Asia/Bangkok,86.17236911504428,1.318965517241379,0.8793103448275862,26.22456196428572
4010,2021-07-29 19:00:00,Asia/Bangkok,87.08489893805309,1.0,0.8103448275862069,25.77044964601772
4011,2021-07-29 20:00:00,Asia/Bangkok,91.16427709090908,14.95652173913044,13.89565217391304,25.3403576146789
4012,2021-07-29 21:00:00,Asia/Bangkok,91.47751482456138,7.888888888888889,7.264957264957265,25.70274429824562
4013,2021-07-29 22:00:00,Asia/Bangkok,90.26415991304347,2.922413793103448,2.568965517241379,25.68225973913045
4014,2021-07-29 23:00:00,Asia/Bangkok,90.04750782608694,0.3017241379310345,0.1120689655172414,24.98111947826083
4015,2021-07-30 00:00:00,Asia/Bangkok,90.80923133928573,0.6896551724137931,0.456896551724138,24.80298651785713
4016,2021-07-30 01:00:00,Asia/Bangkok,91.3169655652174,1.0,0.6982758620689655,24.73212730434782
4017,2021-07-30 02:00:00,Asia/Bangkok,90.0098769911504,1.419642857142857,1.026785714285714,24.71748690265489
4018,2021-07-30 03:00:00,Asia/Bangkok,90.6346886086956,2.931623931623931,2.606837606837607,24.68413217391304
4019,2021-07-30 04:00:00,Asia/Bangkok,90.65061026086953,3.344827586206896,2.853448275862069,24.69918017391305
4020,2021-07-30 05:00:00,Asia/Bangkok,85.99838818965519,1.724137931034483,1.163793103448276,25.8071372173913
4021,2021-07-30 06:00:00,Asia/Bangkok,83.87501525862068,1.564102564102564,0.9829059829059829,26.70979646551725
4022,2021-07-30 07:00:00,Asia/Bangkok,85.55602051724136,2.646551724137931,1.948275862068966,26.39071318965515
4023,2021-07-30 08:00:00,Asia/Bangkok,88.13615115044244,3.678260869565217,2.834782608695652,26.0996017857143
4024,2021-07-30 09:00:00,Asia/Bangkok,86.69899008695653,4.681034482758621,3.818965517241379,27.15600052173913
4025,2021-07-30 10:00:00,Asia/Bangkok,82.37659911504423,4.474137931034483,3.327586206896552,28.05636938053097
4026,2021-07-30 11:00:00,Asia/Bangkok,78.80447592920356,3.675438596491228,3.06140350877193,28.91257769911505
4027,2021-07-30 12:00:00,Asia/Bangkok,76.10698184210524,4.094827586206897,3.568965517241379,29.1458501754386
4028,2021-07-30 13:00:00,Asia/Bangkok,74.3391698245614,2.623931623931624,2.239316239316239,29.38688192982457
4029,2021-07-30 14:00:00,Asia/Bangkok,72.9939943859649,3.267241379310345,2.775862068965517,30.62570219298245
4030,2021-07-30 15:00:00,Asia/Bangkok,71.17396771929823,3.827586206896552,3.155172413793104,31.00798061403511
4031,2021-07-30 16:00:00,Asia/Bangkok,73.12378465517241,5.189655172413793,4.379310344827586,30.88093836206897
4032,2021-07-30 17:00:00,Asia/Bangkok,74.38459913043475,3.974137931034483,3.241379310344827,29.99771669565217
4033,2021-07-30 18:00:00,Asia/Bangkok,75.47827862068966,3.560344827586207,2.810344827586207,29.0375822413793
4034,2021-07-30 19:00:00,Asia/Bangkok,77.96526330357139,9.905172413793103,8.53448275862069,28.5628613392857
4035,2021-07-30 20:00:00,Asia/Bangkok,81.14245887850467,20.35398230088495,18.43362831858407,28.04983722222219
4036,2021-07-30 21:00:00,Asia/Bangkok,83.62988418181816,9.543103448275861,8.25,27.64784137614679
4037,2021-07-30 22:00:00,Asia/Bangkok,84.28104241071428,5.769230769230769,4.871794871794871,27.54890071428569
4038,2021-07-30 23:00:00,Asia/Bangkok,84.8195851327434,4.043103448275862,3.155172413793104,27.48702088495573
4039,2021-07-31 00:00:00,Asia/Bangkok,85.55311782608696,5.034782608695652,4.104347826086957,27.40464173913042
4040,2021-07-31 01:00:00,Asia/Bangkok,87.81477196428577,7.191304347826087,6.156521739130435,26.99247035714289
4041,2021-07-31 02:00:00,Asia/Bangkok,88.5082965789474,7.692982456140351,6.780701754385965,26.80188982456141
4042,2021-07-31 03:00:00,Asia/Bangkok,88.66046699115046,6.655172413793103,5.896551724137931,26.74628176991149
4043,2021-07-31 04:00:00,Asia/Bangkok,88.9769350442478,7.43859649122807,6.640350877192983,26.61007192982456
4044,2021-07-31 05:00:00,Asia/Bangkok,88.99347761061948,6.741379310344827,5.896551724137931,26.5940211607143
4045,2021-07-31 06:00:00,Asia/Bangkok,88.95145052631575,5.469565217391304,4.669565217391304,26.59505289473682
4046,2021-07-31 07:00:00,Asia/Bangkok,89.0311603571428,4.568965517241379,3.560344827586207,26.61791072072073
4047,2021-07-31 08:00:00,Asia/Bangkok,88.06597201754384,4.870689655172414,3.801724137931035,27.15355096491227
4048,2021-07-31 09:00:00,Asia/Bangkok,84.41887947368424,5.212389380530974,4.221238938053097,28.35266859649123
4049,2021-07-31 10:00:00,Asia/Bangkok,80.39192464285716,6.657894736842105,5.649122807017544,29.81905297297298
4050,2021-07-31 11:00:00,Asia/Bangkok,75.96177424778763,7.258620689655173,6.03448275862069,31.20217849557521
4051,2021-07-31 12:00:00,Asia/Bangkok,70.05407513274338,6.474137931034483,5.413793103448276,32.91083756756758
4052,2021-07-31 13:00:00,Asia/Bangkok,66.2798102631579,5.921052631578948,5.026086956521739,34.18117728070174
4053,2021-07-31 14:00:00,Asia/Bangkok,61.88080620689654,4.307692307692307,3.448275862068965,35.01481551724139
4054,2021-07-31 15:00:00,Asia/Bangkok,66.27084955752213,3.617391304347826,2.637931034482758,33.4454563963964
4055,2021-07-31 16:00:00,Asia/Bangkok,69.19540842105265,3.525862068965517,2.586206896551724,31.58524228070175
4056,2021-07-31 17:00:00,Asia/Bangkok,72.44247796460176,4.808695652173913,3.791304347826087,30.34977831858407
4057,2021-07-31 18:00:00,Asia/Bangkok,76.83509909090913,6.182608695652174,5.017391304347826,29.23749481818181
4058,2021-07-31 19:00:00,Asia/Bangkok,77.81571810810813,13.25217391304348,11.6695652173913,28.48086883928569
4059,2021-07-31 20:00:00,Asia/Bangkok,76.44200553571429,6.895652173913043,6.104347826086957,27.75638180180177
4060,2021-07-31 21:00:00,Asia/Bangkok,80.85505017857145,1.801724137931034,1.379310344827586,26.96352705357145
4061,2021-07-31 22:00:00,Asia/Bangkok,81.44729163793099,1.948275862068966,1.517241379310345,26.62588749999998
4062,2021-07-31 23:00:00,Asia/Bangkok,82.76580088495574,1.914529914529915,1.393162393162393,26.52962699115042
4063,2021-08-01 00:00:00,Asia/Bangkok,84.22621103448276,1.96551724137931,1.431034482758621,26.52987077586208
4064,2021-08-01 01:00:00,Asia/Bangkok,84.10930912280698,1.834782608695652,1.365217391304348,26.6555845614035
4065,2021-08-01 02:00:00,Asia/Bangkok,85.3850171681416,2.008547008547009,1.418803418803419,26.32200247787612
4066,2021-08-01 03:00:00,Asia/Bangkok,85.49810434782611,1.96551724137931,1.155172413793103,26.34663756521739
4067,2021-08-01 04:00:00,Asia/Bangkok,82.72149603603603,3.060344827586207,2.060344827586207,27.05505963636367
4068,2021-08-01 05:00:00,Asia/Bangkok,82.85704704347826,3.173913043478261,2.353448275862069,26.984542
4069,2021-08-01 06:00:00,Asia/Bangkok,85.08036117117123,3.517241379310345,2.612068965517242,26.59839873873873
4070,2021-08-01 07:00:00,Asia/Bangkok,86.51262979166665,4.785714285714286,3.693877551020408,26.31758572916667
4071,2021-08-01 08:00:00,Asia/Bangkok,85.05372192982452,4.78448275862069,3.431034482758621,27.05519368421053
4072,2021-08-01 09:00:00,Asia/Bangkok,84.37590347826084,6.82051282051282,5.299145299145299,27.7889155652174
4073,2021-08-01 10:00:00,Asia/Bangkok,81.02578749999998,4.582608695652174,3.391304347826087,28.88739801801802
4074,2021-08-01 11:00:00,Asia/Bangkok,77.79361034482757,5.21551724137931,3.887931034482758,30.08612413793105
4075,2021-08-01 12:00:00,Asia/Bangkok,70.60345460176991,3.852173913043478,2.973913043478261,31.85881080357142
4076,2021-08-01 13:00:00,Asia/Bangkok,68.75766584070794,3.234782608695652,2.295652173913044,32.618424375
4077,2021-08-01 14:00:00,Asia/Bangkok,79.36852342342343,2.765217391304348,2.026086956521739,29.71815738738739
4078,2021-08-01 15:00:00,Asia/Bangkok,72.249439375,3.921739130434783,3.095652173913043,31.86119482142859
4079,2021-08-01 16:00:00,Asia/Bangkok,77.58558521739128,3.47008547008547,2.717948717948718,30.51018739130434
4080,2021-08-01 17:00:00,Asia/Bangkok,79.86335000000004,2.429824561403509,1.719298245614035,28.93171054054055
4081,2021-08-01 18:00:00,Asia/Bangkok,80.35068938596491,3.612068965517242,2.525862068965517,28.14316394736842
4082,2021-08-01 19:00:00,Asia/Bangkok,83.86424721739132,3.448275862068965,2.672413793103448,27.59453965217387
4083,2021-08-01 20:00:00,Asia/Bangkok,86.2724533928571,4.666666666666667,3.973684210526316,26.60548345132744
4084,2021-08-01 21:00:00,Asia/Bangkok,86.46330034482757,5.521367521367521,4.760683760683761,26.44011999999999
4085,2021-08-01 22:00:00,Asia/Bangkok,86.3324671681416,5.853448275862069,4.767241379310345,26.30634125000002
4086,2021-08-01 23:00:00,Asia/Bangkok,84.26105552631583,2.862068965517242,2.0,26.54052184210524
4087,2021-08-02 00:00:00,Asia/Bangkok,82.42110619469031,1.706896551724138,1.094827586206897,26.49722223214286
4088,2021-08-02 01:00:00,Asia/Bangkok,82.8208178947368,1.905172413793103,1.163793103448276,26.53815745614033
4089,2021-08-02 02:00:00,Asia/Bangkok,82.73744372727273,2.327586206896552,1.336206896551724,26.69765372727272
4090,2021-08-02 03:00:00,Asia/Bangkok,83.14087565217389,2.982758620689655,1.939655172413793,26.7316888596491
4091,2021-08-02 04:00:00,Asia/Bangkok,82.52954973214287,6.643478260869565,5.382608695652173,26.88544309734513
4092,2021-08-02 05:00:00,Asia/Bangkok,81.05075649122811,5.043478260869565,4.017391304347826,27.02589696428572
4093,2021-08-02 06:00:00,Asia/Bangkok,81.53181646017697,4.2,3.043478260869565,26.91011309734511
4094,2021-08-02 07:00:00,Asia/Bangkok,84.26003592920355,5.456896551724138,4.224137931034483,26.41182513274335
4095,2021-08-02 08:00:00,Asia/Bangkok,86.45008536363632,5.112068965517241,3.53448275862069,26.5762709090909
4096,2021-08-02 09:00:00,Asia/Bangkok,86.13048973214283,4.791304347826087,3.582608695652174,27.45999348214282
4097,2021-08-02 10:00:00,Asia/Bangkok,82.17283078947368,3.264957264957265,2.299145299145299,28.82419271929826
4098,2021-08-02 11:00:00,Asia/Bangkok,73.45958184210525,4.75,3.405172413793104,31.46330663716814
4099,2021-08-02 12:00:00,Asia/Bangkok,74.8829685714286,2.798245614035088,2.096491228070176,30.97316625000001
4100,2021-08-02 13:00:00,Asia/Bangkok,84.82901254385969,1.695652173913043,1.31304347826087,27.63779464912279
4101,2021-08-02 14:00:00,Asia/Bangkok,84.72522937500003,2.58974358974359,2.153846153846154,28.24998108108107
4102,2021-08-02 15:00:00,Asia/Bangkok,83.14204452173911,2.775862068965517,1.896551724137931,27.64964078260869
4103,2021-08-02 16:00:00,Asia/Bangkok,84.0598906140351,3.521367521367521,2.572649572649573,28.07090280701755
4104,2021-08-02 17:00:00,Asia/Bangkok,81.06617837837837,21.06140350877193,18.20175438596491,29.38463190909092
4105,2021-08-02 18:00:00,Asia/Bangkok,77.93700660869565,18.31304347826087,16.2695652173913,30.2050968695652
4106,2021-08-02 19:00:00,Asia/Bangkok,79.75541955357143,29.55555555555556,25.50427350427351,29.05555684684686
4107,2021-08-02 20:00:00,Asia/Bangkok,81.8506385321101,26.1651376146789,22.07339449541285,28.43746915094339
4108,2021-08-02 21:00:00,Asia/Bangkok,84.17309785714282,20.27826086956522,17.54782608695652,27.83147299999998
4109,2021-08-02 22:00:00,Asia/Bangkok,85.96113728070175,8.594827586206897,7.086206896551724,27.17322789473684
4110,2021-08-02 23:00:00,Asia/Bangkok,85.49644769911507,5.573913043478261,4.495652173913044,27.00644710526312
4111,2021-08-03 00:00:00,Asia/Bangkok,86.27370649122807,6.069565217391304,4.991304347826087,26.94158807017545
4112,2021-08-03 01:00:00,Asia/Bangkok,87.35295034782612,5.758620689655173,4.887931034482759,26.74345130434783
4113,2021-08-03 02:00:00,Asia/Bangkok,88.65779701030928,5.505050505050505,4.656565656565657,26.3677324742268
4114,2021-08-03 03:00:00,Asia/Bangkok,86.78800864864861,3.392857142857143,2.448275862068965,26.55552936936937
4115,2021-08-03 04:00:00,Asia/Bangkok,86.74605309734507,3.956896551724138,2.853448275862069,26.49380061946902
4116,2021-08-03 05:00:00,Asia/Bangkok,86.21771371681416,3.793103448275862,3.03448275862069,26.37214769911504
4117,2021-08-03 06:00:00,Asia/Bangkok,85.44629946428573,4.577586206896552,3.612068965517242,26.18128607142858
4118,2021-08-03 07:00:00,Asia/Bangkok,88.83000938596489,5.854700854700854,4.837606837606837,25.57278736842105
4119,2021-08-03 08:00:00,Asia/Bangkok,88.50228782608694,5.060344827586207,3.826086956521739,26.17088243478261
4120,2021-08-03 09:00:00,Asia/Bangkok,82.4348883478261,3.577586206896552,2.396551724137931,28.24845603448276
4121,2021-08-03 10:00:00,Asia/Bangkok,76.19291567567569,5.982758620689655,4.634782608695653,30.20273266055047
4122,2021-08-03 11:00:00,Asia/Bangkok,73.16419704347827,4.293103448275862,3.267241379310345,31.40361113043478
4123,2021-08-03 12:00:00,Asia/Bangkok,77.37590862068969,2.316239316239316,1.555555555555556,30.22537387931033
4124,2021-08-03 13:00:00,Asia/Bangkok,85.92389517241384,1.327586206896552,1.0,27.69461551724136
4125,2021-08-03 14:00:00,Asia/Bangkok,79.58059639639643,3.657894736842105,2.807017543859649,30.16506594594595
4126,2021-08-03 15:00:00,Asia/Bangkok,85.51470761467893,1.194690265486726,0.7876106194690266,27.05561486238532
4127,2021-08-03 16:00:00,Asia/Bangkok,84.18953807017544,2.931034482758621,2.137931034482758,28.00618140350879
4128,2021-08-03 17:00:00,Asia/Bangkok,79.3341178947368,3.695652173913043,2.379310344827586,29.49763000000001
4129,2021-08-03 18:00:00,Asia/Bangkok,82.17854991304351,4.318965517241379,3.637931034482758,28.46866582608695
4130,2021-08-03 19:00:00,Asia/Bangkok,84.60732877192977,5.672413793103448,4.844827586206897,27.17601228070176
4131,2021-08-03 20:00:00,Asia/Bangkok,85.65717663551403,3.378378378378379,2.648648648648649,26.72578224299068
4132,2021-08-03 21:00:00,Asia/Bangkok,85.5679769911504,3.689655172413793,3.068965517241379,26.54869814159292
4133,2021-08-03 22:00:00,Asia/Bangkok,83.95722842105263,1.931623931623932,1.538461538461539,26.5490947368421
4134,2021-08-03 23:00:00,Asia/Bangkok,85.41942460176993,2.275862068965517,1.706896551724138,26.07270982142859
4135,2021-08-04 00:00:00,Asia/Bangkok,85.7649425225225,2.051724137931035,1.431034482758621,25.98641018018018
4136,2021-08-04 01:00:00,Asia/Bangkok,85.42393373913043,2.147826086956522,1.504347826086956,26.02884295652174
4137,2021-08-04 02:00:00,Asia/Bangkok,85.88447937499998,1.853448275862069,1.275862068965517,25.84411504504503
4138,2021-08-04 03:00:00,Asia/Bangkok,85.67376247787614,2.543103448275862,1.698275862068966,26.02004160714283
4139,2021-08-04 04:00:00,Asia/Bangkok,87.95465151785719,3.181034482758621,2.21551724137931,25.78712955357141
4140,2021-08-04 05:00:00,Asia/Bangkok,88.68642612612614,4.085470085470085,3.068376068376069,25.66299772727276
4141,2021-08-04 06:00:00,Asia/Bangkok,89.4925238317757,5.226086956521739,4.269565217391304,25.52126448598132
4142,2021-08-04 07:00:00,Asia/Bangkok,88.54893517857144,4.815789473684211,3.552631578947369,25.91654276785716
4143,2021-08-04 08:00:00,Asia/Bangkok,86.59104026785715,4.765217391304348,3.2,26.81171252252252
4144,2021-08-04 09:00:00,Asia/Bangkok,85.51729000000005,4.817391304347826,3.2,27.62442339130434
4145,2021-08-04 10:00:00,Asia/Bangkok,80.89082182608693,4.741379310344827,3.146551724137931,29.08660956140353
4146,2021-08-04 11:00:00,Asia/Bangkok,77.97967747747747,5.821428571428571,4.133928571428571,30.4438372072072
4147,2021-08-04 12:00:00,Asia/Bangkok,73.47549867256636,4.4,3.052173913043478,30.92725415929203
4148,2021-08-04 13:00:00,Asia/Bangkok,83.02488294642852,3.62280701754386,2.678260869565217,28.49557919642857
4149,2021-08-04 14:00:00,Asia/Bangkok,76.79248363636364,4.222222222222222,3.136752136752137,30.56727036363635
4150,2021-08-04 15:00:00,Asia/Bangkok,68.81128184210526,3.577586206896552,2.53448275862069,32.17756061403509
4151,2021-08-04 16:00:00,Asia/Bangkok,67.26352245614034,3.717948717948718,2.551724137931035,32.03762640350874
4152,2021-08-04 17:00:00,Asia/Bangkok,67.04357842105266,4.698275862068965,3.512820512820513,31.76213982456139
4153,2021-08-04 18:00:00,Asia/Bangkok,72.26640640350875,5.517241379310345,4.146551724137931,30.31430578947367
4154,2021-08-04 19:00:00,Asia/Bangkok,74.50584422413793,15.98275862068965,12.83620689655172,29.63863896551725
4155,2021-08-04 20:00:00,Asia/Bangkok,77.42226424778762,16.82456140350877,13.82456140350877,29.08182044247787
4156,2021-08-04 21:00:00,Asia/Bangkok,79.66720905172411,7.70940170940171,6.034188034188034,28.67138155172412
4157,2021-08-04 22:00:00,Asia/Bangkok,81.34959869565222,9.921739130434782,7.921739130434783,28.33949793103448
4158,2021-08-04 23:00:00,Asia/Bangkok,83.14982078260871,8.543103448275861,6.922413793103448,27.94456982300883
4159,2021-08-05 00:00:00,Asia/Bangkok,84.57189721739132,5.827586206896552,4.482758620689655,27.53031234782606
4160,2021-08-05 01:00:00,Asia/Bangkok,84.11045889908256,5.382608695652173,4.258620689655173,27.43820879629628
4161,2021-08-05 02:00:00,Asia/Bangkok,86.66342234234234,8.267241379310345,6.870689655172414,26.86410639639641
4162,2021-08-05 03:00:00,Asia/Bangkok,88.17810210526319,7.324786324786325,6.076923076923077,26.60325263157895
4163,2021-08-05 04:00:00,Asia/Bangkok,85.55864535714285,4.327433628318584,3.247787610619469,26.78109017857145
4164,2021-08-05 05:00:00,Asia/Bangkok,84.87820187500003,3.469565217391304,2.48695652173913,26.83484920353983
4165,2021-08-05 06:00:00,Asia/Bangkok,86.83901271929825,4.353982300884955,3.283185840707965,26.59292482456141
4166,2021-08-05 07:00:00,Asia/Bangkok,89.2336573214286,7.146551724137931,5.224137931034483,26.23075812500002
4167,2021-08-05 08:00:00,Asia/Bangkok,87.64337643478258,6.0,4.008620689655173,27.14311382608695
4168,2021-08-05 09:00:00,Asia/Bangkok,85.87595350877196,3.405172413793104,2.474137931034483,27.82933096491228
4169,2021-08-05 10:00:00,Asia/Bangkok,80.26626991071431,4.525862068965517,3.077586206896552,29.61945207207207
4170,2021-08-05 11:00:00,Asia/Bangkok,73.20568843478256,5.551724137931035,4.0,31.32050513043477
4171,2021-08-05 12:00:00,Asia/Bangkok,78.19487198198199,2.923076923076923,1.897435897435897,28.60573756756757
4172,2021-08-05 13:00:00,Asia/Bangkok,86.60904699115041,1.482758620689655,1.112068965517241,26.89995292035399
4173,2021-08-05 14:00:00,Asia/Bangkok,83.58068200000002,3.206896551724138,2.603448275862069,28.05429781818181
4174,2021-08-05 15:00:00,Asia/Bangkok,82.22334413793098,4.862068965517241,3.71551724137931,28.24066330434782
4175,2021-08-05 16:00:00,Asia/Bangkok,82.48252070796462,7.017699115044247,5.247787610619469,28.59664991150443
4176,2021-08-05 17:00:00,Asia/Bangkok,81.28953580357141,7.710526315789473,5.921052631578948,29.254953125
4177,2021-08-05 18:00:00,Asia/Bangkok,81.18059175438597,10.11206896551724,7.577586206896552,29.34153324561402
4178,2021-08-05 19:00:00,Asia/Bangkok,82.08328113043478,11.65217391304348,8.8,28.78399678260871
4179,2021-08-05 20:00:00,Asia/Bangkok,84.4108697345133,29.96491228070175,23.92982456140351,28.10582893805309
4180,2021-08-05 21:00:00,Asia/Bangkok,88.44882826086956,42.6,35.93913043478261,27.21869504347827
4181,2021-08-05 22:00:00,Asia/Bangkok,89.73980808695651,38.67241379310344,33.0,26.69369333333333
4182,2021-08-05 23:00:00,Asia/Bangkok,88.98892725663717,17.5948275862069,15.70689655172414,26.5784982300885
4183,2021-08-06 00:00:00,Asia/Bangkok,89.48379782608697,19.52688172043011,17.45161290322581,26.38949913043477
4184,2021-08-06 01:00:00,Asia/Bangkok,88.7188174336283,8.068965517241379,6.508620689655173,26.3437189380531
4185,2021-08-06 02:00:00,Asia/Bangkok,88.31273880733944,7.008620689655173,5.517241379310345,26.52524816513764
4186,2021-08-06 03:00:00,Asia/Bangkok,90.30160330434785,9.28448275862069,7.939655172413793,25.9961952173913
4187,2021-08-06 04:00:00,Asia/Bangkok,91.40105217391307,18.55172413793104,17.06896551724138,25.7831992173913
4188,2021-08-06 05:00:00,Asia/Bangkok,91.00317365217386,21.12068965517241,19.51724137931035,25.8509076521739
4189,2021-08-06 06:00:00,Asia/Bangkok,91.75290937499999,24.02631578947368,22.19298245614035,25.62989223214285
4190,2021-08-06 07:00:00,Asia/Bangkok,92.58520849557523,17.56140350877193,15.54385964912281,25.51863628318584
4191,2021-08-06 08:00:00,Asia/Bangkok,92.23167315789473,11.81896551724138,9.525862068965518,26.19930745614036
4192,2021-08-06 09:00:00,Asia/Bangkok,87.4239785217391,10.26724137931035,7.577586206896552,27.7095012173913
4193,2021-08-06 10:00:00,Asia/Bangkok,80.15094324561404,7.208695652173913,4.8,29.63449622807018
4194,2021-08-06 11:00:00,Asia/Bangkok,73.07556553571429,6.681034482758621,4.663793103448276,31.03904276785715
4195,2021-08-06 12:00:00,Asia/Bangkok,68.89545707964604,5.96551724137931,4.293103448275862,31.96738371681414
4196,2021-08-06 13:00:00,Asia/Bangkok,64.89009752212394,5.206896551724138,3.689655172413793,32.50319699115046
4197,2021-08-06 14:00:00,Asia/Bangkok,65.53342061946901,5.860869565217391,3.991304347826087,32.53179088495575
4198,2021-08-06 15:00:00,Asia/Bangkok,63.61929185840707,5.146551724137931,3.853448275862069,32.51213106194694
4199,2021-08-06 16:00:00,Asia/Bangkok,62.88390217391304,7.396551724137931,5.405172413793103,32.49565747826088
4200,2021-08-06 17:00:00,Asia/Bangkok,62.49449580357141,7.155172413793103,5.568965517241379,32.44372171171174
4201,2021-08-06 18:00:00,Asia/Bangkok,61.89396054054054,9.904347826086957,7.417391304347826,31.92004675675673
4202,2021-08-06 19:00:00,Asia/Bangkok,64.72934156521741,9.721739130434782,8.052173913043479,30.8767651304348
4203,2021-08-06 20:00:00,Asia/Bangkok,71.24646297297296,14.93859649122807,12.39473684210526,29.72604572727274
4204,2021-08-06 21:00:00,Asia/Bangkok,76.07802026086956,14.03539823008849,12.28318584070797,28.7227632173913
4205,2021-08-06 22:00:00,Asia/Bangkok,79.3482789473684,14.25862068965517,12.4051724137931,27.96276610619468
4206,2021-08-06 23:00:00,Asia/Bangkok,82.6265763716814,14.3448275862069,12.89655172413793,27.32878769911505
4207,2021-08-07 00:00:00,Asia/Bangkok,82.5989513392857,10.10434782608696,9.104347826086956,27.38734666666668
4208,2021-08-07 01:00:00,Asia/Bangkok,84.5133825454545,11.87068965517241,10.44827586206897,27.04765818181818
4209,2021-08-07 02:00:00,Asia/Bangkok,86.0184014035088,10.11965811965812,8.957264957264957,26.52785
4210,2021-08-07 03:00:00,Asia/Bangkok,86.62549315789472,11.4695652173913,10.5304347826087,26.25692771929826
4211,2021-08-07 04:00:00,Asia/Bangkok,87.47429339130431,10.75652173913043,9.860869565217392,25.84459260869566
4212,2021-08-07 05:00:00,Asia/Bangkok,89.4971616666667,9.97391304347826,9.147826086956522,25.24599798245614
4213,2021-08-07 06:00:00,Asia/Bangkok,89.31736141592918,9.008771929824562,7.859649122807017,25.06463185840709
4214,2021-08-07 07:00:00,Asia/Bangkok,89.35544088495573,11.87931034482759,10.20869565217391,25.18127424778762
4215,2021-08-07 08:00:00,Asia/Bangkok,87.98480447368425,10.82608695652174,8.956896551724139,26.1069704385965
4216,2021-08-07 09:00:00,Asia/Bangkok,83.15653818965518,6.775862068965517,4.931034482758621,27.97297370689655
4217,2021-08-07 10:00:00,Asia/Bangkok,73.64427660714286,4.104347826086957,2.298245614035088,30.58308517857143
4218,2021-08-07 11:00:00,Asia/Bangkok,67.50137570175438,5.060344827586207,3.538461538461538,32.59223657894736
4219,2021-08-07 12:00:00,Asia/Bangkok,61.76700834862387,5.474137931034483,3.672413793103448,34.07430252336449
4220,2021-08-07 13:00:00,Asia/Bangkok,57.10439562500001,4.776785714285714,3.580357142857143,35.72697612612611
4221,2021-08-07 14:00:00,Asia/Bangkok,55.32289142857146,5.582608695652174,4.21551724137931,36.51290624999999
4222,2021-08-07 15:00:00,Asia/Bangkok,58.15276432432431,5.655172413793103,4.353448275862069,35.01007603603606
4223,2021-08-07 16:00:00,Asia/Bangkok,63.37304135135134,17.95652173913043,14.82608695652174,33.10716594594592
4224,2021-08-07 17:00:00,Asia/Bangkok,60.48083377192982,15.7948717948718,13.16239316239316,33.60602535087721
4225,2021-08-07 18:00:00,Asia/Bangkok,60.89369241379312,10.18965517241379,8.025862068965518,32.86925224137929
4226,2021-08-07 19:00:00,Asia/Bangkok,64.20174284482759,11.02586206896552,9.129310344827585,31.62542939655172
4227,2021-08-07 20:00:00,Asia/Bangkok,66.59256853211008,22.67857142857143,19.71428571428572,30.57131972222223
4228,2021-08-07 21:00:00,Asia/Bangkok,71.11094191919192,19.6,17.41,29.64593939393941
4229,2021-08-07 22:00:00,Asia/Bangkok,73.10785027522937,27.6551724137931,24.93965517241379,29.25990568807337
4230,2021-08-07 23:00:00,Asia/Bangkok,75.42203383928573,13.42857142857143,12.25892857142857,28.8512580357143
4231,2021-08-08 00:00:00,Asia/Bangkok,78.32854754385966,12.73043478260869,11.37391304347826,28.07005754385962
4232,2021-08-08 01:00:00,Asia/Bangkok,79.26308491228068,11.21739130434783,9.991304347826087,27.9368240350877
4233,2021-08-08 02:00:00,Asia/Bangkok,82.20961598214286,10.11504424778761,8.938053097345133,27.12975410714284
4234,2021-08-08 03:00:00,Asia/Bangkok,84.1557605217391,10.69827586206897,9.655172413793103,26.61449701754385
4235,2021-08-08 04:00:00,Asia/Bangkok,84.28605903508772,8.267241379310345,7.353448275862069,26.37718789473685
4236,2021-08-08 05:00:00,Asia/Bangkok,83.90574815789472,8.827586206896552,7.75,26.51424398230087
4237,2021-08-08 06:00:00,Asia/Bangkok,88.49469628318582,10.54310344827586,9.241379310344827,25.38235078947367
4238,2021-08-08 07:00:00,Asia/Bangkok,87.74168486956528,10.33913043478261,8.921739130434782,25.62975773913045
4239,2021-08-08 08:00:00,Asia/Bangkok,85.11406275862069,10.12068965517241,8.560344827586206,26.84727008620689
4240,2021-08-08 09:00:00,Asia/Bangkok,79.59481321739132,9.709401709401709,7.982905982905983,28.8301343478261
4241,2021-08-08 10:00:00,Asia/Bangkok,71.34516544642858,4.370689655172414,2.948275862068965,30.91945017857141
4242,2021-08-08 11:00:00,Asia/Bangkok,64.5049350909091,3.710526315789474,2.824561403508772,32.83246363636363
4243,2021-08-08 12:00:00,Asia/Bangkok,61.59253378378378,4.922413793103448,3.862068965517242,33.72071765765766
4244,2021-08-08 13:00:00,Asia/Bangkok,58.06164877192986,5.591304347826087,4.747826086956522,35.00196539823008
4245,2021-08-08 14:00:00,Asia/Bangkok,54.48101113043477,6.689655172413793,5.663793103448276,36.31536808695652
4246,2021-08-08 15:00:00,Asia/Bangkok,54.2851757894737,6.956521739130435,5.87719298245614,36.29839745614031
4247,2021-08-08 16:00:00,Asia/Bangkok,56.25460587719299,8.11304347826087,6.956521739130435,35.81544070175442
4248,2021-08-08 17:00:00,Asia/Bangkok,59.37217245614037,8.724137931034482,7.21551724137931,35.00021736842105
4249,2021-08-08 18:00:00,Asia/Bangkok,64.33691637931035,8.71551724137931,6.905172413793103,33.53704330434782
4250,2021-08-08 19:00:00,Asia/Bangkok,66.58839453703708,11.79310344827586,9.948275862068966,32.23289757009346
4251,2021-08-08 20:00:00,Asia/Bangkok,70.4567313829787,16.53608247422681,14.34020618556701,31.53523138297872
4252,2021-08-08 21:00:00,Asia/Bangkok,73.15878116071427,12.0,9.330434782608696,30.84611187499999
4253,2021-08-08 22:00:00,Asia/Bangkok,75.03087280701754,8.663793103448276,7.198275862068965,30.02370736842104
4254,2021-08-08 23:00:00,Asia/Bangkok,76.4248099122807,4.956896551724138,4.060344827586207,29.55953885964914
4255,2021-08-09 00:00:00,Asia/Bangkok,78.58991991304346,5.330434782608696,4.460869565217391,28.99734321739132
4256,2021-08-09 01:00:00,Asia/Bangkok,80.56813852173913,7.129310344827586,6.017241379310345,28.55897336206898
4257,2021-08-09 02:00:00,Asia/Bangkok,81.76413196428571,7.456896551724138,6.362068965517241,28.20859911504425
4258,2021-08-09 03:00:00,Asia/Bangkok,84.40796078260873,7.96551724137931,6.862068965517241,27.80182112068967
4259,2021-08-09 04:00:00,Asia/Bangkok,86.45787854700855,11.03418803418803,9.658119658119658,27.23092301724139
4260,2021-08-09 05:00:00,Asia/Bangkok,86.08776911504425,7.931034482758621,7.0,27.20332734513274
4261,2021-08-09 06:00:00,Asia/Bangkok,84.86982482456139,9.37719298245614,8.034782608695652,27.47141315789474
4262,2021-08-09 07:00:00,Asia/Bangkok,85.43191745614034,9.267241379310345,7.913793103448276,27.27120745614031
4263,2021-08-09 08:00:00,Asia/Bangkok,83.42032973451327,8.172413793103448,6.721739130434782,27.87648840707965
4264,2021-08-09 09:00:00,Asia/Bangkok,78.19060653061226,7.747474747474747,6.313131313131313,29.4860396875
4265,2021-08-09 10:00:00,Asia/Bangkok,69.6940710619469,5.658119658119658,4.35042735042735,31.86454044247788
4266,2021-08-09 11:00:00,Asia/Bangkok,64.04905575221238,6.172413793103448,4.810344827586207,33.62106368421052
4267,2021-08-09 12:00:00,Asia/Bangkok,59.16229241379311,5.196581196581197,4.136752136752137,35.43729330434783
4268,2021-08-09 13:00:00,Asia/Bangkok,57.78077543859647,4.931034482758621,4.008620689655173,35.7440449122807
4269,2021-08-09 14:00:00,Asia/Bangkok,57.04826773913042,8.10344827586207,6.853448275862069,36.16489930434783
4270,2021-08-09 15:00:00,Asia/Bangkok,55.77299614035086,8.086206896551724,7.155172413793103,36.67577798245613
4271,2021-08-09 16:00:00,Asia/Bangkok,55.30449910714288,8.14655172413793,6.974137931034483,36.67160232142858
4272,2021-08-09 17:00:00,Asia/Bangkok,61.17689539130436,9.96551724137931,8.327586206896552,34.9153487826087
4273,2021-08-09 18:00:00,Asia/Bangkok,78.98186964285715,11.13793103448276,9.974137931034482,30.67239247787611
4274,2021-08-09 19:00:00,Asia/Bangkok,83.8344866956522,10.87826086956522,9.741379310344827,29.06346789473686
4275,2021-08-09 20:00:00,Asia/Bangkok,85.5231753153153,3.141592920353983,2.716814159292035,28.04696468468468
4276,2021-08-09 21:00:00,Asia/Bangkok,87.17569707964604,13.53448275862069,12.02608695652174,27.83804176991151
4277,2021-08-09 22:00:00,Asia/Bangkok,88.859166,14.97345132743363,13.67543859649123,27.42820281818182
4278,2021-08-09 23:00:00,Asia/Bangkok,89.83095318965519,8.482758620689655,7.836206896551724,27.13990146551728
4279,2021-08-10 00:00:00,Asia/Bangkok,89.89789761467894,8.078260869565218,7.365217391304347,26.78978541284403
4280,2021-08-10 01:00:00,Asia/Bangkok,89.19703982456139,8.095652173913043,7.452173913043478,26.88052271929826
4281,2021-08-10 02:00:00,Asia/Bangkok,89.84755684210525,7.956521739130435,7.234782608695652,26.61744780701756
4282,2021-08-10 03:00:00,Asia/Bangkok,90.98381151785712,10.83478260869565,10.08695652173913,26.24582741071431
4283,2021-08-10 04:00:00,Asia/Bangkok,89.97521265486724,9.818965517241379,9.10344827586207,26.42678398230089
4284,2021-08-10 05:00:00,Asia/Bangkok,89.44675276785712,10.46551724137931,9.551724137931034,26.330135625
4285,2021-08-10 06:00:00,Asia/Bangkok,90.46540441441442,10.69230769230769,9.982905982905983,26.00190171171171
4286,2021-08-10 07:00:00,Asia/Bangkok,90.5345318421053,11.12068965517241,10.12931034482759,25.98809238938053
4287,2021-08-10 08:00:00,Asia/Bangkok,90.07755289473681,9.03448275862069,7.810344827586207,26.52407921052633
4288,2021-08-10 09:00:00,Asia/Bangkok,85.0782156140351,7.904347826086957,6.669565217391304,28.19823482456141
4289,2021-08-10 10:00:00,Asia/Bangkok,78.60305017857141,7.03448275862069,5.793103448275862,30.10743205357142
4290,2021-08-10 11:00:00,Asia/Bangkok,71.19666310344826,6.189655172413793,4.827586206896552,32.35401594827587
4291,2021-08-10 12:00:00,Asia/Bangkok,64.23168215517244,5.844827586206897,4.689655172413793,34.52780310344827
4292,2021-08-10 13:00:00,Asia/Bangkok,63.31398310344828,5.156521739130435,4.034782608695652,34.27720482758619
4293,2021-08-10 14:00:00,Asia/Bangkok,61.18262763157893,8.594827586206897,6.896551724137931,34.9518952631579
4294,2021-08-10 15:00:00,Asia/Bangkok,63.10651370689652,9.051724137931034,7.732758620689655,34.12218922413793
4295,2021-08-10 16:00:00,Asia/Bangkok,66.13409937499999,5.543103448275862,4.318965517241379,33.23078848214285
4296,2021-08-10 17:00:00,Asia/Bangkok,70.51680132743363,10.51724137931035,9.14655172413793,31.44061902654868
4297,2021-08-10 18:00:00,Asia/Bangkok,76.11220274336284,23.58260869565217,20.06086956521739,29.58755398230087
4298,2021-08-10 19:00:00,Asia/Bangkok,78.96578893805308,22.71551724137931,18.55172413793104,28.59473601769912
4299,2021-08-10 20:00:00,Asia/Bangkok,81.1421158558559,16.57522123893805,14.15044247787611,28.10883954954956
4300,2021-08-10 21:00:00,Asia/Bangkok,81.79014678260873,7.413793103448276,6.293103448275862,27.67490608695653
4301,2021-08-10 22:00:00,Asia/Bangkok,83.16031763157895,4.293103448275862,3.681034482758621,27.37188561403507
4302,2021-08-10 23:00:00,Asia/Bangkok,84.57481491228074,8.724137931034482,7.730434782608696,27.20456622807017
4303,2021-08-11 00:00:00,Asia/Bangkok,85.88130061946904,8.078260869565218,7.301724137931035,27.00116362831857
4304,2021-08-11 01:00:00,Asia/Bangkok,86.40679230088496,9.077586206896552,8.413793103448276,26.854722920354
4305,2021-08-11 02:00:00,Asia/Bangkok,85.67289911504423,5.353982300884955,4.734513274336283,26.74923504424778
4306,2021-08-11 03:00:00,Asia/Bangkok,86.86886254545458,1.517241379310345,1.060344827586207,26.48227663636364
4307,2021-08-11 04:00:00,Asia/Bangkok,88.5510642105263,4.431034482758621,3.879310344827586,26.22530789473684
4308,2021-08-11 05:00:00,Asia/Bangkok,89.7030197272727,2.758620689655173,2.224137931034483,26.01540372727271
4309,2021-08-11 06:00:00,Asia/Bangkok,90.41597263636365,2.052173913043478,1.28695652173913,25.86586763636364
4310,2021-08-11 07:00:00,Asia/Bangkok,90.37377491071432,7.810344827586207,6.482758620689655,25.91998873873873
4311,2021-08-11 08:00:00,Asia/Bangkok,88.60705083333333,12.67543859649123,10.66666666666667,26.69783537037036
4312,2021-08-11 09:00:00,Asia/Bangkok,84.46129991304348,5.086956521739131,3.773913043478261,27.99513417391305
4313,2021-08-11 10:00:00,Asia/Bangkok,77.49412078947368,4.295652173913044,2.991304347826087,29.82308175438597
4314,2021-08-11 11:00:00,Asia/Bangkok,73.44027956521737,6.862068965517241,5.330434782608696,30.97501069565218
4315,2021-08-11 12:00:00,Asia/Bangkok,82.6086462162162,6.607142857142857,5.256637168141593,29.28967909909911
4316,2021-08-11 13:00:00,Asia/Bangkok,82.81725365217387,3.620689655172414,2.853448275862069,29.17655868421052
4317,2021-08-11 14:00:00,Asia/Bangkok,73.47276139130432,0.7327586206896551,0.25,30.07306660869564
4318,2021-08-11 15:00:00,Asia/Bangkok,71.60565122807014,0.7758620689655172,0.3275862068965517,30.33878324561405
4319,2021-08-11 16:00:00,Asia/Bangkok,70.6996960909091,1.803571428571429,1.099099099099099,30.04002618181819
4320,2021-08-11 17:00:00,Asia/Bangkok,71.26868898148147,31.93103448275862,27.24786324786325,30.19935277777778
4321,2021-08-11 18:00:00,Asia/Bangkok,72.33734276785712,14.88695652173913,11.8695652173913,29.62059928571431
4322,2021-08-11 19:00:00,Asia/Bangkok,74.3773142241379,12.02586206896552,9.232758620689655,28.86054222222221
4323,2021-08-11 20:00:00,Asia/Bangkok,78.36630383928569,17.0695652173913,15.07826086956522,28.07903378378376
4324,2021-08-11 21:00:00,Asia/Bangkok,80.65458419642856,24.60344827586207,22.04310344827586,27.96923875
4325,2021-08-11 22:00:00,Asia/Bangkok,83.2184257142857,21.64347826086956,19.58260869565217,27.27116151785714
4326,2021-08-11 23:00:00,Asia/Bangkok,84.14241078947376,11.13793103448276,9.706896551724139,26.83549321739132
4327,2021-08-12 00:00:00,Asia/Bangkok,85.16829741379316,7.82051282051282,6.589743589743589,26.69225603448277
4328,2021-08-12 01:00:00,Asia/Bangkok,86.34353840707959,8.408695652173913,6.947826086956522,26.46334203539824
4329,2021-08-12 02:00:00,Asia/Bangkok,87.99686684210528,10.33620689655172,8.939655172413794,26.07699238938051
4330,2021-08-12 03:00:00,Asia/Bangkok,88.90155347826087,8.350427350427351,7.128205128205129,25.8753579130435
4331,2021-08-12 04:00:00,Asia/Bangkok,89.46193114035091,12.6551724137931,10.88793103448276,25.77240614035089
4332,2021-08-12 05:00:00,Asia/Bangkok,90.24807695652169,13.08620689655172,11.68965517241379,25.6517511304348
4333,2021-08-12 06:00:00,Asia/Bangkok,90.36947891891892,13.0,11.45689655172414,25.68620630630631
4334,2021-08-12 07:00:00,Asia/Bangkok,89.63699138888887,13.0695652173913,11.33913043478261,25.91385177570094
4335,2021-08-12 08:00:00,Asia/Bangkok,89.47575458715599,9.721739130434782,7.886956521739131,26.45802444444445
4336,2021-08-12 09:00:00,Asia/Bangkok,82.88614247787605,7.379310344827586,5.293103448275862,28.45843
4337,2021-08-12 10:00:00,Asia/Bangkok,75.64393086206897,6.367521367521367,4.844827586206897,30.2935572413793
4338,2021-08-12 11:00:00,Asia/Bangkok,68.15074752212391,16.87068965517241,14.47008547008547,31.85945707964601
4339,2021-08-12 12:00:00,Asia/Bangkok,64.99096893805307,22.07758620689655,19.22413793103448,32.93368955752211
4340,2021-08-12 13:00:00,Asia/Bangkok,62.60516464285711,20.76724137931035,13.96521739130435,33.73359696428572
4341,2021-08-12 14:00:00,Asia/Bangkok,59.99462556521738,9.666666666666666,7.82051282051282,34.52448278260869
4342,2021-08-12 15:00:00,Asia/Bangkok,65.63706819819821,4.543103448275862,3.71551724137931,32.46130348214286
4343,2021-08-12 16:00:00,Asia/Bangkok,65.17066910714284,5.0,4.094827586206897,32.58568955357144
4344,2021-08-12 17:00:00,Asia/Bangkok,66.59348991228075,9.887931034482758,8.517241379310345,32.81340657894735
4345,2021-08-12 18:00:00,Asia/Bangkok,68.61215219298248,9.339130434782609,7.843478260869565,31.99082646017697
4346,2021-08-12 19:00:00,Asia/Bangkok,73.79897252173912,20.0,16.95689655172414,30.44670391304348
4347,2021-08-12 20:00:00,Asia/Bangkok,79.32570318181818,27.31578947368421,24.48245614035088,29.36564545454544
4348,2021-08-12 21:00:00,Asia/Bangkok,81.37608236842104,25.87826086956522,23.96521739130435,28.88347780701753
4349,2021-08-12 22:00:00,Asia/Bangkok,83.60870571428575,21.43478260869565,19.65217391304348,28.33942141592919
4350,2021-08-12 23:00:00,Asia/Bangkok,84.18213921739132,14.2,13.19130434782609,28.14712114035088
4351,2021-08-13 00:00:00,Asia/Bangkok,84.48486884955749,15.38793103448276,14.25,27.90817734513276
4352,2021-08-13 01:00:00,Asia/Bangkok,84.30093201834862,10.44347826086956,9.782608695652174,27.38372220183485
4353,2021-08-13 02:00:00,Asia/Bangkok,84.55256724770646,14.33620689655172,13.41379310344828,27.16845388888889
4354,2021-08-13 03:00:00,Asia/Bangkok,85.31242947916665,27.6,23.73,26.96963547368421
4355,2021-08-13 04:00:00,Asia/Bangkok,86.8118865765766,30.47826086956522,26.66379310344828,26.52136675675675
4356,2021-08-13 05:00:00,Asia/Bangkok,86.60537353982299,11.70940170940171,10.72649572649573,26.33724017857144
4357,2021-08-13 06:00:00,Asia/Bangkok,85.94959965217393,9.226086956521739,7.991379310344827,26.38217815789475
4358,2021-08-13 07:00:00,Asia/Bangkok,87.6298513392857,8.0,6.669565217391304,26.08608491071429
4359,2021-08-13 08:00:00,Asia/Bangkok,89.05072000000003,17.77586206896552,14.9051724137931,26.18907716814161
4360,2021-08-13 09:00:00,Asia/Bangkok,84.36281956521744,20.98275862068965,17.62931034482759,27.73797008695652
4361,2021-08-13 10:00:00,Asia/Bangkok,73.72644547826084,7.155172413793103,5.844827586206897,30.19176973913044
4362,2021-08-13 11:00:00,Asia/Bangkok,67.83832336206899,3.560344827586207,2.706896551724138,31.4033545689655
4363,2021-08-13 12:00:00,Asia/Bangkok,64.29766350877193,4.801724137931035,3.947826086956522,33.33988280701755
4364,2021-08-13 13:00:00,Asia/Bangkok,60.45114910714286,4.905172413793103,4.103448275862069,34.58109169642857
4365,2021-08-13 14:00:00,Asia/Bangkok,61.78117508620689,7.474137931034483,6.224137931034483,34.16394217391302
4366,2021-08-13 15:00:00,Asia/Bangkok,64.94796053097346,10.03448275862069,8.60344827586207,33.19982592920352
4367,2021-08-13 16:00:00,Asia/Bangkok,71.61599008695656,3.258620689655173,2.48695652173913,30.55826561403508
4368,2021-08-13 17:00:00,Asia/Bangkok,68.24320321739128,6.730434782608696,5.163793103448276,31.32514878260868
4369,2021-08-13 18:00:00,Asia/Bangkok,71.87613743362833,11.93965517241379,9.741379310344827,30.91834575221238
4370,2021-08-13 19:00:00,Asia/Bangkok,75.25495836734692,27.73469387755102,24.25510204081633,29.89816484848484
4371,2021-08-13 20:00:00,Asia/Bangkok,78.44296644859818,13.5929203539823,12.16666666666667,28.97479728971964
4372,2021-08-13 21:00:00,Asia/Bangkok,78.4354516842105,8.402061855670103,6.938144329896907,28.43049968421052
4373,2021-08-13 22:00:00,Asia/Bangkok,79.46932274336282,7.689655172413793,6.824561403508772,28.02163079646016
4374,2021-08-13 23:00:00,Asia/Bangkok,81.29828566371678,9.89655172413793,9.086206896551724,27.80214716814159
4375,2021-08-14 00:00:00,Asia/Bangkok,81.94930554347826,8.26530612244898,7.510204081632653,27.71015489130432
4376,2021-08-14 01:00:00,Asia/Bangkok,82.15405026315786,7.017241379310345,6.387931034482759,27.63257245614032
4377,2021-08-14 02:00:00,Asia/Bangkok,85.24010843478263,7.431034482758621,6.767241379310345,27.13995347826085
4378,2021-08-14 03:00:00,Asia/Bangkok,86.52870458715597,11.38793103448276,10.47413793103448,27.26811504587155
4379,2021-08-14 04:00:00,Asia/Bangkok,89.78068168141596,17.76724137931035,16.68103448275862,26.68207389380532
4380,2021-08-14 05:00:00,Asia/Bangkok,90.08967819819817,20.61206896551724,19.77586206896552,26.53548801801801
4381,2021-08-14 06:00:00,Asia/Bangkok,91.47914769911505,24.72173913043478,23.30434782608696,26.14587716814158
4382,2021-08-14 07:00:00,Asia/Bangkok,91.3102607317073,27.672,26.584,25.9795118699187
4383,2021-08-14 08:00:00,Asia/Bangkok,91.46245690000005,30.33333333333333,28.61764705882353,26.17798640000003
4384,2021-08-14 09:00:00,Asia/Bangkok,88.32913657894734,22.75862068965517,21.71551724137931,27.27317675438595
4385,2021-08-14 10:00:00,Asia/Bangkok,82.83984198198202,14.66666666666667,13.52631578947368,28.91475045045044
4386,2021-08-14 11:00:00,Asia/Bangkok,76.95590526315789,16.83620689655172,15.87931034482759,30.40242657894738
4387,2021-08-14 12:00:00,Asia/Bangkok,69.7773081081081,18.35344827586207,17.13793103448276,31.98435198198197
4388,2021-08-14 13:00:00,Asia/Bangkok,64.52587920353982,13.69827586206897,12.81034482758621,32.98666876106195
4389,2021-08-14 14:00:00,Asia/Bangkok,60.00371189189193,13.47368421052632,12.71052631578947,34.13522072072075
4390,2021-08-14 15:00:00,Asia/Bangkok,58.46427324561403,11.8448275862069,10.81896551724138,34.29635184210525
4391,2021-08-14 16:00:00,Asia/Bangkok,61.24606018348626,15.51754385964912,12.67826086956522,32.76122495412845
4392,2021-08-14 17:00:00,Asia/Bangkok,69.45033970000001,24.53465346534653,22.81188118811881,31.22296039999999
4393,2021-08-14 18:00:00,Asia/Bangkok,80.08113808695647,84.21739130434783,73.52173913043478,28.83879547826088
4394,2021-08-14 19:00:00,Asia/Bangkok,82.39450460176991,61.68103448275862,52.07692307692308,27.98767300884955
4395,2021-08-14 20:00:00,Asia/Bangkok,84.16458815789473,39.19130434782609,34.28695652173913,27.34677491228072
4396,2021-08-14 21:00:00,Asia/Bangkok,82.29596036036035,34.87387387387388,31.11711711711712,28.0396518018018
4397,2021-08-14 22:00:00,Asia/Bangkok,83.8422743103448,39.93965517241379,34.36206896551724,27.8358675862069
4398,2021-08-14 23:00:00,Asia/Bangkok,86.04409776785715,44.45689655172414,37.35344827586207,27.3096418018018
4399,2021-08-15 00:00:00,Asia/Bangkok,86.61613701754383,44.89655172413793,37.51724137931034,27.18858921052633
4400,2021-08-15 01:00:00,Asia/Bangkok,87.20401818181816,44.01724137931034,37.08620689655172,27.05889545454546
4401,2021-08-15 02:00:00,Asia/Bangkok,87.14925870689652,36.86206896551724,32.70689655172414,26.98976344827585
4402,2021-08-15 03:00:00,Asia/Bangkok,87.67111309090912,34.77586206896552,31.71551724137931,26.80874724770645
4403,2021-08-15 04:00:00,Asia/Bangkok,88.01935132075472,38.30357142857143,35.16964285714285,26.55428509433963
4404,2021-08-15 05:00:00,Asia/Bangkok,89.27336707964604,32.8448275862069,30.47413793103448,26.14099330357144
4405,2021-08-15 06:00:00,Asia/Bangkok,88.32804321739131,21.82905982905983,20.95726495726496,26.02034226086957
4406,2021-08-15 07:00:00,Asia/Bangkok,85.60929792792801,13.5948275862069,12.75862068965517,26.106331981982
4407,2021-08-15 08:00:00,Asia/Bangkok,85.91198008849561,17.47413793103448,15.58620689655172,26.32991805309735
4408,2021-08-15 09:00:00,Asia/Bangkok,83.44003705357143,9.939130434782609,8.939130434782609,27.43743946428572
4409,2021-08-15 10:00:00,Asia/Bangkok,78.04291035087724,7.198275862068965,6.603448275862069,28.73595675438598
4410,2021-08-15 11:00:00,Asia/Bangkok,74.2132275862069,5.863247863247863,5.188034188034188,30.00311284482758
4411,2021-08-15 12:00:00,Asia/Bangkok,69.76947415929203,5.603448275862069,5.094827586206897,31.18852256637167
4412,2021-08-15 13:00:00,Asia/Bangkok,67.15248973214285,10.5304347826087,9.217391304347826,32.00250839285714
4413,2021-08-15 14:00:00,Asia/Bangkok,64.64647765217389,17.43103448275862,15.37931034482759,32.4678634782609
4414,2021-08-15 15:00:00,Asia/Bangkok,75.46147678571428,20.75,19.16379310344828,29.75936098214287
4415,2021-08-15 16:00:00,Asia/Bangkok,86.11866675438598,11.01739130434783,10.45217391304348,27.6472098245614
4416,2021-08-15 17:00:00,Asia/Bangkok,88.00026646551726,4.198275862068965,3.853448275862069,26.24725103448277
4417,2021-08-15 18:00:00,Asia/Bangkok,87.51077008695653,6.808695652173913,6.426086956521739,26.53992069565216
4418,2021-08-15 19:00:00,Asia/Bangkok,88.77673578947363,29.80701754385965,27.30701754385965,26.21118070175438
4419,2021-08-15 20:00:00,Asia/Bangkok,89.00057249999998,23.80172413793104,21.3448275862069,26.06718681034481
4420,2021-08-15 21:00:00,Asia/Bangkok,88.88278333333332,9.81081081081081,9.118181818181819,25.88587666666667
4421,2021-08-15 22:00:00,Asia/Bangkok,88.37503448598136,7.655172413793103,7.213675213675214,25.88387962616824
4422,2021-08-15 23:00:00,Asia/Bangkok,88.49498150442476,10.08695652173913,9.556521739130435,25.96590300884957
4423,2021-08-16 00:00:00,Asia/Bangkok,89.28051072072073,9.741379310344827,9.258620689655173,25.8440899099099
4424,2021-08-16 01:00:00,Asia/Bangkok,88.73072336206896,7.681034482758621,7.25,25.8681580172414
4425,2021-08-16 02:00:00,Asia/Bangkok,89.3233159292035,10.46551724137931,9.862068965517242,25.77962132743364
4426,2021-08-16 03:00:00,Asia/Bangkok,91.12314464912284,13.73275862068965,12.99137931034483,25.38309912280702
4427,2021-08-16 04:00:00,Asia/Bangkok,90.94200070796461,13.35344827586207,12.53448275862069,25.32020336283188
4428,2021-08-16 05:00:00,Asia/Bangkok,90.75585336283183,13.46551724137931,12.48275862068965,25.40229938053094
4429,2021-08-16 06:00:00,Asia/Bangkok,90.61072460869563,12.1551724137931,11.32758620689655,25.36778096491226
4430,2021-08-16 07:00:00,Asia/Bangkok,90.79837147826082,13.43103448275862,12.58620689655172,25.23638234782612
4431,2021-08-16 08:00:00,Asia/Bangkok,91.42011196428575,8.387931034482758,7.53448275862069,25.32723500000002
4432,2021-08-16 09:00:00,Asia/Bangkok,88.86282999999996,7.264957264957265,6.478632478632479,26.29291407079646
4433,2021-08-16 10:00:00,Asia/Bangkok,83.84205720720722,6.413793103448276,5.862068965517241,27.86285747747748
4434,2021-08-16 11:00:00,Asia/Bangkok,74.17889643478264,6.301724137931035,5.732758620689655,30.36431800000001
4435,2021-08-16 12:00:00,Asia/Bangkok,72.28938491071429,8.413793103448276,7.862068965517241,30.8645907142857
4436,2021-08-16 13:00:00,Asia/Bangkok,68.52328403669729,5.155172413793103,4.810344827586207,32.09626431192657
4437,2021-08-16 14:00:00,Asia/Bangkok,68.6156415652174,4.431034482758621,3.879310344827586,31.99886286956522
4438,2021-08-16 15:00:00,Asia/Bangkok,87.75343061403507,3.948717948717949,3.461538461538462,25.80832982300886
4439,2021-08-16 16:00:00,Asia/Bangkok,87.97551176991155,2.922413793103448,2.663793103448276,26.42087548672566
4440,2021-08-16 17:00:00,Asia/Bangkok,86.5750422727273,4.844827586206897,4.577586206896552,26.88848272727273
4441,2021-08-16 18:00:00,Asia/Bangkok,87.34070844827589,7.495726495726496,6.786324786324786,26.59066637931037
4442,2021-08-16 19:00:00,Asia/Bangkok,88.38766267241381,7.982758620689655,7.370689655172414,26.40942443478262
4443,2021-08-16 20:00:00,Asia/Bangkok,88.89132478260872,11.85344827586207,11.13793103448276,26.18994382608696
4444,2021-08-16 21:00:00,Asia/Bangkok,89.02326110091741,14.65486725663717,13.86725663716814,26.02934954128439
4445,2021-08-16 22:00:00,Asia/Bangkok,90.39979171171171,14.66086956521739,13.95652173913044,25.61999963963966
4446,2021-08-16 23:00:00,Asia/Bangkok,90.66178473684208,22.71794871794872,21.69230769230769,25.41397307017542
4447,2021-08-17 00:00:00,Asia/Bangkok,90.69665181034485,15.57758620689655,14.73275862068965,25.27014120689656
4448,2021-08-17 01:00:00,Asia/Bangkok,91.0781045535714,19.8,18.65217391304348,25.25120169642858
4449,2021-08-17 02:00:00,Asia/Bangkok,89.84119173913048,14.86206896551724,14.17241379310345,25.08507678260869
4450,2021-08-17 03:00:00,Asia/Bangkok,89.66097218181818,10.20175438596491,9.833333333333334,24.80367854545457
4451,2021-08-17 04:00:00,Asia/Bangkok,90.28963964912283,9.043103448275861,8.560344827586206,24.5746906140351
4452,2021-08-17 05:00:00,Asia/Bangkok,90.42797339130439,9.565217391304348,9.017391304347827,24.50763808695654
4453,2021-08-17 06:00:00,Asia/Bangkok,90.12094336283181,12.32173913043478,11.70434782608696,24.37557053097344
4454,2021-08-17 07:00:00,Asia/Bangkok,90.6042098230088,18.35344827586207,16.56034482758621,24.26831000000003
4455,2021-08-17 08:00:00,Asia/Bangkok,91.99004513513515,19.36206896551724,17.3448275862069,24.83715693693694
4456,2021-08-17 09:00:00,Asia/Bangkok,87.6988635135135,9.620689655172415,8.85344827586207,26.79963477477477
4457,2021-08-17 10:00:00,Asia/Bangkok,78.75308539130434,4.162393162393163,3.760683760683761,29.1881907826087
4458,2021-08-17 11:00:00,Asia/Bangkok,69.88092034782608,2.060344827586207,1.681034482758621,31.6832701754386
4459,2021-08-17 12:00:00,Asia/Bangkok,64.23544396551722,1.982758620689655,1.568965517241379,33.38748060344828
4460,2021-08-17 13:00:00,Asia/Bangkok,58.21750931034483,2.051282051282051,1.435897435897436,34.97724655172412
4461,2021-08-17 14:00:00,Asia/Bangkok,58.0787274336283,1.801724137931034,1.560344827586207,35.23903292035398
4462,2021-08-17 15:00:00,Asia/Bangkok,59.94447362831858,3.904347826086957,3.504347826086957,34.19269035398231
4463,2021-08-17 16:00:00,Asia/Bangkok,58.51834954545454,1.727272727272727,1.181818181818182,34.86268565217392
4464,2021-08-17 17:00:00,Asia/Bangkok,72.28208107692308,14.16666666666667,12.65151515151515,31.82523584615385
4465,2021-08-17 18:00:00,Asia/Bangkok,73.80047864864865,12.96551724137931,11.23275862068965,29.77413846846847
4466,2021-08-17 19:00:00,Asia/Bangkok,79.19057552631577,4.852173913043479,3.947826086956522,27.48225921052631
4467,2021-08-17 20:00:00,Asia/Bangkok,83.56788767241382,4.232758620689655,3.391304347826087,26.6060540869565
4468,2021-08-17 21:00:00,Asia/Bangkok,84.85822245454548,7.625,6.539823008849558,26.45923909090909
4469,2021-08-17 22:00:00,Asia/Bangkok,86.31137298245616,6.75,5.982758620689655,25.9733343859649
4470,2021-08-17 23:00:00,Asia/Bangkok,87.14314103448272,4.358974358974359,3.726495726495727,25.73183525862069
4471,2021-08-18 00:00:00,Asia/Bangkok,87.28323831858404,5.344827586206897,4.586206896551724,25.68537249999999
4472,2021-08-18 01:00:00,Asia/Bangkok,86.8802011304348,4.258620689655173,3.71551724137931,25.79215342105262
4473,2021-08-18 02:00:00,Asia/Bangkok,87.81912893805311,4.672413793103448,4.146551724137931,25.56438584070801
4474,2021-08-18 03:00:00,Asia/Bangkok,87.10705672566371,5.043103448275862,4.637931034482759,25.69372345132743
4475,2021-08-18 04:00:00,Asia/Bangkok,87.06485930434786,6.965217391304348,6.51304347826087,25.78128241379313
4476,2021-08-18 05:00:00,Asia/Bangkok,87.77801521739127,6.646551724137931,6.362068965517241,25.72502192982456
4477,2021-08-18 06:00:00,Asia/Bangkok,87.65815517543861,7.21551724137931,6.71551724137931,25.67794286956521
4478,2021-08-18 07:00:00,Asia/Bangkok,88.44960612068962,9.452991452991453,8.444444444444445,25.64908060869564
4479,2021-08-18 08:00:00,Asia/Bangkok,89.5587646551724,10.30172413793103,9.439655172413794,25.84546060344827
4480,2021-08-18 09:00:00,Asia/Bangkok,82.92846922413791,6.939655172413793,5.689655172413793,28.07741637931034
4481,2021-08-18 10:00:00,Asia/Bangkok,71.67814052173912,4.29059829059829,3.726495726495727,30.94891234782609
4482,2021-08-18 11:00:00,Asia/Bangkok,66.32658053571429,6.086206896551724,5.077586206896552,32.48884071428572
4483,2021-08-18 12:00:00,Asia/Bangkok,65.4885775652174,6.119658119658119,5.452991452991453,32.2712592173913
4484,2021-08-18 13:00:00,Asia/Bangkok,61.08945389380531,8.318965517241379,7.086206896551724,33.5378228318584
4485,2021-08-18 14:00:00,Asia/Bangkok,58.27829139130436,9.879310344827585,8.370689655172415,33.42631780701754
4486,2021-08-18 15:00:00,Asia/Bangkok,56.22709723214287,18.27586206896552,16.26724137931035,34.51426241071429
4487,2021-08-18 16:00:00,Asia/Bangkok,60.25831626086958,16.30434782608696,14.11206896551724,33.84050721739131
4488,2021-08-18 17:00:00,Asia/Bangkok,62.94593234042553,9.9375,8.854166666666666,32.48953340425532
4489,2021-08-18 18:00:00,Asia/Bangkok,87.24040488372096,21.16279069767442,19.18604651162791,25.8155076744186
4490,2021-08-18 19:00:00,Asia/Bangkok,89.20376035087718,24.93913043478261,23.2695652173913,25.99893701754386
4491,2021-08-18 20:00:00,Asia/Bangkok,88.36779307017545,28.60869565217391,26.06086956521739,26.30026219298249
4492,2021-08-18 21:00:00,Asia/Bangkok,88.71367027027023,39.1140350877193,35.33333333333334,26.39576531531531
4493,2021-08-18 22:00:00,Asia/Bangkok,89.6046847368421,44.97391304347826,41.59130434782609,26.28264815789477
4494,2021-08-18 23:00:00,Asia/Bangkok,89.26282544642854,25.69827586206896,24.43965517241379,26.35145107142857
4495,2021-08-19 00:00:00,Asia/Bangkok,88.92996940170934,14.5982905982906,13.55555555555556,26.22846577586207
4496,2021-08-19 01:00:00,Asia/Bangkok,90.13010818965519,16.63793103448276,15.35344827586207,25.85199767241379
4497,2021-08-19 02:00:00,Asia/Bangkok,89.86475401785711,8.405172413793103,7.637931034482759,25.49506062499999
4498,2021-08-19 03:00:00,Asia/Bangkok,89.48799162162165,7.422413793103448,6.672413793103448,25.46514243243246
4499,2021-08-19 04:00:00,Asia/Bangkok,89.67824698275864,9.384615384615385,8.64102564102564,25.41240577586206
4500,2021-08-19 05:00:00,Asia/Bangkok,89.67731245614036,11.76724137931035,10.94827586206897,25.43788807017545
4501,2021-08-19 06:00:00,Asia/Bangkok,90.15189260869565,14.0948275862069,12.76724137931035,25.25027017391304
4502,2021-08-19 07:00:00,Asia/Bangkok,90.87703442477877,12.78448275862069,11.78448275862069,25.1675903539823
4503,2021-08-19 08:00:00,Asia/Bangkok,91.89755189655169,15.56410256410256,14.16239316239316,25.43340043103451
4504,2021-08-19 09:00:00,Asia/Bangkok,89.84087894736845,17.33620689655172,15.47413793103448,26.43340570175437
4505,2021-08-19 10:00:00,Asia/Bangkok,84.87352785714283,18.87826086956522,16.8,27.88836732142858
4506,2021-08-19 11:00:00,Asia/Bangkok,81.48407027027024,13.88695652173913,11.84347826086957,28.71781981981982
4507,2021-08-19 12:00:00,Asia/Bangkok,77.19789508771935,14.75862068965517,13.49137931034483,30.25960877192982
4508,2021-08-19 13:00:00,Asia/Bangkok,76.6523029565217,16.97435897435897,15.75862068965517,30.5920391304348
4509,2021-08-19 14:00:00,Asia/Bangkok,75.95908375000002,12.42982456140351,11.08695652173913,30.99440955357143
4510,2021-08-19 15:00:00,Asia/Bangkok,77.16113973684213,11.8859649122807,11.2280701754386,30.86827477876103
4511,2021-08-19 16:00:00,Asia/Bangkok,76.7568636283186,10.18103448275862,9.663793103448276,30.91279336283186
4512,2021-08-19 17:00:00,Asia/Bangkok,77.69254061403511,7.793103448275862,7.008620689655173,30.37159736842104
4513,2021-08-19 18:00:00,Asia/Bangkok,76.79587104347829,13.07758620689655,10.93965517241379,30.1224315652174
4514,2021-08-19 19:00:00,Asia/Bangkok,77.80715719298242,13.00862068965517,11.24137931034483,28.39689254385964
4515,2021-08-19 20:00:00,Asia/Bangkok,79.89098460869565,10.22413793103448,8.870689655172415,27.16429060869566
4516,2021-08-19 21:00:00,Asia/Bangkok,83.69524083333333,8.29203539823009,7.088495575221239,26.50868607476634
4517,2021-08-19 22:00:00,Asia/Bangkok,85.77852495652172,7.931034482758621,7.051724137931035,26.18378947826088
4518,2021-08-19 23:00:00,Asia/Bangkok,87.11320189655169,7.53448275862069,6.801724137931035,26.10364956896552
4519,2021-08-20 00:00:00,Asia/Bangkok,86.70606902654863,8.163793103448276,6.827586206896552,26.30905336283186
4520,2021-08-20 01:00:00,Asia/Bangkok,87.04529905172416,6.120689655172414,5.53448275862069,26.19248474137934
4521,2021-08-20 02:00:00,Asia/Bangkok,87.65261156521741,7.198275862068965,6.405172413793103,26.10514269565219
4522,2021-08-20 03:00:00,Asia/Bangkok,88.32916535087718,8.620689655172415,7.956896551724138,25.94534254385965
4523,2021-08-20 04:00:00,Asia/Bangkok,88.42535187499996,12.2719298245614,11.43478260869565,25.94360428571428
4524,2021-08-20 05:00:00,Asia/Bangkok,89.18347591304348,11.24137931034483,10.43965517241379,25.87754104347827
4525,2021-08-20 06:00:00,Asia/Bangkok,89.34367333333329,12.00869565217391,11.25217391304348,25.71858043859648
4526,2021-08-20 07:00:00,Asia/Bangkok,90.10741695652175,13.70434782608696,12.57391304347826,25.47884947826086
4527,2021-08-20 08:00:00,Asia/Bangkok,90.8194166666667,15.40869565217391,13.76521739130435,25.6740790990991
4528,2021-08-20 09:00:00,Asia/Bangkok,82.85112157894737,7.948275862068965,6.836206896551724,27.89653517543861
4529,2021-08-20 10:00:00,Asia/Bangkok,74.86744122807016,10.55172413793103,8.862068965517242,30.24782373913042
4530,2021-08-20 11:00:00,Asia/Bangkok,65.41757946428572,9.153846153846153,7.948717948717949,32.9154081081081
4531,2021-08-20 12:00:00,Asia/Bangkok,60.93516412280699,9.293103448275861,8.293103448275861,34.23652859649123
4532,2021-08-20 13:00:00,Asia/Bangkok,57.90853357142858,9.275862068965518,8.275862068965518,34.73935821428571
4533,2021-08-20 14:00:00,Asia/Bangkok,65.0347081415929,7.689655172413793,7.258620689655173,33.2356010619469
4534,2021-08-20 15:00:00,Asia/Bangkok,64.46037324561404,5.974137931034483,5.517241379310345,33.20641280701756
4535,2021-08-20 16:00:00,Asia/Bangkok,65.87272053571427,10.66666666666667,9.581196581196581,33.4045025
4536,2021-08-20 17:00:00,Asia/Bangkok,84.66928796460178,3.137931034482758,2.5,26.94111734513274
4537,2021-08-20 18:00:00,Asia/Bangkok,88.03621780701758,4.78448275862069,4.422413793103448,26.37629745614034
4538,2021-08-20 19:00:00,Asia/Bangkok,87.63167391304347,5.362068965517241,5.043103448275862,26.43858765217393
4539,2021-08-20 20:00:00,Asia/Bangkok,88.9801096428572,9.341880341880342,8.666666666666666,26.21824107142858
4540,2021-08-20 21:00:00,Asia/Bangkok,88.58102318181822,11.65765765765766,10.91891891891892,26.18441072727273
4541,2021-08-20 22:00:00,Asia/Bangkok,87.47625258928574,8.258620689655173,7.775862068965517,26.11213097345135
4542,2021-08-20 23:00:00,Asia/Bangkok,88.65214469565215,9.137931034482758,8.594827586206897,25.90051043859651
4543,2021-08-21 00:00:00,Asia/Bangkok,90.19914377192978,10.91452991452991,10.08547008547009,25.67500771929828
4544,2021-08-21 01:00:00,Asia/Bangkok,91.45592522522522,15.5,14.43103448275862,25.4492172972973
4545,2021-08-21 02:00:00,Asia/Bangkok,91.0802238938053,14.80172413793103,14.12068965517241,25.48292938053097
4546,2021-08-21 03:00:00,Asia/Bangkok,91.68229521739129,12.92241379310345,12.1551724137931,25.29252973913044
4547,2021-08-21 04:00:00,Asia/Bangkok,92.65276581818183,11.94871794871795,11.35897435897436,24.77010545454542
4548,2021-08-21 05:00:00,Asia/Bangkok,92.5053880530973,10.62068965517241,10.06034482758621,24.79723973451329
4549,2021-08-21 06:00:00,Asia/Bangkok,91.80255830645157,10.46774193548387,9.952380952380953,24.9544739516129
4550,2021-08-21 07:00:00,Asia/Bangkok,92.28971438095235,11.0,10.47663551401869,24.77029771428571
4551,2021-08-21 08:00:00,Asia/Bangkok,91.26477192982456,8.869565217391305,8.217391304347826,25.60862438596491
4552,2021-08-21 09:00:00,Asia/Bangkok,85.57517807017538,5.103448275862069,4.396551724137931,27.87320438596491
4553,2021-08-21 10:00:00,Asia/Bangkok,76.77721429824564,11.72413793103448,10.11206896551724,29.84664692982457
4554,2021-08-21 11:00:00,Asia/Bangkok,70.55656295652174,14.37068965517241,12.78448275862069,31.27921947826086
4555,2021-08-21 12:00:00,Asia/Bangkok,66.11868308411216,8.068965517241379,7.25,32.45845168224299
4556,2021-08-21 13:00:00,Asia/Bangkok,66.50827232142858,9.017241379310345,8.275862068965518,32.508988125
4557,2021-08-21 14:00:00,Asia/Bangkok,62.67004584070795,7.914529914529915,7.384615384615385,33.59335548672568
4558,2021-08-21 15:00:00,Asia/Bangkok,60.28652175438597,7.929824561403509,7.473684210526316,34.06874254385965
4559,2021-08-21 16:00:00,Asia/Bangkok,60.89962534482761,12.69827586206897,12.21551724137931,34.012497008547
4560,2021-08-21 17:00:00,Asia/Bangkok,63.61331,12.34782608695652,11.81739130434783,33.30150911504424
4561,2021-08-21 18:00:00,Asia/Bangkok,70.22457123893804,9.878260869565217,9.156521739130435,30.82987017699113
4562,2021-08-21 19:00:00,Asia/Bangkok,83.56409874999997,9.826086956521738,8.921739130434782,27.44434513274335
4563,2021-08-21 20:00:00,Asia/Bangkok,85.8134862280702,5.435897435897436,5.017094017094017,26.74578522123893
4564,2021-08-21 21:00:00,Asia/Bangkok,87.04656205357142,9.473214285714286,8.892857142857142,26.88017258928572
4565,2021-08-21 22:00:00,Asia/Bangkok,89.01788114035085,15.21551724137931,14.47413793103448,26.5435692105263
4566,2021-08-21 23:00:00,Asia/Bangkok,90.03851876106198,19.86206896551724,18.87931034482759,26.33375839285715
4567,2021-08-22 00:00:00,Asia/Bangkok,89.25778684684687,14.88888888888889,14.27350427350427,26.39970990990991
4568,2021-08-22 01:00:00,Asia/Bangkok,88.14102672566369,10.91379310344828,10.37068965517241,26.40634292035399
4569,2021-08-22 02:00:00,Asia/Bangkok,89.07536278260868,11.30088495575221,10.71681415929203,26.01997286956523
4570,2021-08-22 03:00:00,Asia/Bangkok,90.7003538053098,11.51304347826087,10.9304347826087,25.5495694690266
4571,2021-08-22 04:00:00,Asia/Bangkok,90.63878672413793,14.19491525423729,13.38983050847458,25.40015539130435
4572,2021-08-22 05:00:00,Asia/Bangkok,91.58031278260869,12.70689655172414,12.02586206896552,25.20656739130437
4573,2021-08-22 06:00:00,Asia/Bangkok,91.27903743362836,9.629310344827585,9.051724137931034,25.25488539823007
4574,2021-08-22 07:00:00,Asia/Bangkok,91.84595777777784,26.82051282051282,23.51282051282051,25.13737239316239
4575,2021-08-22 08:00:00,Asia/Bangkok,92.81586345132746,11.14655172413793,10.46551724137931,25.60966327433629
4576,2021-08-22 09:00:00,Asia/Bangkok,86.99971162162163,6.275862068965517,5.948275862068965,27.61610504504505
4577,2021-08-22 10:00:00,Asia/Bangkok,76.91050801724143,2.879310344827586,2.452991452991453,29.70454387931034
4578,2021-08-22 11:00:00,Asia/Bangkok,71.86378089285718,3.422413793103448,3.094827586206896,31.14421169642855
4579,2021-08-22 12:00:00,Asia/Bangkok,68.79227616071431,4.487179487179487,4.247863247863248,31.83382738738738
4580,2021-08-22 13:00:00,Asia/Bangkok,77.6401652586207,1.46551724137931,1.181034482758621,29.21881862068967
4581,2021-08-22 14:00:00,Asia/Bangkok,81.36355271929823,0.8017241379310345,0.6379310344827587,28.33086796460178
4582,2021-08-22 15:00:00,Asia/Bangkok,79.21750103448272,2.547826086956522,2.353448275862069,28.40731767241379
4583,2021-08-22 16:00:00,Asia/Bangkok,75.76165903508772,1.726495726495727,1.568965517241379,29.29817561403511
4584,2021-08-22 17:00:00,Asia/Bangkok,73.79453026315784,0.5043478260869565,0.2844827586206897,28.92407298245615
4585,2021-08-22 18:00:00,Asia/Bangkok,69.26206495575222,0.4051724137931034,0.1896551724137931,28.41764649122807
4586,2021-08-22 19:00:00,Asia/Bangkok,72.8237076724138,1.658119658119658,1.427350427350427,27.23529730434784
4587,2021-08-22 20:00:00,Asia/Bangkok,73.86493614035088,1.568965517241379,1.362068965517241,26.80240508771932
4588,2021-08-22 21:00:00,Asia/Bangkok,78.71668768518519,3.982300884955752,3.469026548672566,25.94191724770646
4589,2021-08-22 22:00:00,Asia/Bangkok,80.5132560176991,1.793103448275862,1.482758620689655,25.5499239823009
4590,2021-08-22 23:00:00,Asia/Bangkok,83.04571351351352,1.341880341880342,1.060344827586207,25.05121675675674
4591,2021-08-23 00:00:00,Asia/Bangkok,84.12359279279276,2.827586206896552,2.47008547008547,24.91401783783782
4592,2021-08-23 01:00:00,Asia/Bangkok,84.02670787610619,2.756521739130435,2.478260869565217,24.9274746902655
4593,2021-08-23 02:00:00,Asia/Bangkok,82.93115113043481,1.853448275862069,1.568965517241379,24.95007600000003
4594,2021-08-23 03:00:00,Asia/Bangkok,84.57486071428572,2.714285714285714,2.410714285714286,24.86797171171173
4595,2021-08-23 04:00:00,Asia/Bangkok,87.31695663716812,6.339130434782609,5.930434782608696,24.59599849557522
4596,2021-08-23 05:00:00,Asia/Bangkok,88.26023646017703,6.0,5.626086956521739,24.57327026785714
4597,2021-08-23 06:00:00,Asia/Bangkok,88.7136511403509,4.655172413793103,4.327586206896552,24.548034122807
4598,2021-08-23 07:00:00,Asia/Bangkok,89.00011124999996,7.043103448275862,6.543103448275862,24.71901758928573
4599,2021-08-23 08:00:00,Asia/Bangkok,86.93043385964904,5.589743589743589,5.008547008547009,25.67561833333334
4600,2021-08-23 09:00:00,Asia/Bangkok,82.12385089285716,2.68695652173913,2.321739130434783,27.3166928828829
4601,2021-08-23 10:00:00,Asia/Bangkok,78.25832715517238,2.017241379310345,1.793103448275862,28.70100560344826
4602,2021-08-23 11:00:00,Asia/Bangkok,72.69086184210532,4.577586206896552,4.206896551724138,30.46274254385964
4603,2021-08-23 12:00:00,Asia/Bangkok,69.71122973684209,5.008620689655173,4.612068965517241,31.2790192982456
4604,2021-08-23 13:00:00,Asia/Bangkok,64.78583396396397,3.0,2.75,33.09007645454545
4605,2021-08-23 14:00:00,Asia/Bangkok,57.89065904347827,2.21551724137931,1.991452991452991,35.17330330434782
4606,2021-08-23 15:00:00,Asia/Bangkok,57.82194807017541,2.655172413793104,2.469565217391304,35.25666359649122
4607,2021-08-23 16:00:00,Asia/Bangkok,56.54981617391304,3.112068965517242,2.923076923076923,35.51909930434781
4608,2021-08-23 17:00:00,Asia/Bangkok,61.80414336283183,7.78448275862069,7.413793103448276,33.83013893805309
4609,2021-08-23 18:00:00,Asia/Bangkok,65.53388991304345,8.922413793103448,8.267241379310345,32.52777182608698
4610,2021-08-23 19:00:00,Asia/Bangkok,66.36413672727271,8.387931034482758,7.681034482758621,30.60281099999998
4611,2021-08-23 20:00:00,Asia/Bangkok,74.90498631578946,8.068965517241379,7.422413793103448,29.15255008849558
4612,2021-08-23 21:00:00,Asia/Bangkok,79.23401225225224,4.401785714285714,3.991071428571428,28.63002272727272
4613,2021-08-23 22:00:00,Asia/Bangkok,80.54058581196581,5.478632478632479,4.982905982905983,28.42002940170939
4614,2021-08-23 23:00:00,Asia/Bangkok,82.79700654867253,4.603448275862069,4.189655172413793,27.82008309734513
4615,2021-08-24 00:00:00,Asia/Bangkok,83.55892592592593,6.060344827586207,5.551724137931035,27.60552518518519
4616,2021-08-24 01:00:00,Asia/Bangkok,84.59183886956524,7.556521739130435,6.973913043478261,27.33605543103449
4617,2021-08-24 02:00:00,Asia/Bangkok,86.43685710526316,9.316239316239317,8.820512820512821,26.8609375221239
4618,2021-08-24 03:00:00,Asia/Bangkok,86.30331732758617,8.172413793103448,7.672413793103448,26.70966043103447
4619,2021-08-24 04:00:00,Asia/Bangkok,85.10506159292038,7.181034482758621,6.698275862068965,26.67772619469024
4620,2021-08-24 05:00:00,Asia/Bangkok,86.29295640350877,7.991379310344827,7.482758620689655,26.43642640350878
4621,2021-08-24 06:00:00,Asia/Bangkok,87.71422439655169,9.897435897435898,9.324786324786325,26.07519732758621
4622,2021-08-24 07:00:00,Asia/Bangkok,89.67030389380533,14.56896551724138,13.78448275862069,25.7914368141593
4623,2021-08-24 08:00:00,Asia/Bangkok,87.48119347826085,7.70940170940171,7.145299145299146,26.68544234782608
4624,2021-08-24 09:00:00,Asia/Bangkok,83.40013357142857,5.405172413793103,4.758620689655173,27.87871044642856
4625,2021-08-24 10:00:00,Asia/Bangkok,79.5035960909091,3.608695652173913,3.260869565217391,29.04963774774775
4626,2021-08-24 11:00:00,Asia/Bangkok,74.28992657894736,3.91304347826087,3.403508771929824,30.22290221238939
4627,2021-08-24 12:00:00,Asia/Bangkok,67.9441285087719,4.903508771929824,4.56140350877193,31.98661840707964
4628,2021-08-24 13:00:00,Asia/Bangkok,65.56111739130438,7.568965517241379,7.198275862068965,33.17373765217389
4629,2021-08-24 14:00:00,Asia/Bangkok,65.46390909090907,5.121739130434783,4.817391304347826,32.97037327272727
4630,2021-08-24 15:00:00,Asia/Bangkok,68.96691035714286,2.103448275862069,1.862068965517241,31.28366455357142
4631,2021-08-24 16:00:00,Asia/Bangkok,74.36933991150443,0.8793103448275862,0.6551724137931034,29.18621642857143
4632,2021-08-24 17:00:00,Asia/Bangkok,81.85417221238936,2.155172413793104,1.836206896551724,27.19073212389377
4633,2021-08-24 18:00:00,Asia/Bangkok,81.29137695652175,1.318965517241379,0.9482758620689655,26.90733599999998
4634,2021-08-24 19:00:00,Asia/Bangkok,82.51747382608691,8.051724137931034,7.431034482758621,26.4968822413793
4635,2021-08-24 20:00:00,Asia/Bangkok,83.3379993693694,3.577586206896552,3.137931034482758,26.27639209090911
4636,2021-08-24 21:00:00,Asia/Bangkok,83.20876964601767,1.991150442477876,1.625,26.20412707964602
4637,2021-08-24 22:00:00,Asia/Bangkok,81.92255678260871,1.439655172413793,1.128205128205128,26.27021617391306
4638,2021-08-24 23:00:00,Asia/Bangkok,79.33848035087716,0.456896551724138,0.2413793103448276,26.16259771929826
4639,2021-08-25 00:00:00,Asia/Bangkok,77.85757982456143,0.3362068965517241,0.1810344827586207,26.07372903508774
4640,2021-08-25 01:00:00,Asia/Bangkok,76.63412728070173,0.2173913043478261,0.1130434782608696,26.32096973684212
4641,2021-08-25 02:00:00,Asia/Bangkok,78.58001681034483,0.5470085470085471,0.3931623931623932,26.01813094827587
4642,2021-08-25 03:00:00,Asia/Bangkok,74.33969939130436,0.7217391304347827,0.5478260869565217,26.17443373913043
4643,2021-08-25 04:00:00,Asia/Bangkok,76.12620192982457,2.525862068965517,2.206896551724138,25.80934622807019
4644,2021-08-25 05:00:00,Asia/Bangkok,75.37970469026547,1.336206896551724,1.060344827586207,25.96486407079646
4645,2021-08-25 06:00:00,Asia/Bangkok,76.07626705357141,0.8275862068965517,0.6206896551724138,26.11755499999999
4646,2021-08-25 07:00:00,Asia/Bangkok,80.19746212389386,1.634782608695652,1.356521739130435,25.26209442477877
4647,2021-08-25 08:00:00,Asia/Bangkok,80.76625365217397,2.198275862068965,1.818965517241379,25.33372269565217
4648,2021-08-25 09:00:00,Asia/Bangkok,78.44115095652177,3.260869565217391,2.791304347826087,26.51526139130433
4649,2021-08-25 10:00:00,Asia/Bangkok,72.14456254385965,5.426086956521739,4.782608695652174,28.62405859649122
4650,2021-08-25 11:00:00,Asia/Bangkok,65.9728275609756,10.8433734939759,10.0,31.02344646341463
4651,2021-08-25 12:00:00,Asia/Bangkok,60.73355266129033,6.412698412698413,5.809523809523809,32.82690691056909
4652,2021-08-25 13:00:00,Asia/Bangkok,60.07556388429753,5.632,5.016,33.43857157024795
4653,2021-08-25 14:00:00,Asia/Bangkok,58.57977,4.696,4.28,34.23851341463413
4654,2021-08-25 15:00:00,Asia/Bangkok,59.74790537815127,8.223140495867769,7.512396694214876,33.17762394957985
4655,2021-08-25 16:00:00,Asia/Bangkok,61.61725879310345,27.26495726495726,24.33620689655172,32.96611931034484
4656,2021-08-25 17:00:00,Asia/Bangkok,68.44665168141593,7.026086956521739,6.568965517241379,29.8971499122807
4657,2021-08-25 18:00:00,Asia/Bangkok,75.48292504424782,10.91452991452991,10.00854700854701,27.6773636607143
4658,2021-08-25 19:00:00,Asia/Bangkok,77.86549017699116,18.71551724137931,16.95689655172414,27.23898743362834
4659,2021-08-25 20:00:00,Asia/Bangkok,80.48915999999997,10.28448275862069,9.077586206896552,26.87194885964913
4660,2021-08-25 21:00:00,Asia/Bangkok,81.58506745454541,8.818181818181818,7.663636363636364,26.95587172727271
4661,2021-08-25 22:00:00,Asia/Bangkok,82.71550307017542,4.730434782608696,4.226086956521739,26.90663956521742
4662,2021-08-25 23:00:00,Asia/Bangkok,84.27366886956523,4.241379310344827,3.724137931034483,26.45699254385964
4663,2021-08-26 00:00:00,Asia/Bangkok,82.94861260869567,4.758620689655173,4.21551724137931,26.40194686956521
4664,2021-08-26 01:00:00,Asia/Bangkok,84.44072269565216,5.267241379310345,4.75,25.97331175438597
4665,2021-08-26 02:00:00,Asia/Bangkok,85.20365482758619,4.017241379310345,3.517241379310345,25.82152034482759
4666,2021-08-26 03:00:00,Asia/Bangkok,86.48284104347825,1.758620689655172,1.474137931034483,25.53128139130433
4667,2021-08-26 04:00:00,Asia/Bangkok,87.24062088495576,1.017699115044248,0.831858407079646,25.16941247787614
4668,2021-08-26 05:00:00,Asia/Bangkok,86.94899859649122,0.9741379310344828,0.7586206896551724,25.26270823008848
4669,2021-08-26 06:00:00,Asia/Bangkok,87.41117347826086,3.03448275862069,2.732758620689655,25.16739460869565
4670,2021-08-26 07:00:00,Asia/Bangkok,90.0080732173913,1.863247863247863,1.487179487179487,24.42906217391306
4671,2021-08-26 08:00:00,Asia/Bangkok,88.17922778761063,2.104347826086956,1.773913043478261,24.94264548672566
4672,2021-08-26 09:00:00,Asia/Bangkok,86.61992191304347,1.75,1.46551724137931,25.78602965217392
4673,2021-08-26 10:00:00,Asia/Bangkok,79.23445601769912,1.128205128205128,0.811965811965812,27.46908663716815
4674,2021-08-26 11:00:00,Asia/Bangkok,73.70956826086956,3.637931034482758,3.155172413793104,29.27974782608697
4675,2021-08-26 12:00:00,Asia/Bangkok,70.37995695652172,3.422413793103448,2.862068965517242,30.82921121739132
4676,2021-08-26 13:00:00,Asia/Bangkok,69.86920070175437,5.25,4.603448275862069,31.2220994736842
4677,2021-08-26 14:00:00,Asia/Bangkok,64.56271752212389,4.905172413793103,4.396551724137931,32.3090438938053
4678,2021-08-26 15:00:00,Asia/Bangkok,65.99603354545455,8.085470085470085,7.512820512820513,32.74699247706424
4679,2021-08-26 16:00:00,Asia/Bangkok,76.5616064864865,14.99137931034483,14.18965517241379,30.16096900000001
4680,2021-08-26 17:00:00,Asia/Bangkok,85.19026729729727,10.58620689655172,9.793103448275861,27.75811333333332
4681,2021-08-26 18:00:00,Asia/Bangkok,85.05762173913043,8.042735042735043,7.418803418803419,27.59738833333331
4682,2021-08-26 19:00:00,Asia/Bangkok,83.69007592920353,11.54310344827586,10.64655172413793,27.60387973451328
4683,2021-08-26 20:00:00,Asia/Bangkok,83.21324087719297,17.94827586206896,16.62068965517241,27.85392176991151
4684,2021-08-26 21:00:00,Asia/Bangkok,84.09877584070797,19.8141592920354,17.86607142857143,27.71310389380532
4685,2021-08-26 22:00:00,Asia/Bangkok,85.41031921739128,7.405172413793103,6.786324786324786,27.12177104347826
4686,2021-08-26 23:00:00,Asia/Bangkok,85.94140415929203,8.474137931034482,7.689655172413793,26.69377061946903
4687,2021-08-27 00:00:00,Asia/Bangkok,86.12123885964907,7.495575221238938,6.902654867256637,26.47971535087722
4688,2021-08-27 01:00:00,Asia/Bangkok,86.0728213274336,6.660869565217391,5.991304347826087,26.17600769911502
4689,2021-08-27 02:00:00,Asia/Bangkok,86.08709157894734,6.491228070175438,5.964912280701754,25.90585131578944
4690,2021-08-27 03:00:00,Asia/Bangkok,85.08652780701755,3.336206896551724,3.025862068965517,25.69480491228069
4691,2021-08-27 04:00:00,Asia/Bangkok,85.24896859649122,4.153846153846154,3.717948717948718,25.71644956140349
4692,2021-08-27 05:00:00,Asia/Bangkok,86.84460771929825,6.594827586206897,6.094827586206897,25.50525614035088
4693,2021-08-27 06:00:00,Asia/Bangkok,89.00183681034478,7.301724137931035,6.732758620689655,24.99995113043478
4694,2021-08-27 07:00:00,Asia/Bangkok,89.743393963964,13.35087719298246,12.42608695652174,24.89635927927928
4695,2021-08-27 08:00:00,Asia/Bangkok,89.6556156140351,11.35652173913043,10.63478260869565,25.39518622807018
4696,2021-08-27 09:00:00,Asia/Bangkok,84.99309008849552,12.14782608695652,11.04347826086956,27.22171433628318
4697,2021-08-27 10:00:00,Asia/Bangkok,76.92580628318586,5.260869565217392,4.582608695652174,29.73851035398231
4698,2021-08-27 11:00:00,Asia/Bangkok,68.71513104347828,5.724137931034483,5.155172413793103,32.37020086956523
4699,2021-08-27 12:00:00,Asia/Bangkok,64.23502699115043,6.991304347826087,6.51304347826087,33.54798580357141
4700,2021-08-27 13:00:00,Asia/Bangkok,60.68354329999999,7.057692307692307,6.557692307692307,34.01479326732672
4701,2021-08-27 14:00:00,Asia/Bangkok,59.04725637168141,10.24561403508772,9.81578947368421,34.84606946902654
4702,2021-08-27 15:00:00,Asia/Bangkok,66.17258276595744,4.114583333333333,3.789473684210526,32.23702215053762
4703,2021-08-27 16:00:00,Asia/Bangkok,72.57908592592592,14.50588235294118,13.45348837209302,30.61616160493826
4704,2021-08-27 17:00:00,Asia/Bangkok,75.62926407407407,22.61818181818182,20.03636363636364,29.67866490740742
4705,2021-08-27 18:00:00,Asia/Bangkok,78.85205368421052,18.71304347826087,17.1304347826087,29.06821226086957
4706,2021-08-27 19:00:00,Asia/Bangkok,81.11072070796465,36.31623931623932,31.65811965811966,28.75829928571428
4707,2021-08-27 20:00:00,Asia/Bangkok,82.46655429824567,20.53448275862069,19.46551724137931,28.26053999999997
4708,2021-08-27 21:00:00,Asia/Bangkok,84.785859266055,35.95535714285715,31.50892857142857,27.61297981651375
4709,2021-08-27 22:00:00,Asia/Bangkok,85.75710982758625,44.69230769230769,37.70940170940171,27.22260991379313
4710,2021-08-27 23:00:00,Asia/Bangkok,86.79885504504502,33.47826086956522,30.22608695652174,26.86040414414413
4711,2021-08-28 00:00:00,Asia/Bangkok,86.91059634782611,12.07758620689655,11.33620689655172,26.64453304347827
4712,2021-08-28 01:00:00,Asia/Bangkok,86.71538626086962,10.37931034482759,9.801724137931034,26.56037765217391
4713,2021-08-28 02:00:00,Asia/Bangkok,86.78698307017541,10.26086956521739,9.64655172413793,26.41895254385967
4714,2021-08-28 03:00:00,Asia/Bangkok,87.54972149122807,11.86842105263158,11.30701754385965,26.28037684210525
4715,2021-08-28 04:00:00,Asia/Bangkok,89.47301009090907,16.03603603603604,15.12612612612613,25.82117699999998
4716,2021-08-28 05:00:00,Asia/Bangkok,89.43012577235774,19.9758064516129,18.88709677419355,25.86181778688523
4717,2021-08-28 06:00:00,Asia/Bangkok,89.86017991228071,20.18965517241379,19.31034482758621,25.7564792982456
4718,2021-08-28 07:00:00,Asia/Bangkok,90.04766333333336,24.27586206896552,22.92241379310345,25.66643657894737
4719,2021-08-28 08:00:00,Asia/Bangkok,89.4664675221239,25.58620689655172,24.23275862068965,26.21819097345132
4720,2021-08-28 09:00:00,Asia/Bangkok,84.70474473684212,14.37068965517241,13.64655172413793,27.8815898245614
4721,2021-08-28 10:00:00,Asia/Bangkok,76.92822486956524,9.726495726495726,9.094017094017094,29.96030913043479
4722,2021-08-28 11:00:00,Asia/Bangkok,68.67187769911502,7.310344827586207,6.71551724137931,31.63333194690266
4723,2021-08-28 12:00:00,Asia/Bangkok,62.00392113043478,7.681034482758621,7.051724137931035,32.83978434782608
4724,2021-08-28 13:00:00,Asia/Bangkok,56.48842113043479,7.543103448275862,7.03448275862069,34.28105155172413
4725,2021-08-28 14:00:00,Asia/Bangkok,54.03218333333334,10.04310344827586,9.52991452991453,34.69936787610619
4726,2021-08-28 15:00:00,Asia/Bangkok,55.05869637168144,11.04347826086956,10.48695652173913,34.84621115044246
4727,2021-08-28 16:00:00,Asia/Bangkok,55.30413530434783,12.26495726495727,11.64102564102564,34.95881695652174
4728,2021-08-28 17:00:00,Asia/Bangkok,59.03311814159292,12.96460176991151,12.15929203539823,33.19056123893808
4729,2021-08-28 18:00:00,Asia/Bangkok,63.50256635593222,23.21008403361344,21.89075630252101,32.10232830508475
4730,2021-08-28 19:00:00,Asia/Bangkok,69.03065705357143,41.88034188034188,36.17948717948718,31.25166866071429
4731,2021-08-28 20:00:00,Asia/Bangkok,75.12081283185843,46.50862068965517,39.56896551724138,29.9935381415929
4732,2021-08-28 21:00:00,Asia/Bangkok,77.75565467289718,42.35398230088496,35.79646017699115,29.20072560747665
4733,2021-08-28 22:00:00,Asia/Bangkok,79.06627098214285,41.07758620689656,35.08620689655172,28.61698535714284
4734,2021-08-28 23:00:00,Asia/Bangkok,81.33568549549548,40.62931034482759,34.78448275862069,28.06452684684683
4735,2021-08-29 00:00:00,Asia/Bangkok,83.47158719298243,34.59130434782609,31.12280701754386,27.43890271929823
4736,2021-08-29 01:00:00,Asia/Bangkok,84.10951879310342,33.31034482758621,30.4051724137931,27.22286310344826
4737,2021-08-29 02:00:00,Asia/Bangkok,84.97611666666666,37.99130434782609,33.16521739130435,26.81343500000002
4738,2021-08-29 03:00:00,Asia/Bangkok,84.97822890909094,33.54954954954955,30.62162162162162,26.35948918181817
4739,2021-08-29 04:00:00,Asia/Bangkok,84.39190017094018,37.90082644628099,33.38842975206612,26.15641247863246
4740,2021-08-29 05:00:00,Asia/Bangkok,85.62074232142858,40.18803418803419,34.93162393162393,25.62869758928575
4741,2021-08-29 06:00:00,Asia/Bangkok,87.31141224137933,49.12820512820513,40.35042735042735,24.97824465517241
4742,2021-08-29 07:00:00,Asia/Bangkok,87.51079486956522,54.33620689655172,44.18103448275862,24.98650878260869
4743,2021-08-29 08:00:00,Asia/Bangkok,88.39137356521738,37.92241379310344,33.10344827586207,25.78693573913044
4744,2021-08-29 09:00:00,Asia/Bangkok,81.43962310344823,22.99137931034483,21.58620689655172,27.81174137931033
4745,2021-08-29 10:00:00,Asia/Bangkok,73.72988353448281,13.97413793103448,13.23275862068965,29.83175293103449
4746,2021-08-29 11:00:00,Asia/Bangkok,63.74405146551724,15.56410256410256,14.88034188034188,32.12671525862068
4747,2021-08-29 12:00:00,Asia/Bangkok,58.19859192982459,15.74782608695652,15.16521739130435,33.52760184210529
4748,2021-08-29 13:00:00,Asia/Bangkok,53.99514203539822,14.03448275862069,13.47413793103448,35.03174123893805
4749,2021-08-29 14:00:00,Asia/Bangkok,53.75736139130435,13.33620689655172,12.89655172413793,35.22283260869563
4750,2021-08-29 15:00:00,Asia/Bangkok,54.06976345132742,15.60526315789474,15.04347826086956,35.36009663716816
4751,2021-08-29 16:00:00,Asia/Bangkok,55.5575759649123,17.22222222222222,16.76068376068376,34.8078597368421
4752,2021-08-29 17:00:00,Asia/Bangkok,61.98838918181819,21.5948275862069,19.74137931034483,33.32848936363635
4753,2021-08-29 18:00:00,Asia/Bangkok,79.73203530973453,27.98260869565217,25.05217391304348,29.45524194690264
4754,2021-08-29 19:00:00,Asia/Bangkok,86.4881355652174,16.90677966101695,15.88135593220339,27.77387060869565
4755,2021-08-29 20:00:00,Asia/Bangkok,87.37188684210528,22.14782608695652,20.81739130434783,27.46356631578946
4756,2021-08-29 21:00:00,Asia/Bangkok,87.83055247619043,13.0990990990991,12.45045045045045,27.25747057142856
4757,2021-08-29 22:00:00,Asia/Bangkok,87.27165238938052,14.77391304347826,13.90434782608696,27.06116247787608
4758,2021-08-29 23:00:00,Asia/Bangkok,88.37971098214288,26.16379310344828,23.51724137931035,26.80614705357142
4759,2021-08-30 00:00:00,Asia/Bangkok,89.2786401680672,11.13333333333333,10.40336134453782,26.5387440677966
4760,2021-08-30 01:00:00,Asia/Bangkok,89.47215947368423,11.6,10.86086956521739,26.36629631578947
4761,2021-08-30 02:00:00,Asia/Bangkok,88.51834286956527,12.24576271186441,11.66666666666667,26.39753582608697
4762,2021-08-30 03:00:00,Asia/Bangkok,88.62327491228075,12.4,11.82758620689655,26.16032763157895
4763,2021-08-30 04:00:00,Asia/Bangkok,90.85836283018864,17.1588785046729,16.21495327102804,25.54679018867926
4764,2021-08-30 05:00:00,Asia/Bangkok,93.20096034188032,26.65833333333333,25.33333333333333,25.25062307692308
4765,2021-08-30 06:00:00,Asia/Bangkok,92.91420203389829,26.56198347107438,25.05785123966942,25.40518966101698
4766,2021-08-30 07:00:00,Asia/Bangkok,91.39948460869569,22.63025210084034,21.50420168067227,25.74904130434784
4767,2021-08-30 08:00:00,Asia/Bangkok,91.24876256637172,26.88793103448276,25.38793103448276,26.03674831858407
4768,2021-08-30 09:00:00,Asia/Bangkok,90.7588874137931,25.24137931034483,24.01724137931035,26.55572068965517
4769,2021-08-30 10:00:00,Asia/Bangkok,83.90607723214286,21.48695652173913,20.66956521739131,28.77489151785714
4770,2021-08-30 11:00:00,Asia/Bangkok,73.44437467889905,18.28440366972477,17.58715596330275,31.37349072727273
4771,2021-08-30 12:00:00,Asia/Bangkok,65.43196504504505,14.4051724137931,13.93103448275862,33.15841825688072
4772,2021-08-30 13:00:00,Asia/Bangkok,60.33028773109245,11.65546218487395,11.3109243697479,34.43373344537816
4773,2021-08-30 14:00:00,Asia/Bangkok,58.92301612068966,11.56779661016949,11.14406779661017,35.03783620689655
4774,2021-08-30 15:00:00,Asia/Bangkok,69.59599424778762,7.232758620689655,6.836206896551724,31.74947902654867
4775,2021-08-30 16:00:00,Asia/Bangkok,78.32946852173912,9.370689655172415,8.767241379310345,29.47326956140351
4776,2021-08-30 17:00:00,Asia/Bangkok,86.85090562500001,14.89655172413793,14.12931034482759,26.98813348214287
4777,2021-08-30 18:00:00,Asia/Bangkok,88.53700557522122,10.05982905982906,9.58974358974359,26.67888265486725
4778,2021-08-30 19:00:00,Asia/Bangkok,89.07280875,17.77586206896552,16.10344827586207,26.78201741071429
4779,2021-08-30 20:00:00,Asia/Bangkok,89.74167017699114,21.81896551724138,20.71551724137931,26.69996318584073
4780,2021-08-30 21:00:00,Asia/Bangkok,88.81443952380955,19.04464285714286,18.10714285714286,26.723384
4781,2021-08-30 22:00:00,Asia/Bangkok,90.20931964285715,19.43965517241379,18.56896551724138,26.60908866071428
4782,2021-08-30 23:00:00,Asia/Bangkok,90.2633464102564,21.31623931623932,20.48717948717949,26.45142769230771
4783,2021-08-31 00:00:00,Asia/Bangkok,90.27695250000002,16.82758620689655,15.97413793103448,26.29692232142855
4784,2021-08-31 01:00:00,Asia/Bangkok,91.37083622807016,16.86086956521739,16.08695652173913,26.08178701754387
4785,2021-08-31 02:00:00,Asia/Bangkok,91.82336822580649,17.376,16.528,25.81584260162601
4786,2021-08-31 03:00:00,Asia/Bangkok,91.03715235849052,13.12037037037037,12.44444444444444,26.03404603773585
4787,2021-08-31 04:00:00,Asia/Bangkok,91.68212182608696,14.41379310344828,13.75862068965517,25.57894824561403
4788,2021-08-31 05:00:00,Asia/Bangkok,92.2401814414415,15.70689655172414,15.00862068965517,25.40928387387386
4789,2021-08-31 06:00:00,Asia/Bangkok,92.24081173913038,14.04310344827586,13.37931034482759,25.34510113043479
4790,2021-08-31 07:00:00,Asia/Bangkok,90.80132468468467,13.96551724137931,13.3448275862069,25.46458936936936
4791,2021-08-31 08:00:00,Asia/Bangkok,89.33604258928573,7.102564102564102,6.504273504273504,25.80834821428572
4792,2021-08-31 09:00:00,Asia/Bangkok,85.54169162162167,4.844827586206897,4.603448275862069,26.82289792792793
4793,2021-08-31 10:00:00,Asia/Bangkok,79.73116803571425,0.6140350877192983,0.4869565217391305,28.15989072072072
4794,2021-08-31 11:00:00,Asia/Bangkok,74.81119612068963,0.1810344827586207,0.04310344827586207,29.55116077586209
4795,2021-08-31 12:00:00,Asia/Bangkok,70.94427530434781,0.3879310344827586,0.3189655172413793,30.61293747826088
4796,2021-08-31 13:00:00,Asia/Bangkok,67.88470428571429,1.241379310344828,1.077586206896552,31.75392732142857
4797,2021-08-31 14:00:00,Asia/Bangkok,65.13147775862072,2.085470085470086,1.896551724137931,32.73472301724137
4798,2021-08-31 15:00:00,Asia/Bangkok,61.72493859649123,2.086206896551724,1.888888888888889,34.15236456140349
4799,2021-08-31 16:00:00,Asia/Bangkok,61.4183818181818,2.48695652173913,2.234782608695652,33.62369450450451
4800,2021-08-31 17:00:00,Asia/Bangkok,62.15036132743363,5.46551724137931,5.085470085470085,32.8594213392857
4801,2021-08-31 18:00:00,Asia/Bangkok,65.2670704347826,3.905172413793104,3.560344827586207,32.11500930434782
4802,2021-08-31 19:00:00,Asia/Bangkok,72.10117504424778,9.794871794871796,8.974358974358974,30.87453339285716
4803,2021-08-31 20:00:00,Asia/Bangkok,75.90004573913042,16.00862068965517,14.98275862068965,29.72429921739132
4804,2021-08-31 21:00:00,Asia/Bangkok,76.83732765765765,19.89189189189189,18.63063063063063,29.36363018018018
4805,2021-08-31 22:00:00,Asia/Bangkok,78.58750539130438,6.422413793103448,5.75,28.7172852173913
4806,2021-08-31 23:00:00,Asia/Bangkok,80.25891276785717,4.208695652173913,3.591304347826087,28.14922241071427
4807,2021-09-01 00:00:00,Asia/Bangkok,81.14094817391306,5.663793103448276,5.112068965517241,27.65140608695656
4808,2021-09-01 01:00:00,Asia/Bangkok,80.2629539823009,7.681034482758621,7.232758620689655,27.66978876106193
4809,2021-09-01 02:00:00,Asia/Bangkok,81.25169234234238,8.818965517241379,8.318965517241379,27.40187837837838
4810,2021-09-01 03:00:00,Asia/Bangkok,82.36479805309737,7.166666666666667,6.719298245614035,26.9165582142857
4811,2021-09-01 04:00:00,Asia/Bangkok,82.85741756521739,7.769230769230769,7.230769230769231,26.75413156521738
4812,2021-09-01 05:00:00,Asia/Bangkok,83.84002474137934,7.983050847457627,7.449152542372881,26.62149008620687
4813,2021-09-01 06:00:00,Asia/Bangkok,84.2105056637168,6.256637168141593,5.725663716814159,26.70450123893807
4814,2021-09-01 07:00:00,Asia/Bangkok,86.30329669642855,6.285714285714286,5.767857142857143,26.47803008928571
4815,2021-09-01 08:00:00,Asia/Bangkok,86.7028032727273,14.32432432432432,12.75675675675676,26.64684236363636
4816,2021-09-01 09:00:00,Asia/Bangkok,84.45619227722773,6.732673267326732,6.107843137254902,27.4725914141414
4817,2021-09-01 10:00:00,Asia/Bangkok,79.68100957983194,5.185483870967742,4.669354838709677,28.39055462184876
4818,2021-09-01 11:00:00,Asia/Bangkok,76.111001147541,7.817460317460317,7.26984126984127,29.63482325203251
4819,2021-09-01 12:00:00,Asia/Bangkok,74.34236406504067,7.23015873015873,6.674603174603175,30.37731090909092
4820,2021-09-01 13:00:00,Asia/Bangkok,72.8953317699115,9.362068965517242,8.974137931034482,30.95478486725663
4821,2021-09-01 14:00:00,Asia/Bangkok,70.53966571428568,9.736842105263158,9.150442477876107,31.44255699115043
4822,2021-09-01 15:00:00,Asia/Bangkok,69.31184508620692,14.75862068965517,13.74137931034483,32.18868719298246
4823,2021-09-01 16:00:00,Asia/Bangkok,64.36351789473684,11.13913043478261,10.81739130434783,33.23862280701753
4824,2021-09-01 17:00:00,Asia/Bangkok,69.26247913043481,7.379310344827586,6.853448275862069,31.20554260869568
4825,2021-09-01 18:00:00,Asia/Bangkok,72.88300793103448,9.21551724137931,8.551724137931034,29.82191791304348
4826,2021-09-01 19:00:00,Asia/Bangkok,75.69279403508773,26.20689655172414,23.12931034482759,28.18689745614033
4827,2021-09-01 20:00:00,Asia/Bangkok,77.90391693693695,9.474137931034482,8.724137931034482,27.38833477477477
4828,2021-09-01 21:00:00,Asia/Bangkok,78.50010535714289,5.026315789473684,4.543859649122807,27.26119018018019
4829,2021-09-01 22:00:00,Asia/Bangkok,79.6148955855856,2.78448275862069,2.344827586206896,27.11838738738737
4830,2021-09-01 23:00:00,Asia/Bangkok,81.43154947368423,28.37068965517241,24.87931034482759,26.89127385964913
4831,2021-09-02 00:00:00,Asia/Bangkok,82.97652675438596,45.78761061946903,40.0353982300885,26.62191226086956
4832,2021-09-02 01:00:00,Asia/Bangkok,84.34548637168143,23.45689655172414,21.16379310344828,26.24966702702701
4833,2021-09-02 02:00:00,Asia/Bangkok,85.67721717948714,5.324786324786325,4.786324786324786,26.06219632478634
4834,2021-09-02 03:00:00,Asia/Bangkok,86.35793842105265,4.582608695652174,4.034782608695652,25.87973561403509
4835,2021-09-02 04:00:00,Asia/Bangkok,87.93301982456143,6.64957264957265,6.119658119658119,25.38183578947369
4836,2021-09-02 05:00:00,Asia/Bangkok,87.85846482456137,7.120689655172414,6.603448275862069,25.36503868421054
4837,2021-09-02 06:00:00,Asia/Bangkok,87.10040843478261,6.275862068965517,5.620689655172414,25.28386800000002
4838,2021-09-02 07:00:00,Asia/Bangkok,87.31067858407081,6.482758620689655,5.991379310344827,25.33081548672569
4839,2021-09-02 08:00:00,Asia/Bangkok,85.98367743119269,5.641025641025641,5.181034482758621,25.81721981651376
4840,2021-09-02 09:00:00,Asia/Bangkok,81.60344201754384,0.8793103448275862,0.5726495726495726,26.76930385964911
4841,2021-09-02 10:00:00,Asia/Bangkok,72.75810834782611,1.269565217391304,0.8793103448275862,28.81149649122806
4842,2021-09-02 11:00:00,Asia/Bangkok,64.33735585585585,1.974137931034483,1.724137931034483,30.02813209090908
4843,2021-09-02 12:00:00,Asia/Bangkok,59.94367803571429,0.7241379310344828,0.5172413793103449,30.89319991071428
4844,2021-09-02 13:00:00,Asia/Bangkok,59.69246982300886,0.5431034482758621,0.3362068965517241,31.41827741071427
4845,2021-09-02 14:00:00,Asia/Bangkok,62.31699617391309,1.273504273504273,1.051282051282051,31.08203234782609
4846,2021-09-02 15:00:00,Asia/Bangkok,61.66489068965516,2.120689655172414,1.827586206896552,32.06824370689655
4847,2021-09-02 16:00:00,Asia/Bangkok,63.04238184210526,5.198275862068965,4.801724137931035,31.68474578947368
4848,2021-09-02 17:00:00,Asia/Bangkok,66.04109982608693,8.717948717948717,8.23076923076923,31.25376826086955
4849,2021-09-02 18:00:00,Asia/Bangkok,67.47032701149423,9.55952380952381,8.952380952380953,30.76554666666668
4850,2021-09-02 19:00:00,Asia/Bangkok,67.89134304347827,8.08695652173913,7.51304347826087,29.91853521739131
4851,2021-09-02 20:00:00,Asia/Bangkok,70.19854133858267,11.11450381679389,10.3206106870229,28.93791456692913
4852,2021-09-02 21:00:00,Asia/Bangkok,70.13813272727275,5.516129032258065,4.967741935483871,27.89788165289258
4853,2021-09-02 22:00:00,Asia/Bangkok,69.62587867256639,6.853448275862069,6.25,27.43408725663715
4854,2021-09-02 23:00:00,Asia/Bangkok,72.57003429824559,12.0,10.87068965517241,26.82833456140351
4855,2021-09-03 00:00:00,Asia/Bangkok,74.69880035398232,8.565217391304348,7.808695652173913,26.33048539823009
4856,2021-09-03 01:00:00,Asia/Bangkok,75.8600040869565,5.121739130434783,4.504347826086956,25.91833913043478
4857,2021-09-03 02:00:00,Asia/Bangkok,76.44496336206895,4.172413793103448,3.78448275862069,25.6710362068966
4858,2021-09-03 03:00:00,Asia/Bangkok,77.36390365217393,4.879310344827586,4.327586206896552,25.49997782608699
4859,2021-09-03 04:00:00,Asia/Bangkok,78.96978939130435,4.482758620689655,4.025862068965517,25.55162113043482
4860,2021-09-03 05:00:00,Asia/Bangkok,80.74934100000002,5.181034482758621,4.629310344827586,25.51297172727273
4861,2021-09-03 06:00:00,Asia/Bangkok,81.9896404424779,4.655172413793103,4.077586206896552,25.50474203539824
4862,2021-09-03 07:00:00,Asia/Bangkok,81.39073598214286,6.612068965517241,5.913793103448276,25.49193955357143
4863,2021-09-03 08:00:00,Asia/Bangkok,82.47965739130437,11.50862068965517,10.32758620689655,25.28616591304346
4864,2021-09-03 09:00:00,Asia/Bangkok,78.61745286956524,8.35344827586207,7.525862068965517,26.21736947826087
4865,2021-09-03 10:00:00,Asia/Bangkok,75.08389915887848,8.1651376146789,7.449541284403669,27.67015504672898
4866,2021-09-03 11:00:00,Asia/Bangkok,73.13832830508476,5.926229508196721,5.204918032786885,29.60867237288134
4867,2021-09-03 12:00:00,Asia/Bangkok,74.3041814912281,5.620689655172414,4.905172413793103,29.97881681415929
4868,2021-09-03 13:00:00,Asia/Bangkok,72.27720646017701,3.758620689655173,3.28448275862069,30.57529132743363
4869,2021-09-03 14:00:00,Asia/Bangkok,65.8048375652174,3.413793103448276,3.060344827586207,31.99865191304348
4870,2021-09-03 15:00:00,Asia/Bangkok,63.54417495726499,6.401709401709402,5.923076923076923,32.77949025641025
4871,2021-09-03 16:00:00,Asia/Bangkok,60.46779252252249,8.301724137931034,7.758620689655173,33.87997594594596
4872,2021-09-03 17:00:00,Asia/Bangkok,58.49079000000004,8.224137931034482,7.551724137931035,33.81580113043479
4873,2021-09-03 18:00:00,Asia/Bangkok,61.73349369369372,9.096491228070175,8.473684210526315,32.17668801801801
4874,2021-09-03 19:00:00,Asia/Bangkok,62.60206963302752,13.33620689655172,12.06034482758621,30.91999550458716
4875,2021-09-03 20:00:00,Asia/Bangkok,69.0253879646018,115.2672413793103,100.4568965517241,29.80949805309734
4876,2021-09-03 21:00:00,Asia/Bangkok,73.44093712962962,75.75892857142857,65.53571428571429,28.91900666666669
4877,2021-09-03 22:00:00,Asia/Bangkok,76.15255274336283,20.41880341880342,19.2991452991453,28.86441654867257
4878,2021-09-03 23:00:00,Asia/Bangkok,78.83313357798167,13.98275862068965,13.23275862068965,28.33391605504587
4879,2021-09-04 00:00:00,Asia/Bangkok,80.50635763157894,14.78448275862069,14.05172413793103,28.05539456140352
4880,2021-09-04 01:00:00,Asia/Bangkok,81.87675035398229,13.88034188034188,13.17948717948718,27.77440353982304
4881,2021-09-04 02:00:00,Asia/Bangkok,81.82978619469029,12.87068965517241,12.32758620689655,27.70230575221241
4882,2021-09-04 03:00:00,Asia/Bangkok,83.9065737068965,15.28205128205128,14.68965517241379,27.10069681034483
4883,2021-09-04 04:00:00,Asia/Bangkok,85.89785660714286,27.03448275862069,25.56034482758621,26.69329937499999
4884,2021-09-04 05:00:00,Asia/Bangkok,86.70635263157897,38.48275862068966,33.94871794871795,26.56612631578949
4885,2021-09-04 06:00:00,Asia/Bangkok,87.61754256880742,24.04347826086957,22.71304347826087,26.34013807339451
4886,2021-09-04 07:00:00,Asia/Bangkok,88.69085126126127,26.56896551724138,25.44827586206896,26.26907963963966
4887,2021-09-04 08:00:00,Asia/Bangkok,87.74070307017547,27.63793103448276,25.17241379310345,26.97770833333334
4888,2021-09-04 09:00:00,Asia/Bangkok,82.58496008928573,13.11304347826087,12.39130434782609,28.37942107142857
4889,2021-09-04 10:00:00,Asia/Bangkok,75.07889603603606,9.885964912280702,9.4,30.31075396396395
4890,2021-09-04 11:00:00,Asia/Bangkok,65.35114830357139,8.773913043478261,8.28695652173913,32.23444500000001
4891,2021-09-04 12:00:00,Asia/Bangkok,60.95471008928573,9.271929824561404,8.789473684210526,33.08265660714286
4892,2021-09-04 13:00:00,Asia/Bangkok,54.36742120689653,8.974137931034482,8.5,35.00180905172413
4893,2021-09-04 14:00:00,Asia/Bangkok,49.98920582608697,7.026086956521739,6.698275862068965,35.57348043478262
4894,2021-09-04 15:00:00,Asia/Bangkok,48.68178131578951,9.31304347826087,8.504347826086956,35.216376
4895,2021-09-04 16:00:00,Asia/Bangkok,53.00278728070175,10.02608695652174,9.252173913043478,34.46387903508774
4896,2021-09-04 17:00:00,Asia/Bangkok,56.03160036363636,12.3304347826087,11.63478260869565,33.47254254545454
4897,2021-09-04 18:00:00,Asia/Bangkok,59.46164079646017,21.33620689655172,20.12068965517241,33.0793068141593
4898,2021-09-04 19:00:00,Asia/Bangkok,64.17892423423423,29.72413793103448,26.82758620689655,32.24265207207205
4899,2021-09-04 20:00:00,Asia/Bangkok,71.81959896551723,90.7948717948718,78.02564102564102,30.2997972413793
4900,2021-09-04 21:00:00,Asia/Bangkok,73.60337781818181,52.34821428571428,42.96428571428572,29.46034890909092
4901,2021-09-04 22:00:00,Asia/Bangkok,75.27259689655178,38.61206896551724,33.71551724137931,28.98141568965519
4902,2021-09-04 23:00:00,Asia/Bangkok,78.53344725663713,23.37068965517241,22.28448275862069,28.33540442477876
4903,2021-09-05 00:00:00,Asia/Bangkok,79.97293226086956,22.66379310344828,21.69827586206896,28.34229747826087
4904,2021-09-05 01:00:00,Asia/Bangkok,80.42764433628322,26.54310344827586,25.13793103448276,28.20477008849558
4905,2021-09-05 02:00:00,Asia/Bangkok,83.67063034782612,40.35042735042735,35.41025641025641,27.49810208695653
4906,2021-09-05 03:00:00,Asia/Bangkok,85.07269626086958,27.8448275862069,25.18965517241379,26.94882649122806
4907,2021-09-05 04:00:00,Asia/Bangkok,84.06243473684208,16.35344827586207,15.76724137931035,26.97587938596495
4908,2021-09-05 05:00:00,Asia/Bangkok,85.2534562608696,21.61206896551724,20.94827586206896,26.80319556521739
4909,2021-09-05 06:00:00,Asia/Bangkok,85.98966749999998,20.82905982905983,20.05128205128205,26.75701206896551
4910,2021-09-05 07:00:00,Asia/Bangkok,86.57802590909088,27.12068965517241,25.69827586206896,26.72193018181819
4911,2021-09-05 08:00:00,Asia/Bangkok,86.80471265486725,23.74137931034483,22.81034482758621,26.84252902654864
4912,2021-09-05 09:00:00,Asia/Bangkok,84.44428727272728,18.23931623931624,17.35897435897436,27.82217372727271
4913,2021-09-05 10:00:00,Asia/Bangkok,74.3794281081081,11.93103448275862,11.36206896551724,30.65709018181816
4914,2021-09-05 11:00:00,Asia/Bangkok,67.61595336283185,12.45689655172414,11.89655172413793,31.74324097345131
4915,2021-09-05 12:00:00,Asia/Bangkok,67.31602273504272,16.82051282051282,16.09401709401709,31.84966615384615
4916,2021-09-05 13:00:00,Asia/Bangkok,61.79085646551723,14.62068965517241,14.0948275862069,33.66765870689657
4917,2021-09-05 14:00:00,Asia/Bangkok,58.13165553571433,14.56896551724138,13.70689655172414,34.85570803571427
4918,2021-09-05 15:00:00,Asia/Bangkok,56.48301123893805,14.62068965517241,14.0,35.25058973451328
4919,2021-09-05 16:00:00,Asia/Bangkok,56.7242093859649,13.48275862068965,12.80172413793103,35.01164833333333
4920,2021-09-05 17:00:00,Asia/Bangkok,64.37142699115046,14.62068965517241,14.06896551724138,32.55722061946906
4921,2021-09-05 18:00:00,Asia/Bangkok,64.07701422413793,13.01709401709402,12.51282051282051,31.91748715517239
4922,2021-09-05 19:00:00,Asia/Bangkok,65.84461344827587,17.64957264957265,16.7948717948718,30.79666077586208
4923,2021-09-05 20:00:00,Asia/Bangkok,68.5599507894737,26.10344827586207,24.87931034482759,29.97290271929828
4924,2021-09-05 21:00:00,Asia/Bangkok,72.97333296296294,26.0,24.95575221238938,29.37402121495326
4925,2021-09-05 22:00:00,Asia/Bangkok,76.45574840707967,26.65811965811966,25.49572649572649,28.63278247787612
4926,2021-09-05 23:00:00,Asia/Bangkok,78.16798672727273,23.58407079646018,22.91150442477876,28.28603236363634
4927,2021-09-06 00:00:00,Asia/Bangkok,78.14058172413793,23.06034482758621,22.29310344827586,28.16339586206894
4928,2021-09-06 01:00:00,Asia/Bangkok,78.20691684210524,20.64347826086956,19.97391304347826,27.7760193859649
4929,2021-09-06 02:00:00,Asia/Bangkok,78.67215834782608,19.71304347826087,19.12173913043478,27.24553730434784
4930,2021-09-06 03:00:00,Asia/Bangkok,80.23284780701748,22.06034482758621,21.29310344827586,26.96149701754387
4931,2021-09-06 04:00:00,Asia/Bangkok,80.04624403508777,20.80172413793104,19.97413793103448,26.86993614035088
4932,2021-09-06 05:00:00,Asia/Bangkok,81.19400999999999,21.10344827586207,20.42241379310345,26.59548843478262
4933,2021-09-06 06:00:00,Asia/Bangkok,82.2033095614035,23.08547008547009,22.29059829059829,26.41532245614036
4934,2021-09-06 07:00:00,Asia/Bangkok,82.8010278181818,26.61206896551724,25.20689655172414,26.47732400000001
4935,2021-09-06 08:00:00,Asia/Bangkok,83.40551684210526,29.35042735042735,27.6551724137931,26.75946649122806
4936,2021-09-06 09:00:00,Asia/Bangkok,77.51065617391298,20.46551724137931,19.30769230769231,28.72555060869566
4937,2021-09-06 10:00:00,Asia/Bangkok,70.29034796460179,13.40869565217391,12.62608695652174,30.64086831858407
4938,2021-09-06 11:00:00,Asia/Bangkok,63.59289448275858,13.61206896551724,12.64655172413793,31.76526529914532
4939,2021-09-06 12:00:00,Asia/Bangkok,58.56235938596488,14.36752136752137,13.60683760683761,33.2408239823009
4940,2021-09-06 13:00:00,Asia/Bangkok,54.56500165217389,14.53448275862069,13.85344827586207,34.55462130434784
4941,2021-09-06 14:00:00,Asia/Bangkok,51.75377463636362,13.69369369369369,13.00900900900901,35.55765572727272
4942,2021-09-06 15:00:00,Asia/Bangkok,49.12672128205129,13.85714285714286,13.10084033613445,36.06885615384616
4943,2021-09-06 16:00:00,Asia/Bangkok,51.81149592920353,18.30769230769231,17.55555555555556,35.07603312499999
4944,2021-09-06 17:00:00,Asia/Bangkok,51.95163548672566,19.8448275862069,18.97413793103448,35.38231008849557
4945,2021-09-06 18:00:00,Asia/Bangkok,60.38377135135136,19.36521739130435,18.17391304347826,33.34362387387389
4946,2021-09-06 19:00:00,Asia/Bangkok,65.90905590909091,29.44827586206896,26.31896551724138,31.79562427272724
4947,2021-09-06 20:00:00,Asia/Bangkok,68.97332773913043,76.88034188034187,66.92307692307692,31.36508713043475
4948,2021-09-06 21:00:00,Asia/Bangkok,70.18366767857141,36.96428571428572,32.36607142857143,30.62070812499999
4949,2021-09-06 22:00:00,Asia/Bangkok,72.45837821428567,21.48275862068965,20.33620689655172,29.43078955357143
4950,2021-09-06 23:00:00,Asia/Bangkok,73.51471486725663,19.82758620689655,18.92241379310345,29.35350920353982
4951,2021-09-07 00:00:00,Asia/Bangkok,74.8881050892857,18.25,17.27586206896552,29.04497660714286
4952,2021-09-07 01:00:00,Asia/Bangkok,76.62806086956519,16.54310344827586,15.71551724137931,28.50681469565219
4953,2021-09-07 02:00:00,Asia/Bangkok,77.5200401785714,17.33620689655172,16.46551724137931,28.23221678571428
4954,2021-09-07 03:00:00,Asia/Bangkok,78.77224144144145,18.61206896551724,17.82758620689655,27.67478063063063
4955,2021-09-07 04:00:00,Asia/Bangkok,78.09534344827588,18.17094017094017,17.35042735042735,27.64109620689657
4956,2021-09-07 05:00:00,Asia/Bangkok,78.56077419642858,18.11206896551724,17.16379310344828,27.474966875
4957,2021-09-07 06:00:00,Asia/Bangkok,79.7647504464286,18.16379310344828,17.25,27.16752017857143
4958,2021-09-07 07:00:00,Asia/Bangkok,80.38432843478262,20.24137931034483,19.26724137931035,27.10647086956519
4959,2021-09-07 08:00:00,Asia/Bangkok,80.59020166666666,27.3448275862069,25.49137931034483,27.49825780701754
4960,2021-09-07 09:00:00,Asia/Bangkok,78.14941191304348,31.14655172413793,28.36206896551724,28.58653121739131
4961,2021-09-07 10:00:00,Asia/Bangkok,75.5641497413793,24.58620689655172,23.14655172413793,29.1942947826087
4962,2021-09-07 11:00:00,Asia/Bangkok,75.07614149122809,31.56896551724138,28.68103448275862,29.58045578947367
4963,2021-09-07 12:00:00,Asia/Bangkok,70.13288194690267,30.33043478260869,26.77391304347826,30.97981026548672
4964,2021-09-07 13:00:00,Asia/Bangkok,71.82738964912281,24.9051724137931,23.39655172413793,30.43409578947367
4965,2021-09-07 14:00:00,Asia/Bangkok,70.11398600000004,20.82758620689655,19.6551724137931,31.49367745614034
4966,2021-09-07 15:00:00,Asia/Bangkok,67.04052663793102,22.58974358974359,20.98290598290598,32.49100793103448
4967,2021-09-07 16:00:00,Asia/Bangkok,66.25441455357142,19.21551724137931,17.96551724137931,32.14720535714283
4968,2021-09-07 17:00:00,Asia/Bangkok,71.21637054054054,25.74137931034483,24.27586206896552,30.5677063063063
4969,2021-09-07 18:00:00,Asia/Bangkok,73.97667324324324,29.70689655172414,27.82758620689655,30.14526675675676
4970,2021-09-07 19:00:00,Asia/Bangkok,75.09208633928573,59.20689655172414,53.19827586206897,29.49776473214285
4971,2021-09-07 20:00:00,Asia/Bangkok,70.64487035398224,13.29059829059829,12.44444444444444,28.02033292035397
4972,2021-09-07 21:00:00,Asia/Bangkok,73.83924221238935,14.7787610619469,13.84955752212389,27.71117339285715
4973,2021-09-07 22:00:00,Asia/Bangkok,78.78406646551726,10.7948717948718,10.0948275862069,27.14823327586208
4974,2021-09-07 23:00:00,Asia/Bangkok,81.17974701754386,12.60869565217391,11.74137931034483,26.90287756521737
4975,2021-09-08 00:00:00,Asia/Bangkok,81.28525327433626,12.88888888888889,12.2051282051282,27.18468607142856
4976,2021-09-08 01:00:00,Asia/Bangkok,81.0861933333333,13.11304347826087,12.33913043478261,27.32335863636363
4977,2021-09-08 02:00:00,Asia/Bangkok,81.21520981481484,12.98214285714286,12.33928571428571,27.23249333333333
4978,2021-09-08 03:00:00,Asia/Bangkok,82.39214376068378,13.65833333333333,12.825,26.93222512820515
4979,2021-09-08 04:00:00,Asia/Bangkok,85.11726008771932,14.60344827586207,13.77586206896552,26.19923552631577
4980,2021-09-08 05:00:00,Asia/Bangkok,84.64740605263161,14.26724137931035,13.58620689655172,26.14617859649121
4981,2021-09-08 06:00:00,Asia/Bangkok,83.85665621621621,12.25862068965517,11.5948275862069,25.91707810810811
4982,2021-09-08 07:00:00,Asia/Bangkok,84.40080689655174,14.32758620689655,13.46551724137931,25.73205905982907
4983,2021-09-08 08:00:00,Asia/Bangkok,81.95815344827585,12.78632478632479,11.77777777777778,26.69786192982454
4984,2021-09-08 09:00:00,Asia/Bangkok,79.33328655172414,19.80172413793104,18.33620689655172,27.75759948275861
4985,2021-09-08 10:00:00,Asia/Bangkok,75.64351971153843,15.38260869565217,14.33913043478261,29.27581192307692
4986,2021-09-08 11:00:00,Asia/Bangkok,68.17190344827587,12.55555555555556,11.78632478632479,31.51523052173915
4987,2021-09-08 12:00:00,Asia/Bangkok,63.21185217391304,10.54310344827586,9.773913043478261,33.00311599999999
4988,2021-09-08 13:00:00,Asia/Bangkok,58.51615267241379,8.948275862068966,8.051282051282051,34.79950922413792
4989,2021-09-08 14:00:00,Asia/Bangkok,55.24288905982908,8.538461538461538,7.854700854700854,35.57479854700856
4990,2021-09-08 15:00:00,Asia/Bangkok,56.60266556521739,7.905982905982906,7.401709401709402,35.23882982608696
4991,2021-09-08 16:00:00,Asia/Bangkok,58.56385330357143,5.948275862068965,5.336206896551724,34.63130383928571
4992,2021-09-08 17:00:00,Asia/Bangkok,67.39348309734515,9.96551724137931,9.129310344827585,31.78298831858407
4993,2021-09-08 18:00:00,Asia/Bangkok,70.13451104347824,12.31623931623932,11.32758620689655,30.84799843478261
4994,2021-09-08 19:00:00,Asia/Bangkok,71.06216902654867,21.58260869565217,19.39130434782609,30.16987433628319
4995,2021-09-08 20:00:00,Asia/Bangkok,76.08219324561402,7.295652173913044,6.543103448275862,28.69226789473684
4996,2021-09-08 21:00:00,Asia/Bangkok,77.01695981651379,5.072072072072072,4.45945945945946,27.94944018348622
4997,2021-09-08 22:00:00,Asia/Bangkok,75.41357141592921,3.112068965517242,2.775862068965517,27.81320592920353
4998,2021-09-08 23:00:00,Asia/Bangkok,76.19687622807018,3.782608695652174,3.339130434782609,27.60310385964911
4999,2021-09-09 00:00:00,Asia/Bangkok,80.9232498245614,3.586206896551724,3.181034482758621,26.87450140350878
5000,2021-09-09 01:00:00,Asia/Bangkok,83.99274725663719,5.539130434782609,5.078260869565217,26.37228893805309
5001,2021-09-09 02:00:00,Asia/Bangkok,85.7738815652174,6.4,5.965217391304348,25.96568382608693
5002,2021-09-09 03:00:00,Asia/Bangkok,85.78608824561405,6.104347826086957,5.373913043478261,25.90365911504426
5003,2021-09-09 04:00:00,Asia/Bangkok,87.43578810344827,5.017241379310345,4.71551724137931,25.48876482758621
5004,2021-09-09 05:00:00,Asia/Bangkok,87.49107212389377,9.252173913043478,8.582608695652175,25.5131085714286
5005,2021-09-09 06:00:00,Asia/Bangkok,87.33759464912276,10.68103448275862,9.939655172413794,25.66838192982455
5006,2021-09-09 07:00:00,Asia/Bangkok,88.86777982142858,5.137931034482759,4.681034482758621,25.33498348214286
5007,2021-09-09 08:00:00,Asia/Bangkok,91.59102017391302,3.905172413793104,3.612068965517242,24.85619495652174
5008,2021-09-09 09:00:00,Asia/Bangkok,90.80784943396225,2.035087719298246,1.675438596491228,24.61166745283019
5009,2021-09-09 10:00:00,Asia/Bangkok,90.55008732142856,3.179487179487179,2.905982905982906,24.72824687499999
5010,2021-09-09 11:00:00,Asia/Bangkok,88.63407182608698,4.758620689655173,4.267241379310345,25.59482929824562
5011,2021-09-09 12:00:00,Asia/Bangkok,83.05339560344827,6.439655172413793,5.896551724137931,26.6291550862069
5012,2021-09-09 13:00:00,Asia/Bangkok,81.38113973913042,7.145299145299146,6.547008547008547,27.1047796521739
5013,2021-09-09 14:00:00,Asia/Bangkok,81.11969260869563,8.88695652173913,8.26086956521739,27.54391939130434
5014,2021-09-09 15:00:00,Asia/Bangkok,82.6674486086957,10.93965517241379,10.18965517241379,27.33809408695655
5015,2021-09-09 16:00:00,Asia/Bangkok,81.0869204347826,5.162393162393163,4.615384615384615,26.82169930434782
5016,2021-09-09 17:00:00,Asia/Bangkok,84.96836460176989,4.78448275862069,4.422413793103448,25.24302247787612
5017,2021-09-09 18:00:00,Asia/Bangkok,85.13468834782611,4.339130434782609,3.808695652173913,24.89136508620687
5018,2021-09-09 19:00:00,Asia/Bangkok,85.92513392857144,5.393162393162394,4.811965811965812,24.6928862162162
5019,2021-09-09 20:00:00,Asia/Bangkok,87.25391061403506,5.362068965517241,4.637931034482759,24.78473201754387
5020,2021-09-09 21:00:00,Asia/Bangkok,85.55246536363636,3.544642857142857,2.919642857142857,25.40176245454549
5021,2021-09-09 22:00:00,Asia/Bangkok,87.58340633928569,5.51304347826087,4.860869565217391,25.07035607142858
5022,2021-09-09 23:00:00,Asia/Bangkok,88.24228175438594,5.461538461538462,4.854700854700854,25.10011377192982
5023,2021-09-10 00:00:00,Asia/Bangkok,88.77063637931033,6.198275862068965,5.439655172413793,25.13927310344829
5024,2021-09-10 01:00:00,Asia/Bangkok,90.79209478260869,7.551724137931035,6.818965517241379,24.7879252173913
5025,2021-09-10 02:00:00,Asia/Bangkok,91.650210877193,7.525862068965517,6.836206896551724,24.61429868421055
5026,2021-09-10 03:00:00,Asia/Bangkok,90.54956429824558,6.28448275862069,5.525862068965517,24.85685429824561
5027,2021-09-10 04:00:00,Asia/Bangkok,90.8982653846154,6.589743589743589,5.692307692307693,24.86404103448273
5028,2021-09-10 05:00:00,Asia/Bangkok,91.84479061403509,9.226086956521739,8.486956521739131,24.74050552631577
5029,2021-09-10 06:00:00,Asia/Bangkok,91.47974455357145,7.982758620689655,7.094827586206897,24.85613468468471
5030,2021-09-10 07:00:00,Asia/Bangkok,90.16827666666663,6.077586206896552,5.258620689655173,25.18228491228071
5031,2021-09-10 08:00:00,Asia/Bangkok,88.64789736363642,5.577586206896552,4.5,25.97916227272728
5032,2021-09-10 09:00:00,Asia/Bangkok,84.88687839285716,4.206896551724138,3.189655172413793,27.37759499999999
5033,2021-09-10 10:00:00,Asia/Bangkok,78.64378300884957,4.137931034482759,3.25,29.46336043859647
5034,2021-09-10 11:00:00,Asia/Bangkok,70.18791794642856,3.252173913043478,2.426086956521739,31.92755324324326
5035,2021-09-10 12:00:00,Asia/Bangkok,65.5526904385965,2.433628318584071,1.805309734513274,32.99707350877194
5036,2021-09-10 13:00:00,Asia/Bangkok,64.43656743362831,2.043859649122807,1.526315789473684,32.87968821428573
5037,2021-09-10 14:00:00,Asia/Bangkok,70.1968952631579,2.353448275862069,1.887931034482759,31.56453499999998
5038,2021-09-10 15:00:00,Asia/Bangkok,71.64161549549553,3.947368421052631,3.298245614035088,30.85930781818182
5039,2021-09-10 16:00:00,Asia/Bangkok,67.68904780701753,2.862068965517242,2.206896551724138,32.15516885964912
5040,2021-09-10 17:00:00,Asia/Bangkok,66.10206894736842,2.896551724137931,2.422413793103448,31.94641535087716
5041,2021-09-10 18:00:00,Asia/Bangkok,65.93960087719299,2.752136752136752,2.189655172413793,30.96638052631578
5042,2021-09-10 19:00:00,Asia/Bangkok,67.65161663716812,6.775862068965517,5.897435897435898,30.07121460176992
5043,2021-09-10 20:00:00,Asia/Bangkok,71.54566495575222,7.387931034482759,6.560344827586207,29.25881946902656
5044,2021-09-10 21:00:00,Asia/Bangkok,74.18407216216218,4.017699115044247,3.283185840707965,28.7212392792793
5045,2021-09-10 22:00:00,Asia/Bangkok,76.82355350877194,8.28448275862069,7.28448275862069,28.49363403508773
5046,2021-09-10 23:00:00,Asia/Bangkok,80.74126965217393,8.775862068965518,7.870689655172414,27.70597347826085
5047,2021-09-11 00:00:00,Asia/Bangkok,84.42351122807018,7.551724137931035,6.896551724137931,26.92324736842106
5048,2021-09-11 01:00:00,Asia/Bangkok,85.66039400000001,9.827586206896552,8.922413793103448,26.50000782608696
5049,2021-09-11 02:00:00,Asia/Bangkok,86.75131871794869,8.581196581196581,7.692307692307693,26.20593752136755
5050,2021-09-11 03:00:00,Asia/Bangkok,86.43459442477874,7.663793103448276,6.818965517241379,26.30581451327432
5051,2021-09-11 04:00:00,Asia/Bangkok,87.11777773913045,8.25,7.474137931034483,26.04384315789474
5052,2021-09-11 05:00:00,Asia/Bangkok,87.79920378378377,6.716814159292035,5.884955752212389,25.78139972972975
5053,2021-09-11 06:00:00,Asia/Bangkok,87.8509300892857,6.655172413793103,5.948275862068965,25.9922892857143
5054,2021-09-11 07:00:00,Asia/Bangkok,89.336622368421,7.418803418803419,6.495726495726496,25.71220754385963
5055,2021-09-11 08:00:00,Asia/Bangkok,87.92876580357142,7.077586206896552,5.896551724137931,26.39832285714285
5056,2021-09-11 09:00:00,Asia/Bangkok,76.96191577586207,4.681034482758621,3.775862068965517,29.56573301724136
5057,2021-09-11 10:00:00,Asia/Bangkok,67.87537572727273,3.46551724137931,3.068965517241379,32.24130027272727
5058,2021-09-11 11:00:00,Asia/Bangkok,60.50513982758622,1.793103448275862,1.310344827586207,34.35869905172414
5059,2021-09-11 12:00:00,Asia/Bangkok,57.16345687499999,2.803418803418803,2.444444444444445,35.33176446428572
5060,2021-09-11 13:00:00,Asia/Bangkok,56.54864351351349,4.543103448275862,4.017241379310345,36.09822432432433
5061,2021-09-11 14:00:00,Asia/Bangkok,63.48444247863245,4.956896551724138,4.370689655172414,34.55801965811966
5062,2021-09-11 15:00:00,Asia/Bangkok,74.92569843478262,4.700854700854701,4.239316239316239,31.69790356521738
5063,2021-09-11 16:00:00,Asia/Bangkok,66.38518417391309,5.370689655172414,4.836206896551724,33.52942921052633
5064,2021-09-11 17:00:00,Asia/Bangkok,70.82765276785713,6.913793103448276,6.310344827586207,31.51986812499999
5065,2021-09-11 18:00:00,Asia/Bangkok,75.92390616071431,33.87931034482759,28.00862068965517,30.79241839285714
5066,2021-09-11 19:00:00,Asia/Bangkok,78.96881300884957,34.54700854700855,28.74137931034483,29.60882256637168
5067,2021-09-11 20:00:00,Asia/Bangkok,83.00931877192984,61.28448275862069,53.52136752136752,28.85609719298248
5068,2021-09-11 21:00:00,Asia/Bangkok,84.67034254716982,61.3302752293578,51.99082568807339,28.41545186915889
5069,2021-09-11 22:00:00,Asia/Bangkok,85.71267767857144,52.73913043478261,45.97391304347826,28.21686173913041
5070,2021-09-11 23:00:00,Asia/Bangkok,87.22339521739129,36.25862068965517,32.22413793103448,27.76627660869567
5071,2021-09-12 00:00:00,Asia/Bangkok,88.14795098214289,23.91379310344828,22.36206896551724,27.23957124999998
5072,2021-09-12 01:00:00,Asia/Bangkok,87.87467192982456,14.98260869565217,13.87826086956522,26.75698692982456
5073,2021-09-12 02:00:00,Asia/Bangkok,87.96792330357141,11.08620689655172,10.43965517241379,26.584340625
5074,2021-09-12 03:00:00,Asia/Bangkok,88.71057895652172,10.62393162393162,9.914529914529915,26.3779844347826
5075,2021-09-12 04:00:00,Asia/Bangkok,89.49927243478258,9.508620689655173,8.767241379310345,25.95210034782609
5076,2021-09-12 05:00:00,Asia/Bangkok,89.59506318584067,10.56034482758621,9.810344827586206,25.72820070796459
5077,2021-09-12 06:00:00,Asia/Bangkok,89.28233508928574,13.54310344827586,12.8448275862069,25.67118678571426
5078,2021-09-12 07:00:00,Asia/Bangkok,88.3304131896552,8.89655172413793,8.189655172413794,25.8125582905983
5079,2021-09-12 08:00:00,Asia/Bangkok,87.31408428571429,7.775862068965517,7.060344827586207,26.53145812499999
5080,2021-09-12 09:00:00,Asia/Bangkok,83.14072741379306,6.5,5.862068965517241,27.97555921739131
5081,2021-09-12 10:00:00,Asia/Bangkok,75.4353228695652,3.974137931034483,3.282051282051282,30.39601373913042
5082,2021-09-12 11:00:00,Asia/Bangkok,67.79938646551726,3.146551724137931,2.672413793103448,32.48465269565216
5083,2021-09-12 12:00:00,Asia/Bangkok,60.63956336206896,2.863247863247863,2.495726495726496,34.65669206896552
5084,2021-09-12 13:00:00,Asia/Bangkok,58.41602,3.660869565217391,3.234782608695652,35.33067663716814
5085,2021-09-12 14:00:00,Asia/Bangkok,61.71258017391307,2.379310344827586,2.017241379310345,33.76069930434785
5086,2021-09-12 15:00:00,Asia/Bangkok,73.66607385964917,3.862068965517242,3.310344827586207,30.00876219298246
5087,2021-09-12 16:00:00,Asia/Bangkok,81.04173956521738,2.112068965517242,1.706896551724138,29.16183652173913
5088,2021-09-12 17:00:00,Asia/Bangkok,77.55351144144149,4.771929824561403,4.263157894736842,30.63735306306307
5089,2021-09-12 18:00:00,Asia/Bangkok,78.15846828828826,6.121739130434783,5.521739130434782,30.28162162162163
5090,2021-09-12 19:00:00,Asia/Bangkok,76.10168784482762,3.837606837606838,3.324786324786325,29.00673637931034
5091,2021-09-12 20:00:00,Asia/Bangkok,78.26214464912277,5.655172413793103,5.060344827586207,28.38656324561405
5092,2021-09-12 21:00:00,Asia/Bangkok,80.75253605504592,8.75,7.9375,28.10142761467888
5093,2021-09-12 22:00:00,Asia/Bangkok,83.62319400000001,9.991452991452991,9.11965811965812,27.52369434782608
5094,2021-09-12 23:00:00,Asia/Bangkok,84.98025408695653,9.25,8.370689655172415,27.05817818965517
5095,2021-09-13 00:00:00,Asia/Bangkok,85.81328939130434,10.14529914529914,9.034188034188034,26.71576114035087
5096,2021-09-13 01:00:00,Asia/Bangkok,85.75136631578947,7.724137931034483,7.077586206896552,26.53148175438597
5097,2021-09-13 02:00:00,Asia/Bangkok,86.90843060344828,7.931034482758621,7.232758620689655,26.05139612068967
5098,2021-09-13 03:00:00,Asia/Bangkok,86.9961658558558,6.758620689655173,6.189655172413793,25.8171473873874
5099,2021-09-13 04:00:00,Asia/Bangkok,82.90757426086958,6.880341880341881,6.145299145299146,26.45193999999998
5100,2021-09-13 05:00:00,Asia/Bangkok,81.54829631578946,5.896551724137931,5.232758620689655,26.67172096491227
5101,2021-09-13 06:00:00,Asia/Bangkok,79.22597606060603,5.333333333333333,4.289855072463769,27.20186432835822
5102,2021-09-13 07:00:00,Asia/Bangkok,81.16389180180181,5.95575221238938,4.991150442477876,26.81972135135137
5103,2021-09-13 08:00:00,Asia/Bangkok,78.14268280701748,5.344827586206897,4.474137931034483,27.77709561403508
5104,2021-09-13 09:00:00,Asia/Bangkok,74.39993886956522,5.508620689655173,4.565217391304348,29.14202904347827
5105,2021-09-13 10:00:00,Asia/Bangkok,69.44605771929824,5.147826086956521,4.206896551724138,30.92325815789473
5106,2021-09-13 11:00:00,Asia/Bangkok,67.27689265486728,6.629310344827586,5.724137931034483,31.97383495575222
5107,2021-09-13 12:00:00,Asia/Bangkok,63.9601896551724,7.119658119658119,6.239316239316239,32.54462129310346
5108,2021-09-13 13:00:00,Asia/Bangkok,61.84025222222225,7.165217391304348,6.391304347826087,33.69335601851852
5109,2021-09-13 14:00:00,Asia/Bangkok,58.87331356521739,5.278260869565218,4.51304347826087,34.27124304347826
5110,2021-09-13 15:00:00,Asia/Bangkok,58.08765017857144,3.728070175438596,3.06140350877193,33.66652767857141
5111,2021-09-13 16:00:00,Asia/Bangkok,61.64320903508771,5.295652173913044,4.391304347826087,33.0928928318584
5112,2021-09-13 17:00:00,Asia/Bangkok,67.229925,7.739130434782608,6.51304347826087,31.7096205263158
5113,2021-09-13 18:00:00,Asia/Bangkok,73.31900356521736,6.543103448275862,5.568965517241379,29.11369982608697
5114,2021-09-13 19:00:00,Asia/Bangkok,77.72774547826091,23.36206896551724,20.12931034482759,27.79635219298245
5115,2021-09-13 20:00:00,Asia/Bangkok,79.92572223214283,15.93965517241379,14.44827586206897,27.54334571428575
5116,2021-09-13 21:00:00,Asia/Bangkok,78.602036146789,8.973214285714286,8.044642857142858,27.16348518518518
5117,2021-09-13 22:00:00,Asia/Bangkok,74.36035911504425,4.887931034482759,4.206896551724138,27.03311230088494
5118,2021-09-13 23:00:00,Asia/Bangkok,78.50507460176988,4.051724137931035,3.456896551724138,26.39809433628319
5119,2021-09-14 00:00:00,Asia/Bangkok,80.81828200000001,4.316239316239316,3.478632478632479,26.15086504347826
5120,2021-09-14 01:00:00,Asia/Bangkok,81.36362321739131,4.327586206896552,3.551724137931035,26.38950165217389
5121,2021-09-14 02:00:00,Asia/Bangkok,83.1535093043478,5.172413793103448,4.224137931034483,26.12355678260868
5122,2021-09-14 03:00:00,Asia/Bangkok,84.90727584070795,6.318965517241379,5.301724137931035,25.93168486725662
5123,2021-09-14 04:00:00,Asia/Bangkok,84.64896465517238,6.344827586206897,5.120689655172414,26.31133758620691
5124,2021-09-14 05:00:00,Asia/Bangkok,83.2286053097345,4.886956521739131,3.756521739130435,26.80568893805309
5125,2021-09-14 06:00:00,Asia/Bangkok,83.40527710526311,5.35042735042735,4.241379310344827,26.81355517543859
5126,2021-09-14 07:00:00,Asia/Bangkok,87.00060163793101,8.362068965517242,7.102564102564102,26.08634284482757
5127,2021-09-14 08:00:00,Asia/Bangkok,87.17785783783785,11.10344827586207,9.568965517241379,26.37120225225225
5128,2021-09-14 09:00:00,Asia/Bangkok,83.41044562500005,7.896551724137931,6.594827586206897,27.90391053571429
5129,2021-09-14 10:00:00,Asia/Bangkok,74.10771552631576,5.165217391304348,4.31304347826087,29.89185438596491
5130,2021-09-14 11:00:00,Asia/Bangkok,67.55939863247865,5.230769230769231,4.564102564102564,32.01145991452992
5131,2021-09-14 12:00:00,Asia/Bangkok,64.33211839285714,5.20353982300885,4.398230088495575,32.84258982142858
5132,2021-09-14 13:00:00,Asia/Bangkok,61.46870201834862,5.887931034482759,5.206896551724138,33.31484128440366
5133,2021-09-14 14:00:00,Asia/Bangkok,62.54170612068967,4.572649572649572,3.837606837606838,32.46131232758619
5134,2021-09-14 15:00:00,Asia/Bangkok,66.75847681415928,4.456896551724138,3.681034482758621,31.13226660714287
5135,2021-09-14 16:00:00,Asia/Bangkok,71.1838471171171,8.017699115044248,7.256637168141593,30.00589490909091
5136,2021-09-14 17:00:00,Asia/Bangkok,74.58414230769229,11.30252100840336,10.36134453781513,29.53723273504275
5137,2021-09-14 18:00:00,Asia/Bangkok,80.03338149122807,9.391304347826088,8.695652173913043,28.06837078947368
5138,2021-09-14 19:00:00,Asia/Bangkok,80.72690125,6.391304347826087,5.698275862068965,26.89712767857143
5139,2021-09-14 20:00:00,Asia/Bangkok,78.58781185840706,4.47008547008547,3.974358974358974,26.61299955752214
5140,2021-09-14 21:00:00,Asia/Bangkok,81.56130972222223,5.678899082568807,4.981651376146789,26.41446770642201
5141,2021-09-14 22:00:00,Asia/Bangkok,83.46958639639638,5.741379310344827,5.103448275862069,26.30151018018018
5142,2021-09-14 23:00:00,Asia/Bangkok,85.12367219298244,4.863247863247863,4.102564102564102,26.18939710526316
5143,2021-09-15 00:00:00,Asia/Bangkok,86.57289062500003,7.71551724137931,6.767241379310345,26.31882945945945
5144,2021-09-15 01:00:00,Asia/Bangkok,89.17298081081081,6.643478260869565,5.956521739130435,25.72859270270271
5145,2021-09-15 02:00:00,Asia/Bangkok,90.88228769911507,12.12173913043478,11.12173913043478,25.18446522123894
5146,2021-09-15 03:00:00,Asia/Bangkok,90.80631823008852,7.434782608695652,6.678260869565217,25.04258336283188
5147,2021-09-15 04:00:00,Asia/Bangkok,86.60101295652176,7.689655172413793,7.077586206896552,24.92420739130433
5148,2021-09-15 05:00:00,Asia/Bangkok,83.39745522522524,5.052173913043478,4.634782608695653,24.69659818181816
5149,2021-09-15 06:00:00,Asia/Bangkok,83.48842920353978,6.198275862068965,5.629310344827586,24.5539839823009
5150,2021-09-15 07:00:00,Asia/Bangkok,85.17159052631577,5.637931034482759,5.060344827586207,24.44235115044248
5151,2021-09-15 08:00:00,Asia/Bangkok,84.39410808695652,6.396551724137931,5.672413793103448,24.70589113043479
5152,2021-09-15 09:00:00,Asia/Bangkok,83.81841477876107,8.84070796460177,7.920353982300885,25.63995929203542
5153,2021-09-15 10:00:00,Asia/Bangkok,82.06098956521741,8.538461538461538,7.717948717948718,26.4109567826087
5154,2021-09-15 11:00:00,Asia/Bangkok,79.56753451327434,7.03448275862069,6.448275862068965,27.40896876106194
5155,2021-09-15 12:00:00,Asia/Bangkok,75.35734903508776,5.487179487179487,5.008620689655173,28.50888245614035
5156,2021-09-15 13:00:00,Asia/Bangkok,72.08513269565215,6.652173913043478,6.060344827586207,29.12117504347824
5157,2021-09-15 14:00:00,Asia/Bangkok,74.8102982142857,10.98275862068965,10.12931034482759,28.85950821428571
5158,2021-09-15 15:00:00,Asia/Bangkok,82.0249911304348,13.97413793103448,13.06034482758621,28.16717069565216
5159,2021-09-15 16:00:00,Asia/Bangkok,77.93540130434782,11.92241379310345,11.00862068965517,28.10826165217392
5160,2021-09-15 17:00:00,Asia/Bangkok,75.7307897413793,16.05128205128205,14.97435897435897,28.28484749999999
5161,2021-09-15 18:00:00,Asia/Bangkok,77.89776166666668,22.82758620689655,21.38793103448276,28.22924421052633
5162,2021-09-15 19:00:00,Asia/Bangkok,79.36923151785717,21.99137931034483,20.48275862068965,27.43667651785713
5163,2021-09-15 20:00:00,Asia/Bangkok,83.39243562499998,44.89655172413793,37.49137931034483,26.89538633928573
5164,2021-09-15 21:00:00,Asia/Bangkok,85.05642491228073,100.1196581196581,85.04273504273505,26.62267175438595
5165,2021-09-15 22:00:00,Asia/Bangkok,86.3349153211009,91.26548672566372,77.929203539823,26.21343192660549
5166,2021-09-15 23:00:00,Asia/Bangkok,88.01371241071432,44.4051724137931,37.82758620689656,25.84129794642859
5167,2021-09-16 00:00:00,Asia/Bangkok,87.40628481818185,26.35344827586207,25.0948275862069,25.93136281818182
5168,2021-09-16 01:00:00,Asia/Bangkok,87.20817681034478,24.92241379310345,23.76724137931035,25.85526655172415
5169,2021-09-16 02:00:00,Asia/Bangkok,87.9003455882353,24.40566037735849,23.07547169811321,25.59142843137257
5170,2021-09-16 03:00:00,Asia/Bangkok,87.45401967479668,26.73015873015873,25.3015873015873,25.35700016260163
5171,2021-09-16 04:00:00,Asia/Bangkok,87.91754965217396,32.02564102564103,29.7008547008547,25.15747973913044
5172,2021-09-16 05:00:00,Asia/Bangkok,88.44509963963961,34.52173913043478,31.3448275862069,24.90745135135136
5173,2021-09-16 06:00:00,Asia/Bangkok,90.15286214285716,33.69565217391305,30.70434782608696,24.22901366071429
5174,2021-09-16 07:00:00,Asia/Bangkok,90.86546605263156,31.23931623931624,28.93162393162393,24.18564421052632
5175,2021-09-16 08:00:00,Asia/Bangkok,92.34907133928569,29.63793103448276,28.05172413793104,24.60551261261263
5176,2021-09-16 09:00:00,Asia/Bangkok,85.27486741071434,19.31034482758621,18.14655172413793,26.88027017857142
5177,2021-09-16 10:00:00,Asia/Bangkok,74.57788867256639,9.655172413793103,8.905172413793103,29.72145098214287
5178,2021-09-16 11:00:00,Asia/Bangkok,68.86870037383177,9.008849557522124,8.530973451327434,31.44240467289718
5179,2021-09-16 12:00:00,Asia/Bangkok,62.81365853448273,13.28205128205128,12.45299145299145,32.96764103448275
5180,2021-09-16 13:00:00,Asia/Bangkok,58.96473573913043,12.44347826086956,11.80869565217391,33.79643486956522
5181,2021-09-16 14:00:00,Asia/Bangkok,55.69515732142857,14.27826086956522,13.6695652173913,34.69334107142857
5182,2021-09-16 15:00:00,Asia/Bangkok,57.91106758928571,14.79130434782609,14.31304347826087,34.10033919642858
5183,2021-09-16 16:00:00,Asia/Bangkok,61.21446017241379,16.97435897435897,16.17948717948718,33.35721051724137
5184,2021-09-16 17:00:00,Asia/Bangkok,74.98795123893807,28.27586206896552,25.37931034482759,30.487453539823
5185,2021-09-16 18:00:00,Asia/Bangkok,79.97878260869565,20.55172413793104,19.21551724137931,28.89826252173913
5186,2021-09-16 19:00:00,Asia/Bangkok,78.81685895238098,25.0462962962963,22.65740740740741,29.06118752380953
5187,2021-09-16 20:00:00,Asia/Bangkok,81.6052634343434,93.79207920792079,81.32673267326733,28.13447959595958
5188,2021-09-16 21:00:00,Asia/Bangkok,82.94055381679392,89.87022900763358,81.98473282442748,27.77402450381682
5189,2021-09-16 22:00:00,Asia/Bangkok,84.50026139344259,84.4920634920635,75.47619047619048,27.27737319672135
5190,2021-09-16 23:00:00,Asia/Bangkok,85.56555972972976,94.95689655172414,84.48275862068965,27.04224675675674
5191,2021-09-17 00:00:00,Asia/Bangkok,86.14609245614035,78.68103448275862,68.55172413793103,27.02469438596493
5192,2021-09-17 01:00:00,Asia/Bangkok,86.31548391304352,64.54310344827586,52.53448275862069,26.98790973913042
5193,2021-09-17 02:00:00,Asia/Bangkok,87.11568887931037,58.0940170940171,47.17094017094017,26.89946486956523
5194,2021-09-17 03:00:00,Asia/Bangkok,88.0550825,51.87179487179487,43.0,26.70590732758621
5195,2021-09-17 04:00:00,Asia/Bangkok,88.62411681415928,48.0,40.18103448275862,26.56831380530973
5196,2021-09-17 05:00:00,Asia/Bangkok,89.1446635714286,47.03448275862069,39.3448275862069,26.52647401785714
5197,2021-09-17 06:00:00,Asia/Bangkok,88.71051678571425,44.76521739130435,37.78260869565217,26.64802517857141
5198,2021-09-17 07:00:00,Asia/Bangkok,89.46397353448273,45.72649572649573,38.30769230769231,26.54484434782607
5199,2021-09-17 08:00:00,Asia/Bangkok,89.42220026785711,57.37606837606837,48.66666666666666,26.74472723214287
5200,2021-09-17 09:00:00,Asia/Bangkok,83.96696027027029,32.23275862068966,29.69827586206896,27.93707333333334
5201,2021-09-17 10:00:00,Asia/Bangkok,75.1110677142857,23.46902654867257,21.74336283185841,30.33284923809523
5202,2021-09-17 11:00:00,Asia/Bangkok,65.96927152380951,15.1743119266055,14.56481481481481,32.43264380952381
5203,2021-09-17 12:00:00,Asia/Bangkok,62.32262479338843,13.83064516129032,13.19354838709677,33.45145867768593
5204,2021-09-17 13:00:00,Asia/Bangkok,57.82568410714288,14.25,13.75862068965517,34.45948396396395
5205,2021-09-17 14:00:00,Asia/Bangkok,55.90816137931033,16.99145299145299,16.32478632478632,35.15841465517239
5206,2021-09-17 15:00:00,Asia/Bangkok,59.91159114035088,20.04310344827586,18.74137931034483,34.33750666666667
5207,2021-09-17 16:00:00,Asia/Bangkok,66.00104351351351,30.56521739130435,28.2280701754386,32.51738513513514
5208,2021-09-17 17:00:00,Asia/Bangkok,85.32107535087718,23.82758620689655,22.76068376068376,27.86831194690264
5209,2021-09-17 18:00:00,Asia/Bangkok,85.29263945945948,21.88793103448276,20.79310344827586,27.41448351351351
5210,2021-09-17 19:00:00,Asia/Bangkok,84.47225894736843,29.44827586206896,27.98275862068965,27.70832315789473
5211,2021-09-17 20:00:00,Asia/Bangkok,87.1847564347826,40.58620689655172,35.25862068965517,27.04182513043479
5212,2021-09-17 21:00:00,Asia/Bangkok,87.32487478260867,50.29310344827586,41.76724137931034,27.03848113043481
5213,2021-09-17 22:00:00,Asia/Bangkok,87.97613289473684,63.70434782608696,52.30434782608695,26.74011230088495
5214,2021-09-17 23:00:00,Asia/Bangkok,88.52987421052637,60.6551724137931,49.00862068965517,26.43804298245615
5215,2021-09-18 00:00:00,Asia/Bangkok,88.695461875,59.22608695652174,47.94782608695652,26.32200535714287
5216,2021-09-18 01:00:00,Asia/Bangkok,88.28544459459455,52.97413793103448,43.74137931034483,26.35474026785714
5217,2021-09-18 02:00:00,Asia/Bangkok,88.07879017699113,56.81578947368421,46.62280701754386,26.16280714285714
5218,2021-09-18 03:00:00,Asia/Bangkok,88.14680805309736,51.54310344827586,42.91379310344828,25.89066247787611
5219,2021-09-18 04:00:00,Asia/Bangkok,88.97919070796459,53.19827586206897,44.78448275862069,25.58418884955755
5220,2021-09-18 05:00:00,Asia/Bangkok,89.6747725862069,44.94017094017094,37.88034188034188,25.27983301724139
5221,2021-09-18 06:00:00,Asia/Bangkok,89.69755886956519,41.5948275862069,35.79310344827586,25.09736104347825
5222,2021-09-18 07:00:00,Asia/Bangkok,89.73461394736844,41.13793103448276,35.35344827586207,25.04382552631579
5223,2021-09-18 08:00:00,Asia/Bangkok,91.60169564102561,42.52136752136752,36.57264957264957,25.6158652991453
5224,2021-09-18 09:00:00,Asia/Bangkok,86.29337730434784,29.76724137931035,28.33620689655172,28.19051
5225,2021-09-18 10:00:00,Asia/Bangkok,74.90754704347823,19.14655172413793,18.56896551724138,30.85849191304348
5226,2021-09-18 11:00:00,Asia/Bangkok,66.70506850877192,15.96551724137931,15.38793103448276,32.44211087719299
5227,2021-09-18 12:00:00,Asia/Bangkok,60.90251807017542,13.12820512820513,12.63247863247863,34.18169421052633
5228,2021-09-18 13:00:00,Asia/Bangkok,57.1177052631579,11.29565217391304,10.86086956521739,34.97112561403508
5229,2021-09-18 14:00:00,Asia/Bangkok,57.1766792105263,9.89655172413793,9.629310344827585,34.6493496491228
5230,2021-09-18 15:00:00,Asia/Bangkok,63.34276816326531,12.69811320754717,12.13207547169811,33.15886275510204
5231,2021-09-18 16:00:00,Asia/Bangkok,60.01236905882352,11.94186046511628,11.51162790697674,33.89404905882353
5232,2021-09-18 17:00:00,Asia/Bangkok,60.49910150537633,19.81318681318681,18.18681318681319,33.90488569892472
5233,2021-09-18 18:00:00,Asia/Bangkok,66.34062590909089,32.6629213483146,29.01123595505618,31.91733511363636
5234,2021-09-18 19:00:00,Asia/Bangkok,78.09190317307693,9.880733944954128,9.110091743119266,28.29931961538459
5235,2021-09-18 20:00:00,Asia/Bangkok,80.2812738888889,22.47706422018349,20.07339449541285,27.55842296296296
5236,2021-09-18 21:00:00,Asia/Bangkok,81.13384844660196,5.0,4.669811320754717,27.15386757281554
5237,2021-09-18 22:00:00,Asia/Bangkok,80.49128261682243,4.448598130841122,4.121495327102804,27.12967485981309
5238,2021-09-18 23:00:00,Asia/Bangkok,83.78973314814812,7.727272727272728,7.220183486238532,26.52216398148148
5239,2021-09-19 00:00:00,Asia/Bangkok,84.07083682242991,14.03669724770642,13.28440366972477,26.62747887850468
5240,2021-09-19 01:00:00,Asia/Bangkok,84.80834524752473,15.23300970873786,14.31730769230769,26.63908257425743
5241,2021-09-19 02:00:00,Asia/Bangkok,86.10271298076925,14.17142857142857,13.36190476190476,26.21253442307693
5242,2021-09-19 03:00:00,Asia/Bangkok,86.43074989690722,13.77,13.14,25.99787711340207
5243,2021-09-19 04:00:00,Asia/Bangkok,87.08838448598127,16.15596330275229,15.4954128440367,25.71035953271031
5244,2021-09-19 05:00:00,Asia/Bangkok,87.67910385416666,19.84848484848485,18.86868686868687,25.37376302083332
5245,2021-09-19 06:00:00,Asia/Bangkok,87.76465095744683,20.75510204081633,19.73469387755102,25.16857191489363
5246,2021-09-19 07:00:00,Asia/Bangkok,88.17026237113402,16.0,15.31683168316832,24.78532556701031
5247,2021-09-19 08:00:00,Asia/Bangkok,87.9641060204082,20.1,19.13,24.65146642857142
5248,2021-09-19 09:00:00,Asia/Bangkok,88.06025510638297,22.03191489361702,20.84042553191489,24.57643882978724
5249,2021-09-19 10:00:00,Asia/Bangkok,88.99604185185187,19.23148148148148,18.32407407407407,24.72033231481482
5250,2021-09-19 11:00:00,Asia/Bangkok,81.95784672268908,13.81967213114754,13.27868852459016,26.95649873949579
5251,2021-09-19 12:00:00,Asia/Bangkok,73.04360974137934,11.79674796747967,11.16260162601626,29.49211465517242
5252,2021-09-19 13:00:00,Asia/Bangkok,66.8268995798319,7.950413223140496,7.43801652892562,31.44558974789916
5253,2021-09-19 14:00:00,Asia/Bangkok,60.17151125000001,5.626016260162602,5.219512195121951,32.70977333333332
5254,2021-09-19 15:00:00,Asia/Bangkok,55.43875153846156,6.858333333333333,6.35,34.54628793103446
5255,2021-09-19 16:00:00,Asia/Bangkok,54.66335280991736,8.796747967479675,8.365853658536585,35.30291487394956
5256,2021-09-19 17:00:00,Asia/Bangkok,52.02604183333334,9.715447154471544,9.24390243902439,36.79802533333334
5257,2021-09-19 18:00:00,Asia/Bangkok,55.9924893220339,9.382113821138212,8.845528455284553,35.40321610169492
5258,2021-09-19 19:00:00,Asia/Bangkok,66.71609472000003,10.064,9.328,31.51120072
5259,2021-09-19 20:00:00,Asia/Bangkok,75.22544031746028,91.58267716535433,70.16935483870968,29.856925
5260,2021-09-19 21:00:00,Asia/Bangkok,82.18187861788614,45.68,38.976,29.02464491803278
5261,2021-09-19 22:00:00,Asia/Bangkok,82.32123434426227,30.06349206349206,26.92063492063492,28.81217942622951
5262,2021-09-19 23:00:00,Asia/Bangkok,81.35266404761909,12.33333333333333,11.5,27.62440452380954
5263,2021-09-20 00:00:00,Asia/Bangkok,81.23513832000002,5.285714285714286,4.817460317460317,27.42418991999998
5264,2021-09-20 01:00:00,Asia/Bangkok,83.09694723577233,4.8,4.369230769230769,26.83147731707316
5265,2021-09-20 02:00:00,Asia/Bangkok,82.53133264462808,2.776,2.504,26.26377231404961
5266,2021-09-20 03:00:00,Asia/Bangkok,84.42201644628098,3.346774193548387,3.145161290322581,25.76129157024793
5267,2021-09-20 04:00:00,Asia/Bangkok,85.86547072580645,3.150793650793651,2.761904761904762,25.59914758064521
5268,2021-09-20 05:00:00,Asia/Bangkok,86.92422441666669,3.685483870967742,3.451612903225806,25.36995291666664
5269,2021-09-20 06:00:00,Asia/Bangkok,87.23172818181821,3.891666666666667,3.533333333333333,25.48551520661157
5270,2021-09-20 07:00:00,Asia/Bangkok,87.80152000000001,4.031746031746032,3.658730158730159,25.34331658333334
5271,2021-09-20 08:00:00,Asia/Bangkok,87.56901344262297,4.403225806451613,4.016129032258065,25.46450844262295
5272,2021-09-20 09:00:00,Asia/Bangkok,85.62214272,3.6953125,3.267716535433071,26.26612160000001
5273,2021-09-20 10:00:00,Asia/Bangkok,82.34603666666665,2.808333333333333,2.429752066115702,27.32623475
5274,2021-09-20 11:00:00,Asia/Bangkok,74.15558456896552,0.7983193277310925,0.4621848739495799,28.33837336206898
5275,2021-09-20 12:00:00,Asia/Bangkok,70.12549056910568,0.144,0.056,29.53443520325203
5276,2021-09-20 13:00:00,Asia/Bangkok,75.47492352459015,0.4523809523809524,0.2619047619047619,28.32081532786884
5277,2021-09-20 14:00:00,Asia/Bangkok,76.79523050847459,1.614754098360656,1.39344262295082,28.22424203389829
5278,2021-09-20 15:00:00,Asia/Bangkok,73.64418327586206,2.573770491803279,2.398373983739837,29.21971853448276
5279,2021-09-20 16:00:00,Asia/Bangkok,73.64054772357724,1.512,1.36,28.9566899186992
5280,2021-09-20 17:00:00,Asia/Bangkok,77.88389445378152,3.925619834710744,3.603305785123967,28.04399697478995
5281,2021-09-20 18:00:00,Asia/Bangkok,78.60287826446277,9.71774193548387,9.120967741935484,27.74982231404958
5282,2021-09-20 19:00:00,Asia/Bangkok,80.90744216666666,8.19672131147541,7.573770491803279,27.12466833333332
5283,2021-09-20 20:00:00,Asia/Bangkok,80.35498967479676,12.21774193548387,11.46774193548387,26.95409593495934
5284,2021-09-20 21:00:00,Asia/Bangkok,81.47530441666662,7.851239669421488,7.31404958677686,26.64627168067228
5285,2021-09-20 22:00:00,Asia/Bangkok,83.71638288288294,5.230769230769231,4.846153846153846,26.08032981981983
5286,2021-09-20 23:00:00,Asia/Bangkok,86.73760651785715,6.758620689655173,6.258620689655173,25.53447428571426
5287,2021-09-21 00:00:00,Asia/Bangkok,87.21372903508768,7.706896551724138,7.206896551724138,25.4237642982456
5288,2021-09-21 01:00:00,Asia/Bangkok,86.6771595614035,9.879310344827585,9.370689655172415,25.43200842105261
5289,2021-09-21 02:00:00,Asia/Bangkok,87.52942090090085,7.555555555555555,7.17948717948718,25.11487099099098
5290,2021-09-21 03:00:00,Asia/Bangkok,86.96923438596492,6.189655172413793,5.646551724137931,25.03403517543861
5291,2021-09-21 04:00:00,Asia/Bangkok,86.85638447368422,6.655172413793103,6.241379310344827,25.08769842105265
5292,2021-09-21 05:00:00,Asia/Bangkok,87.67780241379312,4.318965517241379,3.810344827586207,24.98867293103449
5293,2021-09-21 06:00:00,Asia/Bangkok,88.53514612068962,5.189655172413793,4.663793103448276,24.86954060344829
5294,2021-09-21 07:00:00,Asia/Bangkok,89.18347581818178,5.112068965517241,4.586206896551724,24.95860836363638
5295,2021-09-21 08:00:00,Asia/Bangkok,89.37194777777775,1.837606837606838,1.547008547008547,25.46471025862068
5296,2021-09-21 09:00:00,Asia/Bangkok,86.46510243478262,7.586206896551724,6.96551724137931,26.31795852173914
5297,2021-09-21 10:00:00,Asia/Bangkok,79.7823313513513,10.12173913043478,4.921052631578948,27.93502954954955
5298,2021-09-21 11:00:00,Asia/Bangkok,72.40178939130433,10.47826086956522,3.868421052631579,30.01476130434783
5299,2021-09-21 12:00:00,Asia/Bangkok,63.83092440366975,1.247863247863248,1.008547008547009,32.27277376146789
5300,2021-09-21 13:00:00,Asia/Bangkok,58.40999637168144,2.491379310344827,2.301724137931035,34.04709876106195
5301,2021-09-21 14:00:00,Asia/Bangkok,65.4224999130435,4.120689655172414,3.767241379310345,32.84419617391303
5302,2021-09-21 15:00:00,Asia/Bangkok,80.51275654867251,1.181034482758621,0.8275862068965517,27.61222053097343
5303,2021-09-21 16:00:00,Asia/Bangkok,87.85594508928568,1.339130434782609,1.078260869565217,25.93560814159294
5304,2021-09-21 17:00:00,Asia/Bangkok,88.49803990909093,4.844827586206897,4.422413793103448,25.69527777777779
5305,2021-09-21 18:00:00,Asia/Bangkok,89.06867692982452,5.658119658119658,5.256410256410256,25.54315631578945
5306,2021-09-21 19:00:00,Asia/Bangkok,89.75882710526315,5.862068965517241,5.344827586206897,25.31653017543859
5307,2021-09-21 20:00:00,Asia/Bangkok,91.48222824561407,7.508620689655173,6.96551724137931,24.96750868421054
5308,2021-09-21 21:00:00,Asia/Bangkok,90.96326646551721,6.504273504273504,5.991452991452991,24.93802706896554
5309,2021-09-21 22:00:00,Asia/Bangkok,89.64841684684679,5.431034482758621,4.827586206896552,25.12114828828829
5310,2021-09-21 23:00:00,Asia/Bangkok,88.82235642857141,5.646017699115045,5.185840707964601,25.27230312500001
5311,2021-09-22 00:00:00,Asia/Bangkok,89.98256062499999,5.689655172413793,5.086206896551724,24.98407267857144
5312,2021-09-22 01:00:00,Asia/Bangkok,89.8997307894737,5.0,4.543103448275862,24.94507752212391
5313,2021-09-22 02:00:00,Asia/Bangkok,88.95928577981657,3.643478260869565,3.156521739130435,25.00171440366972
5314,2021-09-22 03:00:00,Asia/Bangkok,87.35325375000001,2.704347826086956,2.321739130434783,25.17023071428572
5315,2021-09-22 04:00:00,Asia/Bangkok,87.14396535087718,4.365217391304347,3.808695652173913,25.05850999999998
5316,2021-09-22 05:00:00,Asia/Bangkok,86.92617517543859,2.660869565217391,2.206896551724138,25.0142415789474
5317,2021-09-22 06:00:00,Asia/Bangkok,89.84535939130437,7.608695652173913,7.008695652173913,24.42882947826087
5318,2021-09-22 07:00:00,Asia/Bangkok,90.84898300000003,10.25,9.379310344827585,24.253279
5319,2021-09-22 08:00:00,Asia/Bangkok,88.27854610619463,6.068965517241379,5.189655172413793,25.3868903539823
5320,2021-09-22 09:00:00,Asia/Bangkok,82.24186358974362,4.188034188034188,3.641025641025641,27.44234752136751
5321,2021-09-22 10:00:00,Asia/Bangkok,74.903581875,33.89565217391304,29.31304347826087,29.85093803571429
5322,2021-09-22 11:00:00,Asia/Bangkok,70.65240473214283,9.017241379310345,7.603448275862069,31.15412063063062
5323,2021-09-22 12:00:00,Asia/Bangkok,66.08004313043476,6.905172413793103,6.112068965517241,32.55856269565218
5324,2021-09-22 13:00:00,Asia/Bangkok,77.26553017543863,5.129310344827586,4.379310344827586,30.00600149122807
5325,2021-09-22 14:00:00,Asia/Bangkok,79.65767649122803,2.801724137931035,2.258620689655173,28.85192614035088
5326,2021-09-22 15:00:00,Asia/Bangkok,74.10315747826084,3.525862068965517,2.913793103448276,28.44364745614036
5327,2021-09-22 16:00:00,Asia/Bangkok,84.56516791304345,5.28448275862069,4.474137931034483,27.03709017391304
5328,2021-09-22 17:00:00,Asia/Bangkok,85.58054252173915,3.860869565217391,3.260869565217391,26.67573834782608
5329,2021-09-22 18:00:00,Asia/Bangkok,85.52143060869568,5.732758620689655,4.603448275862069,26.79799304347824
5330,2021-09-22 19:00:00,Asia/Bangkok,86.70674803571431,8.741071428571429,7.625,26.56259625000001
5331,2021-09-22 20:00:00,Asia/Bangkok,87.69607587719295,13.23478260869565,12.05217391304348,26.15250307017546
5332,2021-09-22 21:00:00,Asia/Bangkok,89.21995675438596,13.12068965517241,11.98275862068965,25.88008605263158
5333,2021-09-22 22:00:00,Asia/Bangkok,89.76299482142853,15.77391304347826,14.63478260869565,25.63224991071428
5334,2021-09-22 23:00:00,Asia/Bangkok,89.94308876106196,15.50434782608696,14.26086956521739,25.5457178761062
5335,2021-09-23 00:00:00,Asia/Bangkok,90.08971383928574,14.10344827586207,12.76724137931035,25.10485794642857
5336,2021-09-23 01:00:00,Asia/Bangkok,90.41493666666666,11.81896551724138,10.81896551724138,24.80487561403509
5337,2021-09-23 02:00:00,Asia/Bangkok,91.33073150943399,12.08333333333333,11.09259259259259,24.61030641509434
5338,2021-09-23 03:00:00,Asia/Bangkok,91.54683099173553,16.94308943089431,15.45528455284553,24.5971097520661
5339,2021-09-23 04:00:00,Asia/Bangkok,92.51357150442477,13.05172413793103,11.97413793103448,24.34336097345134
5340,2021-09-23 05:00:00,Asia/Bangkok,92.08846008620694,11.31034482758621,10.53448275862069,24.6318372413793
5341,2021-09-23 06:00:00,Asia/Bangkok,92.19096321428572,11.94017094017094,11.11111111111111,24.56042026785715
5342,2021-09-23 07:00:00,Asia/Bangkok,93.0809072321429,11.16521739130435,10.50434782608696,24.21218133928571
5343,2021-09-23 08:00:00,Asia/Bangkok,93.08120508620696,30.99137931034483,26.37068965517241,25.20777922413793
5344,2021-09-23 09:00:00,Asia/Bangkok,83.51800060869569,6.181034482758621,5.060344827586207,28.0743611304348
5345,2021-09-23 10:00:00,Asia/Bangkok,73.82144517857145,4.102564102564102,3.21551724137931,30.52150017857141
5346,2021-09-23 11:00:00,Asia/Bangkok,66.73688478260868,6.172413793103448,5.333333333333333,32.29942313043477
5347,2021-09-23 12:00:00,Asia/Bangkok,63.35374294642859,7.698275862068965,6.956896551724138,33.22384333333333
5348,2021-09-23 13:00:00,Asia/Bangkok,61.86227916666665,8.693333333333333,8.026666666666667,33.47840555555555
5349,2021-09-23 14:00:00,Asia/Bangkok,55.68046265957449,8.893617021276595,8.25531914893617,35.55961670212766
5350,2021-09-23 15:00:00,Asia/Bangkok,54.76063256637172,8.4,7.678260869565217,35.84597769911502
5351,2021-09-23 16:00:00,Asia/Bangkok,58.02440301886791,8.972477064220184,8.247706422018348,34.57743735849056
5352,2021-09-23 17:00:00,Asia/Bangkok,58.88712287037038,10.15596330275229,9.284403669724771,34.83739351851852
5353,2021-09-23 18:00:00,Asia/Bangkok,61.75173526315789,11.33333333333333,10.42735042735043,33.27035973684213
5354,2021-09-23 19:00:00,Asia/Bangkok,72.7359953448276,79.99152542372882,72.72881355932203,31.12888637931037
5355,2021-09-23 20:00:00,Asia/Bangkok,77.63384649122807,33.45762711864407,29.84745762711864,30.35457026315789
5356,2021-09-23 21:00:00,Asia/Bangkok,80.18257349593497,24.21951219512195,22.44715447154471,29.72303081300813
5357,2021-09-23 22:00:00,Asia/Bangkok,82.24897025862067,24.0672268907563,22.53389830508475,29.15758344827587
5358,2021-09-23 23:00:00,Asia/Bangkok,84.05477903508773,23.32758620689655,21.92307692307692,28.57981184210527
5359,2021-09-24 00:00:00,Asia/Bangkok,85.02823684210527,25.27586206896552,23.80172413793104,28.17007666666663
5360,2021-09-24 01:00:00,Asia/Bangkok,85.13732438596492,26.65217391304348,25.20869565217391,27.97790877192984
5361,2021-09-24 02:00:00,Asia/Bangkok,85.36790109090907,29.28448275862069,27.42241379310345,27.58752699999998
5362,2021-09-24 03:00:00,Asia/Bangkok,86.16063336206902,35.10344827586207,31.58620689655172,27.05716620689657
5363,2021-09-24 04:00:00,Asia/Bangkok,86.78185736842103,33.37606837606837,30.74358974358974,26.63991447368422
5364,2021-09-24 05:00:00,Asia/Bangkok,87.39754571428571,36.75652173913043,32.73913043478261,26.41305758928573
5365,2021-09-24 06:00:00,Asia/Bangkok,88.30743267241384,27.34188034188034,25.93162393162393,26.07899724137933
5366,2021-09-24 07:00:00,Asia/Bangkok,88.81280862068967,29.62068965517241,27.49565217391304,26.03675370689654
5367,2021-09-24 08:00:00,Asia/Bangkok,89.93404061946906,30.75,27.76923076923077,26.40166256637168
5368,2021-09-24 09:00:00,Asia/Bangkok,86.5258063392857,20.06034482758621,18.64655172413793,27.79116151785713
5369,2021-09-24 10:00:00,Asia/Bangkok,76.25528345454548,13.55752212389381,12.36283185840708,30.21909724770643
5370,2021-09-24 11:00:00,Asia/Bangkok,68.32108698275862,11.90756302521008,10.96638655462185,32.29987155172414
5371,2021-09-24 12:00:00,Asia/Bangkok,58.72576081818185,8.243478260869566,7.573913043478261,34.65823972727272
5372,2021-09-24 13:00:00,Asia/Bangkok,62.27898807017543,10.23275862068965,9.508620689655173,32.83694745614033
5373,2021-09-24 14:00:00,Asia/Bangkok,61.57549387931035,13.34188034188034,12.54700854700855,33.59908163793105
5374,2021-09-24 15:00:00,Asia/Bangkok,60.55024859649123,13.42105263157895,12.58771929824561,33.65212491228071
5375,2021-09-24 16:00:00,Asia/Bangkok,73.0226067826087,10.00862068965517,9.293103448275861,30.55863500000001
5376,2021-09-24 17:00:00,Asia/Bangkok,76.70774963963967,17.20353982300885,16.20353982300885,30.9971447272727
5377,2021-09-24 18:00:00,Asia/Bangkok,81.62668756302526,24.55737704918033,22.4672131147541,30.2474643697479
5378,2021-09-24 19:00:00,Asia/Bangkok,82.75106562500001,37.42241379310344,32.30172413793103,29.40837848214283
5379,2021-09-24 20:00:00,Asia/Bangkok,84.0510588793103,48.23275862068966,40.19827586206897,28.78652655172413
5380,2021-09-24 21:00:00,Asia/Bangkok,85.2338005607477,66.09482758620689,53.42241379310344,28.23855785046726
5381,2021-09-24 22:00:00,Asia/Bangkok,85.54306596491226,64.75,52.32758620689656,27.74788754385964
5382,2021-09-24 23:00:00,Asia/Bangkok,86.51274921052622,47.18103448275862,39.05172413793103,27.16659666666666
5383,2021-09-25 00:00:00,Asia/Bangkok,87.19440937499999,45.81578947368421,38.42105263157895,26.846010625
5384,2021-09-25 01:00:00,Asia/Bangkok,88.13678930434781,47.13793103448276,39.38793103448276,26.58422452173914
5385,2021-09-25 02:00:00,Asia/Bangkok,88.72872672566373,43.77391304347826,36.8695652173913,26.54508327433627
5386,2021-09-25 03:00:00,Asia/Bangkok,88.61808394495415,34.44736842105263,31.24561403508772,26.45363963302751
5387,2021-09-25 04:00:00,Asia/Bangkok,89.02582999999993,31.07964601769912,29.2212389380531,26.37732798245612
5388,2021-09-25 05:00:00,Asia/Bangkok,90.2795860526315,29.43965517241379,27.88793103448276,25.85453087719299
5389,2021-09-25 06:00:00,Asia/Bangkok,90.0240116363636,32.09565217391305,29.80869565217391,25.83596018181817
5390,2021-09-25 07:00:00,Asia/Bangkok,90.03164628318586,31.37931034482759,28.99137931034483,25.83553150442479
5391,2021-09-25 08:00:00,Asia/Bangkok,90.34542842105269,30.02564102564103,28.1965811965812,26.13338991228072
5392,2021-09-25 09:00:00,Asia/Bangkok,85.91468663793101,23.74137931034483,22.02586206896552,27.46139999999999
5393,2021-09-25 10:00:00,Asia/Bangkok,75.74876794642856,13.52586206896552,12.53448275862069,30.20427955357145
5394,2021-09-25 11:00:00,Asia/Bangkok,69.67511906542057,10.11111111111111,9.287037037037036,31.83871093457945
5395,2021-09-25 12:00:00,Asia/Bangkok,67.34682320987655,11.93827160493827,11.2716049382716,31.70348111111111
5396,2021-09-25 13:00:00,Asia/Bangkok,66.4865569565217,9.560344827586206,9.086206896551724,32.06833704347826
5397,2021-09-25 14:00:00,Asia/Bangkok,63.81188973913044,4.827586206896552,4.387931034482759,32.98985747826084
5398,2021-09-25 15:00:00,Asia/Bangkok,67.46306852173913,6.620689655172414,6.147826086956521,31.52579460869566
5399,2021-09-25 16:00:00,Asia/Bangkok,81.43895196428569,3.382608695652174,2.982758620689655,27.84869446428572
5400,2021-09-25 17:00:00,Asia/Bangkok,85.7941638392857,3.551724137931035,3.181034482758621,26.91443508928572
5401,2021-09-25 18:00:00,Asia/Bangkok,84.73044803571428,1.28448275862069,1.042735042735043,25.61718116071427
5402,2021-09-25 19:00:00,Asia/Bangkok,85.30832499999998,3.03448275862069,2.732758620689655,25.67529706896551
5403,2021-09-25 20:00:00,Asia/Bangkok,86.2140306086957,8.129310344827585,7.362068965517241,25.338738
5404,2021-09-25 21:00:00,Asia/Bangkok,88.77416208695651,4.637931034482759,4.042735042735043,24.72527817391305
5405,2021-09-25 22:00:00,Asia/Bangkok,88.84091859813086,6.234234234234235,5.657657657657658,24.95475046296298
5406,2021-09-25 23:00:00,Asia/Bangkok,88.68738426086959,4.794871794871795,4.239316239316239,25.23983999999998
5407,2021-09-26 00:00:00,Asia/Bangkok,89.47612283185842,4.525862068965517,4.043103448275862,24.90585159292036
5408,2021-09-26 01:00:00,Asia/Bangkok,88.88700265486729,5.353448275862069,4.844827586206897,24.90873283185843
5409,2021-09-26 02:00:00,Asia/Bangkok,89.34233663793101,6.051724137931035,5.482758620689655,24.71563094827588
5410,2021-09-26 03:00:00,Asia/Bangkok,90.21480192982459,5.327586206896552,4.905172413793103,24.62132719298247
5411,2021-09-26 04:00:00,Asia/Bangkok,87.85994913793101,8.042735042735043,7.29059829059829,24.87775991379313
5412,2021-09-26 05:00:00,Asia/Bangkok,86.54946640350877,6.896551724137931,6.405172413793103,25.13093805309736
5413,2021-09-26 06:00:00,Asia/Bangkok,88.75893767857144,10.00869565217391,9.491379310344827,24.73887794642858
5414,2021-09-26 07:00:00,Asia/Bangkok,90.1942363963964,16.01739130434783,15.12173913043478,24.63895045045048
5415,2021-09-26 08:00:00,Asia/Bangkok,89.50018222222222,11.54310344827586,10.67241379310345,25.21397523364486
5416,2021-09-26 09:00:00,Asia/Bangkok,85.80718599999996,3.905172413793104,3.46551724137931,26.42595637931034
5417,2021-09-26 10:00:00,Asia/Bangkok,82.35900318584072,2.042735042735043,1.641025641025641,27.66353258928571
5418,2021-09-26 11:00:00,Asia/Bangkok,69.84676626086953,1.853448275862069,1.577586206896552,31.94410930434782
5419,2021-09-26 12:00:00,Asia/Bangkok,66.34978709401707,0.7350427350427351,0.5384615384615384,32.34607333333334
5420,2021-09-26 13:00:00,Asia/Bangkok,67.80985168141595,2.46551724137931,2.129310344827586,32.03423672566372
5421,2021-09-26 14:00:00,Asia/Bangkok,67.80866821428572,2.741379310344827,2.491379310344827,32.69848625
5422,2021-09-26 15:00:00,Asia/Bangkok,65.82760626086953,6.632478632478633,6.324786324786325,33.21727565217391
5423,2021-09-26 16:00:00,Asia/Bangkok,80.50901388349513,17.70873786407767,16.24271844660194,28.94713456310676
5424,2021-09-26 17:00:00,Asia/Bangkok,87.04952087999999,6.333333333333333,5.75968992248062,27.59974840000002
5425,2021-09-26 18:00:00,Asia/Bangkok,88.59812431192663,8.64655172413793,8.086206896551724,26.87481678899083
5426,2021-09-26 19:00:00,Asia/Bangkok,89.94847250000001,14.97391304347826,14.1304347826087,26.63599842592593
5427,2021-09-26 20:00:00,Asia/Bangkok,89.60564826086944,9.293103448275861,8.568965517241379,26.72652304347826
5428,2021-09-26 21:00:00,Asia/Bangkok,89.96834473684217,7.008620689655173,6.517241379310345,26.61606347826088
5429,2021-09-26 22:00:00,Asia/Bangkok,90.73774407407409,7.290909090909091,6.754545454545455,26.34926504672896
5430,2021-09-26 23:00:00,Asia/Bangkok,90.24965556521738,9.068965517241379,8.431034482758621,26.32162895652178
5431,2021-09-27 00:00:00,Asia/Bangkok,90.28020389380531,9.75438596491228,9.18421052631579,26.20453035398231
5432,2021-09-27 01:00:00,Asia/Bangkok,90.61605474137933,10.47008547008547,9.735042735042734,26.11707146551724
5433,2021-09-27 02:00:00,Asia/Bangkok,90.59477576576582,11.12173913043478,10.49565217391304,26.04373675675675
5434,2021-09-27 03:00:00,Asia/Bangkok,90.98468619469027,13.68695652173913,12.79130434782609,25.92272973451329
5435,2021-09-27 04:00:00,Asia/Bangkok,91.95377304347825,19.13559322033898,18.00847457627119,25.63849095652173
5436,2021-09-27 05:00:00,Asia/Bangkok,92.2286221238938,18.71551724137931,17.75862068965517,25.48004778761062
5437,2021-09-27 06:00:00,Asia/Bangkok,93.70952965217394,20.39655172413793,19.20689655172414,25.02377582608698
5438,2021-09-27 07:00:00,Asia/Bangkok,93.58651568965516,19.53448275862069,18.41379310344828,25.12301887931037
5439,2021-09-27 08:00:00,Asia/Bangkok,93.27498743362835,20.87068965517241,19.67241379310345,25.54562415929203
5440,2021-09-27 09:00:00,Asia/Bangkok,89.86700686274511,14.78301886792453,14.0377358490566,26.93035980392156
5441,2021-09-27 10:00:00,Asia/Bangkok,79.81914934959349,7.145161290322581,6.741935483870968,29.35324284552845
5442,2021-09-27 11:00:00,Asia/Bangkok,71.29592999999998,5.155172413793103,4.732758620689655,31.55700176991152
5443,2021-09-27 12:00:00,Asia/Bangkok,65.21891669565218,5.732758620689655,5.431034482758621,33.4101195652174
5444,2021-09-27 13:00:00,Asia/Bangkok,64.34175715517243,4.568965517241379,4.163793103448276,33.14178732758621
5445,2021-09-27 14:00:00,Asia/Bangkok,62.27268938053094,3.96551724137931,3.655172413793104,33.79613495575221
5446,2021-09-27 15:00:00,Asia/Bangkok,64.64054378378378,6.026086956521739,5.530434782608696,32.93073288288286
5447,2021-09-27 16:00:00,Asia/Bangkok,71.41208903508775,8.313559322033898,7.64406779661017,31.1843639473684
5448,2021-09-27 17:00:00,Asia/Bangkok,87.99924653061221,3.444444444444445,2.727272727272727,27.0134012371134
5449,2021-09-27 18:00:00,Asia/Bangkok,90.13161112000002,3.555555555555555,3.150793650793651,26.50684169354839
5450,2021-09-27 19:00:00,Asia/Bangkok,89.73671474137929,5.357723577235772,4.975609756097561,26.51633508620689
5451,2021-09-27 20:00:00,Asia/Bangkok,90.35670791304348,4.060344827586207,3.706896551724138,26.25821295652175
5452,2021-09-27 21:00:00,Asia/Bangkok,89.28360234782608,1.681034482758621,1.474137931034483,26.05892482758619
5453,2021-09-27 22:00:00,Asia/Bangkok,89.39651981308411,2.491071428571428,2.383928571428572,25.6838087735849
5454,2021-09-27 23:00:00,Asia/Bangkok,89.46648307017549,2.129310344827586,1.870689655172414,25.67503456140354
5455,2021-09-28 00:00:00,Asia/Bangkok,89.8608583478261,4.568965517241379,4.189655172413793,25.50696852173912
5456,2021-09-28 01:00:00,Asia/Bangkok,90.11788884615387,6.701923076923077,6.355769230769231,25.30416307692309
5457,2021-09-28 02:00:00,Asia/Bangkok,90.3697745238095,5.581395348837209,5.193798449612403,25.15921464000002
5458,2021-09-28 03:00:00,Asia/Bangkok,90.40010614035086,3.129310344827586,2.71551724137931,24.95835814159296
5459,2021-09-28 04:00:00,Asia/Bangkok,90.8586252173913,3.758620689655173,3.28448275862069,24.67732860869568
5460,2021-09-28 05:00:00,Asia/Bangkok,90.9757340350877,5.965811965811966,5.213675213675214,24.45539447368421
5461,2021-09-28 06:00:00,Asia/Bangkok,91.46685607142858,7.887931034482759,7.129310344827586,24.22091000000001
5462,2021-09-28 07:00:00,Asia/Bangkok,91.87331234782606,7.362068965517241,6.724137931034483,24.26721826086957
5463,2021-09-28 08:00:00,Asia/Bangkok,92.4793577391304,6.008620689655173,5.53448275862069,25.01676478260868
5464,2021-09-28 09:00:00,Asia/Bangkok,88.0951528712871,3.718446601941748,3.388349514563107,26.97490752475247
5465,2021-09-28 10:00:00,Asia/Bangkok,78.168512109375,1.217054263565891,1.015503875968992,29.548237578125
5466,2021-09-28 11:00:00,Asia/Bangkok,73.49885333333333,0.9217391304347826,0.8173913043478261,30.84588692982458
5467,2021-09-28 12:00:00,Asia/Bangkok,75.69005495495496,1.391304347826087,1.28695652173913,30.38249018018018
5468,2021-09-28 13:00:00,Asia/Bangkok,71.22210087719299,1.508620689655172,1.344827586206897,31.94458675438598
5469,2021-09-28 14:00:00,Asia/Bangkok,68.20856464912278,1.869565217391304,1.704347826086956,32.60333868421053
5470,2021-09-28 15:00:00,Asia/Bangkok,72.9589460909091,4.206896551724138,3.905172413793104,31.53674472727272
5471,2021-09-28 16:00:00,Asia/Bangkok,71.17866587719303,4.210526315789473,3.894736842105263,32.25284701754384
5472,2021-09-28 17:00:00,Asia/Bangkok,75.7157253982301,3.25,2.793103448275862,30.57725300884955
5473,2021-09-28 18:00:00,Asia/Bangkok,82.53540451923075,4.872549019607843,4.53921568627451,29.57222009615384
5474,2021-09-28 19:00:00,Asia/Bangkok,83.19399546218492,9.289256198347108,8.545454545454545,28.98895462184877
5475,2021-09-28 20:00:00,Asia/Bangkok,85.0008336440678,23.58536585365854,21.92682926829268,28.09828322033898
5476,2021-09-28 21:00:00,Asia/Bangkok,87.35906377192981,29.29565217391304,27.46086956521739,27.57914008771932
5477,2021-09-28 22:00:00,Asia/Bangkok,87.72529201834865,37.17857142857143,32.88392857142857,27.36904743119269
5478,2021-09-28 23:00:00,Asia/Bangkok,88.22332912280707,30.47413793103448,28.61206896551724,27.17111491228072
5479,2021-09-29 00:00:00,Asia/Bangkok,89.35964643478263,27.50434782608696,25.87826086956522,26.80540008695652
5480,2021-09-29 01:00:00,Asia/Bangkok,90.1728234482758,20.13675213675214,19.11965811965812,26.60595146551724
5481,2021-09-29 02:00:00,Asia/Bangkok,91.43709261261256,16.86324786324786,15.96581196581197,26.33841342342343
5482,2021-09-29 03:00:00,Asia/Bangkok,90.75676455357147,10.57391304347826,10.10434782608696,26.33652366071427
5483,2021-09-29 04:00:00,Asia/Bangkok,90.75880192982459,11.63247863247863,11.04273504273504,26.14241026315787
5484,2021-09-29 05:00:00,Asia/Bangkok,91.35845247787613,10.24786324786325,9.598290598290598,25.80211787610618
5485,2021-09-29 06:00:00,Asia/Bangkok,91.63643535714287,10.63793103448276,9.879310344827585,25.75966473214285
5486,2021-09-29 07:00:00,Asia/Bangkok,91.63963745614032,11.75,11.12931034482759,25.69323570175435
5487,2021-09-29 08:00:00,Asia/Bangkok,92.74862598214283,14.52586206896552,13.68103448275862,25.83309705357143
5488,2021-09-29 09:00:00,Asia/Bangkok,92.86122456896554,15.11965811965812,14.39316239316239,26.27485224137931
5489,2021-09-29 10:00:00,Asia/Bangkok,90.61717207207212,11.93859649122807,11.21929824561403,27.1630397297297
5490,2021-09-29 11:00:00,Asia/Bangkok,83.19379356521738,5.324786324786325,5.068376068376068,29.56791086956523
5491,2021-09-29 12:00:00,Asia/Bangkok,76.48306307017542,4.017094017094017,3.786324786324786,31.40072982456139
5492,2021-09-29 13:00:00,Asia/Bangkok,73.66739831858405,2.808695652173913,2.626086956521739,32.19110044247786
5493,2021-09-29 14:00:00,Asia/Bangkok,65.93668254385965,0.9487179487179487,0.7777777777777778,33.60277000000001
5494,2021-09-29 15:00:00,Asia/Bangkok,64.39394446428572,1.28448275862069,1.181034482758621,33.71614428571429
5495,2021-09-29 16:00:00,Asia/Bangkok,66.4627949107143,2.456896551724138,2.301724137931035,33.34995223214286
5496,2021-09-29 17:00:00,Asia/Bangkok,67.543763539823,2.649572649572649,2.401709401709402,32.83597451327432
5497,2021-09-29 18:00:00,Asia/Bangkok,72.05399752293577,7.495495495495495,6.945945945945946,31.58801862385318
5498,2021-09-29 19:00:00,Asia/Bangkok,77.63467059322029,22.29411764705882,20.41176470588235,30.32515635593219
5499,2021-09-29 20:00:00,Asia/Bangkok,81.38184382608694,19.70689655172414,18.79310344827586,29.34544429824563
5500,2021-09-29 21:00:00,Asia/Bangkok,83.78403614035089,24.26086956521739,22.82608695652174,28.77986345132743
5501,2021-09-29 22:00:00,Asia/Bangkok,85.84620723214282,20.71428571428572,19.61607142857143,28.24683142857141
5502,2021-09-29 23:00:00,Asia/Bangkok,87.79802758928567,26.54310344827586,24.85344827586207,27.69634214285713
5503,2021-09-30 00:00:00,Asia/Bangkok,86.55323741379316,25.8448275862069,24.56896551724138,27.83655931034483
5504,2021-09-30 01:00:00,Asia/Bangkok,87.34928008771931,23.89655172413793,22.66379310344828,27.51477210526313
5505,2021-09-30 02:00:00,Asia/Bangkok,90.48085981132071,21.55963302752293,20.11009174311927,26.93387396226417
5506,2021-09-30 03:00:00,Asia/Bangkok,90.63748630252101,19.13008130081301,18.07317073170732,26.82857766666664
5507,2021-09-30 04:00:00,Asia/Bangkok,90.25038805309734,21.32478632478632,20.23931623931624,26.62496964285713
5508,2021-09-30 05:00:00,Asia/Bangkok,90.68655513043478,21.26724137931035,20.29310344827586,26.34080756521739
5509,2021-09-30 06:00:00,Asia/Bangkok,91.84685243478256,20.48275862068965,19.27586206896552,25.91329982608697
5510,2021-09-30 07:00:00,Asia/Bangkok,92.34374330357139,15.33628318584071,14.41592920353982,25.74779080357142
5511,2021-09-30 08:00:00,Asia/Bangkok,92.40206964285713,18.65811965811966,17.78632478632479,26.40687882882883
5512,2021-09-30 09:00:00,Asia/Bangkok,87.19620739130437,14.3448275862069,13.68965517241379,28.85936834782608
5513,2021-09-30 10:00:00,Asia/Bangkok,77.88713798076923,7.692307692307693,7.336538461538462,30.30293759615385
5514,2021-09-30 11:00:00,Asia/Bangkok,75.03361214285712,5.4609375,5.25,31.23854436507936
5515,2021-09-30 12:00:00,Asia/Bangkok,67.16755513761468,1.586206896551724,1.422413793103448,33.12260348623854
5516,2021-09-30 13:00:00,Asia/Bangkok,67.76978663716815,3.136752136752137,2.948717948717949,33.11564982300886
5517,2021-09-30 14:00:00,Asia/Bangkok,65.15815725663714,1.801724137931034,1.637931034482759,33.69662274336282
5518,2021-09-30 15:00:00,Asia/Bangkok,64.02479423423418,1.582608695652174,1.474137931034483,34.13140854545454
5519,2021-09-30 16:00:00,Asia/Bangkok,65.5464828448276,1.758620689655172,1.594827586206897,33.71463965517241
5520,2021-09-30 17:00:00,Asia/Bangkok,66.54853056074766,1.8,1.695652173913043,33.02646112149534
5521,2021-09-30 18:00:00,Asia/Bangkok,69.92453690909092,5.310344827586207,4.793103448275862,32.21013172727273
5522,2021-09-30 19:00:00,Asia/Bangkok,74.53041061946904,37.76724137931034,32.45689655172414,31.1069707079646
5523,2021-09-30 20:00:00,Asia/Bangkok,79.56254356521735,45.06837606837607,37.1551724137931,29.85019982608697
5524,2021-09-30 21:00:00,Asia/Bangkok,82.76003543859653,42.93043478260869,36.14529914529915,29.18325649122808
5525,2021-09-30 22:00:00,Asia/Bangkok,84.53689468468471,40.875,34.875,28.72624315315317
5526,2021-09-30 23:00:00,Asia/Bangkok,85.21643608695652,41.06837606837607,35.23076923076923,28.58207260869565
5527,2021-10-01 00:00:00,Asia/Bangkok,86.90708793103455,33.6551724137931,29.19827586206896,28.14947913043477
5528,2021-10-01 01:00:00,Asia/Bangkok,87.82406410714285,7.153846153846154,6.35042735042735,26.98617660714287
5529,2021-10-01 02:00:00,Asia/Bangkok,88.09503300884961,3.586206896551724,3.120689655172414,26.43392044247788
5530,2021-10-01 03:00:00,Asia/Bangkok,87.94183098214286,3.112068965517242,2.568965517241379,26.43248928571429
5531,2021-10-01 04:00:00,Asia/Bangkok,87.43235840707965,3.393162393162393,2.794871794871795,26.49134309734512
5532,2021-10-01 05:00:00,Asia/Bangkok,88.83173478260865,4.387931034482759,3.71551724137931,26.17182649122809
5533,2021-10-01 06:00:00,Asia/Bangkok,88.89767336363634,4.443478260869565,3.860869565217391,26.01863181818182
5534,2021-10-01 07:00:00,Asia/Bangkok,89.7667308695652,8.474137931034482,7.71551724137931,25.88552860869565
5535,2021-10-01 08:00:00,Asia/Bangkok,90.75774477876107,11.09565217391304,10.26956521739131,26.42059221238939
5536,2021-10-01 09:00:00,Asia/Bangkok,87.24857456896551,9.28448275862069,8.75,28.31970713043479
5537,2021-10-01 10:00:00,Asia/Bangkok,76.83861963963965,5.034782608695652,4.660869565217391,30.84200441441441
5538,2021-10-01 11:00:00,Asia/Bangkok,73.43729535087719,2.551724137931035,2.327586206896552,31.65321692982454
5539,2021-10-01 12:00:00,Asia/Bangkok,69.71853678260868,2.94017094017094,2.752136752136752,32.68813217391305
5540,2021-10-01 13:00:00,Asia/Bangkok,65.9232137037037,4.297297297297297,4.108108108108108,33.99891037037035
5541,2021-10-01 14:00:00,Asia/Bangkok,60.31168931623929,8.367521367521368,8.222222222222221,34.94825427350426
5542,2021-10-01 15:00:00,Asia/Bangkok,73.45121270270273,5.417391304347826,4.765217391304348,29.40135763636363
5543,2021-10-01 16:00:00,Asia/Bangkok,85.94448757009343,5.939130434782609,5.295652173913044,26.66990542056074
5544,2021-10-01 17:00:00,Asia/Bangkok,83.1242991964286,14.36206896551724,13.46551724137931,28.88463714285714
5545,2021-10-01 18:00:00,Asia/Bangkok,81.23619146551728,11.84347826086957,11.33913043478261,28.96023521367523
5546,2021-10-01 19:00:00,Asia/Bangkok,83.09916078947366,18.61538461538462,17.41025641025641,28.12608701754383
5547,2021-10-01 20:00:00,Asia/Bangkok,87.19310278260872,19.88793103448276,19.0,27.31896043478262
5548,2021-10-01 21:00:00,Asia/Bangkok,87.53902792792798,24.07758620689655,22.92241379310345,27.20020387387387
5549,2021-10-01 22:00:00,Asia/Bangkok,87.66977062499998,32.33333333333334,29.60526315789474,27.09084401785714
5550,2021-10-01 23:00:00,Asia/Bangkok,89.3004957522124,33.38793103448276,30.67241379310345,26.50575999999999
5551,2021-10-02 00:00:00,Asia/Bangkok,88.78900607142855,26.11206896551724,24.88793103448276,26.30519776785718
5552,2021-10-02 01:00:00,Asia/Bangkok,88.57713517543868,26.89655172413793,25.64655172413793,26.40468815789474
5553,2021-10-02 02:00:00,Asia/Bangkok,89.24204741379307,28.62068965517241,27.05172413793104,26.24807931034484
5554,2021-10-02 03:00:00,Asia/Bangkok,89.87082729729724,28.78632478632479,26.94827586206896,25.92083198198199
5555,2021-10-02 04:00:00,Asia/Bangkok,90.7723363392857,28.96551724137931,26.80172413793104,25.70761666666666
5556,2021-10-02 05:00:00,Asia/Bangkok,90.6926019469026,18.74137931034483,17.90598290598291,25.62968132743362
5557,2021-10-02 06:00:00,Asia/Bangkok,90.97413750000001,14.30172413793103,13.6551724137931,25.42851642857145
5558,2021-10-02 07:00:00,Asia/Bangkok,90.69196823008852,13.30172413793103,12.36206896551724,25.45851743362837
5559,2021-10-02 08:00:00,Asia/Bangkok,91.20609778947367,13.17708333333333,12.32291666666667,25.89169421052632
5560,2021-10-02 09:00:00,Asia/Bangkok,85.36364962406013,8.452554744525548,7.693430656934306,27.78912984962406
5561,2021-10-02 10:00:00,Asia/Bangkok,73.31887108108108,4.660869565217391,4.243478260869566,30.92800666666664
5562,2021-10-02 11:00:00,Asia/Bangkok,69.07317716814158,4.008620689655173,3.637931034482758,31.90806902654867
5563,2021-10-02 12:00:00,Asia/Bangkok,64.44768079646016,4.700854700854701,4.47008547008547,33.6183082300885
5564,2021-10-02 13:00:00,Asia/Bangkok,58.28366816513763,4.035087719298246,3.756521739130435,35.59375807339449
5565,2021-10-02 14:00:00,Asia/Bangkok,56.31784946902653,4.617391304347827,4.426086956521739,35.95456407079646
5566,2021-10-02 15:00:00,Asia/Bangkok,60.58500097345129,7.469565217391304,7.156521739130435,35.24243805309735
5567,2021-10-02 16:00:00,Asia/Bangkok,65.50518973913043,10.49565217391304,10.03478260869565,33.81835582608696
5568,2021-10-02 17:00:00,Asia/Bangkok,75.96277114035088,14.4051724137931,13.57758620689655,30.33194394736842
5569,2021-10-02 18:00:00,Asia/Bangkok,85.46101153153153,15.44347826086956,13.61739130434783,27.67057153153154
5570,2021-10-02 19:00:00,Asia/Bangkok,83.61560495575218,13.31034482758621,12.55172413793103,27.82811486725662
5571,2021-10-02 20:00:00,Asia/Bangkok,84.59840646017699,14.96551724137931,14.02586206896552,27.26821920353983
5572,2021-10-02 21:00:00,Asia/Bangkok,84.74974043103448,15.25641025641026,14.42735042735043,27.25398844827585
5573,2021-10-02 22:00:00,Asia/Bangkok,87.36547361111113,14.76991150442478,13.84070796460177,26.93329444444445
5574,2021-10-02 23:00:00,Asia/Bangkok,87.49420043859651,19.76521739130435,18.0695652173913,26.75354342105265
5575,2021-10-03 00:00:00,Asia/Bangkok,88.04429874999995,16.70940170940171,15.53846153846154,26.63410446428573
5576,2021-10-03 01:00:00,Asia/Bangkok,88.49895097345131,12.18103448275862,11.51724137931035,26.57155079646017
5577,2021-10-03 02:00:00,Asia/Bangkok,89.54201491228068,17.11206896551724,16.16379310344828,26.48079298245615
5578,2021-10-03 03:00:00,Asia/Bangkok,90.65150899082568,20.05172413793104,19.06896551724138,26.27367339449541
5579,2021-10-03 04:00:00,Asia/Bangkok,91.09420017699114,28.7008547008547,26.2991452991453,26.11834557522124
5580,2021-10-03 05:00:00,Asia/Bangkok,90.320634159292,23.32758620689655,21.95689655172414,25.94532097345131
5581,2021-10-03 06:00:00,Asia/Bangkok,89.82909801724135,19.48275862068965,18.5948275862069,25.89674758620689
5582,2021-10-03 07:00:00,Asia/Bangkok,89.3111900884956,15.56034482758621,14.6551724137931,25.78708840707966
5583,2021-10-03 08:00:00,Asia/Bangkok,91.33781761061948,14.98260869565217,14.12173913043478,26.27365274336284
5584,2021-10-03 09:00:00,Asia/Bangkok,87.17213580357138,12.1025641025641,11.46551724137931,28.36561642857143
5585,2021-10-03 10:00:00,Asia/Bangkok,77.33985631578945,8.793103448275861,8.401709401709402,30.7395760176991
5586,2021-10-03 11:00:00,Asia/Bangkok,71.58151763157898,10.01769911504425,9.63716814159292,32.23544368421052
5587,2021-10-03 12:00:00,Asia/Bangkok,67.00575460176987,9.156521739130435,8.895652173913044,33.22114710526315
5588,2021-10-03 13:00:00,Asia/Bangkok,66.97907106194685,10.86324786324786,10.58974358974359,33.12006553571428
5589,2021-10-03 14:00:00,Asia/Bangkok,63.17663123893805,13.78448275862069,13.4051724137931,34.72035410714285
5590,2021-10-03 15:00:00,Asia/Bangkok,60.77050095652174,16.06034482758621,15.61206896551724,34.95728052631578
5591,2021-10-03 16:00:00,Asia/Bangkok,68.29615198198195,15.08695652173913,14.5304347826087,33.44856009009009
5592,2021-10-03 17:00:00,Asia/Bangkok,73.73730929824563,10.6551724137931,10.29310344827586,31.83735333333332
5593,2021-10-03 18:00:00,Asia/Bangkok,79.57372939130438,23.54700854700855,21.54700854700855,30.6532476521739
5594,2021-10-03 19:00:00,Asia/Bangkok,85.63433434782614,26.73504273504274,24.74137931034483,28.38739286956521
5595,2021-10-03 20:00:00,Asia/Bangkok,86.06467027272721,16.55652173913044,15.9051724137931,27.72443963636366
5596,2021-10-03 21:00:00,Asia/Bangkok,84.4942737391304,3.434782608695652,3.078260869565217,25.92581504347826
5597,2021-10-03 22:00:00,Asia/Bangkok,86.84917669642854,1.9375,1.580357142857143,25.38164464285715
5598,2021-10-03 23:00:00,Asia/Bangkok,89.44245547826084,3.260869565217391,2.782608695652174,24.96198652173916
5599,2021-10-04 00:00:00,Asia/Bangkok,89.55036522123892,4.782608695652174,4.295652173913044,25.06701654867259
5600,2021-10-04 01:00:00,Asia/Bangkok,90.42569710526311,7.895652173913043,7.356521739130435,25.08214728070176
5601,2021-10-04 02:00:00,Asia/Bangkok,90.20714339130433,9.017241379310345,8.543103448275861,25.14837608695655
5602,2021-10-04 03:00:00,Asia/Bangkok,90.30959063636367,6.922413793103448,6.577586206896552,25.17277738738738
5603,2021-10-04 04:00:00,Asia/Bangkok,89.86742061403504,8.102564102564102,7.478632478632479,25.3087185840708
5604,2021-10-04 05:00:00,Asia/Bangkok,90.58585114035088,10.16379310344828,9.53448275862069,25.14269771929827
5605,2021-10-04 06:00:00,Asia/Bangkok,91.08269434782608,11.68965517241379,10.82758620689655,25.10105460869566
5606,2021-10-04 07:00:00,Asia/Bangkok,90.93504263157891,11.5,10.67241379310345,25.38424807017545
5607,2021-10-04 08:00:00,Asia/Bangkok,91.02213530434783,10.0948275862069,9.5,25.83142530434782
5608,2021-10-04 09:00:00,Asia/Bangkok,88.96658198275861,14.39655172413793,13.63793103448276,27.17652655172413
5609,2021-10-04 10:00:00,Asia/Bangkok,78.06163675438597,10.5,10.0,30.03099256637167
5610,2021-10-04 11:00:00,Asia/Bangkok,66.80711657894739,8.577586206896552,8.086206896551724,33.29879614035089
5611,2021-10-04 12:00:00,Asia/Bangkok,63.61687035087719,10.81034482758621,10.18965517241379,34.05194631578949
5612,2021-10-04 13:00:00,Asia/Bangkok,66.34243238938055,14.92241379310345,13.87931034482759,33.08398407079646
5613,2021-10-04 14:00:00,Asia/Bangkok,85.43530508928573,25.1965811965812,22.87179487179487,27.274335625
5614,2021-10-04 15:00:00,Asia/Bangkok,86.09122780701756,6.289473684210527,5.894736842105263,26.94215078947369
5615,2021-10-04 16:00:00,Asia/Bangkok,83.23604743589745,6.683760683760684,6.299145299145299,28.23970452991453
5616,2021-10-04 17:00:00,Asia/Bangkok,83.04192517543858,9.991379310344827,9.491379310344827,27.91581184210528
5617,2021-10-04 18:00:00,Asia/Bangkok,84.35044078947364,15.67826086956522,14.9304347826087,27.69951745614033
5618,2021-10-04 19:00:00,Asia/Bangkok,87.14776435185185,38.46551724137931,33.39655172413793,27.63121518518518
5619,2021-10-04 20:00:00,Asia/Bangkok,87.19845640350879,21.10344827586207,19.87068965517241,27.13933228070177
5620,2021-10-04 21:00:00,Asia/Bangkok,88.02225383928568,9.163793103448276,8.543103448275861,26.53141223214285
5621,2021-10-04 22:00:00,Asia/Bangkok,88.99468899082574,8.964601769911505,8.25,26.32987504587158
5622,2021-10-04 23:00:00,Asia/Bangkok,89.2180538596491,10.02586206896552,9.206896551724139,26.31954228070176
5623,2021-10-05 00:00:00,Asia/Bangkok,90.64387113043477,9.775862068965518,8.982758620689655,26.02247913043476
5624,2021-10-05 01:00:00,Asia/Bangkok,91.15649556521734,9.64655172413793,8.836206896551724,26.00317614035086
5625,2021-10-05 02:00:00,Asia/Bangkok,90.7048075675676,10.63793103448276,9.939655172413794,26.03976792792793
5626,2021-10-05 03:00:00,Asia/Bangkok,91.08525017543855,14.93913043478261,13.61739130434783,25.89924570175441
5627,2021-10-05 04:00:00,Asia/Bangkok,91.79898562499997,14.38461538461539,13.33333333333333,25.75399071428572
5628,2021-10-05 05:00:00,Asia/Bangkok,91.11845991071426,12.04310344827586,11.28448275862069,25.82580160714286
5629,2021-10-05 06:00:00,Asia/Bangkok,91.74161285714287,13.01724137931035,12.06034482758621,25.59329339285714
5630,2021-10-05 07:00:00,Asia/Bangkok,92.31574818181818,13.57894736842105,12.40350877192983,25.56009181818181
5631,2021-10-05 08:00:00,Asia/Bangkok,91.71055799999999,11.12173913043478,10.4,25.78115634782607
5632,2021-10-05 09:00:00,Asia/Bangkok,92.05748232758617,13.10344827586207,12.28448275862069,25.98986413793104
5633,2021-10-05 10:00:00,Asia/Bangkok,90.31192730434782,11.85344827586207,11.06896551724138,26.68857791304347
5634,2021-10-05 11:00:00,Asia/Bangkok,88.45229646017697,18.31034482758621,16.39655172413793,27.21172205357141
5635,2021-10-05 12:00:00,Asia/Bangkok,85.77073125000003,9.478260869565217,8.730434782608695,27.5229174336283
5636,2021-10-05 13:00:00,Asia/Bangkok,84.49893205357144,11.18103448275862,10.36206896551724,27.63060973214285
5637,2021-10-05 14:00:00,Asia/Bangkok,82.65156955357142,11.4051724137931,10.87826086956522,27.79663198198194
5638,2021-10-05 15:00:00,Asia/Bangkok,78.76847348214285,8.913793103448276,8.555555555555555,28.06951901785714
5639,2021-10-05 16:00:00,Asia/Bangkok,78.96304364485984,12.79816513761468,12.19266055045872,28.20554168224301
5640,2021-10-05 17:00:00,Asia/Bangkok,80.0168489915966,17.20967741935484,16.42741935483871,28.1987831092437
5641,2021-10-05 18:00:00,Asia/Bangkok,81.23112199999993,15.5948275862069,14.91379310344828,27.93596930434783
5642,2021-10-05 19:00:00,Asia/Bangkok,80.97029921052635,11.37931034482759,10.80172413793103,27.5004138596491
5643,2021-10-05 20:00:00,Asia/Bangkok,81.48667895652171,13.41739130434783,12.68695652173913,27.29351069565215
5644,2021-10-05 21:00:00,Asia/Bangkok,80.33024573913039,10.06896551724138,9.594827586206897,27.20122965217394
5645,2021-10-05 22:00:00,Asia/Bangkok,79.39684084112146,9.342342342342342,8.758928571428571,27.17699084112149
5646,2021-10-05 23:00:00,Asia/Bangkok,79.63192704347823,5.794871794871795,5.384615384615385,26.9910209565217
5647,2021-10-06 00:00:00,Asia/Bangkok,81.49396447368423,6.793103448275862,6.275862068965517,26.67748482456142
5648,2021-10-06 01:00:00,Asia/Bangkok,83.83587904347827,6.879310344827586,6.301724137931035,26.58889599999998
5649,2021-10-06 02:00:00,Asia/Bangkok,84.61035229357799,6.517857142857143,6.018018018018018,25.97775605504588
5650,2021-10-06 03:00:00,Asia/Bangkok,79.08829991525424,1.608333333333333,1.369747899159664,26.53943196581193
5651,2021-10-06 04:00:00,Asia/Bangkok,79.18241166666664,1.646551724137931,1.512820512820513,26.47915114035087
5652,2021-10-06 05:00:00,Asia/Bangkok,80.10125807017548,1.982758620689655,1.75,26.25152452173913
5653,2021-10-06 06:00:00,Asia/Bangkok,81.80589834782612,3.324786324786325,2.905982905982906,26.09450438596494
5654,2021-10-06 07:00:00,Asia/Bangkok,84.76539236842105,5.913793103448276,5.482758620689655,25.74968385964914
5655,2021-10-06 08:00:00,Asia/Bangkok,85.04442139130435,7.353448275862069,6.71551724137931,25.7101023478261
5656,2021-10-06 09:00:00,Asia/Bangkok,83.27039426086957,7.163793103448276,6.474137931034483,26.614458
5657,2021-10-06 10:00:00,Asia/Bangkok,77.62132477477476,3.706896551724138,3.198275862068965,28.25780207207207
5658,2021-10-06 11:00:00,Asia/Bangkok,74.72044747747748,1.913793103448276,1.629310344827586,29.11021477477476
5659,2021-10-06 12:00:00,Asia/Bangkok,68.37613280701757,3.612068965517242,3.21551724137931,31.4962535964912
5660,2021-10-06 13:00:00,Asia/Bangkok,68.66802236842109,5.113043478260869,4.695652173913044,31.25532769911504
5661,2021-10-06 14:00:00,Asia/Bangkok,60.40745625,3.96551724137931,3.663793103448276,34.14389758928569
5662,2021-10-06 15:00:00,Asia/Bangkok,60.72509000000002,4.666666666666667,4.412280701754386,33.7375782142857
5663,2021-10-06 16:00:00,Asia/Bangkok,77.00649267857145,0.5042735042735043,0.2905982905982906,28.20174828828828
5664,2021-10-06 17:00:00,Asia/Bangkok,80.9048592857143,0.3214285714285715,0.1875,26.98860848214283
5665,2021-10-06 18:00:00,Asia/Bangkok,80.59357681415926,0.5304347826086957,0.3391304347826087,26.88833324324325
5666,2021-10-06 19:00:00,Asia/Bangkok,81.88730008771931,1.810344827586207,1.517241379310345,26.59400192982456
5667,2021-10-06 20:00:00,Asia/Bangkok,82.57167094827584,3.801724137931035,3.508620689655173,26.46076405172414
5668,2021-10-06 21:00:00,Asia/Bangkok,80.9948338260869,3.773913043478261,3.330434782608696,26.64822626086958
5669,2021-10-06 22:00:00,Asia/Bangkok,81.43289287037035,5.234234234234235,4.794642857142857,26.53892879629631
5670,2021-10-06 23:00:00,Asia/Bangkok,81.56199312499999,5.21551724137931,4.577586206896552,26.41668312500001
5671,2021-10-07 00:00:00,Asia/Bangkok,81.94457053571423,5.28448275862069,4.689655172413793,26.30405080357141
5672,2021-10-07 01:00:00,Asia/Bangkok,83.11292249999995,6.104347826086957,5.504347826086956,26.01086116071428
5673,2021-10-07 02:00:00,Asia/Bangkok,80.89218081818184,5.556521739130435,5.095652173913043,26.16219818181818
5674,2021-10-07 03:00:00,Asia/Bangkok,80.03590617391302,6.655172413793103,5.956896551724138,26.24330565217393
5675,2021-10-07 04:00:00,Asia/Bangkok,82.91415981308413,6.0,5.491379310344827,25.69765626168227
5676,2021-10-07 05:00:00,Asia/Bangkok,85.25047043478264,6.060344827586207,5.560344827586207,25.26220278260869
5677,2021-10-07 06:00:00,Asia/Bangkok,86.46198339130434,6.46551724137931,5.870689655172414,25.10432704347825
5678,2021-10-07 07:00:00,Asia/Bangkok,87.54609955752211,9.594827586206897,8.655172413793103,25.04636265486724
5679,2021-10-07 08:00:00,Asia/Bangkok,89.62854869565214,7.111111111111111,6.452991452991453,24.87572217391306
5680,2021-10-07 09:00:00,Asia/Bangkok,88.03966060869564,3.577586206896552,3.275862068965517,25.52972382608695
5681,2021-10-07 10:00:00,Asia/Bangkok,80.26197686956519,3.939655172413793,3.405172413793104,27.80270843478263
5682,2021-10-07 11:00:00,Asia/Bangkok,72.62317939130438,4.086206896551724,3.456896551724138,29.44150596491228
5683,2021-10-07 12:00:00,Asia/Bangkok,72.8549288990826,5.794871794871795,5.256410256410256,29.94559550458717
5684,2021-10-07 13:00:00,Asia/Bangkok,70.99114115044246,5.706896551724138,5.129310344827586,30.91917318584072
5685,2021-10-07 14:00:00,Asia/Bangkok,77.49390468468468,7.422413793103448,6.853448275862069,29.60967758928572
5686,2021-10-07 15:00:00,Asia/Bangkok,71.46514390909087,4.758620689655173,4.293103448275862,31.55401513761468
5687,2021-10-07 16:00:00,Asia/Bangkok,69.97036605263159,3.222222222222222,2.914529914529914,31.68701728070175
5688,2021-10-07 17:00:00,Asia/Bangkok,69.89829589285713,1.982758620689655,1.663793103448276,30.68024276785713
5689,2021-10-07 18:00:00,Asia/Bangkok,71.62015159292034,3.931623931623931,3.29059829059829,29.71091017699116
5690,2021-10-07 19:00:00,Asia/Bangkok,71.47892460869566,7.672413793103448,6.801724137931035,28.88551387931036
5691,2021-10-07 20:00:00,Asia/Bangkok,72.64159096491227,8.41025641025641,7.646551724137931,28.48435309734515
5692,2021-10-07 21:00:00,Asia/Bangkok,74.6312015044248,5.129310344827586,4.555555555555555,28.04235557522122
5693,2021-10-07 22:00:00,Asia/Bangkok,79.70797240740738,3.571428571428572,2.982142857142857,27.11992305555557
5694,2021-10-07 23:00:00,Asia/Bangkok,81.21698526315795,4.017241379310345,3.491379310344827,26.56947447368419
5695,2021-10-08 00:00:00,Asia/Bangkok,83.56029486725666,3.396551724137931,2.862068965517242,26.14117557522124
5696,2021-10-08 01:00:00,Asia/Bangkok,85.8963162831859,2.267241379310345,2.008620689655173,25.69882460176995
5697,2021-10-08 02:00:00,Asia/Bangkok,87.49108530973453,0.7863247863247863,0.6068376068376068,25.3305543362832
5698,2021-10-08 03:00:00,Asia/Bangkok,89.5219025,0.8245614035087719,0.456140350877193,24.99754603603603
5699,2021-10-08 04:00:00,Asia/Bangkok,91.02038999999996,1.586206896551724,1.422413793103448,24.73239628318581
5700,2021-10-08 05:00:00,Asia/Bangkok,90.50531713043476,0.456896551724138,0.1206896551724138,24.68118243478259
5701,2021-10-08 06:00:00,Asia/Bangkok,90.58746415929204,2.591304347826087,1.991304347826087,24.70017026315788
5702,2021-10-08 07:00:00,Asia/Bangkok,89.36779304347823,3.46551724137931,2.706896551724138,25.06516324561404
5703,2021-10-08 08:00:00,Asia/Bangkok,88.883106875,3.052173913043478,2.539130434782609,25.50579098214286
5704,2021-10-08 09:00:00,Asia/Bangkok,86.84811234234236,3.076923076923077,2.094827586206896,26.32859873873874
5705,2021-10-08 10:00:00,Asia/Bangkok,82.67090464912275,4.149122807017544,3.21551724137931,27.64227878260867
5706,2021-10-08 11:00:00,Asia/Bangkok,79.7461820535714,4.155172413793103,3.370689655172414,28.80382306306304
5707,2021-10-08 12:00:00,Asia/Bangkok,79.29749224137932,4.922413793103448,4.172413793103448,29.04890913793102
5708,2021-10-08 13:00:00,Asia/Bangkok,83.96505709090908,4.486238532110092,3.909090909090909,28.60982318181818
5709,2021-10-08 14:00:00,Asia/Bangkok,82.84390009259259,5.018518518518518,4.5,28.87630324074075
5710,2021-10-08 15:00:00,Asia/Bangkok,78.88125279279276,3.640350877192982,3.078947368421053,29.25498819819819
5711,2021-10-08 16:00:00,Asia/Bangkok,72.58334522935779,2.45945945945946,1.891891891891892,29.97060844036698
5712,2021-10-08 17:00:00,Asia/Bangkok,82.10827952830188,1.706422018348624,1.26605504587156,27.68373112149535
5713,2021-10-08 18:00:00,Asia/Bangkok,84.80998230088495,1.640350877192982,1.307017543859649,26.54998419642856
5714,2021-10-08 19:00:00,Asia/Bangkok,87.34621017857145,6.175438596491228,5.289473684210527,25.88578866071429
5715,2021-10-08 20:00:00,Asia/Bangkok,87.50167689655169,2.621848739495798,1.865546218487395,25.62122474137935
5716,2021-10-08 21:00:00,Asia/Bangkok,87.35151336283188,2.974358974358974,2.11864406779661,25.64718526315788
5717,2021-10-08 22:00:00,Asia/Bangkok,88.38302948275856,4.161290322580645,3.282258064516129,25.52580215517245
5718,2021-10-08 23:00:00,Asia/Bangkok,88.86517721311473,4.658730158730159,3.634920634920635,25.50961421487604
5719,2021-10-09 00:00:00,Asia/Bangkok,87.74030572727268,4.163793103448276,3.21551724137931,25.70819963636364
5720,2021-10-09 01:00:00,Asia/Bangkok,88.45606702702699,4.232758620689655,3.172413793103448,25.57518072072076
5721,2021-10-09 02:00:00,Asia/Bangkok,88.61887431034488,4.767241379310345,3.508620689655173,25.60038939655171
5722,2021-10-09 03:00:00,Asia/Bangkok,87.95245883928568,4.224137931034483,3.21551724137931,25.70025044642857
5723,2021-10-09 04:00:00,Asia/Bangkok,89.20097643478262,6.068376068376068,4.982905982905983,25.52317657894733
5724,2021-10-09 05:00:00,Asia/Bangkok,90.02930054054053,6.273504273504273,5.344827586206897,25.44108630630634
5725,2021-10-09 06:00:00,Asia/Bangkok,88.71120768518519,5.843478260869565,4.956896551724138,25.70660203703705
5726,2021-10-09 07:00:00,Asia/Bangkok,88.39524939130432,5.96551724137931,4.974137931034483,25.87507999999999
5727,2021-10-09 08:00:00,Asia/Bangkok,86.32540852173912,5.042735042735043,3.974358974358974,26.57547278260872
5728,2021-10-09 09:00:00,Asia/Bangkok,82.27392600000003,4.155172413793103,3.043103448275862,28.21050113043479
5729,2021-10-09 10:00:00,Asia/Bangkok,87.4190467567567,2.818965517241379,2.293103448275862,27.07357351351353
5730,2021-10-09 11:00:00,Asia/Bangkok,83.67374852173911,2.068965517241379,1.732758620689655,27.86493843478261
5731,2021-10-09 12:00:00,Asia/Bangkok,74.21657869565216,3.923076923076923,3.350427350427351,30.80039921052632
5732,2021-10-09 13:00:00,Asia/Bangkok,69.42874418181819,3.078260869565217,2.547826086956522,32.00628845454546
5733,2021-10-09 14:00:00,Asia/Bangkok,64.31772716981129,2.638888888888889,2.064814814814815,32.30511339622641
5734,2021-10-09 15:00:00,Asia/Bangkok,61.47712792792792,3.778761061946903,3.053097345132743,32.96895918918919
5735,2021-10-09 16:00:00,Asia/Bangkok,62.07836547169812,3.385321100917431,2.724770642201835,32.62620726415094
5736,2021-10-09 17:00:00,Asia/Bangkok,63.53359046728973,3.054054054054054,2.423423423423424,31.85563018691588
5737,2021-10-09 18:00:00,Asia/Bangkok,66.22568056074766,3.527272727272727,2.809090909090909,30.62783018691589
5738,2021-10-09 19:00:00,Asia/Bangkok,70.33417205357142,4.894736842105263,3.964912280701754,29.72500419642859
5739,2021-10-09 20:00:00,Asia/Bangkok,73.11192394495413,5.375,4.491071428571429,29.08322318181818
5740,2021-10-09 21:00:00,Asia/Bangkok,76.89057677685949,4.796747967479675,3.967479674796748,28.42396124999999
5741,2021-10-09 22:00:00,Asia/Bangkok,78.19276890625002,3.736434108527132,3.062015503875969,28.05193429687498
5742,2021-10-09 23:00:00,Asia/Bangkok,80.3681895689655,4.663865546218488,3.791666666666667,27.71052282051282
5743,2021-10-10 00:00:00,Asia/Bangkok,82.21065182692305,4.028846153846154,3.25,27.47928368932038
5744,2021-10-10 01:00:00,Asia/Bangkok,85.52273623931622,4.898305084745763,4.084745762711864,26.98497767241381
5745,2021-10-10 02:00:00,Asia/Bangkok,86.43627920634918,4.73015873015873,4.015873015873016,26.64920841269843
5746,2021-10-10 03:00:00,Asia/Bangkok,85.05881900900908,5.353982300884955,4.36283185840708,26.86668279279279
5747,2021-10-10 04:00:00,Asia/Bangkok,85.48889136752135,5.254237288135593,4.52542372881356,26.73895982905983
5748,2021-10-10 05:00:00,Asia/Bangkok,87.2375639655172,4.413793103448276,3.793103448275862,26.27169706896552
5749,2021-10-10 06:00:00,Asia/Bangkok,86.98933903508774,5.517241379310345,4.568965517241379,26.35064956140353
5750,2021-10-10 07:00:00,Asia/Bangkok,86.80132785714282,7.212389380530974,6.04424778761062,26.4211892857143
5751,2021-10-10 08:00:00,Asia/Bangkok,85.04997965217392,7.136752136752137,5.880341880341881,27.08035140350877
5752,2021-10-10 09:00:00,Asia/Bangkok,81.96239017699116,6.130434782608695,4.895652173913043,28.29012911504426
5753,2021-10-10 10:00:00,Asia/Bangkok,72.66845234234233,5.431034482758621,4.422413793103448,31.17555567567567
5754,2021-10-10 11:00:00,Asia/Bangkok,67.58383947826087,5.232758620689655,4.318965517241379,32.64773
5755,2021-10-10 12:00:00,Asia/Bangkok,67.91871017857143,5.461538461538462,4.547008547008547,32.46647801801803
5756,2021-10-10 13:00:00,Asia/Bangkok,65.76055303571427,5.347826086956522,4.478260869565218,33.31256857142857
5757,2021-10-10 14:00:00,Asia/Bangkok,65.68804608695652,4.086206896551724,3.307692307692307,32.92857852173913
5758,2021-10-10 15:00:00,Asia/Bangkok,64.84357234782607,4.198275862068965,3.387931034482758,33.26789660869564
5759,2021-10-10 16:00:00,Asia/Bangkok,64.3290525892857,4.853448275862069,4.025862068965517,32.8310019642857
5760,2021-10-10 17:00:00,Asia/Bangkok,65.25689660714286,5.147826086956521,4.28695652173913,32.22040160714285
5761,2021-10-10 18:00:00,Asia/Bangkok,68.94543043103451,8.974137931034482,7.810344827586207,30.98234181034483
5762,2021-10-10 19:00:00,Asia/Bangkok,72.10690600000002,11.83620689655172,10.68965517241379,30.09721617391303
5763,2021-10-10 20:00:00,Asia/Bangkok,76.07418609090911,11.08547008547009,9.82905982905983,29.34028018181816
5764,2021-10-10 21:00:00,Asia/Bangkok,78.02611306306308,12.88793103448276,11.92241379310345,28.82300045045045
5765,2021-10-10 22:00:00,Asia/Bangkok,79.52994590000003,11.26732673267327,10.2,28.54189919999997
5766,2021-10-10 23:00:00,Asia/Bangkok,81.05395247787611,8.025862068965518,6.922413793103448,28.25659274336283
5767,2021-10-11 00:00:00,Asia/Bangkok,85.89834745614034,10.48275862068965,9.347826086956522,27.5019098245614
5768,2021-10-11 01:00:00,Asia/Bangkok,86.5397755263158,10.29565217391304,9.14655172413793,27.24188096491227
5769,2021-10-11 02:00:00,Asia/Bangkok,87.27532808695649,9.269565217391305,8.28695652173913,27.03147095652177
5770,2021-10-11 03:00:00,Asia/Bangkok,87.42420221238933,3.191304347826087,2.608695652173913,26.6924242477876
5771,2021-10-11 04:00:00,Asia/Bangkok,87.2007309649123,3.469565217391304,2.68695652173913,26.63391640350876
5772,2021-10-11 05:00:00,Asia/Bangkok,87.45366805309737,4.051724137931035,3.051724137931035,26.47267530973452
5773,2021-10-11 06:00:00,Asia/Bangkok,88.25846570175435,4.887931034482759,3.887931034482758,26.45181570175438
5774,2021-10-11 07:00:00,Asia/Bangkok,87.4666900869565,17.09401709401709,14.47008547008547,26.66974669565218
5775,2021-10-11 08:00:00,Asia/Bangkok,84.03495447368418,6.634782608695653,5.243478260869566,27.64374385964911
5776,2021-10-11 09:00:00,Asia/Bangkok,78.76655303571432,6.612068965517241,5.379310344827586,28.95413696428573
5777,2021-10-11 10:00:00,Asia/Bangkok,72.78484828828829,7.324561403508772,6.06140350877193,30.49096513513514
5778,2021-10-11 11:00:00,Asia/Bangkok,64.671782,7.47008547008547,6.410256410256411,32.16948434782609
5779,2021-10-11 12:00:00,Asia/Bangkok,61.37685,7.543103448275862,6.620689655172414,32.55556601769911
5780,2021-10-11 13:00:00,Asia/Bangkok,58.49073713043479,6.775862068965517,5.879310344827586,32.96041382608694
5781,2021-10-11 14:00:00,Asia/Bangkok,57.17659894736841,6.508620689655173,5.603448275862069,33.59492333333336
5782,2021-10-11 15:00:00,Asia/Bangkok,58.31817773913043,5.982608695652174,5.017391304347826,32.93245330434785
5783,2021-10-11 16:00:00,Asia/Bangkok,59.99577194915254,6.627118644067797,5.615384615384615,32.02201322033899
5784,2021-10-11 17:00:00,Asia/Bangkok,61.68382559633025,9.78448275862069,8.495726495726496,31.3973219266055
5785,2021-10-11 18:00:00,Asia/Bangkok,61.03210398230087,11.70689655172414,10.45689655172414,30.77166628318584
5786,2021-10-11 19:00:00,Asia/Bangkok,63.6908357894737,11.93103448275862,10.76724137931035,29.8659251754386
5787,2021-10-11 20:00:00,Asia/Bangkok,67.55975194690261,9.03448275862069,7.931034482758621,29.22197725663718
5788,2021-10-11 21:00:00,Asia/Bangkok,70.25087710526316,9.008620689655173,7.853448275862069,28.89123315789476
5789,2021-10-11 22:00:00,Asia/Bangkok,72.14754468468469,8.491071428571429,7.392857142857143,28.47486089285713
5790,2021-10-11 23:00:00,Asia/Bangkok,73.87288842105262,8.870689655172415,7.827586206896552,27.99123719298248
5791,2021-10-12 00:00:00,Asia/Bangkok,76.46570581818187,13.48275862068965,11.77586206896552,27.45451881818177
5792,2021-10-12 01:00:00,Asia/Bangkok,77.99771465517239,11.12820512820513,9.913793103448276,27.11625905172415
5793,2021-10-12 02:00:00,Asia/Bangkok,80.26880052631576,11.79130434782609,10.69827586206897,26.77616991228071
5794,2021-10-12 03:00:00,Asia/Bangkok,81.98552221238944,15.24137931034483,14.05172413793103,26.58530504424779
5795,2021-10-12 04:00:00,Asia/Bangkok,82.8848905172414,18.18103448275862,16.57758620689655,26.18516405172413
5796,2021-10-12 05:00:00,Asia/Bangkok,84.56182427272725,20.12931034482759,18.67241379310345,26.00724772727273
5797,2021-10-12 06:00:00,Asia/Bangkok,85.18712452173921,18.01709401709402,16.76068376068376,25.92864886956525
5798,2021-10-12 07:00:00,Asia/Bangkok,85.75566324561406,23.11206896551724,21.05172413793104,25.99029377192983
5799,2021-10-12 08:00:00,Asia/Bangkok,84.33365456896557,17.92241379310345,16.30172413793104,26.91662965517239
5800,2021-10-12 09:00:00,Asia/Bangkok,79.82446812500002,11.95689655172414,10.50862068965517,28.23018288288286
5801,2021-10-12 10:00:00,Asia/Bangkok,76.7526914159292,11.0,9.843478260869565,29.15883637168142
5802,2021-10-12 11:00:00,Asia/Bangkok,68.36316837837838,9.486725663716815,8.4070796460177,31.5854872072072
5803,2021-10-12 12:00:00,Asia/Bangkok,69.51057982758621,10.95726495726496,10.05982905982906,31.27460603448276
5804,2021-10-12 13:00:00,Asia/Bangkok,71.35803947368419,13.00869565217391,11.83478260869565,30.91625561403508
5805,2021-10-12 14:00:00,Asia/Bangkok,69.2488710619469,10.40869565217391,9.373913043478261,31.64167973214285
5806,2021-10-12 15:00:00,Asia/Bangkok,70.10293344827585,6.560344827586207,5.818965517241379,30.3412551724138
5807,2021-10-12 16:00:00,Asia/Bangkok,75.04753544642855,4.584070796460177,3.973451327433628,28.42670008928572
5808,2021-10-12 17:00:00,Asia/Bangkok,79.04619532608693,12.4,11.10526315789474,26.87801741935484
5809,2021-10-12 18:00:00,Asia/Bangkok,80.6063971568628,7.150943396226415,6.29245283018868,26.63813168316833
5810,2021-10-12 19:00:00,Asia/Bangkok,81.9089968421053,7.711864406779661,6.88135593220339,26.35915114035087
5811,2021-10-12 20:00:00,Asia/Bangkok,81.94804701612901,13.288,12.24,26.50292161290322
5812,2021-10-12 21:00:00,Asia/Bangkok,82.15456296000002,6.809523809523809,5.928571428571429,26.53059192000001
5813,2021-10-12 22:00:00,Asia/Bangkok,81.36239916666665,5.483333333333333,4.708333333333333,26.68420125
5814,2021-10-12 23:00:00,Asia/Bangkok,83.97531775000003,4.983471074380165,4.190082644628099,26.18473641666668
5815,2021-10-13 00:00:00,Asia/Bangkok,84.04909965517238,5.163793103448276,4.28448275862069,26.11486025862068
5816,2021-10-13 01:00:00,Asia/Bangkok,83.96842178571426,5.336206896551724,4.491379310344827,26.20987079646019
5817,2021-10-13 02:00:00,Asia/Bangkok,84.6289253043478,5.794871794871795,4.75,26.25165763157895
5818,2021-10-13 03:00:00,Asia/Bangkok,85.46942307017541,7.0,5.957264957264957,26.2827895614035
5819,2021-10-13 04:00:00,Asia/Bangkok,87.98950626086955,16.06837606837607,14.56410256410256,25.8178427826087
5820,2021-10-13 05:00:00,Asia/Bangkok,87.41591105263159,9.482758620689655,8.387931034482758,25.87343575221241
5821,2021-10-13 06:00:00,Asia/Bangkok,85.64087901785715,6.051724137931035,5.077586206896552,26.31530517857141
5822,2021-10-13 07:00:00,Asia/Bangkok,87.06008794871794,7.760683760683761,6.461538461538462,26.1921518803419
5823,2021-10-13 08:00:00,Asia/Bangkok,87.82447921052633,17.14655172413793,15.60344827586207,26.7434448245614
5824,2021-10-13 09:00:00,Asia/Bangkok,78.6707148275862,5.862068965517241,4.732758620689655,29.26140767241381
5825,2021-10-13 10:00:00,Asia/Bangkok,71.55679578947368,7.405172413793103,6.051724137931035,31.39128947368422
5826,2021-10-13 11:00:00,Asia/Bangkok,66.70015741379314,7.146551724137931,6.113043478260869,32.66202439655172
5827,2021-10-13 12:00:00,Asia/Bangkok,63.92166112068965,6.922413793103448,6.119658119658119,33.76213773913044
5828,2021-10-13 13:00:00,Asia/Bangkok,62.23631672897198,5.962616822429907,5.168224299065421,33.78288691588786
5829,2021-10-13 14:00:00,Asia/Bangkok,65.28011567567566,6.108108108108108,5.243243243243243,33.43636351351351
5830,2021-10-13 15:00:00,Asia/Bangkok,77.67988556521739,7.530434782608696,6.6,30.36317982608697
5831,2021-10-13 16:00:00,Asia/Bangkok,83.67467214285713,4.617391304347827,4.0,28.10514044642858
5832,2021-10-13 17:00:00,Asia/Bangkok,86.66312775862067,5.46551724137931,4.767241379310345,27.46882539130433
5833,2021-10-13 18:00:00,Asia/Bangkok,86.73899132743361,11.89473684210526,10.33333333333333,27.31980743362831
5834,2021-10-13 19:00:00,Asia/Bangkok,86.87717223214284,7.145299145299146,6.543103448275862,26.88862198198197
5835,2021-10-13 20:00:00,Asia/Bangkok,87.00959096491226,5.956896551724138,5.324786324786325,26.60967394736844
5836,2021-10-13 21:00:00,Asia/Bangkok,87.14247482142856,7.28448275862069,6.551724137931035,26.58920526785714
5837,2021-10-13 22:00:00,Asia/Bangkok,86.78481715596328,6.401785714285714,5.5,26.51236137614679
5838,2021-10-13 23:00:00,Asia/Bangkok,86.79846709401708,6.752136752136752,5.683760683760684,26.6494217948718
5839,2021-10-14 00:00:00,Asia/Bangkok,86.84218464912284,7.173913043478261,6.008695652173913,26.70509274336284
5840,2021-10-14 01:00:00,Asia/Bangkok,86.40636631578944,7.767241379310345,6.75,26.76286657894737
5841,2021-10-14 02:00:00,Asia/Bangkok,87.54856866071428,8.318965517241379,7.155172413793103,26.44328910714286
5842,2021-10-14 03:00:00,Asia/Bangkok,88.70576339130437,9.25,7.793103448275862,26.27158713043479
5843,2021-10-14 04:00:00,Asia/Bangkok,90.58943868421055,11.90598290598291,10.58974358974359,25.84331149122807
5844,2021-10-14 05:00:00,Asia/Bangkok,90.65922159292036,12.13793103448276,10.81896551724138,25.81369734513272
5845,2021-10-14 06:00:00,Asia/Bangkok,90.92361463636362,11.03508771929824,9.843478260869565,25.72919854545454
5846,2021-10-14 07:00:00,Asia/Bangkok,91.78750301724132,13.75,12.41379310344828,25.67311017241381
5847,2021-10-14 08:00:00,Asia/Bangkok,89.97242271844661,11.8411214953271,10.14018691588785,26.72863718446602
5848,2021-10-14 09:00:00,Asia/Bangkok,82.0469334579439,9.854545454545455,8.211009174311927,28.75705198113207
5849,2021-10-14 10:00:00,Asia/Bangkok,75.12428040983603,9.290322580645162,7.936,30.6041876229508
5850,2021-10-14 11:00:00,Asia/Bangkok,72.0782665,9.421487603305785,8.03305785123967,31.42496558333334
5851,2021-10-14 12:00:00,Asia/Bangkok,76.40190911504423,9.818965517241379,8.71551724137931,30.9807324778761
5852,2021-10-14 13:00:00,Asia/Bangkok,66.77240513043479,7.743589743589744,6.811965811965812,33.02756565217393
5853,2021-10-14 14:00:00,Asia/Bangkok,61.09780473214285,6.321739130434783,5.547826086956522,33.69928955357143
5854,2021-10-14 15:00:00,Asia/Bangkok,58.48184833333335,6.423728813559322,5.717948717948718,34.23465263157897
5855,2021-10-14 16:00:00,Asia/Bangkok,58.43699576576579,6.274336283185841,5.508771929824562,33.68342918918921
5856,2021-10-14 17:00:00,Asia/Bangkok,60.41697905172412,7.431034482758621,6.689655172413793,32.28541439655173
5857,2021-10-14 18:00:00,Asia/Bangkok,62.13076192982458,11.48275862068965,10.43965517241379,31.59667140350874
5858,2021-10-14 19:00:00,Asia/Bangkok,68.51565833333335,26.45689655172414,22.81896551724138,30.40350394736844
5859,2021-10-14 20:00:00,Asia/Bangkok,71.19735309734516,13.89655172413793,12.77586206896552,29.22211761061945
5860,2021-10-14 21:00:00,Asia/Bangkok,73.03000873873874,14.4051724137931,13.06034482758621,28.71743504504504
5861,2021-10-14 22:00:00,Asia/Bangkok,76.17554790909091,17.73451327433628,16.20353982300885,28.08403499999999
5862,2021-10-14 23:00:00,Asia/Bangkok,79.31678390909087,15.38260869565217,13.90434782608696,27.34947800000001
5863,2021-10-15 00:00:00,Asia/Bangkok,81.85709172727276,15.2,13.34782608695652,26.96997563636364
5864,2021-10-15 01:00:00,Asia/Bangkok,83.85066710526318,14.30434782608696,12.73043478260869,26.76338175438595
5865,2021-10-15 02:00:00,Asia/Bangkok,86.04071738738733,16.42241379310345,15.01724137931035,26.40041918181818
5866,2021-10-15 03:00:00,Asia/Bangkok,86.89604500000002,17.90434782608695,16.16521739130435,26.37173070175436
5867,2021-10-15 04:00:00,Asia/Bangkok,88.23599686956523,19.58620689655172,18.06034482758621,25.90354878260868
5868,2021-10-15 05:00:00,Asia/Bangkok,89.05403377192982,21.29310344827586,19.93913043478261,25.68424078947369
5869,2021-10-15 06:00:00,Asia/Bangkok,89.60647594594593,24.89655172413793,23.34188034188034,25.48984918918921
5870,2021-10-15 07:00:00,Asia/Bangkok,90.37416720720724,25.63793103448276,23.57758620689655,25.52843891891892
5871,2021-10-15 08:00:00,Asia/Bangkok,88.10353571428573,42.29310344827586,36.60344827586207,26.73065982142856
5872,2021-10-15 09:00:00,Asia/Bangkok,79.76857575221247,15.39655172413793,14.01724137931035,29.24095495575221
5873,2021-10-15 10:00:00,Asia/Bangkok,71.22213709090909,13.97413793103448,12.64655172413793,31.34491990825689
5874,2021-10-15 11:00:00,Asia/Bangkok,65.88460098214286,14.13793103448276,12.9051724137931,32.83667598214284
5875,2021-10-15 12:00:00,Asia/Bangkok,60.8419429310345,12.2051282051282,11.35042735042735,34.10959698275862
5876,2021-10-15 13:00:00,Asia/Bangkok,58.00920269565218,17.29310344827586,15.46551724137931,34.54482347826085
5877,2021-10-15 14:00:00,Asia/Bangkok,54.42670833333334,10.51724137931035,9.71551724137931,35.25961452173913
5878,2021-10-15 15:00:00,Asia/Bangkok,54.56311800000002,9.649572649572649,9.008547008547009,35.36785614035086
5879,2021-10-15 16:00:00,Asia/Bangkok,53.70036666666669,12.71551724137931,11.43965517241379,35.30716535087718
5880,2021-10-15 17:00:00,Asia/Bangkok,54.68204530434779,16.22413793103448,14.70689655172414,34.74349521739129
5881,2021-10-15 18:00:00,Asia/Bangkok,57.10996849557525,13.06034482758621,12.0,33.68037368421052
5882,2021-10-15 19:00:00,Asia/Bangkok,61.71816558558557,26.58974358974359,23.82051282051282,32.1588598181818
5883,2021-10-15 20:00:00,Asia/Bangkok,65.64313814159293,37.74137931034483,32.71551724137931,31.02967176991151
5884,2021-10-15 21:00:00,Asia/Bangkok,68.35123622807015,34.50862068965517,30.24137931034483,29.83438730434783
5885,2021-10-15 22:00:00,Asia/Bangkok,71.63997376146789,32.59649122807018,29.03508771929825,29.16215416666668
5886,2021-10-15 23:00:00,Asia/Bangkok,75.70024634782607,22.25217391304348,20.89565217391304,28.49831692982456
5887,2021-10-16 00:00:00,Asia/Bangkok,79.08694763157892,30.66379310344828,27.26724137931035,27.75582587719298
5888,2021-10-16 01:00:00,Asia/Bangkok,82.14154408695651,50.22222222222222,41.74358974358974,26.91444060869567
5889,2021-10-16 02:00:00,Asia/Bangkok,83.47526139130437,33.86206896551724,30.8448275862069,26.59084460869564
5890,2021-10-16 03:00:00,Asia/Bangkok,83.38001741379311,30.98275862068965,29.03448275862069,26.50876043103449
5891,2021-10-16 04:00:00,Asia/Bangkok,83.22884827586208,23.8034188034188,22.62393162393163,26.33505301724139
5892,2021-10-16 05:00:00,Asia/Bangkok,84.5744627927928,20.12931034482759,19.02586206896552,25.83283063063064
5893,2021-10-16 06:00:00,Asia/Bangkok,85.40997079646017,21.25,20.07758620689655,25.53823964285717
5894,2021-10-16 07:00:00,Asia/Bangkok,86.55040070796463,26.60344827586207,23.98275862068965,25.34674265486724
5895,2021-10-16 08:00:00,Asia/Bangkok,87.89898410714275,51.81739130434783,42.21739130434783,26.05523473214286
5896,2021-10-16 09:00:00,Asia/Bangkok,81.67416582608699,57.47008547008547,49.97435897435897,27.7074135652174
5897,2021-10-16 10:00:00,Asia/Bangkok,69.64386580357146,31.67521367521368,27.48717948717949,30.91978517857143
5898,2021-10-16 11:00:00,Asia/Bangkok,61.15730938053098,16.70175438596491,14.98245614035088,33.95512592920353
5899,2021-10-16 12:00:00,Asia/Bangkok,59.01887165217391,19.65811965811966,17.95726495726496,34.667035
5900,2021-10-16 13:00:00,Asia/Bangkok,51.31897494505495,4.956989247311828,4.365591397849462,35.7949956043956
5901,2021-10-16 14:00:00,Asia/Bangkok,59.1858875714286,17.73239436619718,16.08450704225352,34.52975642857143
5902,2021-10-16 15:00:00,Asia/Bangkok,57.66057312500002,9.947368421052632,9.24561403508772,35.43063705357143
5903,2021-10-16 16:00:00,Asia/Bangkok,67.96339252173914,32.82758620689656,28.58620689655172,33.20511884955752
5904,2021-10-16 17:00:00,Asia/Bangkok,78.34260408695651,21.27586206896552,19.58620689655172,30.9913587826087
5905,2021-10-16 18:00:00,Asia/Bangkok,81.92561752293575,15.71818181818182,14.56363636363636,28.54548513761469
5906,2021-10-16 19:00:00,Asia/Bangkok,86.92044905982908,8.366666666666667,7.508333333333334,27.16391129310346
5907,2021-10-16 20:00:00,Asia/Bangkok,88.25466785714283,6.75,6.318965517241379,26.29828151785714
5908,2021-10-16 21:00:00,Asia/Bangkok,87.95498681415928,8.060344827586206,7.637931034482759,26.64589353982302
5909,2021-10-16 22:00:00,Asia/Bangkok,88.1979024778761,12.75213675213675,11.97435897435897,26.34237318584073
5910,2021-10-16 23:00:00,Asia/Bangkok,87.8879019090909,12.86607142857143,12.17857142857143,25.91808409090907
5911,2021-10-17 00:00:00,Asia/Bangkok,87.99706728070173,10.00862068965517,9.46551724137931,25.79947061946902
5912,2021-10-17 01:00:00,Asia/Bangkok,87.63761379310341,8.649572649572649,8.153846153846153,25.65317629310344
5913,2021-10-17 02:00:00,Asia/Bangkok,86.83931721739134,9.129310344827585,8.60344827586207,25.69264165217387
5914,2021-10-17 03:00:00,Asia/Bangkok,87.3359621929824,11.25862068965517,10.74137931034483,25.63954798245617
5915,2021-10-17 04:00:00,Asia/Bangkok,89.25094236842105,16.04347826086957,15.2,25.20786342105263
5916,2021-10-17 05:00:00,Asia/Bangkok,90.2627074561403,14.44827586206897,13.87931034482759,25.20807464912279
5917,2021-10-17 06:00:00,Asia/Bangkok,90.36558690265488,12.32758620689655,11.97413793103448,25.19015307017546
5918,2021-10-17 07:00:00,Asia/Bangkok,91.22214336206898,12.8974358974359,12.51282051282051,25.15585339130436
5919,2021-10-17 08:00:00,Asia/Bangkok,91.91479619469027,13.44827586206897,12.79310344827586,25.37553991071431
5920,2021-10-17 09:00:00,Asia/Bangkok,89.5512852173913,20.31034482758621,18.85344827586207,26.5287067826087
5921,2021-10-17 10:00:00,Asia/Bangkok,83.23051342342346,14.70689655172414,14.02586206896552,28.68690693693693
5922,2021-10-17 11:00:00,Asia/Bangkok,74.73918394736843,11.01724137931035,10.57758620689655,31.50206140350879
5923,2021-10-17 12:00:00,Asia/Bangkok,69.89895649122805,8.931034482758621,8.336206896551724,32.81743271929824
5924,2021-10-17 13:00:00,Asia/Bangkok,71.73766780701754,11.23275862068965,10.62068965517241,31.8494636842105
5925,2021-10-17 14:00:00,Asia/Bangkok,69.03081094017091,7.077586206896552,6.543103448275862,32.37508350427352
5926,2021-10-17 15:00:00,Asia/Bangkok,68.15807853448277,8.247863247863247,7.435897435897436,33.07921844827587
5927,2021-10-17 16:00:00,Asia/Bangkok,84.00847630630635,4.342105263157895,3.736842105263158,27.70129054054053
5928,2021-10-17 17:00:00,Asia/Bangkok,89.4325963392857,0.9827586206896551,0.8103448275862069,25.14803473214286
5929,2021-10-17 18:00:00,Asia/Bangkok,89.51879034782608,2.21551724137931,1.853448275862069,25.07797373913044
5930,2021-10-17 19:00:00,Asia/Bangkok,89.71082805309739,6.077586206896552,5.603448275862069,25.02311123893804
5931,2021-10-17 20:00:00,Asia/Bangkok,90.09974247787612,5.5,5.078947368421052,25.01489162162162
5932,2021-10-17 21:00:00,Asia/Bangkok,89.9732957798165,8.060869565217391,7.269565217391304,25.20955889908254
5933,2021-10-17 22:00:00,Asia/Bangkok,88.90723513043476,6.817391304347826,6.191304347826087,25.42099181034483
5934,2021-10-17 23:00:00,Asia/Bangkok,91.5334701834862,8.227272727272727,7.654545454545454,24.81620972477063
5935,2021-10-18 00:00:00,Asia/Bangkok,91.64758252173912,9.017699115044248,8.327433628318584,24.95613365217394
5936,2021-10-18 01:00:00,Asia/Bangkok,92.64333269565223,11.06034482758621,10.22413793103448,24.67602869565216
5937,2021-10-18 02:00:00,Asia/Bangkok,91.54453886956516,10.35344827586207,9.629310344827585,24.96317165217393
5938,2021-10-18 03:00:00,Asia/Bangkok,91.64615182608695,10.43965517241379,9.939655172413794,24.91682382608695
5939,2021-10-18 04:00:00,Asia/Bangkok,91.9498308695652,13.26724137931035,12.49137931034483,24.85305834782608
5940,2021-10-18 05:00:00,Asia/Bangkok,91.47169525862071,9.547008547008547,8.991452991452991,24.96038146551724
5941,2021-10-18 06:00:00,Asia/Bangkok,92.29516568965514,9.577586206896552,9.025862068965518,24.81207443478262
5942,2021-10-18 07:00:00,Asia/Bangkok,91.10717587719297,9.617391304347827,8.91304347826087,25.00583052631581
5943,2021-10-18 08:00:00,Asia/Bangkok,91.23177584070795,11.23275862068965,10.32758620689655,25.41066584070795
5944,2021-10-18 09:00:00,Asia/Bangkok,90.2650628695652,8.25,7.577586206896552,26.42289113043478
5945,2021-10-18 10:00:00,Asia/Bangkok,82.95751405172415,6.256410256410256,5.52991452991453,29.08551026086958
5946,2021-10-18 11:00:00,Asia/Bangkok,74.8877368695652,3.922413793103448,3.517241379310345,31.30617930434784
5947,2021-10-18 12:00:00,Asia/Bangkok,68.44019606837608,18.97435897435897,17.22222222222222,32.9584934188034
5948,2021-10-18 13:00:00,Asia/Bangkok,66.67254307017546,7.913793103448276,7.172413793103448,32.77250605263158
5949,2021-10-18 14:00:00,Asia/Bangkok,66.19997947826089,3.948275862068965,3.543103448275862,33.11002286956522
5950,2021-10-18 15:00:00,Asia/Bangkok,67.48738270270269,3.923076923076923,3.649572649572649,32.87646
5951,2021-10-18 16:00:00,Asia/Bangkok,68.55690911504426,2.870689655172414,2.474137931034483,33.02429159292035
5952,2021-10-18 17:00:00,Asia/Bangkok,71.17876000000001,2.914529914529914,2.555555555555555,32.28362701754385
5953,2021-10-18 18:00:00,Asia/Bangkok,78.16887601769912,9.02608695652174,8.252173913043478,29.65639123893806
5954,2021-10-18 19:00:00,Asia/Bangkok,81.37730539130432,28.1551724137931,24.92241379310345,28.68653096491228
5955,2021-10-18 20:00:00,Asia/Bangkok,82.31241939130433,21.56034482758621,19.53448275862069,28.79437817391304
5956,2021-10-18 21:00:00,Asia/Bangkok,83.7454060526316,20.22222222222222,18.84615384615385,28.52429710526316
5957,2021-10-18 22:00:00,Asia/Bangkok,84.9923534234234,19.49122807017544,18.35964912280702,28.30729745454544
5958,2021-10-18 23:00:00,Asia/Bangkok,87.21441052631577,4.192982456140351,3.692982456140351,27.42531473684212
5959,2021-10-19 00:00:00,Asia/Bangkok,89.11446117117119,0.6810344827586207,0.4741379310344828,26.87293747747751
5960,2021-10-19 01:00:00,Asia/Bangkok,87.68618280701759,0.1111111111111111,0.0,26.79401894736843
5961,2021-10-19 02:00:00,Asia/Bangkok,88.41945584070795,0.3565217391304348,0.1304347826086956,26.70870823008848
5962,2021-10-19 03:00:00,Asia/Bangkok,89.23847043103443,0.8547008547008547,0.6324786324786325,26.65107318965517
5963,2021-10-19 04:00:00,Asia/Bangkok,90.74313467889904,5.330434782608696,4.921739130434783,26.35914944954129
5964,2021-10-19 05:00:00,Asia/Bangkok,91.86831821428571,4.782608695652174,4.448275862068965,25.9963419642857
5965,2021-10-19 06:00:00,Asia/Bangkok,91.39260526785712,6.330357142857143,5.758928571428571,25.93885919642856
5966,2021-10-19 07:00:00,Asia/Bangkok,91.74788237288135,3.603448275862069,3.232758620689655,25.82988601694917
5967,2021-10-19 08:00:00,Asia/Bangkok,92.73326657894734,5.982608695652174,5.547826086956522,26.45818692982456
5968,2021-10-19 09:00:00,Asia/Bangkok,86.42586894736844,4.03448275862069,3.53448275862069,28.76357052631579
5969,2021-10-19 10:00:00,Asia/Bangkok,79.97541131578947,3.147826086956522,2.765217391304348,30.6003871681416
5970,2021-10-19 11:00:00,Asia/Bangkok,73.98960741071426,2.637931034482758,2.439655172413793,32.11501928571431
5971,2021-10-19 12:00:00,Asia/Bangkok,75.98483796460177,6.538461538461538,6.025641025641026,31.50267477876105
5972,2021-10-19 13:00:00,Asia/Bangkok,82.44444284482755,20.08620689655172,18.64655172413793,30.19618232758621
5973,2021-10-19 14:00:00,Asia/Bangkok,87.05558274336278,8.422413793103448,7.879310344827586,27.94683876106196
5974,2021-10-19 15:00:00,Asia/Bangkok,90.41357843478261,4.786324786324786,4.444444444444445,26.62597565217391
5975,2021-10-19 16:00:00,Asia/Bangkok,84.9624821621622,2.879310344827586,2.612068965517242,28.76319135135135
5976,2021-10-19 17:00:00,Asia/Bangkok,79.39551905172414,2.769230769230769,2.478632478632479,30.6706167826087
5977,2021-10-19 18:00:00,Asia/Bangkok,81.95470898148147,4.801801801801802,4.409090909090909,29.74294898148147
5978,2021-10-19 19:00:00,Asia/Bangkok,85.5338426724138,11.1900826446281,10.57377049180328,28.48892224137929
5979,2021-10-19 20:00:00,Asia/Bangkok,86.00437362068968,13.69827586206897,13.03448275862069,28.1631644827586
5980,2021-10-19 21:00:00,Asia/Bangkok,87.1181893103448,14.06896551724138,13.51724137931035,27.70373189655172
5981,2021-10-19 22:00:00,Asia/Bangkok,88.40141719298245,30.16521739130435,27.63478260869565,27.2826153508772
5982,2021-10-19 23:00:00,Asia/Bangkok,89.08175603603604,14.21238938053097,13.46017699115044,27.16919351351352
5983,2021-10-20 00:00:00,Asia/Bangkok,89.86646938053093,15.56034482758621,14.79310344827586,27.02049309734508
5984,2021-10-20 01:00:00,Asia/Bangkok,89.6962896226415,13.7719298245614,13.01754385964912,26.79436490566038
5985,2021-10-20 02:00:00,Asia/Bangkok,89.93517824074077,13.92592592592593,13.26851851851852,26.54419277777777
5986,2021-10-20 03:00:00,Asia/Bangkok,89.9063563478261,14.79310344827586,14.1551724137931,26.33323947826087
5987,2021-10-20 04:00:00,Asia/Bangkok,89.72413946428573,16.46902654867257,15.78761061946903,26.0883724107143
5988,2021-10-20 05:00:00,Asia/Bangkok,89.28052417391302,17.10924369747899,16.47058823529412,25.92908895652176
5989,2021-10-20 06:00:00,Asia/Bangkok,89.21013504587152,15.64864864864865,15.02702702702703,25.7720727522936
5990,2021-10-20 07:00:00,Asia/Bangkok,90.15362446428578,17.36283185840708,16.61946902654867,25.66124473214285
5991,2021-10-20 08:00:00,Asia/Bangkok,91.9419643859649,20.65254237288136,19.67796610169492,26.00392929824563
5992,2021-10-20 09:00:00,Asia/Bangkok,86.01346206896552,11.73043478260869,11.2,28.43551629310345
5993,2021-10-20 10:00:00,Asia/Bangkok,78.93194842105264,6.695652173913044,6.339130434782609,30.57719254385967
5994,2021-10-20 11:00:00,Asia/Bangkok,74.55153877192983,6.121739130434783,5.834782608695652,31.81749267857143
5995,2021-10-20 12:00:00,Asia/Bangkok,69.80442097345134,6.0,5.68695652173913,33.22473312500001
5996,2021-10-20 13:00:00,Asia/Bangkok,67.0759689090909,4.267857142857143,4.0625,33.78225369369371
5997,2021-10-20 14:00:00,Asia/Bangkok,63.73445669724772,2.434782608695652,2.295652173913044,34.5403187962963
5998,2021-10-20 15:00:00,Asia/Bangkok,61.71935009345798,1.504504504504504,1.351351351351351,34.03784102803737
5999,2021-10-20 16:00:00,Asia/Bangkok,66.48436321428571,2.692982456140351,2.543859649122807,32.75823767857143
6000,2021-10-20 17:00:00,Asia/Bangkok,69.12791991071431,4.140350877192983,3.956140350877193,32.08881598214288
6001,2021-10-20 18:00:00,Asia/Bangkok,69.461089122807,4.862068965517241,4.71551724137931,32.06498491228069
6002,2021-10-20 19:00:00,Asia/Bangkok,74.80627425000002,11.94166666666667,11.59166666666667,30.31357616666667
6003,2021-10-20 20:00:00,Asia/Bangkok,78.71829452991452,19.6864406779661,18.81196581196581,29.41389358974359
6004,2021-10-20 21:00:00,Asia/Bangkok,82.47787392857144,23.17241379310345,22.11111111111111,28.74899891891893
6005,2021-10-20 22:00:00,Asia/Bangkok,84.92600357798163,29.29565217391304,27.41739130434783,28.22159192660551
6006,2021-10-20 23:00:00,Asia/Bangkok,86.12369536363634,37.20175438596491,33.13157894736842,28.02905027272726
6007,2021-10-21 00:00:00,Asia/Bangkok,89.11682061946901,39.11206896551724,34.39655172413793,27.20474575221239
6008,2021-10-21 01:00:00,Asia/Bangkok,87.78534965517242,32.0593220338983,30.02542372881356,27.39160241379309
6009,2021-10-21 02:00:00,Asia/Bangkok,86.97189508196719,28.73770491803279,27.54098360655738,27.33098016393441
6010,2021-10-21 03:00:00,Asia/Bangkok,87.37272658333332,32.80487804878049,30.73983739837398,27.05735341666665
6011,2021-10-21 04:00:00,Asia/Bangkok,88.30049910569103,30.7741935483871,29.29838709677419,26.72966146341464
6012,2021-10-21 05:00:00,Asia/Bangkok,88.72759701754383,27.11965811965812,26.14655172413793,26.558279122807
6013,2021-10-21 06:00:00,Asia/Bangkok,89.18786773913041,23.44827586206896,22.42241379310345,26.30755652173914
6014,2021-10-21 07:00:00,Asia/Bangkok,90.79509999999999,30.25862068965517,27.68965517241379,26.00109210526314
6015,2021-10-21 08:00:00,Asia/Bangkok,91.67656893805312,32.58260869565218,29.58260869565217,25.99180238938052
6016,2021-10-21 09:00:00,Asia/Bangkok,91.29598362831857,20.46551724137931,19.45689655172414,26.26479079646016
6017,2021-10-21 10:00:00,Asia/Bangkok,91.12247672566373,20.26548672566372,19.53982300884956,26.44077327433627
6018,2021-10-21 11:00:00,Asia/Bangkok,88.0894496261682,14.35087719298246,13.76315789473684,27.31048411214952
6019,2021-10-21 12:00:00,Asia/Bangkok,81.46579527272728,13.67567567567568,12.76576576576577,28.73307118181816
6020,2021-10-21 13:00:00,Asia/Bangkok,77.45866675925923,13.1743119266055,12.57798165137615,29.64701342592592
6021,2021-10-21 14:00:00,Asia/Bangkok,73.47350963963964,14.83928571428571,14.19642857142857,30.85485261261258
6022,2021-10-21 15:00:00,Asia/Bangkok,75.27880552631582,17.75652173913043,17.00877192982456,30.50745807017543
6023,2021-10-21 16:00:00,Asia/Bangkok,78.18358528301883,24.68518518518519,22.89908256880734,30.02186467289722
6024,2021-10-21 17:00:00,Asia/Bangkok,79.74979173913043,19.78260869565218,18.99130434782609,29.72976263157894
6025,2021-10-21 18:00:00,Asia/Bangkok,82.74540805084744,31.66386554621849,28.79831932773109,29.12076680672267
6026,2021-10-21 19:00:00,Asia/Bangkok,84.90397728813555,39.07563025210084,34.98319327731092,28.78577606837608
6027,2021-10-21 20:00:00,Asia/Bangkok,85.28058785714286,61.75438596491228,51.14414414414414,28.44734801801802
6028,2021-10-21 21:00:00,Asia/Bangkok,85.63134799999999,49.58119658119658,41.35042735042735,28.21310121739127
6029,2021-10-21 22:00:00,Asia/Bangkok,87.06750385321105,49.05982905982906,40.8034188034188,27.60185706422018
6030,2021-10-21 23:00:00,Asia/Bangkok,87.84096231481483,52.10185185185185,43.00925925925926,27.39649879629629
6031,2021-10-22 00:00:00,Asia/Bangkok,89.08682771929827,43.45378151260504,37.12605042016807,26.98497646017698
6032,2021-10-22 01:00:00,Asia/Bangkok,90.45836722689083,30.69166666666667,28.225,26.56254823529414
6033,2021-10-22 02:00:00,Asia/Bangkok,90.82902803571429,24.05982905982906,22.23076923076923,26.41725437500002
6034,2021-10-22 03:00:00,Asia/Bangkok,91.35519469565219,17.89655172413793,17.19827586206896,26.14772904347824
6035,2021-10-22 04:00:00,Asia/Bangkok,90.99800614035087,16.49137931034483,15.79310344827586,26.14526517543861
6036,2021-10-22 05:00:00,Asia/Bangkok,92.10262732758622,18.16806722689076,17.39495798319328,25.795415
6037,2021-10-22 06:00:00,Asia/Bangkok,90.71666752212391,6.629310344827586,6.172413793103448,25.23284366071427
6038,2021-10-22 07:00:00,Asia/Bangkok,90.35280644067794,3.714285714285714,3.327731092436975,25.08668153846155
6039,2021-10-22 08:00:00,Asia/Bangkok,88.68871940677965,3.475409836065574,3.131147540983607,25.71985771186441
6040,2021-10-22 09:00:00,Asia/Bangkok,80.37254027027025,3.043478260869565,2.739130434782609,28.25898036036035
6041,2021-10-22 10:00:00,Asia/Bangkok,74.74255672413793,5.897435897435898,5.581196581196581,30.21573278260869
6042,2021-10-22 11:00:00,Asia/Bangkok,68.56023191304345,7.094827586206897,6.801724137931035,32.4078627826087
6043,2021-10-22 12:00:00,Asia/Bangkok,67.91528663716815,9.699115044247788,9.106194690265486,32.60353575221239
6044,2021-10-22 13:00:00,Asia/Bangkok,70.45584254716982,11.25217391304348,10.49565217391304,31.84717405660375
6045,2021-10-22 14:00:00,Asia/Bangkok,73.19081373913043,6.905172413793103,6.525862068965517,30.1633852631579
6046,2021-10-22 15:00:00,Asia/Bangkok,81.56932465517244,7.21551724137931,6.818965517241379,28.82312887931034
6047,2021-10-22 16:00:00,Asia/Bangkok,78.08545203539823,8.491379310344827,8.129310344827585,29.92886008849559
6048,2021-10-22 17:00:00,Asia/Bangkok,79.1554389473684,15.96551724137931,15.01724137931035,28.46240947368421
6049,2021-10-22 18:00:00,Asia/Bangkok,82.88122456140354,9.418803418803419,8.863247863247864,27.07688464912282
6050,2021-10-22 19:00:00,Asia/Bangkok,84.85584301724138,16.53448275862069,15.32758620689655,26.53631767241379
6051,2021-10-22 20:00:00,Asia/Bangkok,85.16880675438598,19.91452991452991,18.66666666666667,26.66633543859649
6052,2021-10-22 21:00:00,Asia/Bangkok,85.9519427522936,26.86111111111111,25.09259259259259,26.65695541284405
6053,2021-10-22 22:00:00,Asia/Bangkok,87.44010621621621,26.0948275862069,24.68103448275862,26.37463836363635
6054,2021-10-22 23:00:00,Asia/Bangkok,86.81947214285717,24.06451612903226,22.5,26.47570333333335
6055,2021-10-23 00:00:00,Asia/Bangkok,87.25324266666671,26.25974025974026,24.67532467532467,26.48802576923077
6056,2021-10-23 01:00:00,Asia/Bangkok,87.66074773109244,23.8688524590164,22.56910569105691,26.27197487394957
6057,2021-10-23 02:00:00,Asia/Bangkok,86.41864291666667,16.44628099173554,15.59504132231405,26.21537633333334
6058,2021-10-23 03:00:00,Asia/Bangkok,86.943629,13.24590163934426,12.61475409836066,25.85081216666667
6059,2021-10-23 04:00:00,Asia/Bangkok,88.79064384615383,19.60833333333333,18.65833333333333,25.38185880341879
6060,2021-10-23 05:00:00,Asia/Bangkok,89.6348706504065,20.12903225806452,18.95161290322581,25.3796449593496
6061,2021-10-23 06:00:00,Asia/Bangkok,89.27610387931034,16.87179487179487,15.97435897435897,25.54838603448279
6062,2021-10-23 07:00:00,Asia/Bangkok,89.38817205128208,15.26229508196721,14.5655737704918,25.38128683760686
6063,2021-10-23 08:00:00,Asia/Bangkok,89.95597385245904,18.08064516129032,17.20161290322581,25.32845229508198
6064,2021-10-23 09:00:00,Asia/Bangkok,87.1581939473684,43.60169491525424,28.53448275862069,26.58104486956521
6065,2021-10-23 10:00:00,Asia/Bangkok,77.18618304347827,12.23076923076923,11.46153846153846,28.99230657894739
6066,2021-10-23 11:00:00,Asia/Bangkok,70.61206608695653,10.72413793103448,10.0,31.06271356521739
6067,2021-10-23 12:00:00,Asia/Bangkok,67.04962675675675,18.19130434782609,16.88695652173913,32.01942657657658
6068,2021-10-23 13:00:00,Asia/Bangkok,63.3707577391304,13.05128205128205,11.90598290598291,33.3615443478261
6069,2021-10-23 14:00:00,Asia/Bangkok,59.73694245614033,7.982608695652174,7.747826086956522,34.60531421052632
6070,2021-10-23 15:00:00,Asia/Bangkok,60.28230580357141,6.521739130434782,6.226086956521739,34.5228467857143
6071,2021-10-23 16:00:00,Asia/Bangkok,76.50499045454549,12.20909090909091,11.29090909090909,30.69583572727273
6072,2021-10-23 17:00:00,Asia/Bangkok,86.81854848214287,3.96551724137931,3.5,27.01107261261263
6073,2021-10-23 18:00:00,Asia/Bangkok,86.87438461538461,1.975206611570248,1.710743801652893,26.75509247863247
6074,2021-10-23 19:00:00,Asia/Bangkok,86.21626198275858,10.58119658119658,9.735042735042734,26.95014629310348
6075,2021-10-23 20:00:00,Asia/Bangkok,88.55325441666663,19.224,17.744,26.28027781512606
6076,2021-10-23 21:00:00,Asia/Bangkok,89.57559132231401,12.91935483870968,12.04838709677419,26.0971035
6077,2021-10-23 22:00:00,Asia/Bangkok,89.70643764227641,12.39516129032258,11.65322580645161,26.13141536585367
6078,2021-10-23 23:00:00,Asia/Bangkok,90.19524226086958,11.50420168067227,10.85593220338983,26.16395921739131
6079,2021-10-24 00:00:00,Asia/Bangkok,90.62834635593221,12.27966101694915,11.42372881355932,26.02981889830507
6080,2021-10-24 01:00:00,Asia/Bangkok,90.5015616521739,10.12820512820513,9.5,25.90322173913043
6081,2021-10-24 02:00:00,Asia/Bangkok,90.56496008403363,17.66666666666667,16.61666666666667,25.72065546218487
6082,2021-10-24 03:00:00,Asia/Bangkok,91.0027976068376,22.57851239669422,21.23140495867769,25.63869042735047
6083,2021-10-24 04:00:00,Asia/Bangkok,90.95799466101691,20.2436974789916,18.96638655462185,25.46144720338982
6084,2021-10-24 05:00:00,Asia/Bangkok,91.79589184873949,29.02479338842975,26.57851239669422,25.29077512605041
6085,2021-10-24 06:00:00,Asia/Bangkok,91.90271658119656,21.88235294117647,20.71428571428572,25.3537164102564
6086,2021-10-24 07:00:00,Asia/Bangkok,92.55453808695653,21.55833333333333,20.64166666666667,25.28614486956523
6087,2021-10-24 08:00:00,Asia/Bangkok,93.39703899159669,20.42622950819672,19.61475409836066,25.56905075630251
6088,2021-10-24 09:00:00,Asia/Bangkok,91.12327833333332,22.68965517241379,21.08620689655172,26.87490078947368
6089,2021-10-24 10:00:00,Asia/Bangkok,84.9949934513274,15.93805309734513,15.08849557522124,28.76327300884955
6090,2021-10-24 11:00:00,Asia/Bangkok,77.33476999999999,6.196581196581197,5.726495726495727,30.93048034188035
6091,2021-10-24 12:00:00,Asia/Bangkok,73.16769307017546,2.767241379310345,2.594827586206896,31.63047377192982
6092,2021-10-24 13:00:00,Asia/Bangkok,68.95561389380535,4.2,3.895652173913044,32.56452008849559
6093,2021-10-24 14:00:00,Asia/Bangkok,70.32908008547012,10.20338983050847,9.177966101694915,32.28209940170942
6094,2021-10-24 15:00:00,Asia/Bangkok,79.77900763636362,18.72413793103448,16.81034482758621,30.61441345454543
6095,2021-10-24 16:00:00,Asia/Bangkok,75.625836173913,3.301724137931035,2.879310344827586,31.83197721739131
6096,2021-10-24 17:00:00,Asia/Bangkok,84.23030051724137,4.282051282051282,3.487179487179487,29.13963181034482
6097,2021-10-24 18:00:00,Asia/Bangkok,82.79205280701751,3.495652173913043,3.139130434782609,28.64694245614035
6098,2021-10-24 19:00:00,Asia/Bangkok,85.31212689655167,4.431034482758621,3.887931034482758,26.89409439655174
6099,2021-10-24 20:00:00,Asia/Bangkok,84.73608586206896,3.300884955752212,2.893805309734513,27.00258551724137
6100,2021-10-24 21:00:00,Asia/Bangkok,85.08899423423429,5.681034482758621,5.21551724137931,26.91258252252253
6101,2021-10-24 22:00:00,Asia/Bangkok,85.05610413793104,3.324786324786325,2.991379310344827,26.88831508620693
6102,2021-10-24 23:00:00,Asia/Bangkok,85.45275433962266,2.254545454545454,1.919642857142857,26.83351056603773
6103,2021-10-25 00:00:00,Asia/Bangkok,86.12644474137933,1.931623931623932,1.555555555555556,26.44952905172414
6104,2021-10-25 01:00:00,Asia/Bangkok,90.82989061403514,4.75,4.051724137931035,25.79030289473682
6105,2021-10-25 02:00:00,Asia/Bangkok,92.47254423423428,7.530434782608696,6.817391304347826,25.61620018018018
6106,2021-10-25 03:00:00,Asia/Bangkok,91.16131655172408,6.923728813559322,6.35593220338983,25.83804750000001
6107,2021-10-25 04:00:00,Asia/Bangkok,90.19638217391305,7.172413793103448,6.612068965517241,25.96217765217393
6108,2021-10-25 05:00:00,Asia/Bangkok,90.1872275652174,6.508620689655173,6.189655172413793,25.84120182608697
6109,2021-10-25 06:00:00,Asia/Bangkok,90.14678669724775,12.06034482758621,11.41379310344828,25.71408339449542
6110,2021-10-25 07:00:00,Asia/Bangkok,90.96166146788991,11.37391304347826,10.67826086956522,25.51480472222224
6111,2021-10-25 08:00:00,Asia/Bangkok,91.36579241071425,7.982142857142857,7.4375,25.79189803571429
6112,2021-10-25 09:00:00,Asia/Bangkok,90.53959236842105,8.521739130434783,8.02608695652174,26.31340739130435
6113,2021-10-25 10:00:00,Asia/Bangkok,90.33909407079643,10.91304347826087,10.37391304347826,27.13137660714287
6114,2021-10-25 11:00:00,Asia/Bangkok,87.31156586538465,6.295238095238095,5.990476190476191,28.01677778846152
6115,2021-10-25 12:00:00,Asia/Bangkok,85.80104587155964,2.495495495495495,2.306306306306306,27.9210233027523
6116,2021-10-25 13:00:00,Asia/Bangkok,83.59931145454549,2.070175438596491,1.798245614035088,29.08268788990826
6117,2021-10-25 14:00:00,Asia/Bangkok,74.9448598245614,2.353982300884956,2.168141592920354,31.58495956140353
6118,2021-10-25 15:00:00,Asia/Bangkok,71.63666616071427,1.815789473684211,1.640350877192982,32.31143035714287
6119,2021-10-25 16:00:00,Asia/Bangkok,79.21327614035089,7.21551724137931,6.517241379310345,29.29972557522124
6120,2021-10-25 17:00:00,Asia/Bangkok,89.16871815789473,10.04385964912281,8.894736842105264,26.66015008771929
6121,2021-10-25 18:00:00,Asia/Bangkok,89.23169570247931,7.43801652892562,6.925619834710743,27.06127181818182
6122,2021-10-25 19:00:00,Asia/Bangkok,88.56873140350875,18.64957264957265,16.92307692307692,27.10627929824561
6123,2021-10-25 20:00:00,Asia/Bangkok,89.92073254385966,28.25862068965517,24.88793103448276,26.76204675438596
6124,2021-10-25 21:00:00,Asia/Bangkok,90.8627058035715,32.85217391304348,29.01739130434783,26.40791333333333
6125,2021-10-25 22:00:00,Asia/Bangkok,90.86673168141593,21.52586206896552,20.48275862068965,26.25273858407079
6126,2021-10-25 23:00:00,Asia/Bangkok,89.70240745454544,20.7,19.69090909090909,26.21602669724772
6127,2021-10-26 00:00:00,Asia/Bangkok,89.19412620689656,18.73504273504274,17.83760683760684,26.15702658119657
6128,2021-10-26 01:00:00,Asia/Bangkok,89.54873076923077,20.91735537190083,19.99173553719008,25.93583491379312
6129,2021-10-26 02:00:00,Asia/Bangkok,91.13740139130434,21.92307692307692,20.87179487179487,25.78296713043476
6130,2021-10-26 03:00:00,Asia/Bangkok,91.99607142857141,21.48275862068965,20.23275862068965,25.59231580357143
6131,2021-10-26 04:00:00,Asia/Bangkok,92.24402883928565,19.38461538461538,18.27350427350427,25.51678044642861
6132,2021-10-26 05:00:00,Asia/Bangkok,92.80193434782605,18.39316239316239,17.4017094017094,25.48337859649122
6133,2021-10-26 06:00:00,Asia/Bangkok,92.05654723214283,19.58974358974359,18.44444444444444,25.70993017857141
6134,2021-10-26 07:00:00,Asia/Bangkok,92.23349564102564,23.31623931623932,22.1965811965812,25.72167794871793
6135,2021-10-26 08:00:00,Asia/Bangkok,92.72823658333333,19.43801652892562,18.74380165289256,25.96723883333335
6136,2021-10-26 09:00:00,Asia/Bangkok,91.39859918918917,17.28070175438597,16.49122807017544,26.77780872727271
6137,2021-10-26 10:00:00,Asia/Bangkok,85.27670818181818,11.08849557522124,10.49557522123894,29.00627715596331
6138,2021-10-26 11:00:00,Asia/Bangkok,80.71897311320754,6.916666666666667,6.546296296296297,30.15738528301887
6139,2021-10-26 12:00:00,Asia/Bangkok,75.94131429824562,2.771186440677966,2.550847457627119,31.00913707964601
6140,2021-10-26 13:00:00,Asia/Bangkok,76.11840491803281,3.344262295081967,3.081967213114754,31.28435565573771
6141,2021-10-26 14:00:00,Asia/Bangkok,77.99654066666666,3.715447154471545,3.398373983739837,31.15782133333331
6142,2021-10-26 15:00:00,Asia/Bangkok,72.81026691666668,2.165289256198347,1.925619834710744,31.385824
6143,2021-10-26 16:00:00,Asia/Bangkok,72.6079200909091,4.060869565217391,3.765217391304348,30.743366
6144,2021-10-26 17:00:00,Asia/Bangkok,76.22040882882884,3.71551724137931,3.344827586206896,30.17343621621622
6145,2021-10-26 18:00:00,Asia/Bangkok,77.2554150909091,4.836206896551724,4.456896551724138,30.26593381818182
6146,2021-10-26 19:00:00,Asia/Bangkok,80.5430509401709,33.81196581196581,29.00862068965517,29.37786629310344
6147,2021-10-26 20:00:00,Asia/Bangkok,84.26299622807018,25.09565217391305,22.69827586206896,28.37726210526314
6148,2021-10-26 21:00:00,Asia/Bangkok,85.90787601769907,19.35087719298246,18.34210526315789,28.13118292035397
6149,2021-10-26 22:00:00,Asia/Bangkok,86.65222472727274,21.4051724137931,20.23275862068965,27.87726853211006
6150,2021-10-26 23:00:00,Asia/Bangkok,87.296099245283,25.34234234234234,24.09009009009009,27.42011626168222
6151,2021-10-27 00:00:00,Asia/Bangkok,88.30573387387388,22.47008547008547,21.1965811965812,27.10819890909089
6152,2021-10-27 01:00:00,Asia/Bangkok,87.95692723214289,16.62931034482759,15.75862068965517,27.07486785714284
6153,2021-10-27 02:00:00,Asia/Bangkok,88.56374747826085,16.00862068965517,15.04310344827586,26.79526061403512
6154,2021-10-27 03:00:00,Asia/Bangkok,88.13510763157893,9.991379310344827,9.224137931034482,26.665242
6155,2021-10-27 04:00:00,Asia/Bangkok,89.99294692982456,11.64957264957265,10.80172413793103,26.26871336283185
6156,2021-10-27 05:00:00,Asia/Bangkok,90.56553619469025,14.27586206896552,13.45299145299145,26.17971663716816
6157,2021-10-27 06:00:00,Asia/Bangkok,90.16242769911504,13.0,12.19827586206897,25.89098330357146
6158,2021-10-27 07:00:00,Asia/Bangkok,90.64196913793101,16.14655172413793,15.11206896551724,25.69849234782605
6159,2021-10-27 08:00:00,Asia/Bangkok,91.6882757843137,13.69902912621359,12.84466019417476,26.17121821782178
6160,2021-10-27 09:00:00,Asia/Bangkok,83.35349121495324,6.909090909090909,6.4,29.08323196261682
6161,2021-10-27 10:00:00,Asia/Bangkok,76.11894620689658,5.162393162393163,4.829059829059829,31.27999051724138
6162,2021-10-27 11:00:00,Asia/Bangkok,69.86290071428571,5.150442477876106,4.787610619469026,32.63051133928571
6163,2021-10-27 12:00:00,Asia/Bangkok,67.31588844262296,4.809523809523809,4.404761904761905,32.97487270491803
6164,2021-10-27 13:00:00,Asia/Bangkok,64.08607159663866,4.663934426229508,4.352459016393443,33.7834299159664
6165,2021-10-27 14:00:00,Asia/Bangkok,63.62371700854699,5.771186440677966,5.466101694915254,33.48434205128205
6166,2021-10-27 15:00:00,Asia/Bangkok,64.60653956521739,8.423728813559322,8.033898305084746,33.49125208695651
6167,2021-10-27 16:00:00,Asia/Bangkok,65.26587504273503,11.50420168067227,11.05042016806723,33.03251017094018
6168,2021-10-27 17:00:00,Asia/Bangkok,68.86523763157895,32.63716814159292,28.92920353982301,32.04521798245614
6169,2021-10-27 18:00:00,Asia/Bangkok,72.16870807017544,59.16379310344828,48.0948275862069,31.32429771929822
6170,2021-10-27 19:00:00,Asia/Bangkok,74.61091752136751,61.83620689655172,52.39655172413793,30.41145615384616
6171,2021-10-27 20:00:00,Asia/Bangkok,79.5042149565217,56.12820512820513,47.0940170940171,28.98018408695652
6172,2021-10-27 21:00:00,Asia/Bangkok,82.61688210526317,46.00862068965517,38.62068965517241,28.6967449122807
6173,2021-10-27 22:00:00,Asia/Bangkok,84.51317415929202,48.89655172413793,40.75862068965517,28.36262298245612
6174,2021-10-27 23:00:00,Asia/Bangkok,86.15354133928575,51.26548672566372,42.38938053097345,27.8710575
6175,2021-10-28 00:00:00,Asia/Bangkok,85.72509052631581,50.28205128205128,41.66666666666666,27.95945122807017
6176,2021-10-28 01:00:00,Asia/Bangkok,87.08484415929196,41.59130434782609,35.50434782608696,27.38682469026546
6177,2021-10-28 02:00:00,Asia/Bangkok,86.22698083333333,27.16379310344828,25.4051724137931,27.25647712962964
6178,2021-10-28 03:00:00,Asia/Bangkok,86.35868284482758,19.24137931034483,18.37931034482759,26.81717269565216
6179,2021-10-28 04:00:00,Asia/Bangkok,87.68417223214286,24.46956521739131,23.33913043478261,26.49191035398231
6180,2021-10-28 05:00:00,Asia/Bangkok,87.24166377192984,20.03478260869565,19.13913043478261,26.36671701754385
6181,2021-10-28 06:00:00,Asia/Bangkok,88.06729607142859,24.39473684210526,22.86842105263158,26.12001133928569
6182,2021-10-28 07:00:00,Asia/Bangkok,88.35602188235295,23.57471264367816,22.36781609195402,26.01029529411764
6183,2021-10-28 08:00:00,Asia/Bangkok,89.70088351351349,20.46753246753247,19.48051948051948,25.86497162162163
6184,2021-10-28 09:00:00,Asia/Bangkok,88.98451236842104,23.38961038961039,21.75324675324675,26.18892802631578
6185,2021-10-28 10:00:00,Asia/Bangkok,86.23361272727271,36.82926829268293,32.66666666666666,27.72201479338843
6186,2021-10-28 11:00:00,Asia/Bangkok,75.9984419834711,28.592,27.056,30.49789735537191
6187,2021-10-28 12:00:00,Asia/Bangkok,70.59746647540985,26.12195121951219,25.21138211382114,32.06750532786884
6188,2021-10-28 13:00:00,Asia/Bangkok,68.30826286885248,24.856,23.912,32.62151147540985
6189,2021-10-28 14:00:00,Asia/Bangkok,66.59714520325201,20.97560975609756,20.31707317073171,33.02683577235774
6190,2021-10-28 15:00:00,Asia/Bangkok,63.60891140000003,17.87,17.17,33.7639659
6191,2021-10-28 16:00:00,Asia/Bangkok,66.27874173333332,18.51948051948052,17.83116883116883,33.48242506666666
6192,2021-10-28 17:00:00,Asia/Bangkok,72.65033234567903,26.42682926829268,25.39506172839506,31.92544703703702
6193,2021-10-28 18:00:00,Asia/Bangkok,78.20191999999999,26.47413793103448,25.45689655172414,30.3127731858407
6194,2021-10-28 19:00:00,Asia/Bangkok,82.43351529411765,36.5566037735849,32.66981132075472,29.76132862745096
6195,2021-10-28 20:00:00,Asia/Bangkok,83.65872951219514,45.10569105691057,39.64227642276423,29.19159121951218
6196,2021-10-28 21:00:00,Asia/Bangkok,85.6746213675214,68.38842975206612,57.77685950413223,28.46040333333334
6197,2021-10-28 22:00:00,Asia/Bangkok,86.72200697478992,67.20491803278688,55.19672131147541,28.24980924369747
6198,2021-10-28 23:00:00,Asia/Bangkok,86.73370094827584,59.13821138211382,47.94308943089431,28.0810750862069
6199,2021-10-29 00:00:00,Asia/Bangkok,87.51363713178297,57.87596899224806,47.13178294573643,27.68409620155041
6200,2021-10-29 01:00:00,Asia/Bangkok,88.52988881889763,57.53435114503817,46.7175572519084,27.18329771653545
6201,2021-10-29 02:00:00,Asia/Bangkok,88.4509434920635,58.8359375,47.7578125,26.98390587301588
6202,2021-10-29 03:00:00,Asia/Bangkok,88.92701881889768,62.06923076923077,50.02307692307692,26.71385086614173
6203,2021-10-29 04:00:00,Asia/Bangkok,88.98496359375001,59.11363636363637,47.87121212121212,26.58949421874999
6204,2021-10-29 05:00:00,Asia/Bangkok,89.07366874999998,49.3587786259542,41.08396946564886,26.38410882812501
6205,2021-10-29 06:00:00,Asia/Bangkok,89.85721767999998,41.44186046511628,35.66666666666666,26.05584799999999
6206,2021-10-29 07:00:00,Asia/Bangkok,90.99770519685039,42.34375,36.109375,25.74529874015746
6207,2021-10-29 08:00:00,Asia/Bangkok,92.27491624000002,43.24806201550388,36.84496124031008,26.15285655999999
6208,2021-10-29 09:00:00,Asia/Bangkok,90.3015662790698,32.6030534351145,29.47328244274809,27.8680376744186
6209,2021-10-29 10:00:00,Asia/Bangkok,85.50692646017698,14.68376068376068,13.84615384615385,28.74247946902653
6210,2021-10-29 11:00:00,Asia/Bangkok,85.62099801801803,10.27586206896552,9.801724137931034,29.54897754545454
6211,2021-10-29 12:00:00,Asia/Bangkok,81.31558651785717,6.904347826086957,6.573913043478261,30.75467794642857
6212,2021-10-29 13:00:00,Asia/Bangkok,77.23307862068965,7.077586206896552,6.646551724137931,31.83047189655171
6213,2021-10-29 14:00:00,Asia/Bangkok,89.18445937499995,5.426086956521739,5.034782608695652,28.01351455357142
6214,2021-10-29 15:00:00,Asia/Bangkok,80.45574465517244,3.293103448275862,3.051724137931035,30.87875146551723
6215,2021-10-29 16:00:00,Asia/Bangkok,76.93411773913043,2.495652173913043,2.31304347826087,31.1676693043478
6216,2021-10-29 17:00:00,Asia/Bangkok,76.49995805309736,2.663793103448276,2.344827586206896,30.84409681415929
6217,2021-10-29 18:00:00,Asia/Bangkok,81.31109224137931,3.663793103448276,3.267241379310345,29.4894387179487
6218,2021-10-29 19:00:00,Asia/Bangkok,85.0140494736842,28.31034482758621,24.24137931034483,28.99455150442479
6219,2021-10-29 20:00:00,Asia/Bangkok,87.04796288288287,53.05172413793103,44.76724137931034,28.40907135135133
6220,2021-10-29 21:00:00,Asia/Bangkok,88.07402491379308,17.87068965517241,16.75862068965517,28.12076112068966
6221,2021-10-29 22:00:00,Asia/Bangkok,88.30709371681414,20.00862068965517,19.0,27.99374654867256
6222,2021-10-29 23:00:00,Asia/Bangkok,88.53911409090904,19.38392857142857,18.46428571428572,27.785859
6223,2021-10-30 00:00:00,Asia/Bangkok,88.80145821428574,15.23275862068965,14.41379310344828,27.24924265486726
6224,2021-10-30 01:00:00,Asia/Bangkok,89.45253418803419,13.69230769230769,12.87179487179487,26.9998694827586
6225,2021-10-30 02:00:00,Asia/Bangkok,89.05672456140348,9.698275862068966,9.181034482758621,26.88525315789476
6226,2021-10-30 03:00:00,Asia/Bangkok,88.82682027027026,7.422413793103448,7.025862068965517,26.74909369369369
6227,2021-10-30 04:00:00,Asia/Bangkok,90.09388258620687,6.581196581196581,5.982905982905983,26.47683172413793
6228,2021-10-30 05:00:00,Asia/Bangkok,90.78842157894736,6.327586206896552,5.818965517241379,26.28337245614036
6229,2021-10-30 06:00:00,Asia/Bangkok,90.8072734782609,8.275862068965518,7.594827586206897,26.03107043478261
6230,2021-10-30 07:00:00,Asia/Bangkok,91.79489131578949,10.97413793103448,10.22413793103448,25.78643789473686
6231,2021-10-30 08:00:00,Asia/Bangkok,93.02277947826092,9.11111111111111,8.632478632478632,26.52178591304349
6232,2021-10-30 09:00:00,Asia/Bangkok,87.3723553508772,7.137931034482759,6.71551724137931,28.82613614035087
6233,2021-10-30 10:00:00,Asia/Bangkok,81.13028063063062,5.603448275862069,5.336206896551724,30.25080459459458
6234,2021-10-30 11:00:00,Asia/Bangkok,76.57000879310345,3.767241379310345,3.525862068965517,31.42101137931034
6235,2021-10-30 12:00:00,Asia/Bangkok,81.4593890178571,4.474137931034483,4.241379310344827,30.39899750000001
6236,2021-10-30 13:00:00,Asia/Bangkok,84.74830000000003,9.460176991150442,8.920353982300885,29.78204486238533
6237,2021-10-30 14:00:00,Asia/Bangkok,84.62084999999999,2.6,2.416666666666667,28.66264222222223
6238,2021-10-30 15:00:00,Asia/Bangkok,82.29927153153156,4.0,3.649122807017544,29.31287045045043
6239,2021-10-30 16:00:00,Asia/Bangkok,81.77541284482758,5.29059829059829,4.948717948717949,29.45265818965519
6240,2021-10-30 17:00:00,Asia/Bangkok,81.05007928571429,7.542372881355933,7.084745762711864,29.44721848214286
6241,2021-10-30 18:00:00,Asia/Bangkok,84.2647912173913,19.08620689655172,16.78448275862069,28.59816495652172
6242,2021-10-30 19:00:00,Asia/Bangkok,86.09476415929201,38.96551724137931,33.82758620689656,28.33507539823009
6243,2021-10-30 20:00:00,Asia/Bangkok,87.60940852173911,33.95689655172414,30.64655172413793,27.75726704347825
6244,2021-10-30 21:00:00,Asia/Bangkok,87.7912981081081,24.37931034482759,23.14655172413793,27.49336603603605
6245,2021-10-30 22:00:00,Asia/Bangkok,87.37822212389385,16.79310344827586,15.95689655172414,27.21301539823008
6246,2021-10-30 23:00:00,Asia/Bangkok,86.87763535714289,11.07017543859649,10.57894736842105,26.92075508928573
6247,2021-10-31 00:00:00,Asia/Bangkok,86.98432327433625,6.629310344827586,6.258620689655173,26.54723442477877
6248,2021-10-31 01:00:00,Asia/Bangkok,87.64077398230086,7.8,7.260869565217392,26.49661345132743
6249,2021-10-31 02:00:00,Asia/Bangkok,87.89675710526318,10.95652173913044,10.48695652173913,26.35631666666667
6250,2021-10-31 03:00:00,Asia/Bangkok,90.92424905172416,12.31034482758621,11.64655172413793,25.86359999999997
6251,2021-10-31 04:00:00,Asia/Bangkok,92.44193225225223,13.26956521739131,12.6695652173913,25.57198153153157
6252,2021-10-31 05:00:00,Asia/Bangkok,92.6200069911504,15.07758620689655,14.43965517241379,25.6038284955752
6253,2021-10-31 06:00:00,Asia/Bangkok,92.41998281818181,10.36206896551724,9.887931034482758,25.68552663636362
6254,2021-10-31 07:00:00,Asia/Bangkok,92.21529419642856,7.415929203539823,7.088495575221239,25.35505776785712
6255,2021-10-31 08:00:00,Asia/Bangkok,92.5063740707965,8.517241379310345,8.163793103448276,25.26942044247787
6256,2021-10-31 09:00:00,Asia/Bangkok,92.17900008928568,8.581196581196581,8.179487179487179,25.44396678571429
6257,2021-10-31 10:00:00,Asia/Bangkok,91.02659205357142,5.747826086956522,5.51304347826087,25.37687517857142
6258,2021-10-31 11:00:00,Asia/Bangkok,91.89661052173912,3.362068965517242,3.206896551724138,25.06199704347826
6259,2021-10-31 12:00:00,Asia/Bangkok,91.41488578947373,3.853448275862069,3.637931034482758,25.48857654867259
6260,2021-10-31 13:00:00,Asia/Bangkok,91.39038778761065,4.695652173913044,4.46551724137931,25.71971513274337
6261,2021-10-31 14:00:00,Asia/Bangkok,90.26952477876107,4.0,3.798245614035088,25.9843822123894
6262,2021-10-31 15:00:00,Asia/Bangkok,89.46792584070799,3.137931034482758,2.887931034482758,25.98299089285715
6263,2021-10-31 16:00:00,Asia/Bangkok,88.00173642857142,2.344827586206896,2.086206896551724,26.37374062500001
6264,2021-10-31 17:00:00,Asia/Bangkok,86.36220304347827,2.431034482758621,2.051724137931035,27.02162499999999
6265,2021-10-31 18:00:00,Asia/Bangkok,86.88268982456135,7.683760683760684,7.170940170940171,27.31085070796461
6266,2021-10-31 19:00:00,Asia/Bangkok,89.75350870370374,58.23275862068966,51.10344827586207,26.35014685185186
6267,2021-10-31 20:00:00,Asia/Bangkok,89.90518956521737,41.03418803418803,35.01709401709402,26.01799834782612
6268,2021-10-31 21:00:00,Asia/Bangkok,90.670128,49.18965517241379,40.78448275862069,25.63951347826088
6269,2021-10-31 22:00:00,Asia/Bangkok,91.67679071428567,31.16379310344828,28.72413793103448,25.25902348214288
6270,2021-10-31 23:00:00,Asia/Bangkok,92.3701526605505,29.52293577981651,27.98165137614679,25.12572403669729
6271,2021-11-01 00:00:00,Asia/Bangkok,92.10103000000002,18.93103448275862,18.1551724137931,25.06861678571429
6272,2021-11-01 01:00:00,Asia/Bangkok,92.12205672727274,18.66666666666667,17.95726495726496,25.10210163636367
6273,2021-11-01 02:00:00,Asia/Bangkok,91.23705210526322,10.26724137931035,9.741379310344827,25.06188552631578
6274,2021-11-01 03:00:00,Asia/Bangkok,91.32125833333339,10.39655172413793,9.586206896551724,24.97458403508773
6275,2021-11-01 04:00:00,Asia/Bangkok,92.06514464285713,10.80869565217391,9.939130434782609,24.73356071428571
6276,2021-11-01 05:00:00,Asia/Bangkok,92.7745904310345,12.03448275862069,11.26724137931035,24.68605043103445
6277,2021-11-01 06:00:00,Asia/Bangkok,92.40436464912283,13.88793103448276,12.94827586206897,24.67545947368419
6278,2021-11-01 07:00:00,Asia/Bangkok,92.69288530973448,12.8974358974359,11.97413793103448,24.79324716814159
6279,2021-11-01 08:00:00,Asia/Bangkok,94.04445909090907,9.617391304347827,8.974137931034482,25.90975790909092
6280,2021-11-01 09:00:00,Asia/Bangkok,88.40481946428574,5.060344827586207,4.603448275862069,27.61432339285713
6281,2021-11-01 10:00:00,Asia/Bangkok,82.83827396396397,2.120689655172414,1.663793103448276,29.34537108108107
6282,2021-11-01 11:00:00,Asia/Bangkok,83.90564151785713,2.852173913043478,2.573913043478261,29.8734936607143
6283,2021-11-01 12:00:00,Asia/Bangkok,85.32687249999996,2.274336283185841,1.964601769911504,29.80847689655171
6284,2021-11-01 13:00:00,Asia/Bangkok,79.53053070175444,1.4,1.208695652173913,31.1856992982456
6285,2021-11-01 14:00:00,Asia/Bangkok,73.86702765217392,2.767241379310345,2.422413793103448,32.78382330434783
6286,2021-11-01 15:00:00,Asia/Bangkok,84.72043138613864,1.069306930693069,0.6237623762376238,26.73523960396039
6287,2021-11-01 16:00:00,Asia/Bangkok,90.27985253521125,0.25,0.1388888888888889,26.55567492957746
6288,2021-11-01 17:00:00,Asia/Bangkok,85.69998694444445,0.1066666666666667,0.01333333333333333,28.26807541666666
6289,2021-11-01 18:00:00,Asia/Bangkok,84.7840252631579,0.4358974358974359,0.282051282051282,28.31363092105262
6290,2021-11-01 19:00:00,Asia/Bangkok,84.89916027272727,1.309734513274336,0.9911504424778761,28.1649679090909
6291,2021-11-01 20:00:00,Asia/Bangkok,88.06794846774186,7.658730158730159,7.206349206349207,27.29221911290322
6292,2021-11-01 21:00:00,Asia/Bangkok,89.7545093333333,25.38095238095238,22.1984126984127,26.89241941666669
6293,2021-11-01 22:00:00,Asia/Bangkok,90.19602037878785,13.97761194029851,13.3134328358209,26.7324396969697
6294,2021-11-01 23:00:00,Asia/Bangkok,90.86286253846157,13.53435114503817,12.98473282442748,26.37316715384615
6295,2021-11-02 00:00:00,Asia/Bangkok,90.50586992307694,12.70149253731343,12.00746268656716,26.3198416923077
6296,2021-11-02 01:00:00,Asia/Bangkok,90.67257970149254,7.748148148148148,7.133333333333334,26.02847380597015
6297,2021-11-02 02:00:00,Asia/Bangkok,91.49789454545454,7.385185185185185,6.659259259259259,25.62218901515156
6298,2021-11-02 03:00:00,Asia/Bangkok,92.22570642335765,10.68345323741007,9.920863309352518,25.64667131386863
6299,2021-11-02 04:00:00,Asia/Bangkok,93.90539636363633,6.650406504065041,5.967479674796748,25.400926446281
6300,2021-11-02 05:00:00,Asia/Bangkok,92.99835885964919,5.698275862068965,5.068965517241379,25.34358412280702
6301,2021-11-02 06:00:00,Asia/Bangkok,92.4808298214286,8.655172413793103,8.077586206896552,25.27907464285716
6302,2021-11-02 07:00:00,Asia/Bangkok,93.71532337209304,7.727272727272728,7.193181818181818,25.08569813953486
6303,2021-11-02 08:00:00,Asia/Bangkok,94.98350642857139,8.48235294117647,8.011764705882353,25.11510928571428
6304,2021-11-02 09:00:00,Asia/Bangkok,94.88697666666668,9.175,8.6375,25.71099346153847
6305,2021-11-02 10:00:00,Asia/Bangkok,93.02839954022987,7.955056179775281,7.48314606741573,27.07944977011494
6306,2021-11-02 11:00:00,Asia/Bangkok,86.043144875,4.421686746987952,4.024096385542169,29.20937225
6307,2021-11-02 12:00:00,Asia/Bangkok,78.70743347222225,4.47945205479452,4.013698630136986,30.96236291666667
6308,2021-11-02 13:00:00,Asia/Bangkok,75.88864608000003,3.928571428571428,3.563492063492064,31.48883343999999
6309,2021-11-02 14:00:00,Asia/Bangkok,77.94536000000001,4.859375,4.5078125,30.97479564516129
6310,2021-11-02 15:00:00,Asia/Bangkok,82.15617085271315,7.099236641221374,6.659090909090909,28.86162596899226
6311,2021-11-02 16:00:00,Asia/Bangkok,83.47298678832115,19.46099290780142,17.94326241134752,28.149192919708
6312,2021-11-02 17:00:00,Asia/Bangkok,81.50108364285717,7.191489361702128,6.815602836879433,28.50854499999999
6313,2021-11-02 18:00:00,Asia/Bangkok,80.14886084507036,9.166666666666666,8.7,29.23764246478876
6314,2021-11-02 19:00:00,Asia/Bangkok,83.63210744360903,20.04054054054054,18.83108108108108,28.52744586466164
6315,2021-11-02 20:00:00,Asia/Bangkok,86.6617977304965,27.93377483443708,26.21854304635762,27.57340269503543
6316,2021-11-02 21:00:00,Asia/Bangkok,88.25749008264464,27.96747967479675,26.46341463414634,26.87704388429757
6317,2021-11-02 22:00:00,Asia/Bangkok,89.10149833333334,30.74137931034483,28.92241379310345,26.39117333333337
6318,2021-11-02 23:00:00,Asia/Bangkok,89.46495464285708,34.0625,31.17857142857143,26.30984714285715
6319,2021-11-03 00:00:00,Asia/Bangkok,89.89205586206896,35.82608695652174,32.30434782608695,26.15397043103448
6320,2021-11-03 01:00:00,Asia/Bangkok,90.25407491228066,34.65811965811966,31.47008547008547,25.8588400877193
6321,2021-11-03 02:00:00,Asia/Bangkok,90.48408695652172,35.05172413793103,31.66379310344828,25.78524278260872
6322,2021-11-03 03:00:00,Asia/Bangkok,90.50132636363631,31.53448275862069,29.38793103448276,25.72936881818181
6323,2021-11-03 04:00:00,Asia/Bangkok,90.38767187499998,29.21551724137931,27.63793103448276,25.64570026785718
6324,2021-11-03 05:00:00,Asia/Bangkok,90.73746660869563,27.61538461538462,26.35042735042735,25.59574156521737
6325,2021-11-03 06:00:00,Asia/Bangkok,91.33238460869572,26.75652173913043,25.37391304347826,25.58104330434784
6326,2021-11-03 07:00:00,Asia/Bangkok,92.8043535964912,30.08620689655172,28.31034482758621,25.38900184210526
6327,2021-11-03 08:00:00,Asia/Bangkok,93.59350867256637,24.75,23.58620689655172,25.1729557522124
6328,2021-11-03 09:00:00,Asia/Bangkok,91.81180824561407,16.81896551724138,16.06034482758621,25.59532382608695
6329,2021-11-03 10:00:00,Asia/Bangkok,90.10732803418799,14.62068965517241,13.91379310344828,26.42664681034483
6330,2021-11-03 11:00:00,Asia/Bangkok,82.5436790178572,21.90598290598291,20.25641025641026,29.19077107142857
6331,2021-11-03 12:00:00,Asia/Bangkok,76.71851373913046,14.56896551724138,13.81896551724138,30.98748104347824
6332,2021-11-03 13:00:00,Asia/Bangkok,78.66522690265485,6.699115044247788,6.309734513274337,28.5318524778761
6333,2021-11-03 14:00:00,Asia/Bangkok,77.99564445652172,7.010869565217392,6.695652173913044,29.07866543478262
6334,2021-11-03 15:00:00,Asia/Bangkok,76.15987373493975,13.65060240963855,12.80722891566265,30.06384277108433
6335,2021-11-03 16:00:00,Asia/Bangkok,78.7037556962026,21.77380952380953,20.10714285714286,29.55247088607597
6336,2021-11-03 17:00:00,Asia/Bangkok,83.86906478873236,19.64788732394366,18.12676056338028,28.85358208333333
6337,2021-11-03 18:00:00,Asia/Bangkok,86.27560283582089,21.59154929577465,20.53521126760563,28.36857878787877
6338,2021-11-03 19:00:00,Asia/Bangkok,87.23589055555554,21.08108108108108,20.09459459459459,28.0772563888889
6339,2021-11-03 20:00:00,Asia/Bangkok,88.03254782608697,28.58333333333333,25.85416666666667,27.06576184782607
6340,2021-11-03 21:00:00,Asia/Bangkok,91.01349256410259,18.29166666666667,16.99166666666667,26.31724786324786
6341,2021-11-03 22:00:00,Asia/Bangkok,89.86973206896549,22.74576271186441,21.16949152542373,26.50862267241381
6342,2021-11-03 23:00:00,Asia/Bangkok,89.48151621621618,16.34782608695652,15.30434782608696,26.49343873873874
6343,2021-11-04 00:00:00,Asia/Bangkok,89.73091093220339,19.09243697478992,18.0,26.21735338983049
6344,2021-11-04 01:00:00,Asia/Bangkok,90.52199226890751,15.08333333333333,14.15833333333333,25.88830084033615
6345,2021-11-04 02:00:00,Asia/Bangkok,91.68102190082647,14.09836065573771,13.11475409836066,25.5900113223141
6346,2021-11-04 03:00:00,Asia/Bangkok,91.36334205128206,13.42276422764228,12.71544715447154,25.6578182051282
6347,2021-11-04 04:00:00,Asia/Bangkok,90.76630188524592,12.52032520325203,11.84552845528455,25.58690557377052
6348,2021-11-04 05:00:00,Asia/Bangkok,90.66824773109245,12.42148760330578,11.60330578512397,25.26187210084038
6349,2021-11-04 06:00:00,Asia/Bangkok,91.75396145299148,9.525,8.875,25.05740025641025
6350,2021-11-04 07:00:00,Asia/Bangkok,91.70685987179489,9.886075949367088,9.278481012658228,25.03488487179486
6351,2021-11-04 08:00:00,Asia/Bangkok,92.33537013888889,12.49333333333333,11.62666666666667,24.96372847222223
6352,2021-11-04 09:00:00,Asia/Bangkok,93.09368540540538,11.12162162162162,10.56756756756757,24.74988689189188
6353,2021-11-04 10:00:00,Asia/Bangkok,92.32017724637677,16.22535211267606,15.56338028169014,24.80258420289856
6354,2021-11-04 11:00:00,Asia/Bangkok,92.91531964285717,22.26785714285714,20.6875,24.89576035398229
6355,2021-11-04 12:00:00,Asia/Bangkok,93.2505523478261,13.43478260869565,12.90434782608696,25.07179547826087
6356,2021-11-04 13:00:00,Asia/Bangkok,93.99707285714285,15.6578947368421,15.01754385964912,25.19048342342343
6357,2021-11-04 14:00:00,Asia/Bangkok,92.98619190909088,19.91964285714286,18.67857142857143,25.80374609090909
6358,2021-11-04 15:00:00,Asia/Bangkok,89.69417121495327,13.39449541284404,12.74311926605505,26.91644981308409
6359,2021-11-04 16:00:00,Asia/Bangkok,87.0973663888889,14.70642201834862,13.98165137614679,27.68879925925924
6360,2021-11-04 17:00:00,Asia/Bangkok,89.22365453703705,17.91743119266055,17.25,27.89852990654206
6361,2021-11-04 18:00:00,Asia/Bangkok,90.86375135593218,14.9504132231405,14.36363636363636,27.45297991596637
6362,2021-11-04 19:00:00,Asia/Bangkok,91.18937085271318,6.1,5.453846153846154,25.9598272093023
6363,2021-11-04 20:00:00,Asia/Bangkok,92.60240047619048,2.638461538461538,2.271317829457364,25.3637158730159
6364,2021-11-04 21:00:00,Asia/Bangkok,91.55901333333333,6.953488372093023,6.369230769230769,25.75149087301587
6365,2021-11-04 22:00:00,Asia/Bangkok,91.45464464000004,12.9922480620155,12.33333333333333,25.59888344000003
6366,2021-11-04 23:00:00,Asia/Bangkok,91.7040939495798,16.72950819672131,15.97540983606557,25.30147890756304
6367,2021-11-05 00:00:00,Asia/Bangkok,92.60544048000006,21.10077519379845,19.69767441860465,25.10563640000001
6368,2021-11-05 01:00:00,Asia/Bangkok,92.92633077519376,11.64885496183206,10.96153846153846,25.09528201550391
6369,2021-11-05 02:00:00,Asia/Bangkok,93.96666625000002,7.221374045801527,6.742424242424242,24.88331828124998
6370,2021-11-05 03:00:00,Asia/Bangkok,93.687057890625,0.3560606060606061,0.06060606060606061,24.63117945312498
6371,2021-11-05 04:00:00,Asia/Bangkok,92.80374687999999,0.2578125,0.015625,24.89683760000002
6372,2021-11-05 05:00:00,Asia/Bangkok,92.49907759999999,0.359375,0.1015625,24.89617496000002
6373,2021-11-05 06:00:00,Asia/Bangkok,92.82147062992125,1.25,0.984375,24.93010748031496
6374,2021-11-05 07:00:00,Asia/Bangkok,93.50025803571431,3.619469026548673,3.168141592920354,24.76138241071427
6375,2021-11-05 08:00:00,Asia/Bangkok,93.33082877551021,3.851485148514851,3.366336633663366,24.68100173469388
6376,2021-11-05 09:00:00,Asia/Bangkok,93.13752770114944,3.549450549450549,3.043956043956044,24.68455977011493
6377,2021-11-05 10:00:00,Asia/Bangkok,93.53921395604395,3.712765957446809,3.138297872340425,24.90462802197801
6378,2021-11-05 11:00:00,Asia/Bangkok,92.94849601769913,4.104347826086957,3.573913043478261,25.99267805309736
6379,2021-11-05 12:00:00,Asia/Bangkok,86.37413131147542,3.976190476190476,3.555555555555555,28.49432229508196
6380,2021-11-05 13:00:00,Asia/Bangkok,81.9305243220339,4.235294117647059,3.705882352941177,29.8731466101695
6381,2021-11-05 14:00:00,Asia/Bangkok,79.84554991596639,3.745901639344262,3.401639344262295,30.43725957983194
6382,2021-11-05 15:00:00,Asia/Bangkok,77.2034196261682,2.429906542056075,1.990654205607477,30.86761056074766
6383,2021-11-05 16:00:00,Asia/Bangkok,75.35482264150946,0.7727272727272727,0.5818181818181818,30.43484971698115
6384,2021-11-05 17:00:00,Asia/Bangkok,80.1890651428571,0.6636363636363637,0.2727272727272727,29.29386409523811
6385,2021-11-05 18:00:00,Asia/Bangkok,83.20222785714289,0.5714285714285714,0.2232142857142857,28.55423098214287
6386,2021-11-05 19:00:00,Asia/Bangkok,83.59712675438597,0.6782608695652174,0.2869565217391304,28.6070045614035
6387,2021-11-05 20:00:00,Asia/Bangkok,83.4837168181818,2.135135135135135,1.693693693693694,28.51191927272726
6388,2021-11-05 21:00:00,Asia/Bangkok,84.99458778761058,4.517543859649122,4.052631578947368,27.85846785714286
6389,2021-11-05 22:00:00,Asia/Bangkok,89.93074570175439,10.51304347826087,9.034782608695652,26.52305061403512
6390,2021-11-05 23:00:00,Asia/Bangkok,90.30641363636362,6.909090909090909,6.409090909090909,26.6863552293578
6391,2021-11-06 00:00:00,Asia/Bangkok,90.74586695652177,10.37391304347826,9.721739130434782,26.69097130434787
6392,2021-11-06 01:00:00,Asia/Bangkok,90.38232495145634,4.641509433962264,4.19811320754717,26.74997640776699
6393,2021-11-06 02:00:00,Asia/Bangkok,90.22511115044253,3.14406779661017,2.796610169491526,26.58589362831859
6394,2021-11-06 03:00:00,Asia/Bangkok,89.68756936936938,2.805309734513274,2.415929203539823,26.47647720720722
6395,2021-11-06 04:00:00,Asia/Bangkok,89.88562330508478,3.115702479338843,2.752066115702479,26.21386745762714
6396,2021-11-06 05:00:00,Asia/Bangkok,91.12220412698414,4.629921259842519,4.15748031496063,25.8896653174603
6397,2021-11-06 06:00:00,Asia/Bangkok,91.59871558139533,4.607692307692307,4.184615384615385,25.67861976744186
6398,2021-11-06 07:00:00,Asia/Bangkok,91.872092734375,6.705426356589148,5.992248062015504,25.55378164062504
6399,2021-11-06 08:00:00,Asia/Bangkok,92.36376289062495,7.161538461538462,6.553846153846154,25.38709523437499
6400,2021-11-06 09:00:00,Asia/Bangkok,92.99836694214879,9.40650406504065,8.528455284552846,25.36036524590163
6401,2021-11-06 10:00:00,Asia/Bangkok,93.6379104504504,9.079646017699115,8.442477876106194,25.82270636363636
6402,2021-11-06 11:00:00,Asia/Bangkok,91.76557035398231,5.034782608695652,4.6,27.34931803571428
6403,2021-11-06 12:00:00,Asia/Bangkok,81.94843518518519,2.25,1.955357142857143,29.98733259259259
6404,2021-11-06 13:00:00,Asia/Bangkok,76.23907073394498,4.324324324324325,3.837837837837838,31.28649330275229
6405,2021-11-06 14:00:00,Asia/Bangkok,72.69399427272727,1.053097345132743,0.8584070796460177,32.24310770642204
6406,2021-11-06 15:00:00,Asia/Bangkok,67.8620643119266,0.2672413793103448,0.103448275862069,33.87634486238534
6407,2021-11-06 16:00:00,Asia/Bangkok,64.0119750458716,0.5565217391304348,0.3421052631578947,34.92703403669723
6408,2021-11-06 17:00:00,Asia/Bangkok,66.35338509090907,0.7391304347826086,0.4695652173913044,33.80363618181818
6409,2021-11-06 18:00:00,Asia/Bangkok,70.36409615384615,1.452631578947368,1.114583333333333,32.94170615384616
6410,2021-11-06 19:00:00,Asia/Bangkok,72.93023383838384,1.445544554455445,1.128712871287129,31.28797142857141
6411,2021-11-06 20:00:00,Asia/Bangkok,75.08218467889907,2.053571428571428,1.669642857142857,30.55269036697248
6412,2021-11-06 21:00:00,Asia/Bangkok,79.31964543103446,6.630252100840337,5.915966386554622,29.86306034482759
6413,2021-11-06 22:00:00,Asia/Bangkok,81.24833000000004,10.72881355932203,9.559322033898304,29.11892367521367
6414,2021-11-06 23:00:00,Asia/Bangkok,81.93429043478261,2.125,1.805555555555556,27.76104405797102
6415,2021-11-07 00:00:00,Asia/Bangkok,84.69876166666667,1.4,0.8,26.78467166666666
6416,2021-11-07 01:00:00,Asia/Bangkok,85.96988137931032,2.084745762711865,1.813559322033898,26.55694172413792
6417,2021-11-07 02:00:00,Asia/Bangkok,89.01047946902658,2.791304347826087,2.350877192982456,26.4700296460177
6418,2021-11-07 03:00:00,Asia/Bangkok,89.54734642276425,6.709677419354839,6.208,26.43036333333333
6419,2021-11-07 04:00:00,Asia/Bangkok,88.1904438582677,2.038759689922481,1.767441860465116,26.59740622047244
6420,2021-11-07 05:00:00,Asia/Bangkok,89.13983000000003,2.58252427184466,2.174757281553398,26.1749693939394
6421,2021-11-07 06:00:00,Asia/Bangkok,90.08547802469135,4.166666666666667,3.583333333333333,25.90906604938272
6422,2021-11-07 07:00:00,Asia/Bangkok,90.4756922077922,38.03846153846154,34.82051282051282,25.90205000000001
6423,2021-11-07 08:00:00,Asia/Bangkok,90.62604039473679,18.24358974358974,16.48717948717949,25.89593131578949
6424,2021-11-07 09:00:00,Asia/Bangkok,90.48021083333337,16.34666666666667,15.17333333333333,25.83740944444444
6425,2021-11-07 10:00:00,Asia/Bangkok,91.64424854368933,8.64423076923077,8.087378640776699,25.61721067961169
6426,2021-11-07 11:00:00,Asia/Bangkok,92.0945974336283,8.189655172413794,7.572649572649572,25.46213274336282
6427,2021-11-07 12:00:00,Asia/Bangkok,92.17147387387394,8.5929203539823,8.106194690265486,25.39990135135133
6428,2021-11-07 13:00:00,Asia/Bangkok,92.28032704347822,10.91379310344828,10.35344827586207,25.57969634782609
6429,2021-11-07 14:00:00,Asia/Bangkok,92.82126181034481,14.97435897435897,13.94871794871795,26.28436008620691
6430,2021-11-07 15:00:00,Asia/Bangkok,90.18750318584071,14.81739130434783,13.17391304347826,27.73689716814161
6431,2021-11-07 16:00:00,Asia/Bangkok,83.2903492857143,4.217391304347826,3.713043478260869,29.74709846846845
6432,2021-11-07 17:00:00,Asia/Bangkok,75.37010025641025,1.647058823529412,1.361344537815126,31.66454589743591
6433,2021-11-07 18:00:00,Asia/Bangkok,73.5055333057851,1.455284552845528,1.235772357723577,32.08643297520663
6434,2021-11-07 19:00:00,Asia/Bangkok,70.92626024590166,1.174603174603175,1.03968253968254,32.45735180327869
6435,2021-11-07 20:00:00,Asia/Bangkok,70.57360999999995,1.448818897637795,1.173228346456693,32.52651443548389
6436,2021-11-07 21:00:00,Asia/Bangkok,73.66872411290323,3.4375,3.1015625,31.81723861788616
6437,2021-11-07 22:00:00,Asia/Bangkok,79.69073338709677,2.248,1.944,30.53968225806454
6438,2021-11-07 23:00:00,Asia/Bangkok,82.42558161290326,5.201612903225806,4.701612903225806,29.9739979674797
6439,2021-11-08 00:00:00,Asia/Bangkok,83.1974824793388,13.39837398373984,12.47967479674797,29.46390644628097
6440,2021-11-08 01:00:00,Asia/Bangkok,85.28159487804876,23.33870967741936,21.48387096774194,28.77921130081301
6441,2021-11-08 02:00:00,Asia/Bangkok,86.4391221774194,17.82677165354331,16.88188976377953,28.39250225806449
6442,2021-11-08 03:00:00,Asia/Bangkok,86.67989008333329,23.0241935483871,20.71544715447154,28.1219685833333
6443,2021-11-08 04:00:00,Asia/Bangkok,87.88465293650792,20.31496062992126,18.6796875,27.78884412698413
6444,2021-11-08 05:00:00,Asia/Bangkok,88.19887534883719,32.77099236641222,29.79389312977099,27.6289397692308
6445,2021-11-08 06:00:00,Asia/Bangkok,89.63204571428571,28.57142857142857,26.45864661654135,27.26559143939393
6446,2021-11-08 07:00:00,Asia/Bangkok,90.51061076335877,19.09701492537313,18.09701492537313,26.95969315384613
6447,2021-11-08 08:00:00,Asia/Bangkok,90.92167274074075,7.288888888888889,6.614814814814815,26.6038014814815
6448,2021-11-08 09:00:00,Asia/Bangkok,91.49597153846153,6.283582089552239,5.746268656716418,26.25681953846154
6449,2021-11-08 10:00:00,Asia/Bangkok,92.2579474603175,3.643410852713178,3.186046511627907,26.14035539682541
6450,2021-11-08 11:00:00,Asia/Bangkok,92.3998853846154,6.145299145299146,5.675213675213675,26.22695786324786
6451,2021-11-08 12:00:00,Asia/Bangkok,92.04298311475418,4.588709677419355,4.225806451612903,26.81792672131147
6452,2021-11-08 13:00:00,Asia/Bangkok,86.16518735537194,3.129032258064516,2.903225806451613,28.71853223140496
6453,2021-11-08 14:00:00,Asia/Bangkok,79.00966393442621,1.333333333333333,1.182539682539683,30.30371114754098
6454,2021-11-08 15:00:00,Asia/Bangkok,75.25802464566935,1.572519083969466,1.236641221374046,31.26781047619044
6455,2021-11-08 16:00:00,Asia/Bangkok,71.82806893442623,2.740157480314961,2.492063492063492,32.37875278688524
6456,2021-11-08 17:00:00,Asia/Bangkok,70.19370322580644,3.142857142857143,2.889763779527559,32.38843338709675
6457,2021-11-08 18:00:00,Asia/Bangkok,77.27111730158724,5.193798449612403,4.7421875,30.32760039370079
6458,2021-11-08 19:00:00,Asia/Bangkok,74.5928865354331,7.053030303030303,6.613636363636363,31.07950912698411
6459,2021-11-08 20:00:00,Asia/Bangkok,77.86577930769229,5.659090909090909,5.265151515151516,29.59945738461541
6460,2021-11-08 21:00:00,Asia/Bangkok,79.39990183206103,3.977099236641221,3.587786259541985,28.7350348854962
6461,2021-11-08 22:00:00,Asia/Bangkok,80.37322544715448,4.89922480620155,4.542635658914729,28.46834536585364
6462,2021-11-08 23:00:00,Asia/Bangkok,83.92168601694917,17.07438016528926,16.1404958677686,27.6049527118644
6463,2021-11-09 00:00:00,Asia/Bangkok,84.95947672000004,22.456,21.168,27.21942632000001
6464,2021-11-09 01:00:00,Asia/Bangkok,86.24964115702477,21.23387096774194,20.12096774193548,27.0349885950413
6465,2021-11-09 02:00:00,Asia/Bangkok,87.35364745901641,17.28225806451613,16.41463414634146,26.65024537190083
6466,2021-11-09 03:00:00,Asia/Bangkok,89.57588564516126,14.29838709677419,13.336,26.38829225806453
6467,2021-11-09 04:00:00,Asia/Bangkok,89.9873008870968,12.28346456692913,11.53543307086614,26.62207741935483
6468,2021-11-09 05:00:00,Asia/Bangkok,90.3902596899225,12.50757575757576,11.81679389312977,26.38546720930233
6469,2021-11-09 06:00:00,Asia/Bangkok,92.05991256000007,11.93129770992366,11.23664122137404,26.16552255999999
6470,2021-11-09 07:00:00,Asia/Bangkok,91.33781392857139,11.65734265734266,10.99300699300699,26.19125278571427
6471,2021-11-09 08:00:00,Asia/Bangkok,92.3003413194444,6.248275862068965,5.710344827586207,25.67917923076923
6472,2021-11-09 09:00:00,Asia/Bangkok,92.5608754074074,1.294117647058824,0.9117647058823529,25.74830688888888
6473,2021-11-09 10:00:00,Asia/Bangkok,92.95177201612903,3.9296875,3.3828125,26.37119282258065
6474,2021-11-09 11:00:00,Asia/Bangkok,90.57621517543859,2.931623931623931,2.299145299145299,27.48905140350877
6475,2021-11-09 12:00:00,Asia/Bangkok,85.52826289473684,2.318965517241379,1.681034482758621,29.20021692982456
6476,2021-11-09 13:00:00,Asia/Bangkok,81.86267153846153,2.858490566037736,2.367924528301887,30.1467138095238
6477,2021-11-09 14:00:00,Asia/Bangkok,88.92330611111109,1.709090909090909,1.236363636363636,27.19177175925926
6478,2021-11-09 15:00:00,Asia/Bangkok,89.61882849999998,0.9752066115702479,0.7868852459016393,27.13263558333331
6479,2021-11-09 16:00:00,Asia/Bangkok,90.28241401785716,1.847457627118644,1.533898305084746,27.28413392857142
6480,2021-11-09 17:00:00,Asia/Bangkok,91.83430917431197,1.765765765765766,1.486486486486486,26.20311798165137
6481,2021-11-09 18:00:00,Asia/Bangkok,90.18048663865551,0.4067796610169492,0.2033898305084746,26.61860445378153
6482,2021-11-09 19:00:00,Asia/Bangkok,89.62425966666667,0.9256198347107438,0.71900826446281,26.80552391666669
6483,2021-11-09 20:00:00,Asia/Bangkok,89.9996477777778,13.2,11.47692307692308,26.44028301587301
6484,2021-11-09 21:00:00,Asia/Bangkok,90.65436054687504,27.98449612403101,25.29457364341085,26.05671937499999
6485,2021-11-09 22:00:00,Asia/Bangkok,91.37042067164185,28.25,25.72058823529412,25.97610574626868
6486,2021-11-09 23:00:00,Asia/Bangkok,92.38983580152674,14.50375939849624,13.35338345864662,25.70686671755724
6487,2021-11-10 00:00:00,Asia/Bangkok,93.11775580882352,9.251798561151078,8.741007194244604,25.55841696296298
6488,2021-11-10 01:00:00,Asia/Bangkok,92.32097741007192,8.014285714285714,7.438848920863309,25.56330669064754
6489,2021-11-10 02:00:00,Asia/Bangkok,92.24564607407407,13.34507042253521,12.57342657342657,25.4663802962963
6490,2021-11-10 03:00:00,Asia/Bangkok,91.92600931297709,15.8955223880597,15.12686567164179,25.34655389312977
6491,2021-11-10 04:00:00,Asia/Bangkok,93.71871578947365,15.14655172413793,14.47413793103448,25.17080754385965
6492,2021-11-10 05:00:00,Asia/Bangkok,93.18071707964603,7.512820512820513,7.136752136752137,25.32793265486728
6493,2021-11-10 06:00:00,Asia/Bangkok,92.97413766666665,6.688888888888889,6.333333333333333,25.36364022222222
6494,2021-11-10 07:00:00,Asia/Bangkok,92.81267136363637,6.113636363636363,5.761363636363637,25.35985829545457
6495,2021-11-10 08:00:00,Asia/Bangkok,93.61664857142863,5.241071428571429,4.821428571428571,25.17009071428572
6496,2021-11-10 09:00:00,Asia/Bangkok,93.91977574074072,4.522935779816514,4.091743119266055,25.15586583333332
6497,2021-11-10 10:00:00,Asia/Bangkok,93.60116695238098,4.447619047619048,3.961904761904762,25.05872161904762
6498,2021-11-10 11:00:00,Asia/Bangkok,93.15951346153844,1.962264150943396,1.575471698113208,24.43625298076923
6499,2021-11-10 12:00:00,Asia/Bangkok,94.37340182608693,0.2136752136752137,0.02542372881355932,24.04214121739129
6500,2021-11-10 13:00:00,Asia/Bangkok,93.97565136690646,2.050359712230216,1.654676258992806,24.33001769784174
6501,2021-11-10 14:00:00,Asia/Bangkok,93.82012985185182,0.8561151079136691,0.5827338129496403,24.96912140740742
6502,2021-11-10 15:00:00,Asia/Bangkok,92.3485064492754,1.13768115942029,0.7101449275362319,25.6512536231884
6503,2021-11-10 16:00:00,Asia/Bangkok,91.35603610169493,1.760330578512397,1.528925619834711,25.8439390677966
6504,2021-11-10 17:00:00,Asia/Bangkok,90.57811464912281,0.75,0.6206896551724138,25.85909789473684
6505,2021-11-10 18:00:00,Asia/Bangkok,89.91246274336277,2.4,2.130434782608696,25.51936973451327
6506,2021-11-10 19:00:00,Asia/Bangkok,91.02192849557527,7.525862068965517,6.991379310344827,24.78675017699118
6507,2021-11-10 20:00:00,Asia/Bangkok,92.25626247787615,6.17948717948718,5.666666666666667,24.46990513274336
6508,2021-11-10 21:00:00,Asia/Bangkok,92.7200824778761,14.81739130434783,14.18103448275862,24.63423380530971
6509,2021-11-10 22:00:00,Asia/Bangkok,92.64625208695651,15.22413793103448,14.51724137931035,24.66012139130434
6510,2021-11-10 23:00:00,Asia/Bangkok,91.96697990825682,9.238938053097344,8.699115044247788,24.64795431192663
6511,2021-11-11 00:00:00,Asia/Bangkok,92.17055119266058,8.695652173913043,8.043478260869565,24.55356302752297
6512,2021-11-11 01:00:00,Asia/Bangkok,92.6052572072072,13.26724137931035,12.54310344827586,24.53690180180183
6513,2021-11-11 02:00:00,Asia/Bangkok,92.48678159292035,10.20689655172414,9.508620689655173,24.66686646017697
6514,2021-11-11 03:00:00,Asia/Bangkok,92.3626677876106,7.094827586206897,6.629310344827586,24.72816663716812
6515,2021-11-11 04:00:00,Asia/Bangkok,92.43692252173913,7.085470085470085,6.572649572649572,24.59193061403509
6516,2021-11-11 05:00:00,Asia/Bangkok,93.26420149122806,7.405172413793103,6.974137931034483,24.38470175438598
6517,2021-11-11 06:00:00,Asia/Bangkok,92.83484945054943,6.413043478260869,5.989130434782608,24.41361505494508
6518,2021-11-11 07:00:00,Asia/Bangkok,92.63133395604396,8.043010752688172,7.537634408602151,24.45698461538461
6519,2021-11-11 08:00:00,Asia/Bangkok,92.94320579545452,5.898876404494382,5.584269662921348,24.6132546590909
6520,2021-11-11 09:00:00,Asia/Bangkok,93.17139223529414,4.636363636363637,4.170454545454546,25.03348752941177
6521,2021-11-11 10:00:00,Asia/Bangkok,93.94807649572651,3.075630252100841,2.722689075630252,25.81191760683762
6522,2021-11-11 11:00:00,Asia/Bangkok,92.60815507462684,2.636363636363636,2.363636363636364,26.75815358208955
6523,2021-11-11 12:00:00,Asia/Bangkok,88.46110517985616,1.176056338028169,0.9154929577464789,27.59429294964029
6524,2021-11-11 13:00:00,Asia/Bangkok,84.76732723214285,0.9152542372881356,0.6779661016949152,28.46043455357142
6525,2021-11-11 14:00:00,Asia/Bangkok,85.00911703296701,1.621052631578947,1.221052631578947,27.39499098901101
6526,2021-11-11 15:00:00,Asia/Bangkok,92.67750339449545,1.522522522522523,1.189189189189189,24.89330697247705
6527,2021-11-11 16:00:00,Asia/Bangkok,93.09072990654205,0.9819819819819819,0.7027027027027027,24.91739130841121
6528,2021-11-11 17:00:00,Asia/Bangkok,92.40800942622951,0.2975206611570248,0.09917355371900827,24.53334918032786
6529,2021-11-11 18:00:00,Asia/Bangkok,92.06210145985396,0.3120567375886525,0.198581560283688,24.65451204379558
6530,2021-11-11 19:00:00,Asia/Bangkok,91.811,2.841726618705036,2.460431654676259,24.50761443609025
6531,2021-11-11 20:00:00,Asia/Bangkok,93.19551710144925,4.057553956834532,3.690647482014389,24.31790789855074
6532,2021-11-11 21:00:00,Asia/Bangkok,92.68510278260865,5.432203389830509,5.050847457627119,24.37507556521738
6533,2021-11-11 22:00:00,Asia/Bangkok,92.52293514018693,5.366071428571429,4.982142857142857,24.34744411214955
6534,2021-11-11 23:00:00,Asia/Bangkok,93.46996938596486,6.232758620689655,5.836206896551724,24.20597763157895
6535,2021-11-12 00:00:00,Asia/Bangkok,93.24449991304353,5.560344827586207,5.224137931034483,24.26793878260872
6536,2021-11-12 01:00:00,Asia/Bangkok,92.96690486956528,6.316239316239316,5.948717948717949,24.39437052173913
6537,2021-11-12 02:00:00,Asia/Bangkok,92.80591982456141,6.508620689655173,6.130434782608695,24.42613833333333
6538,2021-11-12 03:00:00,Asia/Bangkok,93.2107327826087,6.431034482758621,6.05982905982906,24.27341521739131
6539,2021-11-12 04:00:00,Asia/Bangkok,93.82926592920356,4.517241379310345,4.25,24.22596070796459
6540,2021-11-12 05:00:00,Asia/Bangkok,93.2747269565217,3.957264957264957,3.649572649572649,24.26730315789473
6541,2021-11-12 06:00:00,Asia/Bangkok,93.33105885964903,1.629310344827586,1.413793103448276,24.11869728070174
6542,2021-11-12 07:00:00,Asia/Bangkok,93.4553623529412,1.300970873786408,1.029126213592233,24.13821441176473
6543,2021-11-12 08:00:00,Asia/Bangkok,93.41769284210528,1.789473684210526,1.6,24.25512231578947
6544,2021-11-12 09:00:00,Asia/Bangkok,93.25840141304349,2.21505376344086,2.010752688172043,24.40086173913044
6545,2021-11-12 10:00:00,Asia/Bangkok,93.30766329411766,3.397727272727273,3.011363636363636,24.51535129411766
6546,2021-11-12 11:00:00,Asia/Bangkok,93.90125764705883,2.477777777777778,2.244444444444444,24.6032505882353
6547,2021-11-12 12:00:00,Asia/Bangkok,94.02939313953483,1.430232558139535,1.209302325581395,24.71573034883721
6548,2021-11-12 13:00:00,Asia/Bangkok,94.22994203703709,1.207207207207207,1.018018018018018,25.08949174311925
6549,2021-11-12 14:00:00,Asia/Bangkok,93.92582267326732,0.4563106796116505,0.3592233009708738,25.79047279999998
6550,2021-11-12 15:00:00,Asia/Bangkok,92.73706909090909,0.5054945054945055,0.3296703296703297,26.13774
6551,2021-11-12 16:00:00,Asia/Bangkok,92.72040346938775,1.846153846153846,1.682692307692308,26.41134938775509
6552,2021-11-12 17:00:00,Asia/Bangkok,92.1271010891089,0.7714285714285715,0.6761904761904762,26.17552554455445
6553,2021-11-12 18:00:00,Asia/Bangkok,92.48552453703697,1.611111111111111,1.444444444444444,26.3441412037037
6554,2021-11-12 19:00:00,Asia/Bangkok,91.39456961538464,0.3484848484848485,0.25,26.48106761538463
6555,2021-11-12 20:00:00,Asia/Bangkok,91.55099619047616,3.885496183206107,3.549618320610687,26.0173952
6556,2021-11-12 21:00:00,Asia/Bangkok,91.73679411764711,7.23021582733813,6.848920863309353,25.61820382352944
6557,2021-11-12 22:00:00,Asia/Bangkok,92.77933985074627,4.160583941605839,3.824817518248175,25.4410636567164
6558,2021-11-12 23:00:00,Asia/Bangkok,93.05146611111111,5.796992481203008,5.371212121212121,25.44776912698411
6559,2021-11-13 00:00:00,Asia/Bangkok,93.30914503875967,3.007518796992481,2.664179104477612,25.28589186046513
6560,2021-11-13 01:00:00,Asia/Bangkok,93.0758609558823,0.2898550724637681,0.1304347826086956,25.12485544117651
6561,2021-11-13 02:00:00,Asia/Bangkok,92.91618527559051,0.1777777777777778,0.05185185185185185,24.96995267716536
6562,2021-11-13 03:00:00,Asia/Bangkok,94.16085612403097,0.06818181818181818,0.01515151515151515,24.61907240310079
6563,2021-11-13 04:00:00,Asia/Bangkok,93.72312335820891,0.01492537313432836,0.0,24.77558807407411
6564,2021-11-13 05:00:00,Asia/Bangkok,92.76562810606059,0.2611940298507462,0.2313432835820896,24.81963511450381
6565,2021-11-13 06:00:00,Asia/Bangkok,92.86176521367521,1.386554621848739,1.26890756302521,24.68893777777778
6566,2021-11-13 07:00:00,Asia/Bangkok,93.63499580246915,2.234567901234568,1.987654320987654,24.52863728395062
6567,2021-11-13 08:00:00,Asia/Bangkok,93.79495821782174,2.934579439252337,2.719626168224299,24.70766158415839
6568,2021-11-13 09:00:00,Asia/Bangkok,94.78549281818182,2.405405405405405,2.198198198198198,24.78146645454546
6569,2021-11-13 10:00:00,Asia/Bangkok,94.16451,3.925925925925926,3.728395061728395,25.12637149999999
6570,2021-11-13 11:00:00,Asia/Bangkok,94.07739329113927,3.518072289156626,3.36144578313253,25.32371734177216
6571,2021-11-13 12:00:00,Asia/Bangkok,93.72069317073175,4.690476190476191,4.535714285714286,25.4750262195122
6572,2021-11-13 13:00:00,Asia/Bangkok,93.25733634146344,4.216867469879518,4.084337349397591,26.10545048780487
6573,2021-11-13 14:00:00,Asia/Bangkok,91.39820639534886,5.151162790697675,5.011627906976744,26.44775453488372
6574,2021-11-13 15:00:00,Asia/Bangkok,90.47795456310678,5.557692307692307,5.413461538461538,26.61945088235292
6575,2021-11-13 16:00:00,Asia/Bangkok,90.32883102564101,2.372881355932203,2.23728813559322,26.42419914529913
6576,2021-11-13 17:00:00,Asia/Bangkok,90.29368609756096,3.857142857142857,3.674603174603174,26.53618040650407
6577,2021-11-13 18:00:00,Asia/Bangkok,90.54008571428574,2.796747967479675,2.626016260162602,26.27460176470587
6578,2021-11-13 19:00:00,Asia/Bangkok,92.52427399999995,2.290322580645161,2.080645161290323,25.36719425
6579,2021-11-13 20:00:00,Asia/Bangkok,91.4933707377049,2.563492063492064,2.373015873015873,25.43926795081969
6580,2021-11-13 21:00:00,Asia/Bangkok,92.30420626016262,6.424,6.12,24.92983186991869
6581,2021-11-13 22:00:00,Asia/Bangkok,93.37305829268293,9.356589147286822,8.976744186046512,24.93302235772356
6582,2021-11-13 23:00:00,Asia/Bangkok,92.99842322580643,14.472,13.848,25.13463548387097
6583,2021-11-14 00:00:00,Asia/Bangkok,93.19342696,14.7906976744186,14.06201550387597,25.08254376000001
6584,2021-11-14 01:00:00,Asia/Bangkok,94.68287585365853,15.19685039370079,14.53543307086614,24.82648959349594
6585,2021-11-14 02:00:00,Asia/Bangkok,94.46691516393439,17.92682926829268,17.12195121951219,24.83681959016396
6586,2021-11-14 03:00:00,Asia/Bangkok,94.2259729661017,13.34959349593496,12.73983739837398,24.96356508474578
6587,2021-11-14 04:00:00,Asia/Bangkok,94.50906639344265,14.95967741935484,14.18548387096774,24.89856786885247
6588,2021-11-14 05:00:00,Asia/Bangkok,94.90309696,14.84920634920635,14.16666666666667,24.80875688000001
6589,2021-11-14 06:00:00,Asia/Bangkok,94.6478654700855,14.19491525423729,13.58474576271187,24.83267871794873
6590,2021-11-14 07:00:00,Asia/Bangkok,94.04083597402592,14.05128205128205,13.6025641025641,25.00641506493504
6591,2021-11-14 08:00:00,Asia/Bangkok,94.2894296052632,16.40789473684211,15.77631578947368,25.03622539473683
6592,2021-11-14 09:00:00,Asia/Bangkok,94.294898125,16.53658536585366,15.75609756097561,25.12129737500001
6593,2021-11-14 10:00:00,Asia/Bangkok,94.57392375,18.57575757575757,17.37373737373737,25.165308125
6594,2021-11-14 11:00:00,Asia/Bangkok,94.93861158878508,14.52293577981651,13.96330275229358,25.24903869158879
6595,2021-11-14 12:00:00,Asia/Bangkok,94.49560932773105,11.4672131147541,10.97540983606557,25.54679134453781
6596,2021-11-14 13:00:00,Asia/Bangkok,92.75215711711715,8.521739130434783,8.165217391304347,25.99788594594594
6597,2021-11-14 14:00:00,Asia/Bangkok,90.90587556521741,6.103448275862069,5.646551724137931,26.52299426086958
6598,2021-11-14 15:00:00,Asia/Bangkok,86.36259636363634,3.065573770491803,2.762295081967213,27.18291545454544
6599,2021-11-14 16:00:00,Asia/Bangkok,84.82232860869564,4.672268907563025,4.294117647058823,27.58216499999999
6600,2021-11-14 17:00:00,Asia/Bangkok,83.19457243697478,5.611570247933884,5.24793388429752,28.07523210084034
6601,2021-11-14 18:00:00,Asia/Bangkok,81.08556313559328,5.134453781512605,4.756302521008403,28.76953203389831
6602,2021-11-14 19:00:00,Asia/Bangkok,82.78551999999998,5.229508196721311,4.918032786885246,28.10117754237287
6603,2021-11-14 20:00:00,Asia/Bangkok,85.40602350427356,24.07438016528926,20.82644628099174,27.83059615384614
6604,2021-11-14 21:00:00,Asia/Bangkok,88.39906999999998,51.51239669421488,43.08264462809917,27.22549834782611
6605,2021-11-14 22:00:00,Asia/Bangkok,89.85548192982458,40.60833333333333,34.95,26.6431277876106
6606,2021-11-14 23:00:00,Asia/Bangkok,90.36318949152543,54.27731092436975,44.23529411764706,26.41122398305084
6607,2021-11-15 00:00:00,Asia/Bangkok,92.06670258620689,37.53719008264463,33.14049586776859,26.14158818965517
6608,2021-11-15 01:00:00,Asia/Bangkok,92.0690785714286,39.24590163934426,34.09836065573771,26.03913924369745
6609,2021-11-15 02:00:00,Asia/Bangkok,91.9013135344828,31.43333333333333,28.675,25.81403495652175
6610,2021-11-15 03:00:00,Asia/Bangkok,92.28194924369747,22.81512605042017,21.56302521008404,25.4948212605042
6611,2021-11-15 04:00:00,Asia/Bangkok,93.13490404958675,16.0327868852459,15.09016393442623,25.25057049586778
6612,2021-11-15 05:00:00,Asia/Bangkok,93.57504652892565,11.87804878048781,11.18032786885246,25.05682694214878
6613,2021-11-15 06:00:00,Asia/Bangkok,92.67448375000004,11.16814159292035,10.36842105263158,24.94780776785717
6614,2021-11-15 07:00:00,Asia/Bangkok,92.38095394366198,8.821917808219178,8.277777777777779,24.85350323943664
6615,2021-11-15 08:00:00,Asia/Bangkok,92.08595191176467,7.394366197183099,6.888888888888889,24.72126176470588
6616,2021-11-15 09:00:00,Asia/Bangkok,91.75615897058822,6.808823529411764,6.147058823529412,24.65104808823529
6617,2021-11-15 10:00:00,Asia/Bangkok,92.50037285714286,7.954545454545454,7.295454545454546,24.7904086904762
6618,2021-11-15 11:00:00,Asia/Bangkok,93.36288914529915,9.776859504132231,9.016528925619834,25.5337700854701
6619,2021-11-15 12:00:00,Asia/Bangkok,88.48098959016389,5.540983606557377,5.098360655737705,27.06565336065573
6620,2021-11-15 13:00:00,Asia/Bangkok,80.45847747967477,4.047619047619047,3.476190476190476,29.19506536585364
6621,2021-11-15 14:00:00,Asia/Bangkok,75.23165884615383,2.527272727272727,2.036363636363636,29.91204500000002
6622,2021-11-15 15:00:00,Asia/Bangkok,70.70004624999999,2.347107438016529,2.0,31.37196008333334
6623,2021-11-15 16:00:00,Asia/Bangkok,81.71015837606834,2.818181818181818,2.454545454545455,28.2171298290598
6624,2021-11-15 17:00:00,Asia/Bangkok,81.32239096774201,2.214285714285714,1.849206349206349,29.34374322580644
6625,2021-11-15 18:00:00,Asia/Bangkok,83.35800230769233,3.008403361344538,2.689075630252101,28.82506432203389
6626,2021-11-15 19:00:00,Asia/Bangkok,86.45651565217392,5.647058823529412,5.117647058823529,27.82061903508774
6627,2021-11-15 20:00:00,Asia/Bangkok,86.11114692307697,75.30327868852459,69.65573770491804,27.85595273504275
6628,2021-11-15 21:00:00,Asia/Bangkok,87.03872796610169,25.76229508196721,22.23770491803279,27.41553932203391
6629,2021-11-15 22:00:00,Asia/Bangkok,88.70496965517242,11.75,11.04166666666667,26.83983689655173
6630,2021-11-15 23:00:00,Asia/Bangkok,89.51154262711867,4.916666666666667,4.512396694214876,26.26496601694915
6631,2021-11-16 00:00:00,Asia/Bangkok,88.89476324999997,1.598360655737705,1.360655737704918,26.13882716666665
6632,2021-11-16 01:00:00,Asia/Bangkok,88.89172940677966,1.380165289256198,1.132231404958678,26.06229722689072
6633,2021-11-16 02:00:00,Asia/Bangkok,90.35828704918035,3.67479674796748,3.390243902439024,25.72125421487603
6634,2021-11-16 03:00:00,Asia/Bangkok,90.95123553719012,3.768595041322314,3.495867768595041,25.62542909836065
6635,2021-11-16 04:00:00,Asia/Bangkok,90.78068743801654,4.227642276422764,3.853658536585366,25.47968341666664
6636,2021-11-16 05:00:00,Asia/Bangkok,91.21070347107438,4.544,4.208,25.36117983471072
6637,2021-11-16 06:00:00,Asia/Bangkok,91.65132213675213,5.19672131147541,4.721311475409836,25.26283239316241
6638,2021-11-16 07:00:00,Asia/Bangkok,92.20896304347826,4.71830985915493,4.338028169014085,25.17794072463766
6639,2021-11-16 08:00:00,Asia/Bangkok,92.02850216216221,3.986486486486486,3.743243243243243,25.26985162162161
6640,2021-11-16 09:00:00,Asia/Bangkok,91.80357614285718,4.361111111111111,3.902777777777778,25.32166200000001
6641,2021-11-16 10:00:00,Asia/Bangkok,92.9852264705882,22.11764705882353,20.01470588235294,25.02569652173912
6642,2021-11-16 11:00:00,Asia/Bangkok,93.44199647887321,9.140845070422536,8.408450704225352,25.14610428571428
6643,2021-11-16 12:00:00,Asia/Bangkok,93.86023694915256,6.919354838709677,6.475409836065574,25.33560322033897
6644,2021-11-16 13:00:00,Asia/Bangkok,93.84749158730158,5.84375,5.4375,25.71709063492064
6645,2021-11-16 14:00:00,Asia/Bangkok,91.83576249999999,4.0,3.615384615384615,26.73336184210526
6646,2021-11-16 15:00:00,Asia/Bangkok,88.13365037500003,3.407407407407407,3.012345679012346,27.65133637500001
6647,2021-11-16 16:00:00,Asia/Bangkok,83.03984558139533,1.883720930232558,1.658823529411765,28.80760941860465
6648,2021-11-16 17:00:00,Asia/Bangkok,78.11172096774193,1.435483870967742,1.333333333333333,30.35577387096774
6649,2021-11-16 18:00:00,Asia/Bangkok,75.56758026666664,1.657894736842105,1.381578947368421,30.65515160000001
6650,2021-11-16 19:00:00,Asia/Bangkok,71.59409311320755,2.924528301886792,2.771428571428571,31.98343764150944
6651,2021-11-16 20:00:00,Asia/Bangkok,66.55111598039217,1.723809523809524,1.452830188679245,33.57746274509803
6652,2021-11-16 21:00:00,Asia/Bangkok,67.05517861111112,1.109090909090909,0.9454545454545454,33.15731037037034
6653,2021-11-16 22:00:00,Asia/Bangkok,68.91624259259257,1.109090909090909,0.8727272727272727,32.31650287037036
6654,2021-11-16 23:00:00,Asia/Bangkok,74.73327519230772,2.462264150943396,2.235849056603774,30.80303548076924
6655,2021-11-17 00:00:00,Asia/Bangkok,78.78843310679609,5.693693693693693,5.324324324324325,29.91184893203882
6656,2021-11-17 01:00:00,Asia/Bangkok,80.82040736363639,8.375,7.875,28.99796954545454
6657,2021-11-17 02:00:00,Asia/Bangkok,82.73946527272727,28.83185840707965,25.64285714285714,28.54401272727273
6658,2021-11-17 03:00:00,Asia/Bangkok,84.3991638738739,17.83333333333333,17.07017543859649,28.32977918918915
6659,2021-11-17 04:00:00,Asia/Bangkok,86.3481529661017,27.95762711864407,26.3728813559322,27.80945830508474
6660,2021-11-17 05:00:00,Asia/Bangkok,87.46976350515459,14.27,13.47,27.32775536082476
6661,2021-11-17 06:00:00,Asia/Bangkok,88.27398723684215,10.8974358974359,10.34615384615385,27.0517952631579
6662,2021-11-17 07:00:00,Asia/Bangkok,88.41699443037979,6.234567901234568,5.753086419753086,26.75543653846152
6663,2021-11-17 08:00:00,Asia/Bangkok,90.55120243902435,5.795180722891566,5.373493975903615,26.36111987804879
6664,2021-11-17 09:00:00,Asia/Bangkok,91.32713462499996,4.2875,3.9625,26.06197873417721
6665,2021-11-17 10:00:00,Asia/Bangkok,91.7748154545455,3.468354430379747,3.126582278481012,25.96470769230771
6666,2021-11-17 11:00:00,Asia/Bangkok,91.466366626506,2.216867469879518,1.867469879518072,25.86704512195121
6667,2021-11-17 12:00:00,Asia/Bangkok,91.62248379310347,1.280898876404494,0.9550561797752809,25.71776406976744
6668,2021-11-17 13:00:00,Asia/Bangkok,91.70640896551724,1.386363636363636,1.068181818181818,25.61242977011496
6669,2021-11-17 14:00:00,Asia/Bangkok,91.9555640449438,0.9444444444444444,0.7222222222222222,25.30292134831461
6670,2021-11-17 15:00:00,Asia/Bangkok,91.45277756410259,0.9625,0.7875,25.33122487179489
6671,2021-11-17 16:00:00,Asia/Bangkok,91.35636772727275,1.208955223880597,0.9552238805970149,25.30239787878788
6672,2021-11-17 17:00:00,Asia/Bangkok,91.66376090909094,1.6875,1.475,25.29245545454546
6673,2021-11-17 18:00:00,Asia/Bangkok,91.56805987341771,4.216867469879518,3.891566265060241,25.38790898734177
6674,2021-11-17 19:00:00,Asia/Bangkok,92.02176511904761,13.22988505747126,12.36781609195402,25.42924843373496
6675,2021-11-17 20:00:00,Asia/Bangkok,92.81984954545453,9.539325842696629,9.07865168539326,25.37249712643679
6676,2021-11-17 21:00:00,Asia/Bangkok,93.31922493150685,6.397260273972603,6.068493150684931,26.00016739726028
6677,2021-11-17 22:00:00,Asia/Bangkok,91.27746052631578,4.960526315789473,4.631578947368421,26.67721460526316
6678,2021-11-17 23:00:00,Asia/Bangkok,90.30154430107527,4.817204301075269,4.451612903225806,27.24006236559139
6679,2021-11-18 00:00:00,Asia/Bangkok,88.84578606382976,3.1875,2.84375,27.59209617021276
6680,2021-11-18 01:00:00,Asia/Bangkok,91.69202721649484,3.939393939393939,3.303030303030303,26.62356164948454
6681,2021-11-18 02:00:00,Asia/Bangkok,93.61938721649487,4.785714285714286,4.408163265306122,26.15845329896908
6682,2021-11-18 03:00:00,Asia/Bangkok,94.46562987341771,2.2125,1.8625,26.09307784810126
6683,2021-11-18 04:00:00,Asia/Bangkok,92.31264706666666,0.6794871794871795,0.5128205128205128,27.7030152
6684,2021-11-18 05:00:00,Asia/Bangkok,86.15135906666666,0.4133333333333333,0.2933333333333333,28.4462212
6685,2021-11-18 06:00:00,Asia/Bangkok,90.10661606741576,2.0,1.747252747252747,27.29114112359548
6686,2021-11-18 07:00:00,Asia/Bangkok,87.55727793478259,2.258064516129032,2.021276595744681,27.78419880434782
6687,2021-11-18 08:00:00,Asia/Bangkok,88.9386406185567,4.666666666666667,4.333333333333333,26.96872195876287
6688,2021-11-18 09:00:00,Asia/Bangkok,91.20781621052635,5.010416666666667,4.5625,26.10959073684211
6689,2021-11-18 10:00:00,Asia/Bangkok,92.44216010204084,5.767676767676767,5.202020202020202,25.76063928571428
6690,2021-11-18 11:00:00,Asia/Bangkok,92.91810033707864,8.208791208791208,7.472527472527473,25.7891304494382
6691,2021-11-18 12:00:00,Asia/Bangkok,92.60771374999996,7.540229885057471,6.839080459770115,25.92605852272727
6692,2021-11-18 13:00:00,Asia/Bangkok,92.5056101149425,5.482758620689655,5.022988505747127,25.98271162790698
6693,2021-11-18 14:00:00,Asia/Bangkok,92.65776253164555,4.6625,4.25,25.93045911392405
6694,2021-11-18 15:00:00,Asia/Bangkok,92.44646545454542,4.38961038961039,3.818181818181818,25.90319623376623
6695,2021-11-18 16:00:00,Asia/Bangkok,92.4851322058824,4.816901408450704,4.47887323943662,25.9172969117647
6696,2021-11-18 17:00:00,Asia/Bangkok,93.17915729729734,3.88,3.546666666666667,25.7818664864865
6697,2021-11-18 18:00:00,Asia/Bangkok,93.85985210526316,1.101694915254237,0.8135593220338984,25.46740263157894
6698,2021-11-18 19:00:00,Asia/Bangkok,93.38469234375003,1.242424242424242,0.7121212121212122,25.62006203125
6699,2021-11-18 20:00:00,Asia/Bangkok,92.56012921875,1.015384615384615,0.6,25.72972476190476
6700,2021-11-18 21:00:00,Asia/Bangkok,92.3553366666667,0.6436781609195402,0.367816091954023,25.68484904761906
6701,2021-11-18 22:00:00,Asia/Bangkok,92.43096806818181,0.5494505494505495,0.3186813186813187,25.69656511363637
6702,2021-11-18 23:00:00,Asia/Bangkok,92.58474532608695,0.5376344086021505,0.2688172043010753,25.4911654945055
6703,2021-11-19 00:00:00,Asia/Bangkok,93.15108175824174,0.4782608695652174,0.1847826086956522,25.3105823076923
6704,2021-11-19 01:00:00,Asia/Bangkok,92.98807521276599,0.3541666666666667,0.1666666666666667,25.36969946808511
6705,2021-11-19 02:00:00,Asia/Bangkok,92.71238367346942,0.6565656565656566,0.4343434343434344,25.38098704081632
6706,2021-11-19 03:00:00,Asia/Bangkok,93.19863325301209,2.03448275862069,1.758620689655172,25.63425397590361
6707,2021-11-19 04:00:00,Asia/Bangkok,93.23468756756756,5.012987012987013,4.727272727272728,26.01326453333333
6708,2021-11-19 05:00:00,Asia/Bangkok,92.91964050632912,4.1125,3.925,26.35984769230768
6709,2021-11-19 06:00:00,Asia/Bangkok,89.63845390243904,1.547619047619048,1.226190476190476,27.63669012195122
6710,2021-11-19 07:00:00,Asia/Bangkok,84.45162400000004,1.194444444444444,1.0,28.4473437142857
6711,2021-11-19 08:00:00,Asia/Bangkok,82.9207655670103,1.252525252525253,1.090909090909091,28.97617474226805
6712,2021-11-19 09:00:00,Asia/Bangkok,82.22606298850575,1.483516483516484,1.285714285714286,29.35702413793103
6713,2021-11-19 10:00:00,Asia/Bangkok,77.44782372549021,0.875,0.6923076923076923,30.53559186274511
6714,2021-11-19 11:00:00,Asia/Bangkok,81.60743578313253,1.761904761904762,1.571428571428571,29.25869072289156
6715,2021-11-19 12:00:00,Asia/Bangkok,84.40730027027027,1.987012987012987,1.818181818181818,28.39766918918918
6716,2021-11-19 13:00:00,Asia/Bangkok,85.69093238805972,1.91304347826087,1.739130434782609,28.08219462686567
6717,2021-11-19 14:00:00,Asia/Bangkok,82.17143142857145,0.9841269841269841,0.7936507936507936,28.79339603174603
6718,2021-11-19 15:00:00,Asia/Bangkok,82.07142141176473,0.4659090909090909,0.3522727272727273,28.68031164705882
6719,2021-11-19 16:00:00,Asia/Bangkok,83.059596,1.925,1.7,28.51041439999998
6720,2021-11-19 17:00:00,Asia/Bangkok,84.13335080645165,3.968253968253968,3.746031746031746,28.27528645161291
6721,2021-11-19 18:00:00,Asia/Bangkok,84.85956050847457,5.157894736842105,4.87719298245614,28.10126362068967
6722,2021-11-19 19:00:00,Asia/Bangkok,86.3394841818182,7.836363636363636,7.6,27.67436054545455
6723,2021-11-19 20:00:00,Asia/Bangkok,88.08775784946238,49.83157894736842,42.87234042553192,27.18426924731181
6724,2021-11-19 21:00:00,Asia/Bangkok,89.27875768518523,76.03669724770643,70.24545454545455,26.97379379629632
6725,2021-11-19 22:00:00,Asia/Bangkok,89.27400542056073,8.657142857142857,8.019047619047619,26.84866794392523
6726,2021-11-19 23:00:00,Asia/Bangkok,90.28382918181823,9.936936936936936,9.432432432432432,26.568797
6727,2021-11-20 00:00:00,Asia/Bangkok,90.31365427272732,14.69369369369369,13.92792792792793,26.44055882882883
6728,2021-11-20 01:00:00,Asia/Bangkok,90.3957612711864,11.1900826446281,10.63636363636364,26.44747661016947
6729,2021-11-20 02:00:00,Asia/Bangkok,90.38811560975607,12.03937007874016,11.59055118110236,26.32424520325201
6730,2021-11-20 03:00:00,Asia/Bangkok,91.13094448000003,11.78740157480315,11.24409448818898,26.00353056
6731,2021-11-20 04:00:00,Asia/Bangkok,91.30566272727275,7.833333333333333,7.475,25.93119545454547
6732,2021-11-20 05:00:00,Asia/Bangkok,91.03556165048545,7.419047619047619,6.885714285714286,25.82303388349512
6733,2021-11-20 06:00:00,Asia/Bangkok,90.87750027777778,9.89041095890411,9.41095890410959,25.65052680555557
6734,2021-11-20 07:00:00,Asia/Bangkok,91.1224769230769,9.333333333333334,8.76923076923077,25.54238525641028
6735,2021-11-20 08:00:00,Asia/Bangkok,91.95719702702696,7.4,6.893333333333334,25.54597500000001
6736,2021-11-20 09:00:00,Asia/Bangkok,91.86275538461538,8.518987341772151,7.822784810126582,25.49917948717951
6737,2021-11-20 10:00:00,Asia/Bangkok,92.99864223404256,13.70833333333333,12.79166666666667,25.95657659574467
6738,2021-11-20 11:00:00,Asia/Bangkok,91.14996290697674,11.11494252873563,9.655172413793103,26.87152872093024
6739,2021-11-20 12:00:00,Asia/Bangkok,88.04703687500002,2.212121212121212,2.015151515151515,27.27520359375
6740,2021-11-20 13:00:00,Asia/Bangkok,85.43760416666667,2.2,2.066666666666667,28.16086833333332
6741,2021-11-20 14:00:00,Asia/Bangkok,83.23983258620692,2.6,2.316666666666667,28.97768413793104
6742,2021-11-20 15:00:00,Asia/Bangkok,79.48121656250001,5.307692307692307,4.938461538461539,29.82870640625001
6743,2021-11-20 16:00:00,Asia/Bangkok,74.56371936507936,4.968253968253968,4.73015873015873,31.21580412698413
6744,2021-11-20 17:00:00,Asia/Bangkok,72.80210562500001,1.046153846153846,1.0,31.57885453125001
6745,2021-11-20 18:00:00,Asia/Bangkok,72.19808223684213,0.7948717948717948,0.7051282051282052,31.61904144736841
6746,2021-11-20 19:00:00,Asia/Bangkok,72.63407693548386,0.8032786885245902,0.6885245901639344,31.997165
6747,2021-11-20 20:00:00,Asia/Bangkok,76.87607649122806,0.9322033898305084,0.7966101694915254,31.08778596491229
6748,2021-11-20 21:00:00,Asia/Bangkok,74.55750172413794,0.3275862068965517,0.2586206896551724,30.46754258620689
6749,2021-11-20 22:00:00,Asia/Bangkok,71.52824796296296,0.3214285714285715,0.3035714285714285,31.37046703703703
6750,2021-11-20 23:00:00,Asia/Bangkok,71.47350339285714,28.46428571428572,12.63636363636364,31.6297575
6751,2021-11-21 00:00:00,Asia/Bangkok,70.99465410256408,25.73493975903614,23.20481927710843,31.40416705128204
6752,2021-11-21 01:00:00,Asia/Bangkok,71.86665342342346,15.33035714285714,14.06306306306306,31.11861297297297
6753,2021-11-21 02:00:00,Asia/Bangkok,76.003078699187,0.52,0.4603174603174603,29.83964798387096
6754,2021-11-21 03:00:00,Asia/Bangkok,80.9744137704918,11.95934959349593,10.68292682926829,29.14307107438018
6755,2021-11-21 04:00:00,Asia/Bangkok,84.47898565573766,19.55737704918033,17.27868852459016,28.28430680327868
6756,2021-11-21 05:00:00,Asia/Bangkok,86.76356090163938,46.99193548387097,41.58870967741935,27.80621065573774
6757,2021-11-21 06:00:00,Asia/Bangkok,87.58599825000005,39.18548387096774,34.70161290322581,27.56625475
6758,2021-11-21 07:00:00,Asia/Bangkok,88.37360433333336,26.10569105691057,24.49593495934959,27.01914649999997
6759,2021-11-21 08:00:00,Asia/Bangkok,88.75019292682927,25.47619047619047,24.27777777777778,26.94508593495932
6760,2021-11-21 09:00:00,Asia/Bangkok,89.0298483898305,17.94214876033058,17.09917355371901,26.7504727118644
6761,2021-11-21 10:00:00,Asia/Bangkok,89.37762085470084,15.43801652892562,14.66115702479339,26.49871572649571
6762,2021-11-21 11:00:00,Asia/Bangkok,88.96233570093457,12.38181818181818,11.72727272727273,26.46029981481482
6763,2021-11-21 12:00:00,Asia/Bangkok,89.26375218181816,14.6551724137931,14.13793103448276,26.28403296296295
6764,2021-11-21 13:00:00,Asia/Bangkok,89.85088881355931,17.11864406779661,16.38983050847458,26.12162745762711
6765,2021-11-21 14:00:00,Asia/Bangkok,90.655512,14.96491228070176,14.07017543859649,25.93155745454546
6766,2021-11-21 15:00:00,Asia/Bangkok,90.8076081666667,9.983333333333333,9.666666666666666,25.95842700000002
6767,2021-11-21 16:00:00,Asia/Bangkok,90.8745154385965,9.350877192982455,8.75438596491228,26.00521403508772
6768,2021-11-21 17:00:00,Asia/Bangkok,90.61485135802468,6.876543209876544,6.45679012345679,25.9087697530864
6769,2021-11-21 18:00:00,Asia/Bangkok,90.60889508196723,8.85483870967742,8.35483870967742,25.93535983606558
6770,2021-11-21 19:00:00,Asia/Bangkok,91.44391391304345,12.31428571428571,11.47142857142857,26.18388333333333
6771,2021-11-21 20:00:00,Asia/Bangkok,90.23381054545459,5.45045045045045,5.162162162162162,27.16741027272727
6772,2021-11-21 21:00:00,Asia/Bangkok,84.07389480769231,4.233644859813084,3.962616822429907,28.74413538461538
6773,2021-11-21 22:00:00,Asia/Bangkok,77.77409745098038,7.10091743119266,6.201834862385321,30.47341333333333
6774,2021-11-21 23:00:00,Asia/Bangkok,76.0989936585366,2.142857142857143,1.976190476190476,30.85540432098766
6775,2021-11-22 00:00:00,Asia/Bangkok,70.5106535652174,2.78448275862069,2.58974358974359,32.86428191304347
6776,2021-11-22 01:00:00,Asia/Bangkok,70.45032314285714,2.542857142857143,2.4,32.32743226415094
6777,2021-11-22 02:00:00,Asia/Bangkok,70.47612634146344,2.75609756097561,2.593495934959349,32.35412715447154
6778,2021-11-22 03:00:00,Asia/Bangkok,70.55569975206609,4.137096774193548,3.903225806451613,32.11777008264463
6779,2021-11-22 04:00:00,Asia/Bangkok,70.81372081300813,4.36,4.072,31.9303931707317
6780,2021-11-22 05:00:00,Asia/Bangkok,74.68789254385969,5.016806722689076,4.663865546218488,30.50980955752213
6781,2021-11-22 06:00:00,Asia/Bangkok,79.6573556034483,17.94308943089431,16.24390243902439,29.61681413793103
6782,2021-11-22 07:00:00,Asia/Bangkok,82.15074840000001,14.07792207792208,13.32467532467532,29.1380468
6783,2021-11-22 08:00:00,Asia/Bangkok,83.96838319999998,17.47368421052632,16.38157894736842,28.7552336
6784,2021-11-22 09:00:00,Asia/Bangkok,84.96637273972601,33.86666666666667,30.21333333333333,28.51342136986301
6785,2021-11-22 10:00:00,Asia/Bangkok,85.48214499999995,46.82758620689656,41.39655172413793,28.43385965517242
6786,2021-11-22 11:00:00,Asia/Bangkok,86.11669412500001,42.33734939759036,36.02409638554217,28.21620774999999
6787,2021-11-22 12:00:00,Asia/Bangkok,86.85821555555552,38.0752688172043,33.35483870967742,27.78319833333335
6788,2021-11-22 13:00:00,Asia/Bangkok,87.1356598630137,44.0945945945946,37.45945945945946,27.49507547945205
6789,2021-11-22 14:00:00,Asia/Bangkok,87.6105496,47.61333333333334,39.65333333333334,27.29844146666666
6790,2021-11-22 15:00:00,Asia/Bangkok,87.8730334210526,40.92207792207792,35.23376623376623,27.10650184210525
6791,2021-11-22 16:00:00,Asia/Bangkok,88.54588191176471,28.60294117647059,26.61764705882353,26.80718691176468
6792,2021-11-22 17:00:00,Asia/Bangkok,88.58569930555552,27.97297297297297,26.2972972972973,26.62015208333334
6793,2021-11-22 18:00:00,Asia/Bangkok,89.37019399999997,24.33802816901408,23.07042253521127,26.38788671428572
6794,2021-11-22 19:00:00,Asia/Bangkok,89.18941399999999,17.26136363636364,16.35227272727273,26.27390244186045
6795,2021-11-22 20:00:00,Asia/Bangkok,89.25801304347827,18.0,17.09473684210526,26.12194747252747
6796,2021-11-22 21:00:00,Asia/Bangkok,89.76901750000005,26.07142857142857,24.64285714285714,25.96315425000001
6797,2021-11-22 22:00:00,Asia/Bangkok,89.51845706666664,22.36,21.09333333333333,25.95693933333332
6798,2021-11-22 23:00:00,Asia/Bangkok,90.1485961038961,23.025,21.7375,25.67729597402599
6799,2021-11-23 00:00:00,Asia/Bangkok,90.5411052873563,22.44318181818182,21.18181818181818,25.70401885057472
6800,2021-11-23 01:00:00,Asia/Bangkok,91.89612247933889,22.424,21.208,26.24708867768596
6801,2021-11-23 02:00:00,Asia/Bangkok,90.99737716981133,19.16037735849057,18.14150943396226,27.52768380952381
6802,2021-11-23 03:00:00,Asia/Bangkok,81.38451094339622,9.12962962962963,8.537037037037036,30.02817886792453
6803,2021-11-23 04:00:00,Asia/Bangkok,74.17172900000003,5.402777777777778,5.083333333333333,31.52208628571428
6804,2021-11-23 05:00:00,Asia/Bangkok,71.19546779661017,5.557377049180328,5.116666666666666,32.57798627118644
6805,2021-11-23 06:00:00,Asia/Bangkok,68.62854114285716,6.690140845070423,6.28169014084507,33.27647275362319
6806,2021-11-23 07:00:00,Asia/Bangkok,79.17052797297295,10.72972972972973,10.01351351351351,30.21923094594593
6807,2021-11-23 08:00:00,Asia/Bangkok,82.67825830985915,14.54794520547945,13.49315068493151,28.74241211267605
6808,2021-11-23 09:00:00,Asia/Bangkok,85.10880661971831,10.9041095890411,10.15068493150685,28.33903985915493
6809,2021-11-23 10:00:00,Asia/Bangkok,84.08348617977529,13.14444444444444,12.5,28.996372247191
6810,2021-11-23 11:00:00,Asia/Bangkok,82.69953809523811,19.17241379310345,17.4367816091954,29.81759142857141
6811,2021-11-23 12:00:00,Asia/Bangkok,79.84927380952378,8.184615384615384,7.707692307692308,30.53669222222221
6812,2021-11-23 13:00:00,Asia/Bangkok,77.91844426229507,7.238095238095238,6.952380952380953,30.71262196721312
6813,2021-11-23 14:00:00,Asia/Bangkok,78.1594759375,8.184615384615384,7.6,30.54681390625001
6814,2021-11-23 15:00:00,Asia/Bangkok,80.9717713432836,10.19117647058824,9.102941176470589,29.55159582089552
6815,2021-11-23 16:00:00,Asia/Bangkok,84.86846942028984,3.915492957746479,3.535211267605634,27.50743942028986
6816,2021-11-23 17:00:00,Asia/Bangkok,84.9645782142857,4.368421052631579,4.087719298245614,27.38951785714287
6817,2021-11-23 18:00:00,Asia/Bangkok,87.01014988636362,7.0,6.613636363636363,26.93655831460672
6818,2021-11-23 19:00:00,Asia/Bangkok,88.41667585858585,8.83495145631068,8.155339805825243,26.59925979797978
6819,2021-11-23 20:00:00,Asia/Bangkok,87.76546747252749,12.37634408602151,11.70967741935484,26.66998791208791
6820,2021-11-23 21:00:00,Asia/Bangkok,89.138491532258,19.73387096774194,18.79032258064516,26.40550626016261
6821,2021-11-23 22:00:00,Asia/Bangkok,89.73848457142861,20.68571428571429,19.65714285714286,26.18061342857144
6822,2021-11-23 23:00:00,Asia/Bangkok,90.32830026086955,22.47058823529412,21.45378151260504,25.89976166666667
6823,2021-11-24 00:00:00,Asia/Bangkok,90.64822929411766,22.59302325581395,21.55813953488372,25.82020654761902
6824,2021-11-24 01:00:00,Asia/Bangkok,90.51227728395061,24.66265060240964,23.32530120481928,25.86449679012348
6825,2021-11-24 02:00:00,Asia/Bangkok,90.5376407792208,19.88607594936709,18.9873417721519,25.82835935064935
6826,2021-11-24 03:00:00,Asia/Bangkok,90.52345937499999,16.47560975609756,15.60975609756098,25.750401
6827,2021-11-24 04:00:00,Asia/Bangkok,90.3112911392405,14.67948717948718,13.94871794871795,25.70013797468356
6828,2021-11-24 05:00:00,Asia/Bangkok,90.26668710144932,17.35714285714286,16.42857142857143,25.62567347826089
6829,2021-11-24 06:00:00,Asia/Bangkok,90.52152948051949,10.75641025641026,10.16666666666667,25.44362168831169
6830,2021-11-24 07:00:00,Asia/Bangkok,91.0335392682927,11.41666666666667,10.85714285714286,25.25856646341462
6831,2021-11-24 08:00:00,Asia/Bangkok,90.43572210526315,11.125,10.5625,25.2533172631579
6832,2021-11-24 09:00:00,Asia/Bangkok,91.053790462963,11.43119266055046,10.69724770642202,25.20833342592591
6833,2021-11-24 10:00:00,Asia/Bangkok,92.42722056179777,15.67415730337079,14.93258426966292,25.66125280898877
6834,2021-11-24 11:00:00,Asia/Bangkok,92.90254231884059,12.66666666666667,11.78260869565217,26.43284463768115
6835,2021-11-24 12:00:00,Asia/Bangkok,91.75603426829265,15.44578313253012,14.42168674698795,27.10317853658536
6836,2021-11-24 13:00:00,Asia/Bangkok,88.5943276829268,10.27710843373494,9.662650602409638,27.91355829268293
6837,2021-11-24 14:00:00,Asia/Bangkok,83.4714655,10.0625,9.5625,29.25513525
6838,2021-11-24 15:00:00,Asia/Bangkok,80.15722602564102,9.4625,9.0125,29.88063441558442
6839,2021-11-24 16:00:00,Asia/Bangkok,79.59694084337347,8.433734939759036,8.132530120481928,29.82866493975904
6840,2021-11-24 17:00:00,Asia/Bangkok,77.36018818181819,9.688311688311689,9.12987012987013,30.58345000000001
6841,2021-11-24 18:00:00,Asia/Bangkok,78.13482333333333,24.90291262135922,22.37864077669903,30.37751735294118
6842,2021-11-24 19:00:00,Asia/Bangkok,81.36583068627453,24.33009708737864,22.93203883495146,29.84491803921567
6843,2021-11-24 20:00:00,Asia/Bangkok,86.21859765432096,4.634146341463414,3.817073170731707,26.48387876543211
6844,2021-11-24 21:00:00,Asia/Bangkok,88.92382303030305,4.611940298507463,3.746268656716418,26.03034333333333
6845,2021-11-24 22:00:00,Asia/Bangkok,87.95279914634146,5.964705882352941,5.2,26.32324597560975
6846,2021-11-24 23:00:00,Asia/Bangkok,87.68797471428572,16.16,13.56,26.06767859154929
6847,2021-11-25 00:00:00,Asia/Bangkok,88.52599106666665,12.50649350649351,11.25974025974026,25.85970351351352
6848,2021-11-25 01:00:00,Asia/Bangkok,89.96667909090912,16.21518987341772,15.17721518987342,25.59073584415584
6849,2021-11-25 02:00:00,Asia/Bangkok,91.44393478260872,15.82191780821918,14.75342465753425,25.24868942028985
6850,2021-11-25 03:00:00,Asia/Bangkok,92.11482999999998,14.19230769230769,13.02564102564103,25.43800467532468
6851,2021-11-25 04:00:00,Asia/Bangkok,91.56078711711714,8.631578947368421,7.833333333333333,25.62915881818184
6852,2021-11-25 05:00:00,Asia/Bangkok,91.32673686746986,18.74698795180723,17.10843373493976,25.56878096385541
6853,2021-11-25 06:00:00,Asia/Bangkok,91.35725205128203,13.80769230769231,12.92307692307692,25.5158180769231
6854,2021-11-25 07:00:00,Asia/Bangkok,92.25060862499997,19.0,17.39506172839506,25.32314474999999
6855,2021-11-25 08:00:00,Asia/Bangkok,92.12300354430381,25.46835443037975,23.39240506329114,25.28369873417723
6856,2021-11-25 09:00:00,Asia/Bangkok,92.78888884297515,13.664,12.624,25.27446708333334
6857,2021-11-25 10:00:00,Asia/Bangkok,93.40920639344263,11.76984126984127,11.20634920634921,25.20782385245903
6858,2021-11-25 11:00:00,Asia/Bangkok,92.750972987013,12.2125,11.475,25.2540309090909
6859,2021-11-25 12:00:00,Asia/Bangkok,92.34052272727271,12.35897435897436,11.6025641025641,25.24681675324675
6860,2021-11-25 13:00:00,Asia/Bangkok,92.49728013333332,11.68354430379747,11.0379746835443,25.1613216
6861,2021-11-25 14:00:00,Asia/Bangkok,92.3253077027027,13.21052631578947,12.35526315789474,25.1729101369863
6862,2021-11-25 15:00:00,Asia/Bangkok,92.15924934210524,10.77215189873418,10.07594936708861,25.19665368421053
6863,2021-11-25 16:00:00,Asia/Bangkok,92.24363542168676,9.0,8.494117647058824,25.28553457831327
6864,2021-11-25 17:00:00,Asia/Bangkok,93.36410346938771,6.969387755102041,6.520408163265306,25.3210951020408
6865,2021-11-25 18:00:00,Asia/Bangkok,94.1280695,4.990196078431373,4.34313725490196,25.3741149
6866,2021-11-25 19:00:00,Asia/Bangkok,94.69288219999999,3.96,3.45,25.35454050000001
6867,2021-11-25 20:00:00,Asia/Bangkok,94.0431565591398,3.148936170212766,2.776595744680851,25.20116494623657
6868,2021-11-25 21:00:00,Asia/Bangkok,94.10096918604654,3.850574712643678,3.494252873563219,25.23085906976745
6869,2021-11-25 22:00:00,Asia/Bangkok,93.56110729999999,3.235294117647059,2.803921568627451,25.62878540000001
6870,2021-11-25 23:00:00,Asia/Bangkok,93.70129434782606,1.904255319148936,1.606382978723404,25.82661565217391
6871,2021-11-26 00:00:00,Asia/Bangkok,93.86158226666666,1.833333333333333,1.628205128205128,25.9947148
6872,2021-11-26 01:00:00,Asia/Bangkok,93.29972324324325,3.013157894736842,2.868421052631579,26.37016824324325
6873,2021-11-26 02:00:00,Asia/Bangkok,92.46200129870132,3.784810126582279,3.443037974683544,26.55124907894735
6874,2021-11-26 03:00:00,Asia/Bangkok,92.70912025974026,4.896103896103896,4.636363636363637,26.74417948051948
6875,2021-11-26 04:00:00,Asia/Bangkok,91.20403723684211,4.085365853658536,3.792682926829268,27.16075052631579
6876,2021-11-26 05:00:00,Asia/Bangkok,89.70378170212767,2.895833333333333,2.5625,27.30960851063827
6877,2021-11-26 06:00:00,Asia/Bangkok,89.59988813186814,3.074468085106383,2.670212765957447,27.39056252747253
6878,2021-11-26 07:00:00,Asia/Bangkok,90.40024572916673,4.673267326732673,4.247524752475248,27.1535353125
6879,2021-11-26 08:00:00,Asia/Bangkok,91.14962171428571,22.97169811320755,21.52830188679245,26.82532624999999
6880,2021-11-26 09:00:00,Asia/Bangkok,91.37053456790123,28.45679012345679,26.175,26.61268123456788
6881,2021-11-26 10:00:00,Asia/Bangkok,92.51134662337665,11.40506329113924,10.7375,26.06147402597404
6882,2021-11-26 11:00:00,Asia/Bangkok,92.41792085106385,7.721649484536083,6.917525773195877,25.86777393617021
6883,2021-11-26 12:00:00,Asia/Bangkok,92.83386109756096,3.695121951219512,2.926829268292683,25.94311560975612
6884,2021-11-26 13:00:00,Asia/Bangkok,93.02479108108108,3.053333333333333,2.306666666666667,25.95918891891893
6885,2021-11-26 14:00:00,Asia/Bangkok,93.19817666666664,2.295454545454545,1.704545454545455,25.81120000000001
6886,2021-11-26 15:00:00,Asia/Bangkok,93.6765829787234,5.378947368421053,4.747368421052632,25.59952042553191
6887,2021-11-26 16:00:00,Asia/Bangkok,93.4767996153846,1.009523809523809,0.7523809523809524,25.28339213592233
6888,2021-11-26 17:00:00,Asia/Bangkok,93.7551960194175,0.05714285714285714,0.0,24.5629204854369
6889,2021-11-26 18:00:00,Asia/Bangkok,94.33731316326535,0.07766990291262135,0.0,24.14841142857143
6890,2021-11-26 19:00:00,Asia/Bangkok,93.43196214953272,0.03738317757009346,0.0,24.57169785046727
6891,2021-11-26 20:00:00,Asia/Bangkok,92.65840236842106,0.01265822784810127,0.0,24.75400986842104
6892,2021-11-26 21:00:00,Asia/Bangkok,92.77887571428568,0.125,0.0,24.59972571428573
6893,2021-11-26 22:00:00,Asia/Bangkok,93.52389974683548,0.075,0.0,24.48648620253165
6894,2021-11-26 23:00:00,Asia/Bangkok,93.33606539473686,0.4675324675324675,0.1948051948051948,24.64916578947368
6895,2021-11-27 00:00:00,Asia/Bangkok,93.33249951612905,0.873015873015873,0.5714285714285714,24.60207661290323
6896,2021-11-27 01:00:00,Asia/Bangkok,93.69558948453609,1.77,1.26,24.61780635416666
6897,2021-11-27 02:00:00,Asia/Bangkok,93.50297548076922,2.219047619047619,1.60952380952381,25.09107365384614
6898,2021-11-27 03:00:00,Asia/Bangkok,92.05659885416664,2.474226804123711,1.88659793814433,25.87016315789474
6899,2021-11-27 04:00:00,Asia/Bangkok,90.82326493150686,2.54054054054054,1.891891891891892,26.66800671232874
6900,2021-11-27 05:00:00,Asia/Bangkok,89.80990135135136,3.148648648648649,2.445945945945946,27.05463702702701
6901,2021-11-27 06:00:00,Asia/Bangkok,88.70720386666667,1.723684210526316,1.118421052631579,27.31706359999999
6902,2021-11-27 07:00:00,Asia/Bangkok,86.79913760869563,1.893617021276596,1.361702127659574,27.26545445652173
6903,2021-11-27 08:00:00,Asia/Bangkok,86.15577058252433,1.951923076923077,1.432692307692308,27.49769223300971
6904,2021-11-27 09:00:00,Asia/Bangkok,83.78709523809523,2.415384615384615,1.569230769230769,28.1921446031746
6905,2021-11-27 10:00:00,Asia/Bangkok,83.02037860759498,4.216867469879518,3.156626506024097,28.356836875
6906,2021-11-27 11:00:00,Asia/Bangkok,84.24624447368424,1.7625,0.9,27.88150053333333
6907,2021-11-27 12:00:00,Asia/Bangkok,82.54215268656716,7.63768115942029,5.956521739130435,27.94246328358209
6908,2021-11-27 13:00:00,Asia/Bangkok,83.16937868421056,7.948717948717949,6.730769230769231,27.59809092105262
6909,2021-11-27 14:00:00,Asia/Bangkok,83.60454654867256,16.53508771929825,13.8421052631579,27.78926707964603
6910,2021-11-27 15:00:00,Asia/Bangkok,85.37541868421049,7.686440677966102,6.601694915254237,27.62781622807019
6911,2021-11-27 16:00:00,Asia/Bangkok,87.56711682926833,7.654761904761905,6.809523809523809,27.17306158536583
6912,2021-11-27 17:00:00,Asia/Bangkok,89.80212403225808,34.41935483870968,29.33870967741936,26.76638338709677
6913,2021-11-27 18:00:00,Asia/Bangkok,90.7465311111111,24.11111111111111,21.66666666666667,26.55630851851852
6914,2021-11-27 19:00:00,Asia/Bangkok,91.31145529411766,11.32692307692308,10.47169811320755,26.51653843137255
6915,2021-11-27 20:00:00,Asia/Bangkok,90.93769220338983,13.26229508196721,12.24590163934426,26.41616433333333
6916,2021-11-27 21:00:00,Asia/Bangkok,92.47811620689652,19.23728813559322,17.66101694915254,26.06444672413792
6917,2021-11-27 22:00:00,Asia/Bangkok,92.16255084745767,17.53333333333333,16.1864406779661,26.16579966101694
6918,2021-11-27 23:00:00,Asia/Bangkok,92.01246446153847,10.03076923076923,9.196969696969697,26.23418323076923
6919,2021-11-28 00:00:00,Asia/Bangkok,91.60851718749998,6.136363636363637,5.53030303030303,26.14865
6920,2021-11-28 01:00:00,Asia/Bangkok,91.4313732394366,9.041666666666666,8.472222222222221,25.58450084507043
6921,2021-11-28 02:00:00,Asia/Bangkok,92.39833153846155,16.83333333333333,15.16666666666667,25.31347359375
6922,2021-11-28 03:00:00,Asia/Bangkok,93.67848315789475,5.526315789473684,4.859649122807017,25.1820043859649
6923,2021-11-28 04:00:00,Asia/Bangkok,94.75953517857143,3.931034482758621,3.53448275862069,24.8395855357143
6924,2021-11-28 05:00:00,Asia/Bangkok,94.7808917142857,4.914285714285715,4.285714285714286,24.91241114285715
6925,2021-11-28 06:00:00,Asia/Bangkok,94.99980029411763,3.257142857142857,2.828571428571429,24.78305212121213
6926,2021-11-28 07:00:00,Asia/Bangkok,94.91774457142859,2.111111111111111,1.833333333333333,24.90920685714286
6927,2021-11-28 08:00:00,Asia/Bangkok,94.280633125,2.020408163265306,1.653061224489796,24.86798312499999
6928,2021-11-28 09:00:00,Asia/Bangkok,93.7277523076923,4.596153846153846,4.173076923076923,24.72464442307692
6929,2021-11-28 10:00:00,Asia/Bangkok,92.97518357142857,5.047619047619047,4.619047619047619,24.913975
6930,2021-11-28 11:00:00,Asia/Bangkok,92.79813358974359,5.1,4.625,24.99548
6931,2021-11-28 12:00:00,Asia/Bangkok,92.29447945945944,3.789473684210526,3.394736842105263,25.00656702702703
6932,2021-11-28 13:00:00,Asia/Bangkok,92.87977137931033,2.617647058823529,2.235294117647059,24.8537748275862
6933,2021-11-28 14:00:00,Asia/Bangkok,92.18426045454547,0.3636363636363636,0.1818181818181818,24.43085772727273
6934,2021-11-28 15:00:00,Asia/Bangkok,92.3994794736842,0.3,0.2,24.42981684210526
6935,2021-11-28 16:00:00,Asia/Bangkok,92.59741142857142,1.043478260869565,0.6086956521739131,24.56066666666667
6936,2021-11-28 17:00:00,Asia/Bangkok,92.73953714285715,1.363636363636364,1.090909090909091,24.66137476190476
6937,2021-11-28 18:00:00,Asia/Bangkok,92.51930142857144,1.952380952380952,1.714285714285714,24.76653333333334
6938,2021-11-28 19:00:00,Asia/Bangkok,92.64797399999999,2.15,2.0,24.7850345
6939,2021-11-28 20:00:00,Asia/Bangkok,92.72907705882353,2.55,2.35,24.82437823529412
6940,2021-11-28 21:00:00,Asia/Bangkok,92.64891823529413,3.473684210526316,3.0,24.84118764705882
6941,2021-11-28 22:00:00,Asia/Bangkok,92.69228166666667,4.3,3.65,24.87330333333334
6942,2021-11-28 23:00:00,Asia/Bangkok,92.7208325,7.3,6.65,24.8772945
6943,2021-11-29 00:00:00,Asia/Bangkok,92.82697631578947,6.842105263157895,6.105263157894737,24.853128
6944,2021-11-29 01:00:00,Asia/Bangkok,92.94819550000003,6.1,5.35,24.87855857142857
6945,2021-11-29 02:00:00,Asia/Bangkok,93.40022166666668,6.1,5.35,24.78338647058824
6946,2021-11-29 03:00:00,Asia/Bangkok,93.67988722222223,5.888888888888889,5.0,24.79185833333333
6947,2021-11-29 04:00:00,Asia/Bangkok,93.65911833333332,6.578947368421052,5.789473684210527,24.84146210526316
6948,2021-11-29 05:00:00,Asia/Bangkok,93.65217210526316,6.473684210526316,5.736842105263158,24.90049263157894
6949,2021-11-29 06:00:00,Asia/Bangkok,93.6332994736842,7.157894736842105,6.157894736842105,24.99746947368422
6950,2021-11-29 07:00:00,Asia/Bangkok,93.7755435,6.25,5.15,25.0951965
6951,2021-11-29 08:00:00,Asia/Bangkok,94.0305185,5.05,4.2,25.23886100000001
6952,2021-11-29 09:00:00,Asia/Bangkok,94.1700338095238,4.809523809523809,3.857142857142857,25.42916142857143
6953,2021-11-29 10:00:00,Asia/Bangkok,94.37608631578946,4.25,3.684210526315789,25.60532421052631
6954,2021-11-29 11:00:00,Asia/Bangkok,94.32148647058825,18.0,14.57894736842105,25.80659941176471
6955,2021-11-29 12:00:00,Asia/Bangkok,94.22911736842106,9.157894736842104,7.736842105263158,25.96637842105263
6956,2021-11-29 13:00:00,Asia/Bangkok,93.98463944444444,4.333333333333333,3.722222222222222,26.14205421052631
6957,2021-11-29 14:00:00,Asia/Bangkok,93.93815368421053,3.947368421052631,3.263157894736842,26.37225388888889
6958,2021-11-29 15:00:00,Asia/Bangkok,93.8165377777778,3.944444444444445,3.111111111111111,26.70040888888889
6959,2021-11-29 16:00:00,Asia/Bangkok,92.7979111111111,4.0,3.166666666666667,26.79787777777778
6960,2021-11-29 17:00:00,Asia/Bangkok,92.45144555555558,4.055555555555555,3.222222222222222,26.81598352941176
6961,2021-11-29 18:00:00,Asia/Bangkok,92.76908833333333,5.222222222222222,4.666666666666667,27.0293
6962,2021-11-29 19:00:00,Asia/Bangkok,92.70700000000001,4.466666666666667,3.466666666666667,27.22669466666667
6963,2021-11-29 20:00:00,Asia/Bangkok,92.07379437499999,4.6875,4.125,27.328025625
6964,2021-11-29 21:00:00,Asia/Bangkok,91.61486266666665,4.6,4.2,27.391904
6965,2021-11-29 22:00:00,Asia/Bangkok,91.6212726666667,4.5625,4.125,27.51562666666667
6966,2021-11-29 23:00:00,Asia/Bangkok,90.62841600000002,4.133333333333334,3.066666666666667,27.45492266666666
6967,2021-11-30 00:00:00,Asia/Bangkok,89.87777533333333,3.8,2.733333333333333,27.26354933333334
6968,2021-11-30 01:00:00,Asia/Bangkok,89.35706538461538,2.538461538461538,1.692307692307692,26.64554076923076
6969,2021-11-30 02:00:00,Asia/Bangkok,90.42014923076924,1.615384615384615,0.8461538461538461,25.92311230769231
6970,2021-11-30 03:00:00,Asia/Bangkok,91.80743153846154,1.923076923076923,1.0,25.47799
6971,2021-11-30 04:00:00,Asia/Bangkok,92.63711266666668,1.733333333333333,1.0,25.51163533333333
6972,2021-11-30 05:00:00,Asia/Bangkok,93.09188769230767,2.692307692307693,1.833333333333333,25.66635384615385
6973,2021-11-30 06:00:00,Asia/Bangkok,93.33765916666665,1.75,1.230769230769231,25.82646916666667
6974,2021-11-30 07:00:00,Asia/Bangkok,93.46913923076922,2.230769230769231,1.153846153846154,25.9379023076923
6975,2021-11-30 08:00:00,Asia/Bangkok,93.14346857142858,2.769230769230769,1.769230769230769,25.95483285714285
6976,2021-11-30 09:00:00,Asia/Bangkok,92.87697,3.714285714285714,2.857142857142857,25.91222615384615
6977,2021-11-30 10:00:00,Asia/Bangkok,92.86271916666665,3.083333333333333,2.083333333333333,25.972445
6978,2021-11-30 11:00:00,Asia/Bangkok,92.29253833333333,2.083333333333333,1.5,25.90257166666667
6979,2021-11-30 12:00:00,Asia/Bangkok,91.82976454545454,1.777777777777778,1.111111111111111,25.70715636363636
6980,2021-11-30 13:00:00,Asia/Bangkok,92.08930727272728,0.8181818181818182,0.5454545454545454,25.65083636363636
6981,2021-11-30 14:00:00,Asia/Bangkok,92.25534818181818,1.0,0.6363636363636364,25.6933190909091
6982,2021-11-30 15:00:00,Asia/Bangkok,92.35929555555556,0.8888888888888888,0.5555555555555556,25.76253222222222
6983,2021-11-30 16:00:00,Asia/Bangkok,91.93119666666666,1.333333333333333,0.8888888888888888,25.72811333333333
6984,2021-11-30 17:00:00,Asia/Bangkok,91.82822375,1.625,1.125,25.45996375
6985,2021-11-30 18:00:00,Asia/Bangkok,92.46727285714287,1.285714285714286,0.7142857142857143,25.31853285714286
6986,2021-11-30 19:00:00,Asia/Bangkok,92.66396999999999,1.0,0.6666666666666666,25.29374
6987,2021-11-30 20:00:00,Asia/Bangkok,92.659645,1.0,1.0,25.26036
6988,2021-11-30 21:00:00,Asia/Bangkok,92.78247999999999,2.0,1.0,25.24567
6989,2021-11-30 22:00:00,Asia/Bangkok,92.86412,1.5,0.5,25.23232
6990,2021-11-30 23:00:00,Asia/Bangkok,93.03044,0.5,0.5,25.218965
6991,2021-12-01 00:00:00,Asia/Bangkok,93.1777,2.0,2.0,25.24567
6992,2021-12-01 01:00:00,Asia/Bangkok,93.23796999999999,1.5,1.0,25.26036
6993,2021-12-01 02:00:00,Asia/Bangkok,93.0663,0.0,0.0,25.27505
6994,2021-12-01 03:00:00,Asia/Bangkok,93.03731,2.5,1.0,25.2617
6995,2021-12-01 04:00:00,Asia/Bangkok,93.02052499999999,2.0,1.5,25.2617
6996,2021-12-01 05:00:00,Asia/Bangkok,92.813,3.0,1.0,25.23232
6997,2021-12-01 06:00:00,Asia/Bangkok,92.967115,1.0,1.0,25.22564
6998,2021-12-01 07:00:00,Asia/Bangkok,93.08308,1.0,1.0,25.21896
6999,2021-12-01 08:00:00,Asia/Bangkok,93.11818,1.5,1.0,25.27505
7000,2021-12-01 09:00:00,Asia/Bangkok,92.95796,2.0,1.0,25.24567
7001,2021-12-01 17:00:00,Asia/Bangkok,90.10774089285711,3.421052631578947,3.192982456140351,26.63629214285714
7002,2021-12-01 18:00:00,Asia/Bangkok,92.1209622222222,7.094594594594595,6.391891891891892,25.85409338028169
7003,2021-12-01 19:00:00,Asia/Bangkok,92.94107281553394,3.201834862385321,2.688073394495413,25.59260766990294
7004,2021-12-01 20:00:00,Asia/Bangkok,94.035389537037,1.864864864864865,1.630630630630631,24.72183570093459
7005,2021-12-01 21:00:00,Asia/Bangkok,93.86861972477067,2.072727272727273,1.8,24.54410154545454
7006,2021-12-01 22:00:00,Asia/Bangkok,93.12459885245904,2.959349593495935,2.731707317073171,24.80365916666667
7007,2021-12-01 23:00:00,Asia/Bangkok,92.76863268907559,13.70247933884298,12.28925619834711,24.74674218487393
7008,2021-12-02 00:00:00,Asia/Bangkok,94.48969017391303,5.779661016949152,5.203389830508475,24.68273973913042
7009,2021-12-02 01:00:00,Asia/Bangkok,94.91097859504126,1.330645161290323,0.9435483870967742,24.67154669421486
7010,2021-12-02 02:00:00,Asia/Bangkok,95.16394900000002,2.934426229508197,2.418032786885246,24.66929899999999
7011,2021-12-02 03:00:00,Asia/Bangkok,94.6771616949153,7.141666666666667,6.333333333333333,24.92031796610171
7012,2021-12-02 04:00:00,Asia/Bangkok,94.04399793893128,11.62121212121212,10.58333333333333,24.87595961832062
7013,2021-12-02 05:00:00,Asia/Bangkok,93.48167880597016,10.05185185185185,9.244444444444444,24.96064751879699
7014,2021-12-02 06:00:00,Asia/Bangkok,94.42511559322037,9.595238095238095,8.428571428571429,24.67980888888892
7015,2021-12-02 07:00:00,Asia/Bangkok,93.99485987654319,5.192771084337349,4.421686746987952,24.65845646341464
7016,2021-12-02 08:00:00,Asia/Bangkok,93.91101483516479,7.336956521739131,6.391304347826087,24.89238266666668
7017,2021-12-02 09:00:00,Asia/Bangkok,94.65013831578946,9.556701030927835,8.793814432989691,24.95030242105262
7018,2021-12-02 10:00:00,Asia/Bangkok,94.26388052631583,2.6,2.069565217391304,25.11601894736841
7019,2021-12-02 11:00:00,Asia/Bangkok,93.28282320512822,0.6835443037974683,0.2025316455696203,25.53817692307691
7020,2021-12-02 12:00:00,Asia/Bangkok,92.64534404255318,1.08,0.7450980392156863,25.54327234042553
7021,2021-12-02 13:00:00,Asia/Bangkok,92.99596177419355,1.416666666666667,1.116666666666667,25.59475483870967
7022,2021-12-02 14:00:00,Asia/Bangkok,92.70422555555555,2.596774193548387,2.064516129032258,25.71866126984127
7023,2021-12-02 15:00:00,Asia/Bangkok,91.6661071717172,2.5,2.11,25.7768785858586
7024,2021-12-02 16:00:00,Asia/Bangkok,91.59243392405067,6.975,6.475,25.24823810126582
7025,2021-12-02 17:00:00,Asia/Bangkok,92.59943694444445,8.106666666666667,7.48,25.05329657534246
7026,2021-12-02 18:00:00,Asia/Bangkok,92.51085014084504,6.138888888888889,5.777777777777778,24.99763342857142
7027,2021-12-02 19:00:00,Asia/Bangkok,92.71278587499998,4.0625,3.5625,24.72268300000001
7028,2021-12-02 20:00:00,Asia/Bangkok,92.4376794915254,4.190082644628099,3.727272727272727,24.93769771186444
7029,2021-12-02 21:00:00,Asia/Bangkok,92.53232182692304,8.63551401869159,8.093457943925234,24.94530836538462
7030,2021-12-02 22:00:00,Asia/Bangkok,92.39796737704917,19.7258064516129,18.42741935483871,23.77698778688526
7031,2021-12-02 23:00:00,Asia/Bangkok,92.75304968000002,17.48412698412698,16.52380952380953,23.9422056
7032,2021-12-03 00:00:00,Asia/Bangkok,93.36011085470086,18.16806722689076,17.23529411764706,23.8797147008547
7033,2021-12-03 01:00:00,Asia/Bangkok,93.47225476190475,14.3203125,13.72093023255814,24.01354523809522
7034,2021-12-03 02:00:00,Asia/Bangkok,93.05763758620688,14.48863636363636,13.77272727272727,23.93505908045976
7035,2021-12-03 03:00:00,Asia/Bangkok,92.91255705128209,14.05063291139241,13.32051282051282,23.81587461538462
7036,2021-12-03 04:00:00,Asia/Bangkok,92.7611196491228,15.87931034482759,15.24561403508772,23.74260446428571
7037,2021-12-03 05:00:00,Asia/Bangkok,93.12969169491527,16.61666666666667,15.78688524590164,23.73978186440676
7038,2021-12-03 06:00:00,Asia/Bangkok,93.33506342105265,19.73170731707317,18.78048780487805,23.78773578947369
7039,2021-12-03 07:00:00,Asia/Bangkok,93.35538984375003,21.390625,20.46875,23.89385749999998
7040,2021-12-03 08:00:00,Asia/Bangkok,93.49363519480518,23.0632911392405,21.92405063291139,24.03463907894737
7041,2021-12-03 09:00:00,Asia/Bangkok,93.637582375,25.4235294117647,24.25882352941176,24.04345412500002
7042,2021-12-03 10:00:00,Asia/Bangkok,93.4588493877551,27.31313131313131,26.11111111111111,24.13884612244899
7043,2021-12-03 11:00:00,Asia/Bangkok,93.96563,27.27777777777778,26.08888888888889,24.03789238636362
7044,2021-12-03 12:00:00,Asia/Bangkok,93.91507500000003,27.75609756097561,26.58536585365854,24.05603769230769
7045,2021-12-03 13:00:00,Asia/Bangkok,94.18887749999999,30.02739726027397,28.50684931506849,24.03478652777777
7046,2021-12-03 14:00:00,Asia/Bangkok,95.03061641791047,28.61764705882353,27.17647058823529,23.9361323880597
7047,2021-12-03 15:00:00,Asia/Bangkok,94.21459244444448,28.54347826086957,27.41304347826087,24.00871577777777
7048,2021-12-03 16:00:00,Asia/Bangkok,93.93285015384616,28.75384615384615,27.6,23.92052969230769
7049,2021-12-03 17:00:00,Asia/Bangkok,94.50659814285717,28.16901408450704,26.85915492957746,24.0036612857143
7050,2021-12-03 18:00:00,Asia/Bangkok,95.07434460784316,30.57843137254902,28.96078431372549,24.72160382352942
7051,2021-12-03 19:00:00,Asia/Bangkok,91.76065469026547,30.35964912280702,28.7719298245614,25.83274150442479
7052,2021-12-03 20:00:00,Asia/Bangkok,85.14253353982299,31.11016949152542,29.09322033898305,27.98384469026548
7053,2021-12-03 21:00:00,Asia/Bangkok,78.57468948717951,32.46774193548387,30.23387096774194,29.79303864406779
7054,2021-12-03 22:00:00,Asia/Bangkok,74.10109596774194,34.8968253968254,31.83333333333333,30.64357438016529
7055,2021-12-03 23:00:00,Asia/Bangkok,74.07422600000001,31.37209302325581,29.31007751937985,30.61204823999999
7056,2021-12-04 00:00:00,Asia/Bangkok,73.16827295081966,26.24,24.912,30.66963172131148
7057,2021-12-04 01:00:00,Asia/Bangkok,84.67683628318586,29.17391304347826,27.45217391304348,28.00369151785714
7058,2021-12-04 02:00:00,Asia/Bangkok,86.93883468253972,25.88188976377953,24.35433070866142,27.32863447999998
7059,2021-12-04 03:00:00,Asia/Bangkok,89.68633884892085,18.01438848920863,17.12230215827338,25.97503517985612
7060,2021-12-04 04:00:00,Asia/Bangkok,91.32927868613137,23.15,22.16428571428571,25.37218978102191
7061,2021-12-04 05:00:00,Asia/Bangkok,91.514881119403,18.29197080291971,17.48905109489051,25.38000582089552
7062,2021-12-04 06:00:00,Asia/Bangkok,91.0622079775281,14.48314606741573,13.80898876404494,25.4849403409091
7063,2021-12-04 07:00:00,Asia/Bangkok,90.76672401785716,14.62931034482759,14.04310344827586,25.45920250000001
7064,2021-12-04 08:00:00,Asia/Bangkok,90.79324282352938,14.61176470588235,14.0,25.56447752941176
7065,2021-12-04 09:00:00,Asia/Bangkok,90.47298438202247,16.03296703296703,15.35164835164835,25.55303022471912
7066,2021-12-04 10:00:00,Asia/Bangkok,90.33075347826086,18.05633802816902,17.22535211267606,25.45589159420291
7067,2021-12-04 11:00:00,Asia/Bangkok,91.72604410526317,19.49019607843137,18.6078431372549,25.25140547368421
7068,2021-12-04 12:00:00,Asia/Bangkok,91.15096840707963,14.2212389380531,13.46017699115044,24.87156176991149
7069,2021-12-04 13:00:00,Asia/Bangkok,92.6536440217391,13.34042553191489,12.64893617021277,24.11725445652173
7070,2021-12-04 14:00:00,Asia/Bangkok,92.8427103614458,15.84523809523809,15.20238095238095,24.25446469879519
7071,2021-12-04 15:00:00,Asia/Bangkok,92.43102121951216,126.3855421686747,116.144578313253,24.40873765432099
7072,2021-12-04 16:00:00,Asia/Bangkok,92.67568670588236,51.0919540229885,44.6551724137931,24.49370552941177
7073,2021-12-04 17:00:00,Asia/Bangkok,92.71949759036146,23.54761904761905,22.0,24.54636542168677
7074,2021-12-04 18:00:00,Asia/Bangkok,93.235639625,17.4625,16.725,24.47805062500002
7075,2021-12-04 19:00:00,Asia/Bangkok,93.60648530769231,24.58461538461539,23.64615384615385,24.51311692307694
7076,2021-12-04 20:00:00,Asia/Bangkok,92.82871587719296,28.45217391304348,27.2695652173913,24.91356359649123
7077,2021-12-04 21:00:00,Asia/Bangkok,88.88901361538463,26.57142857142857,25.61654135338346,26.24227458015266
7078,2021-12-04 22:00:00,Asia/Bangkok,82.44735853846154,28.13636363636364,26.29545454545455,28.13664302325581
7079,2021-12-04 23:00:00,Asia/Bangkok,72.75205704545458,18.97841726618705,17.92086330935252,29.91102122137404
7080,2021-12-05 00:00:00,Asia/Bangkok,70.54955523809524,17.16030534351145,16.29770992366412,30.07309468253968
7081,2021-12-05 01:00:00,Asia/Bangkok,69.62676857142857,16.86330935251799,16.0863309352518,30.41283714285713
7082,2021-12-05 02:00:00,Asia/Bangkok,69.81267861538461,17.16541353383459,16.42105263157895,30.74860192307693
7083,2021-12-05 03:00:00,Asia/Bangkok,75.83124686131389,15.68115942028986,14.96376811594203,29.00295985401461
7084,2021-12-05 04:00:00,Asia/Bangkok,77.89877348837207,18.74436090225564,17.89473684210526,27.81256578124999
7085,2021-12-05 05:00:00,Asia/Bangkok,80.663081779661,51.55,47.1,26.96543025423732
7086,2021-12-05 06:00:00,Asia/Bangkok,85.67606352941179,30.93525179856115,28.98561151079137,26.28901785185184
7087,2021-12-05 07:00:00,Asia/Bangkok,87.60810231343284,29.23741007194245,27.75539568345324,25.99065134328358
7088,2021-12-05 08:00:00,Asia/Bangkok,88.88606150375938,28.08759124087591,26.84671532846715,25.96048186567162
7089,2021-12-05 09:00:00,Asia/Bangkok,88.76993865671639,34.20289855072464,31.15942028985507,25.54065195488723
7090,2021-12-05 10:00:00,Asia/Bangkok,88.66454394366198,35.1056338028169,31.7887323943662,24.5848761971831
7091,2021-12-05 11:00:00,Asia/Bangkok,87.57995183098585,33.36363636363637,30.74647887323944,24.29505443661974
7092,2021-12-05 12:00:00,Asia/Bangkok,87.2759445522388,31.89208633093525,29.93571428571429,24.25573664179107
7093,2021-12-05 13:00:00,Asia/Bangkok,86.39917635036491,29.91428571428571,28.45,23.97476978102192
7094,2021-12-05 14:00:00,Asia/Bangkok,85.47820077519377,29.54615384615385,28.29230769230769,23.65210310077518
7095,2021-12-05 15:00:00,Asia/Bangkok,85.17170322834646,29.72868217054264,28.27906976744186,23.17380944881889
7096,2021-12-05 16:00:00,Asia/Bangkok,84.24876851562502,84.57251908396947,64.6875,23.246906953125
7097,2021-12-05 17:00:00,Asia/Bangkok,79.9170367716535,131.4341085271318,93.40650406504065,25.07157275590551
7098,2021-12-05 18:00:00,Asia/Bangkok,71.63573554621851,29.9504132231405,27.91735537190083,28.04058512605041
7099,2021-12-05 19:00:00,Asia/Bangkok,67.61091126582279,24.9620253164557,23.94936708860759,29.54547443037976
7100,2021-12-05 20:00:00,Asia/Bangkok,65.76001405797102,21.53521126760563,20.64788732394366,30.14483173913044
7101,2021-12-05 21:00:00,Asia/Bangkok,64.26772367647058,20.41666666666667,19.44444444444444,30.57709911764706
7102,2021-12-05 22:00:00,Asia/Bangkok,66.96881600000002,21.7027027027027,20.48648648648649,29.93492057142857
7103,2021-12-05 23:00:00,Asia/Bangkok,66.56655645569617,21.12658227848101,20.22784810126582,29.91502822784812
7104,2021-12-06 00:00:00,Asia/Bangkok,63.34060666666667,21.45161290322581,20.11290322580645,31.09960783333333
7105,2021-12-06 01:00:00,Asia/Bangkok,65.96293132530118,22.75555555555556,21.85555555555555,30.15971855421687
7106,2021-12-06 02:00:00,Asia/Bangkok,66.11720802919706,27.38129496402878,25.71223021582734,29.98727751824817
7107,2021-12-06 03:00:00,Asia/Bangkok,66.9685187121212,25.16296296296296,23.91851851851852,29.23265348484849
7108,2021-12-06 04:00:00,Asia/Bangkok,71.20410544117645,35.18978102189781,32.2043795620438,27.82249992647056
7109,2021-12-06 05:00:00,Asia/Bangkok,75.14607133333331,40.76811594202898,35.26086956521739,26.8329345925926
7110,2021-12-06 06:00:00,Asia/Bangkok,78.63321459854015,42.86330935251799,36.69784172661871,26.18613764705881
7111,2021-12-06 07:00:00,Asia/Bangkok,81.45414969924806,57.25547445255474,46.57664233576642,25.25996556390979
7112,2021-12-06 08:00:00,Asia/Bangkok,82.8798230708661,52.74436090225564,43.48872180451128,24.67814881889764
7113,2021-12-06 09:00:00,Asia/Bangkok,84.82699034188035,51.97560975609756,42.94308943089431,24.05820137931035
7114,2021-12-06 10:00:00,Asia/Bangkok,84.93968692307688,46.84090909090909,39.41666666666666,23.78473138461539
7115,2021-12-06 11:00:00,Asia/Bangkok,86.23196704000003,46.15079365079365,38.81746031746032,23.33926903999999
7116,2021-12-06 12:00:00,Asia/Bangkok,87.55410650000002,51.53719008264463,43.97520661157025,22.9873740833333
7117,2021-12-06 13:00:00,Asia/Bangkok,88.22010200000001,65.91304347826087,57.43478260869565,22.77919017391304
7118,2021-12-06 14:00:00,Asia/Bangkok,88.71055875000002,41.98245614035088,36.09649122807018,22.64371776785713
7119,2021-12-06 15:00:00,Asia/Bangkok,88.5521196491228,38.24561403508772,33.73684210526316,22.74492745614033
7120,2021-12-06 16:00:00,Asia/Bangkok,89.00074000000004,35.625,32.18333333333333,22.56533754237288
7121,2021-12-06 17:00:00,Asia/Bangkok,88.0691448245614,32.51260504201681,30.27731092436975,23.2649231858407
7122,2021-12-06 18:00:00,Asia/Bangkok,80.41038707964601,23.53389830508475,22.52542372881356,25.63646070796461
7123,2021-12-06 19:00:00,Asia/Bangkok,70.78821701923079,17.84615384615385,16.98076923076923,27.99950009615384
7124,2021-12-06 20:00:00,Asia/Bangkok,65.50144314814813,15.14545454545454,14.48181818181818,28.96091444444444
7125,2021-12-06 21:00:00,Asia/Bangkok,63.24821405660376,16.87272727272727,16.09090909090909,29.64307169811322
7126,2021-12-06 22:00:00,Asia/Bangkok,64.07625194690267,14.83185840707965,14.02654867256637,30.12232831858409
7127,2021-12-06 23:00:00,Asia/Bangkok,61.94665234234235,14.00884955752212,13.26548672566372,31.08892187499998
7128,2021-12-07 00:00:00,Asia/Bangkok,63.18627256637168,14.19827586206897,13.52586206896552,30.71121330357142
7129,2021-12-07 01:00:00,Asia/Bangkok,64.66843254237287,15.48305084745763,14.84745762711864,31.02086584745763
7130,2021-12-07 02:00:00,Asia/Bangkok,70.26724581967215,46.81147540983606,39.88524590163934,29.15636852459018
7131,2021-12-07 03:00:00,Asia/Bangkok,71.60017515873018,31.78571428571428,27.91269841269841,28.78290420634922
7132,2021-12-07 04:00:00,Asia/Bangkok,75.7350600934579,66.32727272727273,58.53636363636364,28.22318635514018
7133,2021-12-07 05:00:00,Asia/Bangkok,80.41093151999998,130.9457364341085,116.1860465116279,27.06606153225807
7134,2021-12-07 06:00:00,Asia/Bangkok,83.34447737704924,102.515873015873,90.9920634920635,26.3875875409836
7135,2021-12-07 07:00:00,Asia/Bangkok,84.40666653846154,63.2824427480916,52.55725190839695,26.24967271317829
7136,2021-12-07 08:00:00,Asia/Bangkok,83.93142962686571,60.65185185185185,50.71111111111111,26.00799851851853
7137,2021-12-07 09:00:00,Asia/Bangkok,84.15310533834582,55.85074626865671,45.44029850746269,25.5580612121212
7138,2021-12-07 10:00:00,Asia/Bangkok,87.18496984251966,55.58646616541353,45.57894736842105,24.9991566929134
7139,2021-12-07 11:00:00,Asia/Bangkok,89.81385991452986,51.79166666666666,43.225,25.01467256410258
7140,2021-12-07 12:00:00,Asia/Bangkok,89.51376234782612,30.35593220338983,28.1271186440678,25.19576112068966
7141,2021-12-07 13:00:00,Asia/Bangkok,89.55303747572815,27.09708737864078,25.93203883495146,25.03518421568627
7142,2021-12-07 14:00:00,Asia/Bangkok,89.30676603603601,25.99152542372881,24.83898305084746,24.75933135135136
7143,2021-12-07 15:00:00,Asia/Bangkok,89.55004622641506,25.96491228070175,24.64035087719298,24.24407226415093
7144,2021-12-07 16:00:00,Asia/Bangkok,90.59977554545458,38.58260869565218,35.4,24.18154381818184
7145,2021-12-07 17:00:00,Asia/Bangkok,89.51250362745104,19.55140186915888,18.79439252336449,25.51477166666668
7146,2021-12-07 18:00:00,Asia/Bangkok,79.61501389380528,14.94782608695652,13.90434782608696,28.28202345132743
7147,2021-12-07 19:00:00,Asia/Bangkok,74.71393008695652,15.57983193277311,14.74789915966386,29.0435752173913
7148,2021-12-07 20:00:00,Asia/Bangkok,71.10246451327433,13.03448275862069,12.06086956521739,30.07530132743363
7149,2021-12-07 21:00:00,Asia/Bangkok,68.69593933333331,12.325,11.74380165289256,30.93362758333332
7150,2021-12-07 22:00:00,Asia/Bangkok,69.2184632,14.68316831683168,13.79207920792079,30.38421757575759
7151,2021-12-07 23:00:00,Asia/Bangkok,66.76453953125004,11.4140625,10.7734375,30.51587625000002
7152,2021-12-08 00:00:00,Asia/Bangkok,67.36701847999998,10.91269841269841,10.15873015873016,29.93269592
7153,2021-12-08 01:00:00,Asia/Bangkok,69.62435108527131,12.83088235294118,12.22794117647059,29.72528271317831
7154,2021-12-08 02:00:00,Asia/Bangkok,73.12664051470591,29.57664233576642,26.18248175182482,29.34112911764706
7155,2021-12-08 03:00:00,Asia/Bangkok,78.10586183823528,38.1726618705036,33.69064748201439,28.15872266666667
7156,2021-12-08 04:00:00,Asia/Bangkok,80.84273984732828,64.36029411764706,54.88235294117647,27.64313938931299
7157,2021-12-08 05:00:00,Asia/Bangkok,83.42660604477612,30.40579710144927,27.92028985507246,27.09431485074625
7158,2021-12-08 06:00:00,Asia/Bangkok,84.71921058823528,37.32374100719424,33.2589928057554,26.6656975
7159,2021-12-08 07:00:00,Asia/Bangkok,89.22100404411763,45.63829787234042,38.97872340425532,26.08479992647057
7160,2021-12-08 08:00:00,Asia/Bangkok,89.41060147540985,33.01639344262295,29.04918032786885,25.76467655737706
7161,2021-12-08 09:00:00,Asia/Bangkok,89.02554442028985,9.719424460431656,9.129496402877697,25.05009507246378
7162,2021-12-08 10:00:00,Asia/Bangkok,88.3144886923077,10.93846153846154,10.47692307692308,25.08132015384616
7163,2021-12-08 11:00:00,Asia/Bangkok,88.86527677685956,12.52845528455285,11.89430894308943,24.79998727272727
7164,2021-12-08 12:00:00,Asia/Bangkok,89.89273583333332,14.2962962962963,13.78518518518518,24.5182084848485
7165,2021-12-08 13:00:00,Asia/Bangkok,90.28162448818894,15.96153846153846,15.26923076923077,24.24046253968254
7166,2021-12-08 14:00:00,Asia/Bangkok,91.65116847457628,25.18032786885246,23.66393442622951,24.4575386440678
7167,2021-12-08 15:00:00,Asia/Bangkok,89.20469260869562,15.81512605042017,15.11764705882353,26.46257347826085
7168,2021-12-08 16:00:00,Asia/Bangkok,80.31333066666664,10.61157024793388,9.760330578512397,28.23479208333333
7169,2021-12-08 17:00:00,Asia/Bangkok,72.7479687628866,8.287128712871286,7.88,29.79284947916667
7170,2021-12-08 18:00:00,Asia/Bangkok,71.64228283185838,9.858407079646017,9.265486725663717,29.63356398230087
7171,2021-12-08 19:00:00,Asia/Bangkok,67.93015648148149,8.194690265486726,7.823008849557522,30.89497277777778
7172,2021-12-08 20:00:00,Asia/Bangkok,69.56571727272731,9.289256198347108,8.942148760330578,30.43297107438017
7173,2021-12-08 21:00:00,Asia/Bangkok,70.61564868421053,10.26495726495727,9.71551724137931,30.07036859649121
7174,2021-12-08 22:00:00,Asia/Bangkok,74.3324014782609,16.03448275862069,14.98290598290598,29.09835060869566
7175,2021-12-08 23:00:00,Asia/Bangkok,75.38419820512821,13.10743801652893,12.33884297520661,28.54571362068965
7176,2021-12-09 00:00:00,Asia/Bangkok,75.83956791304351,12.40677966101695,11.77118644067797,28.23221226086956
7177,2021-12-09 01:00:00,Asia/Bangkok,79.47995426229511,20.45238095238095,19.59523809523809,28.00214406504062
7178,2021-12-09 02:00:00,Asia/Bangkok,81.30695523364487,24.95575221238938,23.12389380530973,27.72789301886791
7179,2021-12-09 03:00:00,Asia/Bangkok,84.42814389312977,24.76515151515152,23.6969696969697,27.11985488549621
7180,2021-12-09 04:00:00,Asia/Bangkok,85.81295931818177,29.83703703703704,28.02238805970149,26.8851121969697
7181,2021-12-09 05:00:00,Asia/Bangkok,86.87973276119405,37.09489051094891,33.02919708029197,26.32362723880596
7182,2021-12-09 06:00:00,Asia/Bangkok,87.45078874074079,39.64963503649635,34.6934306569343,26.13979370370371
7183,2021-12-09 07:00:00,Asia/Bangkok,87.88836610294116,39.10071942446043,34.2589928057554,25.93905397058826
7184,2021-12-09 08:00:00,Asia/Bangkok,88.51650462686571,31.90579710144927,30.01449275362319,25.49851634328356
7185,2021-12-09 09:00:00,Asia/Bangkok,89.01023823529408,27.63703703703704,26.6962962962963,25.06606970588237
7186,2021-12-09 10:00:00,Asia/Bangkok,88.50144300751879,31.02941176470588,28.88970588235294,24.78962338345868
7187,2021-12-09 11:00:00,Asia/Bangkok,88.8913720192308,26.81308411214953,25.91588785046729,24.39401653846155
7188,2021-12-09 12:00:00,Asia/Bangkok,89.78412158730154,30.453125,29.0,24.32430285714286
7189,2021-12-09 13:00:00,Asia/Bangkok,87.92572520661162,31.52845528455284,29.88617886178862,25.48478595041323
7190,2021-12-09 14:00:00,Asia/Bangkok,79.11901017857143,24.11206896551724,23.24137931034483,28.12755196428572
7191,2021-12-09 15:00:00,Asia/Bangkok,71.43337448275862,25.13675213675214,24.02542372881356,30.29523886956521
7192,2021-12-09 16:00:00,Asia/Bangkok,66.00414310924369,25.7563025210084,24.78991596638656,31.30327663865546
7193,2021-12-09 17:00:00,Asia/Bangkok,62.78111736842101,24.22413793103448,23.02586206896552,31.83081684210525
7194,2021-12-09 18:00:00,Asia/Bangkok,60.29653359649122,17.6551724137931,16.96551724137931,31.92957289473684
7195,2021-12-09 19:00:00,Asia/Bangkok,60.43671365217393,15.79646017699115,15.08849557522124,31.66495254385962
7196,2021-12-09 20:00:00,Asia/Bangkok,61.69510402061857,16.93137254901961,16.20588235294118,31.16370156249998
7197,2021-12-09 21:00:00,Asia/Bangkok,65.48359235294114,29.825,27.08333333333333,30.62600050420168
7198,2021-12-09 22:00:00,Asia/Bangkok,69.64581440000002,27.3015873015873,25.84920634920635,29.57098215999999
7199,2021-12-09 23:00:00,Asia/Bangkok,72.74566933333334,33.68888888888889,30.35555555555555,29.08314992592594
7200,2021-12-10 00:00:00,Asia/Bangkok,77.57486047244097,40.40151515151515,34.96969696969697,28.3990757480315
7201,2021-12-10 01:00:00,Asia/Bangkok,80.17115788321169,29.72463768115942,28.15942028985507,27.94975897810221
7202,2021-12-10 02:00:00,Asia/Bangkok,81.87540117647059,49.36029411764706,41.34558823529412,27.37908525925926
7203,2021-12-10 03:00:00,Asia/Bangkok,83.6613214925373,52.54074074074074,43.61481481481481,26.88053126865674
7204,2021-12-10 04:00:00,Asia/Bangkok,84.61299978571435,50.5,42.23021582733813,26.51922778571429
7205,2021-12-10 05:00:00,Asia/Bangkok,85.96200016260163,42.21428571428572,36.1496062992126,26.08280560975608
7206,2021-12-10 06:00:00,Asia/Bangkok,85.69748583941602,37.84057971014493,33.44202898550725,25.99907299270074
7207,2021-12-10 07:00:00,Asia/Bangkok,87.42406021897816,28.58571428571429,27.4,25.3814100729927
7208,2021-12-10 08:00:00,Asia/Bangkok,88.71923905109483,24.97857142857143,23.8,25.14199021739134
7209,2021-12-10 09:00:00,Asia/Bangkok,89.4218417266187,22.14893617021277,21.22695035460993,25.16333100719425
7210,2021-12-10 10:00:00,Asia/Bangkok,91.87687801526718,9.552238805970148,8.664179104477611,24.71222403100776
7211,2021-12-10 11:00:00,Asia/Bangkok,89.80889768115941,14.03597122302158,12.82014388489209,25.75402072463769
7212,2021-12-10 12:00:00,Asia/Bangkok,88.30976398550726,12.3768115942029,11.57971014492754,26.13923338129497
7213,2021-12-10 13:00:00,Asia/Bangkok,93.35252147058824,8.191176470588236,7.161764705882353,24.50268474074074
7214,2021-12-10 14:00:00,Asia/Bangkok,91.60356425742577,7.076923076923077,6.596153846153846,25.34502811881189
7215,2021-12-10 15:00:00,Asia/Bangkok,88.06447708661416,8.622222222222222,7.933333333333334,26.51041811023624
7216,2021-12-10 16:00:00,Asia/Bangkok,84.451453902439,9.98473282442748,9.253846153846155,27.79203512195122
7217,2021-12-10 17:00:00,Asia/Bangkok,84.42022581196576,13.48717948717949,12.45299145299145,28.20163307692307
7218,2021-12-10 18:00:00,Asia/Bangkok,88.53262145161291,11.176,10.36,27.02899693548385
7219,2021-12-10 19:00:00,Asia/Bangkok,87.05983181818182,13.17829457364341,12.24031007751938,27.29725495867768
7220,2021-12-10 20:00:00,Asia/Bangkok,87.36199969465655,15.28571428571429,14.03030303030303,26.74486679389314
7221,2021-12-10 21:00:00,Asia/Bangkok,89.05929259541978,19.77272727272727,18.50375939849624,25.7442086259542
7222,2021-12-10 22:00:00,Asia/Bangkok,89.6297024817518,19.6231884057971,18.43478260869565,25.13281313868614
7223,2021-12-10 23:00:00,Asia/Bangkok,89.76801146551723,22.68965517241379,21.30172413793104,24.84511844827586
7224,2021-12-11 00:00:00,Asia/Bangkok,89.97632507692305,16.32592592592593,15.34814814814815,24.44545500000001
7225,2021-12-11 01:00:00,Asia/Bangkok,90.11757124999998,14.89285714285714,13.9,24.2786602941177
7226,2021-12-11 02:00:00,Asia/Bangkok,90.39023130434781,12.48591549295775,11.67605633802817,24.17277826086956
7227,2021-12-11 03:00:00,Asia/Bangkok,90.28421155038758,11.18320610687023,10.19083969465649,23.90441736434111
7228,2021-12-11 04:00:00,Asia/Bangkok,90.1509457657658,10.15652173913043,9.391304347826088,23.74005846846849
7229,2021-12-11 05:00:00,Asia/Bangkok,90.96256646017696,10.53508771929824,9.743362831858407,23.48540389380529
7230,2021-12-11 06:00:00,Asia/Bangkok,91.4479324107143,10.49137931034483,9.478632478632479,23.37565464285714
7231,2021-12-11 07:00:00,Asia/Bangkok,91.71974,28.28448275862069,25.12931034482759,23.32252426086953
7232,2021-12-11 08:00:00,Asia/Bangkok,92.98516439655177,13.28448275862069,11.93965517241379,23.73974495652175
7233,2021-12-11 09:00:00,Asia/Bangkok,90.16513219298248,9.112068965517242,7.96551724137931,25.39239886956524
7234,2021-12-11 10:00:00,Asia/Bangkok,84.16841692982456,8.623931623931623,7.461538461538462,27.52548776785713
7235,2021-12-11 11:00:00,Asia/Bangkok,78.11002280701757,9.439655172413794,8.344827586206897,28.88715622807019
7236,2021-12-11 12:00:00,Asia/Bangkok,71.69831596491227,9.336206896551724,8.293103448275861,29.4632076106195
7237,2021-12-11 13:00:00,Asia/Bangkok,68.07941945945944,11.47413793103448,10.4051724137931,29.9715736036036
7238,2021-12-11 14:00:00,Asia/Bangkok,69.06260571428571,11.7008547008547,10.45299145299145,30.10881625
7239,2021-12-11 15:00:00,Asia/Bangkok,70.53427982456141,13.88034188034188,12.67241379310345,29.67834543859648
7240,2021-12-11 16:00:00,Asia/Bangkok,70.9586045045045,19.36283185840708,17.87719298245614,29.00614234234235
7241,2021-12-11 17:00:00,Asia/Bangkok,72.76128242718447,12.10576923076923,11.02884615384615,28.67346563106795
7242,2021-12-11 18:00:00,Asia/Bangkok,74.21365347107435,22.624,20.352,28.52556231404958
7243,2021-12-11 19:00:00,Asia/Bangkok,78.71231,59.5593220338983,51.28813559322034,27.56344767241379
7244,2021-12-11 20:00:00,Asia/Bangkok,82.52195221238935,79.69565217391305,71.56521739130434,26.85503097345133
7245,2021-12-11 21:00:00,Asia/Bangkok,84.59363428571432,43.12173913043478,37.37391304347826,26.56717315315315
7246,2021-12-11 22:00:00,Asia/Bangkok,85.86691247706426,28.70175438596491,26.73684210526316,26.00117678899083
7247,2021-12-11 23:00:00,Asia/Bangkok,86.26058423423427,31.73913043478261,29.35652173913044,25.62158801801801
7248,2021-12-12 00:00:00,Asia/Bangkok,86.72091935185189,33.08411214953271,30.57943925233645,25.13818327102805
7249,2021-12-12 01:00:00,Asia/Bangkok,87.06710596491226,32.87719298245614,30.28070175438597,24.73408807017544
7250,2021-12-12 02:00:00,Asia/Bangkok,87.53525628318592,32.42477876106194,30.14159292035398,24.37920991150445
7251,2021-12-12 03:00:00,Asia/Bangkok,87.78454965517238,31.36752136752137,29.43589743589743,24.1071425862069
7252,2021-12-12 04:00:00,Asia/Bangkok,88.81010549549548,26.27826086956522,25.13793103448276,23.63062540540542
7253,2021-12-12 05:00:00,Asia/Bangkok,89.44415999999994,22.3448275862069,21.30172413793104,23.50121238938052
7254,2021-12-12 06:00:00,Asia/Bangkok,90.12288840707969,21.9051724137931,20.81896551724138,23.32584761061947
7255,2021-12-12 07:00:00,Asia/Bangkok,90.45814608695652,19.43965517241379,18.38793103448276,23.26011069565217
7256,2021-12-12 08:00:00,Asia/Bangkok,90.87455035398227,25.49122807017544,24.0,23.72039203539823
7257,2021-12-12 09:00:00,Asia/Bangkok,86.00248035398232,17.38793103448276,16.42241379310345,26.19792982142857
7258,2021-12-12 10:00:00,Asia/Bangkok,76.31745,14.86538461538461,13.84615384615385,28.61978557692309
7259,2021-12-12 11:00:00,Asia/Bangkok,70.37220906666666,14.70666666666667,13.41333333333333,29.34675486486488
7260,2021-12-12 12:00:00,Asia/Bangkok,67.86723052631578,15.97979797979798,14.87878787878788,29.77761157894738
7261,2021-12-12 13:00:00,Asia/Bangkok,64.483947265625,15.34375,14.3828125,30.52551421875
7262,2021-12-12 14:00:00,Asia/Bangkok,62.24994929133859,14.23703703703704,13.37037037037037,31.04106181102362
7263,2021-12-12 15:00:00,Asia/Bangkok,63.87007281481481,14.38686131386861,13.41605839416058,30.83632925925926
7264,2021-12-12 16:00:00,Asia/Bangkok,66.12166752066118,13.04651162790698,12.2015503875969,30.01192049586778
7265,2021-12-12 17:00:00,Asia/Bangkok,67.26700950819674,11.89430894308943,11.04878048780488,29.67760754098359
7266,2021-12-12 18:00:00,Asia/Bangkok,71.06857315789472,13.72413793103448,12.83620689655172,28.69962421052631
7267,2021-12-12 19:00:00,Asia/Bangkok,74.43215840707963,22.73275862068965,21.16379310344828,28.27365642857141
7268,2021-12-12 20:00:00,Asia/Bangkok,79.33381575221242,41.85964912280702,35.50877192982456,27.41187371681414
7269,2021-12-12 21:00:00,Asia/Bangkok,81.0771423076923,19.65546218487395,18.69747899159664,27.02963188034188
7270,2021-12-12 22:00:00,Asia/Bangkok,82.03226008771931,17.73275862068965,16.86206896551724,26.71953114035087
7271,2021-12-12 23:00:00,Asia/Bangkok,83.11007096491232,34.3448275862069,30.81896551724138,26.19177088495576
7272,2021-12-13 00:00:00,Asia/Bangkok,84.52362281818178,47.94642857142857,39.96428571428572,25.64411154545458
7273,2021-12-13 01:00:00,Asia/Bangkok,84.64559789473685,48.02586206896552,40.06896551724138,25.45674412280703
7274,2021-12-13 02:00:00,Asia/Bangkok,86.06429728070177,43.41379310344828,36.82758620689656,25.1610607894737
7275,2021-12-13 03:00:00,Asia/Bangkok,86.2552832743363,34.49137931034483,31.58620689655172,25.0861064912281
7276,2021-12-13 04:00:00,Asia/Bangkok,86.18319521739129,32.12173913043478,30.08695652173913,25.09430192982458
7277,2021-12-13 05:00:00,Asia/Bangkok,85.75737657894736,25.7304347826087,24.50434782608696,25.08310701754389
7278,2021-12-13 06:00:00,Asia/Bangkok,85.94794147826086,22.48275862068965,21.36206896551724,24.91252678260869
7279,2021-12-13 07:00:00,Asia/Bangkok,86.5439226373627,18.96666666666667,17.93333333333333,24.8832068131868
7280,2021-12-13 08:00:00,Asia/Bangkok,86.55170243902441,52.00793650793651,44.76984126984127,25.19337056910569
7281,2021-12-13 09:00:00,Asia/Bangkok,85.79045565891474,33.45384615384615,29.67692307692308,25.9759758139535
7282,2021-12-13 10:00:00,Asia/Bangkok,83.07033926605502,28.07758620689655,26.06896551724138,27.05333651376145
7283,2021-12-13 11:00:00,Asia/Bangkok,81.30122535714284,25.66379310344828,24.04310344827586,27.76381642857143
7284,2021-12-13 12:00:00,Asia/Bangkok,77.58160587719297,20.63793103448276,19.60344827586207,29.07803561403509
7285,2021-12-13 13:00:00,Asia/Bangkok,69.69828956521737,17.23275862068965,16.49137931034483,31.43727886956522
7286,2021-12-13 14:00:00,Asia/Bangkok,65.77397102803737,15.37931034482759,14.66379310344828,32.19528728971962
7287,2021-12-13 15:00:00,Asia/Bangkok,65.31852442477877,13.25862068965517,12.57758620689655,32.14773725663716
7288,2021-12-13 16:00:00,Asia/Bangkok,69.3411521551724,71.46153846153847,51.26315789473684,30.70957930434782
7289,2021-12-13 17:00:00,Asia/Bangkok,79.92339407079648,22.1551724137931,20.66379310344828,29.31215539823008
7290,2021-12-13 18:00:00,Asia/Bangkok,79.05222728070174,14.08620689655172,12.75,28.12400499999998
7291,2021-12-13 19:00:00,Asia/Bangkok,80.71216766355141,15.63888888888889,14.26851851851852,27.86114560747664
7292,2021-12-13 20:00:00,Asia/Bangkok,78.58312358333333,10.64227642276423,9.577235772357724,27.461956446281
7293,2021-12-13 21:00:00,Asia/Bangkok,81.03039521739134,9.752136752136753,8.786324786324787,27.29135333333333
7294,2021-12-13 22:00:00,Asia/Bangkok,81.7148850877193,6.267241379310345,5.482758620689655,26.91408877192983
7295,2021-12-13 23:00:00,Asia/Bangkok,83.00997008849556,12.22413793103448,11.19827586206897,26.8539903539823
7296,2021-12-14 00:00:00,Asia/Bangkok,84.52981547169814,16.90178571428572,15.73451327433628,26.50657207547171
7297,2021-12-14 01:00:00,Asia/Bangkok,84.32742060869562,16.03448275862069,15.05172413793103,26.200162
7298,2021-12-14 02:00:00,Asia/Bangkok,85.2623283783784,15.51754385964912,14.53508771929824,25.83824549549549
7299,2021-12-14 03:00:00,Asia/Bangkok,85.48795353982305,14.85344827586207,14.05172413793103,25.68840539823012
7300,2021-12-14 04:00:00,Asia/Bangkok,85.879527826087,15.23931623931624,14.51282051282051,25.13418852173911
7301,2021-12-14 05:00:00,Asia/Bangkok,87.14318929824559,16.03448275862069,15.16379310344828,24.6293185840708
7302,2021-12-14 06:00:00,Asia/Bangkok,88.83047530434786,14.53448275862069,13.66379310344828,24.5026211304348
7303,2021-12-14 07:00:00,Asia/Bangkok,89.51204774774776,15.58620689655172,14.64655172413793,24.51135455357145
7304,2021-12-14 08:00:00,Asia/Bangkok,89.48382843478261,15.79310344827586,14.87068965517241,24.83148895652175
7305,2021-12-14 09:00:00,Asia/Bangkok,81.57566974358976,10.28205128205128,9.606837606837606,27.16193146551724
7306,2021-12-14 10:00:00,Asia/Bangkok,74.33569845454545,8.68695652173913,8.068965517241379,29.01998618181819
7307,2021-12-14 11:00:00,Asia/Bangkok,73.48670697247707,10.12068965517241,9.577586206896552,29.5218562962963
7308,2021-12-14 12:00:00,Asia/Bangkok,69.76628298245616,10.60344827586207,10.01724137931035,31.38955798245614
7309,2021-12-14 13:00:00,Asia/Bangkok,64.95438616071428,10.18181818181818,9.60909090909091,33.13332214285715
7310,2021-12-14 14:00:00,Asia/Bangkok,64.23081422413793,7.448275862068965,6.862068965517241,32.5356675862069
7311,2021-12-14 15:00:00,Asia/Bangkok,69.7586980392157,10.77142857142857,9.923076923076923,30.67463176470588
7312,2021-12-14 16:00:00,Asia/Bangkok,80.90839769230769,11.20652173913044,10.26086956521739,28.23324076923077
7313,2021-12-14 17:00:00,Asia/Bangkok,75.64492257142855,7.8,7.3,28.46730828571429
7314,2021-12-14 18:00:00,Asia/Bangkok,77.71655892857143,10.82352941176471,9.952941176470588,28.37268773809524
7315,2021-12-14 19:00:00,Asia/Bangkok,78.04402360465116,8.625,8.102272727272727,27.98353348837209
7316,2021-12-14 20:00:00,Asia/Bangkok,79.55902808695649,32.39655172413793,28.61206896551724,27.58039965217389
7317,2021-12-14 21:00:00,Asia/Bangkok,83.67283484615382,19.56296296296296,18.5037037037037,26.74678692307691
7318,2021-12-14 22:00:00,Asia/Bangkok,86.2711777099237,26.39259259259259,25.06666666666667,26.18108015267173
7319,2021-12-14 23:00:00,Asia/Bangkok,87.44154300000002,30.68888888888889,28.99259259259259,26.04087284615386
7320,2021-12-15 00:00:00,Asia/Bangkok,87.41735400000002,34.00740740740741,31.17037037037037,26.02431829629631
7321,2021-12-15 01:00:00,Asia/Bangkok,87.89190058823532,37.10869565217391,33.06521739130435,25.82299477941177
7322,2021-12-15 02:00:00,Asia/Bangkok,87.65208760683757,34.95798319327731,31.6890756302521,25.72429449152543
7323,2021-12-15 03:00:00,Asia/Bangkok,88.16559214814814,36.33823529411764,32.59558823529412,25.32127768656715
7324,2021-12-15 04:00:00,Asia/Bangkok,88.18876991935481,32.609375,30.375,25.0844368548387
7325,2021-12-15 05:00:00,Asia/Bangkok,88.32528429824563,31.22608695652174,29.33913043478261,24.96352947368424
7326,2021-12-15 06:00:00,Asia/Bangkok,88.3348916521739,30.42608695652174,28.8,24.76011210526314
7327,2021-12-15 07:00:00,Asia/Bangkok,88.32915315789477,35.7304347826087,32.00862068965517,24.49882245614036
7328,2021-12-15 08:00:00,Asia/Bangkok,86.63861192982455,35.66666666666666,32.13675213675214,24.99034833333333
7329,2021-12-15 09:00:00,Asia/Bangkok,78.08650477876108,25.74137931034483,24.39130434782609,27.1690875221239
7330,2021-12-15 10:00:00,Asia/Bangkok,70.84911694736842,30.8125,29.08247422680412,29.63881157894738
7331,2021-12-15 11:00:00,Asia/Bangkok,68.52154826923078,34.99074074074074,31.94444444444444,31.10919740384615
7332,2021-12-15 12:00:00,Asia/Bangkok,65.54793664,39.79389312977099,34.85496183206107,32.07406359999999
7333,2021-12-15 13:00:00,Asia/Bangkok,62.98625300813008,33.27906976744186,30.73643410852713,32.88953000000001
7334,2021-12-15 14:00:00,Asia/Bangkok,64.40534684210527,28.87068965517241,27.43965517241379,32.58984666666667
7335,2021-12-15 15:00:00,Asia/Bangkok,61.06606557522124,21.68965517241379,20.51724137931035,33.30174348214284
7336,2021-12-15 16:00:00,Asia/Bangkok,61.06651083333335,18.24752475247525,17.48514851485148,32.96141617021276
7337,2021-12-15 17:00:00,Asia/Bangkok,61.72143294871794,19.75308641975309,18.76543209876543,32.52365038461539
7338,2021-12-15 18:00:00,Asia/Bangkok,64.57197487804878,28.52439024390244,26.64634146341463,31.63746024390245
7339,2021-12-15 19:00:00,Asia/Bangkok,72.56682180952382,31.12264150943396,28.27358490566038,29.59210028571428
7340,2021-12-15 20:00:00,Asia/Bangkok,75.16865685039372,47.37795275590551,39.81102362204724,29.35349685039367
7341,2021-12-15 21:00:00,Asia/Bangkok,78.40938675000001,54.93548387096774,44.84677419354838,28.53687208333334
7342,2021-12-15 22:00:00,Asia/Bangkok,80.22008877862602,55.26086956521739,45.31884057971015,28.03271847328242
7343,2021-12-15 23:00:00,Asia/Bangkok,82.77600192307692,53.09558823529412,43.90510948905109,27.17999476923073
7344,2021-12-16 00:00:00,Asia/Bangkok,83.49248549618324,45.05970149253731,37.90298507462686,26.87143259541987
7345,2021-12-16 01:00:00,Asia/Bangkok,83.28717520325205,38.84126984126984,33.904,26.71884853658537
7346,2021-12-16 02:00:00,Asia/Bangkok,83.4504630434783,37.09565217391305,32.89655172413793,26.5138919130435
7347,2021-12-16 03:00:00,Asia/Bangkok,85.00286356521745,36.14782608695652,32.43478260869565,25.97443817391304
7348,2021-12-16 04:00:00,Asia/Bangkok,86.39180062500007,37.71304347826087,33.12173913043478,25.34916955357143
7349,2021-12-16 05:00:00,Asia/Bangkok,85.71101476190476,36.77570093457944,32.83177570093458,25.20356163461539
7350,2021-12-16 06:00:00,Asia/Bangkok,86.64301991735537,36.87301587301587,32.93650793650794,24.7278874380165
7351,2021-12-16 07:00:00,Asia/Bangkok,86.66711616071436,38.08695652173913,33.72413793103448,24.57877848214285
7352,2021-12-16 08:00:00,Asia/Bangkok,87.63995131578949,40.37931034482759,35.01724137931034,24.73259175438596
7353,2021-12-16 09:00:00,Asia/Bangkok,79.85675353982305,26.88888888888889,25.23931623931624,27.29537345132745
7354,2021-12-16 10:00:00,Asia/Bangkok,70.19587375000002,30.93103448275862,28.86206896551724,30.04470321428572
7355,2021-12-16 11:00:00,Asia/Bangkok,67.08607345132741,34.63793103448276,31.68103448275862,30.75307061946902
7356,2021-12-16 12:00:00,Asia/Bangkok,63.44718884955751,33.75652173913043,31.07826086956522,31.22285796460175
7357,2021-12-16 13:00:00,Asia/Bangkok,62.38226798245615,59.58771929824562,53.1578947368421,31.83183451327434
7358,2021-12-16 14:00:00,Asia/Bangkok,64.80353980769232,45.98095238095238,38.84761904761905,31.20635634615384
7359,2021-12-16 15:00:00,Asia/Bangkok,67.58982475409836,42.61290322580645,36.50806451612903,30.80794442622952
7360,2021-12-16 16:00:00,Asia/Bangkok,67.83577508333336,42.65833333333333,36.625,31.24378499999998
7361,2021-12-16 17:00:00,Asia/Bangkok,67.28644991228069,38.0353982300885,33.75221238938053,31.20125114035087
7362,2021-12-16 18:00:00,Asia/Bangkok,71.4066728318584,61.81034482758621,53.79310344827586,29.9275849557522
7363,2021-12-16 19:00:00,Asia/Bangkok,75.74403234782612,67.26724137931035,56.81034482758621,29.22645608695652
7364,2021-12-16 20:00:00,Asia/Bangkok,77.48973927927929,56.59821428571428,46.25,28.78335414414415
7365,2021-12-16 21:00:00,Asia/Bangkok,78.60588252173909,61.17094017094017,49.55555555555556,28.360596
7366,2021-12-16 22:00:00,Asia/Bangkok,79.55234912280703,62.28205128205128,50.34188034188034,28.00779771929826
7367,2021-12-16 23:00:00,Asia/Bangkok,80.72929269230772,63.67289719626168,51.85981308411215,27.67341192307695
7368,2021-12-17 00:00:00,Asia/Bangkok,80.98347623931627,62.67768595041322,50.65833333333333,27.56383364406779
7369,2021-12-17 01:00:00,Asia/Bangkok,81.60879008695647,60.50862068965517,49.16379310344828,27.41189394736842
7370,2021-12-17 02:00:00,Asia/Bangkok,83.60891603448276,60.66379310344828,49.25,27.13494775862071
7371,2021-12-17 03:00:00,Asia/Bangkok,83.99699250000002,64.96551724137932,52.5,27.01810071428572
7372,2021-12-17 04:00:00,Asia/Bangkok,84.20871895652178,62.58119658119658,50.70940170940171,26.91253669565218
7373,2021-12-17 05:00:00,Asia/Bangkok,84.43274663716817,61.16379310344828,49.54310344827586,26.71764035398228
7374,2021-12-17 06:00:00,Asia/Bangkok,85.18593043478265,56.29310344827586,46.14655172413793,26.24325834782609
7375,2021-12-17 07:00:00,Asia/Bangkok,85.41810409090915,51.21551724137931,42.77586206896552,26.0866758715596
7376,2021-12-17 08:00:00,Asia/Bangkok,84.97252089285712,54.14035087719298,44.70175438596491,26.16755258928572
7377,2021-12-17 09:00:00,Asia/Bangkok,84.23716599999999,61.15126050420168,49.53781512605042,26.5684612173913
7378,2021-12-17 10:00:00,Asia/Bangkok,82.67725591304345,55.81034482758621,45.78448275862069,27.21793069565217
7379,2021-12-17 11:00:00,Asia/Bangkok,79.58656095652172,55.3448275862069,45.29310344827586,27.82049608695653
7380,2021-12-17 12:00:00,Asia/Bangkok,82.46457451327437,55.46551724137931,45.58620689655172,27.46710079646016
7381,2021-12-17 13:00:00,Asia/Bangkok,85.1888506956522,60.67826086956521,49.49565217391304,27.24737078260867
7382,2021-12-17 14:00:00,Asia/Bangkok,88.73900245614033,34.46956521739131,29.79130434782609,26.55516219298247
7383,2021-12-17 15:00:00,Asia/Bangkok,88.65344553571431,23.94827586206896,23.01724137931035,26.26022810810812
7384,2021-12-17 16:00:00,Asia/Bangkok,88.7465764347826,26.98275862068965,25.97413793103448,26.22031617391304
7385,2021-12-17 17:00:00,Asia/Bangkok,88.27057099099096,32.07079646017699,30.07964601769912,26.38510765765767
7386,2021-12-17 18:00:00,Asia/Bangkok,88.9435433628319,40.4,35.125,26.35031327433629
7387,2021-12-17 19:00:00,Asia/Bangkok,89.10970463636366,49.51724137931034,41.38793103448276,26.25563681818182
7388,2021-12-17 20:00:00,Asia/Bangkok,88.45850008695655,47.18965517241379,39.72413793103448,26.00865710526315
7389,2021-12-17 21:00:00,Asia/Bangkok,89.15354405172413,51.24786324786325,42.70940170940171,25.68333120689656
7390,2021-12-17 22:00:00,Asia/Bangkok,90.21616452173922,55.92241379310344,46.08620689655172,25.24271938596492
7391,2021-12-17 23:00:00,Asia/Bangkok,91.1482018103448,57.45689655172414,47.05172413793103,25.1584471551724
7392,2021-12-18 00:00:00,Asia/Bangkok,91.02892972727274,60.63392857142857,49.29464285714285,25.41630554545454
7393,2021-12-18 01:00:00,Asia/Bangkok,91.23547991452986,58.13675213675214,47.63247863247863,25.40018598290598
7394,2021-12-18 02:00:00,Asia/Bangkok,90.20388017543858,57.54782608695652,47.21739130434783,25.52610132743367
7395,2021-12-18 03:00:00,Asia/Bangkok,89.7681031034483,57.49572649572649,47.2991452991453,25.44039879310343
7396,2021-12-18 04:00:00,Asia/Bangkok,89.9765703418803,56.42735042735043,46.46153846153846,25.41143735042733
7397,2021-12-18 05:00:00,Asia/Bangkok,90.84432876106196,55.35344827586207,45.66379310344828,25.17142185840711
7398,2021-12-18 06:00:00,Asia/Bangkok,91.42687071428574,51.66379310344828,43.05172413793103,24.90939732142858
7399,2021-12-18 07:00:00,Asia/Bangkok,90.89333109090906,48.11111111111111,40.55555555555556,24.90634154545455
7400,2021-12-18 08:00:00,Asia/Bangkok,91.263932173913,47.66379310344828,40.12068965517241,25.1957696521739
7401,2021-12-18 09:00:00,Asia/Bangkok,92.51250535087719,39.60176991150443,33.72566371681416,25.26639584070796
7402,2021-12-18 10:00:00,Asia/Bangkok,92.1617896491228,7.222222222222222,6.863247863247863,25.86005763157895
7403,2021-12-18 11:00:00,Asia/Bangkok,85.74600356521739,9.818965517241379,9.362068965517242,27.99952269565215
7404,2021-12-18 12:00:00,Asia/Bangkok,83.185676952381,13.85981308411215,13.25233644859813,28.98982638095236
7405,2021-12-18 13:00:00,Asia/Bangkok,81.52815975609758,15.4,14.688,28.646518699187
7406,2021-12-18 14:00:00,Asia/Bangkok,81.35316965217396,16.74782608695652,16.0,29.28451771929821
7407,2021-12-18 15:00:00,Asia/Bangkok,78.27846477477478,14.04424778761062,13.26548672566372,29.51706693693693
7408,2021-12-18 16:00:00,Asia/Bangkok,78.76104884955747,11.87931034482759,11.31034482758621,29.29221088495576
7409,2021-12-18 17:00:00,Asia/Bangkok,81.09465935779815,13.23275862068965,12.24137931034483,28.83032926605503
7410,2021-12-18 18:00:00,Asia/Bangkok,84.80655063063062,16.06086956521739,15.00869565217391,27.93276846846846
7411,2021-12-18 19:00:00,Asia/Bangkok,84.9581610091743,16.28947368421053,15.37719298245614,27.53331073394494
7412,2021-12-18 20:00:00,Asia/Bangkok,85.61136883928576,19.51282051282051,18.56410256410257,26.8233327027027
7413,2021-12-18 21:00:00,Asia/Bangkok,86.61558176991149,17.17543859649123,16.35964912280702,26.43651884955752
7414,2021-12-18 22:00:00,Asia/Bangkok,87.47481620689656,19.57758620689655,18.5948275862069,26.24571991304348
7415,2021-12-18 23:00:00,Asia/Bangkok,88.50612069565219,20.04310344827586,19.10344827586207,25.96617156521741
7416,2021-12-19 00:00:00,Asia/Bangkok,88.56080639639643,21.69369369369369,20.51351351351351,25.85475018181817
7417,2021-12-19 01:00:00,Asia/Bangkok,89.77994181034481,21.79310344827586,20.63793103448276,25.55432482758625
7418,2021-12-19 02:00:00,Asia/Bangkok,89.92716306306303,21.5948275862069,20.51724137931035,25.72330270270272
7419,2021-12-19 03:00:00,Asia/Bangkok,89.715435,19.25862068965517,18.26724137931035,25.62505898148149
7420,2021-12-19 04:00:00,Asia/Bangkok,90.44078201754387,18.23275862068965,17.24137931034483,25.44421324561404
7421,2021-12-19 05:00:00,Asia/Bangkok,90.33452805309739,16.41379310344828,15.56896551724138,25.44861592920358
7422,2021-12-19 06:00:00,Asia/Bangkok,90.40467938053094,15.74358974358974,14.92307692307692,25.38235460176992
7423,2021-12-19 07:00:00,Asia/Bangkok,90.2188297345133,13.16521739130435,12.41739130434783,25.35581743362832
7424,2021-12-19 08:00:00,Asia/Bangkok,90.53417787610623,12.78632478632479,12.03418803418803,25.38710566371683
7425,2021-12-19 09:00:00,Asia/Bangkok,89.55924455357146,12.53448275862069,11.9051724137931,25.92109741071427
7426,2021-12-19 10:00:00,Asia/Bangkok,86.69928294642857,13.36521739130435,12.58260869565217,26.82540999999999
7427,2021-12-19 11:00:00,Asia/Bangkok,81.95842956896554,13.75213675213675,12.95726495726496,28.40174629310346
7428,2021-12-19 12:00:00,Asia/Bangkok,79.22521745614034,16.36521739130435,15.5304347826087,29.03697482456139
7429,2021-12-19 13:00:00,Asia/Bangkok,76.7376748245614,17.5948275862069,16.57758620689655,29.65967815789474
7430,2021-12-19 14:00:00,Asia/Bangkok,83.89889243478258,16.38461538461538,15.20689655172414,27.41620721739131
7431,2021-12-19 15:00:00,Asia/Bangkok,86.74386699115047,11.59130434782609,10.9051724137931,26.27752707964603
7432,2021-12-19 16:00:00,Asia/Bangkok,89.24753563636357,18.47787610619469,17.50877192982456,26.874766
7433,2021-12-19 17:00:00,Asia/Bangkok,87.59848054545452,15.05309734513274,14.26548672566372,26.82808399999998
7434,2021-12-19 18:00:00,Asia/Bangkok,89.01583756302529,15.12396694214876,14.36363636363636,25.77976109243698
7435,2021-12-19 19:00:00,Asia/Bangkok,88.60060548672566,25.64035087719298,23.29824561403509,25.44580312500001
7436,2021-12-19 20:00:00,Asia/Bangkok,89.84477333333331,33.18965517241379,30.36206896551724,25.44643824561405
7437,2021-12-19 21:00:00,Asia/Bangkok,90.82950203539825,21.68965517241379,20.62068965517241,25.62318362831858
7438,2021-12-19 22:00:00,Asia/Bangkok,91.37527912280699,22.52173913043478,21.19130434782609,25.68304657894737
7439,2021-12-19 23:00:00,Asia/Bangkok,92.57794359649124,29.86324786324786,27.09401709401709,25.40928789473685
7440,2021-12-20 00:00:00,Asia/Bangkok,92.3821875675676,21.3125,20.32142857142857,25.55355459459459
7441,2021-12-20 01:00:00,Asia/Bangkok,91.72269939130436,21.6551724137931,20.49137931034483,25.62534939130434
7442,2021-12-20 02:00:00,Asia/Bangkok,91.7467087962963,23.14678899082569,21.88990825688073,25.62970768518517
7443,2021-12-20 03:00:00,Asia/Bangkok,91.49532837606834,28.93162393162393,27.45299145299145,25.56593094017096
7444,2021-12-20 04:00:00,Asia/Bangkok,91.39019860869566,22.13793103448276,20.78448275862069,25.07214504347825
7445,2021-12-20 05:00:00,Asia/Bangkok,91.57149192660549,12.05172413793103,11.28448275862069,24.64374064220183
7446,2021-12-20 06:00:00,Asia/Bangkok,91.72848330357145,13.8034188034188,13.07692307692308,24.89258767857146
7447,2021-12-20 07:00:00,Asia/Bangkok,91.82623526785719,15.71929824561403,14.86842105263158,24.91577405405406
7448,2021-12-20 08:00:00,Asia/Bangkok,91.99599286956521,22.12931034482759,21.13793103448276,24.93495895652173
7449,2021-12-20 09:00:00,Asia/Bangkok,90.57434356521738,22.28448275862069,21.30172413793104,25.36992286956523
7450,2021-12-20 10:00:00,Asia/Bangkok,86.11994535714284,22.73913043478261,21.41739130434783,26.81551108108108
7451,2021-12-20 11:00:00,Asia/Bangkok,79.21770533333336,23.08490566037736,21.83809523809524,28.60764028571429
7452,2021-12-20 12:00:00,Asia/Bangkok,77.18419232142858,22.26548672566372,21.25438596491228,28.62368383928571
7453,2021-12-20 13:00:00,Asia/Bangkok,77.64680893442623,23.63709677419355,22.46774193548387,28.10005450819672
7454,2021-12-20 14:00:00,Asia/Bangkok,77.04305966101698,32.65833333333333,29.975,27.99868855932206
7455,2021-12-20 15:00:00,Asia/Bangkok,79.89587649122807,27.57391304347826,26.04347826086957,27.722729122807
7456,2021-12-20 16:00:00,Asia/Bangkok,79.0802318584071,25.93162393162393,24.7948717948718,27.49340150442478
7457,2021-12-20 17:00:00,Asia/Bangkok,79.65173263157895,24.46956521739131,23.50434782608696,27.18156342105263
7458,2021-12-20 18:00:00,Asia/Bangkok,81.55766508771931,32.94017094017094,29.89655172413793,27.03033964912279
7459,2021-12-20 19:00:00,Asia/Bangkok,83.43032130434786,38.27586206896552,33.74358974358974,26.80194078260871
7460,2021-12-20 20:00:00,Asia/Bangkok,81.3449126213592,26.4622641509434,25.12264150943396,26.33516572815532
7461,2021-12-20 21:00:00,Asia/Bangkok,81.50319024999997,28.18333333333333,26.70833333333333,26.25173866666669
7462,2021-12-20 22:00:00,Asia/Bangkok,82.90720260162603,38.99166666666667,34.06666666666667,25.88477138211382
7463,2021-12-20 23:00:00,Asia/Bangkok,83.75544725663715,39.55172413793103,34.56896551724138,25.48389707964603
7464,2021-12-21 00:00:00,Asia/Bangkok,83.45300540540539,36.16964285714285,32.54464285714285,25.24490027027026
7465,2021-12-21 01:00:00,Asia/Bangkok,82.92534415929201,33.14529914529915,30.63247863247863,25.14549442477874
7466,2021-12-21 02:00:00,Asia/Bangkok,83.1443817431193,31.82758620689655,29.71551724137931,25.10681192660551
7467,2021-12-21 03:00:00,Asia/Bangkok,84.14429716814158,30.46551724137931,28.73275862068965,24.89105672566371
7468,2021-12-21 04:00:00,Asia/Bangkok,82.92107698275859,28.74137931034483,27.55172413793104,24.85485318965522
7469,2021-12-21 05:00:00,Asia/Bangkok,83.59137750000004,28.99038461538462,27.63461538461538,24.85659959999999
7470,2021-12-21 06:00:00,Asia/Bangkok,86.88119648,31.6875,29.7421875,24.61805608000001
7471,2021-12-21 07:00:00,Asia/Bangkok,87.37640315315315,30.99145299145299,29.1965811965812,24.6601435135135
7472,2021-12-21 08:00:00,Asia/Bangkok,88.35310869565217,32.00862068965517,30.17241379310345,24.59029166666667
7473,2021-12-21 09:00:00,Asia/Bangkok,86.31066245614034,31.61538461538462,29.7008547008547,25.56325333333335
7474,2021-12-21 10:00:00,Asia/Bangkok,84.61888008849554,31.31858407079646,29.53982300884956,26.19803176991152
7475,2021-12-21 11:00:00,Asia/Bangkok,86.18872421052633,41.25862068965517,35.3448275862069,26.34875096491228
7476,2021-12-21 12:00:00,Asia/Bangkok,83.01741807017544,39.41379310344828,34.51724137931034,26.9677747368421
7477,2021-12-21 13:00:00,Asia/Bangkok,80.28310771929824,37.4017094017094,33.36206896551724,27.39528499999999
7478,2021-12-21 14:00:00,Asia/Bangkok,77.95780603603603,33.86206896551724,31.22222222222222,27.85643549549549
7479,2021-12-21 15:00:00,Asia/Bangkok,83.30559530434778,48.43965517241379,40.70689655172414,27.17044035087721
7480,2021-12-21 16:00:00,Asia/Bangkok,86.07493530434779,40.62608695652174,35.30434782608695,26.64998800000001
7481,2021-12-21 17:00:00,Asia/Bangkok,87.01964535087716,30.22413793103448,28.08620689655172,26.13112219298244
7482,2021-12-21 18:00:00,Asia/Bangkok,87.59077767857146,25.92035398230088,24.89473684210526,25.29269840707965
7483,2021-12-21 19:00:00,Asia/Bangkok,88.49089645454548,29.74561403508772,28.48245614035088,24.80188099999995
7484,2021-12-21 20:00:00,Asia/Bangkok,88.85961304347829,29.30434782608696,27.78260869565218,24.63734771929827
7485,2021-12-21 21:00:00,Asia/Bangkok,88.0755401739131,25.23275862068965,24.07758620689655,24.9134323478261
7486,2021-12-21 22:00:00,Asia/Bangkok,87.3752610377358,19.73584905660377,19.02830188679245,25.0698062264151
7487,2021-12-21 23:00:00,Asia/Bangkok,87.24036652892556,20.14285714285714,19.44444444444444,25.25882595041324
7488,2021-12-22 00:00:00,Asia/Bangkok,87.88290882882886,26.65217391304348,25.6,25.12540792792795
7489,2021-12-22 01:00:00,Asia/Bangkok,88.03842801801794,28.01785714285714,27.08035714285714,25.16517045454544
7490,2021-12-22 02:00:00,Asia/Bangkok,88.3755711403509,32.96581196581197,30.70689655172414,25.04260663716817
7491,2021-12-22 03:00:00,Asia/Bangkok,88.30618447368425,30.8495575221239,29.2719298245614,24.93527780701752
7492,2021-12-22 04:00:00,Asia/Bangkok,88.51791339285715,29.18103448275862,27.85344827586207,24.83009848214285
7493,2021-12-22 05:00:00,Asia/Bangkok,89.66368508771926,29.86206896551724,28.42241379310345,24.53348807017544
7494,2021-12-22 06:00:00,Asia/Bangkok,90.17768419642859,31.5948275862069,29.78448275862069,24.51085357142857
7495,2021-12-22 07:00:00,Asia/Bangkok,90.44049852173909,37.10344827586207,33.12068965517241,24.6828553043478
7496,2021-12-22 08:00:00,Asia/Bangkok,90.67554605263157,39.25217391304348,34.30434782608695,24.84038622807019
7497,2021-12-22 09:00:00,Asia/Bangkok,87.69985805555552,33.97297297297298,31.27027027027027,25.62265777777779
7498,2021-12-22 10:00:00,Asia/Bangkok,82.69419932203392,22.34710743801653,21.44628099173554,26.95728279661017
7499,2021-12-22 11:00:00,Asia/Bangkok,78.47228526785716,21.75652173913043,20.99137931034483,28.37555883928573
7500,2021-12-22 12:00:00,Asia/Bangkok,75.57582087719298,16.92241379310345,16.14655172413793,29.0950906140351
7501,2021-12-22 13:00:00,Asia/Bangkok,65.25835672727274,10.70940170940171,10.22222222222222,32.36663563636364
7502,2021-12-22 14:00:00,Asia/Bangkok,64.56149945945944,11.23275862068965,10.70689655172414,31.49414145454545
7503,2021-12-22 15:00:00,Asia/Bangkok,68.16990669565216,11.17948717948718,10.69230769230769,30.24842739130435
7504,2021-12-22 16:00:00,Asia/Bangkok,63.51625585585587,9.64655172413793,9.206896551724139,31.8273572072072
7505,2021-12-22 17:00:00,Asia/Bangkok,67.70797807692307,14.99090909090909,14.25454545454545,31.00608163461539
7506,2021-12-22 18:00:00,Asia/Bangkok,70.56026436893202,21.68932038834951,20.16504854368932,29.93774922330097
7507,2021-12-22 19:00:00,Asia/Bangkok,73.22807193277308,15.0495867768595,14.31404958677686,28.47977478991595
7508,2021-12-22 20:00:00,Asia/Bangkok,78.01138626984127,18.26923076923077,17.37692307692308,27.57680492063491
7509,2021-12-22 21:00:00,Asia/Bangkok,80.6940425663717,33.60683760683761,30.75213675213675,26.97757946902655
7510,2021-12-22 22:00:00,Asia/Bangkok,83.10938973913048,37.00862068965517,33.00862068965517,26.27836660869566
7511,2021-12-22 23:00:00,Asia/Bangkok,84.15475481818186,32.44545454545455,30.23636363636364,25.95953055045871
7512,2021-12-23 00:00:00,Asia/Bangkok,84.98302042016805,28.14754098360656,26.91803278688525,25.66920991666672
7513,2021-12-23 01:00:00,Asia/Bangkok,85.51818954545458,39.57142857142857,34.61946902654867,25.37960504587157
7514,2021-12-23 02:00:00,Asia/Bangkok,86.71882153153157,23.75,22.74137931034483,25.3349956756757
7515,2021-12-23 03:00:00,Asia/Bangkok,85.38122203539822,20.69565217391304,19.91304347826087,25.53472663716818
7516,2021-12-23 04:00:00,Asia/Bangkok,84.42591504761907,22.48598130841122,21.55140186915888,25.48163413461538
7517,2021-12-23 05:00:00,Asia/Bangkok,84.5277561157025,22.35772357723577,21.54032258064516,25.45609743801654
7518,2021-12-23 06:00:00,Asia/Bangkok,85.52189813084112,25.72222222222222,24.39814814814815,25.10489102803738
7519,2021-12-23 07:00:00,Asia/Bangkok,87.58902869565222,32.79661016949152,30.48305084745763,24.42460373913043
7520,2021-12-23 08:00:00,Asia/Bangkok,89.76964000000008,46.85123966942149,39.38842975206612,24.43455316239317
7521,2021-12-23 09:00:00,Asia/Bangkok,83.45550573913043,39.43103448275862,34.56034482758621,26.63268652173912
7522,2021-12-23 10:00:00,Asia/Bangkok,72.64511009174313,49.18421052631579,41.1140350877193,29.62439669724772
7523,2021-12-23 11:00:00,Asia/Bangkok,66.6591863716814,42.99137931034483,36.96551724137931,31.10548176991152
7524,2021-12-23 12:00:00,Asia/Bangkok,60.86043827586208,35.27118644067797,32.04237288135593,32.99768051724138
7525,2021-12-23 13:00:00,Asia/Bangkok,58.54157069306931,46.6764705882353,42.18627450980392,33.68277247524752
7526,2021-12-23 14:00:00,Asia/Bangkok,58.20427681034485,48.23333333333333,42.99173553719008,33.8629598275862
7527,2021-12-23 15:00:00,Asia/Bangkok,58.98497495726497,36.96638655462185,34.16806722689076,33.47870186440679
7528,2021-12-23 16:00:00,Asia/Bangkok,59.6389352136752,28.64705882352941,27.52100840336135,33.16487620689654
7529,2021-12-23 17:00:00,Asia/Bangkok,61.48995416666666,31.22314049586777,29.40495867768595,32.14517574999998
7530,2021-12-23 18:00:00,Asia/Bangkok,68.66093884955751,40.29310344827586,35.18965517241379,30.57365456140351
7531,2021-12-23 19:00:00,Asia/Bangkok,74.55968130434782,55.99145299145299,45.94017094017094,29.34279605263155
7532,2021-12-23 20:00:00,Asia/Bangkok,77.40846964912284,56.62931034482759,46.35344827586207,28.82140725663718
7533,2021-12-23 21:00:00,Asia/Bangkok,80.36444432432431,40.69827586206897,35.61206896551724,28.23886828828828
7534,2021-12-23 22:00:00,Asia/Bangkok,82.58258346534653,21.23762376237624,20.27722772277228,27.67712623762378
7535,2021-12-23 23:00:00,Asia/Bangkok,83.17118976000003,20.3,19.13846153846154,27.57580088
7536,2021-12-24 00:00:00,Asia/Bangkok,84.27748999999999,19.84745762711864,18.8135593220339,27.09026634782607
7537,2021-12-24 01:00:00,Asia/Bangkok,85.53479660550455,35.5,31.91071428571428,26.50789620370369
7538,2021-12-24 02:00:00,Asia/Bangkok,86.6351424561403,38.47413793103448,33.72413793103448,25.96523105263157
7539,2021-12-24 03:00:00,Asia/Bangkok,86.94494548672564,39.56140350877193,34.47368421052632,25.72441999999999
7540,2021-12-24 04:00:00,Asia/Bangkok,87.69065765765764,36.57017543859649,32.7280701754386,25.57097162162165
7541,2021-12-24 05:00:00,Asia/Bangkok,87.37965393162389,32.70338983050848,30.46610169491525,25.49989803418806
7542,2021-12-24 06:00:00,Asia/Bangkok,86.99092495652177,32.07758620689656,29.85344827586207,25.21467156521741
7543,2021-12-24 07:00:00,Asia/Bangkok,87.10901543859646,34.46551724137931,31.47413793103448,24.8832537719298
7544,2021-12-24 08:00:00,Asia/Bangkok,89.12784179487183,52.04273504273505,45.05172413793103,24.89049085470086
7545,2021-12-24 09:00:00,Asia/Bangkok,85.39614739130431,25.37931034482759,24.06837606837607,26.84789173913045
7546,2021-12-24 10:00:00,Asia/Bangkok,73.37254769911505,22.93103448275862,21.06896551724138,29.83802141592921
7547,2021-12-24 11:00:00,Asia/Bangkok,66.58271584070795,10.55172413793103,9.612068965517242,31.64260848214286
7548,2021-12-24 12:00:00,Asia/Bangkok,63.45524810810812,14.94782608695652,13.64347826086957,32.54297518181818
7549,2021-12-24 13:00:00,Asia/Bangkok,60.70943834782608,6.965811965811966,6.615384615384615,33.29041947826085
7550,2021-12-24 14:00:00,Asia/Bangkok,56.42519981818183,1.719298245614035,1.552631578947368,34.40989697247707
7551,2021-12-24 15:00:00,Asia/Bangkok,56.67525800000001,1.652173913043478,1.396551724137931,33.93673252173912
7552,2021-12-24 16:00:00,Asia/Bangkok,58.61819786324786,1.068376068376068,0.8547008547008547,33.41286051282052
7553,2021-12-24 17:00:00,Asia/Bangkok,61.82859235849056,5.981308411214953,5.467289719626168,32.6431845283019
7554,2021-12-24 18:00:00,Asia/Bangkok,66.75748581818185,15.54054054054054,14.1981981981982,31.66776209090908
7555,2021-12-24 19:00:00,Asia/Bangkok,73.42127971962616,29.40740740740741,25.81481481481481,29.90267392523367
7556,2021-12-24 20:00:00,Asia/Bangkok,77.04210009009007,12.64545454545454,11.42727272727273,29.14204345454545
7557,2021-12-24 21:00:00,Asia/Bangkok,79.75240113207546,23.64864864864865,22.14414414414414,28.48407433962263
7558,2021-12-24 22:00:00,Asia/Bangkok,81.97103884615382,21.29245283018868,20.04716981132075,27.88464836538462
7559,2021-12-24 23:00:00,Asia/Bangkok,83.94730516666668,21.58536585365854,20.39024390243902,27.39248025210086
7560,2021-12-25 00:00:00,Asia/Bangkok,83.95965689922477,17.94656488549618,16.90839694656488,27.25121209302324
7561,2021-12-25 01:00:00,Asia/Bangkok,85.41787952,18.89763779527559,17.76377952755906,26.59612612903225
7562,2021-12-25 02:00:00,Asia/Bangkok,85.95777234782607,18.8974358974359,17.61538461538462,26.30925130434784
7563,2021-12-25 03:00:00,Asia/Bangkok,87.33574034782607,20.42735042735043,19.2051282051282,26.13528955752213
7564,2021-12-25 04:00:00,Asia/Bangkok,86.90130843478256,17.12931034482759,15.96551724137931,25.86446791304347
7565,2021-12-25 05:00:00,Asia/Bangkok,86.67450736842109,14.57758620689655,13.69827586206897,25.49886
7566,2021-12-25 06:00:00,Asia/Bangkok,86.78883035398229,16.96551724137931,15.80172413793103,25.20738601769914
7567,2021-12-25 07:00:00,Asia/Bangkok,86.99553736842104,19.48275862068965,18.05172413793104,24.95553877192984
7568,2021-12-25 08:00:00,Asia/Bangkok,88.51751678899079,26.29310344827586,24.0,25.031576146789
7569,2021-12-25 09:00:00,Asia/Bangkok,84.66165805309734,19.94871794871795,18.72649572649573,27.10474026548673
7570,2021-12-25 10:00:00,Asia/Bangkok,75.19542410714287,24.32173913043478,21.73913043478261,29.65872205357143
7571,2021-12-25 11:00:00,Asia/Bangkok,72.654136122449,9.623762376237623,8.702970297029703,30.14346234693879
7572,2021-12-25 12:00:00,Asia/Bangkok,68.57405767241379,4.508474576271187,4.093220338983051,31.15835782608693
7573,2021-12-25 13:00:00,Asia/Bangkok,70.58220883333333,9.926829268292684,9.16260162601626,31.25562225
7574,2021-12-25 14:00:00,Asia/Bangkok,72.47550966666664,15.27642276422764,14.02439024390244,30.95866041666667
7575,2021-12-25 15:00:00,Asia/Bangkok,71.81363135135133,10.21739130434783,9.121739130434783,30.46106324324325
7576,2021-12-25 16:00:00,Asia/Bangkok,70.77875725663716,9.41025641025641,8.683760683760683,30.28724893805312
7577,2021-12-25 17:00:00,Asia/Bangkok,70.7790122222222,11.92307692307692,11.07692307692308,30.3154701724138
7578,2021-12-25 18:00:00,Asia/Bangkok,74.32561398058255,13.56880733944954,12.31192660550459,29.27422105769231
7579,2021-12-25 19:00:00,Asia/Bangkok,78.23300514018689,25.31818181818182,22.74545454545455,28.4808118691589
7580,2021-12-25 20:00:00,Asia/Bangkok,80.4597011009174,58.61946902654867,47.91964285714285,28.22181293577982
7581,2021-12-25 21:00:00,Asia/Bangkok,83.14682000000002,55.91428571428571,45.35211267605634,27.72605014925373
7582,2021-12-25 22:00:00,Asia/Bangkok,84.460928515625,61.3587786259542,49.05343511450382,27.48179960937498
7583,2021-12-25 23:00:00,Asia/Bangkok,84.5320900806452,44.72307692307692,37.62307692307692,27.23967475806451
7584,2021-12-26 00:00:00,Asia/Bangkok,85.69846418604656,49.40151515151515,40.95454545454545,26.85552829457367
7585,2021-12-26 01:00:00,Asia/Bangkok,86.90749918699187,43.032,36.304,26.27613390243902
7586,2021-12-26 02:00:00,Asia/Bangkok,88.06575529411764,37.89166666666667,33.225,26.00020596638653
7587,2021-12-26 03:00:00,Asia/Bangkok,87.8430856521739,35.78260869565217,31.91304347826087,25.88424870689656
7588,2021-12-26 04:00:00,Asia/Bangkok,87.3017374336284,27.62068965517241,26.18965517241379,25.85739187500001
7589,2021-12-26 05:00:00,Asia/Bangkok,87.1101757522124,22.1304347826087,21.0,25.57225681415931
7590,2021-12-26 06:00:00,Asia/Bangkok,87.84222952830191,19.08411214953271,18.13084112149533,25.25254764150944
7591,2021-12-26 07:00:00,Asia/Bangkok,90.1407765322581,19.02380952380953,18.0,25.03003846774194
7592,2021-12-26 08:00:00,Asia/Bangkok,90.14949660714285,22.2695652173913,21.07826086956522,25.47844285714285
7593,2021-12-26 09:00:00,Asia/Bangkok,87.79710622807018,19.81896551724138,18.68103448275862,27.03931245614034
7594,2021-12-26 10:00:00,Asia/Bangkok,80.01441017391303,17.82758620689655,16.57758620689655,28.79453660869563
7595,2021-12-26 11:00:00,Asia/Bangkok,72.80834431034482,19.76724137931035,18.13793103448276,30.07728508620689
7596,2021-12-26 12:00:00,Asia/Bangkok,65.96737904347825,14.92241379310345,14.14655172413793,31.39030426086955
7597,2021-12-26 13:00:00,Asia/Bangkok,67.24058052631581,12.95726495726496,12.41025641025641,30.91014140350877
7598,2021-12-26 14:00:00,Asia/Bangkok,64.44927027027026,11.44827586206897,10.83620689655172,31.64464324324322
7599,2021-12-26 15:00:00,Asia/Bangkok,62.57206113043478,11.55555555555556,10.7948717948718,32.21323130434781
7600,2021-12-26 16:00:00,Asia/Bangkok,64.78790376146787,11.72972972972973,11.17117117117117,31.6246181651376
7601,2021-12-26 17:00:00,Asia/Bangkok,69.56140709401707,15.03305785123967,13.95867768595041,30.50893316239315
7602,2021-12-26 18:00:00,Asia/Bangkok,71.2818110526316,18.98290598290598,17.5948275862069,29.88601522123893
7603,2021-12-26 19:00:00,Asia/Bangkok,75.49991508771927,36.30172413793103,31.9051724137931,28.88329805309737
7604,2021-12-26 20:00:00,Asia/Bangkok,78.7310969911504,60.95689655172414,49.26495726495727,28.33620876106193
7605,2021-12-26 21:00:00,Asia/Bangkok,81.53203214285715,60.66379310344828,48.73275862068966,27.84087553571431
7606,2021-12-26 22:00:00,Asia/Bangkok,82.95529789473682,50.12931034482759,41.05172413793103,27.37115834782607
7607,2021-12-26 23:00:00,Asia/Bangkok,83.75966439655171,49.88034188034188,41.00854700854701,26.86551721739134
7608,2021-12-27 00:00:00,Asia/Bangkok,84.76601315315317,52.71681415929203,42.80530973451327,26.42095108108109
7609,2021-12-27 01:00:00,Asia/Bangkok,85.63932171171174,55.07207207207207,43.88288288288288,25.90093702702702
7610,2021-12-27 02:00:00,Asia/Bangkok,86.29657601769914,57.18103448275862,45.24137931034483,25.71466008849555
7611,2021-12-27 03:00:00,Asia/Bangkok,86.15453221238934,43.37606837606837,36.63247863247863,25.44152743362834
7612,2021-12-27 04:00:00,Asia/Bangkok,86.63671284482751,38.44827586206897,33.64655172413793,25.06157749999999
7613,2021-12-27 05:00:00,Asia/Bangkok,87.03273599999996,34.63247863247863,31.50427350427351,24.82640156521739
7614,2021-12-27 06:00:00,Asia/Bangkok,87.57103166666663,32.45299145299145,30.22222222222222,24.62036684210527
7615,2021-12-27 07:00:00,Asia/Bangkok,87.67495394736844,32.76724137931034,30.45689655172414,24.67098429824559
7616,2021-12-27 08:00:00,Asia/Bangkok,90.17783869158879,40.30172413793103,36.75862068965517,24.9070857009346
7617,2021-12-27 09:00:00,Asia/Bangkok,88.6348335135135,28.43103448275862,26.75,26.80745288288287
7618,2021-12-27 10:00:00,Asia/Bangkok,79.35111380952377,19.58095238095238,18.44761904761905,29.05526209523809
7619,2021-12-27 11:00:00,Asia/Bangkok,75.22083723577234,18.43548387096774,17.56451612903226,29.69697862903224
7620,2021-12-27 12:00:00,Asia/Bangkok,70.1471579310345,22.22413793103448,20.79310344827586,30.96479347826087
7621,2021-12-27 13:00:00,Asia/Bangkok,65.50992392857141,20.10619469026549,19.14159292035398,31.5861988392857
7622,2021-12-27 14:00:00,Asia/Bangkok,63.55070854700854,30.81196581196581,27.69230769230769,31.86500264957264
7623,2021-12-27 15:00:00,Asia/Bangkok,63.67563008771931,17.97391304347826,17.18260869565217,31.79945245614034
7624,2021-12-27 16:00:00,Asia/Bangkok,66.56615877192984,19.16379310344828,18.3448275862069,30.84977640350878
7625,2021-12-27 17:00:00,Asia/Bangkok,66.22407508771929,17.47008547008547,16.68376068376068,31.0883238596491
7626,2021-12-27 18:00:00,Asia/Bangkok,70.42659796460177,20.18260869565217,19.04310344827586,29.81833752212388
7627,2021-12-27 19:00:00,Asia/Bangkok,74.3852034259259,27.58181818181818,25.82727272727273,29.30096743119264
7628,2021-12-27 20:00:00,Asia/Bangkok,78.55167024390244,54.17886178861789,45.46341463414634,28.46866918032785
7629,2021-12-27 21:00:00,Asia/Bangkok,82.18018973451326,54.75,44.92241379310344,27.59331752212389
7630,2021-12-27 22:00:00,Asia/Bangkok,83.70752185840706,65.68103448275862,57.62931034482759,27.24092433628316
7631,2021-12-27 23:00:00,Asia/Bangkok,84.1928735964912,51.99137931034483,42.81034482758621,26.8557398245614
7632,2021-12-28 00:00:00,Asia/Bangkok,85.07472652173911,54.45299145299145,44.75213675213675,26.29069904347825
7633,2021-12-28 01:00:00,Asia/Bangkok,85.87186788990826,53.41964285714285,44.125,25.98966321100917
7634,2021-12-28 02:00:00,Asia/Bangkok,86.58011068965511,49.94017094017094,41.5948275862069,25.74573896551726
7635,2021-12-28 03:00:00,Asia/Bangkok,86.4041581578947,45.13793103448276,38.0940170940171,25.5507447368421
7636,2021-12-28 04:00:00,Asia/Bangkok,88.88529882882882,38.67241379310344,33.92241379310344,24.93312045045044
7637,2021-12-28 05:00:00,Asia/Bangkok,87.88887345132746,29.16379310344828,27.74137931034483,25.0122646017699
7638,2021-12-28 06:00:00,Asia/Bangkok,87.40022162393164,28.54700854700855,26.94017094017094,24.8019594017094
7639,2021-12-28 07:00:00,Asia/Bangkok,88.43943741379313,28.0948275862069,26.53448275862069,24.47120620689656
7640,2021-12-28 08:00:00,Asia/Bangkok,89.42750477477477,30.91379310344828,29.08620689655172,24.71557261261262
7641,2021-12-28 09:00:00,Asia/Bangkok,87.65352394736837,37.87068965517241,33.51724137931034,26.69636245614034
7642,2021-12-28 10:00:00,Asia/Bangkok,78.97589900900901,29.44827586206896,27.44827586206896,29.24584693693693
7643,2021-12-28 11:00:00,Asia/Bangkok,76.42201342105264,27.35042735042735,25.95689655172414,29.90157552631578
7644,2021-12-28 12:00:00,Asia/Bangkok,71.14389345132744,26.26086956521739,23.96551724137931,30.75094327433629
7645,2021-12-28 13:00:00,Asia/Bangkok,67.01209587719299,20.30172413793104,18.73275862068965,31.19120254385964
7646,2021-12-28 14:00:00,Asia/Bangkok,67.88932947368417,13.50862068965517,13.01724137931035,31.04972368421053
7647,2021-12-28 15:00:00,Asia/Bangkok,67.31395771929824,13.31034482758621,12.62931034482759,31.15716203539823
7648,2021-12-28 16:00:00,Asia/Bangkok,67.81534963302751,13.43103448275862,12.87068965517241,30.8699956880734
7649,2021-12-28 17:00:00,Asia/Bangkok,71.50049728070172,13.64957264957265,12.93162393162393,30.53121131578948
7650,2021-12-28 18:00:00,Asia/Bangkok,74.84378769911505,67.56896551724138,61.39655172413793,29.39094424778762
7651,2021-12-28 19:00:00,Asia/Bangkok,78.06146455357141,49.10344827586207,42.21551724137931,28.54657973214285
7652,2021-12-28 20:00:00,Asia/Bangkok,79.88584639639639,50.60683760683761,42.2051282051282,28.52172909909908
7653,2021-12-28 21:00:00,Asia/Bangkok,82.50519026785715,63.14782608695652,50.97391304347826,27.95848616071429
7654,2021-12-28 22:00:00,Asia/Bangkok,84.39209508771927,58.89655172413793,48.18965517241379,27.5107440350877
7655,2021-12-28 23:00:00,Asia/Bangkok,85.44664557522124,41.06086956521739,35.3304347826087,27.22322592920355
7656,2021-12-29 00:00:00,Asia/Bangkok,85.91024232142863,42.33333333333334,36.21052631578947,26.98774973214287
7657,2021-12-29 01:00:00,Asia/Bangkok,86.13782009345798,45.94642857142857,38.55357142857143,26.61355420560747
7658,2021-12-29 02:00:00,Asia/Bangkok,86.5090799115044,49.61206896551724,41.39655172413793,26.34589415929203
7659,2021-12-29 03:00:00,Asia/Bangkok,87.28067240740735,50.37391304347826,41.96521739130435,25.9783036111111
7660,2021-12-29 04:00:00,Asia/Bangkok,88.44879982300878,40.18103448275862,34.81034482758621,25.88810929203537
7661,2021-12-29 05:00:00,Asia/Bangkok,89.40497833333329,27.88888888888889,26.4017094017094,25.68934701754386
7662,2021-12-29 06:00:00,Asia/Bangkok,89.86551168141592,39.75,34.28448275862069,25.52527530973454
7663,2021-12-29 07:00:00,Asia/Bangkok,89.76636377192982,39.23275862068966,34.1551724137931,25.39649815789474
7664,2021-12-29 08:00:00,Asia/Bangkok,90.16172423423428,33.07758620689656,29.75,25.44306000000001
7665,2021-12-29 09:00:00,Asia/Bangkok,90.25625633928573,19.06896551724138,17.75,26.47442714285715
7666,2021-12-29 10:00:00,Asia/Bangkok,83.48351672413796,16.88034188034188,15.30769230769231,28.53429603448276
7667,2021-12-29 11:00:00,Asia/Bangkok,76.30607460176991,34.45689655172414,30.13793103448276,29.4757085840708
7668,2021-12-29 12:00:00,Asia/Bangkok,74.88778982608697,9.043103448275861,8.198275862068966,30.05769573913045
7669,2021-12-29 13:00:00,Asia/Bangkok,81.40652321739127,6.422413793103448,5.672413793103448,29.07494478260868
7670,2021-12-29 14:00:00,Asia/Bangkok,73.99980168141592,4.521739130434782,3.739130434782609,30.21375681415929
7671,2021-12-29 15:00:00,Asia/Bangkok,80.57437135135135,4.275862068965517,3.353448275862069,29.13455837837838
7672,2021-12-29 16:00:00,Asia/Bangkok,79.62646963963967,6.370689655172414,5.508620689655173,28.81727072072071
7673,2021-12-29 17:00:00,Asia/Bangkok,76.6698217117117,5.391304347826087,4.808695652173913,29.22195660714286
7674,2021-12-29 18:00:00,Asia/Bangkok,83.8696467857143,7.780701754385965,7.026315789473684,27.4787573214286
7675,2021-12-29 19:00:00,Asia/Bangkok,87.6156302631579,7.336206896551724,6.637931034482759,26.4157475221239
7676,2021-12-29 20:00:00,Asia/Bangkok,87.63309963963965,11.54385964912281,10.51754385964912,27.02526396396396
7677,2021-12-29 21:00:00,Asia/Bangkok,88.07215796460184,11.46551724137931,10.45689655172414,26.83064185840707
7678,2021-12-29 22:00:00,Asia/Bangkok,88.72707517543857,9.318965517241379,8.344827586206897,26.62981964912282
7679,2021-12-29 23:00:00,Asia/Bangkok,88.68302008695652,11.58620689655172,10.38793103448276,26.54022486956522
7680,2021-12-30 00:00:00,Asia/Bangkok,90.89970805309733,10.89655172413793,9.956896551724139,25.66221885964914
7681,2021-12-30 01:00:00,Asia/Bangkok,92.25814446428566,4.787610619469026,3.398230088495575,24.51359144144145
7682,2021-12-30 02:00:00,Asia/Bangkok,92.91666859649128,5.508620689655173,4.310344827586207,24.78263592920356
7683,2021-12-30 03:00:00,Asia/Bangkok,92.95113333333333,5.952380952380953,4.571428571428571,24.80557
7684,2021-12-30 04:00:00,Asia/Bangkok,92.41983145454549,7.441441441441442,6.684684684684685,24.79399509090909
7685,2021-12-30 05:00:00,Asia/Bangkok,92.26113579439262,8.216216216216216,7.153153153153153,24.96830242990655
7686,2021-12-30 06:00:00,Asia/Bangkok,91.68127850877201,9.525862068965518,8.73913043478261,25.20369157894734
7687,2021-12-30 07:00:00,Asia/Bangkok,91.29468858407078,9.530434782608696,8.689655172413794,25.1397768141593
7688,2021-12-30 08:00:00,Asia/Bangkok,91.84753359649125,11.05217391304348,10.13913043478261,25.21332140350877
7689,2021-12-30 09:00:00,Asia/Bangkok,91.73767686956526,10.93965517241379,9.724137931034482,25.956606
7690,2021-12-30 10:00:00,Asia/Bangkok,88.67858142857142,10.10344827586207,8.741379310344827,27.52799142857142
7691,2021-12-30 11:00:00,Asia/Bangkok,85.62463707964602,8.717948717948717,7.119658119658119,28.18655469026548
7692,2021-12-30 12:00:00,Asia/Bangkok,87.88945946428575,9.810344827586206,8.310344827586206,27.15159375
7693,2021-12-30 13:00:00,Asia/Bangkok,81.09176330434781,10.0948275862069,8.78448275862069,28.25644315789475
7694,2021-12-30 14:00:00,Asia/Bangkok,77.62011008928569,9.339130434782609,8.269565217391305,28.53377517857142
7695,2021-12-30 15:00:00,Asia/Bangkok,81.45120189189186,7.947826086956522,6.896551724137931,27.62558261261261
7696,2021-12-30 16:00:00,Asia/Bangkok,77.92083728070173,5.957264957264957,5.153846153846154,27.71457912280701
7697,2021-12-30 17:00:00,Asia/Bangkok,77.67926271929826,5.517241379310345,4.405172413793103,27.76520096491225
7698,2021-12-30 18:00:00,Asia/Bangkok,76.86847394736837,5.78448275862069,4.681034482758621,27.61694798245615
7699,2021-12-30 19:00:00,Asia/Bangkok,78.62692824561404,6.620689655172414,5.551724137931035,27.16537798245613
7700,2021-12-30 20:00:00,Asia/Bangkok,79.7125553508772,7.017241379310345,5.810344827586207,26.96145087719298
7701,2021-12-30 21:00:00,Asia/Bangkok,81.12805278260866,7.060344827586207,5.78448275862069,26.69290069565219
7702,2021-12-30 22:00:00,Asia/Bangkok,84.09841347826082,9.39655172413793,7.96551724137931,26.47392878260869
7703,2021-12-30 23:00:00,Asia/Bangkok,88.76724421052633,8.076923076923077,7.017094017094017,26.17371265486727
7704,2021-12-31 00:00:00,Asia/Bangkok,89.25582321428571,8.655172413793103,7.810344827586207,26.05842517857143
7705,2021-12-31 01:00:00,Asia/Bangkok,89.18660183486243,10.91964285714286,9.910714285714286,25.82871027522934
7706,2021-12-31 02:00:00,Asia/Bangkok,89.78047918181821,10.65217391304348,9.6,25.5392603669725
7707,2021-12-31 03:00:00,Asia/Bangkok,90.38619763157895,9.947826086956521,8.905172413793103,25.4643799122807
7708,2021-12-31 04:00:00,Asia/Bangkok,90.32841061946904,9.491379310344827,8.456896551724139,25.52206008849562
7709,2021-12-31 05:00:00,Asia/Bangkok,90.04372448275863,8.456896551724139,7.612068965517241,25.45278241379307
7710,2021-12-31 06:00:00,Asia/Bangkok,89.85710271929824,7.552631578947368,6.482456140350878,25.17429640350876
7711,2021-12-31 07:00:00,Asia/Bangkok,90.25075773913046,7.508620689655173,6.46551724137931,25.13091443478261
7712,2021-12-31 08:00:00,Asia/Bangkok,90.5477419090909,7.724137931034483,6.594827586206897,25.59929554545453
7713,2021-12-31 09:00:00,Asia/Bangkok,87.59124394736841,4.923076923076923,4.17948717948718,26.79664043859647
7714,2021-12-31 10:00:00,Asia/Bangkok,85.43387718181818,6.637931034482759,5.775862068965517,27.44997854545453
7715,2021-12-31 11:00:00,Asia/Bangkok,86.97329725,10.97619047619048,9.904761904761905,26.487574
7716,2021-12-31 12:00:00,Asia/Bangkok,92.6661332142857,10.66666666666667,9.633333333333333,26.73790892857142
7717,2021-12-31 13:00:00,Asia/Bangkok,79.45683173913045,8.773913043478261,7.565217391304348,28.49643565217392
7718,2021-12-31 14:00:00,Asia/Bangkok,72.9344755652174,8.672413793103448,7.422413793103448,29.18538130434784
7719,2021-12-31 15:00:00,Asia/Bangkok,73.03489356521742,8.478260869565217,7.034782608695652,29.20609373913044
7720,2021-12-31 16:00:00,Asia/Bangkok,71.18415394736843,8.147826086956522,6.826086956521739,29.62414280701752
7721,2021-12-31 17:00:00,Asia/Bangkok,73.69469078947371,9.26086956521739,7.895652173913043,29.12570443478261
7722,2021-12-31 18:00:00,Asia/Bangkok,75.98983535087717,11.78448275862069,10.1551724137931,28.37824920353982
7723,2021-12-31 19:00:00,Asia/Bangkok,79.98880956140347,17.43103448275862,15.6551724137931,27.64632230088496
7724,2021-12-31 20:00:00,Asia/Bangkok,83.63587772727273,31.53448275862069,27.98275862068965,26.78047972727273
7725,2021-12-31 21:00:00,Asia/Bangkok,85.81181070796464,21.72649572649573,19.88888888888889,26.25564973214287
7726,2021-12-31 22:00:00,Asia/Bangkok,86.32797017543858,25.47413793103448,23.49137931034483,26.34127929824562
7727,2021-12-31 23:00:00,Asia/Bangkok,87.29488573913042,28.38793103448276,25.98275862068965,26.2111435652174
7728,2022-01-01 00:00:00,Asia/Bangkok,87.67068599999999,16.43965517241379,15.14655172413793,26.0893548275862
7729,2022-01-01 01:00:00,Asia/Bangkok,87.2477848181818,81.76785714285714,52.98148148148148,26.06043743119266
7730,2022-01-01 02:00:00,Asia/Bangkok,87.5096348275862,30.06896551724138,26.94827586206896,25.92303732758621
7731,2022-01-01 03:00:00,Asia/Bangkok,88.11692163793097,36.76923076923077,32.58974358974359,25.8409495689655
7732,2022-01-01 04:00:00,Asia/Bangkok,88.00349103448278,35.57758620689656,31.46551724137931,25.86334775862069
7733,2022-01-01 05:00:00,Asia/Bangkok,88.1867664285714,20.70434782608696,19.47826086956522,25.47079
7734,2022-01-01 06:00:00,Asia/Bangkok,87.37224624999998,15.23275862068965,14.06034482758621,25.26307910714288
7735,2022-01-01 07:00:00,Asia/Bangkok,86.42317141592922,12.12820512820513,11.23931623931624,25.11257849557522
7736,2022-01-01 08:00:00,Asia/Bangkok,85.71363276785715,12.2212389380531,11.28318584070797,25.28877794642857
7737,2022-01-01 09:00:00,Asia/Bangkok,83.7266846902655,15.37391304347826,14.42608695652174,26.19581106194691
7738,2022-01-01 10:00:00,Asia/Bangkok,80.80611060344827,14.0948275862069,13.20689655172414,27.77051327586208
7739,2022-01-01 11:00:00,Asia/Bangkok,82.05174,15.86206896551724,14.72413793103448,28.17709392523365
7740,2022-01-01 12:00:00,Asia/Bangkok,79.79239730434783,35.30172413793103,31.25,27.75868347826085
7741,2022-01-01 13:00:00,Asia/Bangkok,75.45856196428572,28.60869565217391,26.84347826086956,27.41910553571426
7742,2022-01-01 14:00:00,Asia/Bangkok,73.47887557522122,22.35042735042735,20.94871794871795,28.17986592920354
7743,2022-01-01 15:00:00,Asia/Bangkok,74.06943053571429,19.83620689655172,18.68103448275862,27.94959348214286
7744,2022-01-01 16:00:00,Asia/Bangkok,74.0407360526316,20.31034482758621,19.0,28.07137336283185
7745,2022-01-01 17:00:00,Asia/Bangkok,75.37966572727275,19.33043478260869,17.70434782608696,27.9420969090909
7746,2022-01-01 18:00:00,Asia/Bangkok,75.23420150442473,23.9051724137931,22.18965517241379,27.5859430973451
7747,2022-01-01 19:00:00,Asia/Bangkok,79.6932376146789,34.77586206896552,31.41379310344828,27.18755963302753
7748,2022-01-01 20:00:00,Asia/Bangkok,82.76871513513515,136.7068965517241,118.448275862069,26.85737225225225
7749,2022-01-01 21:00:00,Asia/Bangkok,86.10246339285713,53.55172413793103,43.75,26.28495223214287
7750,2022-01-01 22:00:00,Asia/Bangkok,87.47938607142859,48.35344827586207,40.37068965517241,25.99121687500001
7751,2022-01-01 23:00:00,Asia/Bangkok,87.7800176785715,42.48695652173913,36.05217391304348,25.65573562500003
7752,2022-01-02 00:00:00,Asia/Bangkok,88.52180254385962,44.92105263157895,37.62280701754386,25.3882294736842
7753,2022-01-02 01:00:00,Asia/Bangkok,88.13288401785717,38.63392857142857,33.38392857142857,25.1396683035714
7754,2022-01-02 02:00:00,Asia/Bangkok,88.56970614035082,28.87826086956522,27.05217391304348,24.8562901754386
7755,2022-01-02 03:00:00,Asia/Bangkok,88.09438681415934,23.12931034482759,21.62931034482759,24.93565053097344
7756,2022-01-02 04:00:00,Asia/Bangkok,87.50915553571431,20.5948275862069,19.12068965517241,24.86712589285712
7757,2022-01-02 05:00:00,Asia/Bangkok,88.0364327192982,16.9051724137931,15.91379310344828,24.56551433628317
7758,2022-01-02 06:00:00,Asia/Bangkok,87.92296693693693,15.73043478260869,14.63478260869565,24.55814360360363
7759,2022-01-02 07:00:00,Asia/Bangkok,87.76877398230087,15.59130434782609,14.4,24.60923185840708
7760,2022-01-02 08:00:00,Asia/Bangkok,88.74112899999999,16.38793103448276,15.12068965517241,24.69633281818182
7761,2022-01-02 09:00:00,Asia/Bangkok,86.95555666666667,14.17241379310345,13.12068965517241,25.77280394736843
7762,2022-01-02 10:00:00,Asia/Bangkok,79.4671546956522,10.96551724137931,10.18965517241379,28.29869391304348
7763,2022-01-02 11:00:00,Asia/Bangkok,76.83625181034482,12.43103448275862,11.75862068965517,28.74071732758622
7764,2022-01-02 12:00:00,Asia/Bangkok,69.80055165217395,30.76923076923077,27.8034188034188,30.16697104347826
7765,2022-01-02 13:00:00,Asia/Bangkok,71.71820517241379,18.56034482758621,17.38793103448276,30.05014465517241
7766,2022-01-02 14:00:00,Asia/Bangkok,70.58766582608695,19.60683760683761,18.65811965811966,30.51116469565218
7767,2022-01-02 15:00:00,Asia/Bangkok,71.37085232758618,17.05172413793104,16.21551724137931,30.33575431034483
7768,2022-01-02 16:00:00,Asia/Bangkok,71.25442061946904,15.75862068965517,14.78448275862069,30.16429778761063
7769,2022-01-02 17:00:00,Asia/Bangkok,75.13705649122807,14.69827586206897,13.70689655172414,29.06154657894736
7770,2022-01-02 18:00:00,Asia/Bangkok,74.39383565217386,21.6551724137931,20.02586206896552,28.63034669565217
7771,2022-01-02 19:00:00,Asia/Bangkok,77.15160043103448,33.64957264957265,29.96581196581197,27.98968706896551
7772,2022-01-02 20:00:00,Asia/Bangkok,79.08215640350879,24.57758620689655,22.72413793103448,27.61327070175438
7773,2022-01-02 21:00:00,Asia/Bangkok,80.76825105263161,17.46017699115044,16.0353982300885,27.03598517543861
7774,2022-01-02 22:00:00,Asia/Bangkok,81.54520539130438,14.42735042735043,13.26495726495727,26.87034652173914
7775,2022-01-02 23:00:00,Asia/Bangkok,82.34358596491231,13.68965517241379,12.58620689655172,26.63853035087719
7776,2022-01-03 00:00:00,Asia/Bangkok,83.59999043859644,18.61206896551724,17.29310344827586,26.23509736842103
7777,2022-01-03 01:00:00,Asia/Bangkok,84.69641027272725,15.64601769911504,14.24778761061947,25.827464
7778,2022-01-03 02:00:00,Asia/Bangkok,86.23181149122809,15.25862068965517,14.0,25.33971789473686
7779,2022-01-03 03:00:00,Asia/Bangkok,87.17957070796464,13.21551724137931,12.12068965517241,25.16588752212389
7780,2022-01-03 04:00:00,Asia/Bangkok,87.19030217391304,14.54310344827586,13.30172413793103,24.8680604347826
7781,2022-01-03 05:00:00,Asia/Bangkok,87.71299482456136,14.95689655172414,13.62068965517241,24.49352763157895
7782,2022-01-03 06:00:00,Asia/Bangkok,88.14517307017546,15.31896551724138,14.29310344827586,24.36301070175439
7783,2022-01-03 07:00:00,Asia/Bangkok,88.90391678260869,15.91379310344828,15.0948275862069,24.29970295652176
7784,2022-01-03 08:00:00,Asia/Bangkok,90.78592672566366,20.57391304347826,19.37068965517241,24.49495336283186
7785,2022-01-03 09:00:00,Asia/Bangkok,89.34769043859644,22.38461538461538,21.15384615384615,25.63134640350876
7786,2022-01-03 10:00:00,Asia/Bangkok,82.61603912280697,20.45217391304348,19.29565217391304,27.91574175438597
7787,2022-01-03 11:00:00,Asia/Bangkok,76.4762636842105,17.78260869565218,16.82608695652174,29.28041912280703
7788,2022-01-03 12:00:00,Asia/Bangkok,75.01770594827588,17.6551724137931,16.5948275862069,29.33658982758622
7789,2022-01-03 13:00:00,Asia/Bangkok,73.6207863478261,16.90434782608695,15.80869565217391,29.87133060869564
7790,2022-01-03 14:00:00,Asia/Bangkok,73.67944965517243,16.37931034482759,15.53448275862069,29.9731653448276
7791,2022-01-03 15:00:00,Asia/Bangkok,74.36441491228071,19.56034482758621,18.17241379310345,29.47432377192983
7792,2022-01-03 16:00:00,Asia/Bangkok,78.84413573913044,18.1025641025641,16.97435897435897,28.55383565217392
7793,2022-01-03 17:00:00,Asia/Bangkok,86.84620460869566,17.81034482758621,16.8448275862069,27.29060765217391
7794,2022-01-03 18:00:00,Asia/Bangkok,86.79356405172419,20.82051282051282,19.78632478632479,27.73692922413791
7795,2022-01-03 19:00:00,Asia/Bangkok,87.33546199999998,25.46491228070175,24.25438596491228,27.55337130434781
7796,2022-01-03 20:00:00,Asia/Bangkok,87.88960495575218,29.87068965517241,27.67241379310345,27.07792080357143
7797,2022-01-03 21:00:00,Asia/Bangkok,88.81605603448271,21.25862068965517,19.92241379310345,26.49331250000002
7798,2022-01-03 22:00:00,Asia/Bangkok,90.42780149122808,16.68965517241379,15.41379310344828,25.78917719298247
7799,2022-01-03 23:00:00,Asia/Bangkok,89.62930460869566,12.50862068965517,11.75862068965517,25.70824547826087
7800,2022-01-04 00:00:00,Asia/Bangkok,89.66562383928574,12.54310344827586,11.81034482758621,25.70568714285715
7801,2022-01-04 01:00:00,Asia/Bangkok,89.64010063063058,12.22321428571429,11.55357142857143,25.60457900900905
7802,2022-01-04 02:00:00,Asia/Bangkok,90.38652260869564,15.64655172413793,14.78448275862069,25.44196267241381
7803,2022-01-04 03:00:00,Asia/Bangkok,91.15810728070178,16.1025641025641,15.1025641025641,25.16565539823008
7804,2022-01-04 04:00:00,Asia/Bangkok,90.8854242105263,15.01724137931035,14.25,24.96146780701753
7805,2022-01-04 05:00:00,Asia/Bangkok,90.80192660869565,15.76724137931035,14.75,24.92153791304349
7806,2022-01-04 06:00:00,Asia/Bangkok,91.64413565217393,14.96551724137931,14.1551724137931,24.72434904347826
7807,2022-01-04 07:00:00,Asia/Bangkok,91.2513158407079,17.88793103448276,16.92241379310345,24.89519336283184
7808,2022-01-04 08:00:00,Asia/Bangkok,91.38869280701748,13.47413793103448,12.25,24.83916719298246
7809,2022-01-04 09:00:00,Asia/Bangkok,91.52539666666665,13.81196581196581,12.62068965517241,25.31404552631577
7810,2022-01-04 10:00:00,Asia/Bangkok,91.54377530973453,11.37068965517241,10.32478632478633,25.53770646017699
7811,2022-01-04 11:00:00,Asia/Bangkok,89.2941736936937,11.5,10.62931034482759,26.31065135135134
7812,2022-01-04 12:00:00,Asia/Bangkok,85.35088412280702,21.10344827586207,19.29310344827586,27.7987149122807
7813,2022-01-04 13:00:00,Asia/Bangkok,83.88895849557521,14.38793103448276,13.41379310344828,27.94230168141593
7814,2022-01-04 14:00:00,Asia/Bangkok,83.26582508620689,14.72649572649573,13.84615384615385,28.2767469827586
7815,2022-01-04 15:00:00,Asia/Bangkok,84.72456064814814,14.37931034482759,13.35344827586207,28.29357833333333
7816,2022-01-04 16:00:00,Asia/Bangkok,77.81346182608692,13.20353982300885,12.27433628318584,29.4816468695652
7817,2022-01-04 17:00:00,Asia/Bangkok,78.84867973214287,16.06837606837607,15.01709401709402,29.07918866071429
7818,2022-01-04 18:00:00,Asia/Bangkok,79.72563407079649,17.29310344827586,16.18965517241379,28.4502556637168
7819,2022-01-04 19:00:00,Asia/Bangkok,84.55472403508772,45.11965811965812,42.4017094017094,27.17003798245615
7820,2022-01-04 20:00:00,Asia/Bangkok,85.78322200000002,25.14782608695652,23.62608695652174,27.06112086956519
7821,2022-01-04 21:00:00,Asia/Bangkok,87.04952060869566,59.66086956521739,56.45217391304348,26.75009147826088
7822,2022-01-04 22:00:00,Asia/Bangkok,88.23165146551727,29.87068965517241,27.82758620689655,26.41656499999999
7823,2022-01-04 23:00:00,Asia/Bangkok,89.1368871929824,88.21551724137932,80.54310344827586,26.03807789473683
7824,2022-01-05 00:00:00,Asia/Bangkok,89.29803052631584,64.89655172413794,55.98275862068966,25.89029868421053
7825,2022-01-05 01:00:00,Asia/Bangkok,89.65858596330271,41.55855855855856,35.89189189189189,25.70499623853209
7826,2022-01-05 02:00:00,Asia/Bangkok,89.27545945454547,46.66666666666666,42.8034188034188,25.49607627272728
7827,2022-01-05 03:00:00,Asia/Bangkok,89.63317071428573,38.47413793103448,34.04310344827586,25.15843232142857
7828,2022-01-05 04:00:00,Asia/Bangkok,89.52922086206895,28.23076923076923,26.63247863247863,25.11383499999998
7829,2022-01-05 05:00:00,Asia/Bangkok,89.2260398214286,24.36521739130435,23.33913043478261,24.954938125
7830,2022-01-05 06:00:00,Asia/Bangkok,89.70435078947376,27.33620689655172,25.87068965517241,24.83146052631583
7831,2022-01-05 07:00:00,Asia/Bangkok,89.85053178571422,23.81896551724138,22.94827586206896,24.86739351351354
7832,2022-01-05 08:00:00,Asia/Bangkok,90.20705666666663,49.87719298245614,45.63157894736842,25.1949335897436
7833,2022-01-05 09:00:00,Asia/Bangkok,89.65285617391307,34.66379310344828,31.55172413793104,26.14162530434783
7834,2022-01-05 10:00:00,Asia/Bangkok,82.3907006140351,17.57391304347826,16.68695652173913,28.34601710526316
7835,2022-01-05 11:00:00,Asia/Bangkok,78.39268947368424,19.62068965517241,18.57758620689655,29.28194157894736
7836,2022-01-05 12:00:00,Asia/Bangkok,79.34682026315788,16.28205128205128,15.42735042735043,29.37475309734515
7837,2022-01-05 13:00:00,Asia/Bangkok,78.48534628318585,11.18965517241379,10.57758620689655,27.27779185840709
7838,2022-01-05 14:00:00,Asia/Bangkok,82.60908017391303,18.9051724137931,17.20689655172414,26.65370165217392
7839,2022-01-05 15:00:00,Asia/Bangkok,84.75084250000002,9.905172413793103,9.46551724137931,27.1565061607143
7840,2022-01-05 16:00:00,Asia/Bangkok,84.70499426086955,10.47008547008547,9.658119658119658,27.57703165217393
7841,2022-01-05 17:00:00,Asia/Bangkok,85.48664530973446,19.14655172413793,18.07758620689655,27.41856159292035
7842,2022-01-05 18:00:00,Asia/Bangkok,85.90466982142856,12.63793103448276,11.93103448275862,27.51444812500001
7843,2022-01-05 19:00:00,Asia/Bangkok,86.44326336283183,42.43103448275862,35.80172413793103,27.44526504424776
7844,2022-01-05 20:00:00,Asia/Bangkok,88.09103592920357,81.48695652173913,71.72173913043478,26.82180486725665
7845,2022-01-05 21:00:00,Asia/Bangkok,88.43794552631581,48.38461538461539,40.30769230769231,26.38819684210526
7846,2022-01-05 22:00:00,Asia/Bangkok,88.93568106194698,39.0948275862069,34.02586206896552,25.94045283185839
7847,2022-01-05 23:00:00,Asia/Bangkok,89.43754741379311,65.11111111111111,54.84615384615385,25.48457413793101
7848,2022-01-06 00:00:00,Asia/Bangkok,89.84749172727271,59.87931034482759,48.56034482758621,25.27215454545453
7849,2022-01-06 01:00:00,Asia/Bangkok,89.43329532110093,50.46428571428572,41.91071428571428,25.07993743119263
7850,2022-01-06 02:00:00,Asia/Bangkok,90.32333709090909,46.99137931034483,39.31896551724138,24.76197363636361
7851,2022-01-06 03:00:00,Asia/Bangkok,90.64515608695655,46.94827586206897,39.45689655172414,24.77984400000004
7852,2022-01-06 04:00:00,Asia/Bangkok,90.54917456140348,47.06034482758621,39.54310344827586,24.74474491228067
7853,2022-01-06 05:00:00,Asia/Bangkok,90.52105353982301,45.92173913043478,38.66086956521739,24.68605681415928
7854,2022-01-06 06:00:00,Asia/Bangkok,90.1982881651376,44.65217391304348,37.75652173913043,24.53937954128442
7855,2022-01-06 07:00:00,Asia/Bangkok,90.48253678571426,45.45217391304348,38.25217391304348,24.07277508928573
7856,2022-01-06 08:00:00,Asia/Bangkok,91.21170734513277,44.1551724137931,37.35344827586207,24.11881607142859
7857,2022-01-06 09:00:00,Asia/Bangkok,92.25480026315792,42.79646017699115,36.69026548672566,25.15874350877194
7858,2022-01-06 10:00:00,Asia/Bangkok,84.45193973684206,29.21739130434782,27.7304347826087,27.980954122807
7859,2022-01-06 11:00:00,Asia/Bangkok,75.66191535714287,23.77586206896552,22.89655172413793,30.08940839285714
7860,2022-01-06 12:00:00,Asia/Bangkok,68.71065939130433,19.90598290598291,19.26495726495726,30.85716713043477
7861,2022-01-06 13:00:00,Asia/Bangkok,67.49901919642858,17.71304347826087,17.07758620689655,31.40363821428571
7862,2022-01-06 14:00:00,Asia/Bangkok,65.90666122807016,15.58620689655172,14.87931034482759,31.91064464912282
7863,2022-01-06 15:00:00,Asia/Bangkok,67.45391097345131,17.13913043478261,16.34782608695652,31.86669008849555
7864,2022-01-06 16:00:00,Asia/Bangkok,69.11709236842105,23.94827586206896,22.37931034482759,31.21392429824561
7865,2022-01-06 17:00:00,Asia/Bangkok,72.32297263157895,16.73275862068965,15.83620689655172,30.13635447368422
7866,2022-01-06 18:00:00,Asia/Bangkok,74.2218096491228,22.70434782608696,21.67241379310345,29.61498473684212
7867,2022-01-06 19:00:00,Asia/Bangkok,76.1857747321429,82.17094017094017,74.06837606837607,29.0657192857143
7868,2022-01-06 20:00:00,Asia/Bangkok,80.71441596491228,110.4913793103448,95.76724137931035,28.03452526315791
7869,2022-01-06 21:00:00,Asia/Bangkok,83.68550877192982,89.43103448275862,76.13793103448276,27.37051982300884
7870,2022-01-06 22:00:00,Asia/Bangkok,84.92580709090915,75.66666666666667,62.6936936936937,26.90350936363636
7871,2022-01-06 23:00:00,Asia/Bangkok,85.2737075,64.92561983471074,52.42148760330578,26.36282525
7872,2022-01-07 00:00:00,Asia/Bangkok,86.223161826087,63.41379310344828,52.5948275862069,25.99366530434783
7873,2022-01-07 01:00:00,Asia/Bangkok,88.47826413461532,49.28828828828829,41.04504504504504,25.64293519230771
7874,2022-01-07 02:00:00,Asia/Bangkok,89.00371646551721,50.66666666666666,41.96551724137931,25.92761689655173
7875,2022-01-07 03:00:00,Asia/Bangkok,88.80083846846848,45.31896551724138,37.88034188034188,25.76184216216213
7876,2022-01-07 04:00:00,Asia/Bangkok,88.73549185840707,44.25862068965517,37.31034482758621,25.53276893805312
7877,2022-01-07 05:00:00,Asia/Bangkok,88.53593666666667,44.13675213675214,37.22222222222222,25.24955842105263
7878,2022-01-07 06:00:00,Asia/Bangkok,88.86597087719298,45.56034482758621,38.21551724137931,24.86013149122807
7879,2022-01-07 07:00:00,Asia/Bangkok,89.18405035714285,40.53448275862069,35.03448275862069,24.69367169642854
7880,2022-01-07 08:00:00,Asia/Bangkok,90.37067034188037,37.04310344827586,32.87068965517241,24.86552256410257
7881,2022-01-07 09:00:00,Asia/Bangkok,89.79116232758618,23.82051282051282,22.11111111111111,26.15452715517242
7882,2022-01-07 10:00:00,Asia/Bangkok,82.57789293103446,8.422413793103448,7.21551724137931,27.87458758620689
7883,2022-01-07 11:00:00,Asia/Bangkok,72.62027620689656,4.508620689655173,3.568965517241379,29.80880120689656
7884,2022-01-07 12:00:00,Asia/Bangkok,71.43688405405405,5.623931623931623,4.495726495726496,30.00116477477478
7885,2022-01-07 13:00:00,Asia/Bangkok,69.71753403508774,56.13793103448276,42.8695652173913,30.44646359649122
7886,2022-01-07 14:00:00,Asia/Bangkok,66.03373591304349,12.35042735042735,10.93965517241379,31.31509504347824
7887,2022-01-07 15:00:00,Asia/Bangkok,66.69396810810815,5.560344827586207,4.512820512820513,31.26425423423423
7888,2022-01-07 16:00:00,Asia/Bangkok,67.7965295535715,7.573913043478261,6.426086956521739,30.80903714285713
7889,2022-01-07 17:00:00,Asia/Bangkok,71.56831455357144,44.72413793103448,39.39655172413793,30.24608486725665
7890,2022-01-07 18:00:00,Asia/Bangkok,81.95108530434786,20.48275862068965,17.79310344827586,28.29557895652174
7891,2022-01-07 19:00:00,Asia/Bangkok,83.20065844827587,20.42241379310345,18.0,27.84486887931035
7892,2022-01-07 20:00:00,Asia/Bangkok,85.008880877193,25.77586206896552,23.25862068965517,27.20969657894738
7893,2022-01-07 21:00:00,Asia/Bangkok,86.32291616071429,52.62068965517241,42.97413793103448,26.84591535714285
7894,2022-01-07 22:00:00,Asia/Bangkok,87.1651440869565,45.45689655172414,37.57758620689656,26.63266652173913
7895,2022-01-07 23:00:00,Asia/Bangkok,87.21339333333334,50.62068965517241,41.56896551724138,26.31874438596491
7896,2022-01-08 00:00:00,Asia/Bangkok,88.36737102564102,57.26495726495727,48.0,25.95476829059831
7897,2022-01-08 01:00:00,Asia/Bangkok,88.74933861111111,40.36363636363637,34.6,25.83401046296296
7898,2022-01-08 02:00:00,Asia/Bangkok,89.41404752212394,28.66956521739131,26.65217391304348,25.55016035398232
7899,2022-01-08 03:00:00,Asia/Bangkok,89.41371027522935,23.18965517241379,21.49137931034483,25.21337981481483
7900,2022-01-08 04:00:00,Asia/Bangkok,89.80172176991147,24.24347826086957,22.41739130434783,24.95689504424779
7901,2022-01-08 05:00:00,Asia/Bangkok,89.89212026086962,18.83620689655172,17.66379310344828,24.80694208695652
7902,2022-01-08 06:00:00,Asia/Bangkok,90.11208500000004,18.48245614035088,17.30701754385965,24.68199429824559
7903,2022-01-08 07:00:00,Asia/Bangkok,90.28318517543866,17.78448275862069,16.62931034482759,24.58961035087719
7904,2022-01-08 08:00:00,Asia/Bangkok,91.5543593859649,24.49137931034483,22.50862068965517,24.78726884955752
7905,2022-01-08 09:00:00,Asia/Bangkok,90.54587866071428,16.24786324786325,14.63247863247863,26.34897423423422
7906,2022-01-08 10:00:00,Asia/Bangkok,81.67511357142853,9.793103448275861,8.568965517241379,28.12812142857143
7907,2022-01-08 11:00:00,Asia/Bangkok,75.8669470175439,6.0,4.974137931034483,29.37463210526316
7908,2022-01-08 12:00:00,Asia/Bangkok,72.62002043478262,5.431034482758621,4.525862068965517,29.79254504347825
7909,2022-01-08 13:00:00,Asia/Bangkok,69.85738333333333,6.965217391304348,6.182608695652174,30.33172081818181
7910,2022-01-08 14:00:00,Asia/Bangkok,66.71330695652178,8.316239316239317,7.239316239316239,31.747548
7911,2022-01-08 15:00:00,Asia/Bangkok,73.54715982456142,9.330434782608696,8.42608695652174,29.92784238938052
7912,2022-01-08 16:00:00,Asia/Bangkok,71.08730207207209,12.29059829059829,11.34188034188034,29.90982108108109
7913,2022-01-08 17:00:00,Asia/Bangkok,70.24089236842106,13.38793103448276,12.55172413793103,30.05333999999999
7914,2022-01-08 18:00:00,Asia/Bangkok,74.94032289473684,15.1965811965812,14.16239316239316,28.96291
7915,2022-01-08 19:00:00,Asia/Bangkok,81.58615371681415,23.19827586206896,21.39655172413793,27.49351321428569
7916,2022-01-08 20:00:00,Asia/Bangkok,83.61529895652174,43.7948717948718,37.07692307692308,27.14350556521738
7917,2022-01-08 21:00:00,Asia/Bangkok,84.34110008771928,40.18103448275862,34.95689655172414,26.95594710526318
7918,2022-01-08 22:00:00,Asia/Bangkok,84.99961297297303,43.01709401709402,37.04273504273505,26.47722252252253
7919,2022-01-08 23:00:00,Asia/Bangkok,86.2067527927928,40.50862068965517,35.08620689655172,26.01150153153153
7920,2022-01-09 00:00:00,Asia/Bangkok,87.50555184210526,43.77777777777778,37.49572649572649,25.5538119298246
7921,2022-01-09 01:00:00,Asia/Bangkok,87.98008136363642,35.47747747747748,31.86486486486486,25.463133
7922,2022-01-09 02:00:00,Asia/Bangkok,88.24449230088493,30.0353982300885,28.09734513274336,25.32237699115046
7923,2022-01-09 03:00:00,Asia/Bangkok,88.93680300884961,33.83333333333334,30.30701754385965,24.85059911504429
7924,2022-01-09 04:00:00,Asia/Bangkok,88.91602061403505,23.71551724137931,22.49137931034483,24.63997175438601
7925,2022-01-09 05:00:00,Asia/Bangkok,89.11738241379308,18.54310344827586,17.48275862068965,24.4513178448276
7926,2022-01-09 06:00:00,Asia/Bangkok,88.71546551724137,25.62068965517241,22.73275862068965,24.3095381034483
7927,2022-01-09 07:00:00,Asia/Bangkok,89.23322036036036,18.0,16.94782608695652,24.00454432432431
7928,2022-01-09 08:00:00,Asia/Bangkok,90.67438734513271,20.23931623931624,19.07692307692308,24.17491566371682
7929,2022-01-09 09:00:00,Asia/Bangkok,90.98410504424784,17.8448275862069,16.6551724137931,25.76931522123893
7930,2022-01-09 10:00:00,Asia/Bangkok,81.95161526315783,15.3448275862069,13.99137931034483,28.08359798245615
7931,2022-01-09 11:00:00,Asia/Bangkok,73.5098600869565,22.32478632478632,19.73504273504274,29.65226860869565
7932,2022-01-09 12:00:00,Asia/Bangkok,68.75176678260871,17.1551724137931,15.87068965517241,30.55528182608699
7933,2022-01-09 13:00:00,Asia/Bangkok,67.45483763636364,21.10619469026549,19.3716814159292,30.95699145454543
7934,2022-01-09 14:00:00,Asia/Bangkok,64.8083625,19.3859649122807,17.80701754385965,31.46653482142856
7935,2022-01-09 15:00:00,Asia/Bangkok,64.44583150442479,23.81896551724138,21.71551724137931,31.46349424778759
7936,2022-01-09 16:00:00,Asia/Bangkok,66.29942379310343,30.81896551724138,27.21551724137931,30.64210560344827
7937,2022-01-09 17:00:00,Asia/Bangkok,67.21684369369369,26.76315789473684,24.42105263157895,30.44253819819819
7938,2022-01-09 18:00:00,Asia/Bangkok,69.99498486725668,44.43103448275862,37.63793103448276,29.40670371681417
7939,2022-01-09 19:00:00,Asia/Bangkok,75.29841203539824,44.85344827586207,37.83620689655172,28.70140584070795
7940,2022-01-09 20:00:00,Asia/Bangkok,79.41753831858408,64.42735042735043,53.8034188034188,27.9190007964602
7941,2022-01-09 21:00:00,Asia/Bangkok,82.43846063063064,48.43103448275862,40.08620689655172,27.45494711711711
7942,2022-01-09 22:00:00,Asia/Bangkok,83.6126678571429,48.05172413793103,39.75862068965517,27.20578616071428
7943,2022-01-09 23:00:00,Asia/Bangkok,84.19859469026545,57.6551724137931,47.5,26.76850877192981
7944,2022-01-10 00:00:00,Asia/Bangkok,85.39341557522125,56.55555555555556,46.15384615384615,26.10847330357142
7945,2022-01-10 01:00:00,Asia/Bangkok,85.22649095238093,58.10810810810811,47.10714285714285,25.79970228571428
7946,2022-01-10 02:00:00,Asia/Bangkok,85.32670921052626,63.73275862068966,53.85344827586207,25.55880473684211
7947,2022-01-10 03:00:00,Asia/Bangkok,86.40407756521735,55.94017094017094,46.4017094017094,24.92160521739128
7948,2022-01-10 04:00:00,Asia/Bangkok,86.95223849557519,45.47413793103448,38.23275862068966,24.59192991228069
7949,2022-01-10 05:00:00,Asia/Bangkok,87.60379196581195,47.69230769230769,39.72649572649573,24.22454706896551
7950,2022-01-10 06:00:00,Asia/Bangkok,88.47736852173912,47.28448275862069,39.42241379310344,24.0595088695652
7951,2022-01-10 07:00:00,Asia/Bangkok,88.29161999999992,59.7008547008547,48.95689655172414,23.86508539130433
7952,2022-01-10 08:00:00,Asia/Bangkok,89.86667330357145,62.0,51.37606837606837,24.04957669642858
7953,2022-01-10 09:00:00,Asia/Bangkok,88.3271246363636,55.37931034482759,45.31034482758621,25.74451172727272
7954,2022-01-10 10:00:00,Asia/Bangkok,76.61684126126124,24.01709401709402,22.88888888888889,29.11483306306306
7955,2022-01-10 11:00:00,Asia/Bangkok,75.16610553571427,19.92241379310345,18.9051724137931,29.11370315315315
7956,2022-01-10 12:00:00,Asia/Bangkok,68.88315295652171,16.77586206896552,15.88793103448276,30.68782269565216
7957,2022-01-10 13:00:00,Asia/Bangkok,65.81886252173909,16.10344827586207,15.32758620689655,31.26127008695651
7958,2022-01-10 14:00:00,Asia/Bangkok,67.19939566371683,26.89473684210526,23.97368421052632,30.73033464285714
7959,2022-01-10 15:00:00,Asia/Bangkok,64.25284869565218,50.64655172413793,46.80172413793103,31.20412539130434
7960,2022-01-10 16:00:00,Asia/Bangkok,64.7294003508772,19.07826086956522,17.96521739130435,31.18761842105262
7961,2022-01-10 17:00:00,Asia/Bangkok,67.25017156521739,17.57758620689655,16.58620689655172,30.51125730434784
7962,2022-01-10 18:00:00,Asia/Bangkok,70.01651736842105,31.60344827586207,29.24137931034483,29.82127754385967
7963,2022-01-10 19:00:00,Asia/Bangkok,73.9395146956522,109.6810344827586,99.01724137931035,29.16239260869567
7964,2022-01-10 20:00:00,Asia/Bangkok,78.4636282608696,88.1025641025641,77.71794871794872,28.1313668695652
7965,2022-01-10 21:00:00,Asia/Bangkok,81.65729150442478,92.24137931034483,82.65517241379311,27.32989734513273
7966,2022-01-10 22:00:00,Asia/Bangkok,83.64830068965513,77.46153846153847,69.28205128205128,26.77010913793103
7967,2022-01-10 23:00:00,Asia/Bangkok,84.7591193103448,67.40517241379311,55.41379310344828,26.37756801724139
7968,2022-01-11 00:00:00,Asia/Bangkok,85.30950567567571,53.22608695652174,43.93913043478261,26.08208333333333
7969,2022-01-11 01:00:00,Asia/Bangkok,85.61492482142857,52.39285714285715,43.33035714285715,25.72745312500002
7970,2022-01-11 02:00:00,Asia/Bangkok,85.44570391304343,50.47863247863248,41.91452991452991,25.47833965217391
7971,2022-01-11 03:00:00,Asia/Bangkok,86.2666679824561,47.99137931034483,40.12931034482759,25.06325999999999
7972,2022-01-11 04:00:00,Asia/Bangkok,86.88426499999996,44.1551724137931,37.55172413793103,24.77683614035086
7973,2022-01-11 05:00:00,Asia/Bangkok,86.18373310344826,39.24786324786325,34.28205128205128,24.59689301724137
7974,2022-01-11 06:00:00,Asia/Bangkok,86.59818165137615,41.53913043478261,35.54782608695652,24.34726559633028
7975,2022-01-11 07:00:00,Asia/Bangkok,87.37420880733947,47.96521739130435,40.26724137931034,24.00433321100917
7976,2022-01-11 08:00:00,Asia/Bangkok,89.13553817391306,46.36206896551724,38.95689655172414,24.11672417391305
7977,2022-01-11 09:00:00,Asia/Bangkok,88.81381398230091,36.10344827586207,32.43103448275862,25.62005964601771
7978,2022-01-11 10:00:00,Asia/Bangkok,80.56841205357144,29.68103448275862,27.70689655172414,28.03108482142857
7979,2022-01-11 11:00:00,Asia/Bangkok,72.77568794871794,16.42735042735043,15.4957264957265,29.54462538461538
7980,2022-01-11 12:00:00,Asia/Bangkok,66.39892362068962,9.698275862068966,9.077586206896552,31.15041017241377
7981,2022-01-11 13:00:00,Asia/Bangkok,64.96139052631578,6.982758620689655,6.46551724137931,31.05759377192982
7982,2022-01-11 14:00:00,Asia/Bangkok,63.44863156521739,8.008620689655173,7.387931034482759,31.52577286956522
7983,2022-01-11 15:00:00,Asia/Bangkok,61.96886068965518,9.811965811965813,9.153846153846153,32.10832275862068
7984,2022-01-11 16:00:00,Asia/Bangkok,63.6901491304348,34.63478260869565,30.39655172413793,31.41800591304346
7985,2022-01-11 17:00:00,Asia/Bangkok,64.59734803418803,17.64957264957265,16.06837606837607,31.00680128205129
7986,2022-01-11 18:00:00,Asia/Bangkok,70.24268211009174,18.83620689655172,17.42241379310345,29.84015431192661
7987,2022-01-11 19:00:00,Asia/Bangkok,73.32733900900901,41.35344827586207,36.92241379310344,28.97734648648649
7988,2022-01-11 20:00:00,Asia/Bangkok,76.64440601769913,57.74137931034483,49.56034482758621,28.38798522123892
7989,2022-01-11 21:00:00,Asia/Bangkok,79.89475385964913,62.23008849557522,50.09734513274336,27.68850701754387
7990,2022-01-11 22:00:00,Asia/Bangkok,82.565545412844,53.70689655172414,43.97413793103448,27.11739844036695
7991,2022-01-11 23:00:00,Asia/Bangkok,83.06000724770644,60.71171171171171,49.2072072072072,26.67912357798165
7992,2022-01-12 00:00:00,Asia/Bangkok,84.62726157894731,60.47413793103448,50.23275862068966,26.26962552631579
7993,2022-01-12 01:00:00,Asia/Bangkok,84.88316324324322,57.63963963963964,46.7927927927928,25.88159549549548
7994,2022-01-12 02:00:00,Asia/Bangkok,85.35532605263158,60.27586206896552,49.68103448275862,25.59801666666669
7995,2022-01-12 03:00:00,Asia/Bangkok,85.5980664035088,79.02608695652174,68.30434782608695,25.2834306140351
7996,2022-01-12 04:00:00,Asia/Bangkok,86.31738104347825,70.6923076923077,61.35897435897436,24.8381984347826
7997,2022-01-12 05:00:00,Asia/Bangkok,86.85396558558558,52.55172413793103,43.27586206896552,24.72901810810811
7998,2022-01-12 06:00:00,Asia/Bangkok,87.08701116071431,55.80172413793103,46.12068965517241,24.39700705357144
7999,2022-01-12 07:00:00,Asia/Bangkok,87.70540965217391,47.33620689655172,39.18103448275862,24.23621921739132
8000,2022-01-12 08:00:00,Asia/Bangkok,88.97988115044245,54.85344827586207,45.08620689655172,24.3482051754386
8001,2022-01-12 09:00:00,Asia/Bangkok,87.35529222222223,30.91452991452991,27.35897435897436,26.1266725862069
8002,2022-01-12 10:00:00,Asia/Bangkok,75.71311773913044,14.32173913043478,13.0948275862069,28.66181104347826
8003,2022-01-12 11:00:00,Asia/Bangkok,67.01970398230088,11.19130434782609,10.07826086956522,30.15829407079647
8004,2022-01-12 12:00:00,Asia/Bangkok,62.11706894736842,15.49137931034483,13.76724137931035,31.41049728070176
8005,2022-01-12 13:00:00,Asia/Bangkok,57.62056938596493,7.775862068965517,6.931034482758621,32.21426684210527
8006,2022-01-12 14:00:00,Asia/Bangkok,57.022951875,7.156521739130435,6.156521739130435,32.44020276785714
8007,2022-01-12 15:00:00,Asia/Bangkok,58.20402666666667,8.121739130434783,7.077586206896552,32.06154289473686
8008,2022-01-12 16:00:00,Asia/Bangkok,59.08806826086956,8.362068965517242,7.206896551724138,31.79865530434783
8009,2022-01-12 17:00:00,Asia/Bangkok,59.02719053097348,10.37931034482759,8.982758620689655,31.00393769911503
8010,2022-01-12 18:00:00,Asia/Bangkok,64.62232283185838,9.692307692307692,8.444444444444445,29.36946044247789
8011,2022-01-12 19:00:00,Asia/Bangkok,69.15234867256638,31.86206896551724,27.99137931034483,28.63256192982458
8012,2022-01-12 20:00:00,Asia/Bangkok,73.68823749999999,109.8376068376068,101.9401709401709,27.9306519130435
8013,2022-01-12 21:00:00,Asia/Bangkok,77.50452761061943,137.2758620689655,127.4827586206897,27.04618185840709
8014,2022-01-12 22:00:00,Asia/Bangkok,80.45059598130841,63.82905982905983,53.96581196581197,26.44053102803738
8015,2022-01-12 23:00:00,Asia/Bangkok,81.99690495575221,57.18103448275862,46.18965517241379,25.88005212389381
8016,2022-01-13 00:00:00,Asia/Bangkok,83.13132356521741,67.60344827586206,56.81034482758621,25.35617652173914
8017,2022-01-13 01:00:00,Asia/Bangkok,84.91928212962961,63.11818181818182,51.22727272727273,24.80244201834862
8018,2022-01-13 02:00:00,Asia/Bangkok,84.15562716814156,56.67543859649123,45.87719298245614,24.85490981981981
8019,2022-01-13 03:00:00,Asia/Bangkok,84.78200844827587,54.82905982905983,44.64957264957265,24.51185939655172
8020,2022-01-13 04:00:00,Asia/Bangkok,85.14857885964909,49.77586206896552,41.00862068965517,24.16806365217393
8021,2022-01-13 05:00:00,Asia/Bangkok,85.41724596491224,47.33620689655172,39.32758620689656,23.82440803571427
8022,2022-01-13 06:00:00,Asia/Bangkok,86.28824301724137,66.98290598290598,56.36752136752137,23.32743060344827
8023,2022-01-13 07:00:00,Asia/Bangkok,86.75314567567567,51.25438596491228,43.23684210526316,23.18367099099099
8024,2022-01-13 08:00:00,Asia/Bangkok,88.10209405172408,102.9576271186441,94.44067796610169,23.23830295652174
8025,2022-01-13 09:00:00,Asia/Bangkok,86.8126996396396,42.36521739130435,36.43478260869565,24.89847927927929
8026,2022-01-13 10:00:00,Asia/Bangkok,74.05883359649123,18.38260869565217,16.21739130434782,28.19099675438596
8027,2022-01-13 11:00:00,Asia/Bangkok,63.91683191304347,29.00862068965517,25.06034482758621,30.11458565217393
8028,2022-01-13 12:00:00,Asia/Bangkok,61.97677189189189,43.72072072072072,37.5045045045045,30.45909000000002
8029,2022-01-13 13:00:00,Asia/Bangkok,61.81270789473681,18.48958333333333,16.75,30.59813336842105
8030,2022-01-13 14:00:00,Asia/Bangkok,56.99319382978722,19.37113402061856,17.4020618556701,31.79189510638298
8031,2022-01-13 15:00:00,Asia/Bangkok,56.5587742222222,12.5036496350365,11.54014598540146,31.80911992592592
8032,2022-01-13 16:00:00,Asia/Bangkok,55.28770196969697,12.07575757575758,11.03787878787879,32.08968203007518
8033,2022-01-13 17:00:00,Asia/Bangkok,58.1185488596491,11.92307692307692,10.97435897435897,31.39080504424777
8034,2022-01-13 18:00:00,Asia/Bangkok,61.39835775862069,19.57264957264957,17.48717948717949,30.16045698275862
8035,2022-01-13 19:00:00,Asia/Bangkok,67.59587383928572,62.20689655172414,52.70434782608696,28.65754071428571
8036,2022-01-13 20:00:00,Asia/Bangkok,73.05081035714285,86.98275862068965,76.17094017094017,27.82475544642858
8037,2022-01-13 21:00:00,Asia/Bangkok,77.3387996491228,59.29310344827586,48.78448275862069,26.91284692982457
8038,2022-01-13 22:00:00,Asia/Bangkok,79.7334621052632,56.00862068965517,45.45689655172414,26.19049684210527
8039,2022-01-13 23:00:00,Asia/Bangkok,81.11859336283186,49.88793103448276,41.11206896551724,25.76291230088497
8040,2022-01-14 00:00:00,Asia/Bangkok,82.14383738738735,56.27433628318584,45.79646017699115,25.23883765765767
8041,2022-01-14 01:00:00,Asia/Bangkok,82.66779580357138,53.95575221238938,44.07964601769911,25.02734607142856
8042,2022-01-14 02:00:00,Asia/Bangkok,83.95975686956518,49.81034482758621,41.01724137931034,24.57137643478262
8043,2022-01-14 03:00:00,Asia/Bangkok,84.5630438888889,46.18103448275862,38.51724137931034,24.47409342592592
8044,2022-01-14 04:00:00,Asia/Bangkok,84.68317221238935,43.42241379310344,36.56034482758621,24.27941566371682
8045,2022-01-14 05:00:00,Asia/Bangkok,85.14116973451327,45.95689655172414,38.52586206896552,23.86851097345134
8046,2022-01-14 06:00:00,Asia/Bangkok,86.05499991071432,42.26126126126126,35.87387387387388,23.55229955357144
8047,2022-01-14 07:00:00,Asia/Bangkok,86.03285513513515,39.72173913043478,34.26086956521739,23.44707324324323
8048,2022-01-14 08:00:00,Asia/Bangkok,88.0866103738318,49.75213675213675,42.34188034188034,23.7041906542056
8049,2022-01-14 09:00:00,Asia/Bangkok,87.67836741071424,42.4051724137931,35.76724137931034,25.27099053571428
8050,2022-01-14 10:00:00,Asia/Bangkok,76.96306614035086,20.38461538461538,18.81196581196581,27.72537491228071
8051,2022-01-14 11:00:00,Asia/Bangkok,62.93498387387389,16.4070796460177,14.70796460176991,29.90607527272726
8052,2022-01-14 12:00:00,Asia/Bangkok,58.27202535714287,16.69827586206896,15.20689655172414,31.09106624999997
8053,2022-01-14 13:00:00,Asia/Bangkok,56.56558905172416,13.93103448275862,12.75862068965517,31.64554862068967
8054,2022-01-14 14:00:00,Asia/Bangkok,54.82409956140349,11.86206896551724,10.85344827586207,32.26273131578948
8055,2022-01-14 15:00:00,Asia/Bangkok,57.78493544642856,11.8695652173913,10.84347826086957,31.78206223214284
8056,2022-01-14 16:00:00,Asia/Bangkok,60.40599560344828,15.54237288135593,13.92372881355932,31.07999060869564
8057,2022-01-14 17:00:00,Asia/Bangkok,62.00997526315788,17.74137931034483,16.36206896551724,30.45897219298245
8058,2022-01-14 18:00:00,Asia/Bangkok,65.46108089285711,46.55172413793103,40.31896551724138,29.65757723214285
8059,2022-01-14 19:00:00,Asia/Bangkok,70.86374303571431,51.63478260869565,43.43478260869565,28.53962864864865
8060,2022-01-14 20:00:00,Asia/Bangkok,74.5442299122807,69.77586206896552,58.26724137931034,27.91876333333334
8061,2022-01-14 21:00:00,Asia/Bangkok,77.84704628318585,54.07894736842105,44.3421052631579,26.92866964285714
8062,2022-01-14 22:00:00,Asia/Bangkok,80.53015561403504,65.75862068965517,54.39655172413793,26.03611210526315
8063,2022-01-14 23:00:00,Asia/Bangkok,82.51535692982458,40.68103448275862,35.05172413793103,25.30348043859648
8064,2022-01-15 00:00:00,Asia/Bangkok,82.99968452173914,38.54310344827586,33.64655172413793,25.08043417391303
8065,2022-01-15 01:00:00,Asia/Bangkok,82.74108273584905,46.66964285714285,38.95535714285715,24.94669367924527
8066,2022-01-15 02:00:00,Asia/Bangkok,83.66219060869568,45.75,38.21551724137931,24.44649886956523
8067,2022-01-15 03:00:00,Asia/Bangkok,84.27787487179488,42.07692307692308,35.77586206896552,23.96749299145301
8068,2022-01-15 04:00:00,Asia/Bangkok,85.28095877192978,38.8695652173913,33.8034188034188,23.65110684210528
8069,2022-01-15 05:00:00,Asia/Bangkok,85.47223592920353,39.36206896551724,33.95689655172414,23.40255371681415
8070,2022-01-15 06:00:00,Asia/Bangkok,85.81026848214285,43.31896551724138,36.62068965517241,23.18961348214286
8071,2022-01-15 07:00:00,Asia/Bangkok,85.79029513043477,44.30172413793103,37.25862068965517,23.1104965217391
8072,2022-01-15 08:00:00,Asia/Bangkok,86.91283715517243,57.96581196581197,47.91452991452991,23.35935922413794
8073,2022-01-15 09:00:00,Asia/Bangkok,87.51472857142858,48.41739130434782,41.93043478260869,24.93016571428572
8074,2022-01-15 10:00:00,Asia/Bangkok,75.63227620689658,32.14529914529915,28.13675213675214,27.86825551724137
8075,2022-01-15 11:00:00,Asia/Bangkok,66.30460920353984,17.5,15.47321428571429,29.14491725663717
8076,2022-01-15 12:00:00,Asia/Bangkok,60.9482395535714,12.94827586206897,11.75,30.467879375
8077,2022-01-15 13:00:00,Asia/Bangkok,58.17645142857141,13.68376068376068,12.48717948717949,31.33268375
8078,2022-01-15 14:00:00,Asia/Bangkok,56.90773154545457,13.61206896551724,12.26724137931035,31.69189118181816
8079,2022-01-15 15:00:00,Asia/Bangkok,56.53830035714285,19.7948717948718,17.99145299145299,31.54647642857142
8080,2022-01-15 16:00:00,Asia/Bangkok,59.23770526315789,71.39655172413794,63.87931034482759,30.46855192982456
8081,2022-01-15 17:00:00,Asia/Bangkok,58.32053078947368,27.46551724137931,24.56034482758621,30.57709877192982
8082,2022-01-15 18:00:00,Asia/Bangkok,63.39750929203541,31.37931034482759,27.51724137931035,29.34438946902655
8083,2022-01-15 19:00:00,Asia/Bangkok,67.78824442477877,50.43103448275862,43.02586206896552,28.81363150442478
8084,2022-01-15 20:00:00,Asia/Bangkok,73.05909956140351,88.09734513274336,78.06194690265487,27.51107876106195
8085,2022-01-15 21:00:00,Asia/Bangkok,77.4567421551724,87.12931034482759,77.11206896551724,26.53056112068964
8086,2022-01-15 22:00:00,Asia/Bangkok,79.99260818965517,87.86206896551724,72.49137931034483,26.04425743589744
8087,2022-01-15 23:00:00,Asia/Bangkok,80.98118226086959,61.35042735042735,49.77777777777778,25.50905157894736
8088,2022-01-16 00:00:00,Asia/Bangkok,81.68516991228066,62.73275862068966,50.43103448275862,24.96127807017543
8089,2022-01-16 01:00:00,Asia/Bangkok,82.83419169811316,56.07272727272727,45.29090909090909,24.41050794392526
8090,2022-01-16 02:00:00,Asia/Bangkok,83.23605982300882,53.43965517241379,43.6551724137931,24.07892460176992
8091,2022-01-16 03:00:00,Asia/Bangkok,84.33337991379304,42.99145299145299,36.35042735042735,23.80315939655174
8092,2022-01-16 04:00:00,Asia/Bangkok,84.82235580357147,41.18103448275862,35.22413793103448,23.82779187500002
8093,2022-01-16 05:00:00,Asia/Bangkok,85.59797739130438,41.69827586206897,35.57758620689656,23.90404965217393
8094,2022-01-16 06:00:00,Asia/Bangkok,85.71229827272725,33.43965517241379,29.82758620689655,23.67080536363638
8095,2022-01-16 07:00:00,Asia/Bangkok,86.61397556521739,26.50434782608696,24.78260869565218,23.3832697391304
8096,2022-01-16 08:00:00,Asia/Bangkok,87.92957465517244,29.19827586206896,27.16379310344828,23.57602422413793
8097,2022-01-16 09:00:00,Asia/Bangkok,86.42049295652174,29.2,26.24347826086957,25.551922
8098,2022-01-16 10:00:00,Asia/Bangkok,76.07417081081083,24.25862068965517,21.60344827586207,28.09373135135135
8099,2022-01-16 11:00:00,Asia/Bangkok,70.54763625,26.58771929824561,23.35087719298246,29.25407249999999
8100,2022-01-16 12:00:00,Asia/Bangkok,66.88427913793106,17.01724137931035,15.33620689655172,30.2986225
8101,2022-01-16 13:00:00,Asia/Bangkok,64.37045362831857,15.30434782608696,13.84347826086957,30.57618805309735
8102,2022-01-16 14:00:00,Asia/Bangkok,63.70698848214284,14.11304347826087,12.94782608695652,30.41117274336284
8103,2022-01-16 15:00:00,Asia/Bangkok,61.38272380530972,11.51724137931035,10.45689655172414,31.27767792792793
8104,2022-01-16 16:00:00,Asia/Bangkok,63.38502873873875,12.14159292035398,11.15044247787611,30.73360450450451
8105,2022-01-16 17:00:00,Asia/Bangkok,62.38079182608698,13.87394957983193,12.82352941176471,30.92204695652175
8106,2022-01-16 18:00:00,Asia/Bangkok,64.50856778761059,21.18965517241379,19.31034482758621,30.02912539823009
8107,2022-01-16 19:00:00,Asia/Bangkok,70.02636921052631,76.34482758620689,68.33620689655173,28.92625105263157
8108,2022-01-16 20:00:00,Asia/Bangkok,75.12652139130434,62.17948717948718,50.43589743589744,27.65716339130435
8109,2022-01-16 21:00:00,Asia/Bangkok,77.41233301724135,64.54310344827586,53.39655172413793,27.24247836206898
8110,2022-01-16 22:00:00,Asia/Bangkok,79.78746313043474,59.93913043478261,48.27826086956522,26.56404895652173
8111,2022-01-16 23:00:00,Asia/Bangkok,81.61846902654867,70.58620689655173,59.17241379310344,26.01484464285713
8112,2022-01-17 00:00:00,Asia/Bangkok,82.70926692982452,53.52586206896552,43.81034482758621,25.53259412280701
8113,2022-01-17 01:00:00,Asia/Bangkok,83.44386027522934,56.0625,45.76785714285715,25.1210480733945
8114,2022-01-17 02:00:00,Asia/Bangkok,84.28047369369365,52.81739130434783,43.35652173913044,24.66666387387389
8115,2022-01-17 03:00:00,Asia/Bangkok,84.79688815789471,44.08620689655172,36.91379310344828,24.3336604385965
8116,2022-01-17 04:00:00,Asia/Bangkok,85.03915868421059,39.93965517241379,34.64655172413793,24.20780385964914
8117,2022-01-17 05:00:00,Asia/Bangkok,85.1261668141593,35.58119658119658,31.8974358974359,23.92829805309734
8118,2022-01-17 06:00:00,Asia/Bangkok,85.94165035087717,38.67241379310344,33.68965517241379,23.57964131578949
8119,2022-01-17 07:00:00,Asia/Bangkok,86.30744720720723,50.98230088495576,42.31858407079646,23.41986450450448
8120,2022-01-17 08:00:00,Asia/Bangkok,87.6574054385965,60.74137931034483,49.92241379310344,23.65696394736842
8121,2022-01-17 09:00:00,Asia/Bangkok,86.78493060869565,51.03448275862069,42.9051724137931,25.50541252173914
8122,2022-01-17 10:00:00,Asia/Bangkok,75.46946097345133,26.73913043478261,25.04347826086957,28.58956061946902
8123,2022-01-17 11:00:00,Asia/Bangkok,72.66853965517244,27.34188034188034,25.86324786324786,28.79591853448276
8124,2022-01-17 12:00:00,Asia/Bangkok,68.43130543859647,29.05982905982906,27.34188034188034,29.94502710526315
8125,2022-01-17 13:00:00,Asia/Bangkok,65.37880521739133,39.89655172413793,36.93965517241379,30.61328617391304
8126,2022-01-17 14:00:00,Asia/Bangkok,61.02480086206894,20.96551724137931,19.48275862068965,31.67015547826087
8127,2022-01-17 15:00:00,Asia/Bangkok,66.65417086206897,19.8974358974359,18.46153846153846,30.07882793103449
8128,2022-01-17 16:00:00,Asia/Bangkok,70.39463981818182,25.75862068965517,23.48275862068965,29.36853572727273
8129,2022-01-17 17:00:00,Asia/Bangkok,70.91222672727271,36.26724137931034,31.82758620689655,28.99905990909093
8130,2022-01-17 18:00:00,Asia/Bangkok,71.207751981982,33.37931034482759,29.81896551724138,28.99300765765767
8131,2022-01-17 19:00:00,Asia/Bangkok,74.89099798245611,49.11206896551724,41.69827586206897,28.26290327433627
8132,2022-01-17 20:00:00,Asia/Bangkok,78.04781956896552,66.00854700854701,55.93162393162393,27.65237465517241
8133,2022-01-17 21:00:00,Asia/Bangkok,80.09002732142858,69.6608695652174,60.66086956521739,27.13246991071429
8134,2022-01-17 22:00:00,Asia/Bangkok,82.43785587719293,111.1880341880342,99.2051282051282,26.53354412280702
8135,2022-01-17 23:00:00,Asia/Bangkok,83.64764157894736,54.65217391304348,44.8695652173913,26.1926052631579
8136,2022-01-18 00:00:00,Asia/Bangkok,84.18876226086957,65.78448275862068,57.26724137931034,25.79137199999999
8137,2022-01-18 01:00:00,Asia/Bangkok,85.4489828947369,54.14655172413793,44.52586206896552,25.5491059649123
8138,2022-01-18 02:00:00,Asia/Bangkok,86.09171125000002,52.20909090909091,43.10909090909091,25.28521490384616
8139,2022-01-18 03:00:00,Asia/Bangkok,85.82170500000007,47.58620689655172,39.75862068965517,25.49769963636369
8140,2022-01-18 04:00:00,Asia/Bangkok,86.38127069565218,46.35344827586207,38.91379310344828,25.35037147826086
8141,2022-01-18 05:00:00,Asia/Bangkok,86.48730754385963,44.77586206896552,37.76724137931034,24.997302920354
8142,2022-01-18 06:00:00,Asia/Bangkok,87.08584077586205,48.44827586206897,40.38793103448276,24.70315336206897
8143,2022-01-18 07:00:00,Asia/Bangkok,87.63024701754384,43.18965517241379,36.81896551724138,24.34551271929824
8144,2022-01-18 08:00:00,Asia/Bangkok,88.90988689655175,46.04310344827586,38.88793103448276,24.43692862068967
8145,2022-01-18 09:00:00,Asia/Bangkok,87.65475491228071,37.99145299145299,33.50427350427351,25.81203807017544
8146,2022-01-18 10:00:00,Asia/Bangkok,78.33667373913043,38.89655172413793,34.19827586206897,28.33907260869564
8147,2022-01-18 11:00:00,Asia/Bangkok,70.89068234782609,29.68103448275862,27.94827586206896,30.08528156521739
8148,2022-01-18 12:00:00,Asia/Bangkok,69.37865973913044,37.67241379310344,32.8695652173913,30.41786236842106
8149,2022-01-18 13:00:00,Asia/Bangkok,69.25099666666667,42.26724137931034,36.55172413793103,30.19612526785715
8150,2022-01-18 14:00:00,Asia/Bangkok,73.99214477876106,25.48275862068965,24.21551724137931,28.67543699115044
8151,2022-01-18 15:00:00,Asia/Bangkok,71.20925139130433,25.07758620689655,23.62608695652174,29.87694713043478
8152,2022-01-18 16:00:00,Asia/Bangkok,81.76648666666665,30.09649122807017,28.0695652173913,27.7395661261261
8153,2022-01-18 17:00:00,Asia/Bangkok,85.55982660377356,26.15740740740741,24.68518518518519,26.97494691588785
8154,2022-01-18 18:00:00,Asia/Bangkok,84.87571908256884,30.46491228070175,28.54385964912281,27.67861407407406
8155,2022-01-18 19:00:00,Asia/Bangkok,84.78331554545454,28.93859649122807,27.28070175438597,27.36986945454546
8156,2022-01-18 20:00:00,Asia/Bangkok,86.27055524999999,40.9,35.45833333333334,26.51103025000003
8157,2022-01-18 21:00:00,Asia/Bangkok,86.90147450450452,56.52212389380531,46.30088495575221,26.20054054054055
8158,2022-01-18 22:00:00,Asia/Bangkok,87.13594945454551,55.82142857142857,45.77678571428572,26.11398572727273
8159,2022-01-18 23:00:00,Asia/Bangkok,87.60900607692312,48.82442748091603,40.89312977099237,26.07108769230766
8160,2022-01-19 00:00:00,Asia/Bangkok,88.05536396396396,47.41379310344828,39.68103448275862,26.02875609090908
8161,2022-01-19 01:00:00,Asia/Bangkok,88.51090097345127,47.64347826086956,39.99137931034483,25.9219863963964
8162,2022-01-19 02:00:00,Asia/Bangkok,89.25663099099097,49.29464285714285,41.26785714285715,25.78228927927929
8163,2022-01-19 03:00:00,Asia/Bangkok,89.84354247787606,44.80172413793103,37.95689655172414,25.7573761607143
8164,2022-01-19 04:00:00,Asia/Bangkok,89.56945543859648,43.98275862068966,37.20689655172414,25.74884464912278
8165,2022-01-19 05:00:00,Asia/Bangkok,89.3390388695652,44.94017094017094,37.93162393162393,25.67757165217391
8166,2022-01-19 06:00:00,Asia/Bangkok,89.62239535714286,41.36206896551724,35.6551724137931,25.48406910714287
8167,2022-01-19 07:00:00,Asia/Bangkok,89.6733431858407,33.81739130434783,31.09565217391305,25.2941889380531
8168,2022-01-19 08:00:00,Asia/Bangkok,89.16185678571432,31.62068965517241,29.56521739130435,25.41964839285715
8169,2022-01-19 09:00:00,Asia/Bangkok,86.15854205357141,30.53043478260869,27.82758620689655,26.32841758928572
8170,2022-01-19 10:00:00,Asia/Bangkok,79.09483236842105,20.67826086956522,18.97391304347826,27.96626692982457
8171,2022-01-19 11:00:00,Asia/Bangkok,73.30735267857142,21.61739130434783,19.73913043478261,29.20052330357143
8172,2022-01-19 12:00:00,Asia/Bangkok,63.72973108108111,16.36206896551724,15.18965517241379,30.94773504504503
8173,2022-01-19 13:00:00,Asia/Bangkok,61.56606203539821,15.7008547008547,14.53846153846154,31.71476548672566
8174,2022-01-19 14:00:00,Asia/Bangkok,59.6297013157895,19.19130434782609,17.37391304347826,31.92506773913044
8175,2022-01-19 15:00:00,Asia/Bangkok,58.35826350877195,31.30172413793104,26.4051724137931,32.08777156521739
8176,2022-01-19 16:00:00,Asia/Bangkok,59.63757843478262,49.76068376068376,39.78632478632478,31.83618157894737
8177,2022-01-19 17:00:00,Asia/Bangkok,61.85200722222222,19.22522522522523,16.9009009009009,30.99464376146788
8178,2022-01-19 18:00:00,Asia/Bangkok,64.54526009090908,13.90265486725664,12.6283185840708,30.23575348623852
8179,2022-01-19 19:00:00,Asia/Bangkok,69.76478138211385,43.39837398373984,37.65040650406504,29.21110756097561
8180,2022-01-19 20:00:00,Asia/Bangkok,75.36084680672268,47.94117647058823,41.25210084033613,28.13350747899159
8181,2022-01-19 21:00:00,Asia/Bangkok,78.84868695652175,56.89655172413793,47.11206896551724,27.37972747826087
8182,2022-01-19 22:00:00,Asia/Bangkok,80.3008,46.88034188034188,38.54700854700855,26.87942939655172
8183,2022-01-19 23:00:00,Asia/Bangkok,81.90805591304348,53.24137931034483,43.26724137931034,26.27500052173911
8184,2022-01-20 00:00:00,Asia/Bangkok,82.90999,40.25,34.56034482758621,25.90397807017545
8185,2022-01-20 01:00:00,Asia/Bangkok,83.52652363636366,38.26785714285715,33.24107142857143,25.68758972727271
8186,2022-01-20 02:00:00,Asia/Bangkok,84.87054566371678,32.58407079646017,30.06194690265487,25.4111143362832
8187,2022-01-20 03:00:00,Asia/Bangkok,85.24403862068962,34.4017094017094,31.0,25.10789465517241
8188,2022-01-20 04:00:00,Asia/Bangkok,85.7155471929824,33.56896551724138,30.57758620689655,24.66529254385965
8189,2022-01-20 05:00:00,Asia/Bangkok,86.95364300884962,31.51724137931035,29.13793103448276,24.32431460176991
8190,2022-01-20 06:00:00,Asia/Bangkok,86.12207896551723,30.07692307692308,28.2051282051282,24.32245232758621
8191,2022-01-20 07:00:00,Asia/Bangkok,87.14183217391303,29.30172413793104,27.37068965517241,23.97814547826088
8192,2022-01-20 08:00:00,Asia/Bangkok,88.69560774774772,27.81034482758621,26.11206896551724,24.13912027027028
8193,2022-01-20 09:00:00,Asia/Bangkok,88.5241043859649,24.39823008849558,22.4424778761062,25.7624499122807
8194,2022-01-20 10:00:00,Asia/Bangkok,80.08057362745097,22.38834951456311,20.39805825242718,28.07051196078432
8195,2022-01-20 11:00:00,Asia/Bangkok,75.92091879032263,32.03937007874016,27.67716535433071,28.85156395161291
8196,2022-01-20 12:00:00,Asia/Bangkok,72.48027469565218,31.92436974789916,28.33613445378151,29.71410513043478
8197,2022-01-20 13:00:00,Asia/Bangkok,61.68872473214284,33.91379310344828,30.06896551724138,31.71012955357143
8198,2022-01-20 14:00:00,Asia/Bangkok,60.13494554545453,26.08695652173913,23.46551724137931,32.27885684684686
8199,2022-01-20 15:00:00,Asia/Bangkok,59.12375763157895,24.33333333333333,21.74358974358974,32.42226185840708
8200,2022-01-20 16:00:00,Asia/Bangkok,58.89084522123895,14.47368421052632,12.92105263157895,32.45973955752215
8201,2022-01-20 17:00:00,Asia/Bangkok,60.85191642857141,20.74561403508772,18.21929824561403,31.43315375
8202,2022-01-20 18:00:00,Asia/Bangkok,64.42882187500003,16.18260869565217,14.43478260869565,30.45684062499999
8203,2022-01-20 19:00:00,Asia/Bangkok,69.23472026548673,44.21929824561403,37.5,29.31506203539823
8204,2022-01-20 20:00:00,Asia/Bangkok,74.28809721739131,65.25217391304348,54.50434782608696,28.40244069565216
8205,2022-01-20 21:00:00,Asia/Bangkok,78.17008087719294,75.54310344827586,64.33620689655173,27.59242245614035
8206,2022-01-20 22:00:00,Asia/Bangkok,80.44048594827585,58.21551724137931,47.49137931034483,26.90854922413794
8207,2022-01-20 23:00:00,Asia/Bangkok,81.48562543859649,46.04347826086956,38.2,26.49224283185843
8208,2022-01-21 00:00:00,Asia/Bangkok,82.69487782608694,37.07758620689656,32.36206896551724,26.07240304347826
8209,2022-01-21 01:00:00,Asia/Bangkok,83.03410330434787,33.98290598290598,30.7948717948718,25.8218787719298
8210,2022-01-21 02:00:00,Asia/Bangkok,83.86804735849056,31.45945945945946,28.99090909090909,25.42982405660376
8211,2022-01-21 03:00:00,Asia/Bangkok,84.46972392857143,24.72173913043478,23.13793103448276,25.08769151785713
8212,2022-01-21 04:00:00,Asia/Bangkok,84.78146793103443,22.42735042735043,20.90598290598291,24.77744000000002
8213,2022-01-21 05:00:00,Asia/Bangkok,85.71229447368422,20.03418803418803,18.54310344827586,24.42684122807018
8214,2022-01-21 06:00:00,Asia/Bangkok,85.6468683333333,20.71551724137931,19.24786324786325,24.38773321428572
8215,2022-01-21 07:00:00,Asia/Bangkok,86.39535175438597,16.4051724137931,15.28448275862069,24.09838921052633
8216,2022-01-21 08:00:00,Asia/Bangkok,88.07818157894734,25.61206896551724,22.6551724137931,24.15872982456142
8217,2022-01-21 09:00:00,Asia/Bangkok,87.13862517543863,14.5948275862069,13.06896551724138,25.88288654867256
8218,2022-01-21 10:00:00,Asia/Bangkok,76.80135113043478,76.55555555555556,61.1551724137931,28.45048243478262
8219,2022-01-21 11:00:00,Asia/Bangkok,70.1111235964912,21.94827586206896,19.6551724137931,30.37099157894737
8220,2022-01-21 12:00:00,Asia/Bangkok,70.39465,10.76521739130435,9.417391304347825,29.99124964285715
8221,2022-01-21 13:00:00,Asia/Bangkok,62.78643247787614,22.8695652173913,20.50862068965517,32.39931495575222
8222,2022-01-21 14:00:00,Asia/Bangkok,62.79721885964911,33.43103448275862,29.25,32.04798052631576
8223,2022-01-21 15:00:00,Asia/Bangkok,62.12704249999999,13.55172413793103,12.31034482758621,32.50541879310346
8224,2022-01-21 16:00:00,Asia/Bangkok,66.82638348623853,11.2212389380531,9.991150442477876,30.91487422018348
8225,2022-01-21 17:00:00,Asia/Bangkok,73.79941086956524,10.47457627118644,9.322033898305085,29.67969426086957
8226,2022-01-21 18:00:00,Asia/Bangkok,71.38934767241378,14.36974789915966,13.02521008403361,29.14573344827587
8227,2022-01-21 19:00:00,Asia/Bangkok,75.71621666666668,30.31304347826087,26.66379310344828,28.26145482456143
8228,2022-01-21 20:00:00,Asia/Bangkok,78.45345785714291,81.04310344827586,56.875,28.29530339285714
8229,2022-01-21 21:00:00,Asia/Bangkok,82.20555965517241,57.26495726495727,49.2051282051282,27.73934
8230,2022-01-21 22:00:00,Asia/Bangkok,84.10880008771923,42.77586206896552,36.58620689655172,27.24551149122807
8231,2022-01-21 23:00:00,Asia/Bangkok,84.71966853448276,33.71551724137931,30.58620689655172,27.05488594827587
8232,2022-01-22 00:00:00,Asia/Bangkok,84.33632105263166,30.33620689655172,27.85344827586207,26.88267815789473
8233,2022-01-22 01:00:00,Asia/Bangkok,85.01753446428572,22.8448275862069,21.25862068965517,26.41198446428572
8234,2022-01-22 02:00:00,Asia/Bangkok,85.61813275229359,17.86486486486486,16.72072072072072,25.91795633027521
8235,2022-01-22 03:00:00,Asia/Bangkok,85.97681210526319,15.75,14.69827586206897,25.57131263157893
8236,2022-01-22 04:00:00,Asia/Bangkok,86.15014530973448,15.94736842105263,15.00877192982456,25.28721477876108
8237,2022-01-22 05:00:00,Asia/Bangkok,86.4969229310345,17.52586206896552,16.41379310344828,24.82548103448274
8238,2022-01-22 06:00:00,Asia/Bangkok,86.80104982758621,18.37931034482759,17.63478260869565,24.6441306034483
8239,2022-01-22 07:00:00,Asia/Bangkok,87.18826216216219,17.14782608695652,16.21551724137931,24.44226387387388
8240,2022-01-22 08:00:00,Asia/Bangkok,88.69313250000003,29.11206896551724,25.41379310344828,24.68006423423424
8241,2022-01-22 09:00:00,Asia/Bangkok,87.6455472727273,16.9304347826087,15.68103448275862,26.135376
8242,2022-01-22 10:00:00,Asia/Bangkok,78.84717426086961,10.8448275862069,9.431034482758621,28.07847217391305
8243,2022-01-22 11:00:00,Asia/Bangkok,69.37953626086956,7.660869565217391,6.71304347826087,30.2584583478261
8244,2022-01-22 12:00:00,Asia/Bangkok,68.58289539130433,8.811965811965813,7.717948717948718,30.36970539130434
8245,2022-01-22 13:00:00,Asia/Bangkok,61.97248739130435,41.24137931034483,32.00869565217391,32.35192495652174
8246,2022-01-22 14:00:00,Asia/Bangkok,56.34354619469029,35.25217391304348,30.58620689655172,33.38736176991151
8247,2022-01-22 15:00:00,Asia/Bangkok,55.39331517857143,17.80172413793104,16.0,33.75066705357144
8248,2022-01-22 16:00:00,Asia/Bangkok,56.45937591304349,14.10434782608696,12.48695652173913,33.6473372173913
8249,2022-01-22 17:00:00,Asia/Bangkok,58.10735534482757,7.923076923076923,6.94017094017094,33.0816129310345
8250,2022-01-22 18:00:00,Asia/Bangkok,63.61372464912279,17.10344827586207,14.88793103448276,31.26576192982458
8251,2022-01-22 19:00:00,Asia/Bangkok,67.57434687499999,41.32758620689656,34.99137931034483,30.26555575221238
8252,2022-01-22 20:00:00,Asia/Bangkok,73.05009869565215,63.72413793103448,52.9051724137931,29.04025614035089
8253,2022-01-22 21:00:00,Asia/Bangkok,77.21775868421051,65.09482758620689,52.23275862068966,28.19252178571427
8254,2022-01-22 22:00:00,Asia/Bangkok,79.70557982758619,53.28448275862069,43.19827586206897,27.57447603448277
8255,2022-01-22 23:00:00,Asia/Bangkok,79.98146973214287,48.07826086956522,39.6,27.26114857142858
8256,2022-01-23 00:00:00,Asia/Bangkok,80.5549942241379,41.16379310344828,34.9051724137931,26.93644879310348
8257,2022-01-23 01:00:00,Asia/Bangkok,82.12783035087719,34.93965517241379,31.21551724137931,26.43295079646017
8258,2022-01-23 02:00:00,Asia/Bangkok,82.35511201834863,29.67567567567568,27.79279279279279,26.0712171559633
8259,2022-01-23 03:00:00,Asia/Bangkok,83.08372836206898,27.52991452991453,25.88888888888889,25.59235362068969
8260,2022-01-23 04:00:00,Asia/Bangkok,83.31637522522523,23.74137931034483,22.12068965517241,25.35962163636363
8261,2022-01-23 05:00:00,Asia/Bangkok,83.453035862069,21.9051724137931,20.46551724137931,25.09656732758621
8262,2022-01-23 06:00:00,Asia/Bangkok,84.04091836206896,21.15384615384615,19.93103448275862,24.98770750000001
8263,2022-01-23 07:00:00,Asia/Bangkok,84.65976946902649,24.41228070175439,22.96521739130435,24.73164008849558
8264,2022-01-23 08:00:00,Asia/Bangkok,86.11034927272728,30.56034482758621,28.69827586206896,24.65567109090908
8265,2022-01-23 09:00:00,Asia/Bangkok,86.33525140350876,28.72413793103448,26.06034482758621,26.18112947368421
8266,2022-01-23 10:00:00,Asia/Bangkok,77.40584923076926,24.51282051282051,22.63247863247863,28.75745051282052
8267,2022-01-23 11:00:00,Asia/Bangkok,71.76367526315792,19.64655172413793,18.24137931034483,29.9952488596491
8268,2022-01-23 12:00:00,Asia/Bangkok,65.38949999999998,21.25217391304348,19.80869565217391,31.32765756521739
8269,2022-01-23 13:00:00,Asia/Bangkok,58.74791069565219,14.88793103448276,14.0948275862069,33.11264565217392
8270,2022-01-23 14:00:00,Asia/Bangkok,59.50488500000001,16.34188034188034,15.05982905982906,33.20407078947369
8271,2022-01-23 15:00:00,Asia/Bangkok,64.44038859649122,16.82905982905983,15.52136752136752,31.86042614035087
8272,2022-01-23 16:00:00,Asia/Bangkok,63.50966903508775,19.33620689655172,17.48275862068965,32.09660964912281
8273,2022-01-23 17:00:00,Asia/Bangkok,63.88762756521739,21.02586206896552,19.02586206896552,32.09410201754385
8274,2022-01-23 18:00:00,Asia/Bangkok,68.27910136363634,30.23076923076923,26.81196581196581,30.38459627272727
8275,2022-01-23 19:00:00,Asia/Bangkok,71.45899026315789,40.91379310344828,35.81034482758621,29.53002561403509
8276,2022-01-23 20:00:00,Asia/Bangkok,75.25105818181817,59.31896551724138,48.0,28.61591545454542
8277,2022-01-23 21:00:00,Asia/Bangkok,77.9692250877193,55.29310344827586,44.98275862068966,28.01934473684212
8278,2022-01-23 22:00:00,Asia/Bangkok,79.96606181034483,52.30769230769231,43.00854700854701,27.53734327586205
8279,2022-01-23 23:00:00,Asia/Bangkok,82.34959447368419,57.92241379310344,47.37068965517241,26.74433543859649
8280,2022-01-24 00:00:00,Asia/Bangkok,82.55377858407076,54.03448275862069,44.01724137931034,26.52981734513273
8281,2022-01-24 01:00:00,Asia/Bangkok,83.10376442477875,52.78761061946903,43.26548672566372,26.22983796460179
8282,2022-01-24 02:00:00,Asia/Bangkok,83.14553259259257,50.24324324324324,41.28828828828829,25.92467657407407
8283,2022-01-24 03:00:00,Asia/Bangkok,83.78977780701753,45.66666666666666,38.05128205128205,25.5887862280702
8284,2022-01-24 04:00:00,Asia/Bangkok,84.18035780701756,39.70689655172414,34.43103448275862,25.22400236842106
8285,2022-01-24 05:00:00,Asia/Bangkok,85.01771464912284,37.68965517241379,33.21551724137931,24.89395692982455
8286,2022-01-24 06:00:00,Asia/Bangkok,85.1235536936937,37.15652173913043,32.94736842105263,24.74838378378381
8287,2022-01-24 07:00:00,Asia/Bangkok,85.19959201754388,33.98260869565217,31.22413793103448,24.5943655263158
8288,2022-01-24 08:00:00,Asia/Bangkok,87.20521619469025,42.33620689655172,36.11206896551724,24.61318249999999
8289,2022-01-24 09:00:00,Asia/Bangkok,87.07421452173914,39.53043478260869,34.46086956521739,25.94019061403509
8290,2022-01-24 10:00:00,Asia/Bangkok,76.83553307017546,31.89565217391304,29.22608695652174,28.75204622807015
8291,2022-01-24 11:00:00,Asia/Bangkok,72.3406010869565,35.71578947368421,31.73684210526316,29.38282217391302
8292,2022-01-24 12:00:00,Asia/Bangkok,61.40404077586204,18.27586206896552,17.27826086956522,32.12434568965518
8293,2022-01-24 13:00:00,Asia/Bangkok,58.99748263157898,14.69565217391304,13.99137931034483,32.5320600877193
8294,2022-01-24 14:00:00,Asia/Bangkok,57.43343342105263,14.01739130434783,13.41739130434783,32.75379043859648
8295,2022-01-24 15:00:00,Asia/Bangkok,57.50606565217393,12.20689655172414,11.49137931034483,32.63918217391306
8296,2022-01-24 16:00:00,Asia/Bangkok,57.87213652173913,11.44827586206897,10.78448275862069,32.74290843478262
8297,2022-01-24 17:00:00,Asia/Bangkok,59.63462812499995,15.27586206896552,13.88793103448276,32.03841383928568
8298,2022-01-24 18:00:00,Asia/Bangkok,65.16538917431193,14.12068965517241,13.43103448275862,30.36495844036697
8299,2022-01-24 19:00:00,Asia/Bangkok,69.54552210526317,19.71794871794872,18.63247863247863,29.25404359649121
8300,2022-01-24 20:00:00,Asia/Bangkok,73.57480749999998,44.81034482758621,37.9051724137931,28.56247379310344
8301,2022-01-24 21:00:00,Asia/Bangkok,77.20428043859647,78.48275862068965,67.08620689655173,27.83434350877194
8302,2022-01-24 22:00:00,Asia/Bangkok,79.5348176785714,58.29565217391304,47.8,27.34185508928572
8303,2022-01-24 23:00:00,Asia/Bangkok,81.09447280701751,68.13793103448276,57.99137931034483,26.830325
8304,2022-01-25 00:00:00,Asia/Bangkok,81.76907238938058,56.7948717948718,46.26495726495727,26.47416345132743
8305,2022-01-25 01:00:00,Asia/Bangkok,82.51154184210527,57.42241379310344,46.54310344827586,25.97581833333331
8306,2022-01-25 02:00:00,Asia/Bangkok,83.46280621621626,56.78378378378378,46.03603603603604,25.55819774774776
8307,2022-01-25 03:00:00,Asia/Bangkok,84.14480745614031,56.37931034482759,45.85344827586207,25.28146385964913
8308,2022-01-25 04:00:00,Asia/Bangkok,84.4882251304348,53.51282051282051,44.11965811965812,25.17045730434786
8309,2022-01-25 05:00:00,Asia/Bangkok,85.22447027027027,51.81034482758621,42.70689655172414,25.00442711711714
8310,2022-01-25 06:00:00,Asia/Bangkok,85.80367254545456,43.25862068965517,36.93103448275862,25.09309654545453
8311,2022-01-25 07:00:00,Asia/Bangkok,85.67685568965514,27.94827586206896,26.30172413793104,25.29240215517243
8312,2022-01-25 08:00:00,Asia/Bangkok,86.68260789473682,37.76521739130435,34.92173913043478,25.3910403508772
8313,2022-01-25 09:00:00,Asia/Bangkok,85.11749419642855,34.69565217391305,30.02608695652174,26.55823339285714
8314,2022-01-25 10:00:00,Asia/Bangkok,76.47713008695655,18.36752136752137,17.01709401709402,28.46622791304348
8315,2022-01-25 11:00:00,Asia/Bangkok,72.52409185840709,16.5948275862069,15.72413793103448,29.40103203539823
8316,2022-01-25 12:00:00,Asia/Bangkok,65.60102094827586,21.46153846153846,20.49572649572649,31.05149387931034
8317,2022-01-25 13:00:00,Asia/Bangkok,62.7674107017544,23.71551724137931,22.56034482758621,31.76916578947369
8318,2022-01-25 14:00:00,Asia/Bangkok,57.22477610619468,21.05172413793104,20.12068965517241,32.70168178571429
8319,2022-01-25 15:00:00,Asia/Bangkok,54.47849017391302,16.45299145299145,15.69230769230769,33.2456747826087
8320,2022-01-25 16:00:00,Asia/Bangkok,57.45908669642857,17.78448275862069,17.06034482758621,32.59720464285716
8321,2022-01-25 17:00:00,Asia/Bangkok,62.7935140540541,19.07758620689655,18.18103448275862,31.41480378378379
8322,2022-01-25 18:00:00,Asia/Bangkok,67.35928964285712,26.94827586206896,25.76724137931035,30.39513553571428
8323,2022-01-25 19:00:00,Asia/Bangkok,70.42600861111109,33.78448275862069,30.87931034482759,29.83364250000001
8324,2022-01-25 20:00:00,Asia/Bangkok,74.1691361946903,47.14655172413793,39.54310344827586,29.00490274336284
8325,2022-01-25 21:00:00,Asia/Bangkok,77.2704843269231,63.51376146788991,51.55963302752293,28.2604208653846
8326,2022-01-25 22:00:00,Asia/Bangkok,79.88604072727274,59.43243243243244,48.09009009009009,27.71024200000003
8327,2022-01-25 23:00:00,Asia/Bangkok,80.91861672000002,62.1732283464567,50.06299212598425,27.34100264000002
8328,2022-01-26 00:00:00,Asia/Bangkok,82.31322527777775,65.3913043478261,52.73913043478261,26.88911092592594
8329,2022-01-26 01:00:00,Asia/Bangkok,82.52710594827586,63.12931034482759,50.95689655172414,26.8216506896552
8330,2022-01-26 02:00:00,Asia/Bangkok,82.89767599999998,60.87387387387388,49.23423423423424,26.63468372727275
8331,2022-01-26 03:00:00,Asia/Bangkok,84.31605705357144,60.99137931034483,49.28448275862069,26.06386339285717
8332,2022-01-26 04:00:00,Asia/Bangkok,85.00864078947366,55.86206896551724,45.81034482758621,25.77704605263158
8333,2022-01-26 05:00:00,Asia/Bangkok,85.43096911504425,58.04273504273505,47.99145299145299,25.53855893805309
8334,2022-01-26 06:00:00,Asia/Bangkok,86.09711504424777,63.39473684210526,51.60526315789474,25.27764469026549
8335,2022-01-26 07:00:00,Asia/Bangkok,86.2055652631579,56.71551724137931,46.23275862068966,25.24520315789475
8336,2022-01-26 08:00:00,Asia/Bangkok,87.52011473684207,70.5,61.04310344827586,25.45433601769913
8337,2022-01-26 09:00:00,Asia/Bangkok,86.0756657391305,39.44444444444444,34.60683760683761,26.99343626086955
8338,2022-01-26 10:00:00,Asia/Bangkok,78.71687565217387,37.5,33.37931034482759,28.81787608695653
8339,2022-01-26 11:00:00,Asia/Bangkok,73.37338836206895,38.52136752136752,33.87068965517241,30.08255543103448
8340,2022-01-26 12:00:00,Asia/Bangkok,67.15900743362829,28.30172413793104,25.92241379310345,31.60531910714285
8341,2022-01-26 13:00:00,Asia/Bangkok,62.19624157894738,15.77586206896552,15.17948717948718,32.75503315789474
8342,2022-01-26 14:00:00,Asia/Bangkok,62.76127819819818,19.86086956521739,19.1304347826087,32.26091153153154
8343,2022-01-26 15:00:00,Asia/Bangkok,60.06841873873874,21.97413793103448,20.77586206896552,33.07942882882883
8344,2022-01-26 16:00:00,Asia/Bangkok,60.58369775862071,32.26724137931034,29.79310344827586,32.7861501724138
8345,2022-01-26 17:00:00,Asia/Bangkok,63.9038059649123,41.75862068965517,36.95689655172414,31.69781719298243
8346,2022-01-26 18:00:00,Asia/Bangkok,64.879968,40.66666666666666,35.92307692307692,31.07861808695651
8347,2022-01-26 19:00:00,Asia/Bangkok,69.35096000000001,30.69565217391304,28.90434782608695,29.93937000000003
8348,2022-01-26 20:00:00,Asia/Bangkok,73.84124844036698,49.83760683760683,41.3448275862069,29.02469889908257
8349,2022-01-26 21:00:00,Asia/Bangkok,77.83437741071428,52.44827586206897,45.62393162393163,28.01389598214285
8350,2022-01-26 22:00:00,Asia/Bangkok,79.91849026086955,60.12068965517241,48.97413793103448,27.71194313043479
8351,2022-01-26 23:00:00,Asia/Bangkok,81.51884991379308,60.68965517241379,49.52586206896552,27.22099982758622
8352,2022-01-27 00:00:00,Asia/Bangkok,82.42622336206898,58.49572649572649,47.54310344827586,26.80037931034481
8353,2022-01-27 01:00:00,Asia/Bangkok,83.86465508771927,59.36206896551724,48.23931623931624,26.50585570175438
8354,2022-01-27 02:00:00,Asia/Bangkok,83.84087572727272,59.22522522522522,48.01801801801802,26.29090845454546
8355,2022-01-27 03:00:00,Asia/Bangkok,84.76424584070794,57.2051282051282,46.76068376068376,25.85160017699115
8356,2022-01-27 04:00:00,Asia/Bangkok,85.14870873873875,52.18965517241379,43.38793103448276,25.60012990990996
8357,2022-01-27 05:00:00,Asia/Bangkok,85.59286477876105,53.31896551724138,44.06896551724138,25.3478050442478
8358,2022-01-27 06:00:00,Asia/Bangkok,85.93911258928567,50.08547008547009,41.86324786324786,25.13670883928574
8359,2022-01-27 07:00:00,Asia/Bangkok,86.64627837837845,47.58260869565218,40.14782608695652,25.21776432432434
8360,2022-01-27 08:00:00,Asia/Bangkok,87.55407315789473,54.36521739130435,44.82608695652174,25.35545798245615
8361,2022-01-27 09:00:00,Asia/Bangkok,86.64086203539821,54.26086956521739,44.6695652173913,26.63710230088494
8362,2022-01-27 10:00:00,Asia/Bangkok,77.03523860869565,33.72413793103448,31.08620689655172,28.87288191304348
8363,2022-01-27 11:00:00,Asia/Bangkok,72.20653669642856,32.89655172413793,30.44827586206896,29.63361633928571
8364,2022-01-27 12:00:00,Asia/Bangkok,66.96321342105266,32.04347826086956,29.88695652173913,31.21884324561402
8365,2022-01-27 13:00:00,Asia/Bangkok,62.780140877193,28.81896551724138,27.54310344827586,32.27332521739129
8366,2022-01-27 14:00:00,Asia/Bangkok,57.79540911504425,31.33333333333333,29.32478632478632,33.68915580357142
8367,2022-01-27 15:00:00,Asia/Bangkok,59.52607920353984,30.80172413793104,29.00862068965517,33.2080239823009
8368,2022-01-27 16:00:00,Asia/Bangkok,61.00292586206896,36.88793103448276,33.79310344827586,32.49259577586207
8369,2022-01-27 17:00:00,Asia/Bangkok,62.03104401785713,50.92307692307692,40.26724137931034,32.08504785714285
8370,2022-01-27 18:00:00,Asia/Bangkok,65.74484868421052,37.95689655172414,34.39655172413793,30.97521245614036
8371,2022-01-27 19:00:00,Asia/Bangkok,69.60475137931034,37.96551724137931,33.47413793103448,30.06869801724137
8372,2022-01-27 20:00:00,Asia/Bangkok,73.41032294642856,56.92241379310344,47.81034482758621,29.15629410714286
8373,2022-01-27 21:00:00,Asia/Bangkok,76.83526577586206,81.64102564102564,71.35042735042735,28.53487206896553
8374,2022-01-27 22:00:00,Asia/Bangkok,79.18613686956525,61.2695652173913,49.77391304347826,28.06674434782607
8375,2022-01-27 23:00:00,Asia/Bangkok,80.61891473684214,63.46902654867257,51.5929203539823,27.73397394736843
8376,2022-01-28 00:00:00,Asia/Bangkok,81.80159403508776,61.49572649572649,49.61538461538461,27.05322649122809
8377,2022-01-28 01:00:00,Asia/Bangkok,82.43686660714283,65.41379310344827,52.74137931034483,26.72472660714286
8378,2022-01-28 02:00:00,Asia/Bangkok,82.63900641509429,66.95495495495496,55.07207207207207,26.63327628571427
8379,2022-01-28 03:00:00,Asia/Bangkok,83.88259982905984,63.63793103448276,51.39655172413793,26.29768965811965
8380,2022-01-28 04:00:00,Asia/Bangkok,84.22510099099105,60.55555555555556,49.05982905982906,26.05169936936935
8381,2022-01-28 05:00:00,Asia/Bangkok,84.84350439655172,60.02586206896552,48.77586206896552,25.60723521739131
8382,2022-01-28 06:00:00,Asia/Bangkok,85.31013878260869,65.93162393162393,53.87179487179487,25.22642086956523
8383,2022-01-28 07:00:00,Asia/Bangkok,85.75510876106193,76.63478260869566,67.18260869565218,24.82796168141592
8384,2022-01-28 08:00:00,Asia/Bangkok,87.04319946902656,76.77777777777777,67.57264957264957,24.89637442477876
8385,2022-01-28 09:00:00,Asia/Bangkok,86.2892649565217,40.96551724137931,35.36206896551724,26.39521356521738
8386,2022-01-28 10:00:00,Asia/Bangkok,77.11839451327432,27.67521367521368,25.97435897435897,28.97654495575222
8387,2022-01-28 11:00:00,Asia/Bangkok,71.77035500000005,34.5,31.63793103448276,30.04137035087719
8388,2022-01-28 12:00:00,Asia/Bangkok,67.03198844827588,25.10344827586207,23.93103448275862,31.03628860869564
8389,2022-01-28 13:00:00,Asia/Bangkok,61.0184363063063,28.23893805309735,27.1858407079646,32.51040765765766
8390,2022-01-28 14:00:00,Asia/Bangkok,58.46852580357142,28.29310344827586,27.03448275862069,33.27568446428573
8391,2022-01-28 15:00:00,Asia/Bangkok,57.45929245614038,27.89473684210526,26.51754385964912,33.67315805309733
8392,2022-01-28 16:00:00,Asia/Bangkok,59.21009618181819,26.74137931034483,25.74137931034483,33.31479645454547
8393,2022-01-28 17:00:00,Asia/Bangkok,62.60688133928572,28.36206896551724,27.05172413793104,32.14236616071428
8394,2022-01-28 18:00:00,Asia/Bangkok,67.2852616216216,30.24347826086957,28.4,30.84053882882883
8395,2022-01-28 19:00:00,Asia/Bangkok,70.92799321739129,38.41379310344828,33.75,30.21041330434782
8396,2022-01-28 20:00:00,Asia/Bangkok,74.45876605263159,63.50434782608696,54.26086956521739,29.43558122807018
8397,2022-01-28 21:00:00,Asia/Bangkok,78.11880278260867,69.33043478260869,57.36521739130435,28.45396539130433
8398,2022-01-28 22:00:00,Asia/Bangkok,80.54869866071431,68.84482758620689,56.75862068965517,27.80067714285714
8399,2022-01-28 23:00:00,Asia/Bangkok,81.94399972727274,55.49572649572649,45.54700854700855,27.50256018181815
8400,2022-01-29 00:00:00,Asia/Bangkok,82.43087087719297,57.52586206896552,46.95689655172414,27.31676991228067
8401,2022-01-29 01:00:00,Asia/Bangkok,83.27185208695649,61.29824561403509,49.6140350877193,27.02399295652173
8402,2022-01-29 02:00:00,Asia/Bangkok,83.60193972477065,56.90825688073394,46.4954128440367,26.61893302752295
8403,2022-01-29 03:00:00,Asia/Bangkok,83.76608831858407,50.66086956521739,42.13913043478261,26.33244669642857
8404,2022-01-29 04:00:00,Asia/Bangkok,84.42268973913043,55.84615384615385,46.17094017094017,25.92934539130436
8405,2022-01-29 05:00:00,Asia/Bangkok,85.10900818965513,55.12931034482759,45.32758620689656,25.59827137931038
8406,2022-01-29 06:00:00,Asia/Bangkok,85.75997617391303,57.85344827586207,46.91379310344828,25.29322660869565
8407,2022-01-29 07:00:00,Asia/Bangkok,86.11746391304351,53.62931034482759,44.18965517241379,25.17071295652175
8408,2022-01-29 08:00:00,Asia/Bangkok,87.25795455357141,54.61739130434783,44.6695652173913,25.24886945945946
8409,2022-01-29 09:00:00,Asia/Bangkok,87.5504770535714,43.12844036697248,36.96330275229358,26.57354044642857
8410,2022-01-29 10:00:00,Asia/Bangkok,79.05793010416669,32.76530612244898,30.26530612244898,28.61668197916665
8411,2022-01-29 11:00:00,Asia/Bangkok,72.28068529411763,31.94202898550725,29.7536231884058,30.19119897058825
8412,2022-01-29 12:00:00,Asia/Bangkok,64.29012875,31.21929824561403,29.35964912280702,32.15037767857142
8413,2022-01-29 13:00:00,Asia/Bangkok,57.50917095238094,26.17692307692308,25.00769230769231,33.84828436507938
8414,2022-01-29 14:00:00,Asia/Bangkok,56.15615799999998,26.4,25.04444444444444,34.65393684615385
8415,2022-01-29 15:00:00,Asia/Bangkok,54.68965874999998,25.52898550724638,24.49275362318841,34.82580882352941
8416,2022-01-29 16:00:00,Asia/Bangkok,59.58214946153845,27.81481481481481,26.28888888888889,34.10341907692308
8417,2022-01-29 17:00:00,Asia/Bangkok,62.51118452173912,23.21551724137931,22.30172413793104,33.53186356521739
8418,2022-01-29 18:00:00,Asia/Bangkok,67.06282155172414,22.64102564102564,21.36206896551724,31.90823181034481
8419,2022-01-29 19:00:00,Asia/Bangkok,72.18090219298242,31.4,28.46551724137931,30.35213350877193
8420,2022-01-29 20:00:00,Asia/Bangkok,73.08396345132742,49.53043478260869,41.06086956521739,29.9151996460177
8421,2022-01-29 21:00:00,Asia/Bangkok,76.49367370689654,60.18103448275862,51.70689655172414,29.02446400000002
8422,2022-01-29 22:00:00,Asia/Bangkok,79.22407356521745,48.69230769230769,40.41880341880342,28.5943336521739
8423,2022-01-29 23:00:00,Asia/Bangkok,80.13279304347824,48.75,41.0,28.42591521739128
8424,2022-01-30 00:00:00,Asia/Bangkok,82.11377333333331,48.62068965517241,40.24137931034483,27.92365081081082
8425,2022-01-30 01:00:00,Asia/Bangkok,83.58965017391304,60.3448275862069,50.81034482758621,27.46956817391306
8426,2022-01-30 02:00:00,Asia/Bangkok,84.23658435185187,49.09821428571428,40.63963963963964,27.16605537037038
8427,2022-01-30 03:00:00,Asia/Bangkok,84.2969410810811,54.40869565217391,44.92241379310344,27.03806126126127
8428,2022-01-30 04:00:00,Asia/Bangkok,85.01307919642863,47.01754385964912,39.33333333333334,26.52905124999999
8429,2022-01-30 05:00:00,Asia/Bangkok,85.46416286956521,46.3448275862069,38.79310344827586,26.37169260869564
8430,2022-01-30 06:00:00,Asia/Bangkok,85.57331008849556,46.5,38.96491228070175,26.25451061946904
8431,2022-01-30 07:00:00,Asia/Bangkok,86.04550741379309,44.55555555555556,37.42735042735043,25.98316439655175
8432,2022-01-30 08:00:00,Asia/Bangkok,86.71962241071428,54.25217391304348,46.90434782608695,26.02694603603604
8433,2022-01-30 09:00:00,Asia/Bangkok,85.11546008695653,60.77777777777778,50.39316239316239,27.19542930434782
8434,2022-01-30 10:00:00,Asia/Bangkok,76.39932173913041,36.39655172413793,33.03448275862069,29.68315408695651
8435,2022-01-30 11:00:00,Asia/Bangkok,67.38931482456144,33.50427350427351,30.86206896551724,32.14378491228072
8436,2022-01-30 12:00:00,Asia/Bangkok,61.95508263157897,36.68141592920354,32.64035087719298,33.36684359649122
8437,2022-01-30 13:00:00,Asia/Bangkok,58.68074683760684,26.39316239316239,24.1965811965812,33.91675384615384
8438,2022-01-30 14:00:00,Asia/Bangkok,59.66223522123894,27.52586206896552,26.0948275862069,33.97705557522124
8439,2022-01-30 15:00:00,Asia/Bangkok,61.54994866071429,23.0695652173913,21.74782608695652,33.80147714285717
8440,2022-01-30 16:00:00,Asia/Bangkok,64.62261938053099,20.81739130434783,19.74782608695652,32.90522223214285
8441,2022-01-30 17:00:00,Asia/Bangkok,67.24853469026547,19.9051724137931,18.96551724137931,32.14783194690266
8442,2022-01-30 18:00:00,Asia/Bangkok,71.6427157142857,26.35398230088495,24.79646017699115,30.56548964285714
8443,2022-01-30 19:00:00,Asia/Bangkok,73.56223070175439,45.83620689655172,38.67241379310344,29.96615368421055
8444,2022-01-30 20:00:00,Asia/Bangkok,76.00390412280699,48.68103448275862,40.26724137931034,29.54808456140353
8445,2022-01-30 21:00:00,Asia/Bangkok,78.00449156521739,48.4051724137931,40.18965517241379,29.23878643478264
8446,2022-01-30 22:00:00,Asia/Bangkok,79.29339883928567,45.24137931034483,38.20689655172414,28.85643116071429
8447,2022-01-30 23:00:00,Asia/Bangkok,81.52262521739135,49.23931623931624,41.15384615384615,28.19276052173912
8448,2022-01-31 00:00:00,Asia/Bangkok,82.96005892857144,55.2991452991453,45.35042735042735,27.74168486486488
8449,2022-01-31 01:00:00,Asia/Bangkok,83.72029945945941,53.8141592920354,44.27433628318584,27.46072135135134
8450,2022-01-31 02:00:00,Asia/Bangkok,84.05272727272727,51.35714285714285,42.62162162162162,27.43373827272728
8451,2022-01-31 03:00:00,Asia/Bangkok,84.10621846846848,52.12068965517241,43.04310344827586,27.32496738738737
8452,2022-01-31 04:00:00,Asia/Bangkok,84.66560938596494,52.69565217391305,43.70434782608696,26.92690140350876
8453,2022-01-31 05:00:00,Asia/Bangkok,85.19623263157894,59.57758620689656,48.35344827586207,26.52551061403509
8454,2022-01-31 06:00:00,Asia/Bangkok,86.33880017699121,60.56034482758621,48.9051724137931,26.25254920353982
8455,2022-01-31 07:00:00,Asia/Bangkok,86.34450954954956,53.94827586206897,44.22413793103448,26.24069243243243
8456,2022-01-31 08:00:00,Asia/Bangkok,87.23266886956523,53.30769230769231,43.95726495726495,26.20302798245614
8457,2022-01-31 09:00:00,Asia/Bangkok,85.0479373043478,42.82758620689656,36.50862068965517,27.37206643478259
8458,2022-01-31 10:00:00,Asia/Bangkok,78.52466504347828,41.22413793103448,36.23275862068966,28.8826577586207
8459,2022-01-31 11:00:00,Asia/Bangkok,70.98615589285711,33.49122807017544,30.73684210526316,30.69039774774775
8460,2022-01-31 12:00:00,Asia/Bangkok,64.63412512820511,35.92372881355932,33.35593220338983,31.99911487179488
8461,2022-01-31 13:00:00,Asia/Bangkok,62.71245473214284,26.06034482758621,25.06034482758621,32.33617758928571
8462,2022-01-31 14:00:00,Asia/Bangkok,57.62794508771928,21.84347826086956,21.05217391304348,33.49858043859649
8463,2022-01-31 15:00:00,Asia/Bangkok,57.36911869565217,23.86206896551724,22.5,33.2199455652174
8464,2022-01-31 16:00:00,Asia/Bangkok,58.26486304347829,16.66956521739131,16.00869565217391,32.98467860869567
8465,2022-01-31 17:00:00,Asia/Bangkok,58.79132741379312,14.8448275862069,14.25,32.58612844827586
8466,2022-01-31 18:00:00,Asia/Bangkok,63.53407070796462,15.62931034482759,14.53448275862069,31.19627336283186
8467,2022-01-31 19:00:00,Asia/Bangkok,67.20189605263157,17.68103448275862,16.53448275862069,30.42753622807017
8468,2022-01-31 20:00:00,Asia/Bangkok,72.92755450450454,45.69565217391305,39.2695652173913,29.20102792792794
8469,2022-01-31 21:00:00,Asia/Bangkok,75.76831547826087,31.85470085470086,29.00854700854701,28.50985765217391
8470,2022-01-31 22:00:00,Asia/Bangkok,78.29672525862068,51.95726495726495,42.68965517241379,27.88844586206897
8471,2022-01-31 23:00:00,Asia/Bangkok,79.6323233043478,46.4051724137931,38.70689655172414,27.50261173913041
8472,2022-02-01 00:00:00,Asia/Bangkok,80.10783486956521,46.5,38.85344827586207,27.10493982608696
8473,2022-02-01 01:00:00,Asia/Bangkok,81.4710225,49.18803418803419,40.69230769230769,26.63419705357143
8474,2022-02-01 02:00:00,Asia/Bangkok,82.8303980909091,49.13513513513514,40.7927927927928,26.26500818181818
8475,2022-02-01 03:00:00,Asia/Bangkok,83.37485669565214,47.63793103448276,39.77777777777778,25.78897808695655
8476,2022-02-01 04:00:00,Asia/Bangkok,84.45876765217392,45.43103448275862,38.20689655172414,25.54495773913046
8477,2022-02-01 05:00:00,Asia/Bangkok,84.56313913043479,40.93965517241379,35.13793103448276,25.30790208695653
8478,2022-02-01 06:00:00,Asia/Bangkok,85.67046649122805,38.2,33.63478260869565,24.66314200000001
8479,2022-02-01 07:00:00,Asia/Bangkok,85.58107286956523,49.73728813559322,43.53389830508475,24.55702877192983
8480,2022-02-01 08:00:00,Asia/Bangkok,87.09279902654869,58.13793103448276,47.56896551724138,24.69834601769912
8481,2022-02-01 09:00:00,Asia/Bangkok,85.4947999122807,50.9051724137931,42.17241379310344,26.71639
8482,2022-02-01 10:00:00,Asia/Bangkok,74.58429756756757,46.4017094017094,39.72649572649573,29.23174445454544
8483,2022-02-01 11:00:00,Asia/Bangkok,69.10572736842107,22.80172413793104,21.54310344827586,30.47977210526317
8484,2022-02-01 12:00:00,Asia/Bangkok,64.22489130434782,21.13913043478261,19.65217391304348,32.11647147826089
8485,2022-02-01 13:00:00,Asia/Bangkok,58.32770344827587,14.10344827586207,13.31896551724138,33.0453599145299
8486,2022-02-01 14:00:00,Asia/Bangkok,56.1006492241379,13.70689655172414,12.91379310344828,32.93858289473683
8487,2022-02-01 15:00:00,Asia/Bangkok,52.87097159292033,12.43589743589744,11.72649572649573,33.70576920353983
8488,2022-02-01 16:00:00,Asia/Bangkok,57.87139357142859,12.4051724137931,11.68103448275862,32.36428919642859
8489,2022-02-01 17:00:00,Asia/Bangkok,57.00318121739131,15.07758620689655,14.12931034482759,32.04509313043477
8490,2022-02-01 18:00:00,Asia/Bangkok,61.95976666666667,15.07826086956522,14.11304347826087,30.71544171171169
8491,2022-02-01 19:00:00,Asia/Bangkok,67.99932373913042,21.12931034482759,19.43103448275862,29.52896991304348
8492,2022-02-01 20:00:00,Asia/Bangkok,71.51568225225223,51.26724137931034,41.92241379310344,28.88186396396397
8493,2022-02-01 21:00:00,Asia/Bangkok,75.83211130434782,65.45689655172414,52.51724137931034,27.83937269565217
8494,2022-02-01 22:00:00,Asia/Bangkok,78.26933427272729,53.72649572649573,43.74358974358974,27.32500718181814
8495,2022-02-01 23:00:00,Asia/Bangkok,79.2204189090909,46.99137931034483,39.10344827586207,27.12434209090909
8496,2022-02-02 00:00:00,Asia/Bangkok,79.69717517543857,50.33333333333334,41.46956521739131,26.87302561403511
8497,2022-02-02 01:00:00,Asia/Bangkok,81.01678570175439,50.35964912280702,41.59649122807018,26.26027833333332
8498,2022-02-02 02:00:00,Asia/Bangkok,82.6787718348624,45.11711711711712,37.71171171171171,25.56033009174313
8499,2022-02-02 03:00:00,Asia/Bangkok,83.16984098214287,41.92241379310344,35.71551724137931,25.33825125000001
8500,2022-02-02 04:00:00,Asia/Bangkok,83.31448321739131,44.42241379310344,37.61739130434783,25.23067182608698
8501,2022-02-02 05:00:00,Asia/Bangkok,84.01891036036038,38.8859649122807,33.7304347826087,25.02104945945947
8502,2022-02-02 06:00:00,Asia/Bangkok,84.61344234782607,21.87931034482759,20.47413793103448,24.93958069565217
8503,2022-02-02 07:00:00,Asia/Bangkok,84.7312357894737,21.50862068965517,20.13793103448276,24.88107307017546
8504,2022-02-02 08:00:00,Asia/Bangkok,85.89546182608692,29.72649572649573,27.35344827586207,24.97663782608696
8505,2022-02-02 09:00:00,Asia/Bangkok,84.07943201754385,14.68965517241379,13.66666666666667,26.8522490350877
8506,2022-02-02 10:00:00,Asia/Bangkok,73.01338964912283,12.01724137931035,10.91379310344828,29.47306026548673
8507,2022-02-02 11:00:00,Asia/Bangkok,66.03693601851852,8.901785714285714,8.0625,31.00997055555555
8508,2022-02-02 12:00:00,Asia/Bangkok,61.69304647058824,7.727272727272728,6.71900826446281,32.15100394957985
8509,2022-02-02 13:00:00,Asia/Bangkok,62.57904254385969,13.43103448275862,12.00862068965517,32.0718092920354
8510,2022-02-02 14:00:00,Asia/Bangkok,62.21764913793102,9.163793103448276,8.206896551724139,32.47854504347827
8511,2022-02-02 15:00:00,Asia/Bangkok,64.20735840707962,3.163793103448276,2.836206896551724,31.93753743362831
8512,2022-02-02 16:00:00,Asia/Bangkok,69.21984044247786,5.189655172413793,4.474137931034483,30.83979535714285
8513,2022-02-02 17:00:00,Asia/Bangkok,69.33264400000002,3.301724137931035,2.724137931034483,31.05716417391303
8514,2022-02-02 18:00:00,Asia/Bangkok,70.89205157894739,3.025862068965517,2.681034482758621,30.20844086956522
8515,2022-02-02 19:00:00,Asia/Bangkok,75.65786812500002,5.119658119658119,4.435897435897436,29.03926945945945
8516,2022-02-02 20:00:00,Asia/Bangkok,75.22805419642857,42.60344827586207,36.46551724137931,29.57856366071429
8517,2022-02-02 21:00:00,Asia/Bangkok,80.27886945945949,22.17241379310345,19.9051724137931,28.74204657657658
8518,2022-02-02 22:00:00,Asia/Bangkok,81.395030173913,17.96581196581197,16.2051282051282,28.3182175652174
8519,2022-02-02 23:00:00,Asia/Bangkok,82.40349798245607,16.24347826086957,14.76724137931035,27.96533000000001
8520,2022-02-03 00:00:00,Asia/Bangkok,82.66938799999996,20.52586206896552,19.10344827586207,27.62298660869567
8521,2022-02-03 01:00:00,Asia/Bangkok,83.98505930434786,23.19827586206896,21.86206896551724,26.98804852173914
8522,2022-02-03 02:00:00,Asia/Bangkok,84.64339256880734,21.10810810810811,19.8018018018018,26.73659990825688
8523,2022-02-03 03:00:00,Asia/Bangkok,86.36047486725661,14.98275862068965,14.0948275862069,26.5730382300885
8524,2022-02-03 04:00:00,Asia/Bangkok,88.098338508772,10.88888888888889,9.786324786324787,26.09086637168143
8525,2022-02-03 05:00:00,Asia/Bangkok,89.99025767857147,4.84070796460177,4.274336283185841,25.7361563392857
8526,2022-02-03 06:00:00,Asia/Bangkok,88.81188887931033,5.75,5.267241379310345,25.94663250000002
8527,2022-02-03 07:00:00,Asia/Bangkok,89.58907973451326,3.930434782608696,3.443478260869565,25.61075008849558
8528,2022-02-03 08:00:00,Asia/Bangkok,90.86603053097348,6.258620689655173,5.646551724137931,25.45792699115047
8529,2022-02-03 09:00:00,Asia/Bangkok,91.14784313043478,4.487179487179487,3.931623931623931,25.98365686956523
8530,2022-02-03 10:00:00,Asia/Bangkok,90.59464045045046,4.155172413793103,3.698275862068965,26.96444882882882
8531,2022-02-03 11:00:00,Asia/Bangkok,81.75055780701757,5.634782608695653,4.973913043478261,29.39796157894737
8532,2022-02-03 12:00:00,Asia/Bangkok,73.3040627826087,7.443478260869565,6.478260869565218,30.64595660869566
8533,2022-02-03 13:00:00,Asia/Bangkok,69.71920191304348,7.626086956521739,6.652173913043478,31.16485973913045
8534,2022-02-03 14:00:00,Asia/Bangkok,64.38942879310345,8.344827586206897,7.396551724137931,32.38334310344828
8535,2022-02-03 15:00:00,Asia/Bangkok,64.65349315315316,8.660869565217391,7.886956521739131,31.80464684684684
8536,2022-02-03 16:00:00,Asia/Bangkok,63.34460089285717,8.362068965517242,7.637931034482759,32.01166303571429
8537,2022-02-03 17:00:00,Asia/Bangkok,66.12562939655172,9.672413793103448,8.793103448275861,31.36359870689655
8538,2022-02-03 18:00:00,Asia/Bangkok,70.50397973913043,12.4017094017094,11.37931034482759,30.18835660869566
8539,2022-02-03 19:00:00,Asia/Bangkok,74.97954078947369,24.87931034482759,23.33333333333333,29.30651385964911
8540,2022-02-03 20:00:00,Asia/Bangkok,78.78684061403511,18.79130434782609,17.66956521739131,28.53788149122806
8541,2022-02-03 21:00:00,Asia/Bangkok,81.65509482456144,27.99137931034483,26.11206896551724,27.88236350877193
8542,2022-02-03 22:00:00,Asia/Bangkok,83.17071666666666,31.80172413793104,29.19827586206896,27.40308736842101
8543,2022-02-03 23:00:00,Asia/Bangkok,83.38914652173912,35.25641025641026,31.55555555555556,27.22805130434783
8544,2022-02-04 00:00:00,Asia/Bangkok,84.62675176991151,34.68965517241379,31.31034482758621,26.76362522123894
8545,2022-02-04 01:00:00,Asia/Bangkok,86.20773775862067,33.76923076923077,30.77777777777778,26.33465853448276
8546,2022-02-04 02:00:00,Asia/Bangkok,86.92181137614678,30.82882882882883,28.84684684684685,25.9936563302752
8547,2022-02-04 03:00:00,Asia/Bangkok,87.24416570175437,27.43965517241379,25.98275862068965,25.75711219298246
8548,2022-02-04 04:00:00,Asia/Bangkok,87.69106034482756,24.27350427350427,22.8974358974359,25.67410146551725
8549,2022-02-04 05:00:00,Asia/Bangkok,87.20925441441443,20.68103448275862,19.49137931034483,25.63987333333336
8550,2022-02-04 06:00:00,Asia/Bangkok,87.36496203539816,19.87068965517241,18.75,25.45632079646017
8551,2022-02-04 07:00:00,Asia/Bangkok,87.53774088495578,21.11206896551724,20.05172413793104,25.14860714285717
8552,2022-02-04 08:00:00,Asia/Bangkok,89.37547120689653,26.05982905982906,23.72413793103448,25.41880465517242
8553,2022-02-04 09:00:00,Asia/Bangkok,87.33231079646019,27.96521739130435,25.51304347826087,26.96654415929202
8554,2022-02-04 10:00:00,Asia/Bangkok,80.91813114583333,20.51,19.33663366336634,28.39576624999998
8555,2022-02-04 11:00:00,Asia/Bangkok,74.95467495798324,19.06666666666667,17.86666666666667,29.97134478991596
8556,2022-02-04 12:00:00,Asia/Bangkok,67.48010377952757,13.31782945736434,12.3953488372093,31.43204448818896
8557,2022-02-04 13:00:00,Asia/Bangkok,71.81549632653062,11.20408163265306,10.1734693877551,30.75539434343435
8558,2022-02-04 14:00:00,Asia/Bangkok,73.22878210526318,10.30769230769231,9.341880341880342,30.61624530973452
8559,2022-02-04 15:00:00,Asia/Bangkok,67.00881684210526,11.28695652173913,10.13913043478261,31.33786008771927
8560,2022-02-04 16:00:00,Asia/Bangkok,65.57892787610619,8.732758620689655,7.508620689655173,31.95327575221239
8561,2022-02-04 17:00:00,Asia/Bangkok,67.51920070796461,10.25,9.068965517241379,31.01710919642857
8562,2022-02-04 18:00:00,Asia/Bangkok,70.97768284482757,17.15384615384615,15.17094017094017,30.02251617391304
8563,2022-02-04 19:00:00,Asia/Bangkok,75.92842181818179,16.35344827586207,14.72413793103448,28.8665651818182
8564,2022-02-04 20:00:00,Asia/Bangkok,78.59778930434786,34.50862068965517,29.76724137931035,28.4569837391304
8565,2022-02-04 21:00:00,Asia/Bangkok,80.84127159292039,40.54310344827586,34.25862068965517,28.12036159292037
8566,2022-02-04 22:00:00,Asia/Bangkok,82.99453387387392,31.07964601769912,27.94736842105263,27.48843369369371
8567,2022-02-04 23:00:00,Asia/Bangkok,84.11368513274333,51.49137931034483,41.81034482758621,27.26363451327436
8568,2022-02-05 00:00:00,Asia/Bangkok,85.62233421052639,36.06896551724138,31.32758620689655,26.91160526315789
8569,2022-02-05 01:00:00,Asia/Bangkok,86.26761182608695,23.73913043478261,22.19130434782609,26.5459371304348
8570,2022-02-05 02:00:00,Asia/Bangkok,86.428935,26.14285714285714,24.71428571428572,26.31701731481484
8571,2022-02-05 03:00:00,Asia/Bangkok,86.28932043478267,26.05172413793104,24.53448275862069,26.16644382608696
8572,2022-02-05 04:00:00,Asia/Bangkok,86.49201476635513,23.68103448275862,22.32758620689655,25.83911065420557
8573,2022-02-05 05:00:00,Asia/Bangkok,86.70103785714284,19.58620689655172,18.47413793103448,25.61315339285718
8574,2022-02-05 06:00:00,Asia/Bangkok,87.24739245614039,18.30172413793104,17.13793103448276,25.24702859649121
8575,2022-02-05 07:00:00,Asia/Bangkok,87.95150269565215,21.0948275862069,19.37068965517241,25.08739973913041
8576,2022-02-05 08:00:00,Asia/Bangkok,89.20621773913047,21.62393162393163,19.98290598290598,25.20786747826085
8577,2022-02-05 09:00:00,Asia/Bangkok,86.66138163636363,14.6,12.96521739130435,26.62513972727271
8578,2022-02-05 10:00:00,Asia/Bangkok,77.75125448275861,12.12068965517241,10.24137931034483,28.59306560344828
8579,2022-02-05 11:00:00,Asia/Bangkok,69.55042304347825,10.33620689655172,8.775862068965518,30.28602069565218
8580,2022-02-05 12:00:00,Asia/Bangkok,65.3304756896552,8.52991452991453,7.111111111111111,31.03609387931033
8581,2022-02-05 13:00:00,Asia/Bangkok,64.82024517543859,9.974137931034482,8.422413793103448,31.51817815789472
8582,2022-02-05 14:00:00,Asia/Bangkok,64.07480646017697,6.663793103448276,5.232758620689655,31.48376991150442
8583,2022-02-05 15:00:00,Asia/Bangkok,62.83226,6.380952380952381,5.095238095238095,31.85430963414633
8584,2022-02-05 16:00:00,Asia/Bangkok,65.65687434108528,6.358208955223881,5.0,30.94996767441861
8585,2022-02-05 17:00:00,Asia/Bangkok,68.91868291338584,11.32824427480916,9.595419847328245,30.25329173228347
8586,2022-02-05 18:00:00,Asia/Bangkok,72.84900115044246,19.29310344827586,16.44827586206896,29.29904017699115
8587,2022-02-05 19:00:00,Asia/Bangkok,79.131304159292,29.5948275862069,25.36206896551724,28.30367267857141
8588,2022-02-05 20:00:00,Asia/Bangkok,80.6914612280702,51.29310344827586,46.05172413793103,27.84982736842105
8589,2022-02-05 21:00:00,Asia/Bangkok,82.24801876106196,21.96551724137931,19.68965517241379,27.35338761061947
8590,2022-02-05 22:00:00,Asia/Bangkok,82.99140135135136,18.91379310344828,16.93103448275862,27.10527630630632
8591,2022-02-05 23:00:00,Asia/Bangkok,83.82341666666666,29.52586206896552,26.71551724137931,26.83589938596492
8592,2022-02-06 00:00:00,Asia/Bangkok,84.56443433628316,30.77586206896552,28.08620689655172,26.53045584070796
8593,2022-02-06 01:00:00,Asia/Bangkok,84.53836991228071,27.63793103448276,25.45689655172414,26.2706552631579
8594,2022-02-06 02:00:00,Asia/Bangkok,84.95435357798168,25.6036036036036,23.44144144144144,26.04681731481481
8595,2022-02-06 03:00:00,Asia/Bangkok,85.34628867256642,22.83620689655172,21.24137931034483,25.82586734513276
8596,2022-02-06 04:00:00,Asia/Bangkok,86.18871713043481,22.06837606837607,20.56410256410257,25.45915817391304
8597,2022-02-06 05:00:00,Asia/Bangkok,86.48227830357139,23.77586206896552,22.29310344827586,25.32547267857144
8598,2022-02-06 06:00:00,Asia/Bangkok,87.08497631578945,25.48275862068965,23.80172413793104,25.14979447368422
8599,2022-02-06 07:00:00,Asia/Bangkok,87.57698351351354,23.13913043478261,21.53043478260869,25.0431097297297
8600,2022-02-06 08:00:00,Asia/Bangkok,88.44926807017545,23.25217391304348,21.32173913043478,25.40907701754385
8601,2022-02-06 09:00:00,Asia/Bangkok,86.65529599999995,24.98260869565217,21.54782608695652,26.81601
8602,2022-02-06 10:00:00,Asia/Bangkok,79.3222136607143,11.46551724137931,9.198275862068966,28.70338901785715
8603,2022-02-06 11:00:00,Asia/Bangkok,72.39136130434784,9.434782608695652,7.547826086956522,30.26196408695652
8604,2022-02-06 12:00:00,Asia/Bangkok,69.03010649999999,11.03,9.41,31.1324086
8605,2022-02-06 13:00:00,Asia/Bangkok,67.98066986842106,15.07894736842105,13.13157894736842,31.38067907894736
8606,2022-02-06 14:00:00,Asia/Bangkok,68.47753616438357,19.71052631578947,17.72368421052632,31.1891609589041
8607,2022-02-06 15:00:00,Asia/Bangkok,76.10659527131786,11.53846153846154,9.861538461538462,30.312848515625
8608,2022-02-06 16:00:00,Asia/Bangkok,72.4397894890511,10.49645390070922,8.76595744680851,30.8142668382353
8609,2022-02-06 17:00:00,Asia/Bangkok,68.33825843283581,10.81617647058824,9.029411764705882,31.62921007462685
8610,2022-02-06 18:00:00,Asia/Bangkok,69.73614122137406,20.70676691729323,17.75,30.81636592307694
8611,2022-02-06 19:00:00,Asia/Bangkok,74.80228476923077,37.43609022556391,31.44029850746269,29.44050946153846
8612,2022-02-06 20:00:00,Asia/Bangkok,78.91869899159664,56.00833333333333,48.0,28.53699731092438
8613,2022-02-06 21:00:00,Asia/Bangkok,81.75274844827584,21.15384615384615,19.52136752136752,27.58718034482755
8614,2022-02-06 22:00:00,Asia/Bangkok,83.75065283185836,28.20869565217391,25.73913043478261,27.17466106194692
8615,2022-02-06 23:00:00,Asia/Bangkok,84.22710852173917,25.36206896551724,23.97413793103448,27.17989060869568
8616,2022-02-07 00:00:00,Asia/Bangkok,84.71751570175438,40.39130434782609,34.90434782608695,26.907466460177
8617,2022-02-07 01:00:00,Asia/Bangkok,85.55502634782609,38.71304347826087,34.13913043478261,26.41378930434785
8618,2022-02-07 02:00:00,Asia/Bangkok,85.99682527777777,34.36036036036036,31.4954954954955,26.0660286111111
8619,2022-02-07 03:00:00,Asia/Bangkok,86.8952596521739,31.45689655172414,29.72413793103448,25.60786139130436
8620,2022-02-07 04:00:00,Asia/Bangkok,85.94090460176992,28.75652173913043,27.70434782608696,25.66340513274336
8621,2022-02-07 05:00:00,Asia/Bangkok,86.32314955752216,29.08620689655172,27.83620689655172,25.45646238938052
8622,2022-02-07 06:00:00,Asia/Bangkok,87.30983368421056,31.42241379310345,29.57758620689655,25.16881675438598
8623,2022-02-07 07:00:00,Asia/Bangkok,88.19929387387393,35.28205128205128,31.90598290598291,24.83320846846845
8624,2022-02-07 08:00:00,Asia/Bangkok,89.0287627826087,41.58620689655172,36.06896551724138,25.03668652173911
8625,2022-02-07 09:00:00,Asia/Bangkok,87.83526947916664,26.58,25.15,26.29736374999999
8626,2022-02-07 10:00:00,Asia/Bangkok,75.14622253846154,10.16030534351145,9.381679389312977,29.08127744186047
8627,2022-02-07 11:00:00,Asia/Bangkok,72.11974051724138,9.051282051282051,8.324786324786325,30.05909793103447
8628,2022-02-07 12:00:00,Asia/Bangkok,70.75459775,8.15,7.5375,30.33227937500001
8629,2022-02-07 13:00:00,Asia/Bangkok,65.32555739130436,7.796610169491525,7.093220338983051,32.15078868421052
8630,2022-02-07 14:00:00,Asia/Bangkok,60.9023363846154,7.480916030534351,6.778625954198473,33.18464092307691
8631,2022-02-07 15:00:00,Asia/Bangkok,63.28001434426231,8.365079365079366,7.555555555555555,32.28829032786888
8632,2022-02-07 16:00:00,Asia/Bangkok,68.75146245901638,10.69047619047619,9.373015873015873,32.1602451639344
8633,2022-02-07 17:00:00,Asia/Bangkok,77.98301389380532,10.27586206896552,9.35344827586207,29.97843973451328
8634,2022-02-07 18:00:00,Asia/Bangkok,76.24845643478261,8.370689655172415,7.275862068965517,29.19836156521739
8635,2022-02-07 19:00:00,Asia/Bangkok,80.34573999999999,10.50862068965517,9.620689655172415,27.73132187499999
8636,2022-02-07 20:00:00,Asia/Bangkok,80.8601351724138,18.23008849557522,16.76991150442478,27.87749245614032
8637,2022-02-07 21:00:00,Asia/Bangkok,81.1319474336283,32.05172413793103,29.01724137931035,27.965413539823
8638,2022-02-07 22:00:00,Asia/Bangkok,81.26884131578949,24.3448275862069,22.43103448275862,27.93911203539825
8639,2022-02-07 23:00:00,Asia/Bangkok,84.85293904347826,21.40909090909091,19.95454545454545,27.43810365217389
8640,2022-02-08 00:00:00,Asia/Bangkok,87.2212210909091,22.58620689655172,21.18965517241379,26.88763390909089
8641,2022-02-08 01:00:00,Asia/Bangkok,87.64653310344829,22.96551724137931,21.48275862068965,26.85125344827589
8642,2022-02-08 02:00:00,Asia/Bangkok,87.14603962962961,20.83783783783784,19.57657657657658,26.75824194444445
8643,2022-02-08 03:00:00,Asia/Bangkok,87.16714769911502,18.64655172413793,17.52586206896552,26.40121451327434
8644,2022-02-08 04:00:00,Asia/Bangkok,87.26320068965514,17.25862068965517,16.32758620689655,26.22547284482759
8645,2022-02-08 05:00:00,Asia/Bangkok,87.43793628318583,16.99137931034483,15.93103448275862,25.9648871681416
8646,2022-02-08 06:00:00,Asia/Bangkok,88.01865831858404,16.42241379310345,15.54310344827586,25.66222150442481
8647,2022-02-08 07:00:00,Asia/Bangkok,88.31945132743358,17.75,16.86206896551724,25.44755150442478
8648,2022-02-08 08:00:00,Asia/Bangkok,89.56220769911505,20.23275862068965,18.93103448275862,25.76352491071429
8649,2022-02-08 09:00:00,Asia/Bangkok,88.16867594594594,18.69911504424779,17.2212389380531,27.41159675675677
8650,2022-02-08 10:00:00,Asia/Bangkok,79.70859375000005,14.50434782608696,13.17391304347826,29.35054315315316
8651,2022-02-08 11:00:00,Asia/Bangkok,75.41640803571427,19.55652173913044,18.31304347826087,29.74152598214286
8652,2022-02-08 12:00:00,Asia/Bangkok,71.47317712765961,17.53125,16.65625,31.09513829787235
8653,2022-02-08 13:00:00,Asia/Bangkok,65.31719985074632,16.01492537313433,15.14925373134328,32.25061925373134
8654,2022-02-08 14:00:00,Asia/Bangkok,65.26292965217392,18.94827586206896,17.91379310344828,32.28314791304349
8655,2022-02-08 15:00:00,Asia/Bangkok,65.74779254385965,18.99145299145299,18.15384615384615,32.06777429824561
8656,2022-02-08 16:00:00,Asia/Bangkok,69.19496082568806,16.88793103448276,16.18103448275862,31.04109165137615
8657,2022-02-08 17:00:00,Asia/Bangkok,68.90422330434785,16.44827586206896,15.61206896551724,30.90182421052634
8658,2022-02-08 18:00:00,Asia/Bangkok,71.3089750442478,18.19827586206896,17.0948275862069,29.75318522123893
8659,2022-02-08 19:00:00,Asia/Bangkok,76.27583062500001,23.0,21.1858407079646,28.84134044642857
8660,2022-02-08 20:00:00,Asia/Bangkok,79.20178008695653,32.63793103448276,29.43103448275862,28.52390634782608
8661,2022-02-08 21:00:00,Asia/Bangkok,81.40776403508775,44.12068965517241,37.62931034482759,28.17869675438597
8662,2022-02-08 22:00:00,Asia/Bangkok,82.25307767857147,64.23275862068965,55.3448275862069,28.11381616071426
8663,2022-02-08 23:00:00,Asia/Bangkok,83.51693974137933,56.04310344827586,45.53448275862069,27.76508206896554
8664,2022-02-09 00:00:00,Asia/Bangkok,83.50889756521738,44.80172413793103,37.78448275862069,27.60257486956522
8665,2022-02-09 01:00:00,Asia/Bangkok,84.52721042735038,46.56410256410256,38.9059829059829,27.23319068376071
8666,2022-02-09 02:00:00,Asia/Bangkok,84.23791793103449,52.80172413793103,43.43965517241379,27.22159767241378
8667,2022-02-09 03:00:00,Asia/Bangkok,85.31585381818182,53.68468468468468,44.2072072072072,26.89489109090909
8668,2022-02-09 04:00:00,Asia/Bangkok,85.9004662068966,49.13675213675214,40.83760683760683,26.66990224137931
8669,2022-02-09 05:00:00,Asia/Bangkok,86.56632456896548,41.62931034482759,35.48275862068966,26.31762224137931
8670,2022-02-09 06:00:00,Asia/Bangkok,87.29914573913047,27.68103448275862,26.10344827586207,26.02468495652172
8671,2022-02-09 07:00:00,Asia/Bangkok,88.48955956140352,23.92307692307692,22.35897435897436,25.77664763157896
8672,2022-02-09 08:00:00,Asia/Bangkok,89.28373684210526,20.87931034482759,19.94827586206896,25.75079017699116
8673,2022-02-09 09:00:00,Asia/Bangkok,86.45918473214284,20.66379310344828,19.11206896551724,27.1533825892857
8674,2022-02-09 10:00:00,Asia/Bangkok,79.3661743859649,16.49137931034483,15.33620689655172,29.24324778761062
8675,2022-02-09 11:00:00,Asia/Bangkok,71.94005070796457,15.60344827586207,14.5,30.94131575221236
8676,2022-02-09 12:00:00,Asia/Bangkok,70.09467298245613,17.20689655172414,15.91379310344828,31.08839605263157
8677,2022-02-09 13:00:00,Asia/Bangkok,66.09463904347827,18.03448275862069,16.91379310344828,31.97850438596492
8678,2022-02-09 14:00:00,Asia/Bangkok,63.26995530434781,14.0,13.05172413793103,32.55879417391304
8679,2022-02-09 15:00:00,Asia/Bangkok,61.65393234782609,11.60344827586207,10.69827586206897,33.14682660869565
8680,2022-02-09 16:00:00,Asia/Bangkok,61.35911911504423,10.80172413793103,9.887931034482758,32.86140132743363
8681,2022-02-09 17:00:00,Asia/Bangkok,65.08224973214287,11.40677966101695,10.4406779661017,31.85692633928568
8682,2022-02-09 18:00:00,Asia/Bangkok,67.54274964912283,15.32173913043478,13.9304347826087,31.16264912280701
8683,2022-02-09 19:00:00,Asia/Bangkok,72.42540826086956,18.11206896551724,16.33043478260869,29.9038626956522
8684,2022-02-09 20:00:00,Asia/Bangkok,75.64425568421053,34.62626262626262,30.57575757575757,29.38380821052634
8685,2022-02-09 21:00:00,Asia/Bangkok,78.20652695238098,67.28301886792453,57.70754716981132,28.93227657142859
8686,2022-02-09 22:00:00,Asia/Bangkok,80.62036427419352,33.088,29.8,28.39751814516127
8687,2022-02-09 23:00:00,Asia/Bangkok,82.46941515384619,42.35606060606061,35.71212121212121,27.81056423076929
8688,2022-02-10 00:00:00,Asia/Bangkok,83.46457396551723,47.17796610169491,38.89830508474576,27.40377887931034
8689,2022-02-10 01:00:00,Asia/Bangkok,84.61769482142861,41.30172413793103,35.05172413793103,27.03483687500001
8690,2022-02-10 02:00:00,Asia/Bangkok,84.50385151785714,40.72173913043478,34.79130434782608,26.935752920354
8691,2022-02-10 03:00:00,Asia/Bangkok,84.7896028828829,38.6936936936937,33.62162162162162,26.50089581818182
8692,2022-02-10 04:00:00,Asia/Bangkok,85.33284173913037,34.61206896551724,31.22413793103448,26.19776965217391
8693,2022-02-10 05:00:00,Asia/Bangkok,86.31616814159287,31.54310344827586,29.41379310344828,25.84918938053097
8694,2022-02-10 06:00:00,Asia/Bangkok,86.92608069565216,28.05172413793104,26.57758620689655,25.82134913043479
8695,2022-02-10 07:00:00,Asia/Bangkok,86.72316085470081,29.34188034188034,27.57264957264957,25.74066786324786
8696,2022-02-10 08:00:00,Asia/Bangkok,87.41368921052633,38.51304347826087,33.80869565217391,25.71089719298247
8697,2022-02-10 09:00:00,Asia/Bangkok,84.49524123893804,34.32758620689656,30.61206896551724,27.26857442477876
8698,2022-02-10 10:00:00,Asia/Bangkok,74.23144701754386,23.42735042735043,21.45299145299145,29.43775938596491
8699,2022-02-10 11:00:00,Asia/Bangkok,69.79655991228067,27.37391304347826,25.19130434782609,30.03666096491227
8700,2022-02-10 12:00:00,Asia/Bangkok,65.7617799137931,13.01709401709402,12.15384615384615,30.65158870689654
8701,2022-02-10 13:00:00,Asia/Bangkok,65.16986269565216,11.94782608695652,11.26956521739131,31.07214182608694
8702,2022-02-10 14:00:00,Asia/Bangkok,61.63686925925928,15.66379310344828,14.55172413793103,32.2264228440367
8703,2022-02-10 15:00:00,Asia/Bangkok,62.1619268965517,14.5,13.46610169491525,32.01235217391305
8704,2022-02-10 16:00:00,Asia/Bangkok,63.41624982142859,16.22413793103448,15.31896551724138,31.72350491071427
8705,2022-02-10 17:00:00,Asia/Bangkok,67.22760522123892,15.05982905982906,14.2051282051282,30.48450026548674
8706,2022-02-10 18:00:00,Asia/Bangkok,71.20884929824561,18.06896551724138,16.83620689655172,29.74175543859648
8707,2022-02-10 19:00:00,Asia/Bangkok,74.33680513043477,29.24137931034483,26.68103448275862,29.24881504347826
8708,2022-02-10 20:00:00,Asia/Bangkok,77.05639666666666,59.74358974358974,48.61538461538461,28.85475504504504
8709,2022-02-10 21:00:00,Asia/Bangkok,78.93310776785714,53.98260869565217,44.1551724137931,28.44374776785713
8710,2022-02-10 22:00:00,Asia/Bangkok,81.56067756521742,45.55555555555556,38.1025641025641,27.97614069565217
8711,2022-02-10 23:00:00,Asia/Bangkok,81.52283539130437,52.35344827586207,43.06896551724138,27.82012486956523
8712,2022-02-11 00:00:00,Asia/Bangkok,82.97180858407081,59.14529914529915,48.56896551724138,27.24673849557523
8713,2022-02-11 01:00:00,Asia/Bangkok,83.91589228070173,53.04310344827586,43.7008547008547,26.93678622807019
8714,2022-02-11 02:00:00,Asia/Bangkok,83.61887963302753,48.88695652173913,40.7304347826087,26.79279779816514
8715,2022-02-11 03:00:00,Asia/Bangkok,84.33379330188674,47.07142857142857,39.25,26.28032150943396
8716,2022-02-11 04:00:00,Asia/Bangkok,85.25492481481479,39.80172413793103,34.49137931034483,25.86647472222219
8717,2022-02-11 05:00:00,Asia/Bangkok,85.71735274336281,37.11111111111111,32.92307692307692,25.60779823008852
8718,2022-02-11 06:00:00,Asia/Bangkok,87.04519873873873,34.0948275862069,31.36206896551724,25.27963855855857
8719,2022-02-11 07:00:00,Asia/Bangkok,87.80025356521745,47.67543859649123,43.07894736842105,25.1166803478261
8720,2022-02-11 08:00:00,Asia/Bangkok,89.43368212389383,64.93103448275862,58.12068965517241,25.05000088495576
8721,2022-02-11 09:00:00,Asia/Bangkok,88.37212491379314,32.27586206896552,28.8448275862069,26.32462310344827
8722,2022-02-11 10:00:00,Asia/Bangkok,80.76713964912277,22.33913043478261,20.29565217391304,28.41968394736844
8723,2022-02-11 11:00:00,Asia/Bangkok,73.46206327433627,20.1504424778761,18.75221238938053,29.65119389380529
8724,2022-02-11 12:00:00,Asia/Bangkok,67.86428258928574,22.0948275862069,20.35344827586207,30.80405517857143
8725,2022-02-11 13:00:00,Asia/Bangkok,65.51558274336284,33.70689655172414,30.41379310344828,31.35994053097344
8726,2022-02-11 14:00:00,Asia/Bangkok,63.67916146788992,20.86842105263158,19.49122807017544,31.71354999999998
8727,2022-02-11 15:00:00,Asia/Bangkok,65.02182460869565,26.86440677966102,24.66666666666667,31.32865486956521
8728,2022-02-11 16:00:00,Asia/Bangkok,65.59561796460177,24.79310344827586,23.06896551724138,30.96315061946904
8729,2022-02-11 17:00:00,Asia/Bangkok,67.50265174311926,20.76315789473684,19.41228070175439,30.48040314814816
8730,2022-02-11 18:00:00,Asia/Bangkok,69.68822474576275,21.80672268907563,20.21008403361344,29.74107847457629
8731,2022-02-11 19:00:00,Asia/Bangkok,73.30848707964603,30.41379310344828,27.36206896551724,29.39909292035395
8732,2022-02-11 20:00:00,Asia/Bangkok,76.64188387931031,70.19827586206897,61.13793103448276,28.70446129310345
8733,2022-02-11 21:00:00,Asia/Bangkok,79.60357955357142,65.01724137931035,54.58119658119658,28.05771855855856
8734,2022-02-11 22:00:00,Asia/Bangkok,80.75176599999999,56.11206896551724,45.5948275862069,27.67945678260872
8735,2022-02-11 23:00:00,Asia/Bangkok,81.8422714035088,55.86086956521739,45.45217391304348,27.30044017543859
8736,2022-02-12 00:00:00,Asia/Bangkok,82.56143250000004,57.60344827586207,46.60344827586207,27.02031857142856
8737,2022-02-12 01:00:00,Asia/Bangkok,83.49395634782609,55.97368421052632,45.64035087719298,26.69297086956524
8738,2022-02-12 02:00:00,Asia/Bangkok,83.25140347826088,51.85344827586207,42.81739130434783,26.53230452173913
8739,2022-02-12 03:00:00,Asia/Bangkok,84.42492990566036,47.64864864864865,39.67857142857143,26.10526462264151
8740,2022-02-12 04:00:00,Asia/Bangkok,85.33339132743362,47.4070796460177,39.53097345132743,25.69818823008848
8741,2022-02-12 05:00:00,Asia/Bangkok,85.72614362831857,43.27586206896552,36.61206896551724,25.46903327433629
8742,2022-02-12 06:00:00,Asia/Bangkok,86.2966495614035,31.73275862068965,29.06034482758621,25.41099619469026
8743,2022-02-12 07:00:00,Asia/Bangkok,86.73971831858407,24.85087719298246,23.30701754385965,25.4411021238938
8744,2022-02-12 08:00:00,Asia/Bangkok,86.88359452173914,23.41379310344828,21.80172413793104,25.63884315789475
8745,2022-02-12 09:00:00,Asia/Bangkok,86.10447560344831,58.06034482758621,50.63793103448276,26.46306422413794
8746,2022-02-12 10:00:00,Asia/Bangkok,78.82843817391304,22.05172413793104,19.02586206896552,28.39415184210527
8747,2022-02-12 11:00:00,Asia/Bangkok,71.42961249999998,21.87068965517241,18.74137931034483,30.4531988034188
8748,2022-02-12 12:00:00,Asia/Bangkok,65.61098726415095,7.738738738738738,6.54954954954955,31.56492432692307
8749,2022-02-12 13:00:00,Asia/Bangkok,62.95321486725663,9.521367521367521,7.863247863247863,32.3216163716814
8750,2022-02-12 14:00:00,Asia/Bangkok,58.81575623931622,5.133333333333334,4.2,33.2092764102564
8751,2022-02-12 15:00:00,Asia/Bangkok,61.45226419642857,4.824561403508772,4.131578947368421,32.37914267857143
8752,2022-02-12 16:00:00,Asia/Bangkok,63.58954971962616,4.380530973451328,3.716814159292035,31.76409214953271
8753,2022-02-12 17:00:00,Asia/Bangkok,66.51688972477064,6.477064220183486,5.669724770642202,31.35055090909092
8754,2022-02-12 18:00:00,Asia/Bangkok,70.86571204918032,9.714285714285714,8.420634920634921,30.06835099173554
8755,2022-02-12 19:00:00,Asia/Bangkok,71.89681982905985,12.46153846153846,11.48717948717949,29.12757777777778
8756,2022-02-12 20:00:00,Asia/Bangkok,74.15142982608697,21.70689655172414,20.06896551724138,28.79602504347827
8757,2022-02-12 21:00:00,Asia/Bangkok,76.60537631578947,29.60344827586207,27.56896551724138,28.57924877192981
8758,2022-02-12 22:00:00,Asia/Bangkok,78.7347431858407,43.01724137931034,36.82758620689656,28.29036292035396
8759,2022-02-12 23:00:00,Asia/Bangkok,80.2747841964286,41.67241379310344,35.53448275862069,27.84321107142856
8760,2022-02-13 00:00:00,Asia/Bangkok,81.85996732758622,36.5948275862069,32.21551724137931,27.44107678260866
8761,2022-02-13 01:00:00,Asia/Bangkok,82.47803858407082,33.50862068965517,30.5,27.2618157522124
8762,2022-02-13 02:00:00,Asia/Bangkok,84.1341742857143,32.32758620689656,29.56034482758621,26.7574096460177
8763,2022-02-13 03:00:00,Asia/Bangkok,83.5878121818182,27.53571428571428,25.82142857142857,26.56770779816515
8764,2022-02-13 04:00:00,Asia/Bangkok,83.46853716814158,23.54310344827586,22.36206896551724,26.21254123893807
8765,2022-02-13 05:00:00,Asia/Bangkok,84.28156062500001,20.62068965517241,19.39655172413793,25.92615187500001
8766,2022-02-13 06:00:00,Asia/Bangkok,83.94164495652173,18.62393162393163,17.67521367521368,25.9365139473684
8767,2022-02-13 07:00:00,Asia/Bangkok,83.44912666666669,18.14655172413793,17.00862068965517,26.05944035087717
8768,2022-02-13 08:00:00,Asia/Bangkok,85.88750278260872,53.10434782608696,43.87826086956522,25.82138508771931
8769,2022-02-13 09:00:00,Asia/Bangkok,89.62846965217393,19.62931034482759,18.24137931034483,26.13500817391304
8770,2022-02-13 10:00:00,Asia/Bangkok,88.88757044247787,18.51282051282051,17.2051282051282,26.79888336283186
8771,2022-02-13 11:00:00,Asia/Bangkok,81.22497477876107,13.30172413793103,12.18965517241379,29.01591407079647
8772,2022-02-13 12:00:00,Asia/Bangkok,76.92777469565215,13.46086956521739,12.2,29.66924226086956
8773,2022-02-13 13:00:00,Asia/Bangkok,86.91639216216215,12.48695652173913,11.53913043478261,27.51450290909092
8774,2022-02-13 14:00:00,Asia/Bangkok,90.03427805309734,12.98275862068965,12.06034482758621,26.54705080357143
8775,2022-02-13 15:00:00,Asia/Bangkok,87.12726140350878,14.07758620689655,13.37068965517241,27.36209394736842
8776,2022-02-13 16:00:00,Asia/Bangkok,88.76697922413788,15.39316239316239,14.35897435897436,27.22010301724139
8777,2022-02-13 17:00:00,Asia/Bangkok,87.69193787610617,14.46551724137931,13.58620689655172,26.84460814159292
8778,2022-02-13 18:00:00,Asia/Bangkok,87.13657692982454,13.5982905982906,12.88034188034188,27.11241699115043
8779,2022-02-13 19:00:00,Asia/Bangkok,89.19471228070176,13.92241379310345,13.0948275862069,26.41602464912281
8780,2022-02-13 20:00:00,Asia/Bangkok,89.55527706896554,10.00862068965517,9.310344827586206,26.13820930434782
8781,2022-02-13 21:00:00,Asia/Bangkok,89.63341765217392,9.008620689655173,8.5,25.33785400000001
8782,2022-02-13 22:00:00,Asia/Bangkok,90.96831833333329,7.273504273504273,6.803418803418803,25.27244473684211
8783,2022-02-13 23:00:00,Asia/Bangkok,90.4772826126126,9.620689655172415,9.129310344827585,25.39689513513511
8784,2022-02-14 00:00:00,Asia/Bangkok,90.4719208108108,10.26086956521739,9.756521739130434,25.33441648648648
8785,2022-02-14 01:00:00,Asia/Bangkok,90.7747269090909,10.76724137931035,10.20689655172414,25.34731299999998
8786,2022-02-14 02:00:00,Asia/Bangkok,90.77369928571429,9.689655172413794,9.017241379310345,25.35136410714286
8787,2022-02-14 03:00:00,Asia/Bangkok,91.13726018691591,9.119266055045872,8.495412844036696,25.35488342592591
8788,2022-02-14 04:00:00,Asia/Bangkok,91.09696805309733,8.965217391304348,8.365217391304348,25.3838916814159
8789,2022-02-14 05:00:00,Asia/Bangkok,91.36263765217389,8.956896551724139,8.39655172413793,25.30762260869565
8790,2022-02-14 06:00:00,Asia/Bangkok,92.264776173913,8.747826086956522,8.147826086956522,25.13616147826087
8791,2022-02-14 07:00:00,Asia/Bangkok,91.45511150442474,9.301724137931034,8.71551724137931,25.1044017699115
8792,2022-02-14 08:00:00,Asia/Bangkok,91.63037298245618,14.10344827586207,13.35344827586207,25.18376122807019
8793,2022-02-14 09:00:00,Asia/Bangkok,91.47951008849552,8.413793103448276,7.775862068965517,26.52735778761062
8794,2022-02-14 10:00:00,Asia/Bangkok,89.1823520353982,5.948275862068965,5.396551724137931,26.60581274336283
8795,2022-02-14 11:00:00,Asia/Bangkok,90.67217196428571,4.478260869565218,4.095652173913043,26.40998267857145
8796,2022-02-14 12:00:00,Asia/Bangkok,90.803577079646,2.886956521739131,2.626086956521739,26.55047754385963
8797,2022-02-14 13:00:00,Asia/Bangkok,84.19736504273503,2.974358974358974,2.581196581196581,28.38699112068965
8798,2022-02-14 14:00:00,Asia/Bangkok,88.2531595575221,4.724137931034483,4.163793103448276,27.86138628318585
8799,2022-02-14 15:00:00,Asia/Bangkok,83.23430783783787,3.84070796460177,3.433628318584071,29.23494581818181
8800,2022-02-14 16:00:00,Asia/Bangkok,77.7741992173913,5.068376068376068,4.504273504273504,29.69708521739131
8801,2022-02-14 17:00:00,Asia/Bangkok,75.41197315789472,4.801724137931035,4.206896551724138,29.83542771929824
8802,2022-02-14 18:00:00,Asia/Bangkok,79.06731210526317,16.34188034188034,14.91452991452991,28.9712248245614
8803,2022-02-14 19:00:00,Asia/Bangkok,83.04769043478265,9.818965517241379,8.96551724137931,27.88969217391306
8804,2022-02-14 20:00:00,Asia/Bangkok,85.34138035714284,10.81034482758621,10.06034482758621,27.61853070796459
8805,2022-02-14 21:00:00,Asia/Bangkok,86.46338745454545,8.922413793103448,8.267241379310345,27.2971381818182
8806,2022-02-14 22:00:00,Asia/Bangkok,87.67872531531535,12.10434782608696,11.14782608695652,26.8843155855856
8807,2022-02-14 23:00:00,Asia/Bangkok,88.18238543859651,10.38793103448276,9.698275862068966,26.66181666666668
8808,2022-02-15 00:00:00,Asia/Bangkok,89.85115778761065,10.30769230769231,9.581196581196581,26.28197203539822
8809,2022-02-15 01:00:00,Asia/Bangkok,90.53186973451326,10.40869565217391,9.808695652173913,26.11158823008849
8810,2022-02-15 02:00:00,Asia/Bangkok,90.69269773913041,11.56034482758621,10.78448275862069,25.9940831304348
8811,2022-02-15 03:00:00,Asia/Bangkok,91.78381449541287,13.09090909090909,12.36697247706422,25.80340449541284
8812,2022-02-15 04:00:00,Asia/Bangkok,91.60968413793104,14.24137931034483,13.43103448275862,25.8786776724138
8813,2022-02-15 05:00:00,Asia/Bangkok,91.96293868421044,13.38793103448276,12.62931034482759,25.79735368421055
8814,2022-02-15 06:00:00,Asia/Bangkok,92.64389486725659,11.58620689655172,10.95689655172414,25.63171300884954
8815,2022-02-15 07:00:00,Asia/Bangkok,93.0544238738738,10.94017094017094,10.37606837606838,25.53118036036037
8816,2022-02-15 08:00:00,Asia/Bangkok,92.95611491228073,11.83620689655172,11.1551724137931,25.32311043859649
8817,2022-02-15 09:00:00,Asia/Bangkok,93.03043477064226,12.36607142857143,11.74107142857143,25.70024073394496
8818,2022-02-15 10:00:00,Asia/Bangkok,92.95530882882885,13.0625,12.00892857142857,25.80110180180177
8819,2022-02-15 11:00:00,Asia/Bangkok,92.69175315315316,14.26086956521739,13.57391304347826,26.0280299099099
8820,2022-02-15 12:00:00,Asia/Bangkok,92.87898912280701,9.341880341880342,8.649572649572649,25.445759122807
8821,2022-02-15 13:00:00,Asia/Bangkok,93.03921981981982,10.76521739130435,10.06086956521739,25.52362936363637
8822,2022-02-15 14:00:00,Asia/Bangkok,91.86515,7.663793103448276,7.025862068965517,26.12755434782608
8823,2022-02-15 15:00:00,Asia/Bangkok,92.15765782608698,6.182608695652174,5.608695652173913,26.07913991304348
8824,2022-02-15 16:00:00,Asia/Bangkok,91.23191284313724,8.653846153846153,7.788461538461538,26.72315186274509
8825,2022-02-15 17:00:00,Asia/Bangkok,90.13803712962962,8.137614678899082,7.155963302752293,26.66302435185185
8826,2022-02-15 18:00:00,Asia/Bangkok,89.31282478991595,7.041666666666667,6.058333333333334,26.88353466101695
8827,2022-02-15 19:00:00,Asia/Bangkok,89.3337116,8.984615384615385,7.984615384615385,27.07356304
8828,2022-02-15 20:00:00,Asia/Bangkok,90.3633001818182,10.62931034482759,9.594827586206897,26.6182710909091
8829,2022-02-15 21:00:00,Asia/Bangkok,90.66409095652172,11.10344827586207,10.39655172413793,26.32460121739128
8830,2022-02-15 22:00:00,Asia/Bangkok,91.47232236842106,24.91379310344828,22.18965517241379,26.11130017543859
8831,2022-02-15 23:00:00,Asia/Bangkok,92.65441469026545,11.68695652173913,10.86086956521739,25.90278504424779
8832,2022-02-16 00:00:00,Asia/Bangkok,91.97158422413798,15.27350427350427,14.17948717948718,25.85494517241376
8833,2022-02-16 01:00:00,Asia/Bangkok,91.93997192982454,10.92241379310345,10.31896551724138,25.65709228070175
8834,2022-02-16 02:00:00,Asia/Bangkok,91.39766087719299,4.741379310344827,4.241379310344827,25.53608078947371
8835,2022-02-16 03:00:00,Asia/Bangkok,91.52994425925927,6.18018018018018,5.576576576576577,25.34766342592591
8836,2022-02-16 04:00:00,Asia/Bangkok,93.52573429824567,6.198275862068965,5.827586206896552,24.71928508771932
8837,2022-02-16 05:00:00,Asia/Bangkok,93.0489542105263,5.706896551724138,5.241379310344827,24.8239418421053
8838,2022-02-16 06:00:00,Asia/Bangkok,92.1514884347826,4.29059829059829,3.905982905982906,24.79498486956521
8839,2022-02-16 07:00:00,Asia/Bangkok,91.69518419642854,3.206896551724138,2.913793103448276,24.77306562500001
8840,2022-02-16 08:00:00,Asia/Bangkok,92.63715060869562,5.25,4.939655172413793,25.15237139130435
8841,2022-02-16 09:00:00,Asia/Bangkok,92.8249062068966,8.876106194690266,8.185840707964601,26.29283215517242
8842,2022-02-16 10:00:00,Asia/Bangkok,87.75012137931037,5.913793103448276,5.267241379310345,27.71109991379308
8843,2022-02-16 11:00:00,Asia/Bangkok,81.27032044247782,5.543103448275862,4.75,29.50484544642858
8844,2022-02-16 12:00:00,Asia/Bangkok,82.41308000000005,5.717948717948718,5.222222222222222,29.04810245614036
8845,2022-02-16 13:00:00,Asia/Bangkok,85.73709736842105,6.206896551724138,5.732758620689655,28.71695690265487
8846,2022-02-16 14:00:00,Asia/Bangkok,75.8195948672566,6.120689655172414,5.78448275862069,30.53112610619468
8847,2022-02-16 15:00:00,Asia/Bangkok,74.97775739130438,5.723404255319149,5.297872340425532,30.79943500000001
8848,2022-02-16 16:00:00,Asia/Bangkok,73.65035999999999,6.12781954887218,5.712121212121212,30.74228793893131
8849,2022-02-16 17:00:00,Asia/Bangkok,74.7460975362319,10.27857142857143,9.571428571428571,30.23454079710145
8850,2022-02-16 18:00:00,Asia/Bangkok,77.32281683823527,12.88321167883212,11.4963503649635,29.44641264705883
8851,2022-02-16 19:00:00,Asia/Bangkok,81.41026675438602,7.666666666666667,6.863247863247863,28.57004429824559
8852,2022-02-16 20:00:00,Asia/Bangkok,85.22443974137933,11.57758620689655,10.60344827586207,27.82592241379308
8853,2022-02-16 21:00:00,Asia/Bangkok,87.03796330275233,9.414414414414415,8.666666666666666,27.10316715596331
8854,2022-02-16 22:00:00,Asia/Bangkok,88.02882717948721,0.25,0.1,24.25634717948717
8855,2022-02-16 23:00:00,Asia/Bangkok,90.77815294736838,1.10752688172043,0.8279569892473119,23.68150147368422
8856,2022-02-17 00:00:00,Asia/Bangkok,91.16690530612243,0.7533333333333333,0.4933333333333333,23.91971306122449
8857,2022-02-17 01:00:00,Asia/Bangkok,88.59445211267605,0.5170068027210885,0.3401360544217687,24.60302204225347
8858,2022-02-17 02:00:00,Asia/Bangkok,89.90383608108111,0.8666666666666667,0.6733333333333333,24.27419527027027
8859,2022-02-17 03:00:00,Asia/Bangkok,91.01557018181816,0.8947368421052632,0.7456140350877193,24.02108145454546
8860,2022-02-17 04:00:00,Asia/Bangkok,91.75944551724136,1.241379310344828,1.008620689655172,23.78048698275863
8861,2022-02-17 05:00:00,Asia/Bangkok,92.88400182608703,1.870689655172414,1.594827586206897,23.47914304347826
8862,2022-02-17 06:00:00,Asia/Bangkok,92.19373701754387,3.336206896551724,2.956896551724138,23.80190763157894
8863,2022-02-17 07:00:00,Asia/Bangkok,91.93925380530973,3.03448275862069,2.75,24.02275238938052
8864,2022-02-17 08:00:00,Asia/Bangkok,91.66888034482757,3.991379310344827,3.706896551724138,24.21135637931038
8865,2022-02-17 09:00:00,Asia/Bangkok,91.75685431578947,3.36734693877551,2.989795918367347,24.27966136842108
8866,2022-02-17 10:00:00,Asia/Bangkok,91.82343548672566,2.939655172413793,2.612068965517242,24.40950371681417
8867,2022-02-17 11:00:00,Asia/Bangkok,91.27471734513274,1.767241379310345,1.543103448275862,24.62726168141592
8868,2022-02-17 12:00:00,Asia/Bangkok,91.37133371681422,1.896551724137931,1.741379310344828,24.92915203539825
8869,2022-02-17 13:00:00,Asia/Bangkok,89.66149452173916,2.739130434782609,2.560344827586207,25.10757904347826
8870,2022-02-17 14:00:00,Asia/Bangkok,88.53142736842102,2.713043478260869,2.573913043478261,25.3439812280702
8871,2022-02-17 15:00:00,Asia/Bangkok,86.97051223214285,2.121739130434783,1.91304347826087,26.16607624999999
8872,2022-02-17 16:00:00,Asia/Bangkok,84.88784309734521,2.46551724137931,2.353448275862069,26.77655088495576
8873,2022-02-17 17:00:00,Asia/Bangkok,82.93718646017699,1.482758620689655,1.301724137931034,27.41998741071429
8874,2022-02-17 18:00:00,Asia/Bangkok,82.47572893805307,3.538461538461538,3.188034188034188,27.71985062500001
8875,2022-02-17 19:00:00,Asia/Bangkok,86.16125798245609,14.38793103448276,13.68965517241379,27.20287938596492
8876,2022-02-17 20:00:00,Asia/Bangkok,88.08047131578945,17.61206896551724,16.74137931034483,26.65158114035086
8877,2022-02-17 21:00:00,Asia/Bangkok,87.94643571428571,10.45299145299145,9.837606837606838,26.45971633928572
8878,2022-02-17 22:00:00,Asia/Bangkok,88.44447701754382,10.49137931034483,9.801724137931034,26.0581983333333
8879,2022-02-17 23:00:00,Asia/Bangkok,88.88798410714287,10.87719298245614,10.27826086956522,25.79855044642857
8880,2022-02-18 00:00:00,Asia/Bangkok,88.98489222222221,8.547826086956523,8.008695652173913,25.55733379629632
8881,2022-02-18 01:00:00,Asia/Bangkok,89.6355346551724,8.017094017094017,7.410256410256411,25.4852573043478
8882,2022-02-18 02:00:00,Asia/Bangkok,89.90824412844037,10.12389380530973,9.575221238938052,25.44211000000001
8883,2022-02-18 03:00:00,Asia/Bangkok,90.63907954128439,8.709090909090909,8.027272727272727,25.33310577981652
8884,2022-02-18 04:00:00,Asia/Bangkok,91.63799071428578,8.382608695652173,7.791304347826087,25.09357955357142
8885,2022-02-18 05:00:00,Asia/Bangkok,91.64811026315785,9.422413793103448,8.698275862068966,25.34749701754382
8886,2022-02-18 06:00:00,Asia/Bangkok,92.57920591304345,10.77586206896552,10.10344827586207,25.35717513043478
8887,2022-02-18 07:00:00,Asia/Bangkok,92.35625191304345,9.525862068965518,9.051724137931034,25.41650243478261
8888,2022-02-18 08:00:00,Asia/Bangkok,92.99268617391303,9.887931034482758,9.318965517241379,25.55965652173914
8889,2022-02-18 09:00:00,Asia/Bangkok,92.69415633928575,11.03448275862069,10.31034482758621,26.95091410714285
8890,2022-02-18 10:00:00,Asia/Bangkok,85.31874053097344,8.965811965811966,8.2991452991453,28.6723396460177
8891,2022-02-18 11:00:00,Asia/Bangkok,78.1932905357143,7.732758620689655,6.982758620689655,30.13950178571429
8892,2022-02-18 12:00:00,Asia/Bangkok,71.94042189655177,6.396551724137931,5.672413793103448,31.90924586206897
8893,2022-02-18 13:00:00,Asia/Bangkok,69.48835473684208,4.794871794871795,4.316239316239316,32.51354690265487
8894,2022-02-18 14:00:00,Asia/Bangkok,72.02444690265486,5.095652173913043,4.547826086956522,31.88687159292035
8895,2022-02-18 15:00:00,Asia/Bangkok,70.01849,5.877551020408164,5.040816326530612,32.17664851063829
8896,2022-02-18 16:00:00,Asia/Bangkok,70.44141342105264,7.655172413793103,6.698275862068965,31.82067526315788
8897,2022-02-18 17:00:00,Asia/Bangkok,74.33775513274338,3.965217391304348,3.353982300884956,29.44482106194691
8898,2022-02-18 18:00:00,Asia/Bangkok,85.54207728070172,1.095652173913043,0.6896551724137931,26.18386824561404
8899,2022-02-18 19:00:00,Asia/Bangkok,86.7857810714286,1.591304347826087,1.191304347826087,26.13090696428571
8900,2022-02-18 20:00:00,Asia/Bangkok,87.70029105263157,6.482758620689655,5.775862068965517,25.73710657894735
8901,2022-02-18 21:00:00,Asia/Bangkok,87.76409929824565,8.692307692307692,8.153846153846153,25.99390026315788
8902,2022-02-18 22:00:00,Asia/Bangkok,88.40863043859645,9.96551724137931,9.362068965517242,25.94841228070177
8903,2022-02-18 23:00:00,Asia/Bangkok,89.03064321428575,9.46551724137931,8.836206896551724,25.89963554545453
8904,2022-02-19 00:00:00,Asia/Bangkok,89.11556939655176,11.23931623931624,10.56410256410256,25.60361215517241
8905,2022-02-19 01:00:00,Asia/Bangkok,90.9824129824561,12.41379310344828,11.68103448275862,25.14157377192982
8906,2022-02-19 02:00:00,Asia/Bangkok,91.09563900000002,13.2719298245614,12.37719298245614,25.2105430909091
8907,2022-02-19 03:00:00,Asia/Bangkok,91.19580675675675,12.6,11.73636363636364,25.08270563636363
8908,2022-02-19 04:00:00,Asia/Bangkok,91.40853043859653,11.98245614035088,11.39473684210526,25.10263182608697
8909,2022-02-19 05:00:00,Asia/Bangkok,90.9733276724138,9.172413793103448,8.617391304347827,25.14159382608698
8910,2022-02-19 06:00:00,Asia/Bangkok,90.69444956521738,10.0,9.412280701754385,25.13441965217392
8911,2022-02-19 07:00:00,Asia/Bangkok,91.10382921052631,11.43103448275862,10.72413793103448,25.18062035087721
8912,2022-02-19 08:00:00,Asia/Bangkok,93.25289637931034,19.56034482758621,18.37068965517241,25.28517275862069
8913,2022-02-19 09:00:00,Asia/Bangkok,93.33920372727273,13.83620689655172,13.01724137931035,26.36320345454546
8914,2022-02-19 10:00:00,Asia/Bangkok,84.59272744444444,9.263157894736842,8.494736842105263,28.25069967032967
8915,2022-02-19 11:00:00,Asia/Bangkok,78.62733548672566,9.474137931034482,8.870689655172415,29.531165
8916,2022-02-19 12:00:00,Asia/Bangkok,72.59504241071429,8.444444444444445,8.094017094017094,31.52812637168141
8917,2022-02-19 13:00:00,Asia/Bangkok,67.72401870967744,6.4375,5.989583333333333,32.61716956521739
8918,2022-02-19 14:00:00,Asia/Bangkok,60.42030401785716,5.991379310344827,5.724137931034483,34.28285071428572
8919,2022-02-19 15:00:00,Asia/Bangkok,56.7452236607143,5.530434782608696,5.258620689655173,35.0948207142857
8920,2022-02-19 16:00:00,Asia/Bangkok,58.50279309734514,8.051282051282051,7.726495726495727,34.59090132743364
8921,2022-02-19 17:00:00,Asia/Bangkok,65.76934125,8.513043478260869,8.139130434782608,33.80247785714285
8922,2022-02-19 18:00:00,Asia/Bangkok,72.54430580357146,95.22608695652174,83.06086956521739,31.41493964285712
8923,2022-02-19 19:00:00,Asia/Bangkok,76.07415930434782,40.45689655172414,35.18103448275862,29.94893842105261
8924,2022-02-19 20:00:00,Asia/Bangkok,79.09394780701753,19.30172413793104,17.43103448275862,29.42065991228068
8925,2022-02-19 21:00:00,Asia/Bangkok,81.23700689655172,24.33913043478261,21.95652173913043,29.14720370689655
8926,2022-02-19 22:00:00,Asia/Bangkok,83.81446445454542,22.31896551724138,20.98275862068965,28.71372572727274
8927,2022-02-19 23:00:00,Asia/Bangkok,84.69093342105262,13.18103448275862,12.4051724137931,28.33090789473681
8928,2022-02-20 00:00:00,Asia/Bangkok,87.18906541666666,16.875,15.72916666666667,27.56198687499997
8929,2022-02-20 01:00:00,Asia/Bangkok,88.20270663157893,13.8,12.99,27.53743744680851
8930,2022-02-20 02:00:00,Asia/Bangkok,88.40435577319583,15.05,14.2,27.31173381443301
8931,2022-02-20 03:00:00,Asia/Bangkok,88.01236261261265,12.78571428571429,12.00892857142857,27.17112063636365
8932,2022-02-20 04:00:00,Asia/Bangkok,87.72667885057471,12.54347826086956,11.8804347826087,27.17020770114943
8933,2022-02-20 05:00:00,Asia/Bangkok,88.03902663461537,14.21818181818182,13.49090909090909,26.89769873786408
8934,2022-02-20 06:00:00,Asia/Bangkok,88.65045893805306,16.42608695652174,15.58260869565217,26.54704424778764
8935,2022-02-20 07:00:00,Asia/Bangkok,88.87164010416667,15.06122448979592,14.1530612244898,26.33864364583335
8936,2022-02-20 08:00:00,Asia/Bangkok,89.78365614583332,18.28571428571428,17.45918367346939,26.36768197916666
8937,2022-02-20 09:00:00,Asia/Bangkok,89.44225482456137,22.3448275862069,21.0695652173913,27.39424557522124
8938,2022-02-20 10:00:00,Asia/Bangkok,78.52532043103446,8.367521367521368,7.871794871794871,29.85359853448277
8939,2022-02-20 11:00:00,Asia/Bangkok,68.77633018018017,8.431034482758621,8.008620689655173,32.55549135135134
8940,2022-02-20 12:00:00,Asia/Bangkok,62.99933839285717,9.568965517241379,9.130434782608695,34.01813
8941,2022-02-20 13:00:00,Asia/Bangkok,59.02798657894735,8.543103448275861,8.179487179487179,35.06528850877192
8942,2022-02-20 14:00:00,Asia/Bangkok,58.25026843478258,13.97435897435897,13.06896551724138,35.24155447368423
8943,2022-02-20 15:00:00,Asia/Bangkok,68.17192238938055,13.95689655172414,13.02564102564103,32.85152159292034
8944,2022-02-20 16:00:00,Asia/Bangkok,79.11522913043478,11.38793103448276,10.39655172413793,28.54749756521741
8945,2022-02-20 17:00:00,Asia/Bangkok,88.00027840707965,1.741071428571429,1.410714285714286,23.94179921052631
8946,2022-02-20 18:00:00,Asia/Bangkok,85.79366391304346,1.205128205128205,0.8632478632478633,25.51694456140352
8947,2022-02-20 19:00:00,Asia/Bangkok,87.96613696428574,4.344827586206897,3.896551724137931,25.41666732142857
8948,2022-02-20 20:00:00,Asia/Bangkok,88.03749756521741,3.948275862068965,3.560344827586207,25.55717243478263
8949,2022-02-20 21:00:00,Asia/Bangkok,89.82816417391305,7.75,7.086206896551724,25.21952556521739
8950,2022-02-20 22:00:00,Asia/Bangkok,90.68398752212394,8.206896551724139,7.586206896551724,24.99631256637167
8951,2022-02-20 23:00:00,Asia/Bangkok,90.88986362068967,7.145299145299146,6.487179487179487,24.95945669565219
8952,2022-02-21 00:00:00,Asia/Bangkok,90.99978336283189,8.25,7.620689655172414,25.12756159292035
8953,2022-02-21 01:00:00,Asia/Bangkok,90.23774456140353,14.80172413793103,12.98275862068965,25.18980280701755
8954,2022-02-21 02:00:00,Asia/Bangkok,90.65625999999999,8.517543859649123,8.017391304347827,25.05769723214285
8955,2022-02-21 03:00:00,Asia/Bangkok,89.91169849056607,21.22727272727273,18.57272727272727,25.03945113207547
8956,2022-02-21 04:00:00,Asia/Bangkok,90.043089009009,12.28947368421053,11.33333333333333,25.08287581818183
8957,2022-02-21 05:00:00,Asia/Bangkok,90.59099157894737,22.54385964912281,20.59649122807017,25.17218675438598
8958,2022-02-21 06:00:00,Asia/Bangkok,90.76475846846847,36.31304347826087,32.6,25.20056378378379
8959,2022-02-21 07:00:00,Asia/Bangkok,90.58615929824559,24.79310344827586,22.94827586206896,25.01053991228072
8960,2022-02-21 08:00:00,Asia/Bangkok,91.32332295652175,23.35344827586207,21.54310344827586,25.04862243478262
8961,2022-02-21 09:00:00,Asia/Bangkok,88.34522883928575,10.71551724137931,10.11206896551724,26.38256375
8962,2022-02-21 10:00:00,Asia/Bangkok,81.09504008695649,14.4695652173913,13.6,28.74577504347826
8963,2022-02-21 11:00:00,Asia/Bangkok,76.36589834782605,11.47863247863248,11.00854700854701,30.4464028695652
8964,2022-02-21 12:00:00,Asia/Bangkok,70.62297396396399,11.55652173913044,10.94782608695652,31.89168450450451
8965,2022-02-21 13:00:00,Asia/Bangkok,67.20043522123895,9.448275862068966,9.0,32.953233539823
8966,2022-02-21 14:00:00,Asia/Bangkok,66.9764390990991,9.93859649122807,9.482456140350877,32.89762963963965
8967,2022-02-21 15:00:00,Asia/Bangkok,64.26143000000003,7.793103448275862,7.353448275862069,33.46138324561404
8968,2022-02-21 16:00:00,Asia/Bangkok,66.45878245614037,9.0,8.57391304347826,32.63981026315789
8969,2022-02-21 17:00:00,Asia/Bangkok,71.89145079646019,26.37068965517241,24.13793103448276,30.52878442477877
8970,2022-02-21 18:00:00,Asia/Bangkok,73.49563582608694,13.01709401709402,12.44444444444444,30.29704878260872
8971,2022-02-21 19:00:00,Asia/Bangkok,73.94001675213673,18.94827586206896,17.68965517241379,29.71584512820511
8972,2022-02-21 20:00:00,Asia/Bangkok,78.69778451327434,63.72649572649573,54.43589743589744,28.59302294642857
8973,2022-02-21 21:00:00,Asia/Bangkok,82.50171526785718,49.06896551724138,40.42241379310344,27.98261428571429
8974,2022-02-21 22:00:00,Asia/Bangkok,84.34223081818182,45.75862068965517,38.25,27.6305658181818
8975,2022-02-21 23:00:00,Asia/Bangkok,85.42434543103447,45.5948275862069,38.27586206896552,27.3340296551724
8976,2022-02-22 00:00:00,Asia/Bangkok,86.27124035714282,30.12820512820513,28.23076923076923,27.09260830357144
8977,2022-02-22 01:00:00,Asia/Bangkok,87.2160173913044,32.52586206896552,30.08620689655172,26.6696103478261
8978,2022-02-22 02:00:00,Asia/Bangkok,87.62221692982457,29.05128205128205,26.96581196581197,26.55478692982453
8979,2022-02-22 03:00:00,Asia/Bangkok,87.83333926605509,23.18918918918919,22.05405405405405,26.33545825688074
8980,2022-02-22 04:00:00,Asia/Bangkok,88.70768417391305,25.35344827586207,24.0948275862069,25.95388782608696
8981,2022-02-22 05:00:00,Asia/Bangkok,88.83300438596491,26.67241379310345,25.56896551724138,25.87846850877193
8982,2022-02-22 06:00:00,Asia/Bangkok,88.93699504347829,36.72173913043478,32.16521739130435,25.64304173913047
8983,2022-02-22 07:00:00,Asia/Bangkok,89.5865786363636,34.74311926605505,31.05504587155963,25.46385513761466
8984,2022-02-22 08:00:00,Asia/Bangkok,90.23720016528927,27.48760330578513,26.21487603305785,25.68861628099175
8985,2022-02-22 09:00:00,Asia/Bangkok,89.50038789473682,37.92241379310344,34.62068965517241,26.92622893805308
8986,2022-02-22 10:00:00,Asia/Bangkok,79.05207310344824,14.36206896551724,13.5948275862069,29.50194439655173
8987,2022-02-22 11:00:00,Asia/Bangkok,76.59407858407074,14.66086956521739,13.87826086956522,30.10521580357142
8988,2022-02-22 12:00:00,Asia/Bangkok,67.74420796296296,10.35042735042735,9.7008547008547,32.31042027777777
8989,2022-02-22 13:00:00,Asia/Bangkok,60.88229539823008,8.646017699115044,8.20353982300885,33.7119596460177
8990,2022-02-22 14:00:00,Asia/Bangkok,60.70553171171175,9.817391304347826,9.121739130434783,33.54683369369369
8991,2022-02-22 15:00:00,Asia/Bangkok,61.60858245614037,9.905172413793103,9.189655172413794,33.28715587719299
8992,2022-02-22 16:00:00,Asia/Bangkok,65.30739543859652,16.83478260869565,15.40869565217391,32.44414929824561
8993,2022-02-22 17:00:00,Asia/Bangkok,67.10569495575221,23.47413793103448,20.89655172413793,31.9791060176991
8994,2022-02-22 18:00:00,Asia/Bangkok,72.59511780701753,13.04347826086956,11.91304347826087,30.33498885964913
8995,2022-02-22 19:00:00,Asia/Bangkok,77.40727965217391,20.94871794871795,18.49572649572649,28.5099032173913
8996,2022-02-22 20:00:00,Asia/Bangkok,81.02146168141587,48.43965517241379,42.05172413793103,28.33936419642856
8997,2022-02-22 21:00:00,Asia/Bangkok,82.74730132743363,39.99130434782609,34.17391304347826,28.45472053097346
8998,2022-02-22 22:00:00,Asia/Bangkok,83.34632928571423,37.41025641025641,32.28205128205128,28.09736477477478
8999,2022-02-22 23:00:00,Asia/Bangkok,84.55088655172415,36.81896551724138,32.00862068965517,27.57081525862068
9000,2022-02-23 00:00:00,Asia/Bangkok,85.60133017699114,48.01724137931034,39.03448275862069,27.26488752212389
9001,2022-02-23 01:00:00,Asia/Bangkok,86.3826730973451,29.75,27.38793103448276,26.93934486725663
9002,2022-02-23 02:00:00,Asia/Bangkok,86.83381288288282,30.94871794871795,28.64102564102564,26.77861126126128
9003,2022-02-23 03:00:00,Asia/Bangkok,87.66179136363641,29.72072072072072,27.59459459459459,26.35786081818183
9004,2022-02-23 04:00:00,Asia/Bangkok,87.46506758620691,23.56896551724138,22.12068965517241,26.11223551724137
9005,2022-02-23 05:00:00,Asia/Bangkok,87.49451566371683,18.46551724137931,17.14655172413793,25.93831763157895
9006,2022-02-23 06:00:00,Asia/Bangkok,87.98349543859646,17.38461538461538,16.14529914529914,25.83670649122807
9007,2022-02-23 07:00:00,Asia/Bangkok,88.69754758928569,15.5948275862069,14.56896551724138,25.50734026785715
9008,2022-02-23 08:00:00,Asia/Bangkok,89.57929070796457,50.62068965517241,46.74137931034483,25.689590625
9009,2022-02-23 09:00:00,Asia/Bangkok,87.05451548672565,32.36206896551724,28.28448275862069,27.25857840707964
9010,2022-02-23 10:00:00,Asia/Bangkok,76.38458842105268,13.47008547008547,12.22413793103448,29.56012552631579
9011,2022-02-23 11:00:00,Asia/Bangkok,70.72834876106197,4.46551724137931,3.897435897435897,30.38054446428571
9012,2022-02-23 12:00:00,Asia/Bangkok,63.72304026315788,4.700854700854701,4.068376068376068,32.16948140350878
9013,2022-02-23 13:00:00,Asia/Bangkok,62.82133938053098,14.37068965517241,12.97413793103448,32.6543428318584
9014,2022-02-23 14:00:00,Asia/Bangkok,62.89555885964914,4.318965517241379,3.78448275862069,32.53946219298244
9015,2022-02-23 15:00:00,Asia/Bangkok,63.75430807017541,7.129310344827586,6.612068965517241,32.37706307017545
9016,2022-02-23 16:00:00,Asia/Bangkok,65.44916044642858,8.931623931623932,8.222222222222221,31.6383188392857
9017,2022-02-23 17:00:00,Asia/Bangkok,63.89366426086956,6.974137931034483,6.431034482758621,31.69609339130433
9018,2022-02-23 18:00:00,Asia/Bangkok,72.74542330434785,9.401709401709402,8.58974358974359,29.41263730434783
9019,2022-02-23 19:00:00,Asia/Bangkok,77.1159524347826,46.55172413793103,39.18103448275862,28.54558789473686
9020,2022-02-23 20:00:00,Asia/Bangkok,78.97644275229354,22.39655172413793,19.94827586206896,27.99522770642202
9021,2022-02-23 21:00:00,Asia/Bangkok,79.58326557522123,15.72649572649573,14.44444444444444,27.24412437499999
9022,2022-02-23 22:00:00,Asia/Bangkok,80.30473424778761,15.50862068965517,14.06896551724138,26.89487300884956
9023,2022-02-23 23:00:00,Asia/Bangkok,81.28078690909092,14.02586206896552,13.03478260869565,26.63790954545453
9024,2022-02-24 00:00:00,Asia/Bangkok,83.2336457142857,16.20869565217391,15.28448275862069,26.30080687500001
9025,2022-02-24 01:00:00,Asia/Bangkok,85.5851052586207,13.37068965517241,12.5,26.00494112068965
9026,2022-02-24 02:00:00,Asia/Bangkok,86.02543198198201,13.38793103448276,12.67241379310345,26.19820657657657
9027,2022-02-24 03:00:00,Asia/Bangkok,86.02972916666668,13.37614678899082,12.64220183486239,26.02382527777781
9028,2022-02-24 04:00:00,Asia/Bangkok,88.77184147826088,13.9304347826087,13.16521739130435,25.08698234782609
9029,2022-02-24 05:00:00,Asia/Bangkok,88.25952140350878,24.06837606837607,23.08547008547009,24.98060307017548
9030,2022-02-24 06:00:00,Asia/Bangkok,88.55942106194688,15.63478260869565,14.93913043478261,24.79220823008851
9031,2022-02-24 07:00:00,Asia/Bangkok,88.93130596491224,13.31896551724138,12.71551724137931,24.40910903508774
9032,2022-02-24 08:00:00,Asia/Bangkok,90.121675,14.4695652173913,14.06086956521739,24.06900830357143
9033,2022-02-24 09:00:00,Asia/Bangkok,89.44793184210526,14.56896551724138,13.97413793103448,25.00731426086957
9034,2022-02-24 10:00:00,Asia/Bangkok,78.19013141592923,10.86324786324786,10.36752136752137,28.41468267857142
9035,2022-02-24 11:00:00,Asia/Bangkok,72.60404803571427,12.86842105263158,12.41071428571429,30.44732666666668
9036,2022-02-24 12:00:00,Asia/Bangkok,69.65031805309734,14.11965811965812,13.62393162393162,31.06991892857141
9037,2022-02-24 13:00:00,Asia/Bangkok,68.21878577586209,17.97413793103448,17.25862068965517,30.87168474137932
9038,2022-02-24 14:00:00,Asia/Bangkok,70.36900603448274,19.73504273504274,18.94017094017094,31.1482450862069
9039,2022-02-24 15:00:00,Asia/Bangkok,72.98205678260874,18.3448275862069,17.79310344827586,30.66378973913043
9040,2022-02-24 16:00:00,Asia/Bangkok,65.60851243478261,16.89655172413793,16.35344827586207,31.93860460869566
9041,2022-02-24 17:00:00,Asia/Bangkok,73.43472000000003,16.52586206896552,15.76724137931035,30.22430173913043
9042,2022-02-24 18:00:00,Asia/Bangkok,81.21128974137926,9.837606837606838,9.042735042735043,28.27266295652172
9043,2022-02-24 19:00:00,Asia/Bangkok,83.17708599999999,19.52586206896552,18.26724137931035,27.32710913043477
9044,2022-02-24 20:00:00,Asia/Bangkok,82.73761937500002,16.58620689655172,15.69827586206897,26.77763187499999
9045,2022-02-24 21:00:00,Asia/Bangkok,84.21222723214285,24.03448275862069,22.75862068965517,26.2665707142857
9046,2022-02-24 22:00:00,Asia/Bangkok,85.90368772727271,27.54310344827586,26.1551724137931,25.83562090909092
9047,2022-02-24 23:00:00,Asia/Bangkok,85.92110271929826,29.64655172413793,28.01724137931035,25.74038570175442
9048,2022-02-25 00:00:00,Asia/Bangkok,88.01755810810808,10.98260869565217,10.01739130434783,24.42974044642856
9049,2022-02-25 01:00:00,Asia/Bangkok,91.17206850877193,3.47008547008547,2.871794871794872,23.64164377192981
9050,2022-02-25 02:00:00,Asia/Bangkok,89.1536094545455,5.614035087719298,5.06140350877193,24.19659681818184
9051,2022-02-25 03:00:00,Asia/Bangkok,88.35107698113202,5.45045045045045,4.963963963963964,24.33901971698113
9052,2022-02-25 04:00:00,Asia/Bangkok,89.48819477876106,6.517241379310345,5.956896551724138,23.87037769911505
9053,2022-02-25 05:00:00,Asia/Bangkok,90.87601956521735,8.008620689655173,7.53448275862069,23.59923747826084
9054,2022-02-25 06:00:00,Asia/Bangkok,90.4023677981651,1.275862068965517,0.9827586206896551,23.46786880733945
9055,2022-02-25 07:00:00,Asia/Bangkok,89.88987767857147,1.256410256410256,0.9401709401709402,23.75836419642855
9056,2022-02-25 08:00:00,Asia/Bangkok,90.39858908256882,3.46551724137931,3.086206896551724,23.88264715596329
9057,2022-02-25 09:00:00,Asia/Bangkok,91.53871356521738,5.78448275862069,5.068965517241379,24.18524878260872
9058,2022-02-25 10:00:00,Asia/Bangkok,92.41918859813083,6.773913043478261,6.139130434782609,24.84175065420561
9059,2022-02-25 11:00:00,Asia/Bangkok,90.25192254385964,12.82608695652174,12.2,25.44425894736845
9060,2022-02-25 12:00:00,Asia/Bangkok,86.41990221238937,22.58260869565217,21.38260869565217,26.28783247787611
9061,2022-02-25 13:00:00,Asia/Bangkok,83.41368051724132,20.83620689655172,19.71551724137931,27.51004155172412
9062,2022-02-25 14:00:00,Asia/Bangkok,86.62024159292038,14.44347826086956,13.56521739130435,25.4821968141593
9063,2022-02-25 15:00:00,Asia/Bangkok,89.6357304464286,16.26724137931035,15.62068965517241,24.55708276785714
9064,2022-02-25 16:00:00,Asia/Bangkok,89.81217839285712,13.47413793103448,12.81034482758621,24.58702705357143
9065,2022-02-25 17:00:00,Asia/Bangkok,91.63874460176984,20.71551724137931,19.9051724137931,24.3356782300885
9066,2022-02-25 18:00:00,Asia/Bangkok,91.58300643478263,27.44827586206896,26.3448275862069,24.63980547826085
9067,2022-02-25 19:00:00,Asia/Bangkok,91.88798974137931,28.13793103448276,26.87068965517241,24.44029060344827
9068,2022-02-25 20:00:00,Asia/Bangkok,92.3854016521739,28.36752136752137,27.09401709401709,24.43964947826089
9069,2022-02-25 21:00:00,Asia/Bangkok,92.23855660869569,36.91379310344828,33.05172413793103,24.70291739130431
9070,2022-02-25 22:00:00,Asia/Bangkok,92.03179103448274,45.36752136752137,38.49572649572649,24.68119275862069
9071,2022-02-25 23:00:00,Asia/Bangkok,92.37285090090087,42.69827586206897,36.44827586206897,24.58768621621622
9072,2022-02-26 00:00:00,Asia/Bangkok,92.43632721739131,40.81896551724138,35.41379310344828,24.73452913793101
9073,2022-02-26 01:00:00,Asia/Bangkok,92.24507206896551,38.26495726495727,33.7008547008547,24.74074260869562
9074,2022-02-26 02:00:00,Asia/Bangkok,92.24382278260869,31.82758620689655,29.92241379310345,24.70166295652172
9075,2022-02-26 03:00:00,Asia/Bangkok,92.07479862385321,25.87272727272727,24.76363636363636,24.74023194444442
9076,2022-02-26 04:00:00,Asia/Bangkok,92.0837578181818,21.35344827586207,20.29310344827586,24.76901272727273
9077,2022-02-26 05:00:00,Asia/Bangkok,92.53223592920352,18.21551724137931,17.25862068965517,24.53909380530974
9078,2022-02-26 06:00:00,Asia/Bangkok,92.31050139130438,4.456896551724138,3.896551724137931,23.66675421052632
9079,2022-02-26 07:00:00,Asia/Bangkok,92.58347990099007,6.981132075471698,6.056603773584905,24.0187201980198
9080,2022-02-26 08:00:00,Asia/Bangkok,93.07580669491527,9.05691056910569,8.130081300813009,24.2662254237288
9081,2022-02-26 09:00:00,Asia/Bangkok,93.81125750000002,17.71666666666667,16.79166666666667,24.46123836206901
9082,2022-02-26 10:00:00,Asia/Bangkok,93.44621214285715,24.48695652173913,22.7304347826087,24.27605625000001
9083,2022-02-26 11:00:00,Asia/Bangkok,93.72413758620692,21.05128205128205,20.18803418803419,23.98035535087718
9084,2022-02-26 12:00:00,Asia/Bangkok,93.8574367826087,16.79310344827586,15.70689655172414,24.21956721739132
9085,2022-02-26 13:00:00,Asia/Bangkok,93.07222839285714,19.88793103448276,18.74137931034483,25.11618294642858
9086,2022-02-26 14:00:00,Asia/Bangkok,92.58170793103446,15.58974358974359,14.13675213675214,24.29893330434783
9087,2022-02-26 15:00:00,Asia/Bangkok,93.19876594594594,11.68421052631579,10.56140350877193,24.02605108108107
9088,2022-02-26 16:00:00,Asia/Bangkok,93.49401070175438,9.025641025641026,8.128205128205128,23.91457921052631
9089,2022-02-26 17:00:00,Asia/Bangkok,93.37741008928563,7.831858407079646,6.982300884955753,24.33549544642858
9090,2022-02-26 18:00:00,Asia/Bangkok,93.20736273584906,11.94827586206897,11.14655172413793,24.29002320754718
9091,2022-02-26 19:00:00,Asia/Bangkok,93.02033991379307,15.02564102564103,13.91452991452991,24.19266456896549
9092,2022-02-26 20:00:00,Asia/Bangkok,93.30511857142857,18.40178571428572,16.88392857142857,24.25605330357144
9093,2022-02-26 21:00:00,Asia/Bangkok,93.63976252173909,16.23275862068965,15.0,24.15252087719299
9094,2022-02-26 22:00:00,Asia/Bangkok,93.87006860869562,13.5,12.56034482758621,24.26770469565219
9095,2022-02-26 23:00:00,Asia/Bangkok,93.83087558558553,13.1981981981982,12.45945945945946,24.35924342342345
9096,2022-02-27 00:00:00,Asia/Bangkok,93.96403257142856,9.12,8.28,23.76535314285715
9097,2022-02-27 01:00:00,Asia/Bangkok,94.42232285714285,8.692982456140351,8.017543859649123,23.96908455357142
9098,2022-02-27 02:00:00,Asia/Bangkok,93.81541359649127,8.439655172413794,7.681034482758621,24.20370473684211
9099,2022-02-27 03:00:00,Asia/Bangkok,93.30971166666664,8.275229357798166,7.706422018348624,24.25374527777779
9100,2022-02-27 04:00:00,Asia/Bangkok,93.60593491379312,9.78448275862069,9.043103448275861,24.17633069565218
9101,2022-02-27 05:00:00,Asia/Bangkok,93.43888581818177,8.178571428571429,7.553571428571429,24.08837263636363
9102,2022-02-27 06:00:00,Asia/Bangkok,94.31525125000005,8.11965811965812,7.213675213675214,23.73051848214285
9103,2022-02-27 07:00:00,Asia/Bangkok,94.37953783783783,6.396551724137931,5.810344827586207,23.91707198198198
9104,2022-02-27 08:00:00,Asia/Bangkok,93.9986132456141,6.974137931034483,6.439655172413793,24.31920771929825
9105,2022-02-27 09:00:00,Asia/Bangkok,94.32259181034489,8.206896551724139,7.491379310344827,25.1283399122807
9106,2022-02-27 10:00:00,Asia/Bangkok,90.71172887931034,11.70940170940171,10.14529914529914,26.34395931034483
9107,2022-02-27 11:00:00,Asia/Bangkok,83.47711073394493,12.21739130434783,9.930434782608696,28.17117577981653
9108,2022-02-27 12:00:00,Asia/Bangkok,78.23679946902652,11.95726495726496,9.905982905982906,29.08083061946905
9109,2022-02-27 13:00:00,Asia/Bangkok,73.79258964601772,10.6551724137931,8.60344827586207,30.15501088495576
9110,2022-02-27 14:00:00,Asia/Bangkok,72.94521034782608,10.42735042735043,8.205128205128204,29.96989982608695
9111,2022-02-27 15:00:00,Asia/Bangkok,74.6859914912281,10.43965517241379,8.379310344827585,29.28241017543861
9112,2022-02-27 16:00:00,Asia/Bangkok,74.3968867256637,10.14782608695652,8.0,29.22169292035397
9113,2022-02-27 17:00:00,Asia/Bangkok,75.75088401709404,10.11016949152542,8.033898305084746,28.57157683760682
9114,2022-02-27 18:00:00,Asia/Bangkok,77.06166225225228,10.56034482758621,8.478260869565217,28.16787612612613
9115,2022-02-27 19:00:00,Asia/Bangkok,80.068019009009,24.31896551724138,19.75213675213675,27.56272360360359
9116,2022-02-27 20:00:00,Asia/Bangkok,81.76907695652176,16.56034482758621,14.25,27.14896321739129
9117,2022-02-27 21:00:00,Asia/Bangkok,84.3463738596491,15.31896551724138,13.12931034482759,26.80109219298246
9118,2022-02-27 22:00:00,Asia/Bangkok,85.15424741379309,13.74358974358974,11.73504273504273,26.55536452173913
9119,2022-02-27 23:00:00,Asia/Bangkok,84.98303956521737,11.03448275862069,9.155172413793103,26.32583139130433
9120,2022-02-28 00:00:00,Asia/Bangkok,86.74452678260867,10.30769230769231,8.623931623931623,26.20120547826088
9121,2022-02-28 01:00:00,Asia/Bangkok,87.35246339285716,10.97413793103448,8.887931034482758,26.11795054054054
9122,2022-02-28 02:00:00,Asia/Bangkok,86.92474129310342,10.00862068965517,8.086206896551724,26.07547405172414
9123,2022-02-28 03:00:00,Asia/Bangkok,89.5017116216216,7.252252252252252,5.990990990990991,25.49016441441441
9124,2022-02-28 04:00:00,Asia/Bangkok,88.69641853448277,6.948717948717949,5.897435897435898,25.24806560344827
9125,2022-02-28 05:00:00,Asia/Bangkok,89.92379568965517,6.560344827586207,5.543103448275862,24.47661551724138
9126,2022-02-28 06:00:00,Asia/Bangkok,91.14779619469029,6.965217391304348,5.921739130434783,24.1028174336283
9127,2022-02-28 07:00:00,Asia/Bangkok,91.50649852173912,7.559322033898305,6.838983050847458,24.20417304347828
9128,2022-02-28 08:00:00,Asia/Bangkok,91.65552447368424,6.422413793103448,5.655172413793103,24.60511798245614
9129,2022-02-28 09:00:00,Asia/Bangkok,91.89444717948719,7.2125,5.9875,25.58336474358975
9130,2022-02-28 10:00:00,Asia/Bangkok,86.08181298507462,7.623188405797102,6.231884057971015,27.27759194029851
9131,2022-02-28 11:00:00,Asia/Bangkok,82.16201729729728,9.52,7.613333333333333,28.30633702702702
9132,2022-02-28 12:00:00,Asia/Bangkok,76.42714470588234,9.436893203883495,7.456310679611651,29.60838588235293
9133,2022-02-28 13:00:00,Asia/Bangkok,73.01750160000003,7.077669902912621,5.572815533980583,29.8453922
9134,2022-02-28 14:00:00,Asia/Bangkok,69.45759172043009,7.172043010752688,5.591397849462366,30.52671795698926
9135,2022-02-28 15:00:00,Asia/Bangkok,67.8400864516129,6.983870967741935,5.693548387096774,31.06384225806451
9136,2022-02-28 16:00:00,Asia/Bangkok,66.63316796296299,6.853211009174312,5.513761467889908,31.43524317757008
9137,2022-02-28 17:00:00,Asia/Bangkok,66.5081670338983,6.975,5.708333333333333,30.97648663865547
9138,2022-02-28 18:00:00,Asia/Bangkok,66.87982737288138,7.595041322314049,6.198347107438017,30.82140743589745
9139,2022-02-28 19:00:00,Asia/Bangkok,67.9947706779661,8.933333333333334,7.691666666666666,30.23956872881357
9140,2022-02-28 20:00:00,Asia/Bangkok,71.66756991666671,39.92622950819672,33.74590163934426,29.38283416666667
9141,2022-02-28 21:00:00,Asia/Bangkok,76.16238297297296,63.46956521739131,54.28695652173913,28.33492639639639
9142,2022-02-28 22:00:00,Asia/Bangkok,80.55507929824559,24.89655172413793,22.43103448275862,27.80012368421052
9143,2022-02-28 23:00:00,Asia/Bangkok,82.94474929824564,22.41739130434783,20.17391304347826,27.54285754385965
9144,2022-03-01 00:00:00,Asia/Bangkok,84.90410465517242,19.39495798319328,17.39495798319328,27.13950913793104
9145,2022-03-01 01:00:00,Asia/Bangkok,85.7347769747899,19.1900826446281,17.36363636363636,26.75348932773109
9146,2022-03-01 02:00:00,Asia/Bangkok,87.2101131967213,15.808,14.368,26.16645131147542
9147,2022-03-01 03:00:00,Asia/Bangkok,88.2452551724138,15.47413793103448,14.12068965517241,25.81634017241378
9148,2022-03-01 04:00:00,Asia/Bangkok,88.55603537190082,15.264,13.872,25.55311429752066
9149,2022-03-01 05:00:00,Asia/Bangkok,89.09237629310343,15.79338842975207,14.18181818181818,25.19633905172415
9150,2022-03-01 06:00:00,Asia/Bangkok,89.57098588235296,16.5655737704918,15.13114754098361,25.10349025210086
9151,2022-03-01 07:00:00,Asia/Bangkok,89.7238265517241,15.25210084033614,13.89075630252101,24.882778362069
9152,2022-03-01 08:00:00,Asia/Bangkok,89.81245273504278,12.91596638655462,11.79831932773109,24.68099547008546
9153,2022-03-01 09:00:00,Asia/Bangkok,90.51038657657658,17.44827586206896,16.13793103448276,24.76981945945947
9154,2022-03-01 10:00:00,Asia/Bangkok,90.73535134453782,12.95867768595041,11.39669421487603,25.89110579831933
9155,2022-03-01 11:00:00,Asia/Bangkok,80.42086423728813,8.925619834710744,7.43801652892562,28.36095008474576
9156,2022-03-01 12:00:00,Asia/Bangkok,73.08412921052633,7.301724137931035,6.189655172413793,29.90900105263158
9157,2022-03-01 13:00:00,Asia/Bangkok,68.54551123893808,6.172413793103448,4.974137931034483,30.77901628318583
9158,2022-03-01 14:00:00,Asia/Bangkok,66.03840652173912,5.838983050847458,4.686440677966102,31.38091412280702
9159,2022-03-01 15:00:00,Asia/Bangkok,62.18700226086955,5.445378151260504,4.403361344537815,32.2701887826087
9160,2022-03-01 16:00:00,Asia/Bangkok,62.83248634782611,9.810344827586206,8.422413793103448,32.36896860869566
9161,2022-03-01 17:00:00,Asia/Bangkok,63.77825362745097,37.75925925925926,32.89814814814815,32.46474578431371
9162,2022-03-01 18:00:00,Asia/Bangkok,64.45067881720428,9.422680412371134,7.948453608247423,32.02681236559138
9163,2022-03-01 19:00:00,Asia/Bangkok,64.19136633663369,6.029411764705882,4.931372549019608,31.54360188118812
9164,2022-03-01 20:00:00,Asia/Bangkok,68.07163418367347,16.32,13.81,30.19833877551021
9165,2022-03-01 21:00:00,Asia/Bangkok,74.8164658252427,17.27619047619048,15.7047619047619,29.13037737864078
9166,2022-03-01 22:00:00,Asia/Bangkok,79.48179651162792,18.0,16.25287356321839,28.49997416666666
9167,2022-03-01 23:00:00,Asia/Bangkok,82.04907080808077,15.86138613861386,14.23762376237624,28.08857101010103
9168,2022-03-02 00:00:00,Asia/Bangkok,84.15698836363636,35.6036036036036,30.95495495495495,27.71026372727272
9169,2022-03-02 01:00:00,Asia/Bangkok,85.31370504950495,29.41176470588235,26.95098039215686,27.32246510000002
9170,2022-03-02 02:00:00,Asia/Bangkok,86.71995990825688,24.91818181818182,22.71818181818182,26.89189247706424
9171,2022-03-02 03:00:00,Asia/Bangkok,87.49171958333334,25.57575757575757,23.38383838383838,26.55444336842105
9172,2022-03-02 04:00:00,Asia/Bangkok,87.49661981981983,21.36036036036036,19.30630630630631,26.31223819819818
9173,2022-03-02 05:00:00,Asia/Bangkok,88.0779654918033,19.76515151515152,18.13636363636364,26.09251352459015
9174,2022-03-02 06:00:00,Asia/Bangkok,88.35126526785714,15.97345132743363,14.70796460176991,25.96701732142858
9175,2022-03-02 07:00:00,Asia/Bangkok,88.46478473282444,15.03731343283582,13.78358208955224,25.64297484615389
9176,2022-03-02 08:00:00,Asia/Bangkok,89.52562817518249,14.91428571428571,13.61151079136691,25.45393817518248
9177,2022-03-02 09:00:00,Asia/Bangkok,89.30686804511281,15.10948905109489,14.00724637681159,25.24022819548872
9178,2022-03-02 10:00:00,Asia/Bangkok,91.03340751937989,39.23664122137404,34.12977099236641,25.69006457364342
9179,2022-03-02 11:00:00,Asia/Bangkok,87.30429918181815,31.74782608695652,28.01739130434783,27.49209736363636
9180,2022-03-02 12:00:00,Asia/Bangkok,78.44831203389829,12.0593220338983,10.77310924369748,29.12579294117648
9181,2022-03-02 13:00:00,Asia/Bangkok,74.63126273504274,13.08474576271187,11.88135593220339,30.21592786324785
9182,2022-03-02 14:00:00,Asia/Bangkok,67.4804288888889,9.833333333333334,8.958333333333334,31.70316350427348
9183,2022-03-02 15:00:00,Asia/Bangkok,61.99042669565216,8.647058823529411,7.957983193277311,32.96162104347826
9184,2022-03-02 16:00:00,Asia/Bangkok,62.30112773913045,7.631578947368421,7.008771929824562,32.56018739130437
9185,2022-03-02 17:00:00,Asia/Bangkok,61.6154437931034,7.111111111111111,6.282051282051282,32.67017379310348
9186,2022-03-02 18:00:00,Asia/Bangkok,64.20441467741938,7.32258064516129,6.496,31.85092088709677
9187,2022-03-02 19:00:00,Asia/Bangkok,68.62447198412698,14.592,13.048,30.67663142857144
9188,2022-03-02 20:00:00,Asia/Bangkok,72.36000544715446,14.00793650793651,12.85714285714286,29.4945750406504
9189,2022-03-02 21:00:00,Asia/Bangkok,77.75248023999998,26.1953125,22.890625,28.76631912000001
9190,2022-03-02 22:00:00,Asia/Bangkok,79.61381480314957,53.95348837209303,46.52713178294574,28.70734377952757
9191,2022-03-02 23:00:00,Asia/Bangkok,81.81333891472867,31.5187969924812,27.66165413533835,28.23089054263563
9192,2022-03-03 00:00:00,Asia/Bangkok,83.5194632824427,20.69924812030075,19.14285714285714,27.97703007633586
9193,2022-03-03 01:00:00,Asia/Bangkok,85.60808955223884,24.58518518518519,22.97058823529412,27.50925261194028
9194,2022-03-03 02:00:00,Asia/Bangkok,86.31396933823527,25.26086956521739,23.76811594202898,27.31275977941177
9195,2022-03-03 03:00:00,Asia/Bangkok,86.79131137404575,24.56934306569343,23.1970802919708,27.18363374045803
9196,2022-03-03 04:00:00,Asia/Bangkok,87.45500022388063,23.00735294117647,21.68382352941176,26.65413186567164
9197,2022-03-03 05:00:00,Asia/Bangkok,88.08966823529416,20.61666666666667,19.45833333333333,26.14527966386552
9198,2022-03-03 06:00:00,Asia/Bangkok,88.94894991304346,19.24137931034483,18.14655172413793,25.83291234782609
9199,2022-03-03 07:00:00,Asia/Bangkok,89.05652481481478,19.1140350877193,18.00877192982456,25.91627575471696
9200,2022-03-03 08:00:00,Asia/Bangkok,89.48134105263156,47.37068965517241,42.10344827586207,26.33549210526316
9201,2022-03-03 09:00:00,Asia/Bangkok,86.02535973684212,25.90434782608695,22.95652173913043,27.82026587719298
9202,2022-03-03 10:00:00,Asia/Bangkok,75.5113874137931,12.39655172413793,10.98275862068965,29.76913801724137
9203,2022-03-03 11:00:00,Asia/Bangkok,68.48739274336283,7.043103448275862,6.051724137931035,31.17006628318581
9204,2022-03-03 12:00:00,Asia/Bangkok,65.89912390909089,5.913793103448276,4.974137931034483,31.80103348623853
9205,2022-03-03 13:00:00,Asia/Bangkok,63.47835451327433,5.379310344827586,4.336206896551724,32.34928619469027
9206,2022-03-03 14:00:00,Asia/Bangkok,63.44615060869568,5.681034482758621,4.887931034482759,32.50657217391305
9207,2022-03-03 15:00:00,Asia/Bangkok,63.68302347826089,4.358974358974359,3.598290598290598,32.24761956521741
9208,2022-03-03 16:00:00,Asia/Bangkok,63.26295125000001,4.391304347826087,3.773913043478261,32.16054657657657
9209,2022-03-03 17:00:00,Asia/Bangkok,66.78729293103444,5.153846153846154,4.29059829059829,31.24256181034482
9210,2022-03-03 18:00:00,Asia/Bangkok,70.49123551724142,19.43478260869565,17.43478260869565,30.30578043103448
9211,2022-03-03 19:00:00,Asia/Bangkok,73.93668035087717,9.842105263157896,8.570175438596491,29.34927973451327
9212,2022-03-03 20:00:00,Asia/Bangkok,76.47612491379306,56.57758620689656,47.60344827586207,29.2819400862069
9213,2022-03-03 21:00:00,Asia/Bangkok,78.63289739130437,22.47863247863248,20.2991452991453,29.19009347826088
9214,2022-03-03 22:00:00,Asia/Bangkok,81.60136719298248,23.95689655172414,21.80172413793104,28.62000578947368
9215,2022-03-03 23:00:00,Asia/Bangkok,84.2387310434783,20.45217391304348,18.61206896551724,27.96882608695652
9216,2022-03-04 00:00:00,Asia/Bangkok,84.45563624999998,16.76068376068376,15.30172413793103,27.86440642857144
9217,2022-03-04 01:00:00,Asia/Bangkok,85.58497964285718,31.95689655172414,28.69230769230769,27.50600839285712
9218,2022-03-04 02:00:00,Asia/Bangkok,84.94189408695652,21.46551724137931,20.12931034482759,27.39563573913041
9219,2022-03-04 03:00:00,Asia/Bangkok,85.46768477876103,21.76724137931035,20.36752136752137,27.21677592920354
9220,2022-03-04 04:00:00,Asia/Bangkok,85.66351396039607,18.96153846153846,17.92307692307692,27.00977821782178
9221,2022-03-04 05:00:00,Asia/Bangkok,86.31286017699117,17.11965811965812,15.99145299145299,26.75495758928571
9222,2022-03-04 06:00:00,Asia/Bangkok,86.60676873873872,17.70689655172414,16.5948275862069,26.5275017117117
9223,2022-03-04 07:00:00,Asia/Bangkok,86.84699895652179,17.14655172413793,16.06896551724138,26.24090578947368
9224,2022-03-04 08:00:00,Asia/Bangkok,86.96145745614037,17.86206896551724,16.72413793103448,26.21696570175439
9225,2022-03-04 09:00:00,Asia/Bangkok,84.27378491228068,22.32758620689655,20.21551724137931,27.89119385964914
9226,2022-03-04 10:00:00,Asia/Bangkok,77.46164842105259,87.15384615384616,74.47413793103448,29.28978824561401
9227,2022-03-04 11:00:00,Asia/Bangkok,74.8268725217391,20.14655172413793,17.99137931034483,29.98167130434783
9228,2022-03-04 12:00:00,Asia/Bangkok,74.65720617391311,18.87179487179487,17.13675213675214,30.28773869565217
9229,2022-03-04 13:00:00,Asia/Bangkok,78.66147265486725,15.5,14.52586206896552,29.18540544642857
9230,2022-03-04 14:00:00,Asia/Bangkok,78.15348133928566,15.60869565217391,14.5948275862069,29.74369669642856
9231,2022-03-04 15:00:00,Asia/Bangkok,74.79056973913046,11.38793103448276,10.11206896551724,30.31248991304347
9232,2022-03-04 16:00:00,Asia/Bangkok,76.49070731481481,10.76363636363636,9.5,29.79163296296298
9233,2022-03-04 17:00:00,Asia/Bangkok,73.64557915966388,8.80327868852459,7.745901639344262,29.82236705882354
9234,2022-03-04 18:00:00,Asia/Bangkok,75.43968096491226,8.28448275862069,7.370689655172414,29.13537894736839
9235,2022-03-04 19:00:00,Asia/Bangkok,78.45137432432432,11.27826086956522,10.32173913043478,28.89552945945947
9236,2022-03-04 20:00:00,Asia/Bangkok,80.6264288495575,24.87931034482759,22.73275862068965,28.57921061946902
9237,2022-03-04 21:00:00,Asia/Bangkok,83.6314746086956,24.14655172413793,22.14655172413793,27.9523167826087
9238,2022-03-04 22:00:00,Asia/Bangkok,84.3941054054054,28.33043478260869,26.31304347826087,27.93755576576578
9239,2022-03-04 23:00:00,Asia/Bangkok,84.67421072072071,28.31623931623932,26.41025641025641,27.6172363063063
9240,2022-03-05 00:00:00,Asia/Bangkok,84.87424530973453,25.23684210526316,23.74561403508772,27.33750725663716
9241,2022-03-05 01:00:00,Asia/Bangkok,85.61145814159293,22.8448275862069,21.5,26.92705752212391
9242,2022-03-05 02:00:00,Asia/Bangkok,86.00229491379314,20.11206896551724,18.89655172413793,26.71113301724138
9243,2022-03-05 03:00:00,Asia/Bangkok,86.5566453846154,20.98290598290598,19.53846153846154,26.3687158974359
9244,2022-03-05 04:00:00,Asia/Bangkok,86.45579280373833,19.45535714285714,18.31531531531532,26.15565168224298
9245,2022-03-05 05:00:00,Asia/Bangkok,86.39480495652177,17.93103448275862,16.97435897435897,25.93329173913044
9246,2022-03-05 06:00:00,Asia/Bangkok,87.14074761061943,21.54385964912281,20.5,25.66982589285716
9247,2022-03-05 07:00:00,Asia/Bangkok,88.4252362608696,39.8974358974359,35.8974358974359,25.25760573913045
9248,2022-03-05 08:00:00,Asia/Bangkok,88.4893507964602,23.20689655172414,21.32758620689655,25.37056247787614
9249,2022-03-05 09:00:00,Asia/Bangkok,86.58132051282053,15.82051282051282,14.58974358974359,26.83652017241378
9250,2022-03-05 10:00:00,Asia/Bangkok,75.5316008695652,14.01739130434783,12.88695652173913,29.78065530434783
9251,2022-03-05 11:00:00,Asia/Bangkok,69.8934954385965,15.06837606837607,14.05982905982906,30.9479456140351
9252,2022-03-05 12:00:00,Asia/Bangkok,66.57549097345135,16.75,15.78448275862069,31.72951026315789
9253,2022-03-05 13:00:00,Asia/Bangkok,64.38746456140353,18.00854700854701,17.1965811965812,32.36840424778762
9254,2022-03-05 14:00:00,Asia/Bangkok,66.38530690265485,19.11206896551724,18.19827586206896,31.39952433628317
9255,2022-03-05 15:00:00,Asia/Bangkok,61.35287280701754,17.92241379310345,17.11206896551724,32.55386736842106
9256,2022-03-05 16:00:00,Asia/Bangkok,62.61090124999997,17.53448275862069,16.74137931034483,32.81557171171173
9257,2022-03-05 17:00:00,Asia/Bangkok,68.49497247863249,23.1965811965812,22.22222222222222,31.60415623931622
9258,2022-03-05 18:00:00,Asia/Bangkok,67.4977436283186,28.14655172413793,25.71551724137931,31.23181469026549
9259,2022-03-05 19:00:00,Asia/Bangkok,71.06653252173913,37.4051724137931,33.1551724137931,30.38895408695652
9260,2022-03-05 20:00:00,Asia/Bangkok,75.25682719298246,67.86324786324786,58.27350427350427,29.53880159292032
9261,2022-03-05 21:00:00,Asia/Bangkok,78.8526146551724,63.53448275862069,52.8448275862069,28.95832577586208
9262,2022-03-05 22:00:00,Asia/Bangkok,80.29713123893805,50.41739130434782,41.95652173913044,28.45105752212389
9263,2022-03-05 23:00:00,Asia/Bangkok,82.7466107079646,37.42241379310344,32.96551724137931,27.96754123893806
9264,2022-03-06 00:00:00,Asia/Bangkok,84.05002561403512,42.00854700854701,35.74358974358974,27.67691228070174
9265,2022-03-06 01:00:00,Asia/Bangkok,84.44962828828831,39.54700854700855,34.41025641025641,27.35287297297296
9266,2022-03-06 02:00:00,Asia/Bangkok,85.6065018584071,39.76724137931034,34.44827586206897,26.70114362831856
9267,2022-03-06 03:00:00,Asia/Bangkok,86.27988083333332,44.00869565217391,37.10434782608696,26.30816102803739
9268,2022-03-06 04:00:00,Asia/Bangkok,86.3733230630631,40.63063063063063,34.87272727272727,26.15213585585586
9269,2022-03-06 05:00:00,Asia/Bangkok,86.36429000000003,35.16379310344828,31.71551724137931,25.99409870689655
9270,2022-03-06 06:00:00,Asia/Bangkok,86.8975628318584,30.53982300884956,28.80530973451327,25.75161831858407
9271,2022-03-06 07:00:00,Asia/Bangkok,87.34335026315786,28.97391304347826,27.66956521739131,25.61255460869563
9272,2022-03-06 08:00:00,Asia/Bangkok,88.96151433628317,29.54310344827586,27.93103448275862,25.95433366071429
9273,2022-03-06 09:00:00,Asia/Bangkok,88.20945072727268,29.57758620689655,27.30172413793104,27.3068739090909
9274,2022-03-06 10:00:00,Asia/Bangkok,78.0167557894737,17.3448275862069,16.56896551724138,29.99480210526316
9275,2022-03-06 11:00:00,Asia/Bangkok,83.62740587155965,19.15652173913044,18.1304347826087,29.57319532110092
9276,2022-03-06 12:00:00,Asia/Bangkok,78.08228160714289,16.12173913043478,15.35652173913043,30.1235975
9277,2022-03-06 13:00:00,Asia/Bangkok,81.45148087719296,14.85217391304348,13.99130434782609,28.46643859649123
9278,2022-03-06 14:00:00,Asia/Bangkok,85.05321799999997,11.06896551724138,10.51724137931035,28.05487930434783
9279,2022-03-06 15:00:00,Asia/Bangkok,80.14273859649126,12.81739130434783,12.34782608695652,29.47373842105264
9280,2022-03-06 16:00:00,Asia/Bangkok,80.29621219298241,10.84615384615385,10.3448275862069,29.13207824561404
9281,2022-03-06 17:00:00,Asia/Bangkok,80.18760469026549,8.448275862068966,8.042735042735043,29.09191097345134
9282,2022-03-06 18:00:00,Asia/Bangkok,83.50946868421052,12.10526315789474,11.40350877192983,28.53005754385964
9283,2022-03-06 19:00:00,Asia/Bangkok,85.12799839285715,15.5,14.49565217391304,28.25188544642856
9284,2022-03-06 20:00:00,Asia/Bangkok,86.81114991071433,43.2,36.47413793103448,28.02128633928573
9285,2022-03-06 21:00:00,Asia/Bangkok,87.6601090434783,23.26724137931035,21.5,27.61882843478261
9286,2022-03-06 22:00:00,Asia/Bangkok,88.97247920353985,29.56034482758621,27.31896551724138,27.31427893805305
9287,2022-03-06 23:00:00,Asia/Bangkok,89.38848129310342,27.83620689655172,26.07758620689655,27.24926784482757
9288,2022-03-07 00:00:00,Asia/Bangkok,89.03820410256407,29.07692307692308,27.30769230769231,27.06357008547007
9289,2022-03-07 01:00:00,Asia/Bangkok,88.86961192982454,34.94827586206897,31.72413793103448,26.68842447368419
9290,2022-03-07 02:00:00,Asia/Bangkok,88.99124500000003,33.63793103448276,31.0948275862069,26.25074552631578
9291,2022-03-07 03:00:00,Asia/Bangkok,90.27400412280699,30.19469026548673,28.1858407079646,25.74556456140349
9292,2022-03-07 04:00:00,Asia/Bangkok,90.18657381818186,26.84684684684685,25.63963963963964,25.73434536363635
9293,2022-03-07 05:00:00,Asia/Bangkok,90.08744315789474,23.52586206896552,22.54310344827586,25.66039526315791
9294,2022-03-07 06:00:00,Asia/Bangkok,90.21331692982453,22.08620689655172,21.11206896551724,25.47325728070176
9295,2022-03-07 07:00:00,Asia/Bangkok,90.30511716814165,22.0,20.73504273504274,25.25301991150444
9296,2022-03-07 08:00:00,Asia/Bangkok,91.36479654545451,23.74137931034483,22.69827586206896,25.35865669724773
9297,2022-03-07 09:00:00,Asia/Bangkok,92.03578946902657,28.31896551724138,26.87931034482759,25.70153580357144
9298,2022-03-07 10:00:00,Asia/Bangkok,90.13484219298245,23.81034482758621,22.62931034482759,27.22561274336285
9299,2022-03-07 11:00:00,Asia/Bangkok,80.73459025862067,20.68376068376068,19.82905982905983,29.68601258620689
9300,2022-03-07 12:00:00,Asia/Bangkok,72.68929617391304,16.18103448275862,15.50434782608696,30.90274947826087
9301,2022-03-07 13:00:00,Asia/Bangkok,69.31812826086957,11.8448275862069,11.33333333333333,31.48801556521741
9302,2022-03-07 14:00:00,Asia/Bangkok,65.11402716814155,10.29310344827586,9.818965517241379,32.13939451327434
9303,2022-03-07 15:00:00,Asia/Bangkok,65.02889192982458,9.801724137931034,9.318965517241379,32.1080828318584
9304,2022-03-07 16:00:00,Asia/Bangkok,65.06800350877195,11.69827586206897,11.22413793103448,31.8065723893805
9305,2022-03-07 17:00:00,Asia/Bangkok,67.71085716814157,15.82051282051282,15.27350427350427,31.16633168141592
9306,2022-03-07 18:00:00,Asia/Bangkok,70.67679096491226,38.21367521367522,36.60683760683761,30.21749263157893
9307,2022-03-07 19:00:00,Asia/Bangkok,75.89477794642856,62.55652173913043,58.28695652173913,29.34729419642856
9308,2022-03-07 20:00:00,Asia/Bangkok,80.43814453703702,49.01709401709402,42.47008547008547,28.72038703703707
9309,2022-03-07 21:00:00,Asia/Bangkok,83.00626620370366,53.69724770642202,44.53703703703704,28.3466624074074
9310,2022-03-07 22:00:00,Asia/Bangkok,85.12568322314048,52.79508196721311,43.8099173553719,27.91931033057853
9311,2022-03-07 23:00:00,Asia/Bangkok,85.47612780701753,49.06034482758621,41.0940170940171,27.97835412280702
9312,2022-03-08 00:00:00,Asia/Bangkok,86.48495139130436,48.98230088495576,41.11504424778761,27.56779113043478
9313,2022-03-08 01:00:00,Asia/Bangkok,87.18352139130438,47.56034482758621,40.10344827586207,27.27456147826087
9314,2022-03-08 02:00:00,Asia/Bangkok,87.78182391304347,49.89655172413793,41.8448275862069,27.19059556521742
9315,2022-03-08 03:00:00,Asia/Bangkok,87.6031292982456,48.51724137931034,40.82758620689656,27.05929192982456
9316,2022-03-08 04:00:00,Asia/Bangkok,87.7867076146789,46.56756756756756,39.36936936936937,26.60229743119266
9317,2022-03-08 05:00:00,Asia/Bangkok,89.05543857142858,44.7304347826087,37.98260869565217,26.21027642857143
9318,2022-03-08 06:00:00,Asia/Bangkok,89.82086701754385,40.32478632478632,35.00854700854701,26.04294999999998
9319,2022-03-08 07:00:00,Asia/Bangkok,90.25350443478263,15.98290598290598,14.7008547008547,25.43742304347828
9320,2022-03-08 08:00:00,Asia/Bangkok,90.93890078260867,6.982905982905983,6.461538461538462,25.2346404347826
9321,2022-03-08 09:00:00,Asia/Bangkok,89.3504475438596,6.495652173913044,5.973913043478261,26.05389140350878
9322,2022-03-08 10:00:00,Asia/Bangkok,90.30409799999998,2.78448275862069,2.46551724137931,25.94253391304349
9323,2022-03-08 11:00:00,Asia/Bangkok,89.8226305217391,1.353448275862069,1.129310344827586,26.16129130434782
9324,2022-03-08 12:00:00,Asia/Bangkok,91.12835131578949,3.974358974358974,3.555555555555555,26.07492333333332
9325,2022-03-08 13:00:00,Asia/Bangkok,90.32180991150439,2.517241379310345,2.104347826086956,25.88480168141594
9326,2022-03-08 14:00:00,Asia/Bangkok,91.14034464912281,1.594827586206897,1.307692307692308,25.41305903508773
9327,2022-03-08 15:00:00,Asia/Bangkok,91.66656176991151,1.051282051282051,0.853448275862069,25.17049946902655
9328,2022-03-08 16:00:00,Asia/Bangkok,91.63947146788989,1.660869565217391,1.336206896551724,25.65346657407409
9329,2022-03-08 17:00:00,Asia/Bangkok,90.76364575221237,2.298245614035088,1.929203539823009,26.16745318584071
9330,2022-03-08 18:00:00,Asia/Bangkok,90.97857973214286,3.930434782608696,3.293103448275862,26.13188660714286
9331,2022-03-08 19:00:00,Asia/Bangkok,92.07313807017547,5.615384615384615,4.888888888888889,25.77327429824562
9332,2022-03-08 20:00:00,Asia/Bangkok,91.41373610619475,8.836206896551724,8.086206896551724,25.88097415929204
9333,2022-03-08 21:00:00,Asia/Bangkok,91.53294705357143,7.96551724137931,7.353448275862069,25.51563812499998
9334,2022-03-08 22:00:00,Asia/Bangkok,91.53120330357142,7.387931034482759,6.637931034482759,25.42129321428573
9335,2022-03-08 23:00:00,Asia/Bangkok,91.54942123893805,7.192982456140351,6.464912280701754,25.44930212389381
9336,2022-03-09 00:00:00,Asia/Bangkok,91.82197495726497,6.369747899159663,5.722689075630252,25.40242145299145
9337,2022-03-09 01:00:00,Asia/Bangkok,92.3118321978022,6.290322580645161,5.521739130434782,25.24176791208793
9338,2022-03-09 02:00:00,Asia/Bangkok,92.05953850877192,5.382608695652173,4.663793103448276,25.24167716814159
9339,2022-03-09 03:00:00,Asia/Bangkok,91.67227110091744,4.491379310344827,3.75,25.2204853211009
9340,2022-03-09 04:00:00,Asia/Bangkok,91.45202411214956,5.163636363636364,4.390909090909091,25.09069055555555
9341,2022-03-09 05:00:00,Asia/Bangkok,91.65700094827588,5.655172413793103,4.870689655172414,24.9447047413793
9342,2022-03-09 06:00:00,Asia/Bangkok,92.02146808695655,6.572649572649572,5.794871794871795,24.72065617391302
9343,2022-03-09 07:00:00,Asia/Bangkok,91.64721415929206,7.605263157894737,6.982456140350878,24.62775840707967
9344,2022-03-09 08:00:00,Asia/Bangkok,92.1442774336283,8.955752212389381,8.221238938053098,24.78752840707964
9345,2022-03-09 09:00:00,Asia/Bangkok,92.75114853448285,10.57758620689655,9.576271186440678,25.78334222222223
9346,2022-03-09 10:00:00,Asia/Bangkok,84.38343921739133,11.01724137931035,9.525862068965518,28.27663473684211
9347,2022-03-09 11:00:00,Asia/Bangkok,75.05253446428573,11.72173913043478,10.37931034482759,29.78882982142857
9348,2022-03-09 12:00:00,Asia/Bangkok,71.21174547826087,11.2051282051282,9.82905982905983,30.69620634782608
9349,2022-03-09 13:00:00,Asia/Bangkok,69.94144357142856,11.99130434782609,10.87826086956522,30.86838142857142
9350,2022-03-09 14:00:00,Asia/Bangkok,68.35305703703703,11.82905982905983,10.54700854700855,31.29965148148147
9351,2022-03-09 15:00:00,Asia/Bangkok,68.13454504347831,11.52991452991453,10.21367521367521,31.14637713043478
9352,2022-03-09 16:00:00,Asia/Bangkok,69.78032482142858,14.6551724137931,13.19827586206897,30.89531495495492
9353,2022-03-09 17:00:00,Asia/Bangkok,69.72504000000004,13.31034482758621,11.79310344827586,30.59949495652174
9354,2022-03-09 18:00:00,Asia/Bangkok,72.41149463636359,15.33333333333333,13.7948717948718,29.75456754545454
9355,2022-03-09 19:00:00,Asia/Bangkok,76.84366442477877,25.56896551724138,22.72413793103448,28.72298238938056
9356,2022-03-09 20:00:00,Asia/Bangkok,79.86674208695652,36.46153846153846,31.58974358974359,28.45596156521736
9357,2022-03-09 21:00:00,Asia/Bangkok,82.37576210526315,53.06896551724138,44.10344827586207,27.93424728070175
9358,2022-03-09 22:00:00,Asia/Bangkok,84.63301578947366,36.5948275862069,32.07758620689656,27.36735513274337
9359,2022-03-09 23:00:00,Asia/Bangkok,85.71652421052629,33.12931034482759,30.05172413793104,27.12124956140351
9360,2022-03-10 00:00:00,Asia/Bangkok,86.09472880341882,32.94017094017094,30.17094017094017,26.81060042735044
9361,2022-03-10 01:00:00,Asia/Bangkok,86.36819778761058,31.55172413793104,29.07758620689655,26.41676530973452
9362,2022-03-10 02:00:00,Asia/Bangkok,86.52702707964602,27.53448275862069,25.60344827586207,26.14285265486726
9363,2022-03-10 03:00:00,Asia/Bangkok,87.54439660550459,25.57758620689655,23.70434782608696,25.5939433027523
9364,2022-03-10 04:00:00,Asia/Bangkok,88.64622311926608,23.47272727272727,21.84684684684685,25.08807165137613
9365,2022-03-10 05:00:00,Asia/Bangkok,88.57296345132747,21.17241379310345,19.73275862068965,24.95968300884954
9366,2022-03-10 06:00:00,Asia/Bangkok,88.45184026086959,22.2719298245614,20.96491228070175,24.86970591304352
9367,2022-03-10 07:00:00,Asia/Bangkok,88.93478605263165,27.68103448275862,25.24137931034483,24.6962111403509
9368,2022-03-10 08:00:00,Asia/Bangkok,90.75240817391301,31.63793103448276,28.70689655172414,24.99586486956521
9369,2022-03-10 09:00:00,Asia/Bangkok,87.38642782608694,28.32758620689655,25.04310344827586,26.91968799999999
9370,2022-03-10 10:00:00,Asia/Bangkok,78.03986371681414,14.5948275862069,12.92241379310345,29.04025557522126
9371,2022-03-10 11:00:00,Asia/Bangkok,71.96379026086957,13.05128205128205,11.91452991452991,30.55405130434783
9372,2022-03-10 12:00:00,Asia/Bangkok,65.36509991071425,13.94827586206897,12.70689655172414,32.03712625000001
9373,2022-03-10 13:00:00,Asia/Bangkok,62.208596146789,16.60344827586207,15.24137931034483,32.76213155963305
9374,2022-03-10 14:00:00,Asia/Bangkok,60.17543718181817,18.96551724137931,17.5948275862069,33.40141917431192
9375,2022-03-10 15:00:00,Asia/Bangkok,60.35809634782608,23.27350427350427,21.84615384615385,33.37628860869565
9376,2022-03-10 16:00:00,Asia/Bangkok,62.14666981981983,22.2,20.86086956521739,32.74662315315315
9377,2022-03-10 17:00:00,Asia/Bangkok,65.34139268518521,29.34513274336283,25.61061946902655,32.09241694444444
9378,2022-03-10 18:00:00,Asia/Bangkok,69.75071840707965,35.22608695652174,30.8,30.8036861061947
9379,2022-03-10 19:00:00,Asia/Bangkok,75.22248043859649,29.72649572649573,26.55555555555556,29.26767815789476
9380,2022-03-10 20:00:00,Asia/Bangkok,78.3784036521739,26.89655172413793,24.68103448275862,28.91837252173911
9381,2022-03-10 21:00:00,Asia/Bangkok,80.71571330434783,46.81034482758621,38.63793103448276,28.62140817391304
9382,2022-03-10 22:00:00,Asia/Bangkok,82.12831408695651,30.31304347826087,27.41739130434783,28.27013052173914
9383,2022-03-10 23:00:00,Asia/Bangkok,83.17015589285714,28.52212389380531,26.6283185840708,27.87060535714284
9384,2022-03-11 00:00:00,Asia/Bangkok,82.97004278260869,29.60344827586207,27.62068965517241,27.64281530434783
9385,2022-03-11 01:00:00,Asia/Bangkok,84.06744787610619,32.8034188034188,30.05982905982906,27.24217946902656
9386,2022-03-11 02:00:00,Asia/Bangkok,85.60921678571428,32.03448275862069,29.47413793103448,26.70501035714285
9387,2022-03-11 03:00:00,Asia/Bangkok,86.12932053097344,30.72413793103448,28.73275862068965,26.37796159292035
9388,2022-03-11 04:00:00,Asia/Bangkok,86.21340376146789,29.90990990990991,28.15315315315315,26.17641284403669
9389,2022-03-11 05:00:00,Asia/Bangkok,86.6712717699115,29.05128205128205,27.37068965517241,25.83839035398231
9390,2022-03-11 06:00:00,Asia/Bangkok,87.41084805309734,29.93965517241379,28.18803418803419,25.39591823008847
9391,2022-03-11 07:00:00,Asia/Bangkok,87.44791433628316,34.37391304347826,31.38260869565217,25.47231725663719
9392,2022-03-11 08:00:00,Asia/Bangkok,88.98864137931038,69.5603448275862,61.02586206896552,25.39944586206897
9393,2022-03-11 09:00:00,Asia/Bangkok,87.04179921739131,42.13913043478261,36.16521739130435,27.05453736842105
9394,2022-03-11 10:00:00,Asia/Bangkok,78.80275214285716,24.56034482758621,22.75,28.94174396396398
9395,2022-03-11 11:00:00,Asia/Bangkok,76.0736257017544,31.44444444444444,29.05982905982906,29.56331096491229
9396,2022-03-11 12:00:00,Asia/Bangkok,72.47869178571428,37.19130434782609,32.88695652173913,30.51549044642857
9397,2022-03-11 13:00:00,Asia/Bangkok,64.21787991071427,46.24786324786325,39.87179487179487,32.58106258928572
9398,2022-03-11 14:00:00,Asia/Bangkok,61.1888807079646,41.41739130434782,35.66666666666666,33.30835612612613
9399,2022-03-11 15:00:00,Asia/Bangkok,59.36509252173914,42.50427350427351,36.42372881355932,33.91346486956521
9400,2022-03-11 16:00:00,Asia/Bangkok,60.7365252727273,42.3448275862069,36.18965517241379,33.46572697247706
9401,2022-03-11 17:00:00,Asia/Bangkok,62.87160191304345,62.8974358974359,55.1965811965812,32.94569147826087
9402,2022-03-11 18:00:00,Asia/Bangkok,68.80571197916666,147.0714285714286,134.4387755102041,31.69512458333331
9403,2022-03-11 19:00:00,Asia/Bangkok,74.67523078947372,100.8547008547009,93.1880341880342,30.19669421052631
9404,2022-03-11 20:00:00,Asia/Bangkok,78.9265528448276,61.49137931034483,51.68103448275862,29.02538224137934
9405,2022-03-11 21:00:00,Asia/Bangkok,81.64005648648647,71.64347826086957,60.82608695652174,28.60181693693696
9406,2022-03-11 22:00:00,Asia/Bangkok,82.13072663716814,60.07758620689656,48.8448275862069,28.58403168141594
9407,2022-03-11 23:00:00,Asia/Bangkok,83.51911947368423,58.64102564102564,47.52991452991453,28.13590289473683
9408,2022-03-12 00:00:00,Asia/Bangkok,84.3792876521739,56.72649572649573,46.55555555555556,27.72893756521738
9409,2022-03-12 01:00:00,Asia/Bangkok,85.82572972972974,63.50862068965517,51.3448275862069,27.29335675675673
9410,2022-03-12 02:00:00,Asia/Bangkok,86.2378615044248,62.99137931034483,50.80172413793103,26.94806530973453
9411,2022-03-12 03:00:00,Asia/Bangkok,86.10801203539826,61.8034188034188,50.0,26.72886238938055
9412,2022-03-12 04:00:00,Asia/Bangkok,86.09563556603767,57.94495412844037,47.28181818181818,26.48939532710279
9413,2022-03-12 05:00:00,Asia/Bangkok,86.09514399999999,57.66086956521739,47.10434782608696,26.25517121739131
9414,2022-03-12 06:00:00,Asia/Bangkok,87.11196530434785,56.45689655172414,46.37068965517241,25.91364713043479
9415,2022-03-12 07:00:00,Asia/Bangkok,87.3669752173913,55.72649572649573,45.74358974358974,25.71647245614034
9416,2022-03-12 08:00:00,Asia/Bangkok,88.38561026315787,59.55172413793103,48.85344827586207,25.9289947368421
9417,2022-03-12 09:00:00,Asia/Bangkok,88.25345672566372,53.08620689655172,43.85344827586207,27.23553849557521
9418,2022-03-12 10:00:00,Asia/Bangkok,79.83280446428567,45.43362831858407,38.2212389380531,29.25309464285715
9419,2022-03-12 11:00:00,Asia/Bangkok,71.62933852173911,37.97413793103448,33.64655172413793,30.99883443478262
9420,2022-03-12 12:00:00,Asia/Bangkok,67.78496739130433,33.94827586206897,31.12068965517241,32.4185644827586
9421,2022-03-12 13:00:00,Asia/Bangkok,64.28578560344828,37.31623931623932,33.08547008547009,33.33528165217393
9422,2022-03-12 14:00:00,Asia/Bangkok,63.33376982142858,37.91452991452991,33.85470085470085,33.52004374999999
9423,2022-03-12 15:00:00,Asia/Bangkok,64.20116102564104,34.41379310344828,31.43103448275862,33.04348777777777
9424,2022-03-12 16:00:00,Asia/Bangkok,64.88777280701754,38.99137931034483,34.37068965517241,32.76053754385966
9425,2022-03-12 17:00:00,Asia/Bangkok,67.32765810344827,35.56896551724138,32.05172413793103,31.99840172413791
9426,2022-03-12 18:00:00,Asia/Bangkok,71.10229191304352,44.12820512820513,37.41880341880342,31.01016547826086
9427,2022-03-12 19:00:00,Asia/Bangkok,76.17254263157889,43.87068965517241,37.00862068965517,29.70511893805309
9428,2022-03-12 20:00:00,Asia/Bangkok,78.89809761061952,48.69230769230769,40.64957264957265,29.29584911504425
9429,2022-03-12 21:00:00,Asia/Bangkok,80.61545044247791,57.14782608695652,47.56521739130435,29.0638161061947
9430,2022-03-12 22:00:00,Asia/Bangkok,82.79075196428573,49.47008547008547,41.2051282051282,28.57867324324323
9431,2022-03-12 23:00:00,Asia/Bangkok,82.9148301801802,54.37068965517241,44.75862068965517,28.43798801801802
9432,2022-03-13 00:00:00,Asia/Bangkok,83.91068692982458,54.23076923076923,44.62393162393163,28.06382710526316
9433,2022-03-13 01:00:00,Asia/Bangkok,84.79176973214284,53.43478260869565,44.24347826086957,27.63473392857145
9434,2022-03-13 02:00:00,Asia/Bangkok,84.99732982142856,53.96581196581197,44.58119658119658,27.30673714285711
9435,2022-03-13 03:00:00,Asia/Bangkok,85.6894495535714,54.0940170940171,44.60683760683761,27.03543348214285
9436,2022-03-13 04:00:00,Asia/Bangkok,86.85715346153845,55.07339449541284,45.3,26.42069115384617
9437,2022-03-13 05:00:00,Asia/Bangkok,87.2860572972973,55.64655172413793,45.64655172413793,26.17217612612615
9438,2022-03-13 06:00:00,Asia/Bangkok,86.84764429824558,54.9051724137931,45.13793103448276,26.29588464912283
9439,2022-03-13 07:00:00,Asia/Bangkok,87.53495955752209,53.7948717948718,44.5,26.02349141592921
9440,2022-03-13 08:00:00,Asia/Bangkok,89.10493859649124,61.0,51.17094017094017,26.14369640350879
9441,2022-03-13 09:00:00,Asia/Bangkok,88.7832417699115,65.84347826086956,57.38260869565217,27.30119245614035
9442,2022-03-13 10:00:00,Asia/Bangkok,79.89800269565215,42.79310344827586,36.51724137931034,29.6723323478261
9443,2022-03-13 11:00:00,Asia/Bangkok,71.61053622807017,37.51724137931034,33.14655172413793,31.32700053097344
9444,2022-03-13 12:00:00,Asia/Bangkok,65.9662505357143,39.06837606837607,34.4017094017094,32.94115339285714
9445,2022-03-13 13:00:00,Asia/Bangkok,62.82464631578945,42.78448275862069,36.41379310344828,33.4384748245614
9446,2022-03-13 14:00:00,Asia/Bangkok,60.74553964285714,47.15652173913043,41.50434782608696,34.12540423423424
9447,2022-03-13 15:00:00,Asia/Bangkok,60.45258767241377,35.29310344827586,32.06034482758621,33.52573913793103
9448,2022-03-13 16:00:00,Asia/Bangkok,59.57849365217391,35.31034482758621,31.99137931034483,33.39855721739131
9449,2022-03-13 17:00:00,Asia/Bangkok,61.41912860869564,33.78448275862069,30.87068965517241,32.92857843478261
9450,2022-03-13 18:00:00,Asia/Bangkok,66.05842017543858,48.35344827586207,41.87068965517241,31.62796500000001
9451,2022-03-13 19:00:00,Asia/Bangkok,71.24533692982456,54.18965517241379,44.68965517241379,30.3990053508772
9452,2022-03-13 20:00:00,Asia/Bangkok,74.21891141592921,56.19827586206897,46.00862068965517,30.43507815789473
9453,2022-03-13 21:00:00,Asia/Bangkok,75.9232586842105,75.29310344827586,65.87931034482759,30.31123407079647
9454,2022-03-13 22:00:00,Asia/Bangkok,77.43264867256636,40.66379310344828,34.97413793103448,30.14893601769911
9455,2022-03-13 23:00:00,Asia/Bangkok,79.65957584070796,53.1551724137931,43.50862068965517,29.60551442477878
9456,2022-03-14 00:00:00,Asia/Bangkok,84.1460100877193,45.18103448275862,37.93103448275862,28.65112973913043
9457,2022-03-14 01:00:00,Asia/Bangkok,88.82710689655174,15.98275862068965,14.97413793103448,27.0975560869565
9458,2022-03-14 02:00:00,Asia/Bangkok,88.40637043859648,16.29310344827586,15.27586206896552,26.9693451754386
9459,2022-03-14 03:00:00,Asia/Bangkok,89.20749155172416,17.54310344827586,16.66379310344828,27.00219769230766
9460,2022-03-14 04:00:00,Asia/Bangkok,89.2998832142857,16.43243243243243,15.66666666666667,26.95622431192662
9461,2022-03-14 05:00:00,Asia/Bangkok,88.57592482758618,17.35042735042735,16.58974358974359,26.94241189655174
9462,2022-03-14 06:00:00,Asia/Bangkok,89.34118860869566,26.36206896551724,24.50862068965517,26.89737513043479
9463,2022-03-14 07:00:00,Asia/Bangkok,90.89956090909087,45.73275862068966,39.76724137931034,26.65708481818183
9464,2022-03-14 08:00:00,Asia/Bangkok,92.03862584070795,32.59130434782609,30.00869565217391,26.94876892857143
9465,2022-03-14 09:00:00,Asia/Bangkok,89.70708909909912,18.92173913043478,17.72173913043478,28.05459243243245
9466,2022-03-14 10:00:00,Asia/Bangkok,81.9646905172414,3.482758620689655,2.810344827586207,29.56802747826087
9467,2022-03-14 11:00:00,Asia/Bangkok,78.79815043859651,2.47008547008547,1.854700854700855,29.72560911504425
9468,2022-03-14 12:00:00,Asia/Bangkok,75.18719526785712,4.448275862068965,3.698275862068965,30.74876455357139
9469,2022-03-14 13:00:00,Asia/Bangkok,70.10736192982458,5.147826086956521,4.234782608695652,31.85021210526316
9470,2022-03-14 14:00:00,Asia/Bangkok,70.38745956140353,4.827586206896552,4.077586206896552,31.65223254385965
9471,2022-03-14 15:00:00,Asia/Bangkok,71.55775535714285,4.956896551724138,4.0,31.37357392857144
9472,2022-03-14 16:00:00,Asia/Bangkok,75.43411652173916,6.401709401709402,5.273504273504273,30.15439000000001
9473,2022-03-14 17:00:00,Asia/Bangkok,76.3669209649123,6.551724137931035,5.413793103448276,29.72481964912281
9474,2022-03-14 18:00:00,Asia/Bangkok,77.28377491379311,6.732758620689655,5.75,29.74261982758621
9475,2022-03-14 19:00:00,Asia/Bangkok,78.94947565217392,9.307692307692308,8.222222222222221,29.14706495652173
9476,2022-03-14 20:00:00,Asia/Bangkok,81.30660991304345,19.48275862068965,17.1551724137931,28.80993339130436
9477,2022-03-14 21:00:00,Asia/Bangkok,84.11987043478263,32.89655172413793,29.24137931034483,28.22763704347827
9478,2022-03-14 22:00:00,Asia/Bangkok,85.89372875000002,26.75652173913043,24.79130434782609,27.89699812500001
9479,2022-03-14 23:00:00,Asia/Bangkok,86.63410831858407,23.75213675213675,22.04273504273504,27.71783230088494
9480,2022-03-15 00:00:00,Asia/Bangkok,86.30531176991147,20.16521739130435,18.40869565217391,27.54317097345131
9481,2022-03-15 01:00:00,Asia/Bangkok,86.78815628318578,22.71551724137931,21.12068965517241,27.05681486725667
9482,2022-03-15 02:00:00,Asia/Bangkok,87.37394113043479,22.51724137931035,21.06896551724138,26.65893008695654
9483,2022-03-15 03:00:00,Asia/Bangkok,88.22380901785719,21.47826086956522,19.77391304347826,26.23633669642857
9484,2022-03-15 04:00:00,Asia/Bangkok,88.33646706422014,19.12727272727273,17.47272727272727,26.04867853211007
9485,2022-03-15 05:00:00,Asia/Bangkok,88.3355457522124,16.5948275862069,15.23275862068965,25.74288468468468
9486,2022-03-15 06:00:00,Asia/Bangkok,89.21411283185843,15.51282051282051,13.95726495726496,25.71421017699116
9487,2022-03-15 07:00:00,Asia/Bangkok,89.48199620689662,13.80172413793103,12.68965517241379,25.8392753043478
9488,2022-03-15 08:00:00,Asia/Bangkok,90.54926947368429,50.0940170940171,44.0940170940171,25.94754666666667
9489,2022-03-15 09:00:00,Asia/Bangkok,86.10117787610619,24.65217391304348,21.89565217391304,27.74221710526315
9490,2022-03-15 10:00:00,Asia/Bangkok,76.80227370689654,9.956140350877194,9.0,29.58056643478261
9491,2022-03-15 11:00:00,Asia/Bangkok,70.13709508620693,16.72413793103448,14.86206896551724,31.07265139130432
9492,2022-03-15 12:00:00,Asia/Bangkok,64.37461336283185,5.043103448275862,4.551724137931035,32.55409723214284
9493,2022-03-15 13:00:00,Asia/Bangkok,62.54641991150443,4.367521367521367,3.854700854700855,33.05957415929204
9494,2022-03-15 14:00:00,Asia/Bangkok,60.16343104347825,5.060344827586207,4.474137931034483,33.53353669565215
9495,2022-03-15 15:00:00,Asia/Bangkok,59.40985418803418,4.53448275862069,3.982758620689655,33.75274051724138
9496,2022-03-15 16:00:00,Asia/Bangkok,61.51039892857144,5.612068965517241,5.051724137931035,32.8992869642857
9497,2022-03-15 17:00:00,Asia/Bangkok,62.66286294642858,5.353448275862069,4.896551724137931,32.30866714285713
9498,2022-03-15 18:00:00,Asia/Bangkok,65.4771633944954,37.60526315789474,28.87610619469027,31.3375
9499,2022-03-15 19:00:00,Asia/Bangkok,71.96198903508773,19.94017094017094,18.14529914529914,29.90295868421052
9500,2022-03-15 20:00:00,Asia/Bangkok,77.10082699999998,18.46086956521739,17.01739130434783,28.94677119266055
9501,2022-03-15 21:00:00,Asia/Bangkok,80.37282754385963,22.38260869565217,20.58260869565217,28.23997342105261
9502,2022-03-15 22:00:00,Asia/Bangkok,81.78821094827588,24.23275862068965,22.72413793103448,28.05124172413795
9503,2022-03-15 23:00:00,Asia/Bangkok,83.09561368421053,23.64655172413793,22.14655172413793,27.5257342982456
9504,2022-03-16 00:00:00,Asia/Bangkok,85.0822813274336,25.29310344827586,23.61206896551724,26.75806973451326
9505,2022-03-16 01:00:00,Asia/Bangkok,85.78533523809523,24.52586206896552,23.06896551724138,26.46903780952379
9506,2022-03-16 02:00:00,Asia/Bangkok,84.47096181034482,28.36752136752137,26.76068376068376,26.51241939655173
9507,2022-03-16 03:00:00,Asia/Bangkok,84.9577898245614,35.12068965517241,31.5948275862069,26.20818271929822
9508,2022-03-16 04:00:00,Asia/Bangkok,85.2757771296296,34.94545454545455,31.4,25.89485814814814
9509,2022-03-16 05:00:00,Asia/Bangkok,86.78708239316238,31.08547008547009,29.0,25.41241880341879
9510,2022-03-16 06:00:00,Asia/Bangkok,87.63118654867259,25.81034482758621,24.11111111111111,25.40626911504424
9511,2022-03-16 07:00:00,Asia/Bangkok,86.09331008620687,19.25641025641026,18.21367521367521,25.31418008620691
9512,2022-03-16 08:00:00,Asia/Bangkok,86.77523584070802,17.25,16.22608695652174,25.47827909909912
9513,2022-03-16 09:00:00,Asia/Bangkok,85.42554172413793,25.50862068965517,21.83760683760684,27.45718689655172
9514,2022-03-16 10:00:00,Asia/Bangkok,74.0837253097345,9.0,8.347826086956522,30.3317003539823
9515,2022-03-16 11:00:00,Asia/Bangkok,66.03067619469027,7.060344827586207,6.594827586206897,32.22347522123896
9516,2022-03-16 12:00:00,Asia/Bangkok,62.66076189189188,7.405172413793103,6.956896551724138,32.52250954954953
9517,2022-03-16 13:00:00,Asia/Bangkok,63.30777439655169,8.163793103448276,7.672413793103448,32.64429982758622
9518,2022-03-16 14:00:00,Asia/Bangkok,62.15684304347825,10.47863247863248,9.658119658119658,33.04553869565216
9519,2022-03-16 15:00:00,Asia/Bangkok,60.17483324324326,10.62393162393162,9.991379310344827,33.5484936036036
9520,2022-03-16 16:00:00,Asia/Bangkok,65.00898612612609,10.57391304347826,9.974137931034482,32.66513018181821
9521,2022-03-16 17:00:00,Asia/Bangkok,67.36713534482759,9.478632478632479,8.897435897435898,32.05857646551723
9522,2022-03-16 18:00:00,Asia/Bangkok,70.1442112612613,10.18103448275862,9.637931034482758,30.89307846846847
9523,2022-03-16 19:00:00,Asia/Bangkok,73.63729330434782,12.31034482758621,11.70689655172414,29.70298313043479
9524,2022-03-16 20:00:00,Asia/Bangkok,77.12656672413793,18.97435897435897,17.88888888888889,29.32157939655167
9525,2022-03-16 21:00:00,Asia/Bangkok,78.95165122807018,37.68965517241379,32.97413793103448,29.12148701754387
9526,2022-03-16 22:00:00,Asia/Bangkok,82.03649652173912,25.47413793103448,23.83620689655172,28.32834173913043
9527,2022-03-16 23:00:00,Asia/Bangkok,83.17059736842106,39.86206896551724,34.75862068965517,28.35557184210523
9528,2022-03-17 00:00:00,Asia/Bangkok,83.9881063157895,38.72649572649573,33.54700854700855,28.04280380530975
9529,2022-03-17 01:00:00,Asia/Bangkok,84.67234114035085,41.35344827586207,35.26724137931034,27.71385271929825
9530,2022-03-17 02:00:00,Asia/Bangkok,85.49042687499998,40.30769230769231,34.57264957264957,27.17150223214286
9531,2022-03-17 03:00:00,Asia/Bangkok,86.37237017699114,41.05172413793103,35.29310344827586,26.65007725663716
9532,2022-03-17 04:00:00,Asia/Bangkok,87.34940641509439,42.0990990990991,35.57272727272727,26.48251264150944
9533,2022-03-17 05:00:00,Asia/Bangkok,87.29341008771931,36.31304347826087,32.33913043478261,26.53832315789473
9534,2022-03-17 06:00:00,Asia/Bangkok,87.42081221238941,34.05172413793103,31.04310344827586,26.19748840707964
9535,2022-03-17 07:00:00,Asia/Bangkok,88.1576999130434,33.6695652173913,30.76521739130435,25.89465530434783
9536,2022-03-17 08:00:00,Asia/Bangkok,89.81440149122803,29.33620689655172,27.63793103448276,26.35179666666667
9537,2022-03-17 09:00:00,Asia/Bangkok,84.09176626086959,30.22413793103448,26.99137931034483,28.30684339130434
9538,2022-03-17 10:00:00,Asia/Bangkok,75.42355891891894,17.5,16.14655172413793,30.10028054054056
9539,2022-03-17 11:00:00,Asia/Bangkok,70.44887419642858,16.08620689655172,14.82758620689655,30.75401415929203
9540,2022-03-17 12:00:00,Asia/Bangkok,65.05397215517242,19.45689655172414,18.56410256410257,32.43143078260869
9541,2022-03-17 13:00:00,Asia/Bangkok,62.39640902654865,13.13793103448276,11.79310344827586,32.43322592920354
9542,2022-03-17 14:00:00,Asia/Bangkok,60.52750589743592,10.15384615384615,9.427350427350428,32.98011810344828
9543,2022-03-17 15:00:00,Asia/Bangkok,61.14282044247788,8.956896551724139,8.344827586206897,32.81534300884956
9544,2022-03-17 16:00:00,Asia/Bangkok,61.79322414414418,13.32758620689655,12.08620689655172,32.44800333333333
9545,2022-03-17 17:00:00,Asia/Bangkok,64.7468696521739,19.61206896551724,17.75,31.49005999999998
9546,2022-03-17 18:00:00,Asia/Bangkok,68.21545791304348,12.08620689655172,11.39655172413793,30.71290182608698
9547,2022-03-17 19:00:00,Asia/Bangkok,72.99082869565221,19.91452991452991,18.45689655172414,30.01320443478262
9548,2022-03-17 20:00:00,Asia/Bangkok,76.91463878260872,48.88793103448276,43.62393162393163,29.34209208695651
9549,2022-03-17 21:00:00,Asia/Bangkok,79.28030478260872,49.88793103448276,42.35344827586207,29.10090399999999
9550,2022-03-17 22:00:00,Asia/Bangkok,81.01057991150442,69.5042735042735,62.4017094017094,28.94589548672568
9551,2022-03-17 23:00:00,Asia/Bangkok,81.13867105263155,43.61206896551724,36.93965517241379,28.99129956140351
9552,2022-03-18 00:00:00,Asia/Bangkok,82.806690173913,43.6551724137931,36.9051724137931,28.56493582608697
9553,2022-03-18 01:00:00,Asia/Bangkok,84.3645455357143,44.30172413793103,37.25862068965517,28.08146249999998
9554,2022-03-18 02:00:00,Asia/Bangkok,84.1046513157895,41.33333333333334,35.21929824561403,28.10723122807017
9555,2022-03-18 03:00:00,Asia/Bangkok,84.81013544642859,38.50862068965517,33.69827586206897,27.79607633928571
9556,2022-03-18 04:00:00,Asia/Bangkok,83.99084504761903,35.36036036036036,31.83783783783784,27.73724323809522
9557,2022-03-18 05:00:00,Asia/Bangkok,85.2667451754386,34.67521367521368,31.41880341880342,27.53702359649121
9558,2022-03-18 06:00:00,Asia/Bangkok,86.7487136283186,42.02586206896552,35.71551724137931,27.28639327433629
9559,2022-03-18 07:00:00,Asia/Bangkok,87.84194780701753,45.16379310344828,37.9051724137931,27.04432350877191
9560,2022-03-18 08:00:00,Asia/Bangkok,88.59837585585583,40.78070175438597,35.17543859649123,27.0460254054054
9561,2022-03-18 09:00:00,Asia/Bangkok,85.67881362831854,26.45217391304348,24.45689655172414,27.87705619469028
9562,2022-03-18 10:00:00,Asia/Bangkok,77.36166318965513,17.67241379310345,16.89655172413793,29.57664113043477
9563,2022-03-18 11:00:00,Asia/Bangkok,69.88134432432437,14.12280701754386,13.51754385964912,31.37747309090908
9564,2022-03-18 12:00:00,Asia/Bangkok,64.77952974358973,9.470588235294118,8.907563025210084,32.91873504273504
9565,2022-03-18 13:00:00,Asia/Bangkok,61.18798799999998,9.672413793103448,9.25,33.96863608695655
9566,2022-03-18 14:00:00,Asia/Bangkok,58.19170008695651,9.615384615384615,9.239316239316238,34.15748660869566
9567,2022-03-18 15:00:00,Asia/Bangkok,61.35425858407081,16.42105263157895,15.31578947368421,34.05149389380532
9568,2022-03-18 16:00:00,Asia/Bangkok,67.18780946902655,11.99130434782609,11.46551724137931,32.89056221238938
9569,2022-03-18 17:00:00,Asia/Bangkok,68.62797707964603,12.8448275862069,12.19827586206897,32.25665469026548
9570,2022-03-18 18:00:00,Asia/Bangkok,70.89881151785714,14.56034482758621,13.92241379310345,31.23085366071426
9571,2022-03-18 19:00:00,Asia/Bangkok,74.1835134782609,22.7304347826087,20.68695652173913,30.33759069565216
9572,2022-03-18 20:00:00,Asia/Bangkok,77.43759756521742,19.32758620689655,18.44827586206896,29.86703443478261
9573,2022-03-18 21:00:00,Asia/Bangkok,78.87979414414416,26.5948275862069,24.14655172413793,29.64334153153155
9574,2022-03-18 22:00:00,Asia/Bangkok,81.04442500000005,25.92241379310345,24.62931034482759,29.23917035714287
9575,2022-03-18 23:00:00,Asia/Bangkok,82.66580304347822,33.06896551724138,29.93965517241379,28.9305626956522
9576,2022-03-19 00:00:00,Asia/Bangkok,83.05478850877195,36.02586206896552,32.26724137931034,28.59632517543859
9577,2022-03-19 01:00:00,Asia/Bangkok,84.63482301724144,43.11965811965812,36.84615384615385,27.99854896551726
9578,2022-03-19 02:00:00,Asia/Bangkok,86.31658400000003,39.3448275862069,34.03448275862069,27.42187347826085
9579,2022-03-19 03:00:00,Asia/Bangkok,86.56928196581198,38.93162393162393,33.72649572649573,27.38262076923076
9580,2022-03-19 04:00:00,Asia/Bangkok,85.91224888888884,37.19266055045872,32.88073394495413,27.47935166666665
9581,2022-03-19 05:00:00,Asia/Bangkok,86.8315158260869,34.44827586206897,31.14655172413793,26.9620422608696
9582,2022-03-19 06:00:00,Asia/Bangkok,86.59669369369372,30.12068965517241,27.73275862068965,26.95100153153156
9583,2022-03-19 07:00:00,Asia/Bangkok,87.40025070175436,25.17241379310345,23.9051724137931,26.60873447368422
9584,2022-03-19 08:00:00,Asia/Bangkok,89.1965448245614,33.3448275862069,29.44827586206896,27.03326991228067
9585,2022-03-19 09:00:00,Asia/Bangkok,86.5466108928571,30.02586206896552,27.43103448275862,28.43170990990991
9586,2022-03-19 10:00:00,Asia/Bangkok,84.4213284821429,19.31896551724138,18.12931034482759,28.63155107142857
9587,2022-03-19 11:00:00,Asia/Bangkok,88.79238500000001,12.16379310344828,11.30172413793103,28.43010901785715
9588,2022-03-19 12:00:00,Asia/Bangkok,83.30922692982452,9.42608695652174,8.870689655172415,30.02881350877194
9589,2022-03-19 13:00:00,Asia/Bangkok,74.66027629310341,11.51282051282051,10.82905982905983,32.2471549137931
9590,2022-03-19 14:00:00,Asia/Bangkok,72.91300796460176,10.04310344827586,9.5,32.29514814159291
9591,2022-03-19 15:00:00,Asia/Bangkok,73.84137769911507,7.96551724137931,7.603448275862069,31.61303150442476
9592,2022-03-19 16:00:00,Asia/Bangkok,82.86607130841122,6.238938053097345,5.690265486725663,27.85340953271028
9593,2022-03-19 17:00:00,Asia/Bangkok,90.34906868421055,2.769230769230769,2.435897435897436,25.68456728070178
9594,2022-03-19 18:00:00,Asia/Bangkok,91.25542008547006,0.635593220338983,0.4576271186440678,25.59124128205128
9595,2022-03-19 19:00:00,Asia/Bangkok,89.05920087719296,1.965217391304348,1.695652173913043,26.09894521739128
9596,2022-03-19 20:00:00,Asia/Bangkok,89.73444120689658,2.905982905982906,2.632478632478632,25.97708443478261
9597,2022-03-19 21:00:00,Asia/Bangkok,89.82713469026551,2.299145299145299,1.923076923076923,25.89519973451327
9598,2022-03-19 22:00:00,Asia/Bangkok,90.48772528301885,3.31858407079646,3.035398230088496,25.7003612264151
9599,2022-03-19 23:00:00,Asia/Bangkok,91.04038385964911,4.069565217391304,3.565217391304348,25.57595070175442
9600,2022-03-20 00:00:00,Asia/Bangkok,91.30950991304353,3.487179487179487,3.153846153846154,25.57129017391308
9601,2022-03-20 01:00:00,Asia/Bangkok,91.63967963636362,2.991228070175439,2.736842105263158,25.33459190909091
9602,2022-03-20 02:00:00,Asia/Bangkok,91.88969747826087,2.844827586206896,2.577586206896552,25.21808434782609
9603,2022-03-20 03:00:00,Asia/Bangkok,92.30450166666667,9.767241379310345,8.948275862068966,24.93834561403507
9604,2022-03-20 04:00:00,Asia/Bangkok,92.20582066037734,14.62727272727273,13.67272727272727,25.01065409523811
9605,2022-03-20 05:00:00,Asia/Bangkok,90.83216500000005,14.07826086956522,12.72173913043478,25.12184868421053
9606,2022-03-20 06:00:00,Asia/Bangkok,90.1364720535714,28.22413793103448,24.88793103448276,25.10678738738738
9607,2022-03-20 07:00:00,Asia/Bangkok,90.68088106194686,13.15254237288136,12.30508474576271,24.86936274336286
9608,2022-03-20 08:00:00,Asia/Bangkok,91.7521420720721,9.805309734513274,9.274336283185841,25.30576522522524
9609,2022-03-20 09:00:00,Asia/Bangkok,90.15606632478632,4.305084745762712,3.957627118644068,26.45895888888888
9610,2022-03-20 10:00:00,Asia/Bangkok,82.20915433628316,3.318965517241379,3.025862068965517,28.28519000000001
9611,2022-03-20 11:00:00,Asia/Bangkok,78.7361052586207,4.376068376068377,4.008547008547009,29.72603622807018
9612,2022-03-20 12:00:00,Asia/Bangkok,72.5303006034483,5.405172413793103,5.103448275862069,31.59522637931035
9613,2022-03-20 13:00:00,Asia/Bangkok,70.45929132743366,6.146551724137931,5.827586206896552,32.18776769911504
9614,2022-03-20 14:00:00,Asia/Bangkok,77.13662435897439,7.974358974358974,7.547008547008547,30.65297196581197
9615,2022-03-20 15:00:00,Asia/Bangkok,73.6112849137931,8.008547008547009,7.615384615384615,31.90995767241381
9616,2022-03-20 16:00:00,Asia/Bangkok,72.36583234782609,8.172413793103448,7.724137931034483,31.15106791304348
9617,2022-03-20 17:00:00,Asia/Bangkok,86.31321088495572,3.573913043478261,3.260869565217391,26.71385707964601
9618,2022-03-20 18:00:00,Asia/Bangkok,88.24342862385316,2.879310344827586,2.551724137931035,25.70090385321101
9619,2022-03-20 19:00:00,Asia/Bangkok,86.64899868421055,3.46551724137931,3.137931034482758,25.84726868421052
9620,2022-03-20 20:00:00,Asia/Bangkok,89.88255928571425,7.495726495726496,6.94017094017094,25.39184848214287
9621,2022-03-20 21:00:00,Asia/Bangkok,89.54161324561395,6.724137931034483,6.293103448275862,25.81543631578946
9622,2022-03-20 22:00:00,Asia/Bangkok,89.9220460526316,6.689655172413793,6.146551724137931,25.80018912280702
9623,2022-03-20 23:00:00,Asia/Bangkok,90.15253589285714,6.896551724137931,6.5,25.76316919642854
9624,2022-03-21 00:00:00,Asia/Bangkok,90.54525728070175,8.47008547008547,8.034188034188034,25.35009517543859
9625,2022-03-21 01:00:00,Asia/Bangkok,90.56845135135134,8.224137931034482,7.758620689655173,25.54424405405407
9626,2022-03-21 02:00:00,Asia/Bangkok,90.02833785714283,9.629310344827585,9.051724137931034,25.44396705357141
9627,2022-03-21 03:00:00,Asia/Bangkok,90.14125078947369,10.4017094017094,9.923076923076923,25.41782504424778
9628,2022-03-21 04:00:00,Asia/Bangkok,90.48670990476197,9.709090909090909,9.236363636363636,25.3189419047619
9629,2022-03-21 05:00:00,Asia/Bangkok,89.77875113043478,7.655172413793103,7.198275862068965,25.27107426086957
9630,2022-03-21 06:00:00,Asia/Bangkok,90.2247738596491,7.844827586206897,7.379310344827586,25.23180421052631
9631,2022-03-21 07:00:00,Asia/Bangkok,90.7555650892857,9.810344827586206,9.28448275862069,24.99282125
9632,2022-03-21 08:00:00,Asia/Bangkok,92.70204603448276,14.68376068376068,13.97435897435897,25.2901454310345
9633,2022-03-21 09:00:00,Asia/Bangkok,90.32066771929824,6.732758620689655,6.28448275862069,27.00237219298244
9634,2022-03-21 10:00:00,Asia/Bangkok,80.72212618181823,5.299145299145299,4.94017094017094,29.47835972727274
9635,2022-03-21 11:00:00,Asia/Bangkok,76.05108794642858,6.63716814159292,6.371681415929204,30.73534160714284
9636,2022-03-21 12:00:00,Asia/Bangkok,70.95042706896552,7.38135593220339,7.076271186440678,31.72096431034482
9637,2022-03-21 13:00:00,Asia/Bangkok,67.36627947368422,8.704347826086957,8.408695652173913,32.60130114035088
9638,2022-03-21 14:00:00,Asia/Bangkok,63.53581309734516,8.206896551724139,7.879310344827586,33.66384752212391
9639,2022-03-21 15:00:00,Asia/Bangkok,63.03949052631579,7.678260869565217,7.28695652173913,33.98125526315788
9640,2022-03-21 16:00:00,Asia/Bangkok,70.07288345454545,9.63716814159292,9.247787610619469,32.65529736363637
9641,2022-03-21 17:00:00,Asia/Bangkok,74.18371370370369,10.54838709677419,10.2258064516129,31.72265423076923
9642,2022-03-21 18:00:00,Asia/Bangkok,76.01517368932035,11.01904761904762,10.63809523809524,31.19461621359223
9643,2022-03-21 19:00:00,Asia/Bangkok,79.26288925233649,6.037383177570093,5.523364485981308,27.78116037383177
9644,2022-03-21 20:00:00,Asia/Bangkok,87.80313536000001,25.03125,21.1953125,25.90579647999999
9645,2022-03-21 21:00:00,Asia/Bangkok,89.15556186991874,12.64,11.864,26.07161147540983
9646,2022-03-21 22:00:00,Asia/Bangkok,91.18715184210527,13.39655172413793,12.70689655172414,25.77608298245617
9647,2022-03-21 23:00:00,Asia/Bangkok,90.4466473684211,9.73913043478261,9.28695652173913,26.0692806140351
9648,2022-03-22 00:00:00,Asia/Bangkok,88.76112648648646,8.646017699115044,8.150442477876107,26.30747468468468
9649,2022-03-22 01:00:00,Asia/Bangkok,89.83517059829055,9.290598290598291,8.820512820512821,26.16540162393161
9650,2022-03-22 02:00:00,Asia/Bangkok,89.42100104347824,8.596491228070175,8.182608695652174,25.97603947826087
9651,2022-03-22 03:00:00,Asia/Bangkok,90.77003705357143,10.8695652173913,10.06086956521739,25.73277053571428
9652,2022-03-22 04:00:00,Asia/Bangkok,92.20131027777774,13.53703703703704,12.77777777777778,25.70425361111111
9653,2022-03-22 05:00:00,Asia/Bangkok,92.34270811965816,11.56410256410256,11.00854700854701,25.69896923076922
9654,2022-03-22 06:00:00,Asia/Bangkok,90.97338207207206,11.4,10.79130434782609,25.85137945945946
9655,2022-03-22 07:00:00,Asia/Bangkok,91.33465189655175,14.49107142857143,13.80357142857143,25.74369155172413
9656,2022-03-22 08:00:00,Asia/Bangkok,91.24800008547014,13.38655462184874,12.77310924369748,25.96738330508473
9657,2022-03-22 09:00:00,Asia/Bangkok,91.23378769911506,11.32478632478633,10.79310344827586,26.50816571428572
9658,2022-03-22 10:00:00,Asia/Bangkok,88.99358628318582,12.42241379310345,11.82051282051282,27.29846725663716
9659,2022-03-22 11:00:00,Asia/Bangkok,82.47833415929202,7.568965517241379,7.137931034482759,29.11828477876105
9660,2022-03-22 12:00:00,Asia/Bangkok,79.05556008771926,8.405172413793103,7.991379310344827,30.06765131578948
9661,2022-03-22 13:00:00,Asia/Bangkok,74.31118382608693,8.767241379310345,8.370689655172415,31.19019321739129
9662,2022-03-22 14:00:00,Asia/Bangkok,71.82065684684687,10.33620689655172,9.939655172413794,31.70129918918916
9663,2022-03-22 15:00:00,Asia/Bangkok,67.03597672727271,10.18965517241379,9.663793103448276,32.87523486486484
9664,2022-03-22 16:00:00,Asia/Bangkok,63.96365858407079,11.07826086956522,10.59130434782609,33.53756633928572
9665,2022-03-22 17:00:00,Asia/Bangkok,65.00949640350875,10.60169491525424,10.1864406779661,33.15586447368422
9666,2022-03-22 18:00:00,Asia/Bangkok,73.14754780701756,13.02586206896552,12.18103448275862,30.9311509649123
9667,2022-03-22 19:00:00,Asia/Bangkok,77.14255749999998,22.28205128205128,20.51724137931035,29.61018035714286
9668,2022-03-22 20:00:00,Asia/Bangkok,84.60702336283187,25.38793103448276,23.69230769230769,28.18920017699114
9669,2022-03-22 21:00:00,Asia/Bangkok,85.18057113043479,25.74358974358974,24.1025641025641,27.86449878260869
9670,2022-03-22 22:00:00,Asia/Bangkok,84.68239410714285,23.69827586206896,22.3448275862069,27.55271812499999
9671,2022-03-22 23:00:00,Asia/Bangkok,88.03322699115044,8.52212389380531,7.778761061946903,25.86888419642857
9672,2022-03-23 00:00:00,Asia/Bangkok,88.64366556521742,5.177966101694915,4.745762711864407,25.60811765217393
9673,2022-03-23 01:00:00,Asia/Bangkok,89.79720642857139,5.681034482758621,5.120689655172414,25.60695401785713
9674,2022-03-23 02:00:00,Asia/Bangkok,88.56752622807015,3.735042735042735,3.206896551724138,25.57236666666666
9675,2022-03-23 03:00:00,Asia/Bangkok,90.06109036363632,5.921052631578948,5.226086956521739,25.26917063636362
9676,2022-03-23 04:00:00,Asia/Bangkok,89.69772139130441,6.318965517241379,5.474137931034483,25.33546556521739
9677,2022-03-23 05:00:00,Asia/Bangkok,90.0054566949153,7.169491525423729,6.483050847457627,25.21407813559323
9678,2022-03-23 06:00:00,Asia/Bangkok,90.20210026086953,7.405172413793103,6.775862068965517,25.29879956521739
9679,2022-03-23 07:00:00,Asia/Bangkok,90.76190353982301,10.3716814159292,9.610619469026549,25.22354982300886
9680,2022-03-23 08:00:00,Asia/Bangkok,92.01361663716817,13.88695652173913,13.06086956521739,25.49252424778761
9681,2022-03-23 09:00:00,Asia/Bangkok,91.29914132743359,11.90350877192983,11.25438596491228,26.50004675438595
9682,2022-03-23 10:00:00,Asia/Bangkok,88.00410660714287,11.89285714285714,11.375,27.89559927927928
9683,2022-03-23 11:00:00,Asia/Bangkok,80.23551078947371,7.741379310344827,7.295652173913044,30.15935596491229
9684,2022-03-23 12:00:00,Asia/Bangkok,77.2322169642857,9.24561403508772,8.808695652173913,31.13925214285714
9685,2022-03-23 13:00:00,Asia/Bangkok,75.63150359649121,12.0,11.51282051282051,30.69803675438594
9686,2022-03-23 14:00:00,Asia/Bangkok,78.7731191818182,13.43103448275862,12.8448275862069,30.21330690909093
9687,2022-03-23 15:00:00,Asia/Bangkok,73.03712208695654,9.181034482758621,8.724137931034482,31.4865536521739
9688,2022-03-23 16:00:00,Asia/Bangkok,69.8762384821429,15.86086956521739,14.51304347826087,30.8214094642857
9689,2022-03-23 17:00:00,Asia/Bangkok,71.52464473684208,16.62068965517241,15.60344827586207,30.72368622807018
9690,2022-03-23 18:00:00,Asia/Bangkok,78.70756025862069,12.95762711864407,12.3728813559322,29.39379534482759
9691,2022-03-23 19:00:00,Asia/Bangkok,81.32141743362833,17.64957264957265,16.65811965811966,28.15566876106195
9692,2022-03-23 20:00:00,Asia/Bangkok,82.83793631578948,21.17241379310345,19.93103448275862,27.39985228070175
9693,2022-03-23 21:00:00,Asia/Bangkok,83.25578929203543,24.25862068965517,22.78448275862069,27.57869570175436
9694,2022-03-23 22:00:00,Asia/Bangkok,86.68354387931034,60.69230769230769,49.2051282051282,27.05703539130434
9695,2022-03-23 23:00:00,Asia/Bangkok,88.21440387931035,42.68965517241379,35.53448275862069,26.63806405172413
9696,2022-03-24 00:00:00,Asia/Bangkok,88.2386984070797,17.18260869565217,16.21739130434782,26.60952761061947
9697,2022-03-24 01:00:00,Asia/Bangkok,87.72852873873867,19.94827586206896,18.75862068965517,26.7497654954955
9698,2022-03-24 02:00:00,Asia/Bangkok,89.61546087719303,17.38793103448276,16.42241379310345,26.38622894736842
9699,2022-03-24 03:00:00,Asia/Bangkok,89.1899115652174,15.51282051282051,14.77777777777778,26.49624339130436
9700,2022-03-24 04:00:00,Asia/Bangkok,90.18516859813082,13.90265486725664,13.02654867256637,26.19066803738316
9701,2022-03-24 05:00:00,Asia/Bangkok,90.50136816513765,13.27433628318584,12.34513274336283,25.91195568807339
9702,2022-03-24 06:00:00,Asia/Bangkok,90.22481767241374,11.68965517241379,11.03448275862069,25.7083323275862
9703,2022-03-24 07:00:00,Asia/Bangkok,90.58174812499999,12.66086956521739,11.73043478260869,25.51703513513512
9704,2022-03-24 08:00:00,Asia/Bangkok,91.81813983333339,29.375,26.24166666666667,25.83087991525424
9705,2022-03-24 09:00:00,Asia/Bangkok,90.36704754385973,23.86206896551724,20.37931034482759,27.15047469565217
9706,2022-03-24 10:00:00,Asia/Bangkok,78.91463240740742,14.7,13.93636363636364,30.34674616822429
9707,2022-03-24 11:00:00,Asia/Bangkok,72.58975589285716,12.94782608695652,12.31304347826087,31.58996607142857
9708,2022-03-24 12:00:00,Asia/Bangkok,66.70380132743367,8.508620689655173,8.156521739130435,33.36186371681416
9709,2022-03-24 13:00:00,Asia/Bangkok,64.08277868421054,7.655172413793103,7.324786324786325,34.30305131578947
9710,2022-03-24 14:00:00,Asia/Bangkok,64.96317634782608,7.129310344827586,6.818965517241379,34.14111678260871
9711,2022-03-24 15:00:00,Asia/Bangkok,69.23575403669726,6.826086956521739,6.530434782608696,33.10402712962961
9712,2022-03-24 16:00:00,Asia/Bangkok,68.5717292982456,6.923076923076923,6.538461538461538,33.12428842105263
9713,2022-03-24 17:00:00,Asia/Bangkok,69.00858768518518,7.705357142857143,7.348214285714286,32.52107861111111
9714,2022-03-24 18:00:00,Asia/Bangkok,71.03440465517242,27.23076923076923,23.8034188034188,31.26284103448277
9715,2022-03-24 19:00:00,Asia/Bangkok,74.77282699115047,63.58620689655172,53.95689655172414,30.60953353982302
9716,2022-03-24 20:00:00,Asia/Bangkok,73.5464910526316,14.30172413793103,12.66379310344828,29.9519134210526
9717,2022-03-24 21:00:00,Asia/Bangkok,77.4232359090909,9.088888888888889,8.311111111111112,29.10283636363637
9718,2022-03-24 22:00:00,Asia/Bangkok,85.37607666666666,13.61764705882353,12.89705882352941,27.40018272727272
9719,2022-03-24 23:00:00,Asia/Bangkok,86.43007071428573,15.78260869565217,14.78260869565217,27.45744294642856
9720,2022-03-25 00:00:00,Asia/Bangkok,88.10761147826086,12.60344827586207,11.79310344827586,27.41850643478262
9721,2022-03-25 01:00:00,Asia/Bangkok,88.89831900900896,12.06086956521739,11.31304347826087,27.22346154545456
9722,2022-03-25 02:00:00,Asia/Bangkok,89.6276795833333,16.24742268041237,15.3469387755102,27.00342094736843
9723,2022-03-25 03:00:00,Asia/Bangkok,89.26353601769907,17.16379310344828,16.18103448275862,27.10818734513274
9724,2022-03-25 04:00:00,Asia/Bangkok,89.60199486486485,18.08620689655172,16.64655172413793,26.76335765765764
9725,2022-03-25 05:00:00,Asia/Bangkok,90.4886061061947,18.64912280701754,17.15789473684211,26.43106309734513
9726,2022-03-25 06:00:00,Asia/Bangkok,91.16387884955752,17.71681415929203,16.53982300884956,26.41329123893804
9727,2022-03-25 07:00:00,Asia/Bangkok,91.74677398230082,17.95689655172414,16.90434782608695,26.6039953097345
9728,2022-03-25 08:00:00,Asia/Bangkok,91.77574530612253,23.36,21.74,26.81421969387754
9729,2022-03-25 09:00:00,Asia/Bangkok,87.41510903508775,16.02608695652174,14.97391304347826,28.38909289473683
9730,2022-03-25 10:00:00,Asia/Bangkok,81.59186209090907,11.33928571428571,10.86607142857143,29.58944563636364
9731,2022-03-25 11:00:00,Asia/Bangkok,76.70143185840706,11.97391304347826,11.43478260869565,30.70672734513273
9732,2022-03-25 12:00:00,Asia/Bangkok,71.77228234782606,10.13793103448276,9.758620689655173,32.01959582608698
9733,2022-03-25 13:00:00,Asia/Bangkok,69.28687939130434,8.336206896551724,7.913793103448276,32.559864
9734,2022-03-25 14:00:00,Asia/Bangkok,70.75833982300888,9.495652173913044,9.043478260869565,31.69437035714287
9735,2022-03-25 15:00:00,Asia/Bangkok,68.46928371681416,7.525862068965517,7.258620689655173,32.18956504424778
9736,2022-03-25 16:00:00,Asia/Bangkok,66.61251844036697,7.206896551724138,6.896551724137931,32.40481935779816
9737,2022-03-25 17:00:00,Asia/Bangkok,64.24336241379311,11.41025641025641,10.58974358974359,32.30201120689654
9738,2022-03-25 18:00:00,Asia/Bangkok,69.89798382608697,15.25862068965517,13.81896551724138,31.22824999999999
9739,2022-03-25 19:00:00,Asia/Bangkok,74.95676052631579,33.8974358974359,30.47863247863248,30.66512421052633
9740,2022-03-25 20:00:00,Asia/Bangkok,78.12092356521738,31.07692307692308,27.94871794871795,30.02293330434783
9741,2022-03-25 21:00:00,Asia/Bangkok,80.80820008849555,23.10344827586207,21.68965517241379,29.21304672566373
9742,2022-03-25 22:00:00,Asia/Bangkok,84.07661443478258,22.79310344827586,21.60344827586207,28.41075947368421
9743,2022-03-25 23:00:00,Asia/Bangkok,85.04761558558555,26.81578947368421,24.50877192982456,28.00104054054055
9744,2022-03-26 00:00:00,Asia/Bangkok,86.21080773913043,19.88983050847458,18.95762711864407,27.43089831858405
9745,2022-03-26 01:00:00,Asia/Bangkok,87.14234791304345,21.79130434782609,20.71304347826087,27.06999217391302
9746,2022-03-26 02:00:00,Asia/Bangkok,87.34007096491233,22.72413793103448,21.25862068965517,26.70263150442479
9747,2022-03-26 03:00:00,Asia/Bangkok,87.90913973684212,24.07692307692308,21.96581196581197,26.52585929824563
9748,2022-03-26 04:00:00,Asia/Bangkok,89.64471391304347,22.70212765957447,21.13829787234043,26.25253195652175
9749,2022-03-26 05:00:00,Asia/Bangkok,89.66226460869566,16.06779661016949,15.17796610169492,26.02398930434782
9750,2022-03-26 06:00:00,Asia/Bangkok,87.55038044247789,17.00900900900901,15.75675675675676,26.25550274336284
9751,2022-03-26 07:00:00,Asia/Bangkok,87.93786491228067,13.08547008547009,12.31623931623932,26.12900736842107
9752,2022-03-26 08:00:00,Asia/Bangkok,89.42858911504425,15.49565217391304,14.78260869565217,26.30687716814161
9753,2022-03-26 09:00:00,Asia/Bangkok,85.78225670103093,11.89795918367347,11.33673469387755,28.36665164948452
9754,2022-03-26 10:00:00,Asia/Bangkok,74.11679628318585,12.08695652173913,10.64347826086957,31.14416663716813
9755,2022-03-26 11:00:00,Asia/Bangkok,67.74629299999998,4.8,4.408333333333333,32.24593658333333
9756,2022-03-26 12:00:00,Asia/Bangkok,60.15689049586777,2.821138211382114,2.634146341463415,34.17231545454546
9757,2022-03-26 13:00:00,Asia/Bangkok,53.91888173913043,2.370689655172414,2.129310344827586,36.04726465517242
9758,2022-03-26 14:00:00,Asia/Bangkok,51.40231070796461,3.396551724137931,3.198275862068965,35.99629446428573
9759,2022-03-26 15:00:00,Asia/Bangkok,56.48905843478259,3.698275862068965,3.491379310344827,35.41983482456141
9760,2022-03-26 16:00:00,Asia/Bangkok,65.76111372727273,4.860869565217391,4.608695652173913,33.33373481818182
9761,2022-03-26 17:00:00,Asia/Bangkok,65.14760421052631,3.46551724137931,3.267241379310345,33.20247701754386
9762,2022-03-26 18:00:00,Asia/Bangkok,69.79832666666668,5.077586206896552,4.836206896551724,31.91144201754384
9763,2022-03-26 19:00:00,Asia/Bangkok,73.10125653061223,8.53,8.01,31.05739571428573
9764,2022-03-26 20:00:00,Asia/Bangkok,76.73703140350877,37.95652173913044,32.36521739130435,30.40070274336285
9765,2022-03-26 21:00:00,Asia/Bangkok,80.3500817829458,39.74809160305343,34.52671755725191,29.72322906250001
9766,2022-03-26 22:00:00,Asia/Bangkok,83.42317592233012,74.86915887850468,67.4392523364486,29.17457689320388
9767,2022-03-26 23:00:00,Asia/Bangkok,84.25892736842101,47.5,39.78571428571428,29.03418710526318
9768,2022-03-27 00:00:00,Asia/Bangkok,86.08348571428569,39.22608695652174,34.28695652173913,28.47176098214286
9769,2022-03-27 01:00:00,Asia/Bangkok,85.14417008928574,24.87826086956522,23.76521739130435,28.25815642857141
9770,2022-03-27 02:00:00,Asia/Bangkok,85.93857234782611,21.37068965517241,20.24137931034483,27.99910591304346
9771,2022-03-27 03:00:00,Asia/Bangkok,85.68449412280704,19.02586206896552,18.0,27.87885087719301
9772,2022-03-27 04:00:00,Asia/Bangkok,85.8440532,18.26605504587156,17.22018348623853,27.717623
9773,2022-03-27 05:00:00,Asia/Bangkok,86.0847828813559,14.55284552845528,13.72357723577236,27.3627451694915
9774,2022-03-27 06:00:00,Asia/Bangkok,86.60714252173912,17.82051282051282,17.07692307692308,27.01542417391301
9775,2022-03-27 07:00:00,Asia/Bangkok,86.48711877192987,19.54310344827586,18.82758620689655,26.90408631578947
9776,2022-03-27 08:00:00,Asia/Bangkok,87.37559758928572,24.1304347826087,22.46086956521739,27.0243725
9777,2022-03-27 09:00:00,Asia/Bangkok,82.15207078947367,21.56034482758621,19.77586206896552,28.85164482456141
9778,2022-03-27 10:00:00,Asia/Bangkok,73.27708324786326,10.82905982905983,10.09401709401709,31.45616854700856
9779,2022-03-27 11:00:00,Asia/Bangkok,66.3007353271028,7.6,7.172727272727273,32.98954897196263
9780,2022-03-27 12:00:00,Asia/Bangkok,59.27998508620691,7.586206896551724,7.232758620689655,34.89667508620689
9781,2022-03-27 13:00:00,Asia/Bangkok,57.76751336206894,6.52991452991453,6.282051282051282,35.19552513043479
9782,2022-03-27 14:00:00,Asia/Bangkok,53.3911312173913,5.793103448275862,5.491379310344827,36.38286800000001
9783,2022-03-27 15:00:00,Asia/Bangkok,49.65359973451326,5.859649122807017,5.535087719298246,37.3578038392857
9784,2022-03-27 16:00:00,Asia/Bangkok,55.23719853448276,5.647058823529412,5.361344537815126,36.36448258620688
9785,2022-03-27 17:00:00,Asia/Bangkok,64.98159867256638,8.89655172413793,8.456896551724139,34.14148053097346
9786,2022-03-27 18:00:00,Asia/Bangkok,69.84192271929822,22.01724137931035,19.76724137931035,32.62032122807017
9787,2022-03-27 19:00:00,Asia/Bangkok,74.72028438596493,28.12931034482759,25.08620689655172,31.45919657894735
9788,2022-03-27 20:00:00,Asia/Bangkok,74.07923991452996,27.52136752136752,24.09401709401709,31.16734076923077
9789,2022-03-27 21:00:00,Asia/Bangkok,71.27790230088495,31.06034482758621,26.41379310344828,30.33221911504426
9790,2022-03-27 22:00:00,Asia/Bangkok,76.07813214285713,45.5,40.99137931034483,29.69369991071427
9791,2022-03-27 23:00:00,Asia/Bangkok,79.72837428571428,37.80373831775701,33.42056074766355,29.00348361904764
9792,2022-03-28 00:00:00,Asia/Bangkok,80.6152703225807,24.576,23.44,28.73480193548389
9793,2022-03-28 01:00:00,Asia/Bangkok,82.63824565217396,18.94827586206896,18.06034482758621,28.26146791304345
9794,2022-03-28 02:00:00,Asia/Bangkok,82.46610973913042,19.53448275862069,18.75,28.04684565217392
9795,2022-03-28 03:00:00,Asia/Bangkok,84.18099905982903,23.34188034188034,22.39316239316239,27.57905880341879
9796,2022-03-28 04:00:00,Asia/Bangkok,84.18310441441442,21.39655172413793,20.45689655172414,27.55581765765768
9797,2022-03-28 05:00:00,Asia/Bangkok,84.47573232142854,20.30434782608696,19.36521739130435,27.46047071428572
9798,2022-03-28 06:00:00,Asia/Bangkok,85.30427009009016,19.52991452991453,18.63247863247863,27.01733645454545
9799,2022-03-28 07:00:00,Asia/Bangkok,86.47451363636362,21.44827586206896,20.62931034482759,26.65342172727272
9800,2022-03-28 08:00:00,Asia/Bangkok,86.31440348214292,23.8,22.90434782608695,26.97663619469026
9801,2022-03-28 09:00:00,Asia/Bangkok,80.89270672566374,23.4424778761062,22.63716814159292,29.06414414414413
9802,2022-03-28 10:00:00,Asia/Bangkok,71.00324137931031,14.77118644067797,14.15254237288136,31.50225017241379
9803,2022-03-28 11:00:00,Asia/Bangkok,63.59707936363638,14.10909090909091,13.49090909090909,33.42886836363636
9804,2022-03-28 12:00:00,Asia/Bangkok,59.35222728070178,15.10434782608696,14.60869565217391,34.9620835964912
9805,2022-03-28 13:00:00,Asia/Bangkok,55.88311570175439,14.00862068965517,13.50862068965517,35.81879035087721
9806,2022-03-28 14:00:00,Asia/Bangkok,51.03561062500001,13.52586206896552,13.13793103448276,37.62908098214285
9807,2022-03-28 15:00:00,Asia/Bangkok,54.53062142857141,53.07758620689656,50.91379310344828,36.48638336283185
9808,2022-03-28 16:00:00,Asia/Bangkok,67.30625947826088,60.37391304347826,51.06140350877193,32.15837736842104
9809,2022-03-28 17:00:00,Asia/Bangkok,65.70161189655175,15.5042735042735,14.54700854700855,31.9178394017094
9810,2022-03-28 18:00:00,Asia/Bangkok,68.72619955357146,16.31034482758621,15.3448275862069,30.61562991071429
9811,2022-03-28 19:00:00,Asia/Bangkok,70.3497703478261,27.04310344827586,25.38793103448276,30.7388854782609
9812,2022-03-28 20:00:00,Asia/Bangkok,71.29297287499999,18.30864197530864,17.50617283950617,30.28663898734176
9813,2022-03-28 21:00:00,Asia/Bangkok,75.88218816,55.86614173228347,50.56692913385827,29.43793727999997
9814,2022-03-28 22:00:00,Asia/Bangkok,81.0067102521008,77.91056910569105,69.64227642276423,28.5302880672269
9815,2022-03-28 23:00:00,Asia/Bangkok,83.01694063999997,71.79527559055119,60.38888888888889,28.30078256
9816,2022-03-29 00:00:00,Asia/Bangkok,84.00463747967481,57.75609756097561,48.30645161290322,28.06747548387098
9817,2022-03-29 01:00:00,Asia/Bangkok,83.23059513513515,41.33620689655172,35.87068965517241,27.95678318181814
9818,2022-03-29 02:00:00,Asia/Bangkok,84.76975054054056,33.25,30.6,27.44979963963963
9819,2022-03-29 03:00:00,Asia/Bangkok,85.81764684684683,33.08620689655172,30.47008547008547,27.15620540540538
9820,2022-03-29 04:00:00,Asia/Bangkok,86.55997389380533,34.60344827586207,31.45689655172414,27.00761415929204
9821,2022-03-29 05:00:00,Asia/Bangkok,86.1082957522124,28.66379310344828,27.3448275862069,26.80148247787611
9822,2022-03-29 06:00:00,Asia/Bangkok,86.95961342105264,26.06837606837607,24.98290598290598,26.48880350877192
9823,2022-03-29 07:00:00,Asia/Bangkok,86.72609570175432,21.72173913043478,20.83478260869565,26.42558495652174
9824,2022-03-29 08:00:00,Asia/Bangkok,89.54805196581201,31.85593220338983,29.22033898305085,26.76925499999998
9825,2022-03-29 09:00:00,Asia/Bangkok,85.11840669642854,22.29310344827586,20.95689655172414,29.03568432432432
9826,2022-03-29 10:00:00,Asia/Bangkok,73.88095672566371,11.25,10.80172413793103,31.435563125
9827,2022-03-29 11:00:00,Asia/Bangkok,64.87398601851854,7.945454545454545,7.709090909090909,33.19981425925927
9828,2022-03-29 12:00:00,Asia/Bangkok,62.0456515652174,6.982758620689655,6.71551724137931,33.67548182608696
9829,2022-03-29 13:00:00,Asia/Bangkok,57.21085991452991,8.837606837606838,8.324786324786325,35.20711589743589
9830,2022-03-29 14:00:00,Asia/Bangkok,55.83162637168139,10.3448275862069,9.810344827586206,35.39648743362831
9831,2022-03-29 15:00:00,Asia/Bangkok,71.24164321100918,15.0,13.52586206896552,31.28825752293579
9832,2022-03-29 16:00:00,Asia/Bangkok,86.66663863636366,6.991304347826087,6.539130434782609,26.46576890909091
9833,2022-03-29 17:00:00,Asia/Bangkok,79.06011034482758,10.72649572649573,10.27350427350427,29.18007750000001
9834,2022-03-29 18:00:00,Asia/Bangkok,75.44941941747571,14.53211009174312,13.93577981651376,30.42706504854369
9835,2022-03-29 19:00:00,Asia/Bangkok,78.71684666666667,17.40677966101695,16.77966101694915,29.47683965811968
9836,2022-03-29 20:00:00,Asia/Bangkok,83.41660333333333,35.37391304347826,31.50434782608696,28.30113649122806
9837,2022-03-29 21:00:00,Asia/Bangkok,85.349277027027,47.39473684210526,41.60526315789474,27.72450882882886
9838,2022-03-29 22:00:00,Asia/Bangkok,86.77371724137936,40.6551724137931,35.0948275862069,27.38039086206898
9839,2022-03-29 23:00:00,Asia/Bangkok,85.85054730434784,41.00847457627118,35.32203389830509,27.26132608695648
9840,2022-03-30 00:00:00,Asia/Bangkok,85.7742949122807,30.18965517241379,28.52586206896552,26.96559728070175
9841,2022-03-30 01:00:00,Asia/Bangkok,86.73808725663717,38.49137931034483,34.0,26.59993300884957
9842,2022-03-30 02:00:00,Asia/Bangkok,86.75614456140346,32.53448275862069,29.73275862068965,26.40208807017546
9843,2022-03-30 03:00:00,Asia/Bangkok,87.27770912280697,19.11206896551724,18.26724137931035,26.16939228070175
9844,2022-03-30 04:00:00,Asia/Bangkok,87.67740107142859,17.74782608695652,17.14782608695652,25.88068553571426
9845,2022-03-30 05:00:00,Asia/Bangkok,88.72257891891894,18.87179487179487,18.05128205128205,25.74153792792793
9846,2022-03-30 06:00:00,Asia/Bangkok,90.08299068965519,21.51282051282051,20.71794871794872,25.53641508620692
9847,2022-03-30 07:00:00,Asia/Bangkok,91.14205730434783,25.06896551724138,24.11206896551724,25.45035704347829
9848,2022-03-30 08:00:00,Asia/Bangkok,91.91976478260867,23.05172413793104,22.18103448275862,26.05389930434784
9849,2022-03-30 09:00:00,Asia/Bangkok,88.78776797872347,16.07291666666667,15.57291666666667,28.07430757894736
9850,2022-03-30 10:00:00,Asia/Bangkok,78.50212820000004,10.16,9.868686868686869,30.43166383838382
9851,2022-03-30 11:00:00,Asia/Bangkok,68.6719666346154,7.735849056603773,7.504672897196262,33.14635269230769
9852,2022-03-30 12:00:00,Asia/Bangkok,64.5145207826087,7.478632478632479,7.241379310344827,33.68222377192983
9853,2022-03-30 13:00:00,Asia/Bangkok,58.5863886607143,7.956140350877193,7.756521739130434,35.09887383928572
9854,2022-03-30 14:00:00,Asia/Bangkok,59.2771244736842,8.460869565217392,8.208695652173914,34.95142622807018
9855,2022-03-30 15:00:00,Asia/Bangkok,71.47531483050848,9.416666666666666,9.116666666666667,30.90111235294117
9856,2022-03-30 16:00:00,Asia/Bangkok,70.55663878571424,7.853146853146853,7.370629370629371,30.81182618705038
9857,2022-03-30 17:00:00,Asia/Bangkok,66.18162813008128,8.73015873015873,8.420634920634921,32.50939723577234
9858,2022-03-30 18:00:00,Asia/Bangkok,71.53186556521737,8.457627118644067,8.076271186440678,30.96579252173912
9859,2022-03-30 19:00:00,Asia/Bangkok,79.3322003571429,6.608695652173913,6.130434782608695,28.74258607142858
9860,2022-03-30 20:00:00,Asia/Bangkok,83.52814972727269,22.3448275862069,20.5948275862069,27.94435399999997
9861,2022-03-30 21:00:00,Asia/Bangkok,85.02041912280708,61.38793103448276,57.49137931034483,27.52306403508773
9862,2022-03-30 22:00:00,Asia/Bangkok,86.5114476521739,34.91304347826087,30.57391304347826,27.25665879310344
9863,2022-03-30 23:00:00,Asia/Bangkok,86.61048145299146,26.25641025641026,24.98290598290598,27.08487617391302
9864,2022-03-31 00:00:00,Asia/Bangkok,85.51643318584074,34.70689655172414,31.55172413793104,26.97387044247786
9865,2022-03-31 01:00:00,Asia/Bangkok,84.86010719298245,32.37068965517241,30.11206896551724,26.87813236842108
9866,2022-03-31 02:00:00,Asia/Bangkok,86.31349356521737,28.60169491525424,27.03389830508475,26.63591695652174
9867,2022-03-31 03:00:00,Asia/Bangkok,87.83670356521742,24.18103448275862,23.04310344827586,26.22277695652175
9868,2022-03-31 04:00:00,Asia/Bangkok,87.99256928571427,23.0,21.97413793103448,25.97543205357145
9869,2022-03-31 05:00:00,Asia/Bangkok,88.43204132743361,22.20869565217391,21.15652173913044,25.82664690265489
9870,2022-03-31 06:00:00,Asia/Bangkok,88.3088735964912,19.8448275862069,18.81896551724138,25.72755236842104
9871,2022-03-31 07:00:00,Asia/Bangkok,88.26077690265488,18.19642857142857,17.20535714285714,25.6784342477876
9872,2022-03-31 08:00:00,Asia/Bangkok,90.90301008695654,22.50862068965517,21.69827586206896,26.0890083478261
9873,2022-03-31 09:00:00,Asia/Bangkok,84.47891070175439,16.57391304347826,15.86086956521739,28.43027192982456
9874,2022-03-31 10:00:00,Asia/Bangkok,72.5635701785714,9.339130434782609,9.008695652173913,31.13171803571428
9875,2022-03-31 11:00:00,Asia/Bangkok,64.8472690990991,11.76785714285714,11.21428571428571,32.97939660714285
9876,2022-03-31 12:00:00,Asia/Bangkok,61.01052896551722,13.84615384615385,13.47008547008547,33.98092034782609
9877,2022-03-31 13:00:00,Asia/Bangkok,56.6223945945946,16.67857142857143,16.20535714285714,35.63735190909091
9878,2022-03-31 14:00:00,Asia/Bangkok,54.23081111111109,20.21367521367521,19.51282051282051,36.38137606837603
9879,2022-03-31 15:00:00,Asia/Bangkok,51.12322785714284,17.00862068965517,16.58620689655172,36.95255919642857
9880,2022-03-31 16:00:00,Asia/Bangkok,59.20692256637168,17.47413793103448,17.0,33.88576876106192
9881,2022-03-31 17:00:00,Asia/Bangkok,76.40731069565219,13.42241379310345,12.56896551724138,29.067538
9882,2022-03-31 18:00:00,Asia/Bangkok,86.40002584070797,7.182608695652174,6.773913043478261,25.69568212389379
9883,2022-03-31 19:00:00,Asia/Bangkok,85.95061163793105,5.598290598290598,5.333333333333333,25.67278698275863
9884,2022-03-31 20:00:00,Asia/Bangkok,88.77840895652173,8.232758620689655,7.905172413793103,25.10516426086956
9885,2022-03-31 21:00:00,Asia/Bangkok,88.36152699115046,8.339130434782609,7.878260869565217,25.42139433628319
9886,2022-03-31 22:00:00,Asia/Bangkok,88.1338357017544,7.017241379310345,6.310344827586207,25.34658131578948
9887,2022-03-31 23:00:00,Asia/Bangkok,87.55094035087718,6.957264957264957,6.230769230769231,25.77870850877193
9888,2022-04-01 00:00:00,Asia/Bangkok,88.24950392857144,6.862068965517241,6.28448275862069,25.67624125
9889,2022-04-01 01:00:00,Asia/Bangkok,91.01887464912284,11.8448275862069,11.43103448275862,25.18624385964913
9890,2022-04-01 02:00:00,Asia/Bangkok,90.16312324561403,16.60344827586207,15.55172413793103,25.24875817391304
9891,2022-04-01 03:00:00,Asia/Bangkok,90.18008189655178,19.67521367521368,18.04273504273504,25.18478443478261
9892,2022-04-01 04:00:00,Asia/Bangkok,90.35151276785716,19.25217391304348,17.87826086956522,25.04310651785716
9893,2022-04-01 05:00:00,Asia/Bangkok,90.94692615384615,21.82905982905983,20.54700854700855,25.01782521367522
9894,2022-04-01 06:00:00,Asia/Bangkok,90.76812858407075,21.11304347826087,19.82608695652174,24.95651778761064
9895,2022-04-01 07:00:00,Asia/Bangkok,90.60556491071428,22.94827586206896,21.80172413793104,24.81328598214285
9896,2022-04-01 08:00:00,Asia/Bangkok,92.32325088495574,21.87068965517241,20.89655172413793,25.17420929203541
9897,2022-04-01 09:00:00,Asia/Bangkok,89.49487900900905,19.61739130434783,18.92173913043478,26.93473846846847
9898,2022-04-01 10:00:00,Asia/Bangkok,77.35638072072068,13.60526315789474,13.07894736842105,29.66566594594593
9899,2022-04-01 11:00:00,Asia/Bangkok,68.52991580357141,13.33620689655172,12.86206896551724,31.94678803571428
9900,2022-04-01 12:00:00,Asia/Bangkok,62.44651151785713,12.88888888888889,12.4957264957265,33.30961205357143
9901,2022-04-01 13:00:00,Asia/Bangkok,57.01294945454546,11.5948275862069,11.27586206896552,34.71249581818181
9902,2022-04-01 14:00:00,Asia/Bangkok,59.5194910714286,12.99130434782609,12.69565217391304,34.62000383928572
9903,2022-04-01 15:00:00,Asia/Bangkok,61.44804079646021,13.33913043478261,13.04347826086956,34.54389707964601
9904,2022-04-01 16:00:00,Asia/Bangkok,65.6634324347826,14.23478260869565,13.77391304347826,33.41800157894737
9905,2022-04-01 17:00:00,Asia/Bangkok,69.60331226086954,14.31896551724138,13.78260869565217,32.19957782608695
9906,2022-04-01 18:00:00,Asia/Bangkok,74.92648371681418,18.08928571428572,17.39823008849558,29.52646610619469
9907,2022-04-01 19:00:00,Asia/Bangkok,75.31302495652172,17.8448275862069,16.98275862068965,29.14198130434782
9908,2022-04-01 20:00:00,Asia/Bangkok,79.86993362831858,55.24137931034483,45.05172413793103,28.44585946902652
9909,2022-04-01 21:00:00,Asia/Bangkok,82.50134469026551,49.69827586206897,41.21551724137931,27.9076581415929
9910,2022-04-01 22:00:00,Asia/Bangkok,85.02276652173913,33.94017094017094,30.16239316239316,27.06439860869566
9911,2022-04-01 23:00:00,Asia/Bangkok,85.68634175438596,29.54310344827586,27.73275862068965,26.87162140350876
9912,2022-04-02 00:00:00,Asia/Bangkok,84.9444673913044,31.22413793103448,29.43103448275862,27.05751140350877
9913,2022-04-02 01:00:00,Asia/Bangkok,84.42891217391303,28.74137931034483,27.31034482758621,27.08162452173913
9914,2022-04-02 02:00:00,Asia/Bangkok,84.31451684210525,22.56034482758621,21.68103448275862,27.00815736842106
9915,2022-04-02 03:00:00,Asia/Bangkok,85.37828298245611,20.1025641025641,19.23076923076923,26.67999236842106
9916,2022-04-02 04:00:00,Asia/Bangkok,87.52888095652177,27.1504424778761,25.4424778761062,26.3360723478261
9917,2022-04-02 05:00:00,Asia/Bangkok,88.215565,23.29310344827586,22.33620689655172,26.1275556140351
9918,2022-04-02 06:00:00,Asia/Bangkok,88.52526870689661,22.8448275862069,21.74137931034483,26.05655094827584
9919,2022-04-02 07:00:00,Asia/Bangkok,88.37070356521741,21.77586206896552,20.89655172413793,25.97722443478263
9920,2022-04-02 08:00:00,Asia/Bangkok,89.12091633928571,23.95689655172414,23.12068965517241,26.17680410714287
9921,2022-04-02 09:00:00,Asia/Bangkok,88.54236157894736,25.12068965517241,24.0948275862069,26.96100561403508
9922,2022-04-02 10:00:00,Asia/Bangkok,86.77529160714289,28.88888888888889,26.91452991452991,28.04021839285717
9923,2022-04-02 11:00:00,Asia/Bangkok,77.33079527272727,17.57272727272727,16.82727272727273,30.6393699090909
9924,2022-04-02 12:00:00,Asia/Bangkok,76.17519769911503,16.31896551724138,15.78448275862069,30.83972681415928
9925,2022-04-02 13:00:00,Asia/Bangkok,80.2382651304348,16.54310344827586,15.91379310344828,29.64356131578949
9926,2022-04-02 14:00:00,Asia/Bangkok,80.36230035398232,11.51724137931035,10.83620689655172,28.11896610619467
9927,2022-04-02 15:00:00,Asia/Bangkok,78.61437353982302,8.965811965811966,8.35897435897436,28.34707840707963
9928,2022-04-02 16:00:00,Asia/Bangkok,76.81371398230087,12.0948275862069,11.68103448275862,29.09210141592921
9929,2022-04-02 17:00:00,Asia/Bangkok,75.29403678260871,14.66379310344828,13.96551724137931,29.66775695652175
9930,2022-04-02 18:00:00,Asia/Bangkok,73.6116510526316,14.85217391304348,14.30434782608696,29.77898399999998
9931,2022-04-02 19:00:00,Asia/Bangkok,77.16126716814158,21.85344827586207,20.76724137931035,28.96782557522125
9932,2022-04-02 20:00:00,Asia/Bangkok,80.29269629310345,41.00862068965517,35.5,27.80488163793101
9933,2022-04-02 21:00:00,Asia/Bangkok,82.44702486486486,28.62931034482759,27.17241379310345,27.08848468468468
9934,2022-04-02 22:00:00,Asia/Bangkok,83.2176588596491,23.9304347826087,23.07826086956522,26.92774394736842
9935,2022-04-02 23:00:00,Asia/Bangkok,84.87725628318584,25.39655172413793,24.41379310344828,26.44817097345131
9936,2022-04-03 00:00:00,Asia/Bangkok,87.11081459459459,26.93103448275862,25.79310344827586,25.95759027027025
9937,2022-04-03 01:00:00,Asia/Bangkok,88.0094492857143,16.21551724137931,15.41379310344828,25.60898089285718
9938,2022-04-03 02:00:00,Asia/Bangkok,88.2963029090909,14.03478260869565,13.39130434782609,25.55485216216221
9939,2022-04-03 03:00:00,Asia/Bangkok,87.56450704347826,13.69827586206897,12.99137931034483,25.58970087719299
9940,2022-04-03 04:00:00,Asia/Bangkok,86.9154934482759,13.94827586206897,13.25,25.70851560344828
9941,2022-04-03 05:00:00,Asia/Bangkok,88.50955456140352,8.730434782608695,8.330434782608696,25.7144343859649
9942,2022-04-03 06:00:00,Asia/Bangkok,91.21029100000001,12.61206896551724,11.78448275862069,25.26111027272727
9943,2022-04-03 07:00:00,Asia/Bangkok,91.77130142857139,16.48717948717949,15.65811965811966,25.30344348214283
9944,2022-04-03 08:00:00,Asia/Bangkok,92.1688826956522,18.72413793103448,17.77391304347826,25.25084843478262
9945,2022-04-03 09:00:00,Asia/Bangkok,91.9694774107143,18.48695652173913,17.58620689655172,25.3515544642857
9946,2022-04-03 10:00:00,Asia/Bangkok,92.01399108108104,18.60344827586207,17.87931034482759,25.51835792792793
9947,2022-04-03 11:00:00,Asia/Bangkok,91.74119712962965,20.91743119266055,20.09174311926606,25.97912917431194
9948,2022-04-03 12:00:00,Asia/Bangkok,90.56858893805308,18.85470085470086,18.11111111111111,26.6738925
9949,2022-04-03 13:00:00,Asia/Bangkok,87.8619568468469,15.11206896551724,14.47413793103448,27.54881828828829
9950,2022-04-03 14:00:00,Asia/Bangkok,85.69493412280701,3.146551724137931,2.71551724137931,27.49059850877193
9951,2022-04-03 15:00:00,Asia/Bangkok,87.81219973451327,3.155172413793104,2.551724137931035,26.82083601769912
9952,2022-04-03 16:00:00,Asia/Bangkok,89.83542034782613,1.482758620689655,1.043103448275862,26.8525148695652
9953,2022-04-03 17:00:00,Asia/Bangkok,87.36423931034486,0.911504424778761,0.7079646017699115,26.96934405172416
9954,2022-04-03 18:00:00,Asia/Bangkok,89.05723710000001,1.68,1.22,26.61699069999999
9955,2022-04-03 19:00:00,Asia/Bangkok,90.16439820000004,2.566037735849056,2.188679245283019,26.55004725490195
9956,2022-04-03 20:00:00,Asia/Bangkok,90.08886503267972,8.753246753246753,8.214285714285714,26.4611588888889
9957,2022-04-03 21:00:00,Asia/Bangkok,90.54347352941177,10.72611464968153,9.9171974522293,26.09411928104572
9958,2022-04-03 22:00:00,Asia/Bangkok,90.9988739655172,9.982905982905983,9.367521367521368,25.73399551724139
9959,2022-04-03 23:00:00,Asia/Bangkok,92.03879254385966,0.3275862068965517,0.07758620689655173,25.00576087719299
9960,2022-04-04 00:00:00,Asia/Bangkok,92.31087880733942,0.1478260869565217,0.0,24.96626339449541
9961,2022-04-04 01:00:00,Asia/Bangkok,91.37910859649122,0.264957264957265,0.0,25.24593052631577
9962,2022-04-04 02:00:00,Asia/Bangkok,91.4878043362832,0.2241379310344828,0.008620689655172414,25.06876619469026
9963,2022-04-04 03:00:00,Asia/Bangkok,91.53571353982302,0.3247863247863248,0.05128205128205128,24.84133761061945
9964,2022-04-04 04:00:00,Asia/Bangkok,91.32201052173912,0.3826086956521739,0.03478260869565217,24.55879034782608
9965,2022-04-04 05:00:00,Asia/Bangkok,91.4436902586207,0.3275862068965517,0.05172413793103448,24.19089060344829
9966,2022-04-04 06:00:00,Asia/Bangkok,91.54622044247783,0.5344827586206896,0.3103448275862069,24.27613106194692
9967,2022-04-04 07:00:00,Asia/Bangkok,91.45700696428571,0.3675213675213675,0.1794871794871795,24.13717178571428
9968,2022-04-04 08:00:00,Asia/Bangkok,92.16571598214287,0.7844827586206896,0.5517241379310345,24.17010053571431
9969,2022-04-04 09:00:00,Asia/Bangkok,92.3288017699115,2.03448275862069,1.758620689655172,24.38254194690267
9970,2022-04-04 10:00:00,Asia/Bangkok,91.97650396396392,2.179487179487179,1.829059829059829,24.51628540540541
9971,2022-04-04 11:00:00,Asia/Bangkok,92.52337953488373,3.340909090909091,2.920454545454545,24.43969813953488
9972,2022-04-04 12:00:00,Asia/Bangkok,92.60852906474817,3.064285714285715,2.778571428571428,24.42349870503598
9973,2022-04-04 13:00:00,Asia/Bangkok,93.27651491228066,2.756521739130435,2.51304347826087,24.33979842105265
9974,2022-04-04 14:00:00,Asia/Bangkok,93.67342701754386,3.008620689655173,2.818965517241379,24.23160447368421
9975,2022-04-04 15:00:00,Asia/Bangkok,93.7152620535715,5.008695652173913,4.678260869565217,24.13004666666668
9976,2022-04-04 16:00:00,Asia/Bangkok,94.0162473043478,3.741379310344827,3.517241379310345,24.13543913043478
9977,2022-04-04 17:00:00,Asia/Bangkok,93.89677739130433,5.491379310344827,5.206896551724138,24.28300913043481
9978,2022-04-04 18:00:00,Asia/Bangkok,94.01013207207211,5.026086956521739,4.71304347826087,24.32302627272728
9979,2022-04-04 19:00:00,Asia/Bangkok,93.7303373043479,4.371681415929204,4.008849557522124,24.37614304347826
9980,2022-04-04 20:00:00,Asia/Bangkok,93.64520443478261,5.700854700854701,5.282051282051282,24.31126695652176
9981,2022-04-04 21:00:00,Asia/Bangkok,93.44933104347824,3.474137931034483,3.172413793103448,24.32768391304349
9982,2022-04-04 22:00:00,Asia/Bangkok,93.29638200000001,4.025862068965517,3.655172413793104,24.5114459130435
9983,2022-04-04 23:00:00,Asia/Bangkok,93.76220763157895,4.448275862068965,4.051724137931035,24.64336692982454
9984,2022-04-05 00:00:00,Asia/Bangkok,93.77478947368428,4.353448275862069,3.922413793103448,24.75699473684211
9985,2022-04-05 01:00:00,Asia/Bangkok,93.4479913043478,4.008620689655173,3.568965517241379,24.64742130434784
9986,2022-04-05 02:00:00,Asia/Bangkok,93.40017589285718,4.052173913043478,3.608695652173913,24.51636044642856
9987,2022-04-05 03:00:00,Asia/Bangkok,94.37849578947365,2.543103448275862,2.206896551724138,24.35385412280702
9988,2022-04-05 04:00:00,Asia/Bangkok,93.64921061403507,2.846153846153846,2.58974358974359,24.32199587719299
9989,2022-04-05 05:00:00,Asia/Bangkok,93.81952945454546,2.086206896551724,1.758620689655172,24.35502045454547
9990,2022-04-05 06:00:00,Asia/Bangkok,93.61329147826085,3.333333333333333,2.923076923076923,24.43758347826089
9991,2022-04-05 07:00:00,Asia/Bangkok,94.00596443478263,4.28448275862069,3.862068965517242,24.40080295652174
9992,2022-04-05 08:00:00,Asia/Bangkok,94.92149848214281,2.982758620689655,2.637931034482758,24.67126089285714
9993,2022-04-05 09:00:00,Asia/Bangkok,95.07886052631581,2.370689655172414,2.017241379310345,25.25630517543861
9994,2022-04-05 10:00:00,Asia/Bangkok,94.00600228070174,2.396551724137931,2.112068965517242,26.1531597368421
9995,2022-04-05 11:00:00,Asia/Bangkok,93.54245376146788,5.234234234234235,4.675675675675675,25.56956642201836
9996,2022-04-05 12:00:00,Asia/Bangkok,94.17543945945943,0.9646017699115044,0.7631578947368421,24.84908774774777
9997,2022-04-05 13:00:00,Asia/Bangkok,93.1564220869565,0.2155172413793103,0.1379310344827586,25.61903387931034
9998,2022-04-05 14:00:00,Asia/Bangkok,92.58018888888893,0.3162393162393162,0.1965811965811966,25.09181147826088
9999,2022-04-05 15:00:00,Asia/Bangkok,92.9546240178572,0.04310344827586207,0.01724137931034483,24.46710267857143
10000,2022-04-05 16:00:00,Asia/Bangkok,93.47309965517239,0.4224137931034483,0.2758620689655172,24.32090801724139
10001,2022-04-05 17:00:00,Asia/Bangkok,94.04642526315789,0.3017241379310345,0.1637931034482759,24.62268578947371
10002,2022-04-05 18:00:00,Asia/Bangkok,93.07657734513276,3.025862068965517,2.689655172413793,25.09109654867257
10003,2022-04-05 19:00:00,Asia/Bangkok,92.63948452173913,7.646551724137931,7.267241379310345,24.95532295652173
10004,2022-04-05 20:00:00,Asia/Bangkok,92.85583495495496,7.623931623931623,7.239316239316239,24.63697792792793
10005,2022-04-05 21:00:00,Asia/Bangkok,93.26475381818173,6.791304347826087,6.460869565217391,24.47819472727274
10006,2022-04-05 22:00:00,Asia/Bangkok,93.05526171171172,6.552631578947368,6.140350877192983,24.46059387387389
10007,2022-04-05 23:00:00,Asia/Bangkok,92.7432209565218,5.741379310344827,5.318965517241379,24.28133521739132
10008,2022-04-06 00:00:00,Asia/Bangkok,93.07543035087721,5.295652173913044,4.982608695652174,24.18745696428573
10009,2022-04-06 01:00:00,Asia/Bangkok,93.35674570175442,5.991379310344827,5.577586206896552,24.35001114035088
10010,2022-04-06 02:00:00,Asia/Bangkok,93.43657531531531,5.396551724137931,5.112068965517241,24.52049639639644
10011,2022-04-06 03:00:00,Asia/Bangkok,92.93225043859651,4.758620689655173,4.456896551724138,24.39849780701755
10012,2022-04-06 04:00:00,Asia/Bangkok,92.8255623214286,6.043103448275862,5.474137931034483,24.23595410714288
10013,2022-04-06 05:00:00,Asia/Bangkok,93.22336377192984,4.655172413793103,4.362068965517241,23.95251946902657
10014,2022-04-06 06:00:00,Asia/Bangkok,93.15966368421051,5.560344827586207,5.206896551724138,24.03383122807018
10015,2022-04-06 07:00:00,Asia/Bangkok,92.8487942982456,10.31623931623932,9.923076923076923,24.03570631578948
10016,2022-04-06 08:00:00,Asia/Bangkok,93.73853879310343,10.27586206896552,9.948275862068966,24.66584060344828
10017,2022-04-06 09:00:00,Asia/Bangkok,92.0876312931035,29.37931034482759,26.70689655172414,26.32409293103449
10018,2022-04-06 10:00:00,Asia/Bangkok,84.97449495652174,9.439655172413794,8.241379310344827,28.23209747826088
10019,2022-04-06 11:00:00,Asia/Bangkok,87.62088309090906,8.553571428571429,7.696428571428571,27.67960290909092
10020,2022-04-06 12:00:00,Asia/Bangkok,86.05287330357142,4.241379310344827,3.887931034482758,28.33743526785715
10021,2022-04-06 13:00:00,Asia/Bangkok,78.37365391304346,2.870689655172414,2.396551724137931,30.55655982608696
10022,2022-04-06 14:00:00,Asia/Bangkok,83.48331931034488,3.439655172413793,3.008620689655173,28.59292749999999
10023,2022-04-06 15:00:00,Asia/Bangkok,81.79275678571432,3.931034482758621,3.422413793103448,29.52451499999999
10024,2022-04-06 16:00:00,Asia/Bangkok,83.32057675438594,3.724137931034483,3.077586206896552,28.47416956140351
10025,2022-04-06 17:00:00,Asia/Bangkok,87.16591634615385,20.47619047619047,18.55238095238095,27.20271375
10026,2022-04-06 18:00:00,Asia/Bangkok,87.76281931818178,20.80434782608696,17.81521739130435,26.92090795454545
10027,2022-04-06 19:00:00,Asia/Bangkok,86.59625600000001,3.933962264150944,3.330188679245283,27.27555466666666
10028,2022-04-06 20:00:00,Asia/Bangkok,89.08435783018871,9.444444444444445,8.657407407407407,26.72825952830189
10029,2022-04-06 21:00:00,Asia/Bangkok,91.30248555555555,16.89719626168224,15.70093457943925,26.22419749999999
10030,2022-04-06 22:00:00,Asia/Bangkok,91.20904372881354,5.55,4.991666666666666,25.64422966101696
10031,2022-04-06 23:00:00,Asia/Bangkok,90.87029794392522,3.165137614678899,2.779816513761468,25.44567261682241
10032,2022-04-07 00:00:00,Asia/Bangkok,91.37133266055048,3.963963963963964,3.54054054054054,25.30912293577981
10033,2022-04-07 01:00:00,Asia/Bangkok,91.12370243902437,7.153225806451613,6.701612903225806,25.18018163934428
10034,2022-04-07 02:00:00,Asia/Bangkok,91.58947368000003,6.16,5.736,24.98026184
10035,2022-04-07 03:00:00,Asia/Bangkok,91.64921377049177,5.563492063492063,5.087301587301587,24.81637901639343
10036,2022-04-07 04:00:00,Asia/Bangkok,91.91274601694913,4.701612903225806,4.290322580645161,24.73029474576268
10037,2022-04-07 05:00:00,Asia/Bangkok,92.30785983050848,4.585365853658536,4.105691056910569,24.61855247863247
10038,2022-04-07 06:00:00,Asia/Bangkok,92.66767944881889,6.480314960629921,6.047244094488189,24.41812196850395
10039,2022-04-07 07:00:00,Asia/Bangkok,92.57508691666663,9.991869918699187,9.491803278688524,24.40996916666668
10040,2022-04-07 08:00:00,Asia/Bangkok,93.92081917355368,9.376,8.73015873015873,25.14763999999998
10041,2022-04-07 09:00:00,Asia/Bangkok,93.10243156521744,6.128205128205129,5.47008547008547,26.83186913043479
10042,2022-04-07 10:00:00,Asia/Bangkok,83.86655552631584,4.808695652173913,3.982608695652174,29.12879614035086
10043,2022-04-07 11:00:00,Asia/Bangkok,81.87426935779817,3.642201834862385,2.954128440366973,29.18516513761467
10044,2022-04-07 12:00:00,Asia/Bangkok,75.84100666666667,3.173913043478261,2.452173913043478,30.42339035087718
10045,2022-04-07 13:00:00,Asia/Bangkok,82.30658109090908,4.173913043478261,3.704347826086956,28.72802081818183
10046,2022-04-07 14:00:00,Asia/Bangkok,72.84767222222224,2.771929824561404,2.421052631578947,31.19204685185183
10047,2022-04-07 15:00:00,Asia/Bangkok,66.80261220183486,2.864864864864865,2.495495495495495,32.51937772727273
10048,2022-04-07 16:00:00,Asia/Bangkok,70.8225348076923,4.448598130841122,4.018691588785047,31.29344543689322
10049,2022-04-07 17:00:00,Asia/Bangkok,78.97788284403666,6.027272727272727,5.5,29.71359879629633
10050,2022-04-07 18:00:00,Asia/Bangkok,83.07220546296297,4.763636363636364,4.372727272727273,28.76372999999999
10051,2022-04-07 19:00:00,Asia/Bangkok,86.25144584070799,8.123893805309734,7.477876106194691,28.06719309734514
10052,2022-04-07 20:00:00,Asia/Bangkok,88.21379155963302,17.92727272727273,16.3,27.5907844036697
10053,2022-04-07 21:00:00,Asia/Bangkok,88.63073567567562,14.18018018018018,13.3963963963964,27.28914495495497
10054,2022-04-07 22:00:00,Asia/Bangkok,89.29725455882348,16.52205882352941,15.625,26.90934639705884
10055,2022-04-07 23:00:00,Asia/Bangkok,89.842866,16.72340425531915,16.0354609929078,26.57255900000001
10056,2022-04-08 00:00:00,Asia/Bangkok,89.50552226086955,16.54700854700855,15.78632478632479,26.46826434782608
10057,2022-04-08 01:00:00,Asia/Bangkok,90.59649385964909,25.60683760683761,24.22222222222222,26.22249429824564
10058,2022-04-08 02:00:00,Asia/Bangkok,90.73788133928574,18.56637168141593,17.60176991150442,26.01663178571428
10059,2022-04-08 03:00:00,Asia/Bangkok,90.38930803571428,11.44827586206897,10.9051724137931,25.87119651785716
10060,2022-04-08 04:00:00,Asia/Bangkok,90.07978098214286,15.06034482758621,14.23275862068965,25.75503830357141
10061,2022-04-08 05:00:00,Asia/Bangkok,90.66655913043482,15.81896551724138,15.02586206896552,25.64250921739131
10062,2022-04-08 06:00:00,Asia/Bangkok,91.04345747826092,16.68376068376068,15.88888888888889,25.46761034782609
10063,2022-04-08 07:00:00,Asia/Bangkok,91.88756099099099,14.97391304347826,14.27826086956522,25.3189017117117
10064,2022-04-08 08:00:00,Asia/Bangkok,92.65491442477877,17.09401709401709,16.00854700854701,25.62943794642857
10065,2022-04-08 09:00:00,Asia/Bangkok,92.75351963636368,13.66379310344828,12.64655172413793,26.55823454545453
10066,2022-04-08 10:00:00,Asia/Bangkok,87.49506693693696,10.47413793103448,9.46551724137931,28.28419216216216
10067,2022-04-08 11:00:00,Asia/Bangkok,83.87799690909085,7.144144144144144,6.288288288288288,28.85956490740741
10068,2022-04-08 12:00:00,Asia/Bangkok,83.84314215517249,5.603448275862069,4.75,28.65027189655174
10069,2022-04-08 13:00:00,Asia/Bangkok,81.1072524137931,6.025862068965517,5.422413793103448,29.0737025
10070,2022-04-08 14:00:00,Asia/Bangkok,80.56093179487176,6.880341880341881,6.170940170940171,29.35306880341883
10071,2022-04-08 15:00:00,Asia/Bangkok,79.42596053571427,6.495652173913044,5.704347826086956,29.54535169642854
10072,2022-04-08 16:00:00,Asia/Bangkok,81.66194780701754,7.418803418803419,6.692307692307693,28.91376640350878
10073,2022-04-08 17:00:00,Asia/Bangkok,82.00865045045043,6.318965517241379,5.775862068965517,28.62315495495497
10074,2022-04-08 18:00:00,Asia/Bangkok,82.84322796460178,5.353982300884955,4.920353982300885,28.36480212389381
10075,2022-04-08 19:00:00,Asia/Bangkok,84.54474424778762,7.017391304347826,6.4,27.73377419642858
10076,2022-04-08 20:00:00,Asia/Bangkok,85.6822337391304,10.8,10.08695652173913,27.61288400000001
10077,2022-04-08 21:00:00,Asia/Bangkok,87.1050473275862,18.95689655172414,17.73275862068965,27.17873439655174
10078,2022-04-08 22:00:00,Asia/Bangkok,88.61533814159291,15.58928571428571,14.70535714285714,26.98424371681417
10079,2022-04-08 23:00:00,Asia/Bangkok,89.17296652173911,17.25,16.16379310344828,26.68432947826086
10080,2022-04-09 00:00:00,Asia/Bangkok,90.34598695652176,19.6551724137931,18.54310344827586,26.15991886956524
10081,2022-04-09 01:00:00,Asia/Bangkok,89.93885147826084,21.57758620689655,20.30172413793104,26.03912973913044
10082,2022-04-09 02:00:00,Asia/Bangkok,90.98921271929831,20.81034482758621,19.78448275862069,25.91538394736843
10083,2022-04-09 03:00:00,Asia/Bangkok,90.64760750000002,21.77586206896552,20.55172413793104,25.69238774774777
10084,2022-04-09 04:00:00,Asia/Bangkok,90.47523387387389,20.85344827586207,19.68965517241379,25.42285090090091
10085,2022-04-09 05:00:00,Asia/Bangkok,90.67554095652177,18.86206896551724,17.83620689655172,25.26450260869566
10086,2022-04-09 06:00:00,Asia/Bangkok,89.99209919642858,22.10344827586207,20.60344827586207,25.14352812500003
10087,2022-04-09 07:00:00,Asia/Bangkok,89.8167349137931,23.23275862068965,22.24137931034483,24.96818525862069
10088,2022-04-09 08:00:00,Asia/Bangkok,90.54990034782607,27.46551724137931,26.43965517241379,25.18715547826086
10089,2022-04-09 09:00:00,Asia/Bangkok,86.12250455357139,22.29310344827586,21.37068965517241,27.18832342342342
10090,2022-04-09 10:00:00,Asia/Bangkok,75.78843129310343,15.00862068965517,14.1551724137931,29.75946801724138
10091,2022-04-09 11:00:00,Asia/Bangkok,70.84334398148145,9.418181818181818,9.072727272727272,30.99718629629629
10092,2022-04-09 12:00:00,Asia/Bangkok,66.83612113043478,10.41880341880342,10.06837606837607,32.28537652173912
10093,2022-04-09 13:00:00,Asia/Bangkok,60.62091120689654,9.327586206896552,9.043103448275861,33.28739068965518
10094,2022-04-09 14:00:00,Asia/Bangkok,58.16004821428572,10.88034188034188,10.43589743589744,33.69804812500004
10095,2022-04-09 15:00:00,Asia/Bangkok,61.15571324324324,12.61206896551724,12.25862068965517,33.5650927027027
10096,2022-04-09 16:00:00,Asia/Bangkok,67.04622477876103,9.75,9.379310344827585,32.58032964601772
10097,2022-04-09 17:00:00,Asia/Bangkok,69.88239269565213,12.64347826086957,12.01739130434783,31.71246234782607
10098,2022-04-09 18:00:00,Asia/Bangkok,74.20058157894735,17.35042735042735,16.52991452991453,30.71574447368423
10099,2022-04-09 19:00:00,Asia/Bangkok,76.12845122807019,19.48275862068965,18.42241379310345,30.07465324561404
10100,2022-04-09 20:00:00,Asia/Bangkok,79.71925974137933,27.49137931034483,25.02586206896552,29.0174400862069
10101,2022-04-09 21:00:00,Asia/Bangkok,82.78843495726493,24.74358974358974,23.1025641025641,28.36840367521366
10102,2022-04-09 22:00:00,Asia/Bangkok,84.96795732758619,41.93103448275862,36.75,27.89651921739131
10103,2022-04-09 23:00:00,Asia/Bangkok,86.88414587719298,55.79646017699115,46.83185840707964,27.54275739130436
10104,2022-04-10 00:00:00,Asia/Bangkok,87.89269843478257,41.12820512820513,35.43589743589744,27.35968105263155
10105,2022-04-10 01:00:00,Asia/Bangkok,88.0961322807018,41.62068965517241,35.6551724137931,27.11970043859651
10106,2022-04-10 02:00:00,Asia/Bangkok,88.01019821428578,46.66379310344828,39.13793103448276,26.93594098214287
10107,2022-04-10 03:00:00,Asia/Bangkok,87.4347383478261,33.95689655172414,31.08620689655172,26.65421356521739
10108,2022-04-10 04:00:00,Asia/Bangkok,87.70392714285711,28.1140350877193,27.01754385964912,26.41603821428572
10109,2022-04-10 05:00:00,Asia/Bangkok,87.50827460869567,28.14655172413793,27.16379310344828,26.07291373913043
10110,2022-04-10 06:00:00,Asia/Bangkok,88.06312191304347,26.1551724137931,25.22413793103448,25.85251113043479
10111,2022-04-10 07:00:00,Asia/Bangkok,88.75819212389378,25.38260869565217,24.38260869565217,25.56722194690269
10112,2022-04-10 08:00:00,Asia/Bangkok,90.5908200900901,23.28070175438597,22.1140350877193,25.95352585585587
10113,2022-04-10 09:00:00,Asia/Bangkok,87.62300860869563,14.38793103448276,13.79310344827586,27.59425991304348
10114,2022-04-10 10:00:00,Asia/Bangkok,76.53249054054054,12.87068965517241,12.06896551724138,30.2128149107143
10115,2022-04-10 11:00:00,Asia/Bangkok,68.81365198198199,13.59459459459459,13.0,31.33875327272727
10116,2022-04-10 12:00:00,Asia/Bangkok,61.82686596491229,14.76068376068376,14.15384615384615,32.88437956140351
10117,2022-04-10 13:00:00,Asia/Bangkok,58.19284125000001,15.91379310344828,15.29310344827586,33.72005526785716
10118,2022-04-10 14:00:00,Asia/Bangkok,56.15515104347826,18.65789473684211,18.14035087719298,34.47999657894736
10119,2022-04-10 15:00:00,Asia/Bangkok,54.3447497345133,21.38983050847458,20.80508474576271,34.8730556637168
10120,2022-04-10 16:00:00,Asia/Bangkok,55.26951535087719,21.04310344827586,20.26724137931035,34.87628105263158
10121,2022-04-10 17:00:00,Asia/Bangkok,68.32094778761062,21.19642857142857,19.54464285714286,32.71134132743362
10122,2022-04-10 18:00:00,Asia/Bangkok,71.58368922413791,25.56302521008404,23.63025210084034,31.73104551724138
10123,2022-04-10 19:00:00,Asia/Bangkok,75.70589486725666,34.48275862068966,30.54310344827586,30.70315464285714
10124,2022-04-10 20:00:00,Asia/Bangkok,78.6893957391305,56.65811965811966,46.58974358974359,30.37355869565219
10125,2022-04-10 21:00:00,Asia/Bangkok,81.33592714285716,74.83760683760684,61.63793103448276,29.80654508928572
10126,2022-04-10 22:00:00,Asia/Bangkok,84.16274104347825,55.62068965517241,45.47008547008547,29.03874452173914
10127,2022-04-10 23:00:00,Asia/Bangkok,86.24481558558557,55.26724137931034,46.25,28.56654936936937
10128,2022-04-11 00:00:00,Asia/Bangkok,87.24688298245614,51.29059829059829,42.1965811965812,28.34486666666668
10129,2022-04-11 01:00:00,Asia/Bangkok,87.6974457391304,43.9,37.09090909090909,28.37009286956523
10130,2022-04-11 02:00:00,Asia/Bangkok,87.26246214285719,42.25,36.07758620689656,28.27997241071428
10131,2022-04-11 03:00:00,Asia/Bangkok,87.36041123893811,41.4051724137931,35.42241379310344,28.04018035398232
10132,2022-04-11 04:00:00,Asia/Bangkok,87.84737410714288,40.64655172413793,35.08620689655172,27.58516945945946
10133,2022-04-11 05:00:00,Asia/Bangkok,88.92391217391305,41.13675213675214,35.39316239316239,27.16654026086957
10134,2022-04-11 06:00:00,Asia/Bangkok,89.07238438596487,45.95689655172414,38.68965517241379,26.92427771929826
10135,2022-04-11 07:00:00,Asia/Bangkok,89.3088047413793,47.88034188034188,40.30769230769231,26.73935551724138
10136,2022-04-11 08:00:00,Asia/Bangkok,90.68913736363636,41.27586206896552,35.81034482758621,27.15599963636363
10137,2022-04-11 09:00:00,Asia/Bangkok,87.38258210526315,31.93965517241379,29.81034482758621,28.57526371681416
10138,2022-04-11 10:00:00,Asia/Bangkok,80.09686642857142,24.08695652173913,22.85217391304348,29.93297955357142
10139,2022-04-11 11:00:00,Asia/Bangkok,73.00870889908256,26.69642857142857,24.69369369369369,31.3362481651376
10140,2022-04-11 12:00:00,Asia/Bangkok,67.29248973451327,26.3448275862069,25.17241379310345,32.73022353982299
10141,2022-04-11 13:00:00,Asia/Bangkok,59.84114678260872,33.8448275862069,31.26724137931035,34.59349356521738
10142,2022-04-11 14:00:00,Asia/Bangkok,59.46470785046729,39.12280701754386,34.5575221238938,34.58784301886794
10143,2022-04-11 15:00:00,Asia/Bangkok,58.36174377192984,50.31896551724138,41.93162393162393,34.17883491228071
10144,2022-04-11 16:00:00,Asia/Bangkok,55.2144900877193,52.8,43.86086956521739,34.83076964912283
10145,2022-04-11 17:00:00,Asia/Bangkok,71.40661350877193,42.53448275862069,37.31034482758621,32.2870914159292
10146,2022-04-11 18:00:00,Asia/Bangkok,75.4411125438596,30.05217391304348,28.11304347826087,31.25067745614036
10147,2022-04-11 19:00:00,Asia/Bangkok,77.04006679245282,38.07758620689656,33.81034482758621,30.72440594339623
10148,2022-04-11 20:00:00,Asia/Bangkok,74.74230831858407,41.3448275862069,35.68965517241379,29.09054176991151
10149,2022-04-11 21:00:00,Asia/Bangkok,83.14101500000002,48.49137931034483,40.5948275862069,27.22384552631577
10150,2022-04-11 22:00:00,Asia/Bangkok,83.22046371681414,78.86725663716814,68.50442477876106,27.48534477876104
10151,2022-04-11 23:00:00,Asia/Bangkok,85.32010652173909,47.23275862068966,39.6551724137931,26.86124513043477
10152,2022-04-12 00:00:00,Asia/Bangkok,85.8875792035398,47.48275862068966,39.67241379310344,26.87927592920354
10153,2022-04-12 01:00:00,Asia/Bangkok,85.80112603448272,44.54700854700855,37.83760683760683,26.81483741379309
10154,2022-04-12 02:00:00,Asia/Bangkok,87.18647172413796,46.48275862068966,39.06896551724138,26.73023922413795
10155,2022-04-12 03:00:00,Asia/Bangkok,87.5425209565218,45.81034482758621,38.61206896551724,26.64002336206896
10156,2022-04-12 04:00:00,Asia/Bangkok,88.5673248245614,47.13675213675214,39.47008547008547,26.47595920353982
10157,2022-04-12 05:00:00,Asia/Bangkok,88.65633741379314,46.18103448275862,38.96551724137931,26.40938163793104
10158,2022-04-12 06:00:00,Asia/Bangkok,88.37177086206896,45.43103448275862,38.36206896551724,26.34119887931034
10159,2022-04-12 07:00:00,Asia/Bangkok,89.07119289473682,50.20689655172414,42.37391304347826,26.26969403508774
10160,2022-04-12 08:00:00,Asia/Bangkok,90.13693446428567,52.42241379310344,44.11965811965812,26.74702144144143
10161,2022-04-12 09:00:00,Asia/Bangkok,87.69897269565219,52.93103448275862,43.93965517241379,28.31631695652173
10162,2022-04-12 10:00:00,Asia/Bangkok,76.51324592920352,49.1025641025641,41.30769230769231,31.28530991071429
10163,2022-04-12 11:00:00,Asia/Bangkok,66.90480495412845,51.73636363636363,43.39090909090909,33.85993100917431
10164,2022-04-12 12:00:00,Asia/Bangkok,62.38765867256641,54.29310344827586,45.22413793103448,34.91400867256639
10165,2022-04-12 13:00:00,Asia/Bangkok,62.61982808695656,56.01709401709402,46.36752136752137,34.32016739130436
10166,2022-04-12 14:00:00,Asia/Bangkok,60.03977786324786,56.24786324786325,46.49572649572649,34.83370324786323
10167,2022-04-12 15:00:00,Asia/Bangkok,59.78409903508773,56.22413793103448,46.3448275862069,34.68010596491229
10168,2022-04-12 16:00:00,Asia/Bangkok,62.73749548672566,51.11206896551724,42.80172413793103,33.96221575221239
10169,2022-04-12 17:00:00,Asia/Bangkok,81.58042313043484,53.94017094017094,44.64957264957265,28.88727368421053
10170,2022-04-12 18:00:00,Asia/Bangkok,82.32270081818186,54.6283185840708,45.00884955752213,28.44076781818182
10171,2022-04-12 19:00:00,Asia/Bangkok,83.51970546218489,73.73949579831933,64.92436974789916,27.84946672268909
10172,2022-04-12 20:00:00,Asia/Bangkok,85.57426946902648,74.01724137931035,63.45689655172414,27.71140309734513
10173,2022-04-12 21:00:00,Asia/Bangkok,85.96148827586208,57.86324786324786,47.37606837606837,27.76517387931036
10174,2022-04-12 22:00:00,Asia/Bangkok,86.36013330434788,58.23275862068966,47.56034482758621,27.78137156521739
10175,2022-04-12 23:00:00,Asia/Bangkok,86.99178905172407,62.22222222222222,50.39316239316239,27.60488551724137
10176,2022-04-13 00:00:00,Asia/Bangkok,86.20434570175438,59.1551724137931,48.42241379310344,27.30407280701755
10177,2022-04-13 01:00:00,Asia/Bangkok,85.93587063063063,53.82456140350877,44.53508771929825,27.00642711711709
10178,2022-04-13 02:00:00,Asia/Bangkok,84.2030972807018,44.22413793103448,37.75862068965517,26.6359297368421
10179,2022-04-13 03:00:00,Asia/Bangkok,85.87472267241382,41.21739130434783,35.6,26.51205275862069
10180,2022-04-13 04:00:00,Asia/Bangkok,88.43792580357142,42.72173913043478,36.62068965517241,26.09478660714288
10181,2022-04-13 05:00:00,Asia/Bangkok,89.01471991150443,42.46551724137931,36.47413793103448,25.84125026548673
10182,2022-04-13 06:00:00,Asia/Bangkok,88.66122115044244,39.68103448275862,34.69827586206897,25.92991221238939
10183,2022-04-13 07:00:00,Asia/Bangkok,89.0317184545455,39.37068965517241,34.5,25.81166288288289
10184,2022-04-13 08:00:00,Asia/Bangkok,88.6122055652174,38.27350427350427,33.85470085470085,26.2160303508772
10185,2022-04-13 09:00:00,Asia/Bangkok,83.92818627272727,37.69827586206897,33.66379310344828,27.67537881818183
10186,2022-04-13 10:00:00,Asia/Bangkok,75.42764115044248,42.31896551724138,36.36206896551724,30.39411150442476
10187,2022-04-13 11:00:00,Asia/Bangkok,68.14250737373739,45.1,38.43,32.77392060606061
10188,2022-04-13 14:00:00,Asia/Bangkok,62.20187749999999,58.5,48.25,34.6859475
10189,2022-04-13 15:00:00,Asia/Bangkok,60.42163087719298,47.94827586206897,40.68103448275862,34.49175368421052
10190,2022-04-13 16:00:00,Asia/Bangkok,61.54935230769227,48.30769230769231,40.78632478632478,34.45437957264956
10191,2022-04-13 17:00:00,Asia/Bangkok,62.3361692857143,50.81739130434783,42.62608695652174,34.46383625
10192,2022-04-13 18:00:00,Asia/Bangkok,67.28487336283183,49.76724137931034,41.6551724137931,32.39130415929204
10193,2022-04-13 19:00:00,Asia/Bangkok,72.83566654545456,71.54310344827586,61.0,30.6485701818182
10194,2022-04-13 20:00:00,Asia/Bangkok,77.07269893805311,58.62068965517241,49.0948275862069,28.44975867256638
10195,2022-04-13 21:00:00,Asia/Bangkok,79.58966778761067,40.63793103448276,35.23275862068966,27.40367548672565
10196,2022-04-13 22:00:00,Asia/Bangkok,79.52444061403509,45.06086956521739,40.06896551724138,27.73291973684212
10197,2022-04-13 23:00:00,Asia/Bangkok,79.54383654867262,38.81196581196581,34.11965811965812,27.58069725663715
10198,2022-04-14 00:00:00,Asia/Bangkok,80.06329803571433,37.81739130434783,33.44347826086957,27.36008963963963
10199,2022-04-14 01:00:00,Asia/Bangkok,80.00195769911507,34.05172413793103,31.37068965517241,27.31385336283184
10200,2022-04-14 02:00:00,Asia/Bangkok,80.06261500000001,38.44827586206897,34.13793103448276,27.02574318965515
10201,2022-04-14 03:00:00,Asia/Bangkok,83.15030948717947,36.14529914529915,32.55555555555556,26.51327991452991
10202,2022-04-14 04:00:00,Asia/Bangkok,84.62483392857145,37.21551724137931,33.1551724137931,26.32274312500002
10203,2022-04-14 05:00:00,Asia/Bangkok,85.51777062500001,35.96551724137931,32.56896551724138,26.02585892857144
10204,2022-04-14 06:00:00,Asia/Bangkok,85.98921884955755,35.51724137931034,32.28448275862069,26.07564513274336
10205,2022-04-14 07:00:00,Asia/Bangkok,87.19499256637161,38.50427350427351,34.11111111111111,25.85360142857141
10206,2022-04-14 08:00:00,Asia/Bangkok,87.2013725892857,40.21551724137931,35.18965517241379,26.4322744642857
10207,2022-04-14 09:00:00,Asia/Bangkok,82.05441716814161,43.07758620689656,36.97413793103448,28.27944725663717
10208,2022-04-14 10:00:00,Asia/Bangkok,75.72668499999997,39.89655172413793,34.87068965517241,30.51791206896552
10209,2022-04-14 11:00:00,Asia/Bangkok,68.14434814159287,39.74561403508772,34.81578947368421,32.55118901785714
10210,2022-04-14 12:00:00,Asia/Bangkok,63.60272104347827,39.30172413793103,34.64655172413793,33.85244356521739
10211,2022-04-14 13:00:00,Asia/Bangkok,59.65723973451327,38.04385964912281,33.90350877192982,34.75764070796459
10212,2022-04-14 14:00:00,Asia/Bangkok,57.92424944444443,38.75229357798165,34.43636363636364,35.49842407407407
10213,2022-04-14 15:00:00,Asia/Bangkok,56.80744023255814,44.10344827586207,37.82758620689656,35.59390837209303
10214,2022-04-14 16:00:00,Asia/Bangkok,60.40354147826086,37.9059829059829,33.84615384615385,34.91565130434784
10215,2022-04-14 17:00:00,Asia/Bangkok,64.55454315315316,22.41379310344828,21.72413793103448,32.58936306306305
10216,2022-04-14 18:00:00,Asia/Bangkok,70.65962633928571,34.86086956521739,31.66086956521739,31.27984901785716
10217,2022-04-14 19:00:00,Asia/Bangkok,73.35863920353982,52.46902654867257,44.94690265486726,30.14014460176992
10218,2022-04-14 20:00:00,Asia/Bangkok,73.99240431034487,51.87068965517241,43.22413793103448,30.20421663793104
10219,2022-04-14 21:00:00,Asia/Bangkok,76.8100951282051,54.52631578947368,45.87719298245614,29.29701641025641
10220,2022-04-14 22:00:00,Asia/Bangkok,84.52918831858405,45.37931034482759,38.53448275862069,27.84052106194689
10221,2022-04-14 23:00:00,Asia/Bangkok,83.61818765765764,33.0353982300885,30.70796460176991,27.34815684684685
10222,2022-04-15 00:00:00,Asia/Bangkok,84.6946726956521,33.06837606837607,30.8974358974359,26.6797335652174
10223,2022-04-15 01:00:00,Asia/Bangkok,85.89146754385966,28.81739130434783,27.46956521739131,26.65230210526316
10224,2022-04-15 02:00:00,Asia/Bangkok,86.19618460869567,22.82758620689655,22.01724137931035,26.61615539130435
10225,2022-04-15 03:00:00,Asia/Bangkok,86.54951713043477,21.72649572649573,21.03418803418803,26.62474956521741
10226,2022-04-15 04:00:00,Asia/Bangkok,87.36981280701757,21.76724137931035,20.57758620689655,26.38230946902654
10227,2022-04-15 05:00:00,Asia/Bangkok,86.83682309734515,17.70434782608696,16.87826086956522,26.43609380530973
10228,2022-04-15 06:00:00,Asia/Bangkok,87.07399644859815,18.12931034482759,17.4051724137931,26.30521700934579
10229,2022-04-15 07:00:00,Asia/Bangkok,88.27821026548672,18.12068965517241,17.50862068965517,26.15039008849557
10230,2022-04-15 08:00:00,Asia/Bangkok,89.43830139130438,22.22222222222222,21.35897435897436,26.58447991304347
10231,2022-04-15 09:00:00,Asia/Bangkok,81.89498132743367,27.44827586206896,26.45689655172414,28.86498230088496
10232,2022-04-15 10:00:00,Asia/Bangkok,73.66110018018016,30.53448275862069,29.1304347826087,31.4297188288288
10233,2022-04-15 11:00:00,Asia/Bangkok,67.41217541284405,33.90350877192982,31.52173913043478,32.8407223853211
10234,2022-04-15 12:00:00,Asia/Bangkok,57.19581410714289,31.8,30.29565217391304,35.51213080357144
10235,2022-04-15 13:00:00,Asia/Bangkok,57.08873817391304,31.48717948717949,29.95726495726496,35.01226869565218
10236,2022-04-15 14:00:00,Asia/Bangkok,54.89102982758623,31.57758620689655,30.02586206896552,35.36165982758619
10237,2022-04-15 15:00:00,Asia/Bangkok,53.30373045454543,35.32432432432432,32.73636363636363,36.44968972727273
10238,2022-04-15 16:00:00,Asia/Bangkok,56.29196460869565,41.88888888888889,36.50427350427351,35.79409643478261
10239,2022-04-15 17:00:00,Asia/Bangkok,59.81048227272726,43.03418803418803,37.47863247863248,34.81440554545456
10240,2022-04-15 18:00:00,Asia/Bangkok,71.35959254545453,62.37391304347826,52.15652173913043,31.83111290909089
10241,2022-04-15 19:00:00,Asia/Bangkok,75.08631464912284,49.03418803418803,41.14529914529915,30.86396947368421
10242,2022-04-15 20:00:00,Asia/Bangkok,77.61208389380532,52.72413793103448,44.14655172413793,29.7254192920354
10243,2022-04-15 21:00:00,Asia/Bangkok,77.76580925925924,56.42342342342342,46.45045045045045,29.77045598130843
10244,2022-04-15 22:00:00,Asia/Bangkok,82.56781365217391,72.82608695652173,64.28695652173913,28.7571301724138
10245,2022-04-15 23:00:00,Asia/Bangkok,83.73251608695654,58.2051282051282,48.30769230769231,28.69962666666668
10246,2022-04-16 00:00:00,Asia/Bangkok,83.07505026086959,55.14782608695652,45.53043478260869,28.73581672566372
10247,2022-04-16 01:00:00,Asia/Bangkok,82.84039185840706,52.25,43.44827586206897,28.54222734513273
10248,2022-04-16 02:00:00,Asia/Bangkok,84.92968580357145,50.71551724137931,42.37931034482759,27.97915821428573
10249,2022-04-16 03:00:00,Asia/Bangkok,86.31761698275858,51.91379310344828,43.07758620689656,27.4862842241379
10250,2022-04-16 04:00:00,Asia/Bangkok,86.94408377192984,49.01754385964912,40.91228070175438,27.08725929824557
10251,2022-04-16 05:00:00,Asia/Bangkok,87.01728973913042,43.75862068965517,37.25,27.07020121739133
10252,2022-04-16 06:00:00,Asia/Bangkok,87.66467385964916,46.32478632478632,39.00854700854701,26.71871096491227
10253,2022-04-16 07:00:00,Asia/Bangkok,87.90608598130846,46.02752293577981,38.90825688073394,26.53696233644861
10254,2022-04-16 08:00:00,Asia/Bangkok,89.02605643478257,45.32758620689656,38.50862068965517,27.0835548695652
10255,2022-04-16 09:00:00,Asia/Bangkok,84.0319056637168,39.45689655172414,34.68965517241379,29.0397110619469
10256,2022-04-16 10:00:00,Asia/Bangkok,71.76027452173913,36.62068965517241,32.95689655172414,31.91950646017698
10257,2022-04-16 11:00:00,Asia/Bangkok,62.52156696428573,35.31304347826087,32.42608695652174,34.18936473214284
10258,2022-04-16 12:00:00,Asia/Bangkok,61.50047522123891,60.83035714285715,54.84821428571428,34.4852195614035
10259,2022-04-16 13:00:00,Asia/Bangkok,55.76929678260868,35.87179487179487,32.58119658119658,35.47038219298246
10260,2022-04-16 14:00:00,Asia/Bangkok,50.21083758620692,32.72413793103448,30.81034482758621,36.66312086206896
10261,2022-04-16 15:00:00,Asia/Bangkok,52.3114396226415,33.25454545454546,31.20909090909091,36.00049547169811
10262,2022-04-16 16:00:00,Asia/Bangkok,53.03526491525422,33.4406779661017,31.23728813559322,36.31099355932203
10263,2022-04-16 17:00:00,Asia/Bangkok,65.68035034782606,39.07758620689656,34.54310344827586,33.95923173913044
10264,2022-04-16 18:00:00,Asia/Bangkok,68.34894017699116,37.10344827586207,33.29310344827586,32.66986876106193
10265,2022-04-16 19:00:00,Asia/Bangkok,67.17421123893804,46.94827586206897,40.4051724137931,30.97820530973451
10266,2022-04-16 20:00:00,Asia/Bangkok,71.50235704347827,43.13793103448276,36.73275862068966,30.62255121739132
10267,2022-04-16 21:00:00,Asia/Bangkok,75.17791938053098,43.68695652173913,37.06086956521739,29.96345619469027
10268,2022-04-16 22:00:00,Asia/Bangkok,76.91106860869566,34.88793103448276,31.67241379310345,29.62986260869565
10269,2022-04-16 23:00:00,Asia/Bangkok,79.50649747826081,45.17094017094017,39.12820512820513,29.13640608695652
10270,2022-04-17 00:00:00,Asia/Bangkok,81.80572408695653,43.72413793103448,37.29310344827586,28.69120965217392
10271,2022-04-17 01:00:00,Asia/Bangkok,85.51253543859649,45.92241379310344,38.76724137931034,27.83052736842104
10272,2022-04-17 02:00:00,Asia/Bangkok,85.303274122807,43.8448275862069,37.20689655172414,27.91663324561402
10273,2022-04-17 03:00:00,Asia/Bangkok,84.84054860869566,39.92307692307692,34.81196581196581,27.94419
10274,2022-04-17 04:00:00,Asia/Bangkok,84.99898860869563,39.6551724137931,34.76724137931034,27.68639860869567
10275,2022-04-17 05:00:00,Asia/Bangkok,85.68775339130438,40.75862068965517,35.25,27.48589070175437
10276,2022-04-17 06:00:00,Asia/Bangkok,86.91375348214285,41.87931034482759,35.94827586206897,27.0799466964286
10277,2022-04-17 07:00:00,Asia/Bangkok,88.18674893805309,42.37606837606837,36.41025641025641,26.95650079646017
10278,2022-04-17 08:00:00,Asia/Bangkok,87.88035991071422,44.52631578947368,37.81578947368421,27.37582919642857
10279,2022-04-17 09:00:00,Asia/Bangkok,82.60577617391309,42.76724137931034,36.9051724137931,29.15695939130435
10280,2022-04-17 10:00:00,Asia/Bangkok,74.98804886956519,34.95726495726495,31.91452991452991,30.96244799999999
10281,2022-04-17 11:00:00,Asia/Bangkok,68.78786896551722,31.32758620689655,29.82758620689655,32.44348376068376
10282,2022-04-17 12:00:00,Asia/Bangkok,62.6406324786325,29.76068376068376,28.60683760683761,34.07755353448275
10283,2022-04-17 13:00:00,Asia/Bangkok,61.41173672727272,29.6,28.60869565217391,34.18787454545456
10284,2022-04-17 14:00:00,Asia/Bangkok,74.7223823478261,29.64102564102564,28.0,30.62027591304347
10285,2022-04-17 15:00:00,Asia/Bangkok,71.40390925233648,23.2,22.44545454545455,31.29326635514019
10286,2022-04-17 16:00:00,Asia/Bangkok,65.01477061403507,17.53448275862069,17.0,33.36155000000001
10287,2022-04-17 17:00:00,Asia/Bangkok,64.0248214035088,18.35652173913044,17.71304347826087,33.01946789473685
10288,2022-04-17 18:00:00,Asia/Bangkok,66.50970396396396,23.06896551724138,22.17241379310345,32.42868594594595
10289,2022-04-17 19:00:00,Asia/Bangkok,69.33876280701753,33.73275862068966,30.86206896551724,30.79159149122807
10290,2022-04-17 20:00:00,Asia/Bangkok,75.56403008620688,53.38793103448276,43.75862068965517,29.62595232758619
10291,2022-04-17 21:00:00,Asia/Bangkok,80.16360321739128,60.20869565217392,48.72173913043478,28.78209121739128
10292,2022-04-17 22:00:00,Asia/Bangkok,81.38373895652173,51.03448275862069,42.35344827586207,28.62312660869566
10293,2022-04-17 23:00:00,Asia/Bangkok,81.65456209090914,53.82905982905983,43.97435897435897,28.50126263636363
10294,2022-04-18 00:00:00,Asia/Bangkok,83.86218053571427,51.91379310344828,42.93965517241379,27.93056758928572
10295,2022-04-18 01:00:00,Asia/Bangkok,84.88537405172411,47.80172413793103,40.04310344827586,27.8358924137931
10296,2022-04-18 02:00:00,Asia/Bangkok,86.13126477876106,46.86324786324786,39.35042735042735,27.6322836283186
10297,2022-04-18 03:00:00,Asia/Bangkok,86.80424913043473,47.14529914529915,39.5982905982906,27.47493139130432
10298,2022-04-18 04:00:00,Asia/Bangkok,87.87231678260865,46.17391304347826,38.8,27.26040956140347
10299,2022-04-18 05:00:00,Asia/Bangkok,88.11823826086952,42.0948275862069,35.89655172413793,27.07646999999999
10300,2022-04-18 06:00:00,Asia/Bangkok,87.82409210526312,37.02586206896552,32.97413793103448,26.90532754385967
10301,2022-04-18 07:00:00,Asia/Bangkok,87.15707495575217,30.89565217391304,29.2695652173913,26.89066495575222
10302,2022-04-18 08:00:00,Asia/Bangkok,88.28154930434785,38.29310344827586,33.96551724137931,27.22141139130433
10303,2022-04-18 09:00:00,Asia/Bangkok,88.78654304347825,50.77586206896552,42.11206896551724,27.98925869565218
10304,2022-04-18 10:00:00,Asia/Bangkok,82.57005232758621,40.94871794871795,35.64957264957265,29.88368663793103
10305,2022-04-18 11:00:00,Asia/Bangkok,75.95014743362835,31.12931034482759,29.68103448275862,31.62855787610621
10306,2022-04-18 12:00:00,Asia/Bangkok,71.05325876106197,32.50862068965517,30.53448275862069,32.65056230088496
10307,2022-04-18 13:00:00,Asia/Bangkok,74.13971912280701,33.70689655172414,31.31034482758621,31.97021263157893
10308,2022-04-18 14:00:00,Asia/Bangkok,63.79639087719298,25.9051724137931,25.1551724137931,33.77588265486725
10309,2022-04-18 15:00:00,Asia/Bangkok,61.8106442253521,22.36619718309859,21.77464788732394,33.68582690140845
10310,2022-04-18 16:00:00,Asia/Bangkok,63.05703885964915,22.96551724137931,22.16379310344828,33.67489114035087
10311,2022-04-18 17:00:00,Asia/Bangkok,63.32932161290321,22.64516129032258,21.96774193548387,33.16646870967742
10312,2022-04-18 18:00:00,Asia/Bangkok,67.225449009009,24.2991452991453,23.30769230769231,32.05510459459457
10313,2022-04-18 19:00:00,Asia/Bangkok,72.88002981818181,104.070796460177,86.31531531531532,31.05717881818181
10314,2022-04-18 20:00:00,Asia/Bangkok,76.7878956521739,94.83760683760684,87.19658119658119,30.56392078260868
10315,2022-04-18 21:00:00,Asia/Bangkok,79.13280666666664,59.55172413793103,48.76724137931034,30.15919061403509
10316,2022-04-18 22:00:00,Asia/Bangkok,80.83084035087718,61.37931034482759,49.82758620689656,29.69671070175438
10317,2022-04-18 23:00:00,Asia/Bangkok,82.83243339130432,53.35042735042735,44.17094017094017,28.9967859130435
10318,2022-04-19 00:00:00,Asia/Bangkok,81.89163675675678,51.12931034482759,42.55172413793103,28.77293675675676
10319,2022-04-19 01:00:00,Asia/Bangkok,83.5983849122807,49.44827586206897,41.38793103448276,28.42172070175437
10320,2022-04-19 02:00:00,Asia/Bangkok,83.62647859649122,43.14655172413793,36.9051724137931,28.26655763157896
10321,2022-04-19 03:00:00,Asia/Bangkok,84.99614982608698,38.83760683760683,34.29310344827586,27.84996130434785
10322,2022-04-19 04:00:00,Asia/Bangkok,87.59621630630627,32.01769911504424,29.97368421052632,27.41197580357142
10323,2022-04-19 05:00:00,Asia/Bangkok,89.41202612068966,20.75862068965517,19.92241379310345,27.06467573913044
10324,2022-04-19 06:00:00,Asia/Bangkok,90.11758955357142,11.48275862068965,10.83620689655172,26.449560625
10325,2022-04-19 07:00:00,Asia/Bangkok,89.31678403508778,9.422413793103448,9.025862068965518,26.59062894736842
10326,2022-04-19 08:00:00,Asia/Bangkok,88.42649044247787,7.443478260869565,6.947826086956522,27.00050327433627
10327,2022-04-19 09:00:00,Asia/Bangkok,85.03327478260869,6.405172413793103,5.974137931034483,28.0074884347826
10328,2022-04-19 10:00:00,Asia/Bangkok,77.8231294827586,7.700854700854701,7.341880341880342,30.15958172413794
10329,2022-04-19 11:00:00,Asia/Bangkok,73.51645517241381,9.448275862068966,9.043103448275861,31.64244344827585
10330,2022-04-19 12:00:00,Asia/Bangkok,73.02673522123895,10.01724137931035,9.60344827586207,31.72915893805309
10331,2022-04-19 13:00:00,Asia/Bangkok,88.24661286956523,9.743589743589743,8.991452991452991,26.18058695652174
10332,2022-04-19 14:00:00,Asia/Bangkok,89.36031628318582,9.89655172413793,9.517241379310345,26.62308707964602
10333,2022-04-19 15:00:00,Asia/Bangkok,86.33054020833335,10.43877551020408,9.816326530612244,27.92812708333332
10334,2022-04-19 16:00:00,Asia/Bangkok,84.27516289473684,13.47413793103448,12.68103448275862,28.81098228070174
10335,2022-04-19 17:00:00,Asia/Bangkok,84.21524617391302,12.83760683760684,11.94017094017094,28.84734304347827
10336,2022-04-19 18:00:00,Asia/Bangkok,84.76582749999999,15.50862068965517,14.44827586206897,28.70757025862071
10337,2022-04-19 19:00:00,Asia/Bangkok,86.04602208695655,20.34188034188034,18.90598290598291,28.37675817391304
10338,2022-04-19 20:00:00,Asia/Bangkok,86.99215149122806,94.45689655172414,87.71551724137932,28.00337000000004
10339,2022-04-19 21:00:00,Asia/Bangkok,87.62741452173917,28.44444444444444,26.5948275862069,27.81267165217391
10340,2022-04-19 22:00:00,Asia/Bangkok,88.11025330357138,24.73275862068965,23.36752136752137,27.38255249999997
10341,2022-04-19 23:00:00,Asia/Bangkok,88.48788447368419,29.95689655172414,27.45689655172414,27.16041070175442
10342,2022-04-20 00:00:00,Asia/Bangkok,89.07826121495323,25.90990990990991,24.45045045045045,26.85371037383178
10343,2022-04-20 01:00:00,Asia/Bangkok,89.49923355932202,22.91596638655462,21.73728813559322,26.48461398305086
10344,2022-04-20 02:00:00,Asia/Bangkok,90.0225918918919,21.16521739130435,20.14655172413793,26.1744618018018
10345,2022-04-20 03:00:00,Asia/Bangkok,90.29381539823005,17.76724137931035,17.0,25.99841796460175
10346,2022-04-20 04:00:00,Asia/Bangkok,90.25808226086956,14.51724137931035,13.75,26.06970947826087
10347,2022-04-20 05:00:00,Asia/Bangkok,89.47061415929204,12.39655172413793,11.58620689655172,26.19077353982304
10348,2022-04-20 06:00:00,Asia/Bangkok,89.71617034482759,11.57264957264957,10.93162393162393,26.04780370689654
10349,2022-04-20 07:00:00,Asia/Bangkok,90.38452736842103,9.53448275862069,8.96551724137931,25.83330798245615
10350,2022-04-20 08:00:00,Asia/Bangkok,89.8912053508772,8.017241379310345,7.551724137931035,25.75127745614037
10351,2022-04-20 09:00:00,Asia/Bangkok,86.98310394736839,10.05172413793103,9.46551724137931,27.20146660869567
10352,2022-04-20 10:00:00,Asia/Bangkok,86.00030263157896,9.629310344827585,9.017241379310345,27.43222141592921
10353,2022-04-20 11:00:00,Asia/Bangkok,82.84439180180183,5.96551724137931,5.629310344827586,27.90510126126128
10354,2022-04-20 12:00:00,Asia/Bangkok,81.25280508771931,6.871794871794871,6.29059829059829,28.39033333333334
10355,2022-04-20 13:00:00,Asia/Bangkok,75.87613818181815,7.431034482758621,6.810344827586207,30.28746763636364
10356,2022-04-20 14:00:00,Asia/Bangkok,72.28454017699114,8.578947368421053,7.728070175438597,31.08182575221238
10357,2022-04-20 15:00:00,Asia/Bangkok,69.495265443038,13.01234567901234,12.0,31.1790716455696
10358,2022-04-20 16:00:00,Asia/Bangkok,70.9630205128205,11.13924050632911,10.21518987341772,31.39752499999999
10359,2022-04-20 17:00:00,Asia/Bangkok,72.32958412280702,14.03478260869565,13.05217391304348,30.64945412280702
10360,2022-04-20 18:00:00,Asia/Bangkok,75.5808395614035,31.76724137931035,28.31034482758621,30.21545377192983
10361,2022-04-20 19:00:00,Asia/Bangkok,77.19640026086957,22.62931034482759,21.31896551724138,29.7155203478261
10362,2022-04-20 20:00:00,Asia/Bangkok,81.05413729729729,23.51724137931035,21.75862068965517,28.63715684684682
10363,2022-04-20 21:00:00,Asia/Bangkok,83.48305873873872,27.83620689655172,26.02586206896552,27.97825900900899
10364,2022-04-20 22:00:00,Asia/Bangkok,85.24346684210525,44.22222222222222,37.8034188034188,27.61626194690267
10365,2022-04-20 23:00:00,Asia/Bangkok,85.63153053571429,31.89655172413793,29.43103448275862,27.43464821428571
10366,2022-04-21 00:00:00,Asia/Bangkok,86.96763508620688,29.77777777777778,27.8974358974359,27.0384278448276
10367,2022-04-21 01:00:00,Asia/Bangkok,87.08683339130435,28.91379310344828,27.16379310344828,26.89960356521739
10368,2022-04-21 02:00:00,Asia/Bangkok,88.0213723893805,27.75,26.25862068965517,26.77522876106195
10369,2022-04-21 03:00:00,Asia/Bangkok,87.65500456896558,24.60683760683761,23.21367521367521,26.73491224137932
10370,2022-04-21 04:00:00,Asia/Bangkok,87.69817756521735,21.35344827586207,20.08620689655172,26.71500617391303
10371,2022-04-21 05:00:00,Asia/Bangkok,88.24538300884957,21.20869565217391,19.8695652173913,26.59915238938054
10372,2022-04-21 06:00:00,Asia/Bangkok,89.1516043243243,20.16239316239316,18.8974358974359,26.29677063063062
10373,2022-04-21 07:00:00,Asia/Bangkok,89.33340833333334,19.20869565217391,17.94827586206896,26.2070102631579
10374,2022-04-21 08:00:00,Asia/Bangkok,89.80922778761058,78.00862068965517,74.22413793103448,26.51306159292036
10375,2022-04-21 09:00:00,Asia/Bangkok,87.75632269565217,61.36752136752137,56.33333333333334,27.75437464912281
10376,2022-04-21 10:00:00,Asia/Bangkok,78.8582298148148,20.62068965517241,18.54310344827586,30.1774976146789
10377,2022-04-21 11:00:00,Asia/Bangkok,71.45027174311926,10.12931034482759,9.155172413793103,31.78501064220182
10378,2022-04-21 12:00:00,Asia/Bangkok,69.5681088495575,7.336206896551724,6.672413793103448,32.20591681415931
10379,2022-04-21 13:00:00,Asia/Bangkok,77.89128482142853,7.853448275862069,7.094827586206897,30.29635732142856
10380,2022-04-21 14:00:00,Asia/Bangkok,74.51747377192983,7.155172413793103,6.594827586206897,31.4578854385965
10381,2022-04-21 15:00:00,Asia/Bangkok,69.12100782608694,5.974137931034483,5.517241379310345,33.00278913043481
10382,2022-04-21 16:00:00,Asia/Bangkok,75.84015463636361,6.18018018018018,5.72072072072072,30.80432236363637
10383,2022-04-21 17:00:00,Asia/Bangkok,74.64684820512824,10.58119658119658,9.606837606837606,31.63682543103447
10384,2022-04-21 18:00:00,Asia/Bangkok,75.44206260869565,15.0,13.21551724137931,31.46138182608695
10385,2022-04-21 19:00:00,Asia/Bangkok,79.26289681034483,47.28448275862069,41.23275862068966,30.30170655172413
10386,2022-04-21 20:00:00,Asia/Bangkok,82.86109451327431,97.44444444444444,82.34188034188034,29.43123380530973
10387,2022-04-21 21:00:00,Asia/Bangkok,84.13371026785707,45.44827586206897,37.86206896551724,28.81425607142857
10388,2022-04-21 22:00:00,Asia/Bangkok,85.76163307017548,52.36752136752137,43.88888888888889,28.19207245614033
10389,2022-04-21 23:00:00,Asia/Bangkok,86.51619690265485,37.20689655172414,32.63793103448276,27.93558999999998
10390,2022-04-22 00:00:00,Asia/Bangkok,87.01083447368421,26.80172413793104,25.17241379310345,27.64486877192982
10391,2022-04-22 01:00:00,Asia/Bangkok,87.28897025862068,20.1551724137931,19.13913043478261,27.38462913793101
10392,2022-04-22 02:00:00,Asia/Bangkok,88.04188892857145,18.72321428571428,17.59821428571428,27.2168520720721
10393,2022-04-22 03:00:00,Asia/Bangkok,88.51133362831858,16.13793103448276,15.12931034482759,26.96401539823007
10394,2022-04-22 04:00:00,Asia/Bangkok,91.6872753982301,13.26956521739131,12.27826086956522,26.59990734513276
10395,2022-04-22 05:00:00,Asia/Bangkok,90.76661589285716,7.608695652173913,7.086956521739131,26.60153062499997
10396,2022-04-22 06:00:00,Asia/Bangkok,88.70325591304345,6.547008547008547,6.145299145299146,26.3679523478261
10397,2022-04-22 07:00:00,Asia/Bangkok,88.85657657894738,7.060344827586207,6.448275862068965,26.03671929824559
10398,2022-04-22 08:00:00,Asia/Bangkok,90.12540999999999,8.344827586206897,7.767241379310345,26.37689095652174
10399,2022-04-22 09:00:00,Asia/Bangkok,89.46598815789473,8.844827586206897,8.241379310344827,28.14180622807018
10400,2022-04-22 10:00:00,Asia/Bangkok,80.21216617391303,7.641025641025641,7.137931034482759,30.19497373913045
10401,2022-04-22 11:00:00,Asia/Bangkok,76.83117852173916,6.491379310344827,6.0,30.52486339130434
10402,2022-04-22 12:00:00,Asia/Bangkok,71.42078956140351,6.956896551724138,6.379310344827586,32.20419596491227
10403,2022-04-22 13:00:00,Asia/Bangkok,82.02414191304348,8.931034482758621,8.155172413793103,30.40028599999999
10404,2022-04-22 14:00:00,Asia/Bangkok,85.54213106194685,5.586206896551724,5.051724137931035,28.6244874336283
10405,2022-04-22 15:00:00,Asia/Bangkok,85.23405877192981,3.282051282051282,2.914529914529914,28.83213254385964
10406,2022-04-22 16:00:00,Asia/Bangkok,76.93196333333333,5.09433962264151,4.632075471698113,32.06281428571428
10407,2022-04-22 17:00:00,Asia/Bangkok,79.37323918918918,6.0,5.543859649122807,30.60232445454544
10408,2022-04-22 18:00:00,Asia/Bangkok,84.91309789473686,11.66086956521739,10.42608695652174,29.18281184210526
10409,2022-04-22 19:00:00,Asia/Bangkok,86.77864017391302,24.53043478260869,23.0695652173913,28.88266008695651
10410,2022-04-22 20:00:00,Asia/Bangkok,86.4661844736842,28.93965517241379,25.92241379310345,28.21889333333332
10411,2022-04-22 21:00:00,Asia/Bangkok,88.06533854545457,30.26724137931035,27.75,27.72667596330274
10412,2022-04-22 22:00:00,Asia/Bangkok,88.86491396551725,20.8448275862069,19.66379310344828,27.35831525862066
10413,2022-04-22 23:00:00,Asia/Bangkok,89.53916491071429,18.70689655172414,17.53448275862069,27.09246392857144
10414,2022-04-23 00:00:00,Asia/Bangkok,89.6872831034483,16.75,15.66379310344828,26.89895094827588
10415,2022-04-23 01:00:00,Asia/Bangkok,89.91973008771932,15.06896551724138,14.07758620689655,26.74906912280702
10416,2022-04-23 02:00:00,Asia/Bangkok,89.93953540540542,13.77586206896552,12.93103448275862,26.56462315315317
10417,2022-04-23 03:00:00,Asia/Bangkok,91.07328318584065,12.44827586206897,11.54310344827586,26.1808743362832
10418,2022-04-23 04:00:00,Asia/Bangkok,91.18370921739127,27.74137931034483,24.79310344827586,26.20259782608695
10419,2022-04-23 05:00:00,Asia/Bangkok,91.19039307692307,33.61538461538461,30.47863247863248,26.01693803418802
10420,2022-04-23 06:00:00,Asia/Bangkok,91.5316372477064,21.88288288288288,20.24324324324324,26.12391247706426
10421,2022-04-23 07:00:00,Asia/Bangkok,91.41954596638656,20.67768595041322,18.89256198347108,26.12970319327733
10422,2022-04-23 08:00:00,Asia/Bangkok,92.82848798245611,20.56034482758621,18.80172413793104,26.80604061946903
10423,2022-04-23 09:00:00,Asia/Bangkok,87.95103517543863,18.1551724137931,16.79310344827586,28.73754719298244
10424,2022-04-23 10:00:00,Asia/Bangkok,80.83978189189187,11.95689655172414,11.28448275862069,30.16397781818183
10425,2022-04-23 11:00:00,Asia/Bangkok,74.94683180180179,10.51282051282051,9.863247863247864,31.26771720720721
10426,2022-04-23 12:00:00,Asia/Bangkok,67.60024696428573,9.181034482758621,8.672413793103448,32.95758089285714
10427,2022-04-23 13:00:00,Asia/Bangkok,61.82068201834865,7.486725663716814,7.04424778761062,33.96931854545454
10428,2022-04-23 14:00:00,Asia/Bangkok,60.42183814159293,7.316239316239316,6.905982905982906,34.1237749107143
10429,2022-04-23 15:00:00,Asia/Bangkok,59.63358655172417,7.341880341880342,7.017094017094017,34.29997344827587
10430,2022-04-23 16:00:00,Asia/Bangkok,61.7108443119266,8.754545454545454,8.290909090909091,33.94667990825687
10431,2022-04-23 17:00:00,Asia/Bangkok,63.8840256896552,9.794871794871796,9.367521367521368,33.21259672413792
10432,2022-04-23 18:00:00,Asia/Bangkok,68.02418878260866,12.06086956521739,11.25217391304348,32.06160165217391
10433,2022-04-23 19:00:00,Asia/Bangkok,73.55679844827588,13.75862068965517,13.00862068965517,30.63241886956522
10434,2022-04-23 20:00:00,Asia/Bangkok,78.66089399999998,22.64957264957265,21.67521367521368,30.03747026086957
10435,2022-04-23 21:00:00,Asia/Bangkok,81.83508018518515,27.46956521739131,26.21739130434782,29.57261731481482
10436,2022-04-23 22:00:00,Asia/Bangkok,83.82162867256639,55.64601769911504,52.02654867256637,29.20926415929206
10437,2022-04-23 23:00:00,Asia/Bangkok,85.01247094827588,29.02586206896552,27.70689655172414,28.67796474137931
10438,2022-04-24 00:00:00,Asia/Bangkok,85.43013026548674,29.68103448275862,28.06034482758621,28.36092663716813
10439,2022-04-24 01:00:00,Asia/Bangkok,86.57306874999999,29.14655172413793,27.72413793103448,27.79266446428573
10440,2022-04-24 02:00:00,Asia/Bangkok,86.937935,28.45614035087719,27.00877192982456,27.63833482142859
10441,2022-04-24 03:00:00,Asia/Bangkok,86.95030929824561,27.91304347826087,26.68695652173913,27.6464156140351
10442,2022-04-24 04:00:00,Asia/Bangkok,87.75536433628321,30.01724137931035,28.38793103448276,27.50273619469027
10443,2022-04-24 05:00:00,Asia/Bangkok,88.43186798245615,27.44347826086956,26.16521739130435,27.22946578947371
10444,2022-04-24 06:00:00,Asia/Bangkok,88.79038125000007,25.01739130434783,23.89565217391304,27.06161258928569
10445,2022-04-24 07:00:00,Asia/Bangkok,89.32496104347825,23.45299145299145,22.47008547008547,27.0161683333333
10446,2022-04-24 08:00:00,Asia/Bangkok,89.35319201754385,20.78448275862069,19.82758620689655,27.5437235964912
10447,2022-04-24 09:00:00,Asia/Bangkok,84.58345295652177,15.62931034482759,14.86206896551724,29.29439878260871
10448,2022-04-24 10:00:00,Asia/Bangkok,76.36114051282057,15.18965517241379,14.31896551724138,31.25868034188034
10449,2022-04-24 11:00:00,Asia/Bangkok,69.90050460869564,5.47008547008547,5.076923076923077,32.68522895652175
10450,2022-04-24 12:00:00,Asia/Bangkok,68.58530690265486,3.637931034482758,3.206896551724138,32.95020637168143
10451,2022-04-24 13:00:00,Asia/Bangkok,65.57673504347828,3.345132743362832,3.026548672566372,33.41081660869565
10452,2022-04-24 14:00:00,Asia/Bangkok,61.87504439655171,1.735042735042735,1.461538461538461,34.17129112068966
10453,2022-04-24 15:00:00,Asia/Bangkok,63.4664716814159,1.947826086956522,1.739130434782609,33.90235205357143
10454,2022-04-24 16:00:00,Asia/Bangkok,62.95115045045047,2.972972972972973,2.711711711711712,33.77341428571431
10455,2022-04-24 17:00:00,Asia/Bangkok,64.42250260869567,4.581196581196581,4.034188034188034,33.14623877192983
10456,2022-04-24 18:00:00,Asia/Bangkok,68.36622982608694,6.094827586206897,5.577586206896552,32.10411860869562
10457,2022-04-24 19:00:00,Asia/Bangkok,73.13209044247789,13.35344827586207,12.43965517241379,30.95620309734514
10458,2022-04-24 20:00:00,Asia/Bangkok,78.03852495652171,34.1551724137931,29.6551724137931,30.31877991304347
10459,2022-04-24 21:00:00,Asia/Bangkok,81.43316439655167,30.46153846153846,26.23076923076923,29.63856939655173
10460,2022-04-24 22:00:00,Asia/Bangkok,83.68094043478263,47.4051724137931,40.91379310344828,29.29000791304344
10461,2022-04-24 23:00:00,Asia/Bangkok,85.04562435897438,33.41025641025641,30.23931623931624,28.96548452991453
10462,2022-04-25 00:00:00,Asia/Bangkok,85.52467473684209,27.46551724137931,25.35344827586207,28.61169087719301
10463,2022-04-25 01:00:00,Asia/Bangkok,85.60794382608694,27.97413793103448,26.33620689655172,28.52342991228072
10464,2022-04-25 02:00:00,Asia/Bangkok,85.86243721739125,27.20689655172414,25.56034482758621,28.27388826086956
10465,2022-04-25 03:00:00,Asia/Bangkok,86.6662078761062,28.26724137931035,26.44827586206896,27.93798267857144
10466,2022-04-25 04:00:00,Asia/Bangkok,87.58042135135133,22.13675213675214,20.56410256410257,27.41609693693692
10467,2022-04-25 05:00:00,Asia/Bangkok,88.04430626086959,18.37068965517241,17.25862068965517,27.08622234782606
10468,2022-04-25 06:00:00,Asia/Bangkok,88.6425793162393,18.17948717948718,17.23076923076923,26.8459828448276
10469,2022-04-25 07:00:00,Asia/Bangkok,88.06108126126126,17.05172413793104,16.13913043478261,26.85383648648647
10470,2022-04-25 08:00:00,Asia/Bangkok,88.83825504424777,14.68103448275862,13.8034188034188,27.54496504424777
10471,2022-04-25 09:00:00,Asia/Bangkok,82.13363982456143,4.931034482758621,4.431034482758621,29.92785719298247
10472,2022-04-25 10:00:00,Asia/Bangkok,74.55103043859647,5.858407079646017,5.008849557522124,31.40396228070174
10473,2022-04-25 11:00:00,Asia/Bangkok,69.96131771929825,3.620689655172414,2.862068965517242,32.2812104385965
10474,2022-04-25 12:00:00,Asia/Bangkok,65.267792920354,30.24137931034483,26.20689655172414,33.88999823008851
10475,2022-04-25 13:00:00,Asia/Bangkok,67.51221964601771,8.434782608695652,7.791304347826087,33.40477690265489
10476,2022-04-25 14:00:00,Asia/Bangkok,72.34564120689656,5.172413793103448,4.655172413793103,32.19287500000002
10477,2022-04-25 15:00:00,Asia/Bangkok,74.05865434782612,3.681034482758621,3.353448275862069,30.85897939130435
10478,2022-04-25 16:00:00,Asia/Bangkok,69.66228688679247,1.18348623853211,0.9908256880733946,32.27284216981133
10479,2022-04-25 17:00:00,Asia/Bangkok,69.67253573913041,1.517241379310345,1.301724137931034,32.65102452173912
10480,2022-04-25 18:00:00,Asia/Bangkok,72.03560684210527,6.146551724137931,5.793103448275862,31.98960754385964
10481,2022-04-25 19:00:00,Asia/Bangkok,76.30880221238935,10.99145299145299,9.41025641025641,30.75918938053098
10482,2022-04-25 20:00:00,Asia/Bangkok,80.61352071428571,58.53448275862069,51.35344827586207,29.65077567567567
10483,2022-04-25 21:00:00,Asia/Bangkok,83.66519114035086,45.34782608695652,38.41379310344828,28.92369868421052
10484,2022-04-25 22:00:00,Asia/Bangkok,84.93192594827585,84.07894736842105,76.69298245614036,28.66803330434785
10485,2022-04-25 23:00:00,Asia/Bangkok,85.51988350877191,54.93965517241379,45.10344827586207,28.59697999999997
10486,2022-04-26 00:00:00,Asia/Bangkok,86.04645301724132,46.52586206896552,38.93103448275862,28.20642
10487,2022-04-26 01:00:00,Asia/Bangkok,87.06261017241376,43.0,36.48717948717949,27.87643434782607
10488,2022-04-26 02:00:00,Asia/Bangkok,87.56373736842109,33.75862068965517,30.74137931034483,27.58773850877195
10489,2022-04-26 03:00:00,Asia/Bangkok,88.15121444444452,29.2051282051282,27.05982905982906,27.3883723076923
10490,2022-04-26 04:00:00,Asia/Bangkok,87.80760052631581,23.72413793103448,22.18965517241379,27.16549535087719
10491,2022-04-26 05:00:00,Asia/Bangkok,89.06268175438595,22.18260869565217,20.98260869565217,26.73843447368422
10492,2022-04-26 06:00:00,Asia/Bangkok,89.05364026785715,16.92241379310345,15.9051724137931,26.53014919642856
10493,2022-04-26 07:00:00,Asia/Bangkok,88.63205429824559,16.53846153846154,15.74358974358974,26.48306298245616
10494,2022-04-26 08:00:00,Asia/Bangkok,90.184986875,12.08620689655172,11.36206896551724,27.24834678571428
10495,2022-04-26 09:00:00,Asia/Bangkok,84.67870053097344,5.948275862068965,5.517241379310345,29.27538628318584
10496,2022-04-26 10:00:00,Asia/Bangkok,76.19694324561402,4.224137931034483,3.896551724137931,31.43544482456139
10497,2022-04-26 11:00:00,Asia/Bangkok,68.88316591304346,3.130434782608696,2.895652173913044,32.77672429824563
10498,2022-04-26 12:00:00,Asia/Bangkok,65.30546761061947,3.646551724137931,3.422413793103448,33.84798168141594
10499,2022-04-26 13:00:00,Asia/Bangkok,63.96293151785714,9.887931034482758,8.844827586206897,34.04008857142857
10500,2022-04-26 14:00:00,Asia/Bangkok,85.90752304347828,4.922413793103448,4.112068965517241,26.78387243478261
10501,2022-04-26 15:00:00,Asia/Bangkok,82.9298257017544,4.6,4.173913043478261,29.0157295614035
10502,2022-04-26 16:00:00,Asia/Bangkok,73.15902805555555,4.153153153153153,3.855855855855856,31.48677203703704
10503,2022-04-26 17:00:00,Asia/Bangkok,68.57428391304349,5.387931034482759,4.887931034482759,32.20570556521741
10504,2022-04-26 18:00:00,Asia/Bangkok,69.33861783783784,5.53448275862069,5.172413793103448,31.85117234234233
10505,2022-04-26 19:00:00,Asia/Bangkok,77.07314415929201,11.12820512820513,10.41379310344828,30.22616300884954
10506,2022-04-26 20:00:00,Asia/Bangkok,79.10740181818181,11.95689655172414,11.41880341880342,28.98922827272727
10507,2022-04-26 21:00:00,Asia/Bangkok,81.70507008695651,10.31034482758621,9.85344827586207,28.42182765217391
10508,2022-04-26 22:00:00,Asia/Bangkok,83.74925189189193,9.228070175438596,8.789473684210526,27.86565009009009
10509,2022-04-26 23:00:00,Asia/Bangkok,85.9819443103448,9.46551724137931,9.017241379310345,27.37558094827588
10510,2022-04-27 00:00:00,Asia/Bangkok,87.14644778761063,10.16814159292035,9.619469026548673,27.05698070796461
10511,2022-04-27 01:00:00,Asia/Bangkok,87.50136120689653,11.57758620689655,10.99137931034483,26.85148318965519
10512,2022-04-27 02:00:00,Asia/Bangkok,87.93832052631579,12.17391304347826,11.56521739130435,26.6034654385965
10513,2022-04-27 03:00:00,Asia/Bangkok,88.776695877193,13.19827586206897,12.44827586206897,26.23181807017544
10514,2022-04-27 04:00:00,Asia/Bangkok,89.26347105263159,14.93965517241379,14.07758620689655,25.95499412280699
10515,2022-04-27 05:00:00,Asia/Bangkok,89.8628923893805,18.93913043478261,18.03448275862069,25.85586562500001
10516,2022-04-27 06:00:00,Asia/Bangkok,90.45780176991154,23.96551724137931,22.73275862068965,25.64995787610618
10517,2022-04-27 07:00:00,Asia/Bangkok,90.94829362831864,22.98290598290598,21.99145299145299,25.6757375221239
10518,2022-04-27 08:00:00,Asia/Bangkok,90.38975982456138,21.31896551724138,20.37931034482759,26.26744692982457
10519,2022-04-27 09:00:00,Asia/Bangkok,84.99984531531531,16.47413793103448,15.83620689655172,28.43685810810811
10520,2022-04-27 10:00:00,Asia/Bangkok,74.99990999999999,11.16379310344828,10.76724137931035,31.36773881818182
10521,2022-04-27 11:00:00,Asia/Bangkok,68.0982330973451,9.060869565217391,8.756521739130434,33.59593132743364
10522,2022-04-27 12:00:00,Asia/Bangkok,62.81618491379309,8.232758620689655,7.948275862068965,35.03307051724138
10523,2022-04-27 13:00:00,Asia/Bangkok,61.14782991150442,7.629310344827586,7.413793103448276,35.56845265486725
10524,2022-04-27 14:00:00,Asia/Bangkok,58.19485882352941,7.352941176470588,6.941176470588236,36.36664764705883
10525,2022-04-27 15:00:00,Asia/Bangkok,59.480586,6.666666666666667,6.666666666666667,35.598532
10526,2022-04-27 16:00:00,Asia/Bangkok,61.04389963302751,7.118181818181818,6.745454545454545,35.23972129629629
10527,2022-04-27 17:00:00,Asia/Bangkok,63.10815082568807,8.307017543859649,7.921052631578948,33.86000518181817
10528,2022-04-27 18:00:00,Asia/Bangkok,64.31505226086956,8.241379310344827,7.931034482758621,33.58048660869563
10529,2022-04-27 19:00:00,Asia/Bangkok,73.88672798245614,16.47413793103448,15.33620689655172,31.56480221238937
10530,2022-04-27 20:00:00,Asia/Bangkok,78.00350973913046,34.19827586206897,29.23275862068965,30.4534836521739
10531,2022-04-27 21:00:00,Asia/Bangkok,81.91713267857142,42.46551724137931,35.39655172413793,29.77104500000001
10532,2022-04-27 22:00:00,Asia/Bangkok,83.02014582608695,39.11965811965812,34.5982905982906,29.63102373913046
10533,2022-04-27 23:00:00,Asia/Bangkok,84.07224614035088,28.91379310344828,26.78448275862069,29.18161754385968
10534,2022-04-28 00:00:00,Asia/Bangkok,84.72087499999999,40.33620689655172,34.53448275862069,28.90948043859649
10535,2022-04-28 01:00:00,Asia/Bangkok,86.05935858407076,42.8448275862069,36.14655172413793,28.39753238938051
10536,2022-04-28 02:00:00,Asia/Bangkok,85.80597621621625,41.43103448275862,35.38793103448276,28.23245363636365
10537,2022-04-28 03:00:00,Asia/Bangkok,86.12835080357146,42.18965517241379,36.17241379310344,27.97846562499999
10538,2022-04-28 04:00:00,Asia/Bangkok,87.74034114035086,32.58620689655172,30.22413793103448,27.57300438596491
10539,2022-04-28 05:00:00,Asia/Bangkok,87.83313521739133,32.17094017094017,29.7008547008547,27.24216913043478
10540,2022-04-28 06:00:00,Asia/Bangkok,87.86164071428573,26.12931034482759,24.77586206896552,27.08542991071429
10541,2022-04-28 07:00:00,Asia/Bangkok,88.7600573043478,23.70689655172414,22.73275862068965,26.83723530434781
10542,2022-04-28 08:00:00,Asia/Bangkok,89.83266060869559,19.77586206896552,18.99137931034483,27.51637930434781
10543,2022-04-28 09:00:00,Asia/Bangkok,83.41591792792788,11.47413793103448,11.06896551724138,29.51800218181819
10544,2022-04-28 10:00:00,Asia/Bangkok,73.82618596330272,15.62068965517241,14.49137931034483,31.409340990991
10545,2022-04-28 11:00:00,Asia/Bangkok,66.22691750000001,7.811965811965812,7.461538461538462,33.27588859649124
10546,2022-04-28 12:00:00,Asia/Bangkok,58.87084648648649,7.849557522123894,7.539823008849558,34.46395810810811
10547,2022-04-28 13:00:00,Asia/Bangkok,53.76624771929825,9.555555555555555,9.264957264957266,36.04068587719297
10548,2022-04-28 14:00:00,Asia/Bangkok,51.47367716814158,9.706896551724139,9.431034482758621,36.74176646017698
10549,2022-04-28 15:00:00,Asia/Bangkok,47.67666666666668,8.232758620689655,8.025862068965518,37.26247710526316
10550,2022-04-28 16:00:00,Asia/Bangkok,45.67642375,6.6875,6.419642857142857,37.85930080357143
10551,2022-04-28 17:00:00,Asia/Bangkok,56.21354169642856,7.870689655172414,7.672413793103448,36.25822491071428
10552,2022-04-28 18:00:00,Asia/Bangkok,66.38150750000003,18.72649572649573,17.73275862068965,34.1617371551724
10553,2022-04-28 19:00:00,Asia/Bangkok,71.47198504347826,37.04310344827586,32.34188034188034,32.68365017391307
10554,2022-04-28 20:00:00,Asia/Bangkok,72.88202181034484,33.19827586206897,29.58620689655172,31.89246543103448
10555,2022-04-28 21:00:00,Asia/Bangkok,66.62470368421052,12.51724137931035,12.00862068965517,31.31984824561403
10556,2022-04-28 22:00:00,Asia/Bangkok,70.41436324561401,12.17241379310345,11.61206896551724,30.58885690265488
10557,2022-04-28 23:00:00,Asia/Bangkok,73.11843508771932,10.02586206896552,9.64655172413793,29.82617482456143
10558,2022-04-29 00:00:00,Asia/Bangkok,78.0623942727273,19.4051724137931,18.08620689655172,28.90836663636363
10559,2022-04-29 01:00:00,Asia/Bangkok,82.99431027522932,20.52631578947368,19.41379310344828,27.98929935779817
10560,2022-04-29 02:00:00,Asia/Bangkok,84.52242669724772,24.57272727272727,22.34862385321101,27.80933366972479
10561,2022-04-29 03:00:00,Asia/Bangkok,83.55067946902656,16.39130434782609,15.59130434782609,27.70868539823008
10562,2022-04-29 04:00:00,Asia/Bangkok,84.0766850442478,17.93859649122807,17.28947368421053,27.28367336283185
10563,2022-04-29 05:00:00,Asia/Bangkok,85.53492486956522,17.70689655172414,16.92173913043478,26.83790817391302
10564,2022-04-29 06:00:00,Asia/Bangkok,86.98557868421058,23.16521739130435,21.9051724137931,26.36315728070175
10565,2022-04-29 07:00:00,Asia/Bangkok,87.22137869565218,18.43103448275862,17.66379310344828,26.60470843478262
10566,2022-04-29 08:00:00,Asia/Bangkok,86.82860974137932,16.82905982905983,16.27350427350427,27.24894724137932
10567,2022-04-29 09:00:00,Asia/Bangkok,79.81908596491228,16.85344827586207,16.24137931034483,29.30496771929825
10568,2022-04-29 10:00:00,Asia/Bangkok,72.48277083333332,17.58333333333333,16.82608695652174,31.94085
10569,2022-04-29 11:00:00,Asia/Bangkok,67.12854523364481,15.96261682242991,15.42056074766355,33.98827719626166
10570,2022-04-29 12:00:00,Asia/Bangkok,63.25084275862068,16.01739130434783,15.51304347826087,34.6573824137931
10571,2022-04-29 13:00:00,Asia/Bangkok,72.23167201754386,19.37931034482759,18.55172413793104,32.16910526315787
10572,2022-04-29 14:00:00,Asia/Bangkok,71.43133108108107,17.87387387387387,17.27027027027027,33.04678288288288
10573,2022-04-29 15:00:00,Asia/Bangkok,58.6410877272727,16.26785714285714,15.78181818181818,36.36004036363636
10574,2022-04-29 16:00:00,Asia/Bangkok,62.33761092592592,15.93636363636364,15.42727272727273,35.5801137962963
10575,2022-04-29 17:00:00,Asia/Bangkok,65.69949894736841,17.96551724137931,17.19827586206896,33.85499736842103
10576,2022-04-29 18:00:00,Asia/Bangkok,68.74685929824561,30.61061946902655,28.29203539823009,33.07388157894737
10577,2022-04-29 19:00:00,Asia/Bangkok,72.34277095652173,49.35652173913044,42.00869565217391,31.8276120869565
10578,2022-04-29 20:00:00,Asia/Bangkok,75.31251000000003,25.35042735042735,23.74358974358974,29.56028981818185
10579,2022-04-29 21:00:00,Asia/Bangkok,84.2550114782609,9.525862068965518,8.922413793103448,27.02877739130435
10580,2022-04-29 22:00:00,Asia/Bangkok,87.9383652212389,11.58620689655172,10.8448275862069,26.29994982142857
10581,2022-04-29 23:00:00,Asia/Bangkok,89.10573018348623,7.173913043478261,6.71551724137931,26.25836183486238
10582,2022-04-30 00:00:00,Asia/Bangkok,89.29228956140354,7.413793103448276,6.939655172413793,26.42893149122806
10583,2022-04-30 01:00:00,Asia/Bangkok,90.52557585585583,9.318965517241379,8.775862068965518,26.12969207207207
10584,2022-04-30 02:00:00,Asia/Bangkok,91.13827704347828,20.52586206896552,19.52586206896552,26.18771721739131
10585,2022-04-30 03:00:00,Asia/Bangkok,90.8969080701754,21.31896551724138,20.50862068965517,26.39171131578946
10586,2022-04-30 04:00:00,Asia/Bangkok,91.66125874999999,22.02564102564103,20.82051282051282,26.15017107142858
10587,2022-04-30 05:00:00,Asia/Bangkok,91.27031312500002,20.79310344827586,19.98260869565217,26.12649955357143
10588,2022-04-30 06:00:00,Asia/Bangkok,91.28976887931034,17.03448275862069,16.30769230769231,26.07754844827586
10589,2022-04-30 07:00:00,Asia/Bangkok,90.73813642201834,17.42342342342342,16.62162162162162,26.2882266055046
10590,2022-04-30 08:00:00,Asia/Bangkok,91.1699411016949,16.70247933884297,15.91735537190083,26.53555542372882
10591,2022-04-30 09:00:00,Asia/Bangkok,87.6590945045045,12.93103448275862,12.41379310344828,27.63207810810812
10592,2022-04-30 10:00:00,Asia/Bangkok,80.46421886956519,11.05172413793103,10.5948275862069,29.66670421052632
10593,2022-04-30 11:00:00,Asia/Bangkok,74.87611333333335,11.07692307692308,10.64102564102564,31.30644956140349
10594,2022-04-30 12:00:00,Asia/Bangkok,72.91465080357142,13.76724137931035,13.35344827586207,32.11387330357143
10595,2022-04-30 13:00:00,Asia/Bangkok,67.71134648648649,15.42241379310345,15.0,33.75406117117118
10596,2022-04-30 14:00:00,Asia/Bangkok,63.75269301724134,18.39316239316239,17.86324786324786,34.9632767826087
10597,2022-04-30 15:00:00,Asia/Bangkok,68.16489250000001,20.63247863247863,20.11111111111111,33.65467586206896
10598,2022-04-30 16:00:00,Asia/Bangkok,74.13448818181818,14.63063063063063,14.1,31.21545627272728
10599,2022-04-30 17:00:00,Asia/Bangkok,85.6660797345133,15.3448275862069,14.25,28.35965203539822
10600,2022-04-30 18:00:00,Asia/Bangkok,87.08447263636367,21.03448275862069,20.00862068965517,28.92259081818179
10601,2022-04-30 19:00:00,Asia/Bangkok,84.39515626086958,17.08620689655172,16.18103448275862,29.22214201754385
10602,2022-04-30 20:00:00,Asia/Bangkok,87.86536956140353,98.37606837606837,90.2905982905983,28.05982280701755
10603,2022-04-30 21:00:00,Asia/Bangkok,89.41177801801804,62.55172413793103,57.00862068965517,27.5563499099099
10604,2022-04-30 22:00:00,Asia/Bangkok,88.31588578947373,33.16379310344828,30.89655172413793,27.39446649122807
10605,2022-04-30 23:00:00,Asia/Bangkok,89.07058129310339,41.83760683760683,36.4017094017094,27.14017655172415
10606,2022-05-01 00:00:00,Asia/Bangkok,88.56253938053096,28.56896551724138,27.28448275862069,27.09117336283186
10607,2022-05-01 01:00:00,Asia/Bangkok,89.60345449541285,31.79279279279279,29.94594594594595,27.091983
10608,2022-05-01 02:00:00,Asia/Bangkok,88.84697999999997,34.75862068965517,31.77586206896552,27.13666265486724
10609,2022-05-01 03:00:00,Asia/Bangkok,90.19865646551725,35.94827586206897,32.36206896551724,26.80763094827588
10610,2022-05-01 04:00:00,Asia/Bangkok,90.63038307017541,34.46956521739131,31.48695652173913,26.70088728070175
10611,2022-05-01 05:00:00,Asia/Bangkok,90.75001946902653,32.49565217391304,30.36521739130435,26.6475475
10612,2022-05-01 06:00:00,Asia/Bangkok,90.10746930434779,31.00862068965517,29.43103448275862,26.5735696521739
10613,2022-05-01 07:00:00,Asia/Bangkok,90.10737274336283,32.48275862068966,30.33620689655172,26.40166223214286
10614,2022-05-01 08:00:00,Asia/Bangkok,91.27096212389382,36.80172413793103,33.04310344827586,26.79167557522125
10615,2022-05-01 09:00:00,Asia/Bangkok,89.53073175438598,35.31896551724138,32.00862068965517,27.24513842105265
10616,2022-05-01 10:00:00,Asia/Bangkok,83.1162004385965,24.58119658119658,23.62393162393163,28.70906403508772
10617,2022-05-01 11:00:00,Asia/Bangkok,74.04278464912277,24.46086956521739,23.72173913043478,31.87110858407081
10618,2022-05-01 12:00:00,Asia/Bangkok,69.04333540540541,24.56034482758621,23.72413793103448,33.4102136936937
10619,2022-05-01 13:00:00,Asia/Bangkok,62.27708469565221,21.72413793103448,21.12931034482759,35.12759657894737
10620,2022-05-01 14:00:00,Asia/Bangkok,58.75854672413794,19.66666666666667,18.99145299145299,36.22707508620691
10621,2022-05-01 15:00:00,Asia/Bangkok,60.59700862068962,23.61206896551724,22.98275862068965,35.24027396551723
10622,2022-05-01 16:00:00,Asia/Bangkok,67.97132681818184,21.38738738738739,20.45045045045045,32.39346109090909
10623,2022-05-01 17:00:00,Asia/Bangkok,84.13846096491226,14.75862068965517,13.76724137931035,27.9293049122807
10624,2022-05-01 18:00:00,Asia/Bangkok,86.94332034782612,6.043103448275862,5.508620689655173,26.69677643478261
10625,2022-05-01 19:00:00,Asia/Bangkok,86.82436123893812,6.741379310344827,6.293103448275862,27.12978938053096
10626,2022-05-01 20:00:00,Asia/Bangkok,87.423597,8.775862068965518,8.21551724137931,26.82487818181819
10627,2022-05-01 21:00:00,Asia/Bangkok,91.23438168141594,15.77586206896552,15.01724137931035,25.90129707964602
10628,2022-05-01 22:00:00,Asia/Bangkok,91.25178991228071,16.25641025641026,15.37606837606838,26.06208692982457
10629,2022-05-01 23:00:00,Asia/Bangkok,91.54414824561401,14.87931034482759,14.11206896551724,26.12355087719299
10630,2022-05-02 00:00:00,Asia/Bangkok,91.55737175438595,16.17241379310345,15.46551724137931,26.18878500000002
10631,2022-05-02 01:00:00,Asia/Bangkok,91.24499129310342,15.31623931623932,14.51282051282051,26.24729629310347
10632,2022-05-02 02:00:00,Asia/Bangkok,90.82461547826085,16.66379310344828,15.76724137931035,26.13291486956522
10633,2022-05-02 03:00:00,Asia/Bangkok,92.08816991379302,17.86206896551724,16.78448275862069,25.81035603448277
10634,2022-05-02 04:00:00,Asia/Bangkok,91.95280701754385,18.93965517241379,17.86206896551724,25.6365013157895
10635,2022-05-02 05:00:00,Asia/Bangkok,92.11022191304345,18.03448275862069,17.00862068965517,25.51274991228073
10636,2022-05-02 06:00:00,Asia/Bangkok,91.80800553571433,17.93103448275862,17.10344827586207,25.4153325892857
10637,2022-05-02 07:00:00,Asia/Bangkok,92.4552875454546,23.6551724137931,22.47413793103448,25.37807254545457
10638,2022-05-02 08:00:00,Asia/Bangkok,92.41023035398224,21.49572649572649,20.50427350427351,26.24066477876105
10639,2022-05-02 09:00:00,Asia/Bangkok,87.75741473214289,18.24137931034483,17.45689655172414,28.02426758928572
10640,2022-05-02 10:00:00,Asia/Bangkok,80.89751380530974,16.96551724137931,16.43103448275862,30.12504601769912
10641,2022-05-02 11:00:00,Asia/Bangkok,71.79364433628318,14.26724137931035,13.68965517241379,32.35316336283185
10642,2022-05-02 12:00:00,Asia/Bangkok,68.30675054054056,13.32142857142857,12.83035714285714,33.03184594594594
10643,2022-05-02 13:00:00,Asia/Bangkok,61.92289122807018,13.02608695652174,12.47413793103448,34.72974184210525
10644,2022-05-02 14:00:00,Asia/Bangkok,69.28251417391306,12.00862068965517,11.58620689655172,32.02099675438596
10645,2022-05-02 15:00:00,Asia/Bangkok,63.72840553571432,12.62608695652174,12.15652173913043,33.85457116071429
10646,2022-05-02 16:00:00,Asia/Bangkok,77.23674831775699,13.1981981981982,12.44144144144144,29.68967186915888
10647,2022-05-02 17:00:00,Asia/Bangkok,86.65984254545454,11.8859649122807,10.7280701754386,27.16506861111111
10648,2022-05-02 18:00:00,Asia/Bangkok,87.53799657894734,11.84615384615385,10.60683760683761,27.47490491228071
10649,2022-05-02 19:00:00,Asia/Bangkok,87.23931238532109,5.422413793103448,4.982758620689655,27.71179254545454
10650,2022-05-02 20:00:00,Asia/Bangkok,90.4798286725664,11.00854700854701,10.2991452991453,27.00556035714287
10651,2022-05-02 21:00:00,Asia/Bangkok,91.02232684210522,22.08620689655172,20.63793103448276,27.07653078947369
10652,2022-05-02 22:00:00,Asia/Bangkok,90.69606000000002,23.31034482758621,22.37068965517241,27.05376522123893
10653,2022-05-02 23:00:00,Asia/Bangkok,89.40692830357143,21.30172413793104,20.3448275862069,27.03407419642858
10654,2022-05-03 00:00:00,Asia/Bangkok,90.6880573214286,22.10434782608696,21.18260869565217,26.62022375000001
10655,2022-05-03 01:00:00,Asia/Bangkok,90.93307526785718,24.21238938053097,22.87610619469027,26.48994839285713
10656,2022-05-03 02:00:00,Asia/Bangkok,90.86835194690264,20.92241379310345,19.94827586206896,26.37377991150442
10657,2022-05-03 03:00:00,Asia/Bangkok,90.92002882882882,19.5,18.58620689655172,26.20667540540543
10658,2022-05-03 04:00:00,Asia/Bangkok,90.87559530434788,18.81034482758621,17.91379310344828,26.15541400000001
10659,2022-05-03 05:00:00,Asia/Bangkok,92.38043991150444,17.29310344827586,16.4051724137931,25.65361955752214
10660,2022-05-03 06:00:00,Asia/Bangkok,92.91492619469025,16.48275862068965,15.66379310344828,25.48023442477879
10661,2022-05-03 07:00:00,Asia/Bangkok,92.70288365217395,15.68103448275862,14.77586206896552,25.70072991228067
10662,2022-05-03 08:00:00,Asia/Bangkok,92.89099379310349,15.75213675213675,14.82905982905983,25.93169336206898
10663,2022-05-03 09:00:00,Asia/Bangkok,88.15744435185182,13.62931034482759,12.98275862068965,27.41135731481481
10664,2022-05-03 10:00:00,Asia/Bangkok,81.31789771929826,12.30172413793103,11.73275862068965,29.41213315789473
10665,2022-05-03 11:00:00,Asia/Bangkok,76.62091594827585,12.90598290598291,12.32758620689655,30.68389799999999
10666,2022-05-03 12:00:00,Asia/Bangkok,71.0602519827586,14.38793103448276,13.85470085470086,32.62210896551724
10667,2022-05-03 13:00:00,Asia/Bangkok,67.71568254545454,16.16379310344828,15.44827586206897,33.48113518181818
10668,2022-05-03 14:00:00,Asia/Bangkok,64.1915954285714,14.18867924528302,13.72641509433962,34.34434504761905
10669,2022-05-03 15:00:00,Asia/Bangkok,63.42093814159295,13.54310344827586,13.13793103448276,34.59219867256635
10670,2022-05-03 16:00:00,Asia/Bangkok,84.64795551401873,7.550458715596331,6.918181818181818,27.70691439252337
10671,2022-05-03 17:00:00,Asia/Bangkok,90.75699589285715,3.991304347826087,3.556521739130435,25.84753637168144
10672,2022-05-03 18:00:00,Asia/Bangkok,90.70242324561401,5.724137931034483,5.25,26.16946176991151
10673,2022-05-03 19:00:00,Asia/Bangkok,89.02818798245612,6.060344827586207,5.646551724137931,26.64928219298244
10674,2022-05-03 20:00:00,Asia/Bangkok,89.16550342342342,7.538461538461538,7.085470085470085,26.71861279279281
10675,2022-05-03 21:00:00,Asia/Bangkok,89.6539521238938,9.577586206896552,8.974137931034482,26.66069000000003
10676,2022-05-03 22:00:00,Asia/Bangkok,89.90115157894735,11.82758620689655,11.1551724137931,26.59187105263159
10677,2022-05-03 23:00:00,Asia/Bangkok,90.21879191304353,10.33620689655172,9.818965517241379,26.41639139130438
10678,2022-05-04 00:00:00,Asia/Bangkok,90.21921695652172,9.11965811965812,8.564102564102564,26.3045393043478
10679,2022-05-04 01:00:00,Asia/Bangkok,90.11298043103447,10.26724137931035,9.732758620689655,26.26490801724139
10680,2022-05-04 02:00:00,Asia/Bangkok,90.29591666666666,11.52586206896552,10.98275862068965,26.13531017543859
10681,2022-05-04 03:00:00,Asia/Bangkok,91.07710206896554,13.62068965517241,12.95689655172414,25.99527155172414
10682,2022-05-04 04:00:00,Asia/Bangkok,90.75943973913041,10.33620689655172,9.818965517241379,25.85504173913043
10683,2022-05-04 05:00:00,Asia/Bangkok,90.86271147826089,10.35042735042735,9.786324786324787,25.68925208695654
10684,2022-05-04 06:00:00,Asia/Bangkok,91.31469973684214,9.904347826086957,9.469565217391304,25.46161552631578
10685,2022-05-04 07:00:00,Asia/Bangkok,92.01122646017696,10.63247863247863,10.15384615384615,25.4459685840708
10686,2022-05-04 08:00:00,Asia/Bangkok,92.58075421052635,15.44827586206897,14.58620689655172,25.85652122807018
10687,2022-05-04 09:00:00,Asia/Bangkok,91.96361163793102,13.4957264957265,12.70940170940171,26.56218913793104
10688,2022-05-04 10:00:00,Asia/Bangkok,88.98778142857145,7.387931034482759,6.844827586206897,27.69719982142857
10689,2022-05-04 11:00:00,Asia/Bangkok,83.19078371681418,5.172413793103448,4.793103448275862,29.66499258928571
10690,2022-05-04 12:00:00,Asia/Bangkok,77.09079336283183,4.887931034482759,4.612068965517241,31.08426194690265
10691,2022-05-04 13:00:00,Asia/Bangkok,75.74761068376071,4.358974358974359,4.025641025641026,31.28121051724137
10692,2022-05-04 14:00:00,Asia/Bangkok,73.85829864864866,3.78448275862069,3.474137931034483,31.71373441441439
10693,2022-05-04 15:00:00,Asia/Bangkok,75.3984362608696,4.71551724137931,4.491379310344827,31.4578520869565
10694,2022-05-04 16:00:00,Asia/Bangkok,78.79889165137614,3.723214285714286,3.4375,30.57743422018348
10695,2022-05-04 17:00:00,Asia/Bangkok,81.1121028695652,2.241379310344827,1.982758620689655,29.7471700869565
10696,2022-05-04 18:00:00,Asia/Bangkok,82.13793769911504,4.71551724137931,4.258620689655173,29.43489699115043
10697,2022-05-04 19:00:00,Asia/Bangkok,85.44440535714287,13.22413793103448,12.12068965517241,28.92776486486488
10698,2022-05-04 20:00:00,Asia/Bangkok,89.16108187499997,14.49565217391304,13.13913043478261,28.2556492920354
10699,2022-05-04 21:00:00,Asia/Bangkok,89.95686407079644,12.46551724137931,11.76724137931035,27.83712141592921
10700,2022-05-04 22:00:00,Asia/Bangkok,90.1978591150443,10.58620689655172,9.982758620689655,27.42312371681413
10701,2022-05-04 23:00:00,Asia/Bangkok,90.7742241880342,10.08771929824561,9.482456140350877,27.3361019827586
10702,2022-05-05 00:00:00,Asia/Bangkok,90.75108214285716,9.417391304347825,8.860869565217392,27.23892508928569
10703,2022-05-05 01:00:00,Asia/Bangkok,90.78069868421053,8.304347826086957,7.860869565217391,26.88827657894736
10704,2022-05-05 02:00:00,Asia/Bangkok,91.12561878260874,7.560344827586207,6.870689655172414,26.73313956521739
10705,2022-05-05 03:00:00,Asia/Bangkok,91.19699044247791,6.526785714285714,6.026785714285714,26.62651513274335
10706,2022-05-05 04:00:00,Asia/Bangkok,91.78551451327436,9.6875,9.063063063063064,26.47381070175438
10707,2022-05-05 05:00:00,Asia/Bangkok,92.23795754545458,11.95652173913044,11.29310344827586,26.37386218181817
10708,2022-05-05 06:00:00,Asia/Bangkok,92.74555017699117,10.95689655172414,10.49137931034483,26.20540362831861
10709,2022-05-05 07:00:00,Asia/Bangkok,93.0400636283186,10.0,9.508620689655173,26.03768392857143
10710,2022-05-05 08:00:00,Asia/Bangkok,93.80455842105259,13.31896551724138,12.5948275862069,26.37475166666668
10711,2022-05-05 09:00:00,Asia/Bangkok,90.28253650943395,5.151785714285714,4.875,27.66259556603771
10712,2022-05-05 10:00:00,Asia/Bangkok,82.24009157894736,2.120689655172414,1.956896551724138,29.53145421052632
10713,2022-05-05 11:00:00,Asia/Bangkok,75.34435035714286,1.219298245614035,1.131578947368421,31.27021345132741
10714,2022-05-05 12:00:00,Asia/Bangkok,71.26512600000001,1.147826086956522,0.9826086956521739,32.14577573913044
10715,2022-05-05 13:00:00,Asia/Bangkok,71.38364191304346,1.189655172413793,1.0,32.17861078260869
10716,2022-05-05 14:00:00,Asia/Bangkok,77.88710232142856,2.922413793103448,2.706896551724138,30.81189919642858
10717,2022-05-05 15:00:00,Asia/Bangkok,80.10223540540541,2.681034482758621,2.5,30.53056709090911
10718,2022-05-05 16:00:00,Asia/Bangkok,78.36101714285716,5.763157894736842,5.228070175438597,31.05387303571429
10719,2022-05-05 17:00:00,Asia/Bangkok,88.7815097247707,2.045045045045045,1.576576576576577,27.60386513761469
10720,2022-05-05 18:00:00,Asia/Bangkok,87.37823149122808,2.017241379310345,1.793103448275862,27.87723499999998
10721,2022-05-05 19:00:00,Asia/Bangkok,87.85208327586204,3.675213675213675,3.213675213675214,27.85730051724139
10722,2022-05-05 20:00:00,Asia/Bangkok,89.34440198275867,7.982758620689655,7.387931034482759,27.42265844827586
10723,2022-05-05 21:00:00,Asia/Bangkok,89.96268163793111,9.724137931034482,8.870689655172415,27.24192448275863
10724,2022-05-05 22:00:00,Asia/Bangkok,90.46800721739135,10.07964601769912,9.274336283185841,27.01361321739127
10725,2022-05-05 23:00:00,Asia/Bangkok,91.14194043103447,10.44827586206897,9.698275862068966,26.79642137931036
10726,2022-05-06 00:00:00,Asia/Bangkok,92.34177356521737,9.913793103448276,9.094827586206897,26.64922173913043
10727,2022-05-06 01:00:00,Asia/Bangkok,92.3100753913043,9.35344827586207,8.689655172413794,26.68978913043478
10728,2022-05-06 02:00:00,Asia/Bangkok,91.99113345132741,7.198275862068965,6.689655172413793,26.65948380530974
10729,2022-05-06 03:00:00,Asia/Bangkok,91.494123364486,8.469565217391304,7.808695652173913,26.6504927102804
10730,2022-05-06 04:00:00,Asia/Bangkok,91.85625964912279,9.863247863247864,9.042735042735043,26.52014236842104
10731,2022-05-06 05:00:00,Asia/Bangkok,91.84652918918921,9.336206896551724,8.75,26.51977900900902
10732,2022-05-06 06:00:00,Asia/Bangkok,92.02021517241378,8.47787610619469,7.902654867256637,26.37538094827585
10733,2022-05-06 07:00:00,Asia/Bangkok,92.39440292035404,9.46551724137931,8.870689655172415,26.25895185840709
10734,2022-05-06 08:00:00,Asia/Bangkok,93.17023789473686,7.198275862068965,6.741379310344827,26.80689247787608
10735,2022-05-06 09:00:00,Asia/Bangkok,89.54326017543853,3.370689655172414,3.129310344827586,28.13503745614036
10736,2022-05-06 10:00:00,Asia/Bangkok,84.85588339285718,2.517857142857143,2.276785714285714,29.22810901785713
10737,2022-05-06 11:00:00,Asia/Bangkok,86.01615078947367,3.232758620689655,2.948275862068965,29.49716070175437
10738,2022-05-06 12:00:00,Asia/Bangkok,83.59684269565216,3.367521367521368,3.017094017094017,29.59340713043479
10739,2022-05-06 13:00:00,Asia/Bangkok,90.57895454545455,2.482758620689655,2.243478260869565,28.0065481818182
10740,2022-05-06 14:00:00,Asia/Bangkok,88.05996113043477,1.870689655172414,1.606837606837607,28.77052843478261
10741,2022-05-06 15:00:00,Asia/Bangkok,86.76209908256881,2.230088495575221,2.053097345132743,28.91529073394494
10742,2022-05-06 16:00:00,Asia/Bangkok,85.41538504504504,2.827586206896552,2.681034482758621,28.9475645945946
10743,2022-05-06 17:00:00,Asia/Bangkok,85.76690082568805,3.603603603603604,3.261261261261261,28.47909614678898
10744,2022-05-06 18:00:00,Asia/Bangkok,87.80358447368421,5.692307692307693,5.264957264957265,27.54187263157895
10745,2022-05-06 19:00:00,Asia/Bangkok,90.09651863636361,6.230088495575221,5.876106194690266,26.78514254545455
10746,2022-05-06 20:00:00,Asia/Bangkok,89.90820508771931,6.710526315789473,6.173913043478261,26.89986938596493
10747,2022-05-06 21:00:00,Asia/Bangkok,89.95636035714287,7.147826086956521,6.704347826086956,26.79482160714285
10748,2022-05-06 22:00:00,Asia/Bangkok,89.3026215178571,7.353982300884955,6.991150442477876,26.66181567567567
10749,2022-05-06 23:00:00,Asia/Bangkok,90.70831803571427,10.60526315789474,9.81578947368421,26.571919375
10750,2022-05-07 00:00:00,Asia/Bangkok,91.26228359649122,12.06034482758621,11.32758620689655,26.58898859649125
10751,2022-05-07 01:00:00,Asia/Bangkok,93.19523451327439,11.96551724137931,11.24137931034483,26.28015132743361
10752,2022-05-07 02:00:00,Asia/Bangkok,93.27967132743365,11.33620689655172,10.72413793103448,26.42633486725666
10753,2022-05-07 03:00:00,Asia/Bangkok,93.66711196428571,12.41379310344828,11.56896551724138,26.36987839285717
10754,2022-05-07 04:00:00,Asia/Bangkok,94.02810036036037,4.495726495726496,4.145299145299146,25.97014711711713
10755,2022-05-07 05:00:00,Asia/Bangkok,93.14236903508778,3.373913043478261,3.08695652173913,26.00031973684207
10756,2022-05-07 06:00:00,Asia/Bangkok,92.68976637168139,3.301724137931035,2.905172413793104,26.0968189380531
10757,2022-05-07 07:00:00,Asia/Bangkok,92.80900172413791,4.846153846153846,4.478632478632479,26.04649155172412
10758,2022-05-07 08:00:00,Asia/Bangkok,93.98514842105259,6.886956521739131,6.547826086956522,26.45980368421054
10759,2022-05-07 09:00:00,Asia/Bangkok,92.74119087719296,7.275862068965517,7.03448275862069,27.47340438596492
10760,2022-05-07 10:00:00,Asia/Bangkok,91.20265643478261,7.145299145299146,6.82051282051282,27.8312462608696
10761,2022-05-07 11:00:00,Asia/Bangkok,93.07139168141593,6.721739130434782,6.356521739130435,27.27126796460176
10762,2022-05-07 12:00:00,Asia/Bangkok,92.35410208695654,6.991379310344827,6.681034482758621,27.70478852173912
10763,2022-05-07 13:00:00,Asia/Bangkok,86.59685345132745,3.793103448275862,3.620689655172414,28.91129955752212
10764,2022-05-07 14:00:00,Asia/Bangkok,82.06630862068964,3.422413793103448,3.198275862068965,29.72132379310346
10765,2022-05-07 15:00:00,Asia/Bangkok,80.09257087719297,5.803418803418803,5.444444444444445,30.71314535087723
10766,2022-05-07 16:00:00,Asia/Bangkok,83.44446132743361,3.321739130434783,3.026086956521739,28.72598919642855
10767,2022-05-07 17:00:00,Asia/Bangkok,85.59313653846152,3.552380952380952,3.342857142857143,28.32526509803922
10768,2022-05-07 18:00:00,Asia/Bangkok,85.67068883928572,5.410714285714286,5.008928571428571,28.49176464285716
10769,2022-05-07 19:00:00,Asia/Bangkok,88.64800899999999,9.156521739130435,8.321739130434782,27.96773254545454
10770,2022-05-07 20:00:00,Asia/Bangkok,91.06766796747962,8.595238095238095,8.047619047619047,27.27479471544715
10771,2022-05-07 21:00:00,Asia/Bangkok,91.76225948275865,10.89830508474576,10.3135593220339,26.94356284482761
10772,2022-05-07 22:00:00,Asia/Bangkok,91.48892070175432,9.956896551724139,9.405172413793103,26.73855192982455
10773,2022-05-07 23:00:00,Asia/Bangkok,92.78671678260869,10.0948275862069,9.474137931034482,26.45623669565218
10774,2022-05-08 00:00:00,Asia/Bangkok,93.32031155172416,10.72413793103448,10.00862068965517,26.5377873275862
10775,2022-05-08 01:00:00,Asia/Bangkok,93.93600034482762,5.726495726495727,5.376068376068377,26.18859387931034
10776,2022-05-08 02:00:00,Asia/Bangkok,93.28320858407075,3.577586206896552,3.241379310344827,25.94921938053099
10777,2022-05-08 03:00:00,Asia/Bangkok,92.4982549107143,3.060344827586207,2.689655172413793,26.12859241071431
10778,2022-05-08 04:00:00,Asia/Bangkok,93.34701508771931,3.478632478632479,3.076923076923077,25.90027605263159
10779,2022-05-08 05:00:00,Asia/Bangkok,93.29709044247784,3.28448275862069,2.939655172413793,25.94690300884958
10780,2022-05-08 06:00:00,Asia/Bangkok,92.79758234782615,3.373913043478261,3.026086956521739,25.90106234782608
10781,2022-05-08 07:00:00,Asia/Bangkok,92.83075061403504,3.113043478260869,2.817391304347826,25.8353942105263
10782,2022-05-08 08:00:00,Asia/Bangkok,93.0473394782609,4.043103448275862,3.655172413793104,25.87570713043478
10783,2022-05-08 09:00:00,Asia/Bangkok,93.63371486956528,3.836206896551724,3.577586206896552,25.89103200000001
10784,2022-05-08 10:00:00,Asia/Bangkok,93.76541991228066,3.139130434782609,2.791304347826087,25.85539710526316
10785,2022-05-08 11:00:00,Asia/Bangkok,94.26725157894741,2.362068965517242,2.060344827586207,26.02079201754388
10786,2022-05-08 12:00:00,Asia/Bangkok,92.98623157894738,2.181034482758621,1.913793103448276,26.63991070175438
10787,2022-05-08 13:00:00,Asia/Bangkok,88.09951495652173,3.427350427350427,3.068376068376069,28.30006252173912
10788,2022-05-08 14:00:00,Asia/Bangkok,81.85945371681413,5.232758620689655,4.827586206896552,30.21380513274337
10789,2022-05-08 15:00:00,Asia/Bangkok,80.14743871559631,6.902654867256637,6.513274336283186,30.65908788990826
10790,2022-05-08 16:00:00,Asia/Bangkok,91.49321417391299,4.781512605042017,4.436974789915967,26.53648460869567
10791,2022-05-08 17:00:00,Asia/Bangkok,92.59355738738734,3.598214285714286,3.330357142857143,26.85017599999998
10792,2022-05-08 18:00:00,Asia/Bangkok,92.12221739130432,7.431034482758621,7.0,27.15282280701751
10793,2022-05-08 19:00:00,Asia/Bangkok,91.54038621621618,6.25,5.870689655172414,27.33942675675672
10794,2022-05-08 20:00:00,Asia/Bangkok,91.07207991228067,8.482758620689655,7.956896551724138,27.21189736842107
10795,2022-05-08 21:00:00,Asia/Bangkok,91.8349523478261,11.35897435897436,10.72413793103448,26.91420921739133
10796,2022-05-08 22:00:00,Asia/Bangkok,93.18930017857147,16.81578947368421,15.68695652173913,26.45859017699115
10797,2022-05-08 23:00:00,Asia/Bangkok,93.53841971962622,7.886956521739131,7.373913043478261,26.37956345794392
10798,2022-05-09 00:00:00,Asia/Bangkok,93.09782739130434,2.452991452991453,2.247863247863248,25.26632938596491
10799,2022-05-09 01:00:00,Asia/Bangkok,93.2773579279279,0.1293103448275862,0.06896551724137931,24.48989396396396
10800,2022-05-09 02:00:00,Asia/Bangkok,92.26745504424781,0.02564102564102564,0.0,24.76030415929202
10801,2022-05-09 03:00:00,Asia/Bangkok,92.08986521367525,0.008547008547008548,0.0,24.75975905982905
10802,2022-05-09 04:00:00,Asia/Bangkok,93.11447651785716,1.121739130434783,0.9130434782608695,24.54797464285717
10803,2022-05-09 05:00:00,Asia/Bangkok,93.71215455357147,0.08620689655172414,0.0,24.6771026785714
10804,2022-05-09 06:00:00,Asia/Bangkok,93.12569121739136,0.2413793103448276,0.1206896551724138,24.86357403508773
10805,2022-05-09 07:00:00,Asia/Bangkok,93.20659243478258,0.2260869565217391,0.01724137931034483,24.93793139130434
10806,2022-05-09 08:00:00,Asia/Bangkok,93.91876814159292,0.4956521739130435,0.2695652173913043,25.07736714285715
10807,2022-05-09 09:00:00,Asia/Bangkok,93.75238508771932,4.606837606837606,4.153846153846154,25.28724754385965
10808,2022-05-09 10:00:00,Asia/Bangkok,93.9892218103448,2.413793103448276,2.189655172413793,25.47331741379313
10809,2022-05-09 11:00:00,Asia/Bangkok,93.94476851851856,3.620689655172414,3.353448275862069,25.69824638888888
10810,2022-05-09 12:00:00,Asia/Bangkok,94.19197289473685,6.189655172413793,5.75,25.78407280701754
10811,2022-05-09 13:00:00,Asia/Bangkok,93.99513359649124,2.456896551724138,2.198275862068965,26.15243263157895
10812,2022-05-09 14:00:00,Asia/Bangkok,93.59510892857142,2.370689655172414,1.991379310344828,26.57041946428571
10813,2022-05-09 15:00:00,Asia/Bangkok,92.05931228070173,2.452173913043478,2.173913043478261,27.08669807017541
10814,2022-05-09 16:00:00,Asia/Bangkok,89.89106315315317,2.666666666666667,2.456140350877193,27.22091900900901
10815,2022-05-09 17:00:00,Asia/Bangkok,89.5652771698113,3.925925925925926,3.648148148148148,27.3633170754717
10816,2022-05-09 18:00:00,Asia/Bangkok,88.84403582608698,3.482758620689655,3.120689655172414,27.45190122807015
10817,2022-05-09 19:00:00,Asia/Bangkok,89.62926909909905,5.051724137931035,4.568965517241379,27.31994117117116
10818,2022-05-09 20:00:00,Asia/Bangkok,90.5551947321429,11.21551724137931,10.44827586206897,27.03483830357143
10819,2022-05-09 21:00:00,Asia/Bangkok,92.14152063063061,16.18103448275862,15.39655172413793,26.49322036036036
10820,2022-05-09 22:00:00,Asia/Bangkok,92.17224141592922,15.66379310344828,14.74137931034483,26.31744353982304
10821,2022-05-09 23:00:00,Asia/Bangkok,92.15695675675681,15.85344827586207,14.88793103448276,26.12721441441443
10822,2022-05-10 00:00:00,Asia/Bangkok,92.16572828828829,14.68103448275862,13.93965517241379,25.95217702702706
10823,2022-05-10 01:00:00,Asia/Bangkok,92.40666091743122,11.6551724137931,10.93965517241379,25.81094798165139
10824,2022-05-10 02:00:00,Asia/Bangkok,92.43538592920353,8.551724137931034,7.827586206896552,25.73259592920352
10825,2022-05-10 03:00:00,Asia/Bangkok,92.78306300884954,10.35344827586207,9.456896551724139,25.68686920353982
10826,2022-05-10 04:00:00,Asia/Bangkok,93.36504115044244,9.823008849557523,8.929203539823009,25.60158345132746
10827,2022-05-10 05:00:00,Asia/Bangkok,93.8190203448276,9.336206896551724,8.612068965517242,25.63721408695651
10828,2022-05-10 06:00:00,Asia/Bangkok,93.5915188695652,10.54310344827586,9.741379310344827,25.76956869565218
10829,2022-05-10 07:00:00,Asia/Bangkok,93.71109876106198,10.61206896551724,9.887931034482758,25.76610575221239
10830,2022-05-10 08:00:00,Asia/Bangkok,94.3843353043478,9.435897435897436,8.777777777777779,25.85871069565219
10831,2022-05-10 09:00:00,Asia/Bangkok,93.2784282456141,7.982758620689655,7.413793103448276,27.05435026315788
10832,2022-05-10 10:00:00,Asia/Bangkok,87.73772621621622,5.836206896551724,5.396551724137931,28.53801774774775
10833,2022-05-10 11:00:00,Asia/Bangkok,82.44039172413795,5.21551724137931,4.767241379310345,30.30518301724136
10834,2022-05-10 12:00:00,Asia/Bangkok,78.81260196428573,4.316239316239316,4.042735042735043,30.97116562499999
10835,2022-05-10 13:00:00,Asia/Bangkok,79.02037125,5.725663716814159,5.389380530973451,31.21301741071426
10836,2022-05-10 14:00:00,Asia/Bangkok,79.7093553508772,6.165217391304348,5.678260869565217,31.18682140350876
10837,2022-05-10 15:00:00,Asia/Bangkok,79.83114892156864,5.056603773584905,4.754716981132075,31.20621009803923
10838,2022-05-10 16:00:00,Asia/Bangkok,79.39361500000001,5.037735849056604,4.669811320754717,31.39181528846155
10839,2022-05-10 17:00:00,Asia/Bangkok,82.32733188679246,8.49074074074074,8.064814814814815,30.34211905660377
10840,2022-05-10 18:00:00,Asia/Bangkok,84.2323182051282,8.07563025210084,7.554621848739496,28.82144726495727
10841,2022-05-10 19:00:00,Asia/Bangkok,86.19908794642859,15.82758620689655,14.19827586206897,28.19962508928572
10842,2022-05-10 20:00:00,Asia/Bangkok,87.07769258928569,16.12280701754386,15.07894736842105,27.88212098214287
10843,2022-05-10 21:00:00,Asia/Bangkok,89.1842318421053,23.72321428571428,22.09821428571428,27.45970333333333
10844,2022-05-10 22:00:00,Asia/Bangkok,91.20749759259259,23.84070796460177,21.83928571428572,26.9495638888889
10845,2022-05-10 23:00:00,Asia/Bangkok,90.74946626168224,14.60714285714286,13.7787610619469,27.01774523364486
10846,2022-05-11 00:00:00,Asia/Bangkok,90.33387747663551,14.375,13.8141592920354,27.18237887850468
10847,2022-05-11 01:00:00,Asia/Bangkok,90.41852360000001,17.42718446601942,16.63106796116505,27.15006690000002
10848,2022-05-11 02:00:00,Asia/Bangkok,91.24893723214286,19.18803418803419,18.2051282051282,26.94905690265487
10849,2022-05-11 03:00:00,Asia/Bangkok,92.9677051376147,16.33035714285714,15.34821428571429,26.66525175925926
10850,2022-05-11 04:00:00,Asia/Bangkok,93.30946837606837,12.54237288135593,11.88983050847458,26.80309655172417
10851,2022-05-11 05:00:00,Asia/Bangkok,92.99780066115704,12.21138211382114,11.44715447154472,26.90171685950414
10852,2022-05-11 06:00:00,Asia/Bangkok,92.37031779661012,9.815126050420169,9.0,26.81719598290599
10853,2022-05-11 07:00:00,Asia/Bangkok,92.39344060344825,8.831932773109244,8.117647058823529,26.53138965517243
10854,2022-05-11 08:00:00,Asia/Bangkok,92.89325041666667,10.21138211382114,9.390243902439025,26.73633933333334
10855,2022-05-11 09:00:00,Asia/Bangkok,91.8250902727273,10.72173913043478,9.834782608695653,27.64246081818181
10856,2022-05-11 10:00:00,Asia/Bangkok,84.06042543859648,7.086206896551724,6.46551724137931,29.75592631578947
10857,2022-05-11 11:00:00,Asia/Bangkok,78.66124908333336,6.344262295081967,5.885245901639344,31.0790138655462
10858,2022-05-11 12:00:00,Asia/Bangkok,73.55199574999999,6.237704918032787,5.778688524590164,32.51290250000001
10859,2022-05-11 13:00:00,Asia/Bangkok,72.45888915966383,6.370967741935484,5.967741935483871,32.83045307692306
10860,2022-05-11 14:00:00,Asia/Bangkok,73.15099440000002,6.048,5.496,31.45681359999999
10861,2022-05-11 15:00:00,Asia/Bangkok,87.0212320338983,5.983050847457627,5.432203389830509,27.16961983050845
10862,2022-05-11 16:00:00,Asia/Bangkok,88.70907422413796,6.474137931034483,5.948275862068965,27.26646431034482
10863,2022-05-11 17:00:00,Asia/Bangkok,87.89243435185188,7.80909090909091,7.245454545454545,27.62550277777776
10864,2022-05-11 18:00:00,Asia/Bangkok,88.44849608695652,6.29059829059829,5.914529914529915,27.50783321739128
10865,2022-05-11 19:00:00,Asia/Bangkok,87.99688078947361,5.551724137931035,5.086206896551724,27.35173885964911
10866,2022-05-11 20:00:00,Asia/Bangkok,87.99246210526316,6.752212389380531,6.212389380530974,26.93439587719298
10867,2022-05-11 21:00:00,Asia/Bangkok,91.01139663716813,15.33620689655172,14.28448275862069,26.1937553097345
10868,2022-05-11 22:00:00,Asia/Bangkok,91.48844008620688,14.71551724137931,13.66379310344828,26.15025982608695
10869,2022-05-11 23:00:00,Asia/Bangkok,91.12193947368425,14.71551724137931,13.61206896551724,26.0006705263158
10870,2022-05-12 00:00:00,Asia/Bangkok,91.58446464912281,16.05982905982906,15.01709401709402,25.91433973451328
10871,2022-05-12 01:00:00,Asia/Bangkok,90.7048037614679,13.28828828828829,12.47747747747748,25.88885302752293
10872,2022-05-12 02:00:00,Asia/Bangkok,91.08515283185838,13.83620689655172,12.81034482758621,25.72297522123896
10873,2022-05-12 03:00:00,Asia/Bangkok,92.03063739130437,13.13793103448276,12.12068965517241,25.38643252173911
10874,2022-05-12 04:00:00,Asia/Bangkok,92.03371929824564,12.77391304347826,11.83478260869565,25.19165403508773
10875,2022-05-12 05:00:00,Asia/Bangkok,92.31077258928576,14.17391304347826,13.14782608695652,25.15809571428573
10876,2022-05-12 06:00:00,Asia/Bangkok,92.48926495575218,13.24137931034483,12.29310344827586,24.89263624999998
10877,2022-05-12 07:00:00,Asia/Bangkok,92.2981456521739,10.94017094017094,10.12068965517241,24.99335678260869
10878,2022-05-12 08:00:00,Asia/Bangkok,90.2416653982301,11.31896551724138,10.47008547008547,26.02637690265488
10879,2022-05-12 09:00:00,Asia/Bangkok,84.99475146551725,10.42241379310345,9.775862068965518,27.9555476724138
10880,2022-05-12 10:00:00,Asia/Bangkok,73.32391238532111,11.74545454545455,10.69369369369369,30.67001339449541
10881,2022-05-12 11:00:00,Asia/Bangkok,66.85067756521744,13.04310344827586,11.45689655172414,32.43458973913044
10882,2022-05-12 12:00:00,Asia/Bangkok,65.40492913793103,13.93965517241379,12.73275862068965,33.09263982758619
10883,2022-05-12 13:00:00,Asia/Bangkok,65.05101215517242,14.23275862068965,13.02586206896552,33.44800060344828
10884,2022-05-12 14:00:00,Asia/Bangkok,65.01818333333334,16.08333333333333,14.92307692307692,33.6058
10885,2022-05-12 15:00:00,Asia/Bangkok,58.84942657142856,17.80952380952381,16.47619047619047,35.45947514285714
10886,2022-05-12 16:00:00,Asia/Bangkok,58.43281750000001,18.9375,17.50442477876106,34.86844026785717
10887,2022-05-12 17:00:00,Asia/Bangkok,70.85494895238094,8.22429906542056,7.252336448598131,30.8268126923077
10888,2022-05-12 18:00:00,Asia/Bangkok,81.87679495726495,8.764705882352942,7.848739495798319,28.01455290598292
10889,2022-05-12 19:00:00,Asia/Bangkok,86.41181422413798,23.6140350877193,21.41228070175439,27.01510784482758
10890,2022-05-12 20:00:00,Asia/Bangkok,86.61886457943926,27.68421052631579,25.40350877192983,26.92198990654207
10891,2022-05-12 21:00:00,Asia/Bangkok,83.84510946428573,18.98245614035088,17.23684210526316,27.06106357142857
10892,2022-05-12 22:00:00,Asia/Bangkok,85.36600300884955,16.63716814159292,15.19469026548673,26.88163699115044
10893,2022-05-12 23:00:00,Asia/Bangkok,87.53510513043477,18.68103448275862,17.13793103448276,26.49106634782608
10894,2022-05-13 00:00:00,Asia/Bangkok,85.7475076612903,16.112,14.776,26.70020766129033
10895,2022-05-13 01:00:00,Asia/Bangkok,85.88963123893811,15.5948275862069,14.1551724137931,26.87835424778762
10896,2022-05-13 02:00:00,Asia/Bangkok,88.74998799999999,15.48275862068965,14.29310344827586,26.55536278260868
10897,2022-05-13 03:00:00,Asia/Bangkok,89.56805297297295,16.94690265486726,15.36607142857143,26.3219818018018
10898,2022-05-13 04:00:00,Asia/Bangkok,90.28746669642851,21.22321428571428,19.87610619469027,26.01932526785716
10899,2022-05-13 05:00:00,Asia/Bangkok,90.19151415929201,18.0,16.77586206896552,25.7921217699115
10900,2022-05-13 06:00:00,Asia/Bangkok,90.06223983471074,16.98373983739837,15.69918699186992,25.5485433884298
10901,2022-05-13 07:00:00,Asia/Bangkok,91.35640931034486,18.09401709401709,16.78632478632479,25.56700853448277
10902,2022-05-13 08:00:00,Asia/Bangkok,91.60019129629627,19.16071428571428,17.82142857142857,25.96020814814815
10903,2022-05-13 09:00:00,Asia/Bangkok,87.74253008403363,20.975,18.96666666666667,27.44016613445378
10904,2022-05-13 10:00:00,Asia/Bangkok,75.93260459459461,14.95689655172414,13.25862068965517,30.68118432432432
10905,2022-05-13 11:00:00,Asia/Bangkok,69.45415094017093,14.1551724137931,12.58620689655172,32.41395913793104
10906,2022-05-13 12:00:00,Asia/Bangkok,64.55808182608693,13.71794871794872,12.52136752136752,33.90689443478261
10907,2022-05-13 13:00:00,Asia/Bangkok,63.94326946902655,17.75,16.10344827586207,33.76319336283186
10908,2022-05-13 14:00:00,Asia/Bangkok,59.37574345132739,14.51724137931035,13.37068965517241,35.48328142857143
10909,2022-05-13 15:00:00,Asia/Bangkok,66.44385771929822,15.34188034188034,14.11111111111111,33.16553850877194
10910,2022-05-13 16:00:00,Asia/Bangkok,71.97172867256637,17.58620689655172,16.37068965517241,31.99477159292037
10911,2022-05-13 17:00:00,Asia/Bangkok,77.55776563636364,16.65454545454546,15.50909090909091,29.85619819819819
10912,2022-05-13 18:00:00,Asia/Bangkok,85.84550547826088,20.81034482758621,18.78448275862069,27.56939026086955
10913,2022-05-13 19:00:00,Asia/Bangkok,87.04048473684216,43.83760683760683,39.27350427350427,27.34063692982456
10914,2022-05-13 20:00:00,Asia/Bangkok,88.51089117117117,24.08620689655172,21.88793103448276,26.85903297297297
10915,2022-05-13 21:00:00,Asia/Bangkok,89.17570552631577,28.30172413793104,25.6551724137931,26.81884850877192
10916,2022-05-13 22:00:00,Asia/Bangkok,89.45925018348623,21.45689655172414,19.68103448275862,26.51959064220185
10917,2022-05-13 23:00:00,Asia/Bangkok,88.75601173913044,14.01694915254237,13.00847457627119,26.41344026086956
10918,2022-05-14 00:00:00,Asia/Bangkok,89.8382537735849,15.46491228070176,14.43859649122807,26.19094103773584
10919,2022-05-14 01:00:00,Asia/Bangkok,91.20016422018348,16.48672566371681,15.44247787610619,25.89958311926605
10920,2022-05-14 02:00:00,Asia/Bangkok,90.62946008771928,13.63478260869565,12.63478260869565,25.79145140350875
10921,2022-05-14 03:00:00,Asia/Bangkok,90.70287692982458,14.94827586206897,13.79310344827586,25.89262345132744
10922,2022-05-14 04:00:00,Asia/Bangkok,90.94035000000002,13.5948275862069,12.56034482758621,25.87167948275863
10923,2022-05-14 05:00:00,Asia/Bangkok,90.67169973451321,12.09649122807017,11.08771929824561,25.92138176991151
10924,2022-05-14 06:00:00,Asia/Bangkok,90.79150096491229,14.62068965517241,13.78448275862069,25.84389587719297
10925,2022-05-14 07:00:00,Asia/Bangkok,91.96925568965516,20.1965811965812,18.8034188034188,25.81631008695652
10926,2022-05-14 08:00:00,Asia/Bangkok,91.92736131578945,15.52136752136752,14.54700854700855,26.48386043859648
10927,2022-05-14 09:00:00,Asia/Bangkok,87.11782928571428,13.55172413793103,12.51724137931035,27.94947401785715
10928,2022-05-14 10:00:00,Asia/Bangkok,78.90962895652173,8.75,7.698275862068965,30.06916582608697
10929,2022-05-14 11:00:00,Asia/Bangkok,69.93492543103449,5.698275862068965,5.008620689655173,32.10558086956524
10930,2022-05-14 12:00:00,Asia/Bangkok,61.19354508620692,4.086206896551724,3.629310344827586,34.66201025862069
10931,2022-05-14 13:00:00,Asia/Bangkok,61.23696295652173,5.887931034482759,5.28448275862069,34.20959443478262
10932,2022-05-14 14:00:00,Asia/Bangkok,60.44893692982456,8.128205128205128,7.64957264957265,34.66739265486724
10933,2022-05-14 15:00:00,Asia/Bangkok,62.15233042735044,10.55172413793103,9.879310344827585,34.50495495726496
10934,2022-05-14 16:00:00,Asia/Bangkok,59.82391973684209,10.18965517241379,9.560344827586206,35.26469876106194
10935,2022-05-14 17:00:00,Asia/Bangkok,60.60457405405408,12.94594594594595,12.28828828828829,34.8776695412844
10936,2022-05-14 18:00:00,Asia/Bangkok,70.2668051754386,15.62393162393162,14.32478632478633,33.01538991228071
10937,2022-05-14 19:00:00,Asia/Bangkok,75.18783181818185,24.96581196581197,22.02564102564103,31.53953754545454
10938,2022-05-14 20:00:00,Asia/Bangkok,76.23699286956519,20.74137931034483,18.51724137931035,30.81662565217393
10939,2022-05-14 21:00:00,Asia/Bangkok,84.67082702702702,9.327433628318584,8.619469026548673,28.58088699999998
10940,2022-05-14 22:00:00,Asia/Bangkok,87.02721327586205,5.803418803418803,5.213675213675214,28.1069050862069
10941,2022-05-14 23:00:00,Asia/Bangkok,86.59897136363637,5.043478260869565,4.695652173913044,28.37383863636363
10942,2022-05-15 00:00:00,Asia/Bangkok,89.63904333333332,5.142857142857143,4.805194805194805,27.52399613333332
10943,2022-05-15 01:00:00,Asia/Bangkok,89.48097964912284,4.698275862068965,4.310344827586207,27.53391000000001
10944,2022-05-15 02:00:00,Asia/Bangkok,88.61922460869565,4.956521739130435,4.608695652173913,27.61299956521743
10945,2022-05-15 03:00:00,Asia/Bangkok,89.44134905172413,5.853448275862069,5.362068965517241,27.55156939655173
10946,2022-05-15 04:00:00,Asia/Bangkok,90.37132561403507,6.704347826086956,6.2,27.21033417391307
10947,2022-05-15 05:00:00,Asia/Bangkok,90.36727873873875,6.982608695652174,6.530434782608696,27.10538327272726
10948,2022-05-15 06:00:00,Asia/Bangkok,90.48951285714291,7.452991452991453,6.870689655172414,26.96127288288287
10949,2022-05-15 07:00:00,Asia/Bangkok,91.39946675438594,8.46551724137931,7.854700854700854,26.84826894736843
10950,2022-05-15 08:00:00,Asia/Bangkok,90.93101678571433,8.469565217391304,7.842105263157895,27.66107812499998
10951,2022-05-15 09:00:00,Asia/Bangkok,84.77751858407079,7.413793103448276,6.658119658119658,29.33229
10952,2022-05-15 10:00:00,Asia/Bangkok,77.96805176991148,6.517241379310345,5.801724137931035,31.10751407079647
10953,2022-05-15 11:00:00,Asia/Bangkok,67.12365389380533,3.275862068965517,2.741379310344827,33.0126885840708
10954,2022-05-15 12:00:00,Asia/Bangkok,63.67809429824561,5.051724137931035,4.663793103448276,33.90649860869565
10955,2022-05-15 13:00:00,Asia/Bangkok,61.50387290909091,5.921739130434783,5.339130434782609,34.63973871559634
10956,2022-05-15 14:00:00,Asia/Bangkok,68.30216939130432,6.387931034482759,5.982758620689655,33.47750617391304
10957,2022-05-15 15:00:00,Asia/Bangkok,65.07577434782607,5.556521739130435,5.295652173913044,34.00725412280701
10958,2022-05-15 16:00:00,Asia/Bangkok,74.04770594827585,5.194915254237288,4.796610169491525,31.34110991379312
10959,2022-05-15 17:00:00,Asia/Bangkok,74.25767638888888,2.330357142857143,2.027027027027027,29.86400509259255
10960,2022-05-15 18:00:00,Asia/Bangkok,75.59065972477063,2.801724137931035,2.341880341880342,29.7359148623853
10961,2022-05-15 19:00:00,Asia/Bangkok,77.74566728070177,3.887931034482758,3.482758620689655,29.34450710526315
10962,2022-05-15 20:00:00,Asia/Bangkok,79.24488931818183,5.363636363636363,4.909090909090909,29.01504488888889
10963,2022-05-16 01:00:00,Asia/Bangkok,87.66146647058821,5.274509803921569,4.84313725490196,27.27716235294117
10964,2022-05-16 02:00:00,Asia/Bangkok,88.41948077586207,5.871794871794871,5.410256410256411,27.04952224137934
10965,2022-05-16 03:00:00,Asia/Bangkok,89.19638247787611,6.543103448275862,6.051724137931035,26.61500743362832
10966,2022-05-16 04:00:00,Asia/Bangkok,89.04705999999999,7.478632478632479,6.982905982905983,26.63396115044248
10967,2022-05-16 05:00:00,Asia/Bangkok,89.31567414414415,14.9051724137931,13.81896551724138,26.47592261261261
10968,2022-05-16 06:00:00,Asia/Bangkok,90.46631000000001,14.97413793103448,13.54310344827586,26.2941871681416
10969,2022-05-16 07:00:00,Asia/Bangkok,91.64171184210528,16.04310344827586,14.37068965517241,26.14941052631581
10970,2022-05-16 08:00:00,Asia/Bangkok,90.27784398230085,9.948275862068966,9.387931034482758,26.65749672566371
10971,2022-05-16 09:00:00,Asia/Bangkok,85.8574744347826,8.724137931034482,7.939655172413793,27.86945605263159
10972,2022-05-16 10:00:00,Asia/Bangkok,76.09659336283187,5.301724137931035,4.629310344827586,30.55142371681416
10973,2022-05-16 11:00:00,Asia/Bangkok,66.27526599999999,2.904347826086957,2.495652173913043,33.13916286956523
10974,2022-05-16 12:00:00,Asia/Bangkok,65.93483605263158,1.137931034482759,0.8620689655172413,32.67342412280702
10975,2022-05-16 13:00:00,Asia/Bangkok,67.29733333333331,2.747826086956522,2.408695652173913,32.23869798245614
10976,2022-05-16 14:00:00,Asia/Bangkok,66.38171758620692,0.8362068965517241,0.7130434782608696,31.21812025641025
10977,2022-05-16 15:00:00,Asia/Bangkok,67.40130723214286,0.9051724137931034,0.8034188034188035,30.68463008928573
10978,2022-05-16 16:00:00,Asia/Bangkok,73.02129292035399,2.413793103448276,2.112068965517242,30.21369544642857
10979,2022-05-16 17:00:00,Asia/Bangkok,73.60911619469032,2.286956521739131,2.052173913043478,30.04663716814159
10980,2022-05-16 18:00:00,Asia/Bangkok,75.0184301724138,13.26495726495727,11.97435897435897,29.2794321551724
10981,2022-05-16 19:00:00,Asia/Bangkok,76.63452313043477,6.316239316239316,5.521367521367521,28.39226904347824
10982,2022-05-16 20:00:00,Asia/Bangkok,80.24102482142855,6.417391304347826,5.869565217391305,27.67869955357142
10983,2022-05-16 21:00:00,Asia/Bangkok,81.55845603448277,5.53448275862069,5.060344827586207,27.61738499999999
10984,2022-05-16 22:00:00,Asia/Bangkok,83.57111491071427,7.767241379310345,7.043103448275862,27.28707646017701
10985,2022-05-16 23:00:00,Asia/Bangkok,85.11515964912277,2.008620689655173,1.612068965517241,27.08687230088495
10986,2022-05-17 00:00:00,Asia/Bangkok,85.82053373913041,4.582608695652174,4.139130434782609,27.02150815789469
10987,2022-05-17 01:00:00,Asia/Bangkok,85.20858182608693,2.811965811965812,2.504273504273504,27.03783130434782
10988,2022-05-17 02:00:00,Asia/Bangkok,84.63528,1.327586206896552,1.043103448275862,27.11944219298247
10989,2022-05-17 03:00:00,Asia/Bangkok,86.58494135135135,2.713043478260869,2.356521739130435,26.63684315315314
10990,2022-05-17 04:00:00,Asia/Bangkok,88.2932233035715,6.128205128205129,5.692307692307693,26.24682794642859
10991,2022-05-17 05:00:00,Asia/Bangkok,89.37268860869563,8.726495726495726,8.196581196581196,26.05763556521737
10992,2022-05-17 06:00:00,Asia/Bangkok,90.71072522123896,9.14655172413793,8.568965517241379,25.85349176991151
10993,2022-05-17 07:00:00,Asia/Bangkok,91.0594706140351,8.905172413793103,8.405172413793103,25.90100342105262
10994,2022-05-17 08:00:00,Asia/Bangkok,88.25192636363634,6.669565217391304,6.0,27.05857972477065
10995,2022-05-17 09:00:00,Asia/Bangkok,81.6509725,2.572649572649573,2.102564102564103,28.9832967857143
10996,2022-05-17 10:00:00,Asia/Bangkok,74.16116201754386,1.318965517241379,0.9051724137931034,30.88821578947369
10997,2022-05-17 11:00:00,Asia/Bangkok,64.87401069565219,2.782608695652174,2.495652173913043,33.71422612068967
10998,2022-05-17 12:00:00,Asia/Bangkok,61.07130163793102,2.423728813559322,2.194915254237288,34.62764112068966
10999,2022-05-17 13:00:00,Asia/Bangkok,56.16193139130434,2.432203389830509,2.26271186440678,36.41059543859649
11000,2022-05-17 14:00:00,Asia/Bangkok,55.15549423423424,3.087719298245614,2.858407079646017,36.59747846846847
11001,2022-05-17 15:00:00,Asia/Bangkok,63.26794443181818,3.806818181818182,3.449438202247191,34.63712333333332
11002,2022-05-17 16:00:00,Asia/Bangkok,62.62434409090908,5.045454545454546,4.772727272727272,33.68301999999998
11003,2022-05-17 17:00:00,Asia/Bangkok,69.74048112000003,4.417322834645669,4.05511811023622,31.40353435483873
11004,2022-05-17 18:00:00,Asia/Bangkok,75.14895824675324,5.611464968152866,5.095541401273885,29.39853745098038
11005,2022-05-17 19:00:00,Asia/Bangkok,77.75957108433734,9.67065868263473,8.916167664670658,29.33995951807228
11006,2022-05-17 20:00:00,Asia/Bangkok,80.37306165137619,18.64864864864865,17.36036036036036,28.81161256880734
11007,2022-05-17 21:00:00,Asia/Bangkok,82.852110877193,13.32758620689655,12.52586206896552,28.56393061403509
11008,2022-05-17 22:00:00,Asia/Bangkok,87.06996886956516,10.26956521739131,9.565217391304348,27.65944069565215
11009,2022-05-17 23:00:00,Asia/Bangkok,87.3487313913044,16.72413793103448,15.77586206896552,27.57997965217392
11010,2022-05-18 00:00:00,Asia/Bangkok,87.29051894736843,15.80172413793103,15.08695652173913,27.40142473684208
11011,2022-05-18 01:00:00,Asia/Bangkok,87.25925690265491,11.49122807017544,10.78260869565217,27.48373412280701
11012,2022-05-18 02:00:00,Asia/Bangkok,89.28888894736842,15.39655172413793,14.5,27.14989295652175
11013,2022-05-18 03:00:00,Asia/Bangkok,90.25127710526314,18.92307692307692,18.01709401709402,26.99393203539823
11014,2022-05-18 04:00:00,Asia/Bangkok,89.25187521739132,15.52586206896552,14.6551724137931,27.07431052173912
11015,2022-05-18 05:00:00,Asia/Bangkok,88.85780930434788,18.37931034482759,17.39655172413793,27.05689530434783
11016,2022-05-18 06:00:00,Asia/Bangkok,89.52184008547006,18.76923076923077,17.71794871794872,26.87979940170942
11017,2022-05-18 07:00:00,Asia/Bangkok,90.08196348214287,57.16379310344828,51.44827586206897,26.80168848214287
11018,2022-05-18 08:00:00,Asia/Bangkok,91.2667841739131,24.78448275862069,22.49137931034483,26.85722773913043
11019,2022-05-18 09:00:00,Asia/Bangkok,87.23537704347827,17.83760683760684,16.76068376068376,27.88500017391305
11020,2022-05-18 10:00:00,Asia/Bangkok,78.43569535087721,11.82758620689655,11.04310344827586,30.4005053508772
11021,2022-05-18 11:00:00,Asia/Bangkok,71.44286274336282,9.120689655172415,8.560344827586206,31.76833681415929
11022,2022-05-18 12:00:00,Asia/Bangkok,64.70323201754384,8.350427350427351,7.726495726495727,33.32725833333333
11023,2022-05-18 13:00:00,Asia/Bangkok,62.02214705357142,8.431034482758621,8.008620689655173,33.80025866071428
11024,2022-05-18 14:00:00,Asia/Bangkok,56.84851736842103,8.448275862068966,8.017241379310345,35.0479373043478
11025,2022-05-18 15:00:00,Asia/Bangkok,54.25482684684683,7.78448275862069,7.310344827586207,35.99757972727271
11026,2022-05-18 16:00:00,Asia/Bangkok,55.1848203539823,8.564102564102564,8.11965811965812,36.079885
11027,2022-05-18 17:00:00,Asia/Bangkok,61.61712201754385,14.06896551724138,13.25862068965517,34.03950798245614
11028,2022-05-18 18:00:00,Asia/Bangkok,74.97607054054053,26.53448275862069,23.3448275862069,29.81611756756754
11029,2022-05-18 19:00:00,Asia/Bangkok,80.79430107142855,47.62931034482759,40.14655172413793,29.09342223214287
11030,2022-05-18 20:00:00,Asia/Bangkok,83.70964208695648,31.69230769230769,28.77777777777778,28.81070200000001
11031,2022-05-18 21:00:00,Asia/Bangkok,86.06622348214286,25.21739130434782,23.46086956521739,28.65949669642857
11032,2022-05-18 22:00:00,Asia/Bangkok,84.78496412280704,13.73043478260869,12.95652173913044,28.40281771929825
11033,2022-05-18 23:00:00,Asia/Bangkok,84.56052347826085,10.27586206896552,9.706896551724139,28.10844765217391
11034,2022-05-19 00:00:00,Asia/Bangkok,83.79954852173908,7.948717948717949,7.461538461538462,28.01942260869563
11035,2022-05-19 01:00:00,Asia/Bangkok,84.86768104347829,8.577586206896552,8.120689655172415,27.73655452173913
11036,2022-05-19 02:00:00,Asia/Bangkok,86.61726747826083,10.29059829059829,9.752136752136753,27.09495356521738
11037,2022-05-19 03:00:00,Asia/Bangkok,86.54191288288284,8.922413793103448,8.46551724137931,26.82759072072074
11038,2022-05-19 04:00:00,Asia/Bangkok,87.02017554545456,7.155172413793103,6.646551724137931,26.14807500000001
11039,2022-05-19 05:00:00,Asia/Bangkok,86.80625171171165,8.206896551724139,7.517241379310345,25.74788684684687
11040,2022-05-19 06:00:00,Asia/Bangkok,88.86069163636368,11.02654867256637,10.15044247787611,25.47121609090911
11041,2022-05-19 07:00:00,Asia/Bangkok,89.67292069565212,9.852173913043478,9.278260869565218,25.6389312173913
11042,2022-05-19 08:00:00,Asia/Bangkok,88.51583612068958,9.120689655172415,8.46551724137931,26.39504068965517
11043,2022-05-19 09:00:00,Asia/Bangkok,86.32677815789471,12.2,11.53913043478261,27.6527150877193
11044,2022-05-19 10:00:00,Asia/Bangkok,84.2994530088496,15.3448275862069,14.53448275862069,28.36274601769913
11045,2022-05-19 11:00:00,Asia/Bangkok,79.28459203703706,17.21551724137931,16.17241379310345,29.60374499999999
11046,2022-05-19 12:00:00,Asia/Bangkok,74.62030345132739,13.6695652173913,12.71304347826087,31.07598884955751
11047,2022-05-19 13:00:00,Asia/Bangkok,67.57789833333335,13.68965517241379,12.71551724137931,32.79949131578949
11048,2022-05-19 14:00:00,Asia/Bangkok,58.50377982608698,10.08547008547009,9.350427350427351,35.07206234782609
11049,2022-05-19 15:00:00,Asia/Bangkok,56.35891701754386,8.887931034482758,8.120689655172415,35.19576105263159
11050,2022-05-19 16:00:00,Asia/Bangkok,61.49355612068963,12.35344827586207,11.44827586206897,33.74541905172413
11051,2022-05-19 17:00:00,Asia/Bangkok,65.39482681818181,9.774774774774775,9.0,32.67204818181818
11052,2022-05-19 18:00:00,Asia/Bangkok,66.83359913043479,14.22413793103448,12.54310344827586,32.63679191304347
11053,2022-05-19 19:00:00,Asia/Bangkok,71.85113403508774,32.35344827586207,28.68965517241379,30.35739939130436
11054,2022-05-19 20:00:00,Asia/Bangkok,77.05941307017548,39.10344827586207,33.30172413793103,29.34587610619467
11055,2022-05-19 21:00:00,Asia/Bangkok,81.32977707964602,25.81034482758621,23.21551724137931,28.65573017699113
11056,2022-05-19 22:00:00,Asia/Bangkok,83.86140289473687,32.23275862068966,28.39655172413793,28.08725087719299
11057,2022-05-19 23:00:00,Asia/Bangkok,86.57765930434782,21.41379310344828,19.75862068965517,27.58917539130438
11058,2022-05-20 00:00:00,Asia/Bangkok,85.5973807826087,12.44444444444444,11.42735042735043,27.02791773913044
11059,2022-05-20 01:00:00,Asia/Bangkok,78.35564336283184,5.112068965517241,4.413793103448276,27.47128247787608
11060,2022-05-20 02:00:00,Asia/Bangkok,76.29662286956523,3.620689655172414,2.991379310344827,27.56335443478259
11061,2022-05-20 03:00:00,Asia/Bangkok,78.09828765217388,4.405172413793103,3.818965517241379,27.03525417391302
11062,2022-05-20 04:00:00,Asia/Bangkok,80.00913060869563,5.52991452991453,4.897435897435898,26.77451617391302
11063,2022-05-20 05:00:00,Asia/Bangkok,81.46815815789475,5.344827586206897,4.663793103448276,26.7037651754386
11064,2022-05-20 06:00:00,Asia/Bangkok,82.90030366071429,7.842105263157895,7.123893805309734,26.72973464285713
11065,2022-05-20 07:00:00,Asia/Bangkok,85.65657128205127,10.83050847457627,10.04201680672269,26.41979384615384
11066,2022-05-20 08:00:00,Asia/Bangkok,85.01119460869565,7.743589743589744,6.880341880341881,26.71038182608696
11067,2022-05-20 09:00:00,Asia/Bangkok,83.72171605263155,6.96551724137931,6.060344827586207,27.57869526315789
11068,2022-05-20 10:00:00,Asia/Bangkok,77.54356681415929,6.431034482758621,5.491379310344827,29.49716451327434
11069,2022-05-20 11:00:00,Asia/Bangkok,67.46787043103448,3.870689655172414,3.275862068965517,31.94490499999999
11070,2022-05-20 12:00:00,Asia/Bangkok,64.07079146551725,4.603448275862069,3.956896551724138,33.12180508620691
11071,2022-05-20 13:00:00,Asia/Bangkok,60.70570353448276,6.008547008547009,5.273504273504273,34.26972456896552
11072,2022-05-20 14:00:00,Asia/Bangkok,58.15668297297293,6.301724137931035,5.560344827586207,35.03524117117117
11073,2022-05-20 15:00:00,Asia/Bangkok,61.88573123893804,4.094827586206897,3.543103448275862,33.66672911504426
11074,2022-05-20 16:00:00,Asia/Bangkok,62.12575275862069,6.025862068965517,5.068965517241379,33.64838982758619
11075,2022-05-20 17:00:00,Asia/Bangkok,56.99705113043481,5.598290598290598,4.717948717948718,34.98415043478258
11076,2022-05-20 18:00:00,Asia/Bangkok,67.78622421052631,3.678260869565217,3.156521739130435,30.38225859649122
11077,2022-05-20 19:00:00,Asia/Bangkok,72.27324260869568,4.295652173913044,3.713043478260869,28.61672887931034
11078,2022-05-20 20:00:00,Asia/Bangkok,75.64487185840709,5.96551724137931,5.344827586206897,27.38806098214284
11079,2022-05-20 21:00:00,Asia/Bangkok,76.38437620689656,6.689655172413793,6.060344827586207,27.61400060344827
11080,2022-05-20 22:00:00,Asia/Bangkok,78.61903160714289,5.165217391304348,4.434782608695652,27.20573928571429
11081,2022-05-20 23:00:00,Asia/Bangkok,82.17311660714283,5.586206896551724,4.732758620689655,26.21425857142859
11082,2022-05-21 00:00:00,Asia/Bangkok,83.56769077586208,7.043103448275862,6.387931034482759,25.98288870689655
11083,2022-05-21 01:00:00,Asia/Bangkok,84.6971445614035,6.410256410256411,5.547008547008547,26.00460622807015
11084,2022-05-21 02:00:00,Asia/Bangkok,86.45292017543865,7.931034482758621,7.060344827586207,25.7159336842105
11085,2022-05-21 03:00:00,Asia/Bangkok,86.50361312500004,5.543103448275862,4.801724137931035,25.87543973214285
11086,2022-05-21 04:00:00,Asia/Bangkok,88.34176226086957,7.605263157894737,6.710526315789473,25.56079313043481
11087,2022-05-21 05:00:00,Asia/Bangkok,89.25988955752209,7.444444444444445,6.452991452991453,25.5599197345133
11088,2022-05-21 06:00:00,Asia/Bangkok,89.51215626086963,5.810344827586207,4.939655172413793,25.62244530434785
11089,2022-05-21 07:00:00,Asia/Bangkok,87.90107026086956,6.21551724137931,5.310344827586207,26.10068617391304
11090,2022-05-21 08:00:00,Asia/Bangkok,84.6309936521739,6.163793103448276,5.474137931034483,27.23989600000002
11091,2022-05-21 09:00:00,Asia/Bangkok,82.26374782608693,5.145299145299146,4.452991452991453,28.30324526315791
11092,2022-05-21 10:00:00,Asia/Bangkok,77.79237634782606,5.810344827586207,5.155172413793103,28.83863365217391
11093,2022-05-21 11:00:00,Asia/Bangkok,76.40428566371682,9.198275862068966,8.53448275862069,29.38349690265484
11094,2022-05-21 12:00:00,Asia/Bangkok,72.65487627272726,8.128205128205128,7.025641025641026,30.77978090909091
11095,2022-05-21 13:00:00,Asia/Bangkok,70.98301221238938,6.224137931034483,5.275862068965517,31.70153221238939
11096,2022-05-21 14:00:00,Asia/Bangkok,71.28252070175438,5.948717948717949,5.155172413793103,31.86422070175438
11097,2022-05-21 15:00:00,Asia/Bangkok,74.09925684210526,8.560344827586206,7.25,31.26559903508771
11098,2022-05-21 16:00:00,Asia/Bangkok,86.33246693693691,4.077586206896552,3.136752136752137,27.31163990990992
11099,2022-05-21 17:00:00,Asia/Bangkok,84.54806769911507,4.922413793103448,4.224137931034483,28.20210212389381
11100,2022-05-21 18:00:00,Asia/Bangkok,85.47290307017543,8.043103448275861,6.301724137931035,28.21922008771929
11101,2022-05-21 19:00:00,Asia/Bangkok,86.83440405405408,10.23478260869565,8.269565217391305,27.92350657657653
11102,2022-05-21 20:00:00,Asia/Bangkok,87.81983176991153,16.80869565217391,14.6695652173913,27.52549513274334
11103,2022-05-21 21:00:00,Asia/Bangkok,88.786048125,20.50862068965517,18.0948275862069,27.35034499999997
11104,2022-05-21 22:00:00,Asia/Bangkok,90.3187403603604,21.68103448275862,19.24137931034483,26.99170378378382
11105,2022-05-21 23:00:00,Asia/Bangkok,90.90483819819822,20.62280701754386,18.2719298245614,26.80848330357145
11106,2022-05-22 00:00:00,Asia/Bangkok,87.48713166666661,10.52586206896552,8.482758620689655,26.84145149122805
11107,2022-05-22 01:00:00,Asia/Bangkok,88.20195166666669,11.72413793103448,9.663793103448276,26.78324070175438
11108,2022-05-22 02:00:00,Asia/Bangkok,91.22315824561407,11.75862068965517,9.698275862068966,25.92228053097347
11109,2022-05-22 03:00:00,Asia/Bangkok,91.51830990990986,12.81034482758621,10.36206896551724,25.75837684684684
11110,2022-05-22 04:00:00,Asia/Bangkok,92.06393559633024,12.55752212389381,10.63716814159292,25.5648875229358
11111,2022-05-22 05:00:00,Asia/Bangkok,92.33665491379313,14.11206896551724,12.05172413793103,25.46012620689654
11112,2022-05-22 06:00:00,Asia/Bangkok,91.47996196428569,15.13913043478261,12.8695652173913,25.69169062499998
11113,2022-05-22 07:00:00,Asia/Bangkok,89.76546578947367,13.86206896551724,11.4051724137931,26.1230152631579
11114,2022-05-22 08:00:00,Asia/Bangkok,85.63851684210523,9.634782608695652,7.321739130434783,27.5344503539823
11115,2022-05-22 09:00:00,Asia/Bangkok,84.09093192982452,9.120689655172415,6.775862068965517,28.11236052631578
11116,2022-05-22 10:00:00,Asia/Bangkok,80.86382663636361,8.732758620689655,6.637931034482759,28.96412763636364
11117,2022-05-22 11:00:00,Asia/Bangkok,78.8595772477064,9.655172413793103,7.586206896551724,29.81888990825689
11118,2022-05-22 12:00:00,Asia/Bangkok,74.24813128205126,8.042735042735043,6.256410256410256,30.67565794871795
11119,2022-05-22 13:00:00,Asia/Bangkok,68.92644458715598,5.801724137931035,4.008620689655173,31.73383366972477
11120,2022-05-22 14:00:00,Asia/Bangkok,63.84444250000001,4.844827586206897,3.413793103448276,32.81846124999999
11121,2022-05-22 15:00:00,Asia/Bangkok,61.86499773913042,4.396551724137931,2.879310344827586,33.09922267241377
11122,2022-05-22 16:00:00,Asia/Bangkok,65.62253456140353,5.0,3.543103448275862,32.1788110619469
11123,2022-05-22 17:00:00,Asia/Bangkok,72.06036293103449,6.103448275862069,4.491379310344827,30.9221699137931
11124,2022-05-22 18:00:00,Asia/Bangkok,71.70996398230089,6.683760683760684,5.076923076923077,30.53450292035399
11125,2022-05-22 19:00:00,Asia/Bangkok,73.50407478260867,8.767241379310345,7.008620689655173,29.90662486956522
11126,2022-05-22 20:00:00,Asia/Bangkok,76.23593121739128,8.844827586206897,7.172413793103448,29.33958513043474
11127,2022-05-22 21:00:00,Asia/Bangkok,78.35242745614038,7.316239316239316,5.675213675213675,28.90788728070175
11128,2022-05-22 22:00:00,Asia/Bangkok,80.100237079646,7.922413793103448,6.577586206896552,28.49658330357142
11129,2022-05-22 23:00:00,Asia/Bangkok,80.92363912280697,7.75,6.405172413793103,28.34230539823007
11130,2022-05-23 00:00:00,Asia/Bangkok,82.03755185840703,7.5,6.551724137931035,28.29985928571428
11131,2022-05-23 01:00:00,Asia/Bangkok,83.97441782608695,8.887931034482758,7.637931034482759,27.74665660869565
11132,2022-05-23 02:00:00,Asia/Bangkok,85.96175442477877,13.50434782608696,11.67826086956522,27.36872442477874
11133,2022-05-23 03:00:00,Asia/Bangkok,87.52369734513272,11.34782608695652,9.948275862068966,26.75155123893805
11134,2022-05-23 04:00:00,Asia/Bangkok,87.4210699115044,11.95689655172414,10.47413793103448,26.71856097345136
11135,2022-05-23 05:00:00,Asia/Bangkok,88.20714692982459,10.49137931034483,9.10344827586207,26.66515353982301
11136,2022-05-23 06:00:00,Asia/Bangkok,89.77759756521745,10.51724137931035,9.043103448275861,26.19284539130438
11137,2022-05-23 07:00:00,Asia/Bangkok,89.7648142241379,15.45689655172414,13.25,26.30383568965518
11138,2022-05-23 08:00:00,Asia/Bangkok,87.85537149122804,11.94827586206897,10.0,26.92481614035087
11139,2022-05-23 09:00:00,Asia/Bangkok,83.03584156521738,10.6551724137931,8.439655172413794,28.24746886956522
11140,2022-05-23 10:00:00,Asia/Bangkok,78.41664426086955,9.23076923076923,7.581196581196581,29.32669869565216
11141,2022-05-23 11:00:00,Asia/Bangkok,74.68201036036035,8.104347826086956,6.756521739130434,30.99216918918919
11142,2022-05-23 12:00:00,Asia/Bangkok,69.91711333333338,8.222222222222221,6.871794871794871,32.52890756756756
11143,2022-05-23 13:00:00,Asia/Bangkok,63.80478946902655,4.336206896551724,3.568965517241379,33.6711017699115
11144,2022-05-23 14:00:00,Asia/Bangkok,59.66111530973453,3.469565217391304,2.912280701754386,34.81220530973452
11145,2022-05-23 15:00:00,Asia/Bangkok,56.4698932142857,2.743362831858407,2.333333333333333,35.46275374999999
11146,2022-05-23 16:00:00,Asia/Bangkok,58.31775887931035,4.398305084745763,4.067796610169491,32.86114810344827
11147,2022-05-23 17:00:00,Asia/Bangkok,69.97291144144145,31.38793103448276,28.63793103448276,31.25809414414415
11148,2022-05-23 18:00:00,Asia/Bangkok,67.83812130434782,9.112068965517242,8.224137931034482,32.29868147826088
11149,2022-05-23 19:00:00,Asia/Bangkok,70.6289172321429,23.56896551724138,20.67241379310345,31.19575839285713
11150,2022-05-23 20:00:00,Asia/Bangkok,75.47833309734511,16.14655172413793,14.81034482758621,29.79319256637168
11151,2022-05-23 21:00:00,Asia/Bangkok,79.7437160176991,43.88793103448276,37.03448275862069,29.01945929203539
11152,2022-05-23 22:00:00,Asia/Bangkok,82.52263399999997,39.05172413793103,33.47413793103448,28.50063886956521
11153,2022-05-23 23:00:00,Asia/Bangkok,84.98926200000002,24.43103448275862,22.97413793103448,27.93555208695652
11154,2022-05-24 00:00:00,Asia/Bangkok,85.64420163636365,29.81196581196581,26.8974358974359,27.79336190909088
11155,2022-05-24 01:00:00,Asia/Bangkok,87.46478194690269,20.51304347826087,19.11304347826087,27.18250920353982
11156,2022-05-24 02:00:00,Asia/Bangkok,87.6006510344828,18.42241379310345,17.11206896551724,26.8402501724138
11157,2022-05-24 03:00:00,Asia/Bangkok,88.64962295652175,17.48275862068965,16.22413793103448,26.52369208695653
11158,2022-05-24 04:00:00,Asia/Bangkok,89.80840385964912,16.5948275862069,15.29310344827586,26.06693684210527
11159,2022-05-24 05:00:00,Asia/Bangkok,90.40628637168143,15.79310344827586,14.67241379310345,25.98868362831855
11160,2022-05-24 06:00:00,Asia/Bangkok,90.72073106194686,16.6283185840708,15.52212389380531,25.9107253982301
11161,2022-05-24 07:00:00,Asia/Bangkok,90.94658743589743,17.77777777777778,16.56410256410257,25.98514564102564
11162,2022-05-24 08:00:00,Asia/Bangkok,88.24516351351353,16.05172413793104,15.01724137931035,27.22043981981981
11163,2022-05-24 09:00:00,Asia/Bangkok,80.82015790909092,8.672413793103448,7.836206896551724,29.07429018181819
11164,2022-05-24 10:00:00,Asia/Bangkok,73.67619785714285,8.521367521367521,7.905982905982906,31.31575651785715
11165,2022-05-24 11:00:00,Asia/Bangkok,67.52836070175437,12.10344827586207,11.35344827586207,33.02483078947368
11166,2022-05-24 12:00:00,Asia/Bangkok,60.26767410714286,11.24561403508772,10.60526315789474,35.01506901785715
11167,2022-05-24 13:00:00,Asia/Bangkok,65.68151730434782,9.577586206896552,9.10344827586207,33.06581123893804
11168,2022-05-24 14:00:00,Asia/Bangkok,61.97545482456142,11.59130434782609,11.16521739130435,34.68270754385966
11169,2022-05-24 15:00:00,Asia/Bangkok,61.36297903508773,14.21739130434783,13.74782608695652,34.88729087719299
11170,2022-05-24 16:00:00,Asia/Bangkok,55.97672215517242,8.39655172413793,7.931034482758621,35.1785120689655
11171,2022-05-24 17:00:00,Asia/Bangkok,53.47255192982454,7.672413793103448,7.232758620689655,35.53051377192983
11172,2022-05-24 18:00:00,Asia/Bangkok,56.42198675438596,11.66086956521739,11.07826086956522,34.50202292035399
11173,2022-05-24 19:00:00,Asia/Bangkok,60.75205570175435,20.52136752136752,19.57264957264957,33.07446631578947
11174,2022-05-24 20:00:00,Asia/Bangkok,71.646538018018,25.02608695652174,22.61739130434783,31.30106036036035
11175,2022-05-24 21:00:00,Asia/Bangkok,76.16540776785712,30.79310344827586,26.43965517241379,30.91182294642858
11176,2022-05-24 22:00:00,Asia/Bangkok,80.02152315789473,26.88793103448276,23.6551724137931,30.07624789473686
11177,2022-05-24 23:00:00,Asia/Bangkok,82.87383043478262,24.11206896551724,22.20689655172414,29.33707626086954
11178,2022-05-25 00:00:00,Asia/Bangkok,83.33507087719299,25.0,23.25641025641026,29.00324403508773
11179,2022-05-25 01:00:00,Asia/Bangkok,84.95442787610622,26.19130434782609,24.47826086956522,28.28374840707962
11180,2022-05-25 02:00:00,Asia/Bangkok,85.38423798245617,31.17241379310345,29.0948275862069,27.66187508771931
11181,2022-05-25 03:00:00,Asia/Bangkok,85.72067282051285,30.31578947368421,28.64912280701754,27.14450196581198
11182,2022-05-25 04:00:00,Asia/Bangkok,86.92775513043478,32.53448275862069,30.21551724137931,26.36999434782607
11183,2022-05-25 05:00:00,Asia/Bangkok,88.02957465517247,47.89655172413793,40.20689655172414,25.91843241379311
11184,2022-05-25 06:00:00,Asia/Bangkok,88.30218373913047,52.42735042735043,43.04310344827586,25.70044226086955
11185,2022-05-25 07:00:00,Asia/Bangkok,89.06506773913037,41.75862068965517,36.96581196581197,25.6935232173913
11186,2022-05-25 08:00:00,Asia/Bangkok,86.85553486486485,23.36206896551724,22.35344827586207,26.64968666666667
11187,2022-05-25 09:00:00,Asia/Bangkok,77.88842150442477,11.47413793103448,10.79310344827586,28.86736902654868
11188,2022-05-25 10:00:00,Asia/Bangkok,67.16758037735849,4.948275862068965,4.5,31.64911820754717
11189,2022-05-25 11:00:00,Asia/Bangkok,61.57447495575222,4.517241379310345,3.775862068965517,33.50797548672567
11190,2022-05-25 12:00:00,Asia/Bangkok,57.31321392523365,3.807339449541284,3.339449541284404,34.83549560747663
11191,2022-05-25 13:00:00,Asia/Bangkok,52.80323295081971,0.92,0.7096774193548387,35.17458745901639
11192,2022-05-25 14:00:00,Asia/Bangkok,55.90654035087717,2.793103448275862,2.205128205128205,34.98889619469027
11193,2022-05-25 15:00:00,Asia/Bangkok,58.63596477876108,5.0,4.568965517241379,34.60940238938053
11194,2022-05-25 16:00:00,Asia/Bangkok,57.2467770175439,6.724137931034483,6.25,35.14577447368421
11195,2022-05-25 17:00:00,Asia/Bangkok,65.00582885964913,11.30172413793103,10.56034482758621,32.29793956140353
11196,2022-05-25 18:00:00,Asia/Bangkok,72.75483654545454,4.75,4.224137931034483,29.7922452727273
11197,2022-05-25 19:00:00,Asia/Bangkok,77.76252295652175,13.89655172413793,12.66379310344828,29.56982359649122
11198,2022-05-25 20:00:00,Asia/Bangkok,77.66980555555554,14.89285714285714,13.83928571428571,29.65362267857142
11199,2022-05-25 21:00:00,Asia/Bangkok,77.30745818181818,9.012820512820513,8.217948717948717,28.92410207792207
11200,2022-05-25 22:00:00,Asia/Bangkok,78.92524090090089,17.74336283185841,15.31578947368421,28.73667473214286
11201,2022-05-25 23:00:00,Asia/Bangkok,82.78315278260864,13.98305084745763,13.0593220338983,27.89835130434781
11202,2022-05-26 00:00:00,Asia/Bangkok,85.89558672566379,15.25,14.14655172413793,27.12742530973451
11203,2022-05-26 01:00:00,Asia/Bangkok,86.73895824561397,12.62931034482759,11.62608695652174,26.7527006140351
11204,2022-05-26 02:00:00,Asia/Bangkok,86.50009345454541,10.82608695652174,10.01724137931035,26.664492
11205,2022-05-26 03:00:00,Asia/Bangkok,86.62877130434784,9.034188034188034,8.256410256410257,26.39574739130436
11206,2022-05-26 04:00:00,Asia/Bangkok,88.8395090178572,10.72413793103448,9.89655172413793,25.95194919642858
11207,2022-05-26 05:00:00,Asia/Bangkok,88.96599955752211,10.75,9.913793103448276,25.86752725663716
11208,2022-05-26 06:00:00,Asia/Bangkok,88.99709956896551,12.77586206896552,11.67241379310345,25.82011629310344
11209,2022-05-26 07:00:00,Asia/Bangkok,89.33472582608694,13.25,12.16379310344828,25.90273530434783
11210,2022-05-26 08:00:00,Asia/Bangkok,84.6406244827586,8.044247787610619,6.911504424778761,27.52318260869565
11211,2022-05-26 09:00:00,Asia/Bangkok,79.39492681034481,5.163793103448276,4.181034482758621,29.1072425
11212,2022-05-26 10:00:00,Asia/Bangkok,72.8251550877193,3.71551724137931,2.879310344827586,30.78772605263158
11213,2022-05-26 11:00:00,Asia/Bangkok,64.79689610619467,3.931623931623931,3.076923076923077,32.85310610619467
11214,2022-05-26 12:00:00,Asia/Bangkok,56.98378234782612,5.086206896551724,4.353448275862069,34.90260008695653
11215,2022-05-26 13:00:00,Asia/Bangkok,54.00391991150442,5.289473684210527,4.578947368421052,35.92346389380532
11216,2022-05-26 14:00:00,Asia/Bangkok,54.42489336283187,5.68695652173913,5.043478260869565,35.8160705357143
11217,2022-05-26 15:00:00,Asia/Bangkok,53.86070097345133,7.128205128205129,6.376068376068377,36.27868920353982
11218,2022-05-26 16:00:00,Asia/Bangkok,55.88699710526316,6.663793103448276,5.96551724137931,35.76466345132744
11219,2022-05-26 17:00:00,Asia/Bangkok,62.02403575221243,8.053571428571429,7.079646017699115,33.9254914159292
11220,2022-05-26 18:00:00,Asia/Bangkok,73.77705973451326,6.818965517241379,6.025862068965517,31.15862955752211
11221,2022-05-26 19:00:00,Asia/Bangkok,74.3333466055046,6.2,5.234782608695652,30.09785284403669
11222,2022-05-26 20:00:00,Asia/Bangkok,77.84411034482758,12.43965517241379,11.4051724137931,29.34655741379311
11223,2022-05-26 21:00:00,Asia/Bangkok,79.38256008771933,12.72413793103448,11.49137931034483,29.05674298245616
11224,2022-05-26 22:00:00,Asia/Bangkok,80.15402035714284,14.07758620689655,12.70689655172414,28.85407294642857
11225,2022-05-26 23:00:00,Asia/Bangkok,83.24896297297299,17.49137931034483,15.93965517241379,28.10963423423423
11226,2022-05-27 00:00:00,Asia/Bangkok,83.42321324561404,14.60344827586207,13.10344827586207,27.85659212389381
11227,2022-05-27 01:00:00,Asia/Bangkok,84.04203499999997,12.20689655172414,10.93103448275862,27.48778137931038
11228,2022-05-27 02:00:00,Asia/Bangkok,84.56215482456138,11.14655172413793,10.03448275862069,27.44130843478261
11229,2022-05-27 03:00:00,Asia/Bangkok,86.01651203539826,10.30434782608696,9.173913043478262,27.14393803571429
11230,2022-05-27 04:00:00,Asia/Bangkok,85.21269964285715,7.793103448275862,6.672413793103448,27.16017428571428
11231,2022-05-27 05:00:00,Asia/Bangkok,84.9167,6.4,5.373913043478261,27.13170097345134
11232,2022-05-27 06:00:00,Asia/Bangkok,85.58482928571429,8.068376068376068,6.769230769230769,26.91970651785713
11233,2022-05-27 07:00:00,Asia/Bangkok,85.79288186915888,8.238938053097344,6.991150442477876,26.79573747663551
11234,2022-05-27 08:00:00,Asia/Bangkok,84.3233694690266,7.921739130434783,6.582608695652174,27.46912526785714
11235,2022-05-27 09:00:00,Asia/Bangkok,78.96806599999995,5.982608695652174,4.991304347826087,28.7204876521739
11236,2022-05-27 10:00:00,Asia/Bangkok,72.52371599999998,5.391304347826087,4.469565217391304,30.21057826086956
11237,2022-05-27 11:00:00,Asia/Bangkok,64.74608230088496,4.577586206896552,3.698275862068965,32.57621911504424
11238,2022-05-27 12:00:00,Asia/Bangkok,58.1634319827586,5.560344827586207,4.698275862068965,34.01240543103447
11239,2022-05-27 13:00:00,Asia/Bangkok,54.33940678260871,6.210526315789473,5.5,36.1462307826087
11240,2022-05-27 14:00:00,Asia/Bangkok,55.68053557522124,5.46551724137931,4.672413793103448,35.65593477876104
11241,2022-05-27 15:00:00,Asia/Bangkok,56.99963456140352,5.586206896551724,4.767241379310345,35.29172921052631
11242,2022-05-27 16:00:00,Asia/Bangkok,58.11978064220182,4.405172413793103,3.681034482758621,34.87656559633027
11243,2022-05-27 17:00:00,Asia/Bangkok,58.51685090909091,5.927927927927928,5.072072072072072,33.78890272727273
11244,2022-05-27 18:00:00,Asia/Bangkok,61.92503606837606,9.495798319327731,8.61344537815126,32.31081153846152
11245,2022-05-27 19:00:00,Asia/Bangkok,65.31193936936936,11.5,10.12068965517241,30.936976875
11246,2022-05-27 20:00:00,Asia/Bangkok,66.75472089285712,13.22413793103448,11.6551724137931,30.29468315315314
11247,2022-05-27 21:00:00,Asia/Bangkok,67.30013294642858,10.46017699115044,9.15929203539823,29.9168945945946
11248,2022-05-27 22:00:00,Asia/Bangkok,69.01177312499998,9.408695652173913,8.269565217391305,29.47587633928571
11249,2022-05-27 23:00:00,Asia/Bangkok,72.22363515151514,9.569230769230769,8.4,28.78053863636363
11250,2022-05-28 00:00:00,Asia/Bangkok,75.4561742857143,10.95049504950495,9.633663366336634,28.55088428571427
11251,2022-05-28 01:00:00,Asia/Bangkok,78.13213300884952,8.120689655172415,6.948275862068965,28.3706885840708
11252,2022-05-28 02:00:00,Asia/Bangkok,80.25872641509433,7.126126126126126,5.837837837837838,27.95275405660378
11253,2022-05-28 03:00:00,Asia/Bangkok,82.56869616161615,7.871287128712871,6.702970297029703,27.26190191919192
11254,2022-05-28 04:00:00,Asia/Bangkok,82.52448306122447,8.759615384615385,7.490384615384615,27.1278143877551
11255,2022-05-28 05:00:00,Asia/Bangkok,84.28414396039605,7.490566037735849,6.226415094339623,26.88472534653465
11256,2022-05-28 06:00:00,Asia/Bangkok,87.34921245614034,7.78448275862069,6.758620689655173,26.35093192982457
11257,2022-05-28 07:00:00,Asia/Bangkok,88.36520000000006,17.01754385964912,14.44736842105263,26.28275848214287
11258,2022-05-28 08:00:00,Asia/Bangkok,83.98814901785714,10.13913043478261,8.730434782608695,27.31686928571428
11259,2022-05-28 09:00:00,Asia/Bangkok,78.67409796460176,8.491379310344827,7.060344827586207,28.80486389380531
11260,2022-05-28 10:00:00,Asia/Bangkok,72.54611839285715,7.336206896551724,6.008620689655173,30.60888089285713
11261,2022-05-28 11:00:00,Asia/Bangkok,72.93793798245613,11.50434782608696,10.1551724137931,31.11884754385965
11262,2022-05-28 12:00:00,Asia/Bangkok,70.57882896907216,6.677083333333333,5.635416666666667,31.46136907216496
11263,2022-05-28 13:00:00,Asia/Bangkok,65.6989951724138,2.310344827586207,1.896551724137931,30.89088275862069
11264,2022-05-28 14:00:00,Asia/Bangkok,65.22001842105263,3.852173913043478,3.139130434782609,31.69919938596489
11265,2022-05-28 15:00:00,Asia/Bangkok,66.96387568965515,6.172413793103448,5.379310344827586,30.73373377192983
11266,2022-05-28 16:00:00,Asia/Bangkok,66.51830718181817,3.618181818181818,3.109090909090909,29.64914192660552
11267,2022-05-28 17:00:00,Asia/Bangkok,71.15515923728813,5.008196721311475,4.30327868852459,28.79809245762711
11268,2022-05-28 18:00:00,Asia/Bangkok,73.84261833333333,10.1304347826087,8.8,28.77384472222224
11269,2022-05-28 19:00:00,Asia/Bangkok,76.52008736842107,8.724137931034482,7.28448275862069,28.23046535087718
11270,2022-05-28 20:00:00,Asia/Bangkok,76.93146380530973,8.948275862068966,7.5,27.9900349557522
11271,2022-05-28 21:00:00,Asia/Bangkok,81.94509094827589,8.7008547008547,7.367521367521367,26.94977965517241
11272,2022-05-28 22:00:00,Asia/Bangkok,80.63597778761066,6.405172413793103,5.370689655172414,26.72498840707967
11273,2022-05-28 23:00:00,Asia/Bangkok,79.82732396551722,4.700854700854701,3.564102564102564,27.14782120689655
11274,2022-05-29 00:00:00,Asia/Bangkok,80.53344879310343,4.28448275862069,3.224137931034483,27.17528379310346
11275,2022-05-29 01:00:00,Asia/Bangkok,83.55058548672564,5.293103448275862,4.491379310344827,26.35300743362831
11276,2022-05-29 02:00:00,Asia/Bangkok,84.65906575221238,3.293103448275862,2.775862068965517,25.96968415929204
11277,2022-05-29 03:00:00,Asia/Bangkok,82.57526491379312,1.706896551724138,1.181034482758621,26.03522826086957
11278,2022-05-29 04:00:00,Asia/Bangkok,83.39289221238934,2.681034482758621,1.913793103448276,25.98932168141592
11279,2022-05-29 05:00:00,Asia/Bangkok,85.64480783783783,3.834782608695652,2.817391304347826,25.72094445454545
11280,2022-05-29 06:00:00,Asia/Bangkok,87.05310718181816,5.163793103448276,3.922413793103448,25.62451963636363
11281,2022-05-29 07:00:00,Asia/Bangkok,84.50613561403509,8.870689655172415,7.71551724137931,26.27354060869564
11282,2022-05-29 08:00:00,Asia/Bangkok,82.80183771929825,4.482758620689655,3.512820512820513,26.94218874999999
11283,2022-05-29 09:00:00,Asia/Bangkok,85.80390210526315,1.310344827586207,1.017241379310345,26.01479596491229
11284,2022-05-29 10:00:00,Asia/Bangkok,83.85735929203537,2.741379310344827,2.181034482758621,26.81731265486724
11285,2022-05-29 11:00:00,Asia/Bangkok,76.10959778761058,3.060344827586207,2.301724137931035,29.18927353982302
11286,2022-05-29 12:00:00,Asia/Bangkok,70.28871345132745,2.560344827586207,1.956896551724138,30.61981230088496
11287,2022-05-29 13:00:00,Asia/Bangkok,73.07185946428571,4.115044247787611,3.433628318584071,29.59055678571428
11288,2022-05-29 14:00:00,Asia/Bangkok,72.71053736842104,16.06086956521739,14.72173913043478,28.83897289473686
11289,2022-05-29 15:00:00,Asia/Bangkok,77.26613577586203,8.161016949152541,7.330508474576271,27.64118603448277
11290,2022-05-29 16:00:00,Asia/Bangkok,85.16407704347829,6.879310344827586,6.146551724137931,25.92059182608694
11291,2022-05-29 17:00:00,Asia/Bangkok,88.10555245614034,5.241379310344827,4.543103448275862,25.58239254385967
11292,2022-05-29 18:00:00,Asia/Bangkok,88.11415254545453,9.939655172413794,8.75,25.5564355045872
11293,2022-05-29 19:00:00,Asia/Bangkok,86.86480460176995,8.456896551724139,7.474137931034483,25.69067477876103
11294,2022-05-29 20:00:00,Asia/Bangkok,86.0335944642858,4.663793103448276,3.905172413793104,25.56081765765769
11295,2022-05-29 21:00:00,Asia/Bangkok,84.0168447368421,4.043103448275862,3.25,25.77325122807019
11296,2022-05-29 22:00:00,Asia/Bangkok,83.85728999999999,3.964912280701754,3.184210526315789,25.61918732142859
11297,2022-05-29 23:00:00,Asia/Bangkok,82.94355869565217,2.582608695652174,1.965217391304348,25.72187547826088
11298,2022-05-30 00:00:00,Asia/Bangkok,82.08966274336284,1.634782608695652,1.191304347826087,25.53661999999997
11299,2022-05-30 01:00:00,Asia/Bangkok,82.34238654205606,2.403669724770642,1.807339449541284,25.41814420560747
11300,2022-05-30 02:00:00,Asia/Bangkok,83.4530890983607,2.721311475409836,1.967213114754098,25.17860418032787
11301,2022-05-30 03:00:00,Asia/Bangkok,83.08086660714285,3.530434782608696,2.626086956521739,25.74526151785714
11302,2022-05-30 04:00:00,Asia/Bangkok,84.82591840707963,3.991452991452991,2.863247863247863,25.4066717699115
11303,2022-05-30 05:00:00,Asia/Bangkok,86.4322647368421,4.482758620689655,3.5,25.17900535087721
11304,2022-05-30 06:00:00,Asia/Bangkok,86.73568886956521,5.275862068965517,4.068965517241379,25.34359130434783
11305,2022-05-30 07:00:00,Asia/Bangkok,86.92260794642857,5.155172413793103,3.879310344827586,25.56549089285714
11306,2022-05-30 08:00:00,Asia/Bangkok,84.30828600000001,4.692307692307693,3.401709401709402,26.82467139130435
11307,2022-05-30 09:00:00,Asia/Bangkok,79.94621155172416,4.068965517241379,2.827586206896552,28.37278852173912
11308,2022-05-30 10:00:00,Asia/Bangkok,73.82784716814159,4.767241379310345,3.724137931034483,30.08064380530974
11309,2022-05-30 11:00:00,Asia/Bangkok,71.03258827586208,5.387931034482759,4.301724137931035,30.96314370689655
11310,2022-05-30 12:00:00,Asia/Bangkok,70.61072236842107,7.879310344827586,6.75,31.42147893805311
11311,2022-05-30 13:00:00,Asia/Bangkok,78.51853565217395,4.379310344827586,3.663793103448276,28.9796035652174
11312,2022-05-30 14:00:00,Asia/Bangkok,69.60930911504423,5.448275862068965,4.572649572649572,31.50293575221237
11313,2022-05-30 15:00:00,Asia/Bangkok,66.02181220183488,5.730434782608696,4.808695652173913,32.58934376146787
11314,2022-05-30 16:00:00,Asia/Bangkok,66.21452258928569,6.786324786324786,5.717948717948718,31.94161401785715
11315,2022-05-30 17:00:00,Asia/Bangkok,70.10506433628323,10.63392857142857,9.473214285714286,30.93245336283187
11316,2022-05-30 18:00:00,Asia/Bangkok,72.60569350877194,11.56034482758621,10.1551724137931,29.7790452631579
11317,2022-05-30 19:00:00,Asia/Bangkok,73.94571552631582,24.86206896551724,21.19827586206896,28.94526999999999
11318,2022-05-30 20:00:00,Asia/Bangkok,75.41934810344829,16.7948717948718,14.87179487179487,28.12451431034481
11319,2022-05-30 21:00:00,Asia/Bangkok,77.40614232142852,10.06896551724138,8.672413793103448,27.67197660714287
11320,2022-05-30 22:00:00,Asia/Bangkok,79.28352878260877,9.801724137931034,8.370689655172415,27.38982826086953
11321,2022-05-30 23:00:00,Asia/Bangkok,81.89804281818185,9.408695652173913,8.077586206896552,26.88035081818182
11322,2022-05-31 00:00:00,Asia/Bangkok,83.6515521238938,9.155172413793103,7.629310344827586,26.58485486725664
11323,2022-05-31 01:00:00,Asia/Bangkok,84.92059756521734,9.293103448275861,7.724137931034483,26.28772086206893
11324,2022-05-31 02:00:00,Asia/Bangkok,83.28582339130439,7.692307692307693,6.299145299145299,26.53546298245615
11325,2022-05-31 03:00:00,Asia/Bangkok,83.48917684210525,8.577586206896552,7.327586206896552,26.56216789473682
11326,2022-05-31 04:00:00,Asia/Bangkok,86.3325058035714,9.724137931034482,8.456896551724139,25.96995017857143
11327,2022-05-31 05:00:00,Asia/Bangkok,87.2516236111111,10.00862068965517,8.586206896551724,25.72052407407405
11328,2022-05-31 06:00:00,Asia/Bangkok,88.0263569369369,10.12931034482759,8.836206896551724,25.47404522935784
11329,2022-05-31 07:00:00,Asia/Bangkok,87.33753581818178,9.08695652173913,7.947826086956522,25.58137431192661
11330,2022-05-31 08:00:00,Asia/Bangkok,85.51431596491226,7.663793103448276,6.620689655172414,26.31235052631579
11331,2022-05-31 09:00:00,Asia/Bangkok,80.35139513043481,7.387931034482759,6.439655172413793,28.14641400000001
11332,2022-05-31 10:00:00,Asia/Bangkok,73.55457539130437,8.405172413793103,7.28448275862069,30.03020243478262
11333,2022-05-31 11:00:00,Asia/Bangkok,68.29358478260869,8.417391304347825,7.478260869565218,32.04065808695652
11334,2022-05-31 12:00:00,Asia/Bangkok,65.35216689655175,7.181034482758621,6.28448275862069,33.00583226086955
11335,2022-05-31 13:00:00,Asia/Bangkok,60.43666678571429,6.637931034482759,5.844827586206897,34.54029180180179
11336,2022-05-31 14:00:00,Asia/Bangkok,60.73476294642854,8.844827586206897,8.025862068965518,34.47387401785712
11337,2022-05-31 15:00:00,Asia/Bangkok,67.0340205263158,9.504273504273504,8.709401709401709,32.34558201754385
11338,2022-05-31 16:00:00,Asia/Bangkok,68.30705175438598,8.121739130434783,7.295652173913044,31.35421096491228
11339,2022-05-31 17:00:00,Asia/Bangkok,70.12002973214287,11.51724137931035,10.43103448275862,30.88826544642858
11340,2022-05-31 18:00:00,Asia/Bangkok,72.50544135135138,14.82608695652174,13.64655172413793,30.59818648648649
11341,2022-05-31 19:00:00,Asia/Bangkok,70.10594646551723,14.35042735042735,13.14529914529914,29.96987396551723
11342,2022-05-31 20:00:00,Asia/Bangkok,74.30537371681416,19.08620689655172,17.75862068965517,29.27855168141595
11343,2022-05-31 21:00:00,Asia/Bangkok,76.31059769911504,14.43103448275862,13.29310344827586,28.6775160176991
11344,2022-05-31 22:00:00,Asia/Bangkok,78.93550803418806,13.7948717948718,12.70940170940171,28.2622487179487
11345,2022-05-31 23:00:00,Asia/Bangkok,81.16209947826084,10.02586206896552,8.974137931034482,27.75768695652172
11346,2022-06-01 00:00:00,Asia/Bangkok,84.10999120689652,8.879310344827585,7.827586206896552,27.2407539130435
11347,2022-06-01 01:00:00,Asia/Bangkok,84.8756807758621,8.905982905982906,7.743589743589744,27.14641310344829
11348,2022-06-01 02:00:00,Asia/Bangkok,85.3819797345133,9.422413793103448,8.439655172413794,27.02859053571429
11349,2022-06-01 03:00:00,Asia/Bangkok,87.23623097345127,7.491379310344827,6.387931034482759,26.52345946902655
11350,2022-06-01 04:00:00,Asia/Bangkok,86.87345787610616,7.405172413793103,6.474137931034483,26.47692938053098
11351,2022-06-01 05:00:00,Asia/Bangkok,86.17572374999996,8.131578947368421,7.043859649122807,26.54905321428572
11352,2022-06-01 06:00:00,Asia/Bangkok,86.4831413207547,9.53448275862069,8.568965517241379,26.54879113207544
11353,2022-06-01 07:00:00,Asia/Bangkok,88.52067692982456,15.76724137931035,14.55172413793103,26.27863761061947
11354,2022-06-01 08:00:00,Asia/Bangkok,86.53206913043479,10.87179487179487,9.743589743589743,27.16391956521739
11355,2022-06-01 09:00:00,Asia/Bangkok,78.61446660869566,8.629310344827585,7.646551724137931,29.34239547826086
11356,2022-06-01 10:00:00,Asia/Bangkok,70.3121948245614,7.327586206896552,6.21551724137931,31.91387850877193
11357,2022-06-01 11:00:00,Asia/Bangkok,65.37320077586207,5.880341880341881,5.145299145299146,32.53946482758622
11358,2022-06-01 12:00:00,Asia/Bangkok,63.83711734513273,7.060869565217391,6.443478260869565,33.00186628318584
11359,2022-06-01 13:00:00,Asia/Bangkok,57.70840034782608,5.629310344827586,5.094827586206897,34.95117756521739
11360,2022-06-01 14:00:00,Asia/Bangkok,56.99769973451329,7.086956521739131,6.547826086956522,35.33426858407078
11361,2022-06-01 15:00:00,Asia/Bangkok,57.34871758928573,6.681034482758621,5.956896551724138,35.359206875
11362,2022-06-01 16:00:00,Asia/Bangkok,57.5265542342342,3.170940170940171,2.775862068965517,34.80929702702701
11363,2022-06-01 17:00:00,Asia/Bangkok,62.26466127272726,3.605263157894737,3.156521739130435,33.42122454545454
11364,2022-06-01 18:00:00,Asia/Bangkok,65.68857701754385,5.256410256410256,4.410256410256411,32.32049482456139
11365,2022-06-01 19:00:00,Asia/Bangkok,66.49718211009174,6.336283185840708,5.513274336283186,31.62677458715596
11366,2022-06-01 20:00:00,Asia/Bangkok,68.75295345132744,4.275862068965517,3.612068965517242,30.36925026548673
11367,2022-06-01 21:00:00,Asia/Bangkok,72.86949904347826,4.147826086956521,3.408695652173913,29.47730573913041
11368,2022-06-01 22:00:00,Asia/Bangkok,75.20870758620688,2.801724137931035,2.241379310344827,28.87615834782608
11369,2022-06-01 23:00:00,Asia/Bangkok,77.01504928571426,1.339130434782609,0.808695652173913,28.43747669642857
11370,2022-06-02 00:00:00,Asia/Bangkok,78.48403045454543,1.310344827586207,0.9224137931034483,28.13554699999999
11371,2022-06-02 01:00:00,Asia/Bangkok,79.85553008928572,1.814159292035398,1.36283185840708,27.81562580357145
11372,2022-06-02 02:00:00,Asia/Bangkok,82.01523456140346,1.373913043478261,1.0,27.37080614035085
11373,2022-06-02 03:00:00,Asia/Bangkok,82.49645610619467,1.775862068965517,1.25,27.11893955752211
11374,2022-06-02 04:00:00,Asia/Bangkok,84.7844796551724,1.41025641025641,1.008547008547009,26.76294965517243
11375,2022-06-02 05:00:00,Asia/Bangkok,86.38967321428568,0.8706896551724138,0.5086206896551724,26.54280910714285
11376,2022-06-02 06:00:00,Asia/Bangkok,86.50665297297299,1.862068965517241,1.379310344827586,26.5262990990991
11377,2022-06-02 07:00:00,Asia/Bangkok,86.0955290434783,5.871794871794871,5.17948717948718,26.56611495652175
11378,2022-06-02 08:00:00,Asia/Bangkok,85.68892060869562,2.362068965517242,1.663793103448276,27.14320521739129
11379,2022-06-02 09:00:00,Asia/Bangkok,84.03927911504425,1.543103448275862,1.112068965517241,27.90313964912281
11380,2022-06-02 10:00:00,Asia/Bangkok,73.62734459999997,1.353535353535354,1.01010101010101,30.48088919191917
11381,2022-06-02 11:00:00,Asia/Bangkok,68.21116,1.919642857142857,1.473214285714286,31.77709697247706
11382,2022-06-02 12:00:00,Asia/Bangkok,63.30556413793106,1.603448275862069,1.258620689655172,33.32788060344829
11383,2022-06-02 13:00:00,Asia/Bangkok,61.17878596491229,1.913793103448276,1.603448275862069,33.88680771929823
11384,2022-06-02 14:00:00,Asia/Bangkok,63.13001318181817,7.260869565217392,6.756521739130434,33.51934572727271
11385,2022-06-02 15:00:00,Asia/Bangkok,63.81509651785717,1.793103448275862,1.431034482758621,33.47774749999999
11386,2022-06-02 16:00:00,Asia/Bangkok,62.82922732142856,2.068965517241379,1.681034482758621,33.50442589285711
11387,2022-06-02 17:00:00,Asia/Bangkok,60.05125747826089,1.700854700854701,1.461538461538461,33.17120815789472
11388,2022-06-02 18:00:00,Asia/Bangkok,60.71143575221238,1.672413793103448,1.318965517241379,32.62305637168141
11389,2022-06-02 19:00:00,Asia/Bangkok,65.66339208695653,3.043103448275862,2.577586206896552,31.10055324561404
11390,2022-06-02 20:00:00,Asia/Bangkok,69.16825336206897,8.482758620689655,7.439655172413793,30.23662905172415
11391,2022-06-02 21:00:00,Asia/Bangkok,71.39855823008848,7.801724137931035,6.922413793103448,29.73515486725662
11392,2022-06-02 22:00:00,Asia/Bangkok,74.41200043478264,6.724137931034483,5.818965517241379,29.1859603478261
11393,2022-06-02 23:00:00,Asia/Bangkok,77.22723793103447,5.418803418803419,4.658119658119658,28.63687439655173
11394,2022-06-03 00:00:00,Asia/Bangkok,78.1656084955752,4.725663716814159,4.185840707964601,28.50978309734513
11395,2022-06-03 01:00:00,Asia/Bangkok,79.81461063063063,5.857142857142857,5.1875,28.14300162162162
11396,2022-06-03 02:00:00,Asia/Bangkok,83.54586285714284,9.0,8.166666666666666,27.14526126050418
11397,2022-06-03 03:00:00,Asia/Bangkok,83.30493794642855,5.801724137931035,5.21551724137931,26.98820357142856
11398,2022-06-03 04:00:00,Asia/Bangkok,84.599004122807,7.700854700854701,6.897435897435898,26.59711614035086
11399,2022-06-03 05:00:00,Asia/Bangkok,84.99892428571431,7.0,6.189655172413793,26.39417401785714
11400,2022-06-03 06:00:00,Asia/Bangkok,87.13836144144142,8.070796460176991,7.20353982300885,25.85895801801803
11401,2022-06-03 07:00:00,Asia/Bangkok,87.17668053097346,8.818965517241379,8.051724137931034,25.90914159292036
11402,2022-06-03 08:00:00,Asia/Bangkok,84.26458045045041,6.663793103448276,5.71551724137931,27.38705690909089
11403,2022-06-03 09:00:00,Asia/Bangkok,77.20515249999998,4.188034188034188,3.367521367521368,29.41163655172414
11404,2022-06-03 10:00:00,Asia/Bangkok,69.96243418181818,2.53448275862069,1.793103448275862,31.1853548181818
11405,2022-06-03 11:00:00,Asia/Bangkok,64.11327573913042,3.086206896551724,2.362068965517242,32.63857973913042
11406,2022-06-03 12:00:00,Asia/Bangkok,61.02264634782613,2.810344827586207,2.310344827586207,33.56226008695653
11407,2022-06-03 13:00:00,Asia/Bangkok,58.45830799999999,2.543103448275862,2.181034482758621,34.20566886956519
11408,2022-06-03 14:00:00,Asia/Bangkok,55.94476789473683,2.88034188034188,2.555555555555555,35.28201920353982
11409,2022-06-03 15:00:00,Asia/Bangkok,59.30336405405406,12.25862068965517,10.83620689655172,34.94329414414415
11410,2022-06-03 16:00:00,Asia/Bangkok,61.18015184210526,7.043103448275862,6.25,34.88956140350879
11411,2022-06-03 17:00:00,Asia/Bangkok,66.20664839285715,9.163793103448276,8.568965517241379,32.75080972972973
11412,2022-06-03 18:00:00,Asia/Bangkok,69.66265879310346,12.41379310344828,11.71551724137931,31.16065539130432
11413,2022-06-03 19:00:00,Asia/Bangkok,73.19157017391304,13.78448275862069,12.89655172413793,30.13310698275862
11414,2022-06-03 20:00:00,Asia/Bangkok,76.45031887931034,14.78448275862069,13.93103448275862,29.16573582608696
11415,2022-06-03 21:00:00,Asia/Bangkok,79.45665956140351,11.53448275862069,10.81034482758621,28.6430107894737
11416,2022-06-03 22:00:00,Asia/Bangkok,82.81514252173912,12.37391304347826,11.66086956521739,27.92953834782605
11417,2022-06-03 23:00:00,Asia/Bangkok,85.21530808695654,10.15652173913043,9.4,27.37120591304346
11418,2022-06-04 00:00:00,Asia/Bangkok,86.00123616071429,10.95652173913044,10.19130434782609,27.19238785714285
11419,2022-06-04 01:00:00,Asia/Bangkok,84.5516171681416,8.632478632478632,8.11965811965812,27.25850849557519
11420,2022-06-04 02:00:00,Asia/Bangkok,81.80944342342342,4.612068965517241,4.172413793103448,26.86017736363637
11421,2022-06-04 03:00:00,Asia/Bangkok,83.80230736842111,5.165217391304348,4.573913043478261,26.37140589285718
11422,2022-06-04 04:00:00,Asia/Bangkok,86.26484230088495,5.756521739130434,5.104347826086957,25.8922217699115
11423,2022-06-04 05:00:00,Asia/Bangkok,87.19522171171175,4.833333333333333,4.184210526315789,25.748943963964
11424,2022-06-04 06:00:00,Asia/Bangkok,87.78931309734517,4.252173913043478,3.582608695652174,25.77565106194691
11425,2022-06-04 07:00:00,Asia/Bangkok,88.22279236842107,6.84070796460177,6.04424778761062,25.88837798245616
11426,2022-06-04 08:00:00,Asia/Bangkok,88.29252798245615,6.077586206896552,5.301724137931035,26.2109257017544
11427,2022-06-04 09:00:00,Asia/Bangkok,79.91558455357142,6.380530973451328,5.176991150442478,28.66152133928572
11428,2022-06-04 10:00:00,Asia/Bangkok,69.36676464285712,1.991379310344828,1.336206896551724,31.50127258928569
11429,2022-06-04 11:00:00,Asia/Bangkok,65.7255066666667,2.350427350427351,1.923076923076923,32.51503149122806
11430,2022-06-04 12:00:00,Asia/Bangkok,63.88619175438596,5.146551724137931,4.53448275862069,32.99096000000001
11431,2022-06-04 13:00:00,Asia/Bangkok,60.87972163793101,4.666666666666667,4.068376068376068,33.9667800862069
11432,2022-06-04 14:00:00,Asia/Bangkok,59.50643875000001,6.163793103448276,5.612068965517241,34.50098160714285
11433,2022-06-04 15:00:00,Asia/Bangkok,61.79262232142857,7.431034482758621,6.844827586206897,33.97887477876107
11434,2022-06-04 16:00:00,Asia/Bangkok,60.2061825217391,5.224137931034483,4.75,33.98640640350876
11435,2022-06-04 17:00:00,Asia/Bangkok,72.1895700869565,4.905172413793103,4.181034482758621,31.52293869565217
11436,2022-06-04 18:00:00,Asia/Bangkok,75.71611739130434,4.060344827586207,3.301724137931035,30.67145543103451
11437,2022-06-04 19:00:00,Asia/Bangkok,75.70368912280703,9.094827586206897,8.179487179487179,30.54998221238942
11438,2022-06-04 20:00:00,Asia/Bangkok,77.91803522123898,56.37272727272727,44.93636363636364,30.13584539823013
11439,2022-06-04 21:00:00,Asia/Bangkok,79.57178724137931,39.60504201680672,33.80672268907563,29.72070500000003
11440,2022-06-04 22:00:00,Asia/Bangkok,82.43844622807016,47.09649122807018,38.74561403508772,29.04924798245614
11441,2022-06-04 23:00:00,Asia/Bangkok,84.03709649122811,49.82758620689656,41.08620689655172,28.51431921052633
11442,2022-06-05 00:00:00,Asia/Bangkok,85.8114775862069,46.32758620689656,38.60344827586207,28.11316637931033
11443,2022-06-05 01:00:00,Asia/Bangkok,86.53102482142857,30.42241379310345,27.62608695652174,27.52439258928572
11444,2022-06-05 02:00:00,Asia/Bangkok,87.06554734513274,19.46551724137931,18.23931623931624,26.76556407079646
11445,2022-06-05 03:00:00,Asia/Bangkok,88.98466294642857,25.56034482758621,24.03448275862069,26.61593241071427
11446,2022-06-05 04:00:00,Asia/Bangkok,90.03087206896554,8.96551724137931,8.267241379310345,26.03993318965516
11447,2022-06-05 05:00:00,Asia/Bangkok,90.41658301724144,6.273504273504273,5.717948717948718,25.63017879310346
11448,2022-06-05 06:00:00,Asia/Bangkok,89.93123327433626,6.189655172413793,5.629310344827586,25.60054274336284
11449,2022-06-05 07:00:00,Asia/Bangkok,89.82124599999999,15.73451327433628,14.51327433628319,25.76942236363635
11450,2022-06-05 08:00:00,Asia/Bangkok,89.750685042735,26.54621848739496,23.92436974789916,26.09560965811967
11451,2022-06-05 09:00:00,Asia/Bangkok,86.16828321428571,18.46551724137931,17.20689655172414,27.25359223214286
11452,2022-06-05 10:00:00,Asia/Bangkok,81.25031294642854,21.35042735042735,19.61538461538462,28.39284446428573
11453,2022-06-05 11:00:00,Asia/Bangkok,73.08457000000003,10.77586206896552,9.931034482758621,30.54335954545454
11454,2022-06-05 12:00:00,Asia/Bangkok,71.0450666964286,7.008547008547009,6.401709401709402,31.0116963392857
11455,2022-06-05 13:00:00,Asia/Bangkok,65.14900481818181,5.321739130434783,4.791304347826087,32.12465372727272
11456,2022-06-05 14:00:00,Asia/Bangkok,61.09330913793102,4.042735042735043,3.444444444444445,33.60384620689654
11457,2022-06-05 15:00:00,Asia/Bangkok,63.0433454385965,7.78448275862069,7.258620689655173,33.13290903508771
11458,2022-06-05 16:00:00,Asia/Bangkok,64.01666982456136,5.991379310344827,5.310344827586207,32.79911736842107
11459,2022-06-05 17:00:00,Asia/Bangkok,64.21618859649125,5.452173913043478,4.71304347826087,32.49686626086958
11460,2022-06-05 18:00:00,Asia/Bangkok,67.02348054054056,18.86206896551724,16.50862068965517,32.1308680909091
11461,2022-06-05 19:00:00,Asia/Bangkok,79.09114758928571,29.43965517241379,25.25,29.79171330357144
11462,2022-06-05 20:00:00,Asia/Bangkok,80.50946644859813,42.60176991150443,36.47787610619469,29.17901504672897
11463,2022-06-05 21:00:00,Asia/Bangkok,80.64503357142856,17.62931034482759,16.69827586206896,29.27588705357141
11464,2022-06-05 22:00:00,Asia/Bangkok,83.30058043859651,31.4051724137931,28.56896551724138,28.18010747826087
11465,2022-06-05 23:00:00,Asia/Bangkok,86.23851130434782,28.96581196581197,27.30769230769231,27.91190184210525
11466,2022-06-06 00:00:00,Asia/Bangkok,85.3916007894737,25.31896551724138,23.97413793103448,28.02869166666665
11467,2022-06-06 01:00:00,Asia/Bangkok,87.20590669565223,29.38793103448276,27.11206896551724,27.45981599999999
11468,2022-06-06 02:00:00,Asia/Bangkok,87.44584800000003,20.78448275862069,19.51724137931035,27.21197636363635
11469,2022-06-06 03:00:00,Asia/Bangkok,87.55502333333335,21.15652173913044,19.8695652173913,27.11822456140349
11470,2022-06-06 04:00:00,Asia/Bangkok,86.07449499999998,17.00869565217391,16.17391304347826,26.91097937500001
11471,2022-06-06 05:00:00,Asia/Bangkok,87.52669147826084,19.82758620689655,18.82758620689655,26.49048539130435
11472,2022-06-06 06:00:00,Asia/Bangkok,88.37023628318583,20.91304347826087,19.87826086956522,26.33944327433628
11473,2022-06-06 07:00:00,Asia/Bangkok,89.81263385964911,23.62931034482759,22.0,26.02287666666665
11474,2022-06-06 08:00:00,Asia/Bangkok,90.3783407894737,17.87931034482759,16.98275862068965,26.26573535087719
11475,2022-06-06 09:00:00,Asia/Bangkok,86.97078129310349,14.12068965517241,13.33620689655172,27.23955396551723
11476,2022-06-06 10:00:00,Asia/Bangkok,80.38513495575222,10.25641025641026,9.581196581196581,28.88296504424778
11477,2022-06-06 11:00:00,Asia/Bangkok,68.1421182882883,7.780701754385965,7.228070175438597,31.69453864864865
11478,2022-06-06 12:00:00,Asia/Bangkok,57.96063137931035,6.915254237288136,6.262711864406779,34.5217473275862
11479,2022-06-06 13:00:00,Asia/Bangkok,56.38624477876108,6.327586206896552,5.844827586206897,34.32008752212391
11480,2022-06-06 14:00:00,Asia/Bangkok,52.08644359649122,6.991379310344827,6.405172413793103,35.46750096491228
11481,2022-06-06 15:00:00,Asia/Bangkok,52.60591008849556,7.62280701754386,7.228070175438597,35.29218088495576
11482,2022-06-06 16:00:00,Asia/Bangkok,64.77462706896553,8.890756302521009,8.260504201680673,32.94167426086955
11483,2022-06-06 17:00:00,Asia/Bangkok,69.7995444736842,21.11206896551724,18.99137931034483,30.82604789473684
11484,2022-06-06 18:00:00,Asia/Bangkok,72.69357872727277,27.78761061946903,24.84070796460177,30.63216027272727
11485,2022-06-06 19:00:00,Asia/Bangkok,73.95296009009009,30.85344827586207,26.83620689655172,30.00253558558558
11486,2022-06-06 20:00:00,Asia/Bangkok,87.5811765765766,10.73275862068965,9.76923076923077,26.65771918181819
11487,2022-06-06 21:00:00,Asia/Bangkok,87.98317336363634,1.224137931034483,0.9224137931034483,25.83178509090908
11488,2022-06-06 22:00:00,Asia/Bangkok,89.27861908256878,2.478260869565217,2.156521739130435,25.71432660550463
11489,2022-06-06 23:00:00,Asia/Bangkok,91.194018,2.629310344827586,2.336206896551724,25.47292860869565
11490,2022-06-07 00:00:00,Asia/Bangkok,90.95879073394494,2.478260869565217,2.173913043478261,25.65073027522937
11491,2022-06-07 01:00:00,Asia/Bangkok,90.93885504424777,4.752136752136752,4.324786324786325,25.66841442477877
11492,2022-06-07 02:00:00,Asia/Bangkok,91.12180570175444,4.556521739130435,4.043478260869565,25.68585728070175
11493,2022-06-07 03:00:00,Asia/Bangkok,90.8589768103448,5.666666666666667,5.205128205128205,25.79557504347826
11494,2022-06-07 04:00:00,Asia/Bangkok,90.95400964912282,6.836206896551724,6.344827586206897,25.81257912280701
11495,2022-06-07 05:00:00,Asia/Bangkok,91.14757791304345,16.6551724137931,14.46551724137931,25.64192652173915
11496,2022-06-07 06:00:00,Asia/Bangkok,91.6772982300885,9.775862068965518,8.956896551724139,25.27653353982301
11497,2022-06-07 07:00:00,Asia/Bangkok,92.34028852173915,15.89655172413793,14.68965517241379,25.21125747826088
11498,2022-06-07 08:00:00,Asia/Bangkok,92.43592761061942,14.62068965517241,13.64655172413793,25.71735097345134
11499,2022-06-07 09:00:00,Asia/Bangkok,87.75907930434785,7.725663716814159,7.274336283185841,27.14936034782609
11500,2022-06-07 10:00:00,Asia/Bangkok,78.69973663636362,4.836206896551724,4.456896551724138,29.2864790990991
11501,2022-06-07 11:00:00,Asia/Bangkok,69.56514429824566,3.726495726495727,3.350427350427351,31.67667221238937
11502,2022-06-07 12:00:00,Asia/Bangkok,63.54372860869564,3.543103448275862,3.21551724137931,32.65750486956522
11503,2022-06-07 13:00:00,Asia/Bangkok,61.48051045045047,4.298245614035087,4.026315789473684,33.34040027027027
11504,2022-06-07 14:00:00,Asia/Bangkok,58.87100495652173,4.956896551724138,4.724137931034483,34.29251217391305
11505,2022-06-07 15:00:00,Asia/Bangkok,58.94453495575222,6.052173913043478,5.747826086956522,34.75135513274336
11506,2022-06-07 16:00:00,Asia/Bangkok,60.26211699115045,5.78448275862069,5.560344827586207,33.97466690265486
11507,2022-06-07 17:00:00,Asia/Bangkok,61.9200661261261,3.339130434782609,3.060869565217391,32.68217090909091
11508,2022-06-07 18:00:00,Asia/Bangkok,68.6042951754386,5.310344827586207,4.741379310344827,30.81225122807018
11509,2022-06-07 19:00:00,Asia/Bangkok,70.80578808695657,5.008620689655173,4.508620689655173,30.06404333333332
11510,2022-06-07 20:00:00,Asia/Bangkok,74.01622042735043,9.128205128205128,8.504273504273504,29.43947854700852
11511,2022-06-07 21:00:00,Asia/Bangkok,77.9890127027027,13.77586206896552,12.88793103448276,28.84236127272728
11512,2022-06-07 22:00:00,Asia/Bangkok,81.9816389473684,17.07079646017699,15.92920353982301,28.21678403508772
11513,2022-06-07 23:00:00,Asia/Bangkok,84.04406615384617,19.77777777777778,18.56481481481481,27.84405576923076
11514,2022-06-08 00:00:00,Asia/Bangkok,86.19722781512604,20.91869918699187,19.69105691056911,27.22014134453782
11515,2022-06-08 01:00:00,Asia/Bangkok,87.0469999130435,24.75,23.38793103448276,26.99092799999999
11516,2022-06-08 02:00:00,Asia/Bangkok,85.74278596491223,20.58620689655172,19.70689655172414,26.94887324561402
11517,2022-06-08 03:00:00,Asia/Bangkok,86.6988545689655,19.29310344827586,18.19827586206896,26.67326370689656
11518,2022-06-08 04:00:00,Asia/Bangkok,88.98788640350882,22.38461538461538,21.38793103448276,26.08630815789473
11519,2022-06-08 05:00:00,Asia/Bangkok,89.21942156521743,23.37931034482759,22.00854700854701,25.96526643478261
11520,2022-06-08 06:00:00,Asia/Bangkok,89.51888649122803,23.68965517241379,22.58620689655172,25.81164315789474
11521,2022-06-08 07:00:00,Asia/Bangkok,89.79515724770644,36.47008547008547,31.98290598290598,25.71847064220185
11522,2022-06-08 08:00:00,Asia/Bangkok,89.1396592105263,31.58620689655172,28.92241379310345,26.11830701754386
11523,2022-06-08 09:00:00,Asia/Bangkok,82.61741304347827,18.00862068965517,17.25,27.68486573913043
11524,2022-06-08 10:00:00,Asia/Bangkok,72.79802130434784,8.46551724137931,7.741379310344827,29.80211017391306
11525,2022-06-08 11:00:00,Asia/Bangkok,67.56997363636361,9.732758620689655,9.232758620689655,31.87248729729732
11526,2022-06-08 12:00:00,Asia/Bangkok,60.58820857142859,5.051282051282051,4.623931623931623,32.88971639639639
11527,2022-06-08 13:00:00,Asia/Bangkok,58.58312721739129,6.431034482758621,6.086206896551724,33.88699434782612
11528,2022-06-08 14:00:00,Asia/Bangkok,53.54910131578948,6.170940170940171,5.717948717948718,35.68478289473684
11529,2022-06-08 15:00:00,Asia/Bangkok,52.69975474137932,6.025862068965517,5.594827586206897,35.51073620689657
11530,2022-06-08 16:00:00,Asia/Bangkok,54.06884460869566,7.094827586206897,6.689655172413793,34.87363543859649
11531,2022-06-08 17:00:00,Asia/Bangkok,55.10807815789474,8.547826086956523,8.08695652173913,34.26629713043479
11532,2022-06-08 18:00:00,Asia/Bangkok,64.93000513043482,8.46551724137931,7.78448275862069,31.53427095652176
11533,2022-06-08 19:00:00,Asia/Bangkok,70.29727399999999,5.53448275862069,4.991379310344827,29.2462781981982
11534,2022-06-08 20:00:00,Asia/Bangkok,73.04473982608697,7.637931034482759,6.887931034482759,28.76085368421053
11535,2022-06-08 21:00:00,Asia/Bangkok,77.9853591071429,19.26724137931035,17.79310344827586,27.92339628318584
11536,2022-06-08 22:00:00,Asia/Bangkok,80.34769304347823,34.56034482758621,30.63793103448276,27.62567799999999
11537,2022-06-08 23:00:00,Asia/Bangkok,82.41216911504425,34.60344827586207,30.91379310344828,27.37435017857143
11538,2022-06-09 00:00:00,Asia/Bangkok,82.64056721739131,36.63793103448276,32.29310344827586,27.23775660869565
11539,2022-06-09 01:00:00,Asia/Bangkok,83.61442070175441,35.59130434782609,31.66086956521739,27.05376324561403
11540,2022-06-09 02:00:00,Asia/Bangkok,85.20344500000006,36.07758620689656,32.22413793103448,26.69416629310344
11541,2022-06-09 03:00:00,Asia/Bangkok,86.98506486725663,38.73913043478261,33.49565217391304,26.32646955752211
11542,2022-06-09 04:00:00,Asia/Bangkok,87.07425267241375,34.21551724137931,30.85344827586207,26.1364075862069
11543,2022-06-09 05:00:00,Asia/Bangkok,88.32185999999999,21.5982905982906,20.18103448275862,25.65864408695655
11544,2022-06-09 06:00:00,Asia/Bangkok,88.55238107142858,23.02586206896552,21.77777777777778,25.49448883928569
11545,2022-06-09 07:00:00,Asia/Bangkok,89.72109227272725,28.62280701754386,26.25438596491228,25.38678763636365
11546,2022-06-09 08:00:00,Asia/Bangkok,87.1466805172414,16.89830508474576,16.11864406779661,26.70429181034481
11547,2022-06-09 09:00:00,Asia/Bangkok,82.08058837837834,13.58620689655172,12.89655172413793,28.59296333333332
11548,2022-06-09 10:00:00,Asia/Bangkok,72.08927199999998,8.03448275862069,7.543103448275862,31.12984408695652
11549,2022-06-09 11:00:00,Asia/Bangkok,61.83446017094016,4.888888888888889,4.461538461538462,33.72054290598291
11550,2022-06-09 12:00:00,Asia/Bangkok,57.85989587719297,5.870689655172414,5.439655172413793,35.07992912280702
11551,2022-06-09 13:00:00,Asia/Bangkok,55.37682136363635,6.991304347826087,6.526315789473684,35.29613218181818
11552,2022-06-09 14:00:00,Asia/Bangkok,54.00102999999998,7.347826086956522,7.008620689655173,35.52348274336282
11553,2022-06-09 15:00:00,Asia/Bangkok,51.5581996491228,8.75,8.301724137931034,36.56491315789473
11554,2022-06-09 16:00:00,Asia/Bangkok,51.93182512820514,10.1965811965812,9.735042735042734,37.31849940170938
11555,2022-06-09 17:00:00,Asia/Bangkok,74.55811043859651,12.79310344827586,11.80172413793103,30.75123350877191
11556,2022-06-09 18:00:00,Asia/Bangkok,83.29330804878047,12.72093023255814,12.23255813953488,28.73019073170731
11557,2022-06-09 19:00:00,Asia/Bangkok,86.32217599999998,10.5,10.0,27.76619425000001
11558,2022-06-09 20:00:00,Asia/Bangkok,87.62781201754386,9.91304347826087,9.365217391304348,27.24019368421052
11559,2022-06-09 21:00:00,Asia/Bangkok,88.18003448275864,7.163793103448276,6.818965517241379,27.004473362069
11560,2022-06-09 22:00:00,Asia/Bangkok,88.71640585585584,4.68695652173913,4.391304347826087,26.56382585585584
11561,2022-06-09 23:00:00,Asia/Bangkok,87.40211034782607,4.0,3.612068965517242,26.65697904347826
11562,2022-06-10 00:00:00,Asia/Bangkok,87.13401765765765,3.603448275862069,3.336206896551724,26.80524216216217
11563,2022-06-10 01:00:00,Asia/Bangkok,87.82798805309733,3.810344827586207,3.517241379310345,26.73318716814158
11564,2022-06-10 02:00:00,Asia/Bangkok,88.74724763157893,3.640350877192982,3.359649122807018,26.58205473684212
11565,2022-06-10 03:00:00,Asia/Bangkok,89.53775199999995,3.810344827586207,3.620689655172414,26.56223591304347
11566,2022-06-10 04:00:00,Asia/Bangkok,90.45067353982301,4.589743589743589,4.256410256410256,26.12466035714285
11567,2022-06-10 05:00:00,Asia/Bangkok,89.40268860869566,5.194690265486726,4.787610619469026,26.05775113043477
11568,2022-06-10 06:00:00,Asia/Bangkok,89.94280477477476,5.827586206896552,5.456896551724138,25.92535423423422
11569,2022-06-10 07:00:00,Asia/Bangkok,90.88110824074077,8.547826086956523,8.068965517241379,25.69718324074073
11570,2022-06-10 08:00:00,Asia/Bangkok,90.55196844827587,9.21551724137931,8.568965517241379,26.05105103448277
11571,2022-06-10 09:00:00,Asia/Bangkok,88.47324234782606,8.586206896551724,8.0,27.00966773913041
11572,2022-06-10 10:00:00,Asia/Bangkok,84.89295280701755,8.068965517241379,7.327586206896552,28.23372096491227
11573,2022-06-10 11:00:00,Asia/Bangkok,73.45108705357144,5.139130434782609,4.698275862068965,31.28201982142857
11574,2022-06-10 12:00:00,Asia/Bangkok,73.7495367857143,6.931623931623932,6.387931034482759,31.03215276785713
11575,2022-06-10 13:00:00,Asia/Bangkok,77.09122124999999,8.620689655172415,8.188034188034187,30.81843125000001
11576,2022-06-10 14:00:00,Asia/Bangkok,80.42088157894736,8.10344827586207,7.663793103448276,29.88042394736841
11577,2022-06-10 15:00:00,Asia/Bangkok,85.87351617391305,7.767241379310345,7.396551724137931,29.0276923478261
11578,2022-06-10 16:00:00,Asia/Bangkok,76.79093342105263,5.28448275862069,4.939655172413793,31.29499482456141
11579,2022-06-10 17:00:00,Asia/Bangkok,73.2205640350877,5.413793103448276,5.120689655172414,31.53291122807017
11580,2022-06-10 18:00:00,Asia/Bangkok,73.36775252173913,10.43589743589744,9.504273504273504,29.21837713043477
11581,2022-06-10 19:00:00,Asia/Bangkok,82.86888359649123,7.25,6.767241379310345,27.4755601754386
11582,2022-06-10 20:00:00,Asia/Bangkok,77.84250756521737,2.655172413793104,2.25,27.34752226086956
11583,2022-06-10 21:00:00,Asia/Bangkok,82.3986515652174,10.96551724137931,10.30172413793103,26.90726660869564
11584,2022-06-10 22:00:00,Asia/Bangkok,83.35511157894732,4.572649572649572,4.188034188034188,26.69179754385965
11585,2022-06-10 23:00:00,Asia/Bangkok,82.88493225225228,2.939655172413793,2.525862068965517,26.65306063636365
11586,2022-06-11 00:00:00,Asia/Bangkok,83.99959419642862,3.224137931034483,2.896551724137931,26.512860625
11587,2022-06-11 01:00:00,Asia/Bangkok,85.29050460176988,4.068965517241379,3.681034482758621,26.38628
11588,2022-06-11 02:00:00,Asia/Bangkok,85.78455765765766,3.586206896551724,3.258620689655173,26.13832900900901
11589,2022-06-11 03:00:00,Asia/Bangkok,87.94681905172415,5.060344827586207,4.543103448275862,25.59999801724135
11590,2022-06-11 04:00:00,Asia/Bangkok,89.06457460869561,7.452991452991453,6.82051282051282,25.14268939130432
11591,2022-06-11 05:00:00,Asia/Bangkok,88.35320672727269,4.921739130434783,4.617391304347827,25.16087590909092
11592,2022-06-11 06:00:00,Asia/Bangkok,88.56963071428572,7.189655172413793,6.655172413793103,25.11157567567568
11593,2022-06-11 07:00:00,Asia/Bangkok,89.76700756521738,7.310344827586207,6.810344827586207,24.99719034782609
11594,2022-06-11 08:00:00,Asia/Bangkok,89.63198495652168,8.643478260869566,7.956521739130435,25.63001482758621
11595,2022-06-11 09:00:00,Asia/Bangkok,81.57439568807345,2.853448275862069,2.439655172413793,27.67599212962964
11596,2022-06-11 10:00:00,Asia/Bangkok,69.84652660869565,1.224137931034483,0.9568965517241379,30.57824686956519
11597,2022-06-11 11:00:00,Asia/Bangkok,61.06710935779818,0.9655172413793104,0.7241379310344828,32.68895348623852
11598,2022-06-11 12:00:00,Asia/Bangkok,60.57929429824559,2.068965517241379,1.689655172413793,33.75286628318585
11599,2022-06-11 13:00:00,Asia/Bangkok,58.32555849557523,2.299145299145299,2.017094017094017,34.17043123893807
11600,2022-06-11 14:00:00,Asia/Bangkok,55.27395654867257,2.051724137931035,1.818965517241379,35.49945236842105
11601,2022-06-11 15:00:00,Asia/Bangkok,55.14143359649123,3.427350427350427,3.145299145299145,35.63977150442479
11602,2022-06-11 16:00:00,Asia/Bangkok,58.66333809090909,4.260869565217392,3.982608695652174,34.56225463636364
11603,2022-06-11 17:00:00,Asia/Bangkok,60.90816657894739,7.387931034482759,6.879310344827586,33.69563460869564
11604,2022-06-11 18:00:00,Asia/Bangkok,76.24175517241382,8.38888888888889,7.633333333333334,29.68884906976743
11605,2022-06-11 19:00:00,Asia/Bangkok,86.70718913043478,2.732758620689655,2.28448275862069,25.9591584347826
11606,2022-06-11 20:00:00,Asia/Bangkok,89.5391566956522,3.205128205128205,2.854700854700855,25.75879356521739
11607,2022-06-11 21:00:00,Asia/Bangkok,89.56499026548674,4.129310344827586,3.681034482758621,25.84755982300884
11608,2022-06-11 22:00:00,Asia/Bangkok,89.96312845454545,6.008620689655173,5.46551724137931,25.79461672727277
11609,2022-06-11 23:00:00,Asia/Bangkok,90.80791052631581,9.863247863247864,9.0,25.48248701754386
11610,2022-06-12 00:00:00,Asia/Bangkok,90.84067473214289,6.405172413793103,5.672413793103448,25.32447053571429
11611,2022-06-12 01:00:00,Asia/Bangkok,90.02621592920354,6.385964912280702,5.745614035087719,25.45543580357146
11612,2022-06-12 02:00:00,Asia/Bangkok,89.74437127272732,7.370689655172414,6.75,25.57700972972975
11613,2022-06-12 03:00:00,Asia/Bangkok,89.81810106194688,7.965811965811966,7.384615384615385,25.45500723214286
11614,2022-06-12 04:00:00,Asia/Bangkok,91.16478389380534,9.431034482758621,8.594827586206897,24.9864118584071
11615,2022-06-12 05:00:00,Asia/Bangkok,91.252425,9.431034482758621,8.810344827586206,24.87809080357143
11616,2022-06-12 06:00:00,Asia/Bangkok,91.11088456140354,9.316239316239317,8.675213675213675,24.70527701754383
11617,2022-06-12 07:00:00,Asia/Bangkok,91.79293447368417,10.4051724137931,9.706896551724139,24.55962850877193
11618,2022-06-12 08:00:00,Asia/Bangkok,92.65929686956521,12.81896551724138,12.03448275862069,25.3106876521739
11619,2022-06-12 09:00:00,Asia/Bangkok,86.17479929203537,7.582608695652174,6.843478260869565,26.98596964601769
11620,2022-06-12 10:00:00,Asia/Bangkok,75.47679789473685,4.491379310344827,3.879310344827586,29.25245157894735
11621,2022-06-12 11:00:00,Asia/Bangkok,68.795827,4.198275862068965,3.594827586206896,31.15539909090908
11622,2022-06-12 12:00:00,Asia/Bangkok,65.6761951754386,5.0,4.358974358974359,32.21002807017545
11623,2022-06-12 13:00:00,Asia/Bangkok,59.79591098214286,5.646551724137931,5.060344827586207,34.45673125
11624,2022-06-12 14:00:00,Asia/Bangkok,57.85236062500002,5.310344827586207,4.862068965517241,34.51712392857142
11625,2022-06-12 15:00:00,Asia/Bangkok,58.78768392857143,6.31304347826087,5.773913043478261,34.33379256637168
11626,2022-06-12 16:00:00,Asia/Bangkok,58.9188516521739,7.904347826086957,7.391304347826087,34.40229791304348
11627,2022-06-12 17:00:00,Asia/Bangkok,66.31090265486725,7.373913043478261,6.669565217391304,32.37771699115044
11628,2022-06-12 18:00:00,Asia/Bangkok,69.1496447368421,6.275862068965517,5.620689655172414,31.18860403508771
11629,2022-06-12 19:00:00,Asia/Bangkok,73.57333571428572,8.692982456140351,7.885964912280702,30.32068805309734
11630,2022-06-12 20:00:00,Asia/Bangkok,76.48483292035401,18.85344827586207,16.10344827586207,29.65488473214288
11631,2022-06-12 21:00:00,Asia/Bangkok,79.61954669565219,21.51724137931035,19.0,29.40399456896553
11632,2022-06-12 22:00:00,Asia/Bangkok,79.60912743362829,9.025641025641026,8.153846153846153,28.78686089285715
11633,2022-06-12 23:00:00,Asia/Bangkok,81.07158130434784,6.120689655172414,5.482758620689655,28.30017460869567
11634,2022-06-13 00:00:00,Asia/Bangkok,82.03610612068965,5.672413793103448,5.112068965517241,28.0117855172414
11635,2022-06-13 01:00:00,Asia/Bangkok,83.77444663716814,5.069565217391304,4.382608695652173,27.60827504424777
11636,2022-06-13 02:00:00,Asia/Bangkok,85.41404798245617,4.71551724137931,4.068965517241379,27.16438086956521
11637,2022-06-13 03:00:00,Asia/Bangkok,85.66505008695663,4.52991452991453,3.991452991452991,27.02026692982453
11638,2022-06-13 04:00:00,Asia/Bangkok,86.00954808695651,5.121739130434783,4.48695652173913,26.91713724137931
11639,2022-06-13 05:00:00,Asia/Bangkok,86.0471392105263,5.905172413793103,5.198275862068965,26.84325578947372
11640,2022-06-13 06:00:00,Asia/Bangkok,87.6740259482758,7.393162393162394,6.70940170940171,26.54561620689655
11641,2022-06-13 07:00:00,Asia/Bangkok,89.38615903508772,12.26724137931035,11.26724137931035,26.2609807017544
11642,2022-06-13 08:00:00,Asia/Bangkok,89.71507000000004,11.78448275862069,10.89655172413793,26.48444274336282
11643,2022-06-13 09:00:00,Asia/Bangkok,83.12685699115046,7.517241379310345,6.741379310344827,28.27625823008848
11644,2022-06-13 10:00:00,Asia/Bangkok,74.76494773913043,4.47008547008547,3.948717948717949,30.15352460869564
11645,2022-06-13 11:00:00,Asia/Bangkok,65.64075642857144,13.81034482758621,12.31034482758621,32.4244917857143
11646,2022-06-13 12:00:00,Asia/Bangkok,61.50519172727272,4.643478260869565,3.991304347826087,33.6274440909091
11647,2022-06-13 13:00:00,Asia/Bangkok,56.89181876106196,4.224137931034483,3.706896551724138,34.4973992982456
11648,2022-06-13 14:00:00,Asia/Bangkok,58.1661923931624,14.17241379310345,12.89655172413793,34.65864777777776
11649,2022-06-13 15:00:00,Asia/Bangkok,59.237525625,14.8974358974359,13.99145299145299,34.57777162162159
11650,2022-06-13 16:00:00,Asia/Bangkok,62.02255651785713,10.85344827586207,10.30172413793103,34.21447017857143
11651,2022-06-13 17:00:00,Asia/Bangkok,78.60833692982457,7.258620689655173,6.655172413793103,29.75852587719299
11652,2022-06-13 18:00:00,Asia/Bangkok,78.53187052173912,13.72649572649573,12.58119658119658,30.23049730434783
11653,2022-06-13 19:00:00,Asia/Bangkok,77.68986429824562,16.51304347826087,15.40869565217391,30.75034377192985
11654,2022-06-13 20:00:00,Asia/Bangkok,81.60822095652178,27.00862068965517,24.23275862068965,29.98287956521738
11655,2022-06-13 21:00:00,Asia/Bangkok,85.1857394736842,20.25862068965517,18.97413793103448,29.23973175438596
11656,2022-06-13 22:00:00,Asia/Bangkok,81.66755657894745,5.586206896551724,5.112068965517241,27.72681044642858
11657,2022-06-13 23:00:00,Asia/Bangkok,90.29476367346936,3.36,2.72,25.24229224489796
11658,2022-06-14 00:00:00,Asia/Bangkok,92.22189260869564,3.156521739130435,2.826086956521739,25.06208999999999
11659,2022-06-14 01:00:00,Asia/Bangkok,90.08753868421054,2.035398230088496,1.769911504424779,25.30980622807017
11660,2022-06-14 02:00:00,Asia/Bangkok,90.99662710526319,2.758620689655173,2.422413793103448,24.94881657894738
11661,2022-06-14 03:00:00,Asia/Bangkok,91.67160114035089,4.391304347826087,3.91304347826087,24.87697324561406
11662,2022-06-14 04:00:00,Asia/Bangkok,91.42448464912277,3.939655172413793,3.586206896551724,24.99290289473685
11663,2022-06-14 05:00:00,Asia/Bangkok,90.93356079646023,3.698275862068965,3.155172413793104,25.06148743362831
11664,2022-06-14 06:00:00,Asia/Bangkok,90.82206904347824,5.827586206896552,5.379310344827586,25.10925146551725
11665,2022-06-14 07:00:00,Asia/Bangkok,91.17371660869567,9.179487179487179,8.504273504273504,25.07851543859649
11666,2022-06-14 08:00:00,Asia/Bangkok,93.0687185840708,10.23478260869565,9.521739130434783,25.81097769911505
11667,2022-06-14 09:00:00,Asia/Bangkok,90.11124298245616,6.137931034482759,5.568965517241379,27.63809842105263
11668,2022-06-14 10:00:00,Asia/Bangkok,78.61236543859646,4.827586206896552,4.379310344827586,29.88740307017545
11669,2022-06-14 11:00:00,Asia/Bangkok,74.51428589285713,7.434782608695652,6.826086956521739,30.84790205357141
11670,2022-06-14 12:00:00,Asia/Bangkok,73.21450256637168,7.427350427350428,6.948717948717949,31.30029699115045
11671,2022-06-14 13:00:00,Asia/Bangkok,69.16007221238938,6.068965517241379,5.71551724137931,32.60849991150442
11672,2022-06-14 14:00:00,Asia/Bangkok,71.83015964912285,3.721739130434782,3.327586206896552,30.3163198245614
11673,2022-06-14 15:00:00,Asia/Bangkok,72.90905275862069,4.655172413793103,4.318965517241379,30.38358709401708
11674,2022-06-14 16:00:00,Asia/Bangkok,81.1879422321429,5.034188034188034,4.692307692307693,28.65503117117115
11675,2022-06-14 17:00:00,Asia/Bangkok,81.16200160714287,1.939130434782609,1.71304347826087,28.32475044642857
11676,2022-06-14 18:00:00,Asia/Bangkok,76.97201819819819,6.279661016949152,5.940677966101695,29.42810252252251
11677,2022-06-14 19:00:00,Asia/Bangkok,80.14351486725663,5.336206896551724,4.75,28.34150194690264
11678,2022-06-14 20:00:00,Asia/Bangkok,82.60316206896552,8.849557522123893,8.185840707964601,27.61241086206894
11679,2022-06-14 21:00:00,Asia/Bangkok,85.50256557522127,15.4957264957265,14.72413793103448,26.98346584070798
11680,2022-06-14 22:00:00,Asia/Bangkok,86.98271778761058,10.8448275862069,10.23931623931624,26.26633169642855
11681,2022-06-14 23:00:00,Asia/Bangkok,88.28611181034485,9.836206896551724,9.10344827586207,25.94255758620688
11682,2022-06-15 00:00:00,Asia/Bangkok,87.81479695652175,7.034188034188034,6.564102564102564,25.88773452173914
11683,2022-06-15 01:00:00,Asia/Bangkok,88.54367456140352,6.413793103448276,5.913793103448276,25.77107271929824
11684,2022-06-15 02:00:00,Asia/Bangkok,89.48867801724134,5.96551724137931,5.508620689655173,25.64935362068969
11685,2022-06-15 03:00:00,Asia/Bangkok,90.34483106194686,6.974358974358974,6.247863247863248,25.4825032743363
11686,2022-06-15 04:00:00,Asia/Bangkok,90.12275307017539,7.422413793103448,6.844827586206897,25.4487564035088
11687,2022-06-15 05:00:00,Asia/Bangkok,90.12616504587153,7.192982456140351,6.6,25.31639908256883
11688,2022-06-15 06:00:00,Asia/Bangkok,90.27930809090914,8.824561403508772,8.035087719298245,25.26164654545455
11689,2022-06-15 07:00:00,Asia/Bangkok,91.11453672566374,11.57264957264957,10.8034188034188,25.18777327433628
11690,2022-06-15 08:00:00,Asia/Bangkok,91.71693441441441,10.49565217391304,9.695652173913043,25.86374513513512
11691,2022-06-15 09:00:00,Asia/Bangkok,87.59073045045048,9.20353982300885,8.424778761061948,27.51999
11692,2022-06-15 10:00:00,Asia/Bangkok,81.74102065217392,5.869565217391305,5.239130434782608,29.38827956521739
11693,2022-06-15 11:00:00,Asia/Bangkok,73.20297511627909,7.906976744186046,7.325581395348837,31.35963441860464
11694,2022-06-15 12:00:00,Asia/Bangkok,66.09380278260868,6.765217391304348,6.252173913043478,32.40825860869565
11695,2022-06-15 13:00:00,Asia/Bangkok,61.30932931034483,6.896551724137931,6.422413793103448,33.48061939655172
11696,2022-06-15 14:00:00,Asia/Bangkok,58.70924231481484,7.078260869565217,6.617391304347827,34.0178486238532
11697,2022-06-15 15:00:00,Asia/Bangkok,54.40054422413792,9.175438596491228,8.903508771929825,35.21277808695653
11698,2022-06-15 16:00:00,Asia/Bangkok,66.79876421052633,6.53448275862069,6.293103448275862,31.2853444736842
11699,2022-06-15 17:00:00,Asia/Bangkok,82.21664043859647,4.241379310344827,3.844827586206896,27.80844382608696
11700,2022-06-15 18:00:00,Asia/Bangkok,80.4134788596491,6.170940170940171,5.794871794871795,28.36293823008852
11701,2022-06-15 19:00:00,Asia/Bangkok,84.80934099099107,8.068965517241379,7.568965517241379,27.22144954954954
11702,2022-06-15 20:00:00,Asia/Bangkok,87.19993415929201,11.03448275862069,10.3448275862069,26.67347123893807
11703,2022-06-15 21:00:00,Asia/Bangkok,87.3263422413793,14.69230769230769,14.04273504273504,26.44064465517242
11704,2022-06-15 22:00:00,Asia/Bangkok,88.29507522123887,18.58620689655172,17.74137931034483,26.15764637168141
11705,2022-06-15 23:00:00,Asia/Bangkok,88.95873345132739,25.55263157894737,24.40350877192983,25.91138672566373
11706,2022-06-16 00:00:00,Asia/Bangkok,89.78872929824558,22.03448275862069,20.69827586206896,25.75587192982454
11707,2022-06-16 01:00:00,Asia/Bangkok,91.02710622807015,25.1551724137931,24.03448275862069,25.60244236842108
11708,2022-06-16 02:00:00,Asia/Bangkok,90.88087862068964,20.41379310344828,19.39655172413793,25.33616224137932
11709,2022-06-16 03:00:00,Asia/Bangkok,90.27559036036041,12.79310344827586,12.12068965517241,25.27357657657659
11710,2022-06-16 04:00:00,Asia/Bangkok,90.56529350877192,12.64957264957265,12.05128205128205,25.36836570175441
11711,2022-06-16 05:00:00,Asia/Bangkok,90.71346767857143,12.35652173913043,11.74782608695652,25.39885767857142
11712,2022-06-16 06:00:00,Asia/Bangkok,91.10003380530972,15.31034482758621,14.50434782608696,25.25812380530973
11713,2022-06-16 07:00:00,Asia/Bangkok,91.83573630630633,20.62931034482759,19.36752136752137,25.34404108108111
11714,2022-06-16 08:00:00,Asia/Bangkok,91.26974187500002,14.43103448275862,13.67241379310345,25.9217186607143
11715,2022-06-16 09:00:00,Asia/Bangkok,85.21556109090905,7.129310344827586,6.577586206896552,27.48181376146788
11716,2022-06-16 10:00:00,Asia/Bangkok,75.90995771428574,5.154545454545454,4.790909090909091,29.18913590476192
11717,2022-06-16 11:00:00,Asia/Bangkok,71.67933448275862,7.25,6.887931034482759,30.40606765217391
11718,2022-06-16 12:00:00,Asia/Bangkok,66.4018367826087,8.224137931034482,7.862068965517241,32.31458773913043
11719,2022-06-16 13:00:00,Asia/Bangkok,62.1600544347826,8.64655172413793,8.356521739130434,33.74511939130435
11720,2022-06-16 14:00:00,Asia/Bangkok,61.03593938053097,9.634782608695652,9.086206896551724,34.19565946428569
11721,2022-06-16 15:00:00,Asia/Bangkok,59.07492918181814,6.060344827586207,5.78448275862069,34.86963412844037
11722,2022-06-16 16:00:00,Asia/Bangkok,63.13387651785715,7.568965517241379,7.267241379310345,33.74890357142861
11723,2022-06-16 17:00:00,Asia/Bangkok,62.23481017391306,14.11965811965812,13.06837606837607,33.59016808695653
11724,2022-06-16 18:00:00,Asia/Bangkok,68.72568,15.31034482758621,14.52586206896552,32.55011147826087
11725,2022-06-16 19:00:00,Asia/Bangkok,75.551539122807,17.16239316239316,15.94017094017094,30.73869921052632
11726,2022-06-16 20:00:00,Asia/Bangkok,78.29266419642856,86.0603448275862,77.73275862068965,30.25253508928571
11727,2022-06-16 21:00:00,Asia/Bangkok,82.08797830357139,41.17241379310344,35.68103448275862,29.50027990909091
11728,2022-06-16 22:00:00,Asia/Bangkok,84.3784505217391,40.60869565217391,34.84347826086957,28.85818417391307
11729,2022-06-16 23:00:00,Asia/Bangkok,85.63855614035086,33.01724137931034,30.25,28.72787543859649
11730,2022-06-17 00:00:00,Asia/Bangkok,86.63105663793107,34.94827586206897,31.63793103448276,28.41159732758619
11731,2022-06-17 01:00:00,Asia/Bangkok,86.85386396551722,33.1025641025641,30.64102564102564,28.16175896551723
11732,2022-06-17 02:00:00,Asia/Bangkok,86.49322184210529,36.87931034482759,32.78448275862069,27.99880228070174
11733,2022-06-17 03:00:00,Asia/Bangkok,87.22000666666668,34.74137931034483,31.55172413793104,27.65123530973451
11734,2022-06-17 04:00:00,Asia/Bangkok,87.03953567567564,29.23275862068965,27.76724137931035,27.40348785714284
11735,2022-06-17 05:00:00,Asia/Bangkok,86.3739357894737,23.16239316239316,22.18803418803419,27.15105486725662
11736,2022-06-17 06:00:00,Asia/Bangkok,87.10014508928573,19.87068965517241,19.08620689655172,26.84043044642858
11737,2022-06-17 07:00:00,Asia/Bangkok,88.85071893805305,25.77586206896552,24.32758620689655,26.50703601769911
11738,2022-06-17 08:00:00,Asia/Bangkok,89.76362035087716,21.21929824561403,20.37719298245614,26.93299486956522
11739,2022-06-17 09:00:00,Asia/Bangkok,86.60734464912281,19.06034482758621,18.29310344827586,28.41027088495575
11740,2022-06-17 10:00:00,Asia/Bangkok,78.77551017391305,14.93913043478261,14.41739130434783,30.25448678260872
11741,2022-06-17 11:00:00,Asia/Bangkok,75.24311793103449,13.10619469026549,12.65486725663717,30.62460879310344
11742,2022-06-17 12:00:00,Asia/Bangkok,67.18378428571428,8.8,8.391304347826088,32.39599901785714
11743,2022-06-17 13:00:00,Asia/Bangkok,62.555831981982,7.094017094017094,6.837606837606837,32.96419630630631
11744,2022-06-17 14:00:00,Asia/Bangkok,58.24155078260871,7.724137931034483,7.482758620689655,34.23696930434784
11745,2022-06-17 15:00:00,Asia/Bangkok,56.06041761061945,8.60344827586207,8.232758620689655,35.31399185840708
11746,2022-06-17 16:00:00,Asia/Bangkok,56.39202477477476,10.85344827586207,10.61206896551724,35.46237315315315
11747,2022-06-17 17:00:00,Asia/Bangkok,66.49726517543856,20.41739130434783,19.08695652173913,32.77426412280704
11748,2022-06-17 18:00:00,Asia/Bangkok,74.43594982608695,13.88888888888889,13.16239316239316,29.82519165217392
11749,2022-06-17 19:00:00,Asia/Bangkok,78.42174780701754,40.14655172413793,34.73275862068966,29.31918666666666
11750,2022-06-17 20:00:00,Asia/Bangkok,83.83217991452987,49.69230769230769,41.4017094017094,28.59711709401709
11751,2022-06-17 21:00:00,Asia/Bangkok,85.88716654545455,45.44827586206897,37.86206896551724,28.10118174311925
11752,2022-06-17 22:00:00,Asia/Bangkok,86.49082631578946,43.79310344827586,36.86206896551724,27.83722684210527
11753,2022-06-17 23:00:00,Asia/Bangkok,86.99343614035085,26.06896551724138,24.22413793103448,27.49628973684208
11754,2022-06-18 00:00:00,Asia/Bangkok,88.53398556521742,26.68965517241379,25.19827586206896,27.17843637931033
11755,2022-06-18 01:00:00,Asia/Bangkok,88.60576160714284,22.58119658119658,21.55555555555556,26.6572672072072
11756,2022-06-18 02:00:00,Asia/Bangkok,87.47865472727268,16.16379310344828,15.55172413793103,26.51393127272727
11757,2022-06-18 03:00:00,Asia/Bangkok,89.01113999999998,15.18103448275862,14.46551724137931,26.21812567567568
11758,2022-06-18 04:00:00,Asia/Bangkok,89.15639068376073,13.27350427350427,12.7008547008547,26.16015358974357
11759,2022-06-18 05:00:00,Asia/Bangkok,89.34407684210531,13.63478260869565,12.92173913043478,26.11799885964913
11760,2022-06-18 06:00:00,Asia/Bangkok,88.93171643478256,14.5948275862069,13.9051724137931,26.09922165217391
11761,2022-06-18 07:00:00,Asia/Bangkok,88.42016577586206,17.48275862068965,16.58620689655172,26.22913310344827
11762,2022-06-18 08:00:00,Asia/Bangkok,89.32335761061947,14.81196581196581,14.1025641025641,26.60124473214286
11763,2022-06-18 09:00:00,Asia/Bangkok,87.40829456896552,13.81034482758621,13.13793103448276,27.66809568965517
11764,2022-06-18 10:00:00,Asia/Bangkok,80.40466115044245,11.97413793103448,11.56034482758621,29.98125061946904
11765,2022-06-18 11:00:00,Asia/Bangkok,70.05930938596497,10.61206896551724,10.31896551724138,32.07348947368423
11766,2022-06-18 12:00:00,Asia/Bangkok,66.23170412280703,13.27586206896552,12.91379310344828,32.84287359649122
11767,2022-06-18 13:00:00,Asia/Bangkok,68.19028044642856,18.8448275862069,18.43965517241379,32.44735351351351
11768,2022-06-18 14:00:00,Asia/Bangkok,63.17247052173909,17.00854700854701,16.62931034482759,33.44286217391306
11769,2022-06-18 15:00:00,Asia/Bangkok,60.118677027027,15.18965517241379,14.91452991452991,34.24282810810811
11770,2022-06-18 16:00:00,Asia/Bangkok,62.55779088495574,17.72413793103448,17.22413793103448,34.03646336283185
11771,2022-06-18 17:00:00,Asia/Bangkok,64.61870107142855,19.51282051282051,18.95726495726496,33.59776839285713
11772,2022-06-18 18:00:00,Asia/Bangkok,74.56560234234233,13.6875,12.96428571428571,29.63513837837839
11773,2022-06-18 19:00:00,Asia/Bangkok,87.1391046551724,17.9051724137931,16.51724137931035,26.46757724137931
11774,2022-06-18 20:00:00,Asia/Bangkok,86.19438745454546,17.82608695652174,16.71304347826087,26.81558418181821
11775,2022-06-18 21:00:00,Asia/Bangkok,88.01861486956517,19.87826086956522,18.56521739130435,26.55645591304349
11776,2022-06-18 22:00:00,Asia/Bangkok,89.1484248245614,19.51724137931035,18.37068965517241,26.23835201754385
11777,2022-06-18 23:00:00,Asia/Bangkok,89.84136725663716,21.75,20.6551724137931,26.35381008849558
11778,2022-06-19 00:00:00,Asia/Bangkok,90.077894159292,22.57758620689655,21.31034482758621,26.23246256637169
11779,2022-06-19 01:00:00,Asia/Bangkok,89.72416131578943,31.41025641025641,27.87179487179487,26.18597385964913
11780,2022-06-19 02:00:00,Asia/Bangkok,89.97694238938055,28.29565217391304,26.20869565217391,26.06992610619466
11781,2022-06-19 03:00:00,Asia/Bangkok,90.24294165217395,31.21551724137931,28.41379310344828,25.83943686956522
11782,2022-06-19 04:00:00,Asia/Bangkok,91.84248725663716,28.07758620689655,26.68965517241379,25.66130929824561
11783,2022-06-19 05:00:00,Asia/Bangkok,92.13042798245615,28.37606837606837,26.76068376068376,25.53841557522124
11784,2022-06-19 06:00:00,Asia/Bangkok,92.70360307017538,21.73275862068965,20.9051724137931,25.38879192982457
11785,2022-06-19 07:00:00,Asia/Bangkok,91.82689429824555,19.4051724137931,18.68965517241379,25.69599754385965
11786,2022-06-19 08:00:00,Asia/Bangkok,90.37948078947369,15.25862068965517,14.74137931034483,26.57158263157895
11787,2022-06-19 09:00:00,Asia/Bangkok,85.29897581196582,12.03418803418803,11.53846153846154,28.0977417948718
11788,2022-06-19 10:00:00,Asia/Bangkok,78.51074530434789,10.70689655172414,10.24137931034483,29.59507765217392
11789,2022-06-19 11:00:00,Asia/Bangkok,74.17761144144147,10.18965517241379,9.879310344827585,30.84441117117116
11790,2022-06-19 12:00:00,Asia/Bangkok,68.6151204504504,9.568965517241379,9.172413793103448,32.19030450450449
11791,2022-06-19 13:00:00,Asia/Bangkok,65.60932324561404,12.05172413793103,11.5948275862069,32.7616150877193
11792,2022-06-19 14:00:00,Asia/Bangkok,62.098769375,13.62393162393162,13.1025641025641,34.13228522522524
11793,2022-06-19 15:00:00,Asia/Bangkok,61.80317955357142,16.24137931034483,15.75,33.77140919642856
11794,2022-06-19 16:00:00,Asia/Bangkok,64.46778636363636,22.33620689655172,21.52586206896552,33.56202099999999
11795,2022-06-19 17:00:00,Asia/Bangkok,64.20664739130436,18.13793103448276,17.58620689655172,33.53230399999999
11796,2022-06-19 18:00:00,Asia/Bangkok,66.81071191304345,16.98275862068965,16.33620689655172,32.68794547826086
11797,2022-06-19 19:00:00,Asia/Bangkok,71.81085513043479,18.47413793103448,17.56034482758621,31.29793513043477
11798,2022-06-19 20:00:00,Asia/Bangkok,82.46381434782609,8.89655172413793,8.293103448275861,27.23197878260869
11799,2022-06-19 21:00:00,Asia/Bangkok,86.01088652173914,3.094827586206896,2.827586206896552,25.55938947368421
11800,2022-06-19 22:00:00,Asia/Bangkok,88.29188565217393,8.439655172413794,7.689655172413793,25.72623965217391
11801,2022-06-19 23:00:00,Asia/Bangkok,88.56489063063063,8.474137931034482,8.086206896551724,26.42446522522523
11802,2022-06-20 00:00:00,Asia/Bangkok,89.43679543859655,9.837606837606838,9.376068376068377,26.47690368421054
11803,2022-06-20 01:00:00,Asia/Bangkok,88.94405587155964,9.741379310344827,9.267241379310345,26.54803403669724
11804,2022-06-20 02:00:00,Asia/Bangkok,90.11025883928572,11.56896551724138,10.85344827586207,26.30278732142855
11805,2022-06-20 03:00:00,Asia/Bangkok,91.59031874999998,14.46086956521739,13.61739130434783,25.90078383928573
11806,2022-06-20 04:00:00,Asia/Bangkok,91.43038491071434,12.63157894736842,11.91228070175439,25.95471401785716
11807,2022-06-20 05:00:00,Asia/Bangkok,91.80587867256634,16.78260869565218,15.76521739130435,25.84797526785714
11808,2022-06-20 06:00:00,Asia/Bangkok,91.90022840707967,16.13913043478261,15.2,25.80467017699113
11809,2022-06-20 07:00:00,Asia/Bangkok,92.93214527272724,15.75652173913043,15.08695652173913,25.71645236363637
11810,2022-06-20 08:00:00,Asia/Bangkok,93.05721234782614,15.94782608695652,15.13913043478261,26.29124535087718
11811,2022-06-20 09:00:00,Asia/Bangkok,88.47042099099099,12.01724137931035,11.43965517241379,27.80892180180181
11812,2022-06-20 10:00:00,Asia/Bangkok,80.6896424137931,9.982905982905983,9.538461538461538,29.98439818965518
11813,2022-06-20 11:00:00,Asia/Bangkok,73.38551339285716,7.852173913043479,7.521739130434782,31.41245946428572
11814,2022-06-20 12:00:00,Asia/Bangkok,68.7738575221239,8.726495726495726,8.41025641025641,32.6444892920354
11815,2022-06-20 13:00:00,Asia/Bangkok,63.74117736842105,11.03418803418803,10.77777777777778,34.01067298245615
11816,2022-06-20 14:00:00,Asia/Bangkok,58.63503478260871,11.71551724137931,11.42241379310345,35.60577999999999
11817,2022-06-20 15:00:00,Asia/Bangkok,61.32669184210529,11.79646017699115,11.51327433628319,34.45575192982456
11818,2022-06-20 16:00:00,Asia/Bangkok,78.64047422413798,14.7948717948718,14.06837606837607,30.43126543103449
11819,2022-06-20 17:00:00,Asia/Bangkok,88.31291599999999,1.973451327433628,1.557522123893805,25.84755078947371
11820,2022-06-20 18:00:00,Asia/Bangkok,89.81961534482767,2.28448275862069,2.017241379310345,25.59748887931036
11821,2022-06-20 19:00:00,Asia/Bangkok,90.241616,3.767241379310345,3.431034482758621,25.83151826086956
11822,2022-06-20 20:00:00,Asia/Bangkok,91.73869601851851,7.53448275862069,7.086206896551724,25.55318457943925
11823,2022-06-20 21:00:00,Asia/Bangkok,92.61566333333337,13.06034482758621,12.37068965517241,25.83665789473685
11824,2022-06-20 22:00:00,Asia/Bangkok,92.36505551724136,10.33620689655172,9.810344827586206,26.07050112068965
11825,2022-06-20 23:00:00,Asia/Bangkok,90.42965009009009,9.379310344827585,8.956896551724139,26.17371495495497
11826,2022-06-21 00:00:00,Asia/Bangkok,89.62659327433633,9.282051282051283,8.82905982905983,25.98992973214285
11827,2022-06-21 01:00:00,Asia/Bangkok,91.07701428571431,10.5,9.887931034482758,25.72285258928571
11828,2022-06-21 02:00:00,Asia/Bangkok,91.85872696428574,10.52173913043478,10.02608695652174,25.49324964285715
11829,2022-06-21 03:00:00,Asia/Bangkok,92.50127429824555,10.43589743589744,10.0,25.07301184210528
11830,2022-06-21 04:00:00,Asia/Bangkok,91.84054563636366,11.1551724137931,10.62068965517241,25.16011972727273
11831,2022-06-21 05:00:00,Asia/Bangkok,91.66770827586208,11.30172413793103,10.79310344827586,25.19985663793105
11832,2022-06-21 06:00:00,Asia/Bangkok,91.9575713157895,12.14529914529914,11.5042735042735,24.9733174336283
11833,2022-06-21 07:00:00,Asia/Bangkok,92.07424877192977,5.517241379310345,5.077586206896552,24.80698385964914
11834,2022-06-21 08:00:00,Asia/Bangkok,90.46974521739126,4.603448275862069,4.241379310344827,25.64485234782608
11835,2022-06-21 09:00:00,Asia/Bangkok,88.48479920353982,3.973913043478261,3.704347826086956,26.54479769911503
11836,2022-06-21 10:00:00,Asia/Bangkok,81.91021833333332,3.25,2.948275862068965,28.38743601851851
11837,2022-06-21 11:00:00,Asia/Bangkok,74.87966122807019,2.758620689655173,2.560344827586207,30.16811824561403
11838,2022-06-21 12:00:00,Asia/Bangkok,68.72367684210525,3.672413793103448,3.353448275862069,31.86899850877193
11839,2022-06-21 13:00:00,Asia/Bangkok,63.67840517857142,4.198275862068965,4.008620689655173,33.03196723214285
11840,2022-06-21 14:00:00,Asia/Bangkok,61.65373432432436,6.592920353982301,6.327433628318584,34.11821162162163
11841,2022-06-21 15:00:00,Asia/Bangkok,63.52864176991152,5.267241379310345,4.96551724137931,33.35486716814159
11842,2022-06-21 16:00:00,Asia/Bangkok,71.9494636607143,1.869565217391304,1.730434782608696,30.48430009009008
11843,2022-06-21 17:00:00,Asia/Bangkok,75.684573539823,2.517543859649123,2.245614035087719,29.22155522123897
11844,2022-06-21 18:00:00,Asia/Bangkok,79.91527902654866,7.03448275862069,6.525862068965517,27.96945491071427
11845,2022-06-21 19:00:00,Asia/Bangkok,84.2424956034482,8.327586206896552,7.827586206896552,27.41660267241377
11846,2022-06-21 20:00:00,Asia/Bangkok,86.77353150442477,6.121739130434783,5.669565217391304,26.76194858407081
11847,2022-06-21 21:00:00,Asia/Bangkok,86.25328357142857,4.379310344827586,4.060344827586207,26.95532446428571
11848,2022-06-21 22:00:00,Asia/Bangkok,87.06084931034484,7.444444444444445,6.829059829059829,26.92678163793103
11849,2022-06-21 23:00:00,Asia/Bangkok,87.5928635652174,6.51304347826087,6.078260869565217,26.76536827586207
11850,2022-06-22 00:00:00,Asia/Bangkok,87.27158469026553,5.504273504273504,5.068376068376068,26.72844607142855
11851,2022-06-22 01:00:00,Asia/Bangkok,87.56978675438597,4.75,4.344827586206897,26.62728622807017
11852,2022-06-22 02:00:00,Asia/Bangkok,87.4607114912281,4.060344827586207,3.78448275862069,26.60517578947368
11853,2022-06-22 03:00:00,Asia/Bangkok,87.64967194690267,5.241379310344827,4.905172413793103,26.44561787610621
11854,2022-06-22 04:00:00,Asia/Bangkok,88.74015717948711,5.75,5.362068965517241,26.09061145299143
11855,2022-06-22 05:00:00,Asia/Bangkok,88.91387522123897,5.52991452991453,5.102564102564102,25.93835008849557
11856,2022-06-22 06:00:00,Asia/Bangkok,90.1938955263158,6.931034482758621,6.362068965517241,25.56808026315791
11857,2022-06-22 07:00:00,Asia/Bangkok,91.36309008695657,8.188034188034187,7.70940170940171,25.24021286956522
11858,2022-06-22 08:00:00,Asia/Bangkok,90.15613798245614,7.896551724137931,7.336206896551724,25.88678456140352
11859,2022-06-22 09:00:00,Asia/Bangkok,85.60066289473683,7.681034482758621,7.146551724137931,27.28388140350877
11860,2022-06-22 10:00:00,Asia/Bangkok,79.75082504504506,7.568965517241379,6.939655172413793,29.12353936936933
11861,2022-06-22 11:00:00,Asia/Bangkok,73.81174403508768,2.846153846153846,2.623931623931624,30.34089219298245
11862,2022-06-22 12:00:00,Asia/Bangkok,70.33318070796462,2.629310344827586,2.318965517241379,31.0770782300885
11863,2022-06-22 13:00:00,Asia/Bangkok,66.01562464285718,2.704347826086956,2.48695652173913,32.33946955357143
11864,2022-06-22 14:00:00,Asia/Bangkok,63.07050956896552,3.487179487179487,3.344827586206896,33.30030344827588
11865,2022-06-22 15:00:00,Asia/Bangkok,62.53269269565216,3.603448275862069,3.384615384615385,33.43185608695651
11866,2022-06-22 16:00:00,Asia/Bangkok,61.72566330434781,2.75,2.551724137931035,33.82920043478261
11867,2022-06-22 17:00:00,Asia/Bangkok,69.15595739130437,1.801724137931034,1.620689655172414,30.25274643478262
11868,2022-06-22 18:00:00,Asia/Bangkok,72.31133017699113,2.566371681415929,2.300884955752212,29.60298398230089
11869,2022-06-22 19:00:00,Asia/Bangkok,74.55679716814159,8.273504273504274,7.700854700854701,29.72338761061948
11870,2022-06-22 20:00:00,Asia/Bangkok,78.85722142857146,32.35344827586207,28.10344827586207,28.89467410714287
11871,2022-06-22 21:00:00,Asia/Bangkok,83.06908752212392,54.06034482758621,45.77586206896552,28.0230704385965
11872,2022-06-22 22:00:00,Asia/Bangkok,86.17065432432436,35.78632478632478,31.55555555555556,27.46148672727272
11873,2022-06-22 23:00:00,Asia/Bangkok,87.3576622608696,19.93103448275862,18.68965517241379,27.14476631578945
11874,2022-06-23 00:00:00,Asia/Bangkok,86.95335363636363,14.79824561403509,13.8421052631579,26.80643227272726
11875,2022-06-23 01:00:00,Asia/Bangkok,86.54201131578945,11.60869565217391,11.0,26.48135508771929
11876,2022-06-23 02:00:00,Asia/Bangkok,86.62013929824559,6.732758620689655,6.370689655172414,26.28311675438598
11877,2022-06-23 03:00:00,Asia/Bangkok,86.91501263636364,5.930434782608696,5.434782608695652,26.14200263636363
11878,2022-06-23 04:00:00,Asia/Bangkok,87.61508869565216,6.48695652173913,6.113043478260869,25.92637286956521
11879,2022-06-23 05:00:00,Asia/Bangkok,87.2309446956521,7.517241379310345,7.103448275862069,25.85420582608693
11880,2022-06-23 06:00:00,Asia/Bangkok,88.0472869298246,10.18103448275862,9.655172413793103,25.75565938596491
11881,2022-06-23 07:00:00,Asia/Bangkok,89.3758600869565,11.53448275862069,10.93103448275862,25.68632684210525
11882,2022-06-23 08:00:00,Asia/Bangkok,86.57208763157895,9.504273504273504,9.0,26.45006078947368
11883,2022-06-23 09:00:00,Asia/Bangkok,82.27992848214284,6.827586206896552,6.241379310344827,27.73749151785714
11884,2022-06-23 10:00:00,Asia/Bangkok,78.81749383928575,4.921739130434783,4.582608695652174,28.78500089285715
11885,2022-06-23 11:00:00,Asia/Bangkok,74.49960964601769,8.025862068965518,7.586206896551724,30.09819482456141
11886,2022-06-23 12:00:00,Asia/Bangkok,67.58190543103446,6.572649572649572,6.17948717948718,32.23554669565217
11887,2022-06-23 13:00:00,Asia/Bangkok,64.95811054054052,6.327586206896552,6.060344827586207,33.1794099099099
11888,2022-06-23 14:00:00,Asia/Bangkok,68.30896631578943,6.417391304347826,6.104347826086957,32.03844754385963
11889,2022-06-23 15:00:00,Asia/Bangkok,64.47191608695654,4.188034188034188,3.957264957264957,33.36899643478262
11890,2022-06-23 16:00:00,Asia/Bangkok,64.90863902654867,3.439655172413793,3.155172413793104,32.17146389380531
11891,2022-06-23 17:00:00,Asia/Bangkok,74.16631285714286,6.188034188034188,5.735042735042735,29.57555964285712
11892,2022-06-23 18:00:00,Asia/Bangkok,74.35536587719294,5.422413793103448,4.982758620689655,29.49018131578946
11893,2022-06-23 19:00:00,Asia/Bangkok,77.41223531531531,5.603448275862069,5.163793103448276,28.33009288288286
11894,2022-06-23 20:00:00,Asia/Bangkok,81.28795702702705,4.923076923076923,4.273504273504273,27.68579954954956
11895,2022-06-23 21:00:00,Asia/Bangkok,80.58083192982457,6.991379310344827,6.224137931034483,27.41550122807017
11896,2022-06-23 22:00:00,Asia/Bangkok,82.58459596491231,2.948275862068965,2.508620689655173,27.00124842105265
11897,2022-06-23 23:00:00,Asia/Bangkok,83.92164767241383,2.405172413793104,2.094827586206896,26.70049637931035
11898,2022-06-24 00:00:00,Asia/Bangkok,82.47295695652173,1.777777777777778,1.491379310344828,26.66454704347825
11899,2022-06-24 01:00:00,Asia/Bangkok,82.49301640350875,1.904347826086957,1.572649572649573,26.48543105263158
11900,2022-06-24 02:00:00,Asia/Bangkok,82.3236144736842,1.666666666666667,1.393162393162393,26.44781070175441
11901,2022-06-24 03:00:00,Asia/Bangkok,83.02949663716811,1.71551724137931,1.362068965517241,26.07994584070796
11902,2022-06-24 04:00:00,Asia/Bangkok,82.790358125,0.8434782608695652,0.6379310344827587,26.02285419642857
11903,2022-06-24 05:00:00,Asia/Bangkok,84.8381543859649,2.586206896551724,2.327586206896552,25.69417026315792
11904,2022-06-24 06:00:00,Asia/Bangkok,86.51800601769914,2.112068965517242,1.853448275862069,25.26705725663719
11905,2022-06-24 07:00:00,Asia/Bangkok,86.24474871794868,1.982905982905983,1.752136752136752,25.21604606837608
11906,2022-06-24 08:00:00,Asia/Bangkok,83.43626196428572,1.181034482758621,0.9568965517241379,25.74764821428571
11907,2022-06-24 09:00:00,Asia/Bangkok,81.787566875,1.974137931034483,1.663793103448276,26.61665549549548
11908,2022-06-24 10:00:00,Asia/Bangkok,77.71053241071426,2.221238938053097,1.84070796460177,28.15001142857143
11909,2022-06-24 11:00:00,Asia/Bangkok,71.82663336283187,4.258620689655173,3.887931034482758,30.45007044247786
11910,2022-06-24 12:00:00,Asia/Bangkok,73.06410396551722,3.5,3.232758620689655,30.03987698275861
11911,2022-06-24 13:00:00,Asia/Bangkok,82.85781185840705,0.4912280701754386,0.3859649122807017,27.08590663716814
11912,2022-06-24 14:00:00,Asia/Bangkok,75.45075893805308,0.0603448275862069,0.01724137931034483,29.29322690265483
11913,2022-06-24 15:00:00,Asia/Bangkok,72.56217754385966,0.6608695652173913,0.4956521739130435,30.56826736842106
11914,2022-06-24 16:00:00,Asia/Bangkok,71.86454607476635,1.700854700854701,1.452991452991453,30.24281235849056
11915,2022-06-24 17:00:00,Asia/Bangkok,71.59154991150442,2.051724137931035,1.758620689655172,30.27602124999997
11916,2022-06-24 18:00:00,Asia/Bangkok,74.66694360360363,2.801724137931035,2.439655172413793,29.32464428571426
11917,2022-06-24 19:00:00,Asia/Bangkok,76.843255877193,4.077586206896552,3.724137931034483,28.28908982300883
11918,2022-06-24 20:00:00,Asia/Bangkok,78.99748175438593,5.758620689655173,5.112068965517241,27.63645956140348
11919,2022-06-24 21:00:00,Asia/Bangkok,81.47788973684212,5.155172413793103,4.577586206896552,27.13546763157895
11920,2022-06-24 22:00:00,Asia/Bangkok,82.70429213675212,4.196581196581197,3.658119658119658,26.65044820512821
11921,2022-06-24 23:00:00,Asia/Bangkok,83.46522929824563,4.318965517241379,3.810344827586207,26.41021552631578
11922,2022-06-25 00:00:00,Asia/Bangkok,84.54376765217395,3.844827586206896,3.318965517241379,26.12903678260873
11923,2022-06-25 01:00:00,Asia/Bangkok,84.90264280701753,3.456896551724138,3.025862068965517,26.03868745614035
11924,2022-06-25 02:00:00,Asia/Bangkok,86.72458126126125,4.094827586206897,3.681034482758621,25.67650846846848
11925,2022-06-25 03:00:00,Asia/Bangkok,87.9629885714286,5.431034482758621,4.896551724137931,25.34838303571429
11926,2022-06-25 04:00:00,Asia/Bangkok,89.00679474137925,7.03448275862069,6.482758620689655,25.23642692307694
11927,2022-06-25 05:00:00,Asia/Bangkok,89.61599730434783,6.111111111111111,5.564102564102564,25.19142061403511
11928,2022-06-25 06:00:00,Asia/Bangkok,89.36725885964917,4.362068965517241,3.844827586206896,25.11046701754384
11929,2022-06-25 07:00:00,Asia/Bangkok,89.77421304347824,4.267241379310345,3.732758620689655,25.09770973913044
11930,2022-06-25 08:00:00,Asia/Bangkok,88.79535385964908,5.060344827586207,4.517241379310345,25.82201763157896
11931,2022-06-25 09:00:00,Asia/Bangkok,81.83231429824559,3.706896551724138,3.103448275862069,27.62800236842103
11932,2022-06-25 10:00:00,Asia/Bangkok,73.55539330357142,3.922413793103448,3.370689655172414,29.571913125
11933,2022-06-25 11:00:00,Asia/Bangkok,66.69682964285715,5.008620689655173,4.431034482758621,31.32715285714284
11934,2022-06-25 12:00:00,Asia/Bangkok,65.706915625,5.477876106194691,4.938053097345133,32.31491285714286
11935,2022-06-25 13:00:00,Asia/Bangkok,64.9115369827586,2.560344827586207,2.181034482758621,31.37437539130435
11936,2022-06-25 14:00:00,Asia/Bangkok,66.65321508771929,3.146551724137931,2.724137931034483,30.99884622807017
11937,2022-06-25 15:00:00,Asia/Bangkok,69.02915245614037,5.775862068965517,5.25,30.64507333333334
11938,2022-06-25 16:00:00,Asia/Bangkok,65.26281069565218,5.641025641025641,5.136752136752137,31.94227408695653
11939,2022-06-25 17:00:00,Asia/Bangkok,65.2436240869565,5.905172413793103,5.318965517241379,31.26503304347827
11940,2022-06-25 18:00:00,Asia/Bangkok,70.31382532110091,14.55172413793103,13.44827586206897,30.74282357798164
11941,2022-06-25 19:00:00,Asia/Bangkok,76.8583853571429,47.02586206896552,39.14655172413793,29.24832732142858
11942,2022-06-25 20:00:00,Asia/Bangkok,77.11792791304346,23.04273504273504,21.27350427350427,28.39317573913041
11943,2022-06-25 21:00:00,Asia/Bangkok,78.32006267857146,11.74561403508772,10.83333333333333,27.77790785714286
11944,2022-06-25 22:00:00,Asia/Bangkok,82.51171373913046,20.18260869565217,18.83478260869565,27.10384852173915
11945,2022-06-25 23:00:00,Asia/Bangkok,85.03597594827585,18.36206896551724,17.17241379310345,26.60374094827587
11946,2022-06-26 00:00:00,Asia/Bangkok,85.87932736842106,18.96551724137931,17.87068965517241,26.35968921052632
11947,2022-06-26 01:00:00,Asia/Bangkok,87.2445111818182,14.30434782608696,13.37391304347826,26.03344091743117
11948,2022-06-26 02:00:00,Asia/Bangkok,87.64787763636366,13.2051282051282,12.38461538461539,25.79194881818183
11949,2022-06-26 03:00:00,Asia/Bangkok,88.03061114035089,12.30172413793103,11.39655172413793,25.58944175438599
11950,2022-06-26 04:00:00,Asia/Bangkok,88.37660131578946,13.19827586206897,12.4051724137931,25.35129061403507
11951,2022-06-26 05:00:00,Asia/Bangkok,88.1838913392857,12.77391304347826,11.92173913043478,25.1832516964286
11952,2022-06-26 06:00:00,Asia/Bangkok,89.17755752212388,11.10344827586207,10.50862068965517,24.89218223214288
11953,2022-06-26 07:00:00,Asia/Bangkok,89.93445921739131,15.63247863247863,14.64102564102564,24.96544660869565
11954,2022-06-26 08:00:00,Asia/Bangkok,87.93081077586206,7.5,6.948275862068965,25.96419698275863
11955,2022-06-26 09:00:00,Asia/Bangkok,82.74026151785715,3.155172413793104,2.612068965517242,27.68990339285713
11956,2022-06-26 10:00:00,Asia/Bangkok,76.9508896521739,2.48695652173913,2.043478260869565,29.5251155652174
11957,2022-06-26 11:00:00,Asia/Bangkok,70.83477914529915,2.478632478632479,2.102564102564103,31.2458522222222
11958,2022-06-26 12:00:00,Asia/Bangkok,65.84408162162161,4.03448275862069,3.698275862068965,32.61339441441441
11959,2022-06-26 13:00:00,Asia/Bangkok,63.05712477876106,6.293103448275862,5.818965517241379,33.21175867256635
11960,2022-06-26 14:00:00,Asia/Bangkok,65.81795214285715,7.146551724137931,6.637931034482759,32.32857473214285
11961,2022-06-26 15:00:00,Asia/Bangkok,67.70826442477873,6.758620689655173,6.344827586206897,32.28170203539823
11962,2022-06-26 16:00:00,Asia/Bangkok,66.27588798245611,9.564102564102564,9.085470085470085,32.09407824561403
11963,2022-06-26 17:00:00,Asia/Bangkok,68.39726815789474,8.681034482758621,8.051724137931034,30.99191342105263
11964,2022-06-26 18:00:00,Asia/Bangkok,70.9933824786325,10.26495726495727,9.547008547008547,30.84295418803421
11965,2022-06-26 19:00:00,Asia/Bangkok,74.69988578947365,13.35344827586207,12.43103448275862,30.01775947368419
11966,2022-06-26 20:00:00,Asia/Bangkok,80.12895259259258,38.8448275862069,33.31034482758621,29.20767296296297
11967,2022-06-26 21:00:00,Asia/Bangkok,84.00762035714284,37.85344827586207,33.35042735042735,28.17886035714285
11968,2022-06-26 22:00:00,Asia/Bangkok,86.46712052631582,60.91379310344828,49.08620689655172,27.53522140350875
11969,2022-06-26 23:00:00,Asia/Bangkok,87.54807215517242,51.02654867256637,42.06194690265487,27.29569775862065
11970,2022-06-27 00:00:00,Asia/Bangkok,87.6656338793103,46.01724137931034,38.45689655172414,27.17652224137931
11971,2022-06-27 01:00:00,Asia/Bangkok,87.467615,51.81896551724138,42.51724137931034,26.90191955357142
11972,2022-06-27 02:00:00,Asia/Bangkok,88.47228721739127,56.0,45.30769230769231,26.64253365217391
11973,2022-06-27 03:00:00,Asia/Bangkok,90.10619955357141,35.37931034482759,31.6551724137931,26.313755
11974,2022-06-27 04:00:00,Asia/Bangkok,89.88341530973452,29.19827586206896,27.57758620689655,26.19332734513276
11975,2022-06-27 05:00:00,Asia/Bangkok,89.44252716814155,28.63793103448276,27.20689655172414,26.09525743362832
11976,2022-06-27 06:00:00,Asia/Bangkok,89.96285701754391,30.58620689655172,28.81034482758621,25.73214324561401
11977,2022-06-27 07:00:00,Asia/Bangkok,90.34390891891894,26.80701754385965,25.5,25.75079972972972
11978,2022-06-27 08:00:00,Asia/Bangkok,90.70176008695648,38.45689655172414,35.95689655172414,26.27226104347826
11979,2022-06-27 09:00:00,Asia/Bangkok,86.52214347826087,48.75652173913043,45.28695652173913,27.92034121739131
11980,2022-06-27 10:00:00,Asia/Bangkok,76.25373826086951,12.62931034482759,11.83620689655172,30.18635843478262
11981,2022-06-27 11:00:00,Asia/Bangkok,70.67194878260868,57.64957264957265,51.76068376068376,31.19407584070792
11982,2022-06-27 12:00:00,Asia/Bangkok,67.25909460176992,21.60344827586207,19.55172413793104,32.08799707964604
11983,2022-06-27 13:00:00,Asia/Bangkok,64.18142594594596,11.92241379310345,11.39655172413793,33.0799126126126
11984,2022-06-27 14:00:00,Asia/Bangkok,62.19816894736842,13.60683760683761,13.07692307692308,34.01350903508771
11985,2022-06-27 15:00:00,Asia/Bangkok,62.33732689655174,15.53448275862069,15.12931034482759,33.51015182608698
11986,2022-06-27 16:00:00,Asia/Bangkok,61.37560791304348,17.67241379310345,17.22413793103448,34.15407347826086
11987,2022-06-27 17:00:00,Asia/Bangkok,60.60943701754389,18.5,17.95652173913043,34.33054991228069
11988,2022-06-27 18:00:00,Asia/Bangkok,63.58880422413796,25.01709401709402,23.86324786324786,33.21595732758621
11989,2022-06-27 19:00:00,Asia/Bangkok,69.87815132743364,28.35344827586207,27.56034482758621,31.69517398230088
11990,2022-06-27 20:00:00,Asia/Bangkok,72.49729895652173,23.56896551724138,22.86206896551724,30.63557686956522
11991,2022-06-27 21:00:00,Asia/Bangkok,76.27538168141587,14.03448275862069,13.56896551724138,29.41974849557523
11992,2022-06-27 22:00:00,Asia/Bangkok,79.59487823008847,15.0,14.09649122807017,28.80942575221238
11993,2022-06-27 23:00:00,Asia/Bangkok,81.5705797368421,15.49137931034483,14.71551724137931,28.35339552631577
11994,2022-06-28 00:00:00,Asia/Bangkok,82.10325712962961,17.70689655172414,16.96551724137931,28.18250635514017
11995,2022-06-28 01:00:00,Asia/Bangkok,84.08612826086957,19.74137931034483,19.05172413793104,27.96039634782611
11996,2022-06-28 02:00:00,Asia/Bangkok,84.73676290909091,21.93965517241379,21.03448275862069,27.84351354545455
11997,2022-06-28 03:00:00,Asia/Bangkok,85.87210300884958,31.57758620689655,29.41379310344828,27.4479889473684
11998,2022-06-28 04:00:00,Asia/Bangkok,88.58353163636365,28.2991452991453,27.01709401709402,26.75340357798165
11999,2022-06-28 05:00:00,Asia/Bangkok,89.36945908256878,24.99137931034483,23.98275862068965,26.4084646788991
12000,2022-06-28 06:00:00,Asia/Bangkok,88.46261499999996,18.25862068965517,17.49137931034483,26.37409224137933
12001,2022-06-28 07:00:00,Asia/Bangkok,89.59654963963965,79.68103448275862,69.97413793103448,26.21318767857144
12002,2022-06-28 08:00:00,Asia/Bangkok,89.39983973451328,29.35042735042735,26.21367521367521,26.86970767857142
12003,2022-06-28 09:00:00,Asia/Bangkok,82.2362764912281,11.33620689655172,10.82758620689655,28.47299754385964
12004,2022-06-28 10:00:00,Asia/Bangkok,70.64693617391303,8.162393162393162,7.752136752136752,30.86478408695651
12005,2022-06-28 11:00:00,Asia/Bangkok,63.01233026086954,5.461538461538462,5.103448275862069,32.56926765217392
12006,2022-06-28 12:00:00,Asia/Bangkok,58.71472280701754,5.243478260869566,4.939655172413793,34.06363482456142
12007,2022-06-28 13:00:00,Asia/Bangkok,55.08692652173913,7.743589743589744,7.35042735042735,35.49411269565216
12008,2022-06-28 14:00:00,Asia/Bangkok,54.33299354545454,11.14655172413793,10.68103448275862,35.99126754545453
12009,2022-06-28 15:00:00,Asia/Bangkok,52.58023196428574,16.55172413793104,15.85344827586207,36.59397133928572
12010,2022-06-28 16:00:00,Asia/Bangkok,55.47015709401708,10.7948717948718,10.30769230769231,35.55222649572649
12011,2022-06-28 17:00:00,Asia/Bangkok,58.40559854545456,8.28695652173913,7.68695652173913,34.09936563636366
12012,2022-06-28 18:00:00,Asia/Bangkok,66.93997431034481,21.07758620689655,19.24137931034483,32.37577120689654
12013,2022-06-28 19:00:00,Asia/Bangkok,73.01975433628317,18.68103448275862,17.50862068965517,29.95121513274337
12014,2022-06-28 20:00:00,Asia/Bangkok,78.49494226086958,14.84347826086957,13.96491228070176,28.5574807826087
12015,2022-06-28 21:00:00,Asia/Bangkok,82.9775219469027,20.81739130434783,19.71304347826087,27.82329513274339
12016,2022-06-28 22:00:00,Asia/Bangkok,83.78548052631581,13.9051724137931,13.12068965517241,27.7385185964912
12017,2022-06-28 23:00:00,Asia/Bangkok,85.51364339285715,20.16379310344828,18.9051724137931,27.53890702702699
12018,2022-06-29 00:00:00,Asia/Bangkok,87.57714850877198,14.1025641025641,13.33333333333333,26.9887857894737
12019,2022-06-29 01:00:00,Asia/Bangkok,87.44496870689657,13.39655172413793,12.73275862068965,26.81359370689657
12020,2022-06-29 02:00:00,Asia/Bangkok,88.75316982300886,13.88793103448276,13.08620689655172,26.30262194690268
12021,2022-06-29 03:00:00,Asia/Bangkok,88.92944412280706,12.80172413793103,12.13793103448276,26.15219771929825
12022,2022-06-29 04:00:00,Asia/Bangkok,89.00004663793106,18.26724137931035,16.99137931034483,26.15735715517242
12023,2022-06-29 05:00:00,Asia/Bangkok,89.27928168141594,11.99137931034483,11.28448275862069,25.88310736842104
12024,2022-06-29 06:00:00,Asia/Bangkok,88.02493226086959,10.90598290598291,10.22222222222222,26.10767017543859
12025,2022-06-29 07:00:00,Asia/Bangkok,89.91965156521742,15.10344827586207,14.19827586206897,25.8992287826087
12026,2022-06-29 08:00:00,Asia/Bangkok,87.3580350442478,8.513043478260869,7.930434782608696,26.94253539823008
12027,2022-06-29 09:00:00,Asia/Bangkok,81.74507831858405,3.137931034482758,2.706896551724138,28.65412079646018
12028,2022-06-29 10:00:00,Asia/Bangkok,74.07651456140351,2.521367521367521,2.076923076923077,30.73068842105263
12029,2022-06-29 11:00:00,Asia/Bangkok,67.39471477477477,3.633928571428572,3.285714285714286,32.4012617117117
12030,2022-06-29 12:00:00,Asia/Bangkok,61.23302315789473,4.25,3.844827586206896,34.36697526315788
12031,2022-06-29 13:00:00,Asia/Bangkok,56.48829955357142,4.752136752136752,4.393162393162394,35.8060813392857
12032,2022-06-29 14:00:00,Asia/Bangkok,53.36136654867255,6.017241379310345,5.439655172413793,37.04831035398229
12033,2022-06-29 15:00:00,Asia/Bangkok,56.36593232758619,6.247863247863248,5.581196581196581,35.7382755652174
12034,2022-06-29 16:00:00,Asia/Bangkok,54.60139981981985,3.896551724137931,3.474137931034483,35.65158153153154
12035,2022-06-29 17:00:00,Asia/Bangkok,58.95961356521739,8.181034482758621,7.474137931034483,33.98291739130434
12036,2022-06-29 18:00:00,Asia/Bangkok,64.60295981981977,9.290598290598291,8.247863247863247,32.07562405405402
12037,2022-06-29 19:00:00,Asia/Bangkok,69.9768624545455,9.887931034482758,8.724137931034482,30.48274336363637
12038,2022-06-29 20:00:00,Asia/Bangkok,74.78497931034484,11.41880341880342,10.34188034188034,29.46209741379309
12039,2022-06-29 21:00:00,Asia/Bangkok,79.33679991150443,15.46551724137931,14.19827586206897,28.45027672566372
12040,2022-06-29 22:00:00,Asia/Bangkok,80.30904095652177,13.25862068965517,11.92241379310345,28.24737391304344
12041,2022-06-29 23:00:00,Asia/Bangkok,79.6459639285714,8.362068965517242,7.275862068965517,28.22344178571425
12042,2022-06-30 00:00:00,Asia/Bangkok,81.05707238938052,8.810344827586206,7.629310344827586,28.00929522123893
12043,2022-06-30 01:00:00,Asia/Bangkok,82.66657408695649,9.53448275862069,8.543103448275861,27.60248060869565
12044,2022-06-30 02:00:00,Asia/Bangkok,82.41789009090913,9.188034188034187,8.051282051282051,27.47483709090908
12045,2022-06-30 03:00:00,Asia/Bangkok,82.29007738738737,10.19469026548673,8.88495575221239,27.30711693693693
12046,2022-06-30 04:00:00,Asia/Bangkok,84.29888956896554,11.74137931034483,10.33620689655172,26.86842620689657
12047,2022-06-30 05:00:00,Asia/Bangkok,85.22216714285712,12.01739130434783,10.74782608695652,26.60439446428573
12048,2022-06-30 06:00:00,Asia/Bangkok,85.50727147826086,11.08620689655172,9.775862068965518,26.47262886956522
12049,2022-06-30 07:00:00,Asia/Bangkok,85.82428903508777,12.08620689655172,10.64655172413793,26.47830833333333
12050,2022-06-30 08:00:00,Asia/Bangkok,80.73534964601765,6.327586206896552,5.146551724137931,27.80391646017698
12051,2022-06-30 09:00:00,Asia/Bangkok,74.05833754385965,7.791304347826087,6.339130434782609,29.56513780701754
12052,2022-06-30 10:00:00,Asia/Bangkok,70.34240300884959,7.163793103448276,6.008620689655173,31.03971707964602
12053,2022-06-30 11:00:00,Asia/Bangkok,67.18904366071429,7.582608695652174,6.573913043478261,32.06425892857141
12054,2022-06-30 12:00:00,Asia/Bangkok,63.16990895652174,6.068965517241379,5.206896551724138,33.21214478260871
12055,2022-06-30 13:00:00,Asia/Bangkok,60.21891359649126,5.295652173913044,4.539130434782609,33.87118543859648
12056,2022-06-30 14:00:00,Asia/Bangkok,54.3679743478261,5.086206896551724,4.103448275862069,35.1501284347826
12057,2022-06-30 15:00:00,Asia/Bangkok,54.56386793103447,4.137931034482759,3.318965517241379,34.15842396551725
12058,2022-06-30 16:00:00,Asia/Bangkok,62.48201717948718,5.794871794871795,4.794871794871795,32.66813
12059,2022-06-30 17:00:00,Asia/Bangkok,63.82490105263157,5.508620689655173,4.508620689655173,31.93458719298246
12060,2022-06-30 18:00:00,Asia/Bangkok,66.53495309734514,7.6,6.426086956521739,31.61832761061945
12061,2022-06-30 19:00:00,Asia/Bangkok,66.27132292035397,13.46551724137931,12.01724137931035,31.32435353982298
12062,2022-06-30 20:00:00,Asia/Bangkok,71.9881915652174,17.92241379310345,16.02586206896552,30.0383527826087
12063,2022-06-30 21:00:00,Asia/Bangkok,72.78241441441442,8.885964912280702,7.754385964912281,29.10039792792793
12064,2022-06-30 22:00:00,Asia/Bangkok,74.49796055045869,3.362068965517242,2.612068965517242,28.11659192660551
12065,2022-06-30 23:00:00,Asia/Bangkok,74.93168776785716,2.669565217391304,1.773913043478261,28.02124891891892
12066,2022-07-01 00:00:00,Asia/Bangkok,79.03655263157896,2.905172413793104,2.129310344827586,27.22621184210525
12067,2022-07-01 01:00:00,Asia/Bangkok,81.76176196428571,4.586206896551724,3.724137931034483,26.75030866071427
12068,2022-07-01 02:00:00,Asia/Bangkok,84.29459701754385,5.181034482758621,4.224137931034483,26.17639719298244
12069,2022-07-01 03:00:00,Asia/Bangkok,85.33166709090912,5.448275862068965,4.543103448275862,25.95306454545455
12070,2022-07-01 04:00:00,Asia/Bangkok,85.53463095652178,4.974137931034483,4.086206896551724,25.98497904347824
12071,2022-07-01 05:00:00,Asia/Bangkok,85.58497821428571,5.165217391304348,4.017391304347826,26.05184423423423
12072,2022-07-01 06:00:00,Asia/Bangkok,87.1178276521739,6.5,5.353448275862069,25.68192219298244
12073,2022-07-01 07:00:00,Asia/Bangkok,87.62650000000001,9.60344827586207,8.318965517241379,25.79796263157894
12074,2022-07-01 08:00:00,Asia/Bangkok,86.49469570175442,10.09565217391304,8.939130434782609,26.51241315789473
12075,2022-07-01 09:00:00,Asia/Bangkok,79.3588045945946,7.818965517241379,6.724137931034483,28.35732594594595
12076,2022-07-01 10:00:00,Asia/Bangkok,72.07388657657657,4.75,3.896551724137931,30.42901909909909
12077,2022-07-01 11:00:00,Asia/Bangkok,64.20419381818182,5.669565217391304,4.965217391304348,32.89174436363637
12078,2022-07-01 12:00:00,Asia/Bangkok,62.34104705357142,5.112068965517241,4.448275862068965,33.55175303571428
12079,2022-07-01 13:00:00,Asia/Bangkok,60.9186747787611,4.913043478260869,4.191304347826087,33.84077424778761
12080,2022-07-01 14:00:00,Asia/Bangkok,62.40224651376146,5.321428571428571,4.553571428571429,33.54738000000001
12081,2022-07-01 15:00:00,Asia/Bangkok,57.37833823008852,3.095652173913043,2.452173913043478,33.63704876106193
12082,2022-07-01 16:00:00,Asia/Bangkok,61.04861304347827,2.575221238938053,2.061946902654867,32.67053130434783
12083,2022-07-01 17:00:00,Asia/Bangkok,61.87796052173913,3.826086956521739,3.191304347826087,31.62803513043477
12084,2022-07-01 18:00:00,Asia/Bangkok,67.9294348181818,8.702702702702704,7.837837837837838,30.2972988181818
12085,2022-07-01 19:00:00,Asia/Bangkok,71.41929999999998,8.283333333333333,7.225,29.77984286956522
12086,2022-07-01 20:00:00,Asia/Bangkok,75.52953113043475,14.48717948717949,13.2051282051282,28.94749026086957
12087,2022-07-01 21:00:00,Asia/Bangkok,76.52954017391308,12.96551724137931,11.89655172413793,28.53402860869564
12088,2022-07-01 22:00:00,Asia/Bangkok,78.01424278260873,11.54310344827586,10.4051724137931,28.29147139130433
12089,2022-07-01 23:00:00,Asia/Bangkok,80.84176279279278,10.84347826086957,9.704347826086957,27.80367846846848
12090,2022-07-02 00:00:00,Asia/Bangkok,81.98791300884957,9.844827586206897,8.956896551724139,27.55961707964602
12091,2022-07-02 01:00:00,Asia/Bangkok,81.0921110344828,7.896551724137931,7.017241379310345,27.61634827586209
12092,2022-07-02 02:00:00,Asia/Bangkok,84.37648695652169,3.112068965517242,2.706896551724138,26.15569678260869
12093,2022-07-02 03:00:00,Asia/Bangkok,87.31674069565216,1.163793103448276,0.9224137931034483,25.6041755263158
12094,2022-07-02 04:00:00,Asia/Bangkok,89.26328162393163,4.410256410256411,4.076923076923077,25.26208051282051
12095,2022-07-02 05:00:00,Asia/Bangkok,90.16430853448274,4.267241379310345,3.862068965517242,25.12074408695653
12096,2022-07-02 06:00:00,Asia/Bangkok,90.52312780701749,5.267241379310345,4.793103448275862,25.08469956140353
12097,2022-07-02 07:00:00,Asia/Bangkok,90.45762778761063,3.96551724137931,3.482758620689655,25.19082044247788
12098,2022-07-02 08:00:00,Asia/Bangkok,88.84665008695649,2.897435897435897,2.299145299145299,25.97488113043479
12099,2022-07-02 09:00:00,Asia/Bangkok,87.30645309734523,3.517241379310345,2.793103448275862,26.93542265486726
12100,2022-07-02 10:00:00,Asia/Bangkok,83.52842575221237,3.767241379310345,3.232758620689655,27.98919535714286
12101,2022-07-02 11:00:00,Asia/Bangkok,78.43861008849558,5.905172413793103,5.293103448275862,29.28195566371681
12102,2022-07-02 12:00:00,Asia/Bangkok,72.74907324561404,10.57391304347826,9.330434782608696,30.31111885964912
12103,2022-07-02 13:00:00,Asia/Bangkok,70.7628243478261,3.525862068965517,3.129310344827586,30.56110886956522
12104,2022-07-02 14:00:00,Asia/Bangkok,70.68139482456138,4.689655172413793,4.129310344827586,30.76013307017544
12105,2022-07-02 15:00:00,Asia/Bangkok,67.87078071428574,3.495726495726496,3.086206896551724,31.6684836936937
12106,2022-07-02 16:00:00,Asia/Bangkok,66.14650955752214,2.113043478260869,1.741379310344828,31.87567300884955
12107,2022-07-02 17:00:00,Asia/Bangkok,66.06714660869564,1.948275862068966,1.698275862068966,31.2797303478261
12108,2022-07-02 18:00:00,Asia/Bangkok,70.03798780701753,4.560344827586207,4.077586206896552,30.59452622807017
12109,2022-07-02 19:00:00,Asia/Bangkok,74.06964824561403,14.38793103448276,12.87931034482759,29.93387842105264
12110,2022-07-02 20:00:00,Asia/Bangkok,77.00385592920357,23.25,21.46551724137931,28.94752628318584
12111,2022-07-02 21:00:00,Asia/Bangkok,78.04155809090908,13.87931034482759,13.16379310344828,28.53570918181819
12112,2022-07-02 22:00:00,Asia/Bangkok,78.32384877192985,9.803418803418804,9.213675213675213,28.58887649122808
12113,2022-07-02 23:00:00,Asia/Bangkok,80.07707052631578,9.051724137931034,8.422413793103448,28.30483587719296
12114,2022-07-03 00:00:00,Asia/Bangkok,82.52429191304346,10.6578947368421,10.04385964912281,27.86494078260868
12115,2022-07-03 01:00:00,Asia/Bangkok,84.1299232142857,11.25,10.58620689655172,27.57403124999999
12116,2022-07-03 02:00:00,Asia/Bangkok,84.22597359649124,10.10434782608696,9.582608695652175,27.60141666666666
12117,2022-07-03 03:00:00,Asia/Bangkok,84.55717336206898,9.387931034482758,8.939655172413794,27.25248008695653
12118,2022-07-03 04:00:00,Asia/Bangkok,83.77381896551725,7.422413793103448,6.836206896551724,27.13487913793103
12119,2022-07-03 05:00:00,Asia/Bangkok,85.01485666666666,7.629310344827586,7.103448275862069,27.20215261261263
12120,2022-07-03 06:00:00,Asia/Bangkok,87.05215710526319,7.732758620689655,7.267241379310345,27.04043605263158
12121,2022-07-03 07:00:00,Asia/Bangkok,87.43026114035088,10.60344827586207,9.991379310344827,26.8039040350877
12122,2022-07-03 08:00:00,Asia/Bangkok,85.87256877192986,13.06896551724138,12.18103448275862,27.35066210526316
12123,2022-07-03 09:00:00,Asia/Bangkok,82.12009663793108,12.39316239316239,11.56410256410256,29.01631301724138
12124,2022-07-03 10:00:00,Asia/Bangkok,74.98985243478262,8.275862068965518,7.482758620689655,30.68373756521741
12125,2022-07-03 11:00:00,Asia/Bangkok,69.3706871681416,7.043103448275862,6.431034482758621,31.79461442477876
12126,2022-07-03 12:00:00,Asia/Bangkok,63.74632843478264,6.811965811965812,6.29059829059829,33.11857289473684
12127,2022-07-03 13:00:00,Asia/Bangkok,61.40072447368423,8.043103448275861,7.448275862068965,33.84244368421052
12128,2022-07-03 14:00:00,Asia/Bangkok,59.74443810344827,10.11965811965812,9.435897435897436,34.46597258620689
12129,2022-07-03 15:00:00,Asia/Bangkok,77.86195486725663,16.43965517241379,15.37931034482759,31.14307911504424
12130,2022-07-03 16:00:00,Asia/Bangkok,84.72517539130435,11.29310344827586,10.70689655172414,29.43604278260868
12131,2022-07-03 17:00:00,Asia/Bangkok,83.88557290598293,23.22222222222222,22.07692307692308,30.48334811965813
12132,2022-07-03 18:00:00,Asia/Bangkok,85.73439389380535,10.61206896551724,10.18965517241379,29.23006230088497
12133,2022-07-03 19:00:00,Asia/Bangkok,85.33555692982459,11.49137931034483,10.83620689655172,28.97920834782607
12134,2022-07-03 20:00:00,Asia/Bangkok,86.67083482142856,24.52991452991453,22.16239316239316,28.56816117117117
12135,2022-07-03 21:00:00,Asia/Bangkok,88.15694769911505,25.60344827586207,24.26724137931035,27.97368274336281
12136,2022-07-03 22:00:00,Asia/Bangkok,89.0482242982456,24.86206896551724,23.26724137931035,27.78110412280703
12137,2022-07-03 23:00:00,Asia/Bangkok,89.2088875892857,24.91452991452991,23.26495726495726,27.61575589285716
12138,2022-07-04 00:00:00,Asia/Bangkok,88.87489817391301,23.97413793103448,22.56896551724138,27.54840113043479
12139,2022-07-04 01:00:00,Asia/Bangkok,88.49962955357144,23.87068965517241,22.61206896551724,27.07613375
12140,2022-07-04 02:00:00,Asia/Bangkok,88.35504469026547,23.38938053097345,22.0353982300885,26.56304256637168
12141,2022-07-04 03:00:00,Asia/Bangkok,88.92604421052631,24.55652173913044,23.36521739130435,26.28039956140352
12142,2022-07-04 04:00:00,Asia/Bangkok,89.76839112068967,31.27350427350427,29.17948717948718,25.99561408695653
12143,2022-07-04 05:00:00,Asia/Bangkok,90.15230736842102,32.31034482758621,30.23275862068965,26.14500868421053
12144,2022-07-04 06:00:00,Asia/Bangkok,89.32596699999998,33.86206896551724,31.30172413793104,26.39546572727273
12145,2022-07-04 07:00:00,Asia/Bangkok,89.89706982142853,35.42241379310344,32.0948275862069,26.20693946428575
12146,2022-07-04 08:00:00,Asia/Bangkok,88.86388649122803,28.56896551724138,27.10344827586207,27.00923692982456
12147,2022-07-04 09:00:00,Asia/Bangkok,82.39215069565219,15.23931623931624,14.36752136752137,28.82465400000002
12148,2022-07-04 10:00:00,Asia/Bangkok,78.27754303571432,9.830357142857142,9.142857142857142,29.14816580357142
12149,2022-07-04 11:00:00,Asia/Bangkok,86.98106903508773,2.429824561403509,2.06140350877193,25.98461999999999
12150,2022-07-04 12:00:00,Asia/Bangkok,89.32861552631579,0.7931034482758621,0.4827586206896552,25.22967035087718
12151,2022-07-04 13:00:00,Asia/Bangkok,90.12813318181816,1.414414414414414,1.036036036036036,25.70967119266053
12152,2022-07-04 14:00:00,Asia/Bangkok,87.11708617391308,2.286956521739131,1.808695652173913,26.46146017391306
12153,2022-07-04 15:00:00,Asia/Bangkok,85.16613725663721,1.646551724137931,1.189655172413793,25.98963956140351
12154,2022-07-04 16:00:00,Asia/Bangkok,82.21529805309737,3.560344827586207,2.914529914529914,26.17813946428572
12155,2022-07-04 17:00:00,Asia/Bangkok,80.22129362068968,5.318965517241379,4.189655172413793,26.61605784482758
12156,2022-07-04 18:00:00,Asia/Bangkok,82.23433526315783,6.0,4.829059829059829,26.44664096491227
12157,2022-07-04 19:00:00,Asia/Bangkok,81.90888956140347,5.137931034482759,4.086206896551724,26.42302912280702
12158,2022-07-04 20:00:00,Asia/Bangkok,81.64965008928574,1.791304347826087,1.327586206896552,25.99586562500001
12159,2022-07-04 21:00:00,Asia/Bangkok,84.11681705357144,2.222222222222222,1.717948717948718,25.67564669642854
12160,2022-07-04 22:00:00,Asia/Bangkok,83.39158776785719,2.530434782608696,2.0,25.74668513513514
12161,2022-07-04 23:00:00,Asia/Bangkok,84.40369982456143,3.698275862068965,2.905172413793104,25.59504140350876
12162,2022-07-05 00:00:00,Asia/Bangkok,86.41708948275863,3.350427350427351,2.521367521367521,25.17743706896553
12163,2022-07-05 01:00:00,Asia/Bangkok,87.21770562500001,4.077586206896552,3.258620689655173,24.98702946428569
12164,2022-07-05 02:00:00,Asia/Bangkok,87.35855357142857,4.810344827586207,3.775862068965517,25.08869187500003
12165,2022-07-05 03:00:00,Asia/Bangkok,87.7608183333334,4.75,3.603448275862069,25.24812956140352
12166,2022-07-05 04:00:00,Asia/Bangkok,88.99786610619468,4.96551724137931,4.0,25.08051000000002
12167,2022-07-05 05:00:00,Asia/Bangkok,86.87308553571434,4.068965517241379,2.982758620689655,25.66238774774775
12168,2022-07-05 06:00:00,Asia/Bangkok,88.54564852173911,5.198275862068965,3.931034482758621,25.44977704347829
12169,2022-07-05 07:00:00,Asia/Bangkok,90.24140616071429,5.982758620689655,4.732758620689655,25.27521116071428
12170,2022-07-05 08:00:00,Asia/Bangkok,89.85505796460173,6.565217391304348,5.173913043478261,25.90322850877194
12171,2022-07-05 09:00:00,Asia/Bangkok,86.3704697391304,4.863247863247863,3.581196581196581,27.16170289473684
12172,2022-07-05 10:00:00,Asia/Bangkok,80.22120238938054,3.815789473684211,2.852173913043478,28.69382088495576
12173,2022-07-05 11:00:00,Asia/Bangkok,69.690750877193,1.655172413793103,0.853448275862069,30.23803657894738
12174,2022-07-05 12:00:00,Asia/Bangkok,69.50950410714286,2.095652173913043,1.339130434782609,31.01853901785713
12175,2022-07-05 13:00:00,Asia/Bangkok,67.86719365217392,1.982758620689655,1.379310344827586,31.3280443859649
12176,2022-07-05 14:00:00,Asia/Bangkok,65.04880877192984,2.017241379310345,1.318965517241379,32.59003473684208
12177,2022-07-05 15:00:00,Asia/Bangkok,66.64590374999999,4.577586206896552,3.706896551724138,32.67385126126127
12178,2022-07-05 16:00:00,Asia/Bangkok,67.2493983035714,2.394736842105263,1.706896551724138,32.16606482142858
12179,2022-07-05 17:00:00,Asia/Bangkok,66.7753431858407,2.069565217391304,1.365217391304348,31.66154707964601
12180,2022-07-05 18:00:00,Asia/Bangkok,70.22760931034483,3.427350427350427,2.444444444444445,30.7580434782609
12181,2022-07-05 19:00:00,Asia/Bangkok,70.46893377192983,3.017241379310345,2.25,30.08222210526317
12182,2022-07-05 20:00:00,Asia/Bangkok,72.70776684210529,3.608695652173913,2.895652173913044,29.09216131578946
12183,2022-07-05 21:00:00,Asia/Bangkok,75.22078226086957,1.608695652173913,1.191304347826087,28.29183447368419
12184,2022-07-05 22:00:00,Asia/Bangkok,76.7059354054054,2.070175438596491,1.570175438596491,27.86973945945946
12185,2022-07-05 23:00:00,Asia/Bangkok,78.56586434782608,2.982608695652174,2.243478260869565,27.40255974137929
12186,2022-07-06 00:00:00,Asia/Bangkok,84.74416350877199,3.241379310344827,2.517241379310345,26.26464867256637
12187,2022-07-06 01:00:00,Asia/Bangkok,86.53151500000001,2.782608695652174,2.234782608695652,25.91830468468468
12188,2022-07-06 02:00:00,Asia/Bangkok,84.68141548672564,3.991452991452991,3.307692307692307,26.44958769911506
12189,2022-07-06 03:00:00,Asia/Bangkok,84.01178321739131,6.991379310344827,6.224137931034483,26.75882278260871
12190,2022-07-06 04:00:00,Asia/Bangkok,86.25216687500003,5.113043478260869,4.460869565217391,26.27146144144147
12191,2022-07-06 05:00:00,Asia/Bangkok,87.68201018018016,4.854700854700854,4.094017094017094,26.05872513513513
12192,2022-07-06 06:00:00,Asia/Bangkok,88.66583704347829,6.474137931034483,5.672413793103448,25.84230307017544
12193,2022-07-06 07:00:00,Asia/Bangkok,87.79096114035089,3.896551724137931,3.258620689655173,25.42961982456141
12194,2022-07-06 08:00:00,Asia/Bangkok,89.53619893805309,1.28448275862069,1.025862068965517,24.46023849557521
12195,2022-07-06 09:00:00,Asia/Bangkok,90.45571375,7.336206896551724,6.405172413793103,25.31630234234236
12196,2022-07-06 10:00:00,Asia/Bangkok,86.44136330434787,3.077586206896552,2.387931034482758,26.83592236842106
12197,2022-07-06 11:00:00,Asia/Bangkok,74.17612196428573,2.241379310344827,1.568965517241379,30.42920758928571
12198,2022-07-06 12:00:00,Asia/Bangkok,67.62887707964603,2.456896551724138,1.629310344827586,32.18500318584071
12199,2022-07-06 13:00:00,Asia/Bangkok,68.43859070796461,3.887931034482758,3.025862068965517,32.28482238938053
12200,2022-07-06 14:00:00,Asia/Bangkok,63.08491125000002,2.982758620689655,2.396551724137931,33.8075307142857
12201,2022-07-06 15:00:00,Asia/Bangkok,77.39365999999998,0.2068965517241379,0.02586206896551724,28.46146240740738
12202,2022-07-06 16:00:00,Asia/Bangkok,79.31538353982299,0.5811965811965812,0.2991452991452991,28.22909141592922
12203,2022-07-06 17:00:00,Asia/Bangkok,79.04759596491228,1.931034482758621,1.431034482758621,27.97516850877193
12204,2022-07-06 18:00:00,Asia/Bangkok,81.55350070175439,6.373913043478261,5.71304347826087,27.60802245614036
12205,2022-07-06 19:00:00,Asia/Bangkok,79.85732238938057,3.836206896551724,3.172413793103448,27.69412876106195
12206,2022-07-06 20:00:00,Asia/Bangkok,83.32000105263157,9.52991452991453,8.581196581196581,27.21653798245615
12207,2022-07-06 21:00:00,Asia/Bangkok,84.42419551724139,7.456896551724138,6.71551724137931,26.99403973913044
12208,2022-07-06 22:00:00,Asia/Bangkok,84.43725895652176,5.547008547008547,4.939655172413793,26.83191930434783
12209,2022-07-06 23:00:00,Asia/Bangkok,85.29164131578949,5.318965517241379,4.581196581196581,26.56055114035086
12210,2022-07-07 00:00:00,Asia/Bangkok,86.24965123893806,5.060344827586207,4.387931034482759,26.43042247787611
12211,2022-07-07 01:00:00,Asia/Bangkok,86.4503079130435,5.568965517241379,4.732758620689655,26.17647530434783
12212,2022-07-07 02:00:00,Asia/Bangkok,86.38210086206901,6.137931034482759,5.387931034482759,25.99527318965515
12213,2022-07-07 03:00:00,Asia/Bangkok,87.37694637931033,7.316239316239316,6.145299145299146,25.81988629310345
12214,2022-07-07 04:00:00,Asia/Bangkok,88.92400389380538,13.45689655172414,12.11304347826087,25.50389132743364
12215,2022-07-07 05:00:00,Asia/Bangkok,89.7562404424779,17.3448275862069,15.33333333333333,25.30430071428571
12216,2022-07-07 06:00:00,Asia/Bangkok,90.13201522123893,15.96521739130435,14.45217391304348,25.2066056637168
12217,2022-07-07 07:00:00,Asia/Bangkok,90.5400256637168,9.905172413793103,8.672413793103448,25.20138362831858
12218,2022-07-07 08:00:00,Asia/Bangkok,88.08538330434789,7.973913043478261,6.756521739130434,26.50943391304349
12219,2022-07-07 09:00:00,Asia/Bangkok,80.19053763157898,5.904347826086957,4.982608695652174,28.85511219298244
12220,2022-07-07 10:00:00,Asia/Bangkok,73.19019513274336,4.582608695652174,3.678260869565217,30.52363345132742
12221,2022-07-07 11:00:00,Asia/Bangkok,66.3605007079646,4.905172413793103,3.982758620689655,32.33861223214286
12222,2022-07-07 12:00:00,Asia/Bangkok,61.74541637168139,5.103448275862069,4.293103448275862,34.27844690265488
12223,2022-07-07 13:00:00,Asia/Bangkok,60.5971495614035,5.318965517241379,4.456896551724138,34.39492026315791
12224,2022-07-07 14:00:00,Asia/Bangkok,59.37440723214286,5.603448275862069,4.758620689655173,34.71336803571428
12225,2022-07-07 15:00:00,Asia/Bangkok,56.85477344827585,5.956896551724138,4.939655172413793,35.26969267241379
12226,2022-07-07 16:00:00,Asia/Bangkok,57.4057706837607,6.085470085470085,5.29059829059829,35.34063205128205
12227,2022-07-07 17:00:00,Asia/Bangkok,60.30131219298247,7.370689655172414,6.318965517241379,34.21137157894736
12228,2022-07-07 18:00:00,Asia/Bangkok,63.62293245614031,8.362068965517242,7.379310344827586,32.77077429824564
12229,2022-07-07 19:00:00,Asia/Bangkok,68.85826743589743,25.90598290598291,23.09401709401709,31.24751034482759
12230,2022-07-07 20:00:00,Asia/Bangkok,70.95292616071428,24.12931034482759,21.08620689655172,30.29771660714283
12231,2022-07-07 21:00:00,Asia/Bangkok,74.44445063063063,38.70689655172414,32.57758620689656,30.04119567567569
12232,2022-07-07 22:00:00,Asia/Bangkok,78.09721410714285,33.21739130434783,28.92241379310345,29.35232687499999
12233,2022-07-07 23:00:00,Asia/Bangkok,81.2273855555556,16.57264957264957,15.22413793103448,28.37771427350426
12234,2022-07-08 00:00:00,Asia/Bangkok,80.81804765765766,12.74336283185841,11.37719298245614,27.99396819819819
12235,2022-07-08 01:00:00,Asia/Bangkok,83.51461704347822,11.46551724137931,10.37068965517241,27.48860833333332
12236,2022-07-08 02:00:00,Asia/Bangkok,85.7583871428571,12.5,11.39655172413793,27.11504267857141
12237,2022-07-08 03:00:00,Asia/Bangkok,83.57211000000001,10.21367521367521,9.155172413793103,26.91586850877191
12238,2022-07-08 04:00:00,Asia/Bangkok,83.56694886956524,10.10344827586207,8.923076923076923,26.81912408695654
12239,2022-07-08 05:00:00,Asia/Bangkok,85.25314132743367,11.50862068965517,10.25,26.47121026548674
12240,2022-07-08 06:00:00,Asia/Bangkok,87.59046200000006,12.88793103448276,11.63793103448276,26.10701275862069
12241,2022-07-08 07:00:00,Asia/Bangkok,88.26731324786326,14.49122807017544,13.16666666666667,26.04902431034481
12242,2022-07-08 08:00:00,Asia/Bangkok,87.87026592920354,15.53448275862069,14.02586206896552,26.66233946902652
12243,2022-07-08 09:00:00,Asia/Bangkok,82.17610913043478,11.92173913043478,10.41739130434783,28.23353747826089
12244,2022-07-08 10:00:00,Asia/Bangkok,77.07060619469027,9.939655172413794,8.706896551724139,29.74007151785715
12245,2022-07-08 11:00:00,Asia/Bangkok,72.35161640350879,10.73275862068965,9.301724137931034,31.07923701754385
12246,2022-07-08 12:00:00,Asia/Bangkok,68.45635035714284,10.0,8.726190476190476,32.19103571428572
12247,2022-07-08 13:00:00,Asia/Bangkok,63.41231594594597,7.104347826086957,6.103448275862069,33.01960454545456
12248,2022-07-08 14:00:00,Asia/Bangkok,61.43124260869568,6.827586206896552,5.551724137931035,33.77706736842105
12249,2022-07-08 15:00:00,Asia/Bangkok,60.25570962616823,7.278260869565218,6.068965517241379,34.18381065420561
12250,2022-07-08 16:00:00,Asia/Bangkok,60.66461008620688,7.198275862068965,5.870689655172414,33.43969094827585
12251,2022-07-08 17:00:00,Asia/Bangkok,60.3927809090909,8.955357142857142,7.517857142857143,33.28955245454542
12252,2022-07-08 18:00:00,Asia/Bangkok,59.31195309734515,11.56034482758621,10.07758620689655,32.71209831858407
12253,2022-07-08 19:00:00,Asia/Bangkok,62.37671491071425,15.02678571428571,13.27678571428571,31.42438151785712
12254,2022-07-08 20:00:00,Asia/Bangkok,68.28480392857139,13.91304347826087,12.06086956521739,29.87900053571428
12255,2022-07-08 21:00:00,Asia/Bangkok,77.2664796491228,13.05217391304348,10.30434782608696,27.38153447368422
12256,2022-07-08 22:00:00,Asia/Bangkok,82.81932260869564,7.991379310344827,7.03448275862069,26.38088582608695
12257,2022-07-08 23:00:00,Asia/Bangkok,84.62112008849554,5.28448275862069,4.487179487179487,26.25701548672567
12258,2022-07-09 00:00:00,Asia/Bangkok,85.78299398230088,5.991304347826087,5.078260869565217,26.03346380530974
12259,2022-07-09 01:00:00,Asia/Bangkok,85.22413601769914,4.793103448275862,4.146551724137931,25.93738053097345
12260,2022-07-09 02:00:00,Asia/Bangkok,84.71234330357142,4.310344827586207,3.758620689655173,25.83762732142858
12261,2022-07-09 03:00:00,Asia/Bangkok,85.56153833333332,5.517241379310345,4.663793103448276,25.67786575221243
12262,2022-07-09 04:00:00,Asia/Bangkok,85.62142357142855,6.782608695652174,5.956521739130435,25.77559035714288
12263,2022-07-09 05:00:00,Asia/Bangkok,86.48742696428569,6.258620689655173,5.439655172413793,25.49055526785714
12264,2022-07-09 06:00:00,Asia/Bangkok,86.79956239316235,6.273504273504273,5.367521367521367,25.29784615384618
12265,2022-07-09 07:00:00,Asia/Bangkok,86.36095189189192,7.31304347826087,6.234782608695652,25.42821684684687
12266,2022-07-09 08:00:00,Asia/Bangkok,85.41173324561403,7.310344827586207,6.137931034482759,26.17246377192983
12267,2022-07-09 09:00:00,Asia/Bangkok,80.69975173913048,6.675213675213675,5.418803418803419,27.86612130434783
12268,2022-07-09 10:00:00,Asia/Bangkok,77.68467,6.956896551724138,5.663793103448276,29.14812486486482
12269,2022-07-09 11:00:00,Asia/Bangkok,73.1230045535714,7.741379310344827,6.551724137931035,30.72778303571429
12270,2022-07-09 12:00:00,Asia/Bangkok,63.30826243478258,7.827586206896552,6.905172413793103,33.58215930434781
12271,2022-07-09 13:00:00,Asia/Bangkok,60.80334705357143,7.230769230769231,6.222222222222222,33.99760142857143
12272,2022-07-09 14:00:00,Asia/Bangkok,62.77665645454547,9.706896551724139,8.53448275862069,32.74077245454546
12273,2022-07-09 15:00:00,Asia/Bangkok,65.91186267857144,9.939655172413794,8.939655172413794,31.85485267857143
12274,2022-07-09 16:00:00,Asia/Bangkok,71.68595,5.474137931034483,4.655172413793103,30.16660594594594
12275,2022-07-09 17:00:00,Asia/Bangkok,74.73411285714289,7.793103448275862,6.887931034482759,29.19968964285716
12276,2022-07-09 18:00:00,Asia/Bangkok,73.6474560526316,5.560344827586207,4.75,28.66638631578947
12277,2022-07-09 19:00:00,Asia/Bangkok,79.42807017699113,29.81196581196581,25.64102564102564,26.13481946902655
12278,2022-07-09 20:00:00,Asia/Bangkok,83.35017122807022,3.53448275862069,3.077586206896552,25.10322106194689
12279,2022-07-09 21:00:00,Asia/Bangkok,87.0107636521739,4.03448275862069,3.379310344827586,24.43653745614036
12280,2022-07-09 22:00:00,Asia/Bangkok,86.2856354700854,4.256410256410256,3.487179487179487,24.62101940170941
12281,2022-07-09 23:00:00,Asia/Bangkok,86.51090298245619,4.870689655172414,4.146551724137931,24.54552745614032
12282,2022-07-10 00:00:00,Asia/Bangkok,85.8841958558559,4.341880341880342,3.641025641025641,24.77374027027028
12283,2022-07-10 01:00:00,Asia/Bangkok,85.9440518584071,7.637931034482759,6.629310344827586,24.75661473214286
12284,2022-07-10 02:00:00,Asia/Bangkok,84.45566424778767,5.206896551724138,4.456896551724138,25.10082830357145
12285,2022-07-10 03:00:00,Asia/Bangkok,85.94007702702704,5.285714285714286,4.401785714285714,24.70496189189189
12286,2022-07-10 04:00:00,Asia/Bangkok,86.95516780701756,5.521739130434782,4.556521739130435,24.77407245614034
12287,2022-07-10 05:00:00,Asia/Bangkok,88.49285217391301,6.620689655172414,5.758620689655173,24.56120643478263
12288,2022-07-10 06:00:00,Asia/Bangkok,89.30162145454553,7.591304347826087,6.443478260869565,24.74847545454543
12289,2022-07-10 07:00:00,Asia/Bangkok,89.4611295614035,10.49137931034483,9.206896551724139,24.96727561403509
12290,2022-07-10 08:00:00,Asia/Bangkok,88.29511201754386,50.49137931034483,45.20689655172414,25.88652754385966
12291,2022-07-10 09:00:00,Asia/Bangkok,81.41149879310346,11.27586206896552,9.387931034482758,27.89663982758619
12292,2022-07-10 10:00:00,Asia/Bangkok,71.17740771929823,5.241379310344827,3.896551724137931,30.10740263157895
12293,2022-07-10 11:00:00,Asia/Bangkok,67.36326857142858,4.939655172413793,3.931034482758621,31.38894937499998
12294,2022-07-10 12:00:00,Asia/Bangkok,68.91147204081634,7.793814432989691,6.614583333333333,31.20851336734692
12295,2022-07-10 13:00:00,Asia/Bangkok,66.49906736363636,7.565217391304348,6.28695652173913,32.25753909090911
12296,2022-07-10 14:00:00,Asia/Bangkok,64.66067137931034,4.871794871794871,3.777777777777778,32.30432304347826
12297,2022-07-10 15:00:00,Asia/Bangkok,63.97043972477064,4.905172413793103,3.775862068965517,32.57589302752294
12298,2022-07-10 16:00:00,Asia/Bangkok,63.36891408695652,4.301724137931035,3.129310344827586,32.47566556521741
12299,2022-07-10 17:00:00,Asia/Bangkok,66.7175304385965,6.791304347826087,5.469565217391304,31.65380245614035
12300,2022-07-10 18:00:00,Asia/Bangkok,72.55221859649126,12.98275862068965,11.24137931034483,30.25028443478262
12301,2022-07-10 19:00:00,Asia/Bangkok,75.97809382608698,13.31623931623932,11.23931623931624,29.33553543859647
12302,2022-07-10 20:00:00,Asia/Bangkok,79.2103847368421,57.46551724137931,49.07758620689656,28.73818254385966
12303,2022-07-10 21:00:00,Asia/Bangkok,82.04727903508773,39.87931034482759,33.68103448275862,28.19795271929825
12304,2022-07-10 22:00:00,Asia/Bangkok,82.70277081081079,20.92307692307692,18.22222222222222,27.78953513513513
12305,2022-07-10 23:00:00,Asia/Bangkok,81.15919,8.189655172413794,6.96551724137931,27.89302166666667
12306,2022-07-11 00:00:00,Asia/Bangkok,79.08344801724142,6.879310344827586,5.775862068965517,28.12110330434784
12307,2022-07-11 01:00:00,Asia/Bangkok,78.17834419642857,5.568965517241379,4.491379310344827,28.14891178571431
12308,2022-07-11 02:00:00,Asia/Bangkok,77.95503539130429,4.551724137931035,3.456896551724138,28.17894330434781
12309,2022-07-11 03:00:00,Asia/Bangkok,78.762078245614,4.672413793103448,3.543103448275862,28.03829570175438
12310,2022-07-11 04:00:00,Asia/Bangkok,80.24214885964909,4.913793103448276,3.620689655172414,27.77976789473685
12311,2022-07-11 05:00:00,Asia/Bangkok,84.38605382608695,7.241379310344827,5.956896551724138,26.94957347826088
12312,2022-07-11 06:00:00,Asia/Bangkok,86.02450139130434,7.181034482758621,5.948275862068965,26.67876439655174
12313,2022-07-11 07:00:00,Asia/Bangkok,82.83145681034482,5.871794871794871,4.555555555555555,27.20639034782608
12314,2022-07-11 08:00:00,Asia/Bangkok,81.25313669565217,6.327586206896552,4.948275862068965,27.6021087826087
12315,2022-07-11 09:00:00,Asia/Bangkok,77.81493691588788,5.75,4.5,28.53479149532712
12316,2022-07-11 10:00:00,Asia/Bangkok,74.73916695652173,5.717948717948718,4.418803418803419,29.8048971304348
12317,2022-07-11 11:00:00,Asia/Bangkok,70.9486560550459,6.467889908256881,5.394495412844036,31.74637779816512
12318,2022-07-11 12:00:00,Asia/Bangkok,66.64290053097346,6.964912280701754,5.669565217391304,33.09473778761061
12319,2022-07-11 13:00:00,Asia/Bangkok,78.46465378378376,6.129310344827586,4.767241379310345,28.84221500000001
12320,2022-07-11 14:00:00,Asia/Bangkok,84.27031964285717,4.157894736842105,3.517543859649123,27.21141410714284
12321,2022-07-11 15:00:00,Asia/Bangkok,85.37219776785714,5.508620689655173,4.560344827586207,27.17276366071429
12322,2022-07-11 16:00:00,Asia/Bangkok,86.53660350877195,7.155172413793103,6.147826086956521,27.00478464912279
12323,2022-07-11 17:00:00,Asia/Bangkok,85.77838814159293,6.163793103448276,5.17948717948718,26.79867061946903
12324,2022-07-11 18:00:00,Asia/Bangkok,85.31561350877192,5.730434782608696,4.678260869565217,26.53379991228069
12325,2022-07-11 19:00:00,Asia/Bangkok,84.0900225862069,5.205128205128205,4.401709401709402,26.47643931034482
12326,2022-07-11 20:00:00,Asia/Bangkok,84.56939403508771,6.439655172413793,5.293103448275862,26.43798433628319
12327,2022-07-11 21:00:00,Asia/Bangkok,87.19105930434786,9.491379310344827,8.448275862068966,26.18239704347827
12328,2022-07-11 22:00:00,Asia/Bangkok,86.0541372807018,6.017241379310345,5.137931034482759,25.94337499999999
12329,2022-07-11 23:00:00,Asia/Bangkok,85.70055433628323,3.362068965517242,2.75,25.67002026548677
12330,2022-07-12 00:00:00,Asia/Bangkok,87.17616609090912,3.442477876106194,2.707964601769912,25.34146036697249
12331,2022-07-12 01:00:00,Asia/Bangkok,90.1051014655172,3.974358974358974,3.324786324786325,24.84024008695655
12332,2022-07-12 02:00:00,Asia/Bangkok,87.69856482456142,4.620689655172414,3.327586206896552,25.49994283185841
12333,2022-07-12 03:00:00,Asia/Bangkok,84.56672964601772,4.172413793103448,2.853448275862069,26.26372796460177
12334,2022-07-12 04:00:00,Asia/Bangkok,83.11980052631584,4.508620689655173,3.181034482758621,26.47826219298246
12335,2022-07-12 05:00:00,Asia/Bangkok,80.0660876106195,2.767241379310345,1.991379310344828,26.53415151785714
12336,2022-07-12 06:00:00,Asia/Bangkok,83.14470083333329,1.78448275862069,1.267241379310345,25.80873916666666
12337,2022-07-12 07:00:00,Asia/Bangkok,86.44782149122807,0.1724137931034483,0.05172413793103448,24.36111359649122
12338,2022-07-12 08:00:00,Asia/Bangkok,85.8301971171171,0.6086956521739131,0.3478260869565217,24.67525378378378
12339,2022-07-12 09:00:00,Asia/Bangkok,80.91258724770644,0.396551724137931,0.146551724137931,25.67348733944954
12340,2022-07-12 10:00:00,Asia/Bangkok,76.72414219298244,1.051724137931034,0.6206896551724138,27.18334614035087
12341,2022-07-12 11:00:00,Asia/Bangkok,76.09792965811967,1.393162393162393,0.9572649572649573,27.80966956896552
12342,2022-07-12 12:00:00,Asia/Bangkok,70.19480345454546,1.808695652173913,1.356521739130435,29.78576336363638
12343,2022-07-12 13:00:00,Asia/Bangkok,70.15713306306306,1.655172413793103,1.21551724137931,29.53265432432432
12344,2022-07-12 14:00:00,Asia/Bangkok,78.39560577586207,1.324786324786325,0.9396551724137931,26.60680181034483
12345,2022-07-12 15:00:00,Asia/Bangkok,84.23555583333331,1.939393939393939,1.57,25.872198125
12346,2022-07-12 16:00:00,Asia/Bangkok,82.21649307017546,2.068965517241379,1.53448275862069,26.45443859649122
12347,2022-07-12 17:00:00,Asia/Bangkok,83.11959883928573,3.053097345132743,2.584070796460177,26.16273517857145
12348,2022-07-12 18:00:00,Asia/Bangkok,84.46187585585584,4.226086956521739,3.48695652173913,26.16753153153154
12349,2022-07-12 19:00:00,Asia/Bangkok,85.73735234782613,9.870689655172415,8.939655172413794,26.08712460869567
12350,2022-07-12 20:00:00,Asia/Bangkok,84.93697199999997,9.060344827586206,8.192982456140351,26.23994622807017
12351,2022-07-12 21:00:00,Asia/Bangkok,84.13819321428574,4.452173913043478,3.620689655172414,26.32554531531532
12352,2022-07-12 22:00:00,Asia/Bangkok,83.42497212389378,2.973913043478261,2.208695652173913,26.41035649122806
12353,2022-07-12 23:00:00,Asia/Bangkok,85.58052792792795,4.017094017094017,3.350427350427351,26.18004218181818
12354,2022-07-13 00:00:00,Asia/Bangkok,86.89213991304352,4.603448275862069,3.853448275862069,25.92732495652175
12355,2022-07-13 01:00:00,Asia/Bangkok,88.08312776785714,4.043103448275862,3.224137931034483,25.75608946428573
12356,2022-07-13 02:00:00,Asia/Bangkok,88.3893559292036,3.427350427350427,2.572649572649573,25.66883893805309
12357,2022-07-13 03:00:00,Asia/Bangkok,86.72570362831858,3.026086956521739,2.21551724137931,25.85393973451329
12358,2022-07-13 04:00:00,Asia/Bangkok,84.93957464912287,3.043103448275862,2.241379310344827,26.0674679646018
12359,2022-07-13 05:00:00,Asia/Bangkok,83.33225095652173,2.353448275862069,1.551724137931034,26.34443078260869
12360,2022-07-13 06:00:00,Asia/Bangkok,82.29496982456138,2.427350427350427,1.487179487179487,26.42626017543862
12361,2022-07-13 07:00:00,Asia/Bangkok,79.8227550877193,2.431034482758621,1.560344827586207,26.73206412280703
12362,2022-07-13 08:00:00,Asia/Bangkok,80.96909491228068,3.606837606837607,2.846153846153846,26.5349942105263
12363,2022-07-13 09:00:00,Asia/Bangkok,78.51708765217388,2.46551724137931,1.758620689655172,26.92176982456138
12364,2022-07-13 10:00:00,Asia/Bangkok,74.101189375,1.560344827586207,1.146551724137931,27.34969964285714
12365,2022-07-13 11:00:00,Asia/Bangkok,73.07501456140353,1.724137931034483,1.310344827586207,27.63730973214286
12366,2022-07-13 12:00:00,Asia/Bangkok,75.9525042105263,2.11,1.55,27.48233926315791
12367,2022-07-13 13:00:00,Asia/Bangkok,75.6590498245614,2.608695652173913,2.0,27.81373149122804
12368,2022-07-13 14:00:00,Asia/Bangkok,78.85332627272729,6.252173913043478,5.504347826086956,27.83628449541283
12369,2022-07-13 15:00:00,Asia/Bangkok,78.66444226804127,10.11111111111111,9.141414141414142,28.581580625
12370,2022-07-13 16:00:00,Asia/Bangkok,76.62781044247788,8.60344827586207,7.362068965517241,29.30102504424777
12371,2022-07-13 17:00:00,Asia/Bangkok,76.96839464912281,13.48275862068965,11.97413793103448,29.24978157894738
12372,2022-07-13 18:00:00,Asia/Bangkok,80.24040353982299,8.530434782608696,6.956521739130435,28.48192079646018
12373,2022-07-13 19:00:00,Asia/Bangkok,79.30504008849559,14.27586206896552,12.61206896551724,28.50108460176989
12374,2022-07-13 20:00:00,Asia/Bangkok,80.34948447368423,10.35042735042735,8.846153846153847,28.14224221238936
12375,2022-07-13 21:00:00,Asia/Bangkok,81.12006321739132,7.844827586206897,6.568965517241379,27.94686086956522
12376,2022-07-13 22:00:00,Asia/Bangkok,83.21212870689658,10.87068965517241,9.370689655172415,27.60647547826085
12377,2022-07-13 23:00:00,Asia/Bangkok,85.66254280701756,15.79130434782609,14.0695652173913,27.20219859649124
12378,2022-07-14 00:00:00,Asia/Bangkok,87.93290495495502,11.81896551724138,10.28448275862069,26.87476594594594
12379,2022-07-14 01:00:00,Asia/Bangkok,88.45418035087717,11.51724137931035,10.08620689655172,26.72096070175441
12380,2022-07-14 02:00:00,Asia/Bangkok,87.7932585344828,9.931034482758621,8.275862068965518,26.75749482758621
12381,2022-07-14 03:00:00,Asia/Bangkok,88.37636654867258,8.401709401709402,7.008547008547009,26.56948589285714
12382,2022-07-14 04:00:00,Asia/Bangkok,88.42597918918919,8.142857142857142,6.75,26.57962990990988
12383,2022-07-14 05:00:00,Asia/Bangkok,89.52242646017696,10.72321428571429,9.116071428571429,26.36100377192982
12384,2022-07-14 06:00:00,Asia/Bangkok,89.79394912280702,16.57391304347826,14.90434782608696,26.28605831858406
12385,2022-07-14 07:00:00,Asia/Bangkok,91.00390973684209,10.10344827586207,8.948275862068966,26.0190343859649
12386,2022-07-14 08:00:00,Asia/Bangkok,89.91718561403505,13.83478260869565,12.17391304347826,26.66872184210525
12387,2022-07-14 09:00:00,Asia/Bangkok,86.25109991228076,11.88888888888889,9.735042735042734,27.89433263157895
12388,2022-07-14 10:00:00,Asia/Bangkok,79.4423487719298,6.539130434782609,5.008695652173913,29.39814912280702
12389,2022-07-14 11:00:00,Asia/Bangkok,73.19927017699112,5.931034482758621,4.508620689655173,31.09352187499999
12390,2022-07-14 12:00:00,Asia/Bangkok,73.36091063636364,6.077586206896552,4.844827586206897,31.01430216216216
12391,2022-07-14 13:00:00,Asia/Bangkok,86.29418513274335,2.735042735042735,1.888888888888889,26.48582419642858
12392,2022-07-14 14:00:00,Asia/Bangkok,86.92405366071436,4.301724137931035,3.318965517241379,26.95225098214285
12393,2022-07-14 15:00:00,Asia/Bangkok,80.42890062500001,4.206896551724138,2.974137931034483,28.56143276785716
12394,2022-07-14 16:00:00,Asia/Bangkok,80.03053095652174,4.136752136752137,2.948717948717949,28.7005188695652
12395,2022-07-14 17:00:00,Asia/Bangkok,81.77048142857141,5.224137931034483,3.96551724137931,28.52667125000002
12396,2022-07-14 18:00:00,Asia/Bangkok,81.49867561403506,5.862068965517241,4.439655172413793,28.7202148245614
12397,2022-07-14 19:00:00,Asia/Bangkok,81.97142491228068,22.1551724137931,18.6551724137931,28.40849947826088
12398,2022-07-14 20:00:00,Asia/Bangkok,82.52467921739122,13.52586206896552,11.86324786324786,28.02494421052631
12399,2022-07-14 21:00:00,Asia/Bangkok,83.68724036036036,8.75,7.344827586206897,27.62002585585583
12400,2022-07-14 22:00:00,Asia/Bangkok,85.52070063636367,28.74137931034483,25.20689655172414,27.39106063636363
12401,2022-07-14 23:00:00,Asia/Bangkok,88.0335290350877,17.12173913043478,15.5304347826087,26.97866631578945
12402,2022-07-15 00:00:00,Asia/Bangkok,88.80522469565219,10.9051724137931,9.637931034482758,26.6788276521739
12403,2022-07-15 01:00:00,Asia/Bangkok,90.7320381034483,8.316239316239317,7.230769230769231,26.08109189655171
12404,2022-07-15 02:00:00,Asia/Bangkok,90.99573175438597,19.95689655172414,17.66379310344828,25.99132456140352
12405,2022-07-15 03:00:00,Asia/Bangkok,90.36941280701751,5.946902654867257,4.592920353982301,25.94874646017702
12406,2022-07-15 04:00:00,Asia/Bangkok,90.4830680357143,5.913793103448276,4.517241379310345,26.00239874999998
12407,2022-07-15 05:00:00,Asia/Bangkok,90.56970716814153,5.452991452991453,4.198275862068965,25.93967336283186
12408,2022-07-15 06:00:00,Asia/Bangkok,90.58124234782609,5.53448275862069,4.64957264957265,26.05656686956523
12409,2022-07-15 07:00:00,Asia/Bangkok,90.16988447368423,7.456896551724138,6.086206896551724,26.14531456140351
12410,2022-07-15 08:00:00,Asia/Bangkok,88.04509149122808,7.886956521739131,6.113043478260869,26.71863973684209
12411,2022-07-15 09:00:00,Asia/Bangkok,85.71262725663716,7.267241379310345,5.448275862068965,27.50597486725661
12412,2022-07-15 10:00:00,Asia/Bangkok,82.87581675438595,7.418803418803419,5.743589743589744,28.63167105263159
12413,2022-07-15 11:00:00,Asia/Bangkok,76.84547463636362,6.775862068965517,5.21551724137931,30.41329145454545
12414,2022-07-15 12:00:00,Asia/Bangkok,71.63101467889908,8.206896551724139,6.577586206896552,31.33137284403668
12415,2022-07-15 13:00:00,Asia/Bangkok,67.83486758928572,6.344827586206897,4.862068965517241,32.45413911504425
12416,2022-07-15 14:00:00,Asia/Bangkok,72.71354699115041,8.852173913043478,7.321739130434783,31.95169371681416
12417,2022-07-15 15:00:00,Asia/Bangkok,80.00773927927926,6.413793103448276,5.224137931034483,30.091128
12418,2022-07-15 16:00:00,Asia/Bangkok,84.74185948275864,4.543103448275862,3.646551724137931,27.13389310344827
12419,2022-07-15 17:00:00,Asia/Bangkok,87.59207178571428,5.973913043478261,4.991304347826087,26.51615250000001
12420,2022-07-15 18:00:00,Asia/Bangkok,88.62279324561408,6.991379310344827,5.818965517241379,26.5236353508772
12421,2022-07-15 19:00:00,Asia/Bangkok,87.7892364035088,14.42241379310345,12.3448275862069,26.83465903508772
12422,2022-07-15 20:00:00,Asia/Bangkok,87.5809177477477,12.25,10.98275862068965,26.60864801801803
12423,2022-07-15 21:00:00,Asia/Bangkok,86.73484095652177,5.793103448275862,5.094827586206897,26.29575860869565
12424,2022-07-15 22:00:00,Asia/Bangkok,88.52341938053097,6.418803418803419,5.683760683760684,25.83479920353981
12425,2022-07-15 23:00:00,Asia/Bangkok,88.3702212389381,7.025862068965517,6.318965517241379,25.76889107142858
12426,2022-07-16 00:00:00,Asia/Bangkok,89.99810106194688,9.206896551724139,8.310344827586206,25.39495000000002
12427,2022-07-16 01:00:00,Asia/Bangkok,90.83401026086959,7.008620689655173,6.120689655172414,25.01539426086956
12428,2022-07-16 02:00:00,Asia/Bangkok,89.40101739130434,5.422413793103448,4.724137931034483,25.33327973913049
12429,2022-07-16 03:00:00,Asia/Bangkok,87.3136070909091,4.353448275862069,3.663793103448276,25.59944263636364
12430,2022-07-16 04:00:00,Asia/Bangkok,88.09597681034484,4.793103448275862,4.060344827586207,25.30556879310347
12431,2022-07-16 05:00:00,Asia/Bangkok,87.5239955263158,5.448275862068965,4.758620689655173,25.41858500000004
12432,2022-07-16 06:00:00,Asia/Bangkok,87.32758017391305,4.241379310344827,3.603448275862069,25.43245556521738
12433,2022-07-16 07:00:00,Asia/Bangkok,86.79589071428565,4.586206896551724,3.948275862068965,25.57505178571428
12434,2022-07-16 08:00:00,Asia/Bangkok,85.60579297297298,4.086206896551724,3.362068965517242,26.04893351351352
12435,2022-07-16 09:00:00,Asia/Bangkok,85.14904194690268,5.551724137931035,4.801724137931035,26.52508684210525
12436,2022-07-16 10:00:00,Asia/Bangkok,82.25571741379308,5.205128205128205,4.418803418803419,27.61111721739129
12437,2022-07-16 11:00:00,Asia/Bangkok,76.20030061946905,5.568965517241379,4.456896551724138,29.88287300884955
12438,2022-07-16 12:00:00,Asia/Bangkok,71.0583615044248,7.29059829059829,6.435897435897436,31.50659787610619
12439,2022-07-16 13:00:00,Asia/Bangkok,68.32790640350878,8.818965517241379,8.28448275862069,32.28988008771932
12440,2022-07-16 14:00:00,Asia/Bangkok,66.08475241071427,10.13913043478261,9.165217391304347,33.03412265486723
12441,2022-07-16 15:00:00,Asia/Bangkok,72.7948352586207,5.905982905982906,5.119658119658119,30.70635293103446
12442,2022-07-16 16:00:00,Asia/Bangkok,77.3028654867257,5.232758620689655,4.46551724137931,29.88601592920353
12443,2022-07-16 17:00:00,Asia/Bangkok,77.65201105263156,6.310344827586207,5.568965517241379,29.57696710526314
12444,2022-07-16 18:00:00,Asia/Bangkok,81.03276789473688,10.25862068965517,9.137931034482758,28.68261903508771
12445,2022-07-16 19:00:00,Asia/Bangkok,85.41091548672567,15.10344827586207,13.68965517241379,27.94258557522125
12446,2022-07-16 20:00:00,Asia/Bangkok,87.0641766363636,14.29310344827586,13.0948275862069,27.60044054545455
12447,2022-07-16 21:00:00,Asia/Bangkok,85.14993366071424,18.56896551724138,16.72413793103448,27.90512830357142
12448,2022-07-16 22:00:00,Asia/Bangkok,85.28960123893802,11.30172413793103,10.16379310344828,27.62963035714287
12449,2022-07-16 23:00:00,Asia/Bangkok,85.83158695652172,9.615384615384615,8.521367521367521,27.4126072173913
12450,2022-07-17 00:00:00,Asia/Bangkok,88.97302687499999,12.11206896551724,10.80172413793103,26.7567436607143
12451,2022-07-17 01:00:00,Asia/Bangkok,90.54488330434779,13.62608695652174,12.4695652173913,26.43884321739129
12452,2022-07-17 02:00:00,Asia/Bangkok,88.8139899115044,11.49565217391304,10.56521739130435,26.61881203539825
12453,2022-07-17 03:00:00,Asia/Bangkok,88.85580695652172,12.38793103448276,11.20689655172414,26.55151130434782
12454,2022-07-17 04:00:00,Asia/Bangkok,89.76311896551721,12.68103448275862,11.31034482758621,26.32733913793106
12455,2022-07-17 05:00:00,Asia/Bangkok,90.36921491228074,13.23275862068965,12.0948275862069,26.10795105263157
12456,2022-07-17 06:00:00,Asia/Bangkok,90.4110533628319,14.01739130434783,13.00869565217391,26.05097380530972
12457,2022-07-17 07:00:00,Asia/Bangkok,90.86667245614034,14.28448275862069,13.1551724137931,26.07068438596492
12458,2022-07-17 08:00:00,Asia/Bangkok,91.76529027272726,14.15384615384615,12.93162393162393,26.44112827272727
12459,2022-07-17 09:00:00,Asia/Bangkok,85.45721774774775,8.620689655172415,7.46551724137931,28.06662108108108
12460,2022-07-17 10:00:00,Asia/Bangkok,77.8894799137931,7.603448275862069,6.551724137931035,29.80557750000001
12461,2022-07-17 11:00:00,Asia/Bangkok,72.92634165217395,7.456896551724138,6.439655172413793,31.10746034782609
12462,2022-07-17 12:00:00,Asia/Bangkok,73.42717008695651,8.956896551724139,7.931034482758621,31.08844095652171
12463,2022-07-17 13:00:00,Asia/Bangkok,80.67062129310344,6.256410256410256,5.70940170940171,28.87532147826086
12464,2022-07-17 14:00:00,Asia/Bangkok,85.72565810344832,25.31896551724138,22.01724137931035,28.32347499999999
12465,2022-07-17 15:00:00,Asia/Bangkok,87.04703433628319,10.89655172413793,9.948275862068966,28.30190692982455
12466,2022-07-17 16:00:00,Asia/Bangkok,84.51951112068966,12.25862068965517,11.16379310344828,28.96107347826088
12467,2022-07-17 17:00:00,Asia/Bangkok,75.17594814159295,9.336206896551724,8.46551724137931,30.47774159292035
12468,2022-07-17 18:00:00,Asia/Bangkok,76.34991846846847,14.62068965517241,13.62931034482759,30.23302504504503
12469,2022-07-17 19:00:00,Asia/Bangkok,78.18375778761062,19.51724137931035,17.75,29.58689336283186
12470,2022-07-17 20:00:00,Asia/Bangkok,81.61236089285718,56.46902654867257,48.80530973451327,28.91434383928573
12471,2022-07-17 21:00:00,Asia/Bangkok,82.97552327272727,20.70796460176991,19.1504424778761,28.27328800000001
12472,2022-07-17 22:00:00,Asia/Bangkok,84.69100194690265,17.80530973451327,16.27433628318584,27.96255327433628
12473,2022-07-17 23:00:00,Asia/Bangkok,87.3401156637168,26.62068965517241,23.29310344827586,27.61296651785716
12474,2022-07-18 00:00:00,Asia/Bangkok,87.26904628318582,21.70689655172414,20.4051724137931,27.37893415929202
12475,2022-07-18 01:00:00,Asia/Bangkok,86.89248464912282,25.00862068965517,23.69827586206896,27.21039921052632
12476,2022-07-18 02:00:00,Asia/Bangkok,87.84071052173914,29.04273504273504,27.18803418803419,26.8915235652174
12477,2022-07-18 03:00:00,Asia/Bangkok,89.02719594594592,27.88793103448276,26.07758620689655,26.49779027027026
12478,2022-07-18 04:00:00,Asia/Bangkok,89.21875189655168,22.05172413793104,20.71551724137931,26.39723304347828
12479,2022-07-18 05:00:00,Asia/Bangkok,89.54963166666666,19.93965517241379,18.8448275862069,26.08970342105266
12480,2022-07-18 06:00:00,Asia/Bangkok,89.27419556521743,22.15384615384615,20.94017094017094,25.91115017699118
12481,2022-07-18 07:00:00,Asia/Bangkok,89.67268135135133,28.61206896551724,26.42241379310345,25.76410378378378
12482,2022-07-18 08:00:00,Asia/Bangkok,90.67710508928569,21.23275862068965,19.78448275862069,26.22246214285715
12483,2022-07-18 09:00:00,Asia/Bangkok,83.17861610619468,11.43103448275862,10.51724137931035,28.19572230088495
12484,2022-07-18 10:00:00,Asia/Bangkok,71.60761920353983,9.417391304347825,8.443478260869565,31.09364238938052
12485,2022-07-18 11:00:00,Asia/Bangkok,64.08915217391304,11.09565217391304,10.23478260869565,32.39219121739131
12486,2022-07-18 12:00:00,Asia/Bangkok,61.6518943965517,12.29310344827586,11.37931034482759,33.67101939655174
12487,2022-07-18 13:00:00,Asia/Bangkok,59.57457044247789,14.20869565217391,13.4,34.55384734513274
12488,2022-07-18 14:00:00,Asia/Bangkok,58.78499421052634,13.61206896551724,12.8448275862069,34.58488850877193
12489,2022-07-18 15:00:00,Asia/Bangkok,55.42481357798162,12.49565217391304,11.6695652173913,35.75383055045871
12490,2022-07-18 16:00:00,Asia/Bangkok,52.44930956896552,11.12173913043478,10.5304347826087,36.63227508620687
12491,2022-07-18 17:00:00,Asia/Bangkok,52.85771206896555,12.46551724137931,11.55172413793103,36.23955129310345
12492,2022-07-18 18:00:00,Asia/Bangkok,56.05866077586208,13.47413793103448,12.5948275862069,35.2315720689655
12493,2022-07-18 19:00:00,Asia/Bangkok,62.50993591304348,18.62068965517241,17.3448275862069,33.25707521739131
12494,2022-07-18 20:00:00,Asia/Bangkok,75.96734798245612,31.55172413793104,28.53448275862069,30.99067210526318
12495,2022-07-18 21:00:00,Asia/Bangkok,78.38871398230089,16.85840707964602,15.83185840707965,30.20754053097345
12496,2022-07-18 22:00:00,Asia/Bangkok,78.60415115044245,14.53448275862069,13.62068965517241,29.32274026548671
12497,2022-07-18 23:00:00,Asia/Bangkok,81.51099140350875,19.29310344827586,18.13793103448276,28.73311929824563
12498,2022-07-19 00:00:00,Asia/Bangkok,84.44292876106192,24.8448275862069,23.07758620689655,28.07366557522124
12499,2022-07-19 01:00:00,Asia/Bangkok,86.65122413793101,30.35897435897436,28.16239316239316,27.66195094827586
12500,2022-07-19 02:00:00,Asia/Bangkok,85.06113991304345,18.48275862068965,17.37931034482759,27.20973095652175
12501,2022-07-19 03:00:00,Asia/Bangkok,85.10064903508768,15.85344827586207,14.75862068965517,27.05331807017542
12502,2022-07-19 04:00:00,Asia/Bangkok,85.58958096491232,16.29310344827586,15.15652173913043,26.67820973684209
12503,2022-07-19 05:00:00,Asia/Bangkok,86.30445517857147,15.46153846153846,14.52136752136752,26.35825936936937
12504,2022-07-19 06:00:00,Asia/Bangkok,85.32611293577988,13.56034482758621,12.64655172413793,26.47228458715598
12505,2022-07-19 07:00:00,Asia/Bangkok,85.97038194690265,13.05172413793103,12.07758620689655,26.36087725663716
12506,2022-07-19 08:00:00,Asia/Bangkok,85.43141432432434,14.64601769911504,13.53097345132743,26.93923783783783
12507,2022-07-19 09:00:00,Asia/Bangkok,80.33442017094015,12.99145299145299,11.86324786324786,28.63034675213675
12508,2022-07-19 10:00:00,Asia/Bangkok,72.55460591304347,9.836206896551724,8.818965517241379,30.60060713043478
12509,2022-07-19 11:00:00,Asia/Bangkok,68.80971684210527,10.8448275862069,10.02586206896552,31.57399675438596
12510,2022-07-19 12:00:00,Asia/Bangkok,65.40917614035087,11.14655172413793,10.12931034482759,32.33684491228068
12511,2022-07-19 13:00:00,Asia/Bangkok,63.18768803418804,11.55555555555556,10.54700854700855,32.88993247863247
12512,2022-07-19 14:00:00,Asia/Bangkok,58.74241622807016,10.22608695652174,9.365217391304348,34.59444570175438
12513,2022-07-19 15:00:00,Asia/Bangkok,57.12952626086957,11.71681415929203,10.76991150442478,35.06660573913043
12514,2022-07-19 16:00:00,Asia/Bangkok,59.4318194642857,9.805309734513274,8.778761061946902,34.13286080357145
12515,2022-07-19 17:00:00,Asia/Bangkok,61.80710155963304,8.68695652173913,7.678260869565217,33.00733807339448
12516,2022-07-19 18:00:00,Asia/Bangkok,61.98715690265485,9.301724137931034,8.224137931034482,32.66325230088494
12517,2022-07-19 19:00:00,Asia/Bangkok,65.20469260869567,20.18965517241379,18.51724137931035,32.19718565217391
12518,2022-07-19 20:00:00,Asia/Bangkok,70.69094921739132,22.39655172413793,20.63793103448276,30.64486530434782
12519,2022-07-19 21:00:00,Asia/Bangkok,73.89382672727275,23.63963963963964,20.99099099099099,29.77984154545456
12520,2022-07-19 22:00:00,Asia/Bangkok,79.37539596491227,36.25,32.0948275862069,29.06876192982459
12521,2022-07-19 23:00:00,Asia/Bangkok,81.42521858407082,32.14655172413793,29.48275862068965,28.68378026548672
12522,2022-07-20 00:00:00,Asia/Bangkok,80.19273263157896,16.80869565217391,15.59130434782609,28.06956605263156
12523,2022-07-20 01:00:00,Asia/Bangkok,80.27056531531534,14.33333333333333,13.07017543859649,27.68560036363637
12524,2022-07-20 02:00:00,Asia/Bangkok,82.03889053571426,16.99130434782609,15.67826086956522,27.3821724107143
12525,2022-07-20 03:00:00,Asia/Bangkok,83.08871781818183,15.56896551724138,14.36206896551724,27.08817090909092
12526,2022-07-20 04:00:00,Asia/Bangkok,83.1621410909091,14.18965517241379,13.12068965517241,27.03910220183487
12527,2022-07-20 05:00:00,Asia/Bangkok,83.20709675438597,13.03448275862069,12.12068965517241,27.02046391304348
12528,2022-07-20 06:00:00,Asia/Bangkok,84.40128854700856,13.92307692307692,12.90598290598291,26.66480130434783
12529,2022-07-20 07:00:00,Asia/Bangkok,86.9129066956522,13.85344827586207,12.76724137931035,26.21618313043479
12530,2022-07-20 08:00:00,Asia/Bangkok,85.95623815789472,11.1551724137931,10.12931034482759,26.91748628318583
12531,2022-07-20 09:00:00,Asia/Bangkok,83.77330460869564,10.31896551724138,9.25,27.99283573913044
12532,2022-07-20 10:00:00,Asia/Bangkok,75.77017293103447,6.743589743589744,5.948717948717949,30.2815384347826
12533,2022-07-20 11:00:00,Asia/Bangkok,66.19546808695654,7.96551724137931,7.155172413793103,32.93888678260868
12534,2022-07-20 12:00:00,Asia/Bangkok,63.07237000000002,7.758620689655173,7.068965517241379,33.72063938596492
12535,2022-07-20 13:00:00,Asia/Bangkok,60.1924381578947,7.923076923076923,7.230769230769231,34.40761619469026
12536,2022-07-20 14:00:00,Asia/Bangkok,69.79849991071431,4.301724137931035,3.758620689655173,30.31466919642855
12537,2022-07-20 15:00:00,Asia/Bangkok,78.16341810344828,3.564102564102564,3.11965811965812,28.11272139130435
12538,2022-07-20 16:00:00,Asia/Bangkok,80.90643929203539,3.706896551724138,3.120689655172414,27.50418088495574
12539,2022-07-20 17:00:00,Asia/Bangkok,85.61513408695654,4.560344827586207,3.931034482758621,26.30936843478259
12540,2022-07-20 18:00:00,Asia/Bangkok,87.56641324561406,3.521739130434783,3.017391304347826,25.86620530973453
12541,2022-07-20 19:00:00,Asia/Bangkok,86.65942135135136,8.025862068965518,7.327586206896552,25.83124486486485
12542,2022-07-20 20:00:00,Asia/Bangkok,85.49931017543858,6.793103448275862,6.172413793103448,25.74370165217392
12543,2022-07-20 21:00:00,Asia/Bangkok,83.1368166086957,4.405172413793103,3.896551724137931,25.94780504347827
12544,2022-07-20 22:00:00,Asia/Bangkok,85.72172226086957,3.637931034482758,3.21551724137931,25.4933631304348
12545,2022-07-20 23:00:00,Asia/Bangkok,87.29292555555551,4.726495726495727,4.239316239316239,25.26217568965517
12546,2022-07-21 00:00:00,Asia/Bangkok,84.20171345132742,5.870689655172414,4.982758620689655,25.88064850877195
12547,2022-07-21 01:00:00,Asia/Bangkok,85.9149250862069,5.786324786324786,4.957264957264957,25.61710191304348
12548,2022-07-21 02:00:00,Asia/Bangkok,81.73887747826092,5.422413793103448,4.577586206896552,26.54101426086956
12549,2022-07-21 03:00:00,Asia/Bangkok,83.59688570175439,5.247863247863248,4.264957264957265,26.19253517543859
12550,2022-07-21 04:00:00,Asia/Bangkok,86.03646754385964,6.017241379310345,5.017241379310345,25.76315499999997
12551,2022-07-21 05:00:00,Asia/Bangkok,87.50291616071426,6.387931034482759,5.5,25.59241160714291
12552,2022-07-21 06:00:00,Asia/Bangkok,88.68368217391304,7.224137931034483,6.137931034482759,25.37923495652171
12553,2022-07-21 07:00:00,Asia/Bangkok,89.2133838888889,7.785714285714286,6.660714285714286,25.32640542056074
12554,2022-07-21 08:00:00,Asia/Bangkok,88.49416808695652,8.189655172413794,7.112068965517241,25.74954447368421
12555,2022-07-21 09:00:00,Asia/Bangkok,85.2520475221239,7.321739130434783,6.182608695652174,27.03074982300885
12556,2022-07-21 10:00:00,Asia/Bangkok,77.31992141592917,4.775862068965517,3.931034482758621,29.17736380530974
12557,2022-07-21 11:00:00,Asia/Bangkok,69.32778567567567,2.692982456140351,2.043859649122807,31.54376017857143
12558,2022-07-21 12:00:00,Asia/Bangkok,67.07421830357143,3.373913043478261,2.730434782608695,32.21075936363638
12559,2022-07-21 13:00:00,Asia/Bangkok,63.32796561403511,3.085470085470086,2.427350427350427,33.48351859649122
12560,2022-07-21 14:00:00,Asia/Bangkok,61.08883396396396,4.460869565217391,3.852173913043478,33.99609738738741
12561,2022-07-21 15:00:00,Asia/Bangkok,60.38391709090909,5.870689655172414,5.267241379310345,34.47353703703703
12562,2022-07-21 16:00:00,Asia/Bangkok,60.08669688073395,7.163793103448276,6.577586206896552,34.64128394495411
12563,2022-07-21 17:00:00,Asia/Bangkok,62.37722131578947,8.47008547008547,7.870689655172414,34.01446885964914
12564,2022-07-21 18:00:00,Asia/Bangkok,66.98022571428572,6.689655172413793,6.068376068376068,32.24171723214285
12565,2022-07-21 19:00:00,Asia/Bangkok,72.99183885964912,23.70689655172414,20.82758620689655,31.53632504424777
12566,2022-07-21 20:00:00,Asia/Bangkok,76.85059052173912,29.81896551724138,27.46551724137931,30.68559443478261
12567,2022-07-21 21:00:00,Asia/Bangkok,80.11154818965518,40.94871794871795,35.23931623931624,29.79676189655174
12568,2022-07-21 22:00:00,Asia/Bangkok,82.66944879310346,42.25862068965517,36.03448275862069,29.38364517241378
12569,2022-07-21 23:00:00,Asia/Bangkok,84.23792920353982,41.87068965517241,35.37931034482759,28.89816079646017
12570,2022-07-22 00:00:00,Asia/Bangkok,87.13731473684211,21.30172413793104,19.33620689655172,27.61663955752213
12571,2022-07-22 01:00:00,Asia/Bangkok,84.4081025,4.939655172413793,4.413793103448276,27.09365580357142
12572,2022-07-22 02:00:00,Asia/Bangkok,84.99572285714282,4.387931034482759,3.818965517241379,27.20972973451331
12573,2022-07-22 03:00:00,Asia/Bangkok,85.23406818965513,5.376068376068377,4.752136752136752,27.21356052173916
12574,2022-07-22 04:00:00,Asia/Bangkok,86.75571850877186,5.655172413793103,5.112068965517241,26.75855429824562
12575,2022-07-22 05:00:00,Asia/Bangkok,87.53100857142859,13.0625,11.78571428571429,26.43565991071429
12576,2022-07-22 06:00:00,Asia/Bangkok,87.85396600000003,10.49137931034483,9.568965517241379,26.23536243478262
12577,2022-07-22 07:00:00,Asia/Bangkok,88.10610122807022,9.689655172413794,8.982758620689655,26.18909105263159
12578,2022-07-22 08:00:00,Asia/Bangkok,89.49062654867262,13.99145299145299,13.07692307692308,26.21996265486727
12579,2022-07-22 09:00:00,Asia/Bangkok,87.32644267857144,15.44827586206897,14.27586206896552,27.49039258928571
12580,2022-07-22 10:00:00,Asia/Bangkok,77.80892267241381,12.22222222222222,11.16239316239316,29.81828612068965
12581,2022-07-22 11:00:00,Asia/Bangkok,66.94240946902657,7.46551724137931,6.870689655172414,32.89086920353984
12582,2022-07-22 12:00:00,Asia/Bangkok,61.53093026785717,6.482758620689655,5.887931034482759,33.65064964285713
12583,2022-07-22 13:00:00,Asia/Bangkok,57.02687535714283,6.75,6.232758620689655,34.54354160714286
12584,2022-07-22 14:00:00,Asia/Bangkok,61.99718137614678,4.568965517241379,4.28448275862069,33.42278694444444
12585,2022-07-22 15:00:00,Asia/Bangkok,61.38596290909091,4.339130434782609,3.870689655172414,33.44637281818182
12586,2022-07-22 16:00:00,Asia/Bangkok,78.43987140350876,9.181034482758621,8.474137931034482,29.43110570175438
12587,2022-07-22 17:00:00,Asia/Bangkok,83.18507912280701,8.02608695652174,7.173913043478261,27.72680640350878
12588,2022-07-22 18:00:00,Asia/Bangkok,82.64535189189188,3.678260869565217,3.173913043478261,27.98908360360362
12589,2022-07-22 19:00:00,Asia/Bangkok,86.09208991150442,12.65217391304348,11.4695652173913,27.16366929824562
12590,2022-07-22 20:00:00,Asia/Bangkok,86.72300612068967,35.16379310344828,32.0,27.1119268695652
12591,2022-07-22 21:00:00,Asia/Bangkok,85.04694182608701,22.51304347826087,20.64347826086956,27.01888452173908
12592,2022-07-22 22:00:00,Asia/Bangkok,85.01009660714283,24.99130434782609,23.34782608695652,26.80412071428568
12593,2022-07-22 23:00:00,Asia/Bangkok,87.12845954545455,23.15384615384615,21.68376068376068,26.3744609174312
12594,2022-07-23 00:00:00,Asia/Bangkok,88.39677655172414,20.5,19.41379310344828,26.2584375862069
12595,2022-07-23 01:00:00,Asia/Bangkok,90.75540831858407,15.37931034482759,14.32758620689655,25.87353079646017
12596,2022-07-23 02:00:00,Asia/Bangkok,91.20965610619467,13.19827586206897,12.43103448275862,25.70300964601771
12597,2022-07-23 03:00:00,Asia/Bangkok,90.41322149122813,7.324786324786325,6.811965811965812,25.52929389380533
12598,2022-07-23 04:00:00,Asia/Bangkok,89.08135946902655,5.767241379310345,5.379310344827586,25.89378168141592
12599,2022-07-23 05:00:00,Asia/Bangkok,88.83957844827589,7.923076923076923,7.358974358974359,25.83434137931037
12600,2022-07-23 06:00:00,Asia/Bangkok,89.52307582608695,9.974137931034482,8.956896551724139,25.69709800000003
12601,2022-07-23 07:00:00,Asia/Bangkok,89.12558910714286,6.707964601769912,6.283185840707965,25.64488758928569
12602,2022-07-23 08:00:00,Asia/Bangkok,89.6203309649122,7.191304347826087,6.626086956521739,26.07277035087721
12603,2022-07-23 09:00:00,Asia/Bangkok,87.97532929824565,5.956896551724138,5.448275862068965,26.80853938596491
12604,2022-07-23 10:00:00,Asia/Bangkok,82.50162893805307,4.495652173913044,3.939130434782609,28.31645477876106
12605,2022-07-23 11:00:00,Asia/Bangkok,76.35155398230089,4.607142857142857,4.116071428571429,30.20974053097347
12606,2022-07-23 12:00:00,Asia/Bangkok,69.02893617391302,3.103448275862069,2.818965517241379,31.80580747826086
12607,2022-07-23 13:00:00,Asia/Bangkok,63.03850904347825,4.879310344827586,4.620689655172414,33.76522695652177
12608,2022-07-23 14:00:00,Asia/Bangkok,59.79896603603606,4.396551724137931,4.051724137931035,34.33008090090091
12609,2022-07-23 15:00:00,Asia/Bangkok,59.47677288659792,5.09375,4.895833333333333,34.20390855670103
12610,2022-07-23 16:00:00,Asia/Bangkok,59.90455289719625,6.615384615384615,6.307692307692307,34.16327140186917
12611,2022-07-23 17:00:00,Asia/Bangkok,61.83852336283185,7.285714285714286,6.839285714285714,33.85703300884956
12612,2022-07-23 18:00:00,Asia/Bangkok,72.38018566371682,21.83620689655172,20.22413793103448,31.24812088495575
12613,2022-07-23 19:00:00,Asia/Bangkok,76.09771415929204,236.7327586206897,199.3275862068965,30.12929946902654
12614,2022-07-23 20:00:00,Asia/Bangkok,79.25624403508776,161.3706896551724,129.6637931034483,29.19070561403509
12615,2022-07-23 21:00:00,Asia/Bangkok,82.35892525862067,146.2905982905983,109.1794871794872,28.60183870689655
12616,2022-07-23 22:00:00,Asia/Bangkok,86.6393177586207,66.91379310344827,54.55172413793103,27.70891112068964
12617,2022-07-23 23:00:00,Asia/Bangkok,84.84147870689654,14.99137931034483,13.79310344827586,28.16668278260871
12618,2022-07-24 00:00:00,Asia/Bangkok,84.85858294642854,14.39316239316239,13.43965517241379,28.11608205357143
12619,2022-07-24 01:00:00,Asia/Bangkok,86.61976060869561,15.89655172413793,14.94871794871795,27.46534208695654
12620,2022-07-24 02:00:00,Asia/Bangkok,87.92575176991151,13.64655172413793,12.77586206896552,27.007213539823
12621,2022-07-24 03:00:00,Asia/Bangkok,87.52507947368422,19.1551724137931,17.76724137931035,27.0079701754386
12622,2022-07-24 04:00:00,Asia/Bangkok,88.59503377192986,27.04273504273504,24.84615384615385,26.9082550877193
12623,2022-07-24 05:00:00,Asia/Bangkok,89.50487192982456,44.12820512820513,37.53846153846154,26.83084192982456
12624,2022-07-24 06:00:00,Asia/Bangkok,88.72817407079646,32.6551724137931,29.78448275862069,26.61155716814158
12625,2022-07-24 07:00:00,Asia/Bangkok,88.4479624778761,36.49565217391304,32.59130434782609,26.4042871681416
12626,2022-07-24 08:00:00,Asia/Bangkok,89.49963009090911,25.15384615384615,23.81196581196581,26.44833945454545
12627,2022-07-24 09:00:00,Asia/Bangkok,87.80250904347821,26.79310344827586,23.51724137931035,27.03762452173913
12628,2022-07-24 10:00:00,Asia/Bangkok,79.0449440869565,6.991071428571429,6.258928571428571,29.21470739130435
12629,2022-07-24 11:00:00,Asia/Bangkok,69.9076016964286,5.991379310344827,5.46551724137931,31.51216857142859
12630,2022-07-24 12:00:00,Asia/Bangkok,62.65380285714287,3.0,2.637931034482758,33.22857151785716
12631,2022-07-24 13:00:00,Asia/Bangkok,59.85339280701755,3.0,2.641025641025641,34.17607699115044
12632,2022-07-24 14:00:00,Asia/Bangkok,58.9924469090909,2.206896551724138,1.810344827586207,34.41423174311927
12633,2022-07-24 15:00:00,Asia/Bangkok,58.98682747826086,3.318965517241379,3.008620689655173,34.56616391304349
12634,2022-07-24 16:00:00,Asia/Bangkok,60.21372026315787,2.435897435897436,2.017241379310345,34.69275088495575
12635,2022-07-24 17:00:00,Asia/Bangkok,71.45843799999999,2.843478260869565,2.482758620689655,30.39568791304348
12636,2022-07-24 18:00:00,Asia/Bangkok,77.02307139130431,1.767241379310345,1.431034482758621,28.09839513043477
12637,2022-07-24 19:00:00,Asia/Bangkok,75.54755166666666,15.28695652173913,13.54782608695652,28.65912543859651
12638,2022-07-24 20:00:00,Asia/Bangkok,78.51820159292035,20.7304347826087,19.22608695652174,28.45970681415927
12639,2022-07-24 21:00:00,Asia/Bangkok,82.09777982456139,21.24786324786325,19.69827586206896,27.76456368421054
12640,2022-07-24 22:00:00,Asia/Bangkok,85.23333309090911,14.3304347826087,13.36206896551724,27.15352109090911
12641,2022-07-24 23:00:00,Asia/Bangkok,87.26750734513276,9.525862068965518,8.939655172413794,26.75131300884957
12642,2022-07-25 00:00:00,Asia/Bangkok,85.51517508620691,10.61206896551724,9.879310344827585,27.06651094827586
12643,2022-07-25 01:00:00,Asia/Bangkok,85.80335438596494,12.69565217391304,11.76521739130435,26.88989271929823
12644,2022-07-25 02:00:00,Asia/Bangkok,86.193612,12.1965811965812,11.39316239316239,26.63468452173915
12645,2022-07-25 03:00:00,Asia/Bangkok,86.76399455357144,9.818965517241379,9.267241379310345,26.48310553571428
12646,2022-07-25 04:00:00,Asia/Bangkok,87.44545219298249,12.28448275862069,11.25,26.24010938596492
12647,2022-07-25 05:00:00,Asia/Bangkok,87.43491736842108,9.387931034482758,8.827586206896552,26.09232614035088
12648,2022-07-25 06:00:00,Asia/Bangkok,87.68399655172408,11.93162393162393,11.2051282051282,25.89831353448276
12649,2022-07-25 07:00:00,Asia/Bangkok,88.14212339130438,10.18103448275862,9.439655172413794,25.69853956521737
12650,2022-07-25 08:00:00,Asia/Bangkok,88.49503342105258,10.02678571428571,9.3125,25.96984605263158
12651,2022-07-25 09:00:00,Asia/Bangkok,88.72911796460177,15.8695652173913,14.97391304347826,26.68913911504423
12652,2022-07-25 10:00:00,Asia/Bangkok,87.58223456140347,15.68965517241379,14.25,27.64470377192981
12653,2022-07-25 11:00:00,Asia/Bangkok,80.81383132743368,15.60344827586207,13.99137931034483,29.20307318584072
12654,2022-07-25 12:00:00,Asia/Bangkok,76.20925380530976,9.871794871794872,9.0,30.24100371681414
12655,2022-07-25 13:00:00,Asia/Bangkok,64.6619743243243,8.104347826086956,7.165217391304348,32.33770135135135
12656,2022-07-25 14:00:00,Asia/Bangkok,65.05057570175441,4.405172413793103,4.008620689655173,32.41817159292036
12657,2022-07-25 15:00:00,Asia/Bangkok,66.25322704347828,2.666666666666667,2.435897435897436,32.49658765217394
12658,2022-07-25 16:00:00,Asia/Bangkok,65.57490414414414,2.379310344827586,2.155172413793104,32.31176864864865
12659,2022-07-25 17:00:00,Asia/Bangkok,64.65531307017545,19.13793103448276,17.08620689655172,32.1371549122807
12660,2022-07-25 18:00:00,Asia/Bangkok,68.58334736842104,33.62931034482759,29.79310344827586,31.26913570175436
12661,2022-07-25 19:00:00,Asia/Bangkok,73.40135914529918,80.84615384615384,71.26495726495726,30.35085914529913
12662,2022-07-25 20:00:00,Asia/Bangkok,76.61516408695654,145.198275862069,127.2586206896552,29.95768704347828
12663,2022-07-25 21:00:00,Asia/Bangkok,79.37607655172415,101.991452991453,87.13675213675214,29.44637284482757
12664,2022-07-25 22:00:00,Asia/Bangkok,81.05476543103447,51.43965517241379,42.57758620689656,29.00376534482758
12665,2022-07-25 23:00:00,Asia/Bangkok,82.27649938596494,46.02586206896552,38.43965517241379,28.68716377192984
12666,2022-07-26 00:00:00,Asia/Bangkok,82.38823465517241,40.1551724137931,34.49137931034483,28.38871431034481
12667,2022-07-26 01:00:00,Asia/Bangkok,83.6374688596491,30.67521367521368,28.47008547008547,27.9988961403509
12668,2022-07-26 02:00:00,Asia/Bangkok,84.43581254545452,24.47826086956522,23.30434782608696,27.69317363636361
12669,2022-07-26 03:00:00,Asia/Bangkok,85.18599758928573,22.13913043478261,20.90434782608695,27.34862678571427
12670,2022-07-26 04:00:00,Asia/Bangkok,89.17500654867258,24.13913043478261,23.08695652173913,26.64454455357142
12671,2022-07-26 05:00:00,Asia/Bangkok,88.80411163793106,23.04310344827586,21.82758620689655,26.70751905172415
12672,2022-07-26 06:00:00,Asia/Bangkok,89.08084139130435,26.33620689655172,25.12068965517241,26.56606956521738
12673,2022-07-26 07:00:00,Asia/Bangkok,89.1056603508772,27.12173913043478,25.59130434782609,26.46191228070176
12674,2022-07-26 08:00:00,Asia/Bangkok,90.04327228070174,23.1551724137931,21.97413793103448,26.93280236842104
12675,2022-07-26 09:00:00,Asia/Bangkok,85.92134429824559,12.82608695652174,12.26956521739131,28.4426400877193
12676,2022-07-26 10:00:00,Asia/Bangkok,75.40862882882885,4.78448275862069,4.474137931034483,30.57444387387386
12677,2022-07-26 11:00:00,Asia/Bangkok,69.29590280701755,2.974137931034483,2.767241379310345,32.04123773913042
12678,2022-07-26 12:00:00,Asia/Bangkok,63.54972088495575,2.820512820512821,2.538461538461538,33.41518446428572
12679,2022-07-26 13:00:00,Asia/Bangkok,61.48811902654865,1.905172413793103,1.71551724137931,34.11877203539823
12680,2022-07-26 14:00:00,Asia/Bangkok,62.77354114035086,3.396551724137931,3.086206896551724,33.79037219298248
12681,2022-07-26 15:00:00,Asia/Bangkok,64.36001205128207,2.820512820512821,2.525862068965517,33.35582504273503
12682,2022-07-26 16:00:00,Asia/Bangkok,64.46732428571428,3.060344827586207,2.700854700854701,33.07004437499999
12683,2022-07-26 17:00:00,Asia/Bangkok,66.06705260869566,2.560344827586207,2.241379310344827,32.42248175438596
12684,2022-07-26 18:00:00,Asia/Bangkok,69.07261626086955,5.224137931034483,4.853448275862069,31.61033913043477
12685,2022-07-26 19:00:00,Asia/Bangkok,71.95258956896554,26.82905982905983,23.86324786324786,31.09629025862066
12686,2022-07-26 20:00:00,Asia/Bangkok,75.92927132743363,32.20689655172414,27.93103448275862,30.10297548672567
12687,2022-07-26 21:00:00,Asia/Bangkok,80.00092963636357,72.05172413793103,58.98275862068966,29.06897300000001
12688,2022-07-26 22:00:00,Asia/Bangkok,80.73723530434783,39.2051282051282,34.15384615384615,28.83447869565218
12689,2022-07-26 23:00:00,Asia/Bangkok,80.66515823008848,17.03478260869565,15.98275862068965,28.82067672566372
12690,2022-07-27 00:00:00,Asia/Bangkok,82.81454089285712,18.31896551724138,17.35344827586207,28.45068482142858
12691,2022-07-27 01:00:00,Asia/Bangkok,83.45907187500002,19.06034482758621,17.9051724137931,28.32181769911503
12692,2022-07-27 02:00:00,Asia/Bangkok,85.71380689655174,22.24786324786325,20.49137931034483,27.86503356521736
12693,2022-07-27 03:00:00,Asia/Bangkok,87.61375168141593,20.97345132743363,19.76106194690265,27.34700823008851
12694,2022-07-27 04:00:00,Asia/Bangkok,87.95387852173917,9.827586206896552,9.206896551724139,26.84800739130436
12695,2022-07-27 05:00:00,Asia/Bangkok,89.15209931034482,7.887931034482759,7.396551724137931,26.51923482758621
12696,2022-07-27 06:00:00,Asia/Bangkok,87.7197133333333,10.92307692307692,10.39316239316239,26.81289850877191
12697,2022-07-27 07:00:00,Asia/Bangkok,88.17597495575221,27.53448275862069,24.64655172413793,26.64653371681417
12698,2022-07-27 08:00:00,Asia/Bangkok,89.28041637168138,15.66379310344828,14.68103448275862,26.96701734513275
12699,2022-07-27 09:00:00,Asia/Bangkok,83.37494495575224,6.560344827586207,6.129310344827586,28.80624482142859
12700,2022-07-27 10:00:00,Asia/Bangkok,77.97670944954133,14.08928571428571,12.92857142857143,30.09863706422019
12701,2022-07-27 11:00:00,Asia/Bangkok,73.47135426086956,11.13793103448276,9.956896551724139,31.24866199999997
12702,2022-07-27 12:00:00,Asia/Bangkok,71.28051713043477,6.258620689655173,5.568965517241379,31.82002052173913
12703,2022-07-27 13:00:00,Asia/Bangkok,65.59334491071431,3.421052631578947,3.06140350877193,33.27382249999999
12704,2022-07-27 14:00:00,Asia/Bangkok,62.70970763157894,3.922413793103448,3.637931034482758,33.96384929824562
12705,2022-07-27 15:00:00,Asia/Bangkok,62.68096982456142,6.228070175438597,5.817391304347826,34.04541192982457
12706,2022-07-27 16:00:00,Asia/Bangkok,65.4484024778761,17.09565217391305,15.56521739130435,33.45395451327433
12707,2022-07-27 17:00:00,Asia/Bangkok,68.68187999999999,19.29310344827586,17.70689655172414,32.19816113043476
12708,2022-07-27 18:00:00,Asia/Bangkok,70.22219774774774,8.85344827586207,8.137931034482758,30.69860117117116
12709,2022-07-27 19:00:00,Asia/Bangkok,88.33425729729728,3.474137931034483,2.724137931034483,26.20891243243244
12710,2022-07-27 20:00:00,Asia/Bangkok,85.5915244827586,3.803418803418803,3.418803418803419,26.92570008620691
12711,2022-07-27 21:00:00,Asia/Bangkok,86.51977442477875,3.852173913043478,3.53448275862069,26.52938964601768
12712,2022-07-27 22:00:00,Asia/Bangkok,89.75090663716814,5.741379310344827,5.241379310344827,25.66862566371681
12713,2022-07-27 23:00:00,Asia/Bangkok,90.22624754385966,5.137931034482759,4.732758620689655,25.78353412280703
12714,2022-07-28 00:00:00,Asia/Bangkok,88.47813782608695,4.948275862068965,4.629310344827586,26.05818594827584
12715,2022-07-28 01:00:00,Asia/Bangkok,88.94825512820516,3.70940170940171,3.427350427350427,25.78033672413794
12716,2022-07-28 02:00:00,Asia/Bangkok,88.50149862068962,4.594827586206897,4.181034482758621,25.62736931034485
12717,2022-07-28 03:00:00,Asia/Bangkok,88.4629730434783,4.706896551724138,4.344827586206897,25.44171930434784
12718,2022-07-28 04:00:00,Asia/Bangkok,90.43310991304347,7.612068965517241,6.948275862068965,25.02115278260872
12719,2022-07-28 05:00:00,Asia/Bangkok,89.90145780701755,8.957264957264957,8.41025641025641,25.17763353982301
12720,2022-07-28 06:00:00,Asia/Bangkok,90.80531372727273,9.327586206896552,8.672413793103448,24.95744309090908
12721,2022-07-28 07:00:00,Asia/Bangkok,91.5640663392857,7.482758620689655,7.017241379310345,24.84726258928573
12722,2022-07-28 08:00:00,Asia/Bangkok,92.80566094827584,8.076923076923077,7.47008547008547,25.13620905172415
12723,2022-07-28 09:00:00,Asia/Bangkok,91.12902378378371,33.68695652173913,30.25217391304348,26.4324764864865
12724,2022-07-28 10:00:00,Asia/Bangkok,88.7318328318584,21.70940170940171,20.61538461538462,27.15564141592919
12725,2022-07-28 11:00:00,Asia/Bangkok,83.29056922413791,7.629310344827586,7.362068965517241,29.06668086206896
12726,2022-07-28 12:00:00,Asia/Bangkok,71.40991389380528,6.887931034482759,6.663793103448276,31.97978938053099
12727,2022-07-28 13:00:00,Asia/Bangkok,66.29619403508772,7.818965517241379,7.577586206896552,33.64938298245614
12728,2022-07-28 14:00:00,Asia/Bangkok,65.61358955357142,6.353448275862069,6.136752136752137,33.10149294642854
12729,2022-07-28 15:00:00,Asia/Bangkok,67.24191860869567,7.017241379310345,6.775862068965517,32.61835504347827
12730,2022-07-28 16:00:00,Asia/Bangkok,67.71698171171172,7.298245614035087,7.035087719298246,32.82935527272728
12731,2022-07-28 17:00:00,Asia/Bangkok,74.61586706896554,15.07692307692308,13.95726495726496,31.12085172413793
12732,2022-07-28 18:00:00,Asia/Bangkok,75.31430184210528,15.83620689655172,15.45689655172414,30.30854114035087
12733,2022-07-28 19:00:00,Asia/Bangkok,78.34028578947368,63.19827586206897,60.27586206896552,30.15791208695653
12734,2022-07-28 20:00:00,Asia/Bangkok,81.01383433628318,41.06837606837607,35.64102564102564,29.61502008928573
12735,2022-07-28 21:00:00,Asia/Bangkok,84.65662570175444,75.51724137931035,67.6896551724138,28.87279815789475
12736,2022-07-28 22:00:00,Asia/Bangkok,86.13295073394498,26.72173913043478,24.89565217391304,28.30148192660548
12737,2022-07-28 23:00:00,Asia/Bangkok,86.172049826087,20.56410256410257,19.68376068376068,27.92011147826085
12738,2022-07-29 00:00:00,Asia/Bangkok,86.73789192660549,21.375,20.625,27.7721930909091
12739,2022-07-29 01:00:00,Asia/Bangkok,86.87397289473688,24.13913043478261,23.06086956521739,27.5114584347826
12740,2022-07-29 02:00:00,Asia/Bangkok,87.21130863636364,19.54545454545455,18.68181818181818,27.23997390804598
12741,2022-07-29 03:00:00,Asia/Bangkok,88.00535081081075,17.72173913043478,16.94782608695652,26.92400909909912
12742,2022-07-29 04:00:00,Asia/Bangkok,89.19027129310346,19.87068965517241,18.98275862068965,26.57544784482759
12743,2022-07-29 05:00:00,Asia/Bangkok,89.99002745614037,28.33620689655172,27.13913043478261,26.43900359649124
12744,2022-07-29 06:00:00,Asia/Bangkok,89.82078634782609,23.79310344827586,22.99145299145299,26.4743931304348
12745,2022-07-29 07:00:00,Asia/Bangkok,90.24529139130438,24.78448275862069,23.78448275862069,26.28858582608699
12746,2022-07-29 08:00:00,Asia/Bangkok,91.77823081818187,27.75,25.23275862068965,26.3736909090909
12747,2022-07-29 09:00:00,Asia/Bangkok,89.22587705357147,13.20689655172414,12.73275862068965,27.76805866071428
12748,2022-07-29 10:00:00,Asia/Bangkok,79.20977558558558,7.464285714285714,7.125,29.80021612612612
12749,2022-07-29 11:00:00,Asia/Bangkok,72.02996405172416,7.327586206896552,7.060344827586207,31.90781913793105
12750,2022-07-29 12:00:00,Asia/Bangkok,63.60723295652171,8.695652173913043,8.460869565217392,33.87557069565218
12751,2022-07-29 13:00:00,Asia/Bangkok,62.10543684210526,11.41379310344828,10.97413793103448,33.89495921052632
12752,2022-07-29 14:00:00,Asia/Bangkok,59.58524071428575,12.19827586206897,11.74137931034483,34.8560888392857
12753,2022-07-29 15:00:00,Asia/Bangkok,57.3410825217391,14.35344827586207,13.9051724137931,36.35866587719299
12754,2022-07-29 16:00:00,Asia/Bangkok,68.68143752212389,19.76724137931035,18.93103448275862,34.19850247787608
12755,2022-07-29 17:00:00,Asia/Bangkok,82.07568219298246,17.8448275862069,17.18103448275862,28.35135701754387
12756,2022-07-29 18:00:00,Asia/Bangkok,89.25798026086957,14.27586206896552,13.73275862068965,26.92588860869565
12757,2022-07-29 19:00:00,Asia/Bangkok,89.26962557522124,15.93103448275862,15.18103448275862,27.12591212389379
12758,2022-07-29 20:00:00,Asia/Bangkok,86.6578888495575,15.96551724137931,15.31896551724138,27.67838824561402
12759,2022-07-29 21:00:00,Asia/Bangkok,86.48386321739133,20.06837606837607,19.17948717948718,27.71935780701753
12760,2022-07-29 22:00:00,Asia/Bangkok,89.28056464912278,24.58620689655172,23.46551724137931,26.93645675438598
12761,2022-07-29 23:00:00,Asia/Bangkok,90.42478824561404,22.81034482758621,21.88793103448276,26.64127350877194
12762,2022-07-30 00:00:00,Asia/Bangkok,89.26831669565217,24.79310344827586,23.58620689655172,26.84640826086958
12763,2022-07-30 01:00:00,Asia/Bangkok,89.94858008620692,24.70940170940171,23.60683760683761,26.5194876724138
12764,2022-07-30 02:00:00,Asia/Bangkok,90.53160379310343,23.37931034482759,22.41379310344828,26.26778663793103
12765,2022-07-30 03:00:00,Asia/Bangkok,90.95558550458719,24.73275862068965,23.62931034482759,25.93740743119264
12766,2022-07-30 04:00:00,Asia/Bangkok,91.55545798245618,28.70689655172414,27.24137931034483,26.08548728070177
12767,2022-07-30 05:00:00,Asia/Bangkok,91.96653660869565,19.97435897435897,19.21367521367521,26.16379166666668
12768,2022-07-30 06:00:00,Asia/Bangkok,92.15808964601773,19.97391304347826,19.25217391304348,25.77579353982301
12769,2022-07-30 07:00:00,Asia/Bangkok,91.57046090909091,17.70940170940171,16.90598290598291,25.6491831818182
12770,2022-07-30 08:00:00,Asia/Bangkok,91.45213486956524,24.69827586206896,23.11206896551724,26.16846617391306
12771,2022-07-30 09:00:00,Asia/Bangkok,89.75844620689652,19.78448275862069,18.52586206896552,26.96646749999999
12772,2022-07-30 10:00:00,Asia/Bangkok,84.21571428571426,10.04347826086956,9.347826086956522,28.53823455357142
12773,2022-07-30 11:00:00,Asia/Bangkok,70.6963161864407,2.474576271186441,2.016949152542373,31.07096872881355
12774,2022-07-30 12:00:00,Asia/Bangkok,66.78715902654868,5.129310344827586,4.525862068965517,32.85474866071429
12775,2022-07-30 13:00:00,Asia/Bangkok,63.94931805309736,5.568965517241379,5.086206896551724,34.0651049557522
12776,2022-07-30 14:00:00,Asia/Bangkok,60.32362241379313,3.888888888888889,3.572649572649573,34.80234043103446
12777,2022-07-30 15:00:00,Asia/Bangkok,56.56891689655173,1.543103448275862,1.28448275862069,35.44839844827585
12778,2022-07-30 16:00:00,Asia/Bangkok,54.66488385964912,1.068965517241379,0.7068965517241379,35.11476078947368
12779,2022-07-30 17:00:00,Asia/Bangkok,61.65813405405405,3.213675213675214,2.794871794871795,32.79168189189191
12780,2022-07-30 18:00:00,Asia/Bangkok,66.20948052173912,4.336206896551724,3.594827586206896,31.7485475652174
12781,2022-07-30 19:00:00,Asia/Bangkok,66.17129789473684,25.80172413793104,22.47413793103448,31.45177114035087
12782,2022-07-30 20:00:00,Asia/Bangkok,69.31703699115045,11.84347826086957,10.90434782608696,30.20125725663717
12783,2022-07-30 21:00:00,Asia/Bangkok,75.15122723214283,63.71052631578947,56.57017543859649,29.33070178571429
12784,2022-07-30 22:00:00,Asia/Bangkok,79.89670719298246,42.37391304347826,38.32173913043479,28.39998298245616
12785,2022-07-30 23:00:00,Asia/Bangkok,79.83656868421053,10.74137931034483,9.71551724137931,28.07001052631579
12786,2022-07-31 00:00:00,Asia/Bangkok,80.48663892857142,19.20869565217391,17.50434782608696,28.07082928571427
12787,2022-07-31 01:00:00,Asia/Bangkok,82.21440295652174,17.42241379310345,15.92241379310345,27.67820347826087
12788,2022-07-31 02:00:00,Asia/Bangkok,84.45241047169813,13.16379310344828,12.07758620689655,26.97430547169812
12789,2022-07-31 03:00:00,Asia/Bangkok,86.81556973451329,14.99145299145299,13.70940170940171,26.13076392857143
12790,2022-07-31 04:00:00,Asia/Bangkok,88.11774681415928,14.00869565217391,12.66086956521739,25.81379132743362
12791,2022-07-31 05:00:00,Asia/Bangkok,87.40465758928572,10.31896551724138,9.25,25.79239848214288
12792,2022-07-31 06:00:00,Asia/Bangkok,87.41268517543853,9.71551724137931,8.75,25.76624692982457
12793,2022-07-31 07:00:00,Asia/Bangkok,88.4207058928571,9.069565217391304,8.182608695652174,25.62764828828831
12794,2022-07-31 08:00:00,Asia/Bangkok,86.63672946902659,8.095652173913043,7.182608695652174,26.71057079646017
12795,2022-07-31 09:00:00,Asia/Bangkok,79.13513901785709,10.60869565217391,9.28695652173913,28.70012241071428
12796,2022-07-31 10:00:00,Asia/Bangkok,71.57273955752214,3.230769230769231,2.448275862068965,30.63063672566371
12797,2022-07-31 11:00:00,Asia/Bangkok,67.9360847826087,3.716814159292035,3.035087719298246,31.76556808695651
12798,2022-07-31 12:00:00,Asia/Bangkok,64.22838121739127,4.145299145299146,3.504273504273504,32.96691373913043
12799,2022-07-31 13:00:00,Asia/Bangkok,58.36322034482757,3.758620689655173,3.206896551724138,35.04524801724137
12800,2022-07-31 14:00:00,Asia/Bangkok,57.75842225225225,4.293103448275862,3.775862068965517,35.26832873873873
12801,2022-07-31 15:00:00,Asia/Bangkok,57.38352669642858,3.905172413793104,3.577586206896552,34.87902446428571
12802,2022-07-31 16:00:00,Asia/Bangkok,57.86346725663716,4.482758620689655,4.103448275862069,34.60869557522125
12803,2022-07-31 17:00:00,Asia/Bangkok,57.24189192982456,4.658119658119658,4.17948717948718,33.70117254385965
12804,2022-07-31 18:00:00,Asia/Bangkok,57.33155486956521,6.991379310344827,6.344827586206897,33.48047739130433
12805,2022-07-31 19:00:00,Asia/Bangkok,61.04168298245615,5.146551724137931,4.577586206896552,32.2767852631579
12806,2022-07-31 20:00:00,Asia/Bangkok,66.04795370689654,7.256410256410256,6.683760683760684,31.13704286956523
12807,2022-07-31 21:00:00,Asia/Bangkok,70.73216567567569,7.508620689655173,6.810344827586207,30.19333243243242
12808,2022-07-31 22:00:00,Asia/Bangkok,73.5557896460177,8.724137931034482,7.922413793103448,29.53235141592919
12809,2022-07-31 23:00:00,Asia/Bangkok,75.25703312499999,6.886956521739131,6.260869565217392,29.08779508928574
12810,2022-08-01 00:00:00,Asia/Bangkok,76.99406857142858,4.612068965517241,4.094827586206897,28.66021312499999
12811,2022-08-01 01:00:00,Asia/Bangkok,79.34308508771932,5.163793103448276,4.655172413793103,28.30919280701752
12812,2022-08-01 02:00:00,Asia/Bangkok,81.79988372727276,5.70940170940171,5.128205128205129,27.77391654545456
12813,2022-08-01 03:00:00,Asia/Bangkok,82.9690340869565,5.422413793103448,4.775862068965517,27.55768800000002
12814,2022-08-01 04:00:00,Asia/Bangkok,83.61844963963969,7.689655172413793,6.905172413793103,27.49045540540541
12815,2022-08-01 05:00:00,Asia/Bangkok,79.83188873873874,1.827586206896552,1.439655172413793,27.48052036036037
12816,2022-08-01 06:00:00,Asia/Bangkok,79.42759771929826,0.75,0.4913793103448276,27.3133703508772
12817,2022-08-01 07:00:00,Asia/Bangkok,81.39479408695655,1.224137931034483,0.9913793103448276,26.87935660869567
12818,2022-08-01 08:00:00,Asia/Bangkok,82.89121078947365,1.344827586206897,1.034782608695652,26.72955859649125
12819,2022-08-01 09:00:00,Asia/Bangkok,82.16994116071432,0.8035714285714286,0.6194690265486725,27.17360089285711
12820,2022-08-01 10:00:00,Asia/Bangkok,81.81030903508768,1.539130434782609,1.269565217391304,27.54955692982453
12821,2022-08-01 11:00:00,Asia/Bangkok,79.1136240350877,0.4869565217391305,0.3103448275862069,28.51672964912281
12822,2022-08-01 12:00:00,Asia/Bangkok,73.52312078947371,0.2068965517241379,0.1206896551724138,29.81753052631579
12823,2022-08-01 13:00:00,Asia/Bangkok,72.484508,0.3846153846153846,0.2672413793103448,30.12489486956524
12824,2022-08-01 14:00:00,Asia/Bangkok,70.37766054545453,0.06896551724137931,0.04273504273504274,30.55076236363635
12825,2022-08-01 15:00:00,Asia/Bangkok,69.8144257142857,0.06086956521739131,0.03478260869565217,30.74072540540542
12826,2022-08-01 16:00:00,Asia/Bangkok,72.24562176991152,0.4827586206896552,0.2844827586206897,30.17488605263158
12827,2022-08-01 17:00:00,Asia/Bangkok,75.10818025862069,1.491379310344828,1.241379310344828,29.23616260869563
12828,2022-08-01 18:00:00,Asia/Bangkok,75.95479245454545,5.353982300884955,4.84070796460177,29.02748126126126
12829,2022-08-01 19:00:00,Asia/Bangkok,80.39213162393165,4.53781512605042,4.050420168067227,27.58483427350425
12830,2022-08-01 20:00:00,Asia/Bangkok,81.20036607142853,4.646551724137931,3.982758620689655,27.16958247787611
12831,2022-08-01 21:00:00,Asia/Bangkok,80.68684557522123,3.324786324786325,2.794871794871795,27.02916303571428
12832,2022-08-01 22:00:00,Asia/Bangkok,82.4661801754386,1.758620689655172,1.379310344827586,26.67830780701755
12833,2022-08-01 23:00:00,Asia/Bangkok,84.43925883928573,3.258620689655173,2.827586206896552,26.40073151785713
12834,2022-08-02 00:00:00,Asia/Bangkok,85.71818783783785,2.478632478632479,2.085470085470086,25.99642263636364
12835,2022-08-02 01:00:00,Asia/Bangkok,85.74748642201831,2.362068965517242,2.017241379310345,25.96190651376147
12836,2022-08-02 02:00:00,Asia/Bangkok,85.8411671304348,3.560344827586207,3.103448275862069,25.90073730434781
12837,2022-08-02 03:00:00,Asia/Bangkok,84.38775292035402,2.085470085470086,1.726495726495727,26.01191247787609
12838,2022-08-02 04:00:00,Asia/Bangkok,85.35308713043479,2.939655172413793,2.525862068965517,25.83679165217391
12839,2022-08-02 05:00:00,Asia/Bangkok,86.64039236363638,2.629310344827586,2.336206896551724,25.56482418181821
12840,2022-08-02 06:00:00,Asia/Bangkok,87.05274594594594,3.577586206896552,3.137931034482758,25.50606504587158
12841,2022-08-02 07:00:00,Asia/Bangkok,87.75068913793106,5.482758620689655,4.724137931034483,25.59393043478265
12842,2022-08-02 08:00:00,Asia/Bangkok,88.08837053571428,5.405172413793103,4.810344827586207,25.87813553571429
12843,2022-08-02 09:00:00,Asia/Bangkok,84.38625330434783,4.620689655172414,4.017241379310345,27.08582947826086
12844,2022-08-02 10:00:00,Asia/Bangkok,78.57770025862067,5.846153846153846,5.136752136752137,28.69370922413792
12845,2022-08-02 11:00:00,Asia/Bangkok,71.80943877192985,2.20353982300885,1.893805309734513,30.87383228070176
12846,2022-08-02 12:00:00,Asia/Bangkok,66.37958945454547,2.681034482758621,2.301724137931035,32.65236209090909
12847,2022-08-02 13:00:00,Asia/Bangkok,62.23633078947368,3.75,3.448275862068965,33.79540921052631
12848,2022-08-02 14:00:00,Asia/Bangkok,59.2266357017544,3.663793103448276,3.439655172413793,34.87255780701754
12849,2022-08-02 15:00:00,Asia/Bangkok,68.77452873873872,4.146551724137931,3.732758620689655,31.92527090090091
12850,2022-08-02 16:00:00,Asia/Bangkok,79.76502375000005,2.808695652173913,2.443478260869565,28.80805508928573
12851,2022-08-02 17:00:00,Asia/Bangkok,80.44227026315792,2.426086956521739,2.139130434782609,27.7774721052632
12852,2022-08-02 18:00:00,Asia/Bangkok,82.6390546902655,4.147826086956521,3.756521739130435,27.62273911504424
12853,2022-08-02 19:00:00,Asia/Bangkok,85.5960729824561,3.068965517241379,2.724137931034483,26.72273807017543
12854,2022-08-02 20:00:00,Asia/Bangkok,87.10282130434787,2.991304347826087,2.68695652173913,26.26892140350878
12855,2022-08-02 21:00:00,Asia/Bangkok,87.84109063063062,5.447368421052632,4.850877192982456,26.00146855855855
12856,2022-08-02 22:00:00,Asia/Bangkok,87.75304422413792,2.923076923076923,2.632478632478632,25.79209260869566
12857,2022-08-02 23:00:00,Asia/Bangkok,88.01454106194689,4.603448275862069,4.25,25.78841265486726
12858,2022-08-03 00:00:00,Asia/Bangkok,88.79773241379307,3.632478632478632,3.222222222222222,25.68416181034481
12859,2022-08-03 01:00:00,Asia/Bangkok,88.88869763636366,4.139130434782609,3.765217391304348,25.55679027272729
12860,2022-08-03 02:00:00,Asia/Bangkok,88.72212157894737,4.085470085470085,3.572649572649573,25.52645438596495
12861,2022-08-03 03:00:00,Asia/Bangkok,88.92453219298244,4.53448275862069,4.03448275862069,25.56060763157893
12862,2022-08-03 04:00:00,Asia/Bangkok,88.619927631579,4.577586206896552,4.172413793103448,25.79351280701756
12863,2022-08-03 05:00:00,Asia/Bangkok,88.75135719298244,4.681034482758621,4.060869565217391,25.86301017543859
12864,2022-08-03 06:00:00,Asia/Bangkok,89.74259210526323,6.391304347826087,5.827586206896552,25.6233736521739
12865,2022-08-03 07:00:00,Asia/Bangkok,90.05536321739129,19.94017094017094,18.21367521367521,25.66833631578946
12866,2022-08-03 08:00:00,Asia/Bangkok,90.63118734513276,10.14655172413793,9.586206896551724,25.79878637168143
12867,2022-08-03 09:00:00,Asia/Bangkok,90.07393678571431,12.43103448275862,11.70689655172414,26.27007500000001
12868,2022-08-03 10:00:00,Asia/Bangkok,87.17777571428573,11.27586206896552,10.46551724137931,26.98398392857143
12869,2022-08-03 11:00:00,Asia/Bangkok,84.4022279464286,8.931034482758621,8.310344827586206,27.82877690265488
12870,2022-08-03 12:00:00,Asia/Bangkok,79.98437868421054,6.827586206896552,6.379310344827586,29.41880885964912
12871,2022-08-03 13:00:00,Asia/Bangkok,77.1368457894737,8.150442477876107,7.619469026548672,30.51519796460177
12872,2022-08-03 14:00:00,Asia/Bangkok,74.04465573913046,8.801724137931034,8.14655172413793,31.17340035087718
12873,2022-08-03 15:00:00,Asia/Bangkok,63.62551652173912,4.393162393162394,3.94017094017094,33.43178486956522
12874,2022-08-03 16:00:00,Asia/Bangkok,57.61081236842107,1.836206896551724,1.646551724137931,33.70695947368421
12875,2022-08-03 17:00:00,Asia/Bangkok,62.63478646551723,5.155172413793103,4.827586206896552,33.0454505172414
12876,2022-08-03 18:00:00,Asia/Bangkok,66.65684254385964,6.803418803418803,6.341880341880342,31.33790780701753
12877,2022-08-03 19:00:00,Asia/Bangkok,70.91784472727271,6.094827586206897,5.655172413793103,29.56589781818181
12878,2022-08-03 20:00:00,Asia/Bangkok,78.59777805309734,9.491379310344827,9.025862068965518,28.06062336283185
12879,2022-08-03 21:00:00,Asia/Bangkok,80.15399652173909,11.7948717948718,11.03418803418803,27.82240139130435
12880,2022-08-03 22:00:00,Asia/Bangkok,82.42173964912281,13.3448275862069,12.55172413793103,27.81246868421051
12881,2022-08-03 23:00:00,Asia/Bangkok,83.8095501785714,14.37931034482759,13.62068965517241,27.78374991071425
12882,2022-08-04 00:00:00,Asia/Bangkok,84.34761234234236,14.24347826086957,13.63478260869565,27.6883693636364
12883,2022-08-04 01:00:00,Asia/Bangkok,84.79367578947365,5.767241379310345,5.344827586206897,26.73948552631578
12884,2022-08-04 02:00:00,Asia/Bangkok,87.01724142857147,2.810344827586207,2.568965517241379,25.30899642857146
12885,2022-08-04 03:00:00,Asia/Bangkok,87.11854692982456,2.728070175438596,2.368421052631579,25.25417350877193
12886,2022-08-04 04:00:00,Asia/Bangkok,86.00002017391307,2.258620689655173,1.948275862068966,24.91129582608697
12887,2022-08-04 05:00:00,Asia/Bangkok,86.07322707964603,2.206896551724138,1.956896551724138,24.98425946902659
12888,2022-08-04 06:00:00,Asia/Bangkok,86.96827799999997,4.2,3.817391304347826,25.14560166666666
12889,2022-08-04 07:00:00,Asia/Bangkok,87.23349824561404,3.405172413793104,3.094827586206896,25.32502628318584
12890,2022-08-04 08:00:00,Asia/Bangkok,87.82659429824567,4.767241379310345,4.46551724137931,25.51057350877194
12891,2022-08-04 09:00:00,Asia/Bangkok,88.51111410714282,6.724137931034483,6.353448275862069,26.140326875
12892,2022-08-04 10:00:00,Asia/Bangkok,85.75551389380533,6.46551724137931,5.948275862068965,27.16215508928571
12893,2022-08-04 11:00:00,Asia/Bangkok,83.14501798245614,6.836206896551724,6.28448275862069,27.82828061946901
12894,2022-08-04 12:00:00,Asia/Bangkok,80.2114571929824,4.947368421052632,4.657894736842105,28.68847438596492
12895,2022-08-04 13:00:00,Asia/Bangkok,78.64959008695652,6.745762711864407,6.372881355932203,29.21700617391304
12896,2022-08-04 14:00:00,Asia/Bangkok,77.57012105263156,8.551724137931034,8.14655172413793,29.60260217391307
12897,2022-08-04 15:00:00,Asia/Bangkok,77.62747614035091,6.672413793103448,6.336206896551724,29.69403725663716
12898,2022-08-04 16:00:00,Asia/Bangkok,79.12150469565216,7.129310344827586,6.775862068965517,29.53212921739129
12899,2022-08-04 17:00:00,Asia/Bangkok,81.45184904347828,9.982758620689655,9.431034482758621,29.16406165217393
12900,2022-08-04 18:00:00,Asia/Bangkok,82.16284205128201,25.47008547008547,22.44444444444444,29.1004818803419
12901,2022-08-04 19:00:00,Asia/Bangkok,84.67054817391299,38.1551724137931,33.50862068965517,28.67358408695652
12902,2022-08-04 20:00:00,Asia/Bangkok,86.83244863636364,61.18965517241379,52.21551724137931,27.99785672727274
12903,2022-08-04 21:00:00,Asia/Bangkok,87.10989486486481,32.60344827586207,29.89655172413793,27.70111281818183
12904,2022-08-04 22:00:00,Asia/Bangkok,86.97046539130437,26.78632478632479,24.8974358974359,27.72968382608694
12905,2022-08-04 23:00:00,Asia/Bangkok,86.33096972477064,24.21739130434782,23.31034482758621,27.70320972477066
12906,2022-08-05 00:00:00,Asia/Bangkok,87.74354491071428,24.68103448275862,23.44827586206896,27.52751508928571
12907,2022-08-05 01:00:00,Asia/Bangkok,89.75831538461532,19.56410256410257,18.81196581196581,27.00706025641023
12908,2022-08-05 02:00:00,Asia/Bangkok,90.01450938053094,16.77586206896552,15.93965517241379,26.76079079646017
12909,2022-08-05 03:00:00,Asia/Bangkok,90.19825771929824,15.01724137931035,14.33620689655172,26.74227710526313
12910,2022-08-05 04:00:00,Asia/Bangkok,90.77000651785718,16.29824561403509,15.57017543859649,26.51434044642858
12911,2022-08-05 05:00:00,Asia/Bangkok,90.6653373504274,15.04237288135593,14.39830508474576,26.47701162393162
12912,2022-08-05 06:00:00,Asia/Bangkok,90.18477859649126,23.49565217391304,22.60869565217391,26.48083824561404
12913,2022-08-05 07:00:00,Asia/Bangkok,90.4889167826087,27.1551724137931,26.25,26.41458267857141
12914,2022-08-05 08:00:00,Asia/Bangkok,90.79821956140349,24.30434782608696,23.47826086956522,26.51615707964601
12915,2022-08-05 09:00:00,Asia/Bangkok,90.13205573913045,20.70689655172414,19.95689655172414,27.14408895652173
12916,2022-08-05 10:00:00,Asia/Bangkok,86.26938513761469,17.61206896551724,16.81739130434783,28.28521504587158
12917,2022-08-05 11:00:00,Asia/Bangkok,80.24996160714285,11.93913043478261,11.58620689655172,29.90057767857142
12918,2022-08-05 12:00:00,Asia/Bangkok,73.61520945454545,11.20353982300885,10.54385964912281,31.1109353211009
12919,2022-08-05 13:00:00,Asia/Bangkok,69.429188974359,8.966101694915254,8.474576271186441,31.4660974358974
12920,2022-08-05 14:00:00,Asia/Bangkok,65.45932052173912,8.149122807017545,7.657894736842105,32.35749834782609
12921,2022-08-05 15:00:00,Asia/Bangkok,61.81341429824561,6.043103448275862,5.560344827586207,32.92085280701753
12922,2022-08-05 16:00:00,Asia/Bangkok,63.25716071428571,5.767241379310345,5.370689655172414,32.05400696428572
12923,2022-08-05 17:00:00,Asia/Bangkok,66.48833275862066,8.675213675213675,7.905982905982906,30.39123051724137
12924,2022-08-05 18:00:00,Asia/Bangkok,69.26189600000002,8.71551724137931,8.025862068965518,29.88219826086958
12925,2022-08-05 19:00:00,Asia/Bangkok,72.4754074137931,7.623931623931623,6.931034482758621,29.40210586206895
12926,2022-08-05 20:00:00,Asia/Bangkok,76.5288102586207,10.55172413793103,9.752136752136753,28.67573189655172
12927,2022-08-05 21:00:00,Asia/Bangkok,77.67152774774777,8.89655172413793,8.28448275862069,28.50022387387389
12928,2022-08-05 22:00:00,Asia/Bangkok,79.68247973913039,15.38793103448276,14.18103448275862,28.43552852173913
12929,2022-08-05 23:00:00,Asia/Bangkok,82.00153285714283,18.82758620689655,17.91379310344828,28.00347678571429
12930,2022-08-06 00:00:00,Asia/Bangkok,85.52588899999999,27.63793103448276,24.32758620689655,27.56626090909091
12931,2022-08-06 01:00:00,Asia/Bangkok,85.90179276785713,13.67241379310345,12.99137931034483,27.07963598214285
12932,2022-08-06 02:00:00,Asia/Bangkok,87.12778315789471,14.9051724137931,14.17241379310345,27.01040614035087
12933,2022-08-06 03:00:00,Asia/Bangkok,88.53894945945946,17.57758620689655,16.61206896551724,26.72104171171171
12934,2022-08-06 04:00:00,Asia/Bangkok,90.15157259259253,19.70689655172414,18.76724137931035,26.41908370370371
12935,2022-08-06 05:00:00,Asia/Bangkok,90.56912678260866,19.49137931034483,18.61206896551724,26.2751640869565
12936,2022-08-06 06:00:00,Asia/Bangkok,90.34307904347826,28.16666666666667,26.64601769911505,26.04189182608697
12937,2022-08-06 07:00:00,Asia/Bangkok,89.9894149107143,21.93965517241379,20.7948717948718,25.94346000000002
12938,2022-08-06 08:00:00,Asia/Bangkok,86.844635,15.80869565217391,14.68965517241379,26.75260210526316
12939,2022-08-06 09:00:00,Asia/Bangkok,84.13389701754383,12.19827586206897,11.10344827586207,27.78128868421052
12940,2022-08-06 10:00:00,Asia/Bangkok,78.94805105263156,10.44827586206897,9.318965517241379,29.31431526315788
12941,2022-08-06 11:00:00,Asia/Bangkok,71.69349694444445,8.878260869565217,7.634782608695653,31.47544722222224
12942,2022-08-06 12:00:00,Asia/Bangkok,84.20245837837837,4.2,3.582608695652174,27.07575972972973
12943,2022-08-06 13:00:00,Asia/Bangkok,82.48494455357141,3.478260869565217,2.973913043478261,27.68010455357143
12944,2022-08-06 14:00:00,Asia/Bangkok,79.62188165217394,3.931623931623931,3.564102564102564,28.37884730434782
12945,2022-08-06 15:00:00,Asia/Bangkok,78.40738026785714,2.112068965517242,1.637931034482759,28.06164964285713
12946,2022-08-06 16:00:00,Asia/Bangkok,75.38515893805311,3.295652173913044,2.773913043478261,29.27661327433629
12947,2022-08-06 17:00:00,Asia/Bangkok,76.21259173913043,4.4,3.68695652173913,28.85635289473683
12948,2022-08-06 18:00:00,Asia/Bangkok,78.16258808695653,4.591304347826087,3.8,27.96945356521739
12949,2022-08-06 19:00:00,Asia/Bangkok,80.23805477477481,6.460869565217391,5.51304347826087,27.34584882882882
12950,2022-08-06 20:00:00,Asia/Bangkok,81.9977094782609,6.539130434782609,5.747826086956522,26.74036086956523
12951,2022-08-06 21:00:00,Asia/Bangkok,84.41218052173913,10.19827586206897,9.241379310344827,26.35989365217391
12952,2022-08-06 22:00:00,Asia/Bangkok,86.2753565454545,13.29310344827586,12.46551724137931,25.8995099082569
12953,2022-08-06 23:00:00,Asia/Bangkok,87.06999469565224,14.94017094017094,14.01709401709402,25.81127191304346
12954,2022-08-07 00:00:00,Asia/Bangkok,87.77475394736847,16.93965517241379,15.93965517241379,25.55845307017545
12955,2022-08-07 01:00:00,Asia/Bangkok,88.4836653097345,16.80172413793104,15.89655172413793,25.42231513274337
12956,2022-08-07 02:00:00,Asia/Bangkok,88.78372654867258,19.51724137931035,18.06034482758621,25.39648557522123
12957,2022-08-07 03:00:00,Asia/Bangkok,89.29600903508768,16.63793103448276,15.70689655172414,25.37733666666666
12958,2022-08-07 04:00:00,Asia/Bangkok,91.27945562500001,14.28448275862069,13.35344827586207,25.11682642857142
12959,2022-08-07 05:00:00,Asia/Bangkok,90.5448369827586,8.577586206896552,7.801724137931035,25.35899965517242
12960,2022-08-07 06:00:00,Asia/Bangkok,88.62917405172416,7.0,6.282051282051282,25.80068577586209
12961,2022-08-07 07:00:00,Asia/Bangkok,89.06154377192975,9.28695652173913,8.469565217391304,25.9572061061947
12962,2022-08-07 08:00:00,Asia/Bangkok,90.84746342105264,14.54867256637168,13.34513274336283,25.79170877192983
12963,2022-08-07 09:00:00,Asia/Bangkok,85.63470660714287,7.793103448275862,6.758620689655173,27.45315125
12964,2022-08-07 10:00:00,Asia/Bangkok,77.05476099099096,5.46551724137931,4.732758620689655,29.65411527272729
12965,2022-08-07 11:00:00,Asia/Bangkok,71.41467982300888,5.957264957264957,5.273504273504273,31.13421672566371
12966,2022-08-07 12:00:00,Asia/Bangkok,66.28410780701752,5.198275862068965,4.758620689655173,31.94144745614036
12967,2022-08-07 13:00:00,Asia/Bangkok,63.12107805309737,5.267241379310345,4.862068965517241,32.53228814159294
12968,2022-08-07 14:00:00,Asia/Bangkok,63.28848339285712,7.678260869565217,7.234782608695652,32.64772544642857
12969,2022-08-07 15:00:00,Asia/Bangkok,62.56704938596491,9.698275862068966,9.301724137931034,33.02351885964914
12970,2022-08-07 16:00:00,Asia/Bangkok,53.96357095652174,7.060344827586207,6.603448275862069,33.99807429824563
12971,2022-08-07 17:00:00,Asia/Bangkok,56.08217090090088,6.418803418803419,5.78448275862069,33.11472099099097
12972,2022-08-07 18:00:00,Asia/Bangkok,58.48479243478259,11.5,10.4017094017094,31.81746391304347
12973,2022-08-07 19:00:00,Asia/Bangkok,63.61371433628319,18.06034482758621,16.03448275862069,30.84551690265487
12974,2022-08-07 20:00:00,Asia/Bangkok,72.25613896551728,52.5,43.49137931034483,29.50707810344826
12975,2022-08-07 21:00:00,Asia/Bangkok,74.29015544642857,33.47413793103448,29.30172413793104,28.70987535714284
12976,2022-08-07 22:00:00,Asia/Bangkok,72.99982901785712,23.29310344827586,21.92241379310345,28.27222464285713
12977,2022-08-07 23:00:00,Asia/Bangkok,77.30613973684211,29.16239316239316,26.65811965811966,27.52177491228072
12978,2022-08-08 00:00:00,Asia/Bangkok,80.77051185840708,32.99137931034483,30.18965517241379,26.95794168141592
12979,2022-08-08 01:00:00,Asia/Bangkok,80.69900236363631,30.89655172413793,28.97413793103448,27.01947218181817
12980,2022-08-08 02:00:00,Asia/Bangkok,82.91177913043477,32.57391304347826,30.0,26.68286565217392
12981,2022-08-08 03:00:00,Asia/Bangkok,86.05575525862072,33.79310344827586,30.67241379310345,26.09589275862067
12982,2022-08-08 04:00:00,Asia/Bangkok,85.8999344347826,26.88695652173913,25.33043478260869,26.09573852173913
12983,2022-08-08 05:00:00,Asia/Bangkok,87.63705008620688,26.85344827586207,25.46551724137931,25.64255982758624
12984,2022-08-08 06:00:00,Asia/Bangkok,88.13689000000004,28.6551724137931,27.0,25.49958763157893
12985,2022-08-08 07:00:00,Asia/Bangkok,88.44590938596492,42.96551724137931,36.63793103448276,25.35869210526314
12986,2022-08-08 08:00:00,Asia/Bangkok,89.24035886956523,36.02586206896552,32.41379310344828,25.93022765217392
12987,2022-08-08 09:00:00,Asia/Bangkok,88.08313298245612,28.78632478632479,27.31623931623932,27.41130763157894
12988,2022-08-08 10:00:00,Asia/Bangkok,80.05546410714284,28.68965517241379,27.61206896551724,29.66625660714285
12989,2022-08-08 11:00:00,Asia/Bangkok,75.1247020353982,30.68103448275862,29.37068965517241,30.91269787610618
12990,2022-08-08 12:00:00,Asia/Bangkok,67.88489290909091,29.32758620689655,28.32758620689655,31.99014200000001
12991,2022-08-08 13:00:00,Asia/Bangkok,62.78893800000002,26.51724137931035,25.78448275862069,33.21611443478261
12992,2022-08-08 14:00:00,Asia/Bangkok,57.65416141592922,20.88695652173913,20.33913043478261,34.18931008849557
12993,2022-08-08 15:00:00,Asia/Bangkok,56.63863324786326,19.58974358974359,18.98290598290598,34.47265974358975
12994,2022-08-08 16:00:00,Asia/Bangkok,57.96352831858409,24.51724137931035,23.57758620689655,34.35867681415931
12995,2022-08-08 17:00:00,Asia/Bangkok,57.8287215789474,14.66379310344828,14.20689655172414,33.63886464912281
12996,2022-08-08 18:00:00,Asia/Bangkok,57.26587301724141,16.37068965517241,15.71551724137931,33.50785198275862
12997,2022-08-08 19:00:00,Asia/Bangkok,55.98208398230089,25.76724137931035,22.92241379310345,32.67884920353985
12998,2022-08-08 20:00:00,Asia/Bangkok,61.66427436363634,25.28448275862069,23.76724137931035,31.42607318181818
12999,2022-08-08 21:00:00,Asia/Bangkok,68.25304686956521,53.32478632478632,44.07692307692308,30.27176217391303
13000,2022-08-08 22:00:00,Asia/Bangkok,74.11259769911501,64.71551724137932,52.32758620689656,28.96713946902657
13001,2022-08-08 23:00:00,Asia/Bangkok,77.94772721739128,64.52586206896552,52.47413793103448,28.49625587719299
13002,2022-08-09 00:00:00,Asia/Bangkok,77.59520456140349,42.68965517241379,36.75,28.2570746491228
13003,2022-08-09 01:00:00,Asia/Bangkok,78.78406929824565,36.3859649122807,32.6578947368421,28.12587614035088
13004,2022-08-09 02:00:00,Asia/Bangkok,81.57179982300885,37.98275862068966,33.46551724137931,27.60475327433627
13005,2022-08-09 03:00:00,Asia/Bangkok,82.6006454385965,37.04310344827586,33.00862068965517,27.39968061946901
13006,2022-08-09 04:00:00,Asia/Bangkok,84.98666102564107,39.85470085470085,34.50427350427351,26.81787837606838
13007,2022-08-09 05:00:00,Asia/Bangkok,86.68116289473684,39.14655172413793,34.11206896551724,26.45422956140352
13008,2022-08-09 06:00:00,Asia/Bangkok,86.96316300884958,42.43859649122807,36.1140350877193,26.51235088495575
13009,2022-08-09 07:00:00,Asia/Bangkok,87.62128478260875,35.94782608695652,32.57391304347826,26.28684269565216
13010,2022-08-09 08:00:00,Asia/Bangkok,85.11515405405405,28.60176991150442,27.07964601769912,26.84084333333333
13011,2022-08-09 09:00:00,Asia/Bangkok,79.84982690265488,19.80869565217391,18.82608695652174,28.42683584070797
13012,2022-08-09 10:00:00,Asia/Bangkok,71.35249833333336,7.982758620689655,7.198275862068965,30.48789982456138
13013,2022-08-09 11:00:00,Asia/Bangkok,64.94333785714288,5.086206896551724,4.508620689655173,32.01645437500002
13014,2022-08-09 12:00:00,Asia/Bangkok,66.26885000000001,8.11304347826087,7.269565217391304,31.88148518181819
13015,2022-08-09 13:00:00,Asia/Bangkok,66.93914763157896,7.226086956521739,6.68695652173913,32.0421761061947
13016,2022-08-09 14:00:00,Asia/Bangkok,60.59408526315787,9.130434782608695,8.330434782608696,33.40343184210526
13017,2022-08-09 15:00:00,Asia/Bangkok,59.21474443478265,8.586206896551724,8.068965517241379,34.72025199999999
13018,2022-08-09 16:00:00,Asia/Bangkok,55.65859429824561,7.017241379310345,6.46551724137931,35.20751885964911
13019,2022-08-09 17:00:00,Asia/Bangkok,61.56722184210527,10.07758620689655,9.508620689655173,32.87468201754385
13020,2022-08-09 18:00:00,Asia/Bangkok,67.64748963636363,7.577586206896552,6.758620689655173,31.33625163636362
13021,2022-08-09 19:00:00,Asia/Bangkok,67.0779570940171,5.637931034482759,4.844827586206897,30.74852836206901
13022,2022-08-09 20:00:00,Asia/Bangkok,68.33938878260871,10.65811965811966,9.615384615384615,30.21691443478262
13023,2022-08-09 21:00:00,Asia/Bangkok,69.35997911504425,10.75862068965517,9.53448275862069,29.73983451327438
13024,2022-08-09 22:00:00,Asia/Bangkok,72.59593869565218,12.60869565217391,11.52586206896552,29.12073478260869
13025,2022-08-09 23:00:00,Asia/Bangkok,75.43532991228074,18.53211009174312,16.77064220183486,28.7390496460177
13026,2022-08-10 00:00:00,Asia/Bangkok,80.00533451327436,21.14655172413793,19.37931034482759,27.57864
13027,2022-08-10 01:00:00,Asia/Bangkok,81.67348605263153,43.62068965517241,36.33620689655172,27.14148499999999
13028,2022-08-10 02:00:00,Asia/Bangkok,82.84010304347825,19.5982905982906,16.74358974358974,26.52996139130434
13029,2022-08-10 03:00:00,Asia/Bangkok,79.82885380530973,5.724137931034483,4.982758620689655,26.83196654867257
13030,2022-08-10 04:00:00,Asia/Bangkok,78.87686741071423,4.353448275862069,3.637931034482758,27.08192553571426
13031,2022-08-10 05:00:00,Asia/Bangkok,78.83036171171176,3.28448275862069,2.78448275862069,27.14561801801801
13032,2022-08-10 06:00:00,Asia/Bangkok,81.81872405405409,4.827586206896552,4.28448275862069,26.73128729729731
13033,2022-08-10 07:00:00,Asia/Bangkok,85.06323460869567,7.603448275862069,6.741379310344827,26.0286148245614
13034,2022-08-10 08:00:00,Asia/Bangkok,83.09573194690267,7.129310344827586,6.224137931034483,27.05565787610619
13035,2022-08-10 09:00:00,Asia/Bangkok,73.98154575221241,4.393162393162394,3.820512820512821,29.43255707964602
13036,2022-08-10 10:00:00,Asia/Bangkok,68.56633101851854,4.578947368421052,3.964912280701754,30.79278425925925
13037,2022-08-10 11:00:00,Asia/Bangkok,66.34223868421051,6.03448275862069,5.508620689655173,31.49655754385966
13038,2022-08-10 12:00:00,Asia/Bangkok,62.93582284482758,6.810344827586207,6.21551724137931,32.65550782608695
13039,2022-08-10 13:00:00,Asia/Bangkok,57.50833508771935,3.724137931034483,3.232758620689655,34.2219344736842
13040,2022-08-10 14:00:00,Asia/Bangkok,51.20417774774773,2.912280701754386,2.429824561403509,34.97563688073393
13041,2022-08-10 15:00:00,Asia/Bangkok,51.62200741379313,2.931034482758621,2.474137931034483,35.03767517241378
13042,2022-08-10 16:00:00,Asia/Bangkok,54.30205486956523,2.646551724137931,2.25,34.66734
13043,2022-08-10 17:00:00,Asia/Bangkok,55.85176053097346,5.12280701754386,4.596491228070176,34.19370789473684
13044,2022-08-10 18:00:00,Asia/Bangkok,58.15051321739129,4.208695652173913,3.643478260869565,33.00899473684213
13045,2022-08-10 19:00:00,Asia/Bangkok,61.5618017857143,5.129310344827586,4.482758620689655,31.45945366071429
13046,2022-08-10 20:00:00,Asia/Bangkok,66.53783776785714,8.068376068376068,7.324786324786325,30.29864803571428
13047,2022-08-10 21:00:00,Asia/Bangkok,69.67119456896555,6.672413793103448,5.913793103448276,29.61315543103449
13048,2022-08-10 22:00:00,Asia/Bangkok,73.40325834782608,8.264957264957266,7.316239316239316,29.0797271304348
13049,2022-08-10 23:00:00,Asia/Bangkok,76.81206763157894,18.71551724137931,17.45689655172414,28.41260893805306
13050,2022-08-11 00:00:00,Asia/Bangkok,80.02034438596492,12.60344827586207,11.75862068965517,27.74327280701756
13051,2022-08-11 01:00:00,Asia/Bangkok,82.89495261261261,10.3304347826087,9.356521739130434,26.98381405405406
13052,2022-08-11 02:00:00,Asia/Bangkok,84.0328126315789,7.818965517241379,6.982758620689655,26.80411500000001
13053,2022-08-11 03:00:00,Asia/Bangkok,84.50226929824564,6.21551724137931,5.577586206896552,26.77476482456141
13054,2022-08-11 04:00:00,Asia/Bangkok,86.07784280701749,15.61739130434783,14.18260869565217,26.37653157894737
13055,2022-08-11 05:00:00,Asia/Bangkok,86.57447991379307,19.78632478632479,17.21367521367521,26.20463827586206
13056,2022-08-11 06:00:00,Asia/Bangkok,87.01993173913041,13.35344827586207,12.30172413793103,26.08886521739131
13057,2022-08-11 07:00:00,Asia/Bangkok,87.325404,27.23275862068965,24.29310344827586,25.99389626086957
13058,2022-08-11 08:00:00,Asia/Bangkok,87.00825560747658,7.601769911504425,6.699115044247788,26.56209401869159
13059,2022-08-11 09:00:00,Asia/Bangkok,81.96786008849558,6.362068965517241,5.456896551724138,28.2878846017699
13060,2022-08-11 10:00:00,Asia/Bangkok,75.40359153846154,4.837606837606837,4.077586206896552,30.10206282051282
13061,2022-08-11 11:00:00,Asia/Bangkok,69.3260196491228,5.267241379310345,4.606837606837606,31.24301675438594
13062,2022-08-11 12:00:00,Asia/Bangkok,65.7127670642202,7.336206896551724,6.724137931034483,32.27992651376145
13063,2022-08-11 13:00:00,Asia/Bangkok,62.77666434782609,7.752136752136752,7.017241379310345,33.39103330434784
13064,2022-08-11 14:00:00,Asia/Bangkok,60.37034330434781,6.568965517241379,6.136752136752137,33.99213600000001
13065,2022-08-11 15:00:00,Asia/Bangkok,59.34120601851853,8.53448275862069,8.025862068965518,33.93761601851851
13066,2022-08-11 16:00:00,Asia/Bangkok,59.07661931034482,8.991452991452991,8.444444444444445,33.84849469565218
13067,2022-08-11 17:00:00,Asia/Bangkok,58.84825228070178,10.85344827586207,10.18103448275862,33.68274
13068,2022-08-11 18:00:00,Asia/Bangkok,61.75761356521738,22.31034482758621,20.97413793103448,32.39683313043479
13069,2022-08-11 19:00:00,Asia/Bangkok,63.98825730434782,15.80172413793103,14.93103448275862,31.34783495652172
13070,2022-08-11 20:00:00,Asia/Bangkok,67.40822938053098,13.32456140350877,12.3859649122807,30.4096128318584
13071,2022-08-11 21:00:00,Asia/Bangkok,69.23302654545456,15.07758620689655,14.06896551724138,29.96122927272729
13072,2022-08-11 22:00:00,Asia/Bangkok,71.87906625000002,14.90265486725664,13.99115044247788,29.33196544642856
13073,2022-08-11 23:00:00,Asia/Bangkok,76.55286245454546,25.37068965517241,23.23275862068965,28.31817609090909
13074,2022-08-12 00:00:00,Asia/Bangkok,79.87821639639643,34.23275862068966,30.37068965517241,27.50606891891893
13075,2022-08-12 01:00:00,Asia/Bangkok,82.04518565217388,33.40869565217391,30.25217391304348,26.77493556521739
13076,2022-08-12 02:00:00,Asia/Bangkok,83.82242464912278,38.79310344827586,33.41379310344828,26.19311964912281
13077,2022-08-12 03:00:00,Asia/Bangkok,83.99777035398232,20.70689655172414,19.57758620689655,26.10274883928571
13078,2022-08-12 04:00:00,Asia/Bangkok,82.23859026086951,17.59130434782609,16.71304347826087,26.1550900869565
13079,2022-08-12 05:00:00,Asia/Bangkok,84.3915742727273,20.25217391304348,18.94782608695652,25.63563672727271
13080,2022-08-12 06:00:00,Asia/Bangkok,86.68582867256636,18.36206896551724,17.32758620689655,25.2480575221239
13081,2022-08-12 07:00:00,Asia/Bangkok,88.00129675675674,16.45689655172414,15.50862068965517,25.07982054054053
13082,2022-08-12 08:00:00,Asia/Bangkok,87.57373034782609,16.23275862068965,15.12068965517241,25.85789643478262
13083,2022-08-12 09:00:00,Asia/Bangkok,79.23735884955751,7.807017543859649,7.06140350877193,28.24707336283188
13084,2022-08-12 10:00:00,Asia/Bangkok,67.89777587719296,3.939655172413793,3.46551724137931,30.9326671681416
13085,2022-08-12 11:00:00,Asia/Bangkok,60.03179252173915,5.155172413793103,4.672413793103448,33.05050782608695
13086,2022-08-12 12:00:00,Asia/Bangkok,55.50807267241385,9.205128205128204,8.581196581196581,34.2624501724138
13087,2022-08-12 13:00:00,Asia/Bangkok,55.43918646017698,11.80869565217391,11.2,34.72756017699115
13088,2022-08-12 14:00:00,Asia/Bangkok,54.4234835087719,13.06837606837607,12.41880341880342,34.98201692982454
13089,2022-08-12 15:00:00,Asia/Bangkok,55.1475640350877,14.68965517241379,14.11206896551724,34.96904061403506
13090,2022-08-12 16:00:00,Asia/Bangkok,53.73553426086956,15.17241379310345,14.61206896551724,35.39948172413793
13091,2022-08-12 17:00:00,Asia/Bangkok,52.14310318965517,16.88888888888889,16.27350427350427,35.50316913043478
13092,2022-08-12 18:00:00,Asia/Bangkok,55.43631799999997,18.93965517241379,18.1551724137931,34.05804609090912
13093,2022-08-12 19:00:00,Asia/Bangkok,56.94076657894735,16.26724137931035,15.53448275862069,32.94045771929826
13094,2022-08-12 20:00:00,Asia/Bangkok,59.68261256880738,20.64655172413793,19.48275862068965,31.68686908256879
13095,2022-08-12 21:00:00,Asia/Bangkok,65.7251856637168,25.53913043478261,23.07758620689655,30.35218911504426
13096,2022-08-12 22:00:00,Asia/Bangkok,71.686683539823,29.63793103448276,27.43965517241379,28.6491114159292
13097,2022-08-12 23:00:00,Asia/Bangkok,75.49120132743363,37.62068965517241,32.91379310344828,27.86594946902657
13098,2022-08-13 00:00:00,Asia/Bangkok,78.94111675438593,44.82758620689656,38.01724137931034,27.24586342105264
13099,2022-08-13 01:00:00,Asia/Bangkok,81.46703307017542,33.95689655172414,30.63793103448276,26.98747421052634
13100,2022-08-13 02:00:00,Asia/Bangkok,82.9798466666667,33.1025641025641,30.22222222222222,26.58319964601768
13101,2022-08-13 03:00:00,Asia/Bangkok,82.72638159292038,29.41379310344828,27.55172413793104,26.33771681415929
13102,2022-08-13 04:00:00,Asia/Bangkok,82.22267387931032,24.87179487179487,23.47008547008547,26.32245758620689
13103,2022-08-13 05:00:00,Asia/Bangkok,83.47045808695655,23.44827586206896,21.91379310344828,25.82803669565216
13104,2022-08-13 06:00:00,Asia/Bangkok,82.28831362831859,17.8448275862069,16.73275862068965,25.84753619469026
13105,2022-08-13 07:00:00,Asia/Bangkok,82.60963287037039,16.27586206896552,15.31034482758621,25.56363879629632
13106,2022-08-13 08:00:00,Asia/Bangkok,84.41750062499997,22.98260869565217,21.2,25.94973375
13107,2022-08-13 09:00:00,Asia/Bangkok,79.74933026785716,16.1304347826087,14.96521739130435,27.87932991071429
13108,2022-08-13 10:00:00,Asia/Bangkok,71.38848591304347,22.88034188034188,20.1025641025641,30.55567626086957
13109,2022-08-13 11:00:00,Asia/Bangkok,59.09699603603605,4.415929203539823,3.893805309734513,33.40860207207209
13110,2022-08-13 12:00:00,Asia/Bangkok,54.88218999999999,4.267241379310345,3.905172413793104,34.3484907964602
13111,2022-08-13 13:00:00,Asia/Bangkok,49.91606280701755,5.827586206896552,5.551724137931035,35.45714736842104
13112,2022-08-13 14:00:00,Asia/Bangkok,48.30953295652176,8.336206896551724,7.982758620689655,35.71591347826087
13113,2022-08-13 15:00:00,Asia/Bangkok,55.78527260869565,7.474137931034483,7.078260869565217,34.43789478260869
13114,2022-08-13 16:00:00,Asia/Bangkok,63.20768601851851,7.565217391304348,6.96551724137931,33.38673842592595
13115,2022-08-13 17:00:00,Asia/Bangkok,65.66936938596493,9.869565217391305,9.129310344827585,32.83514610619468
13116,2022-08-13 18:00:00,Asia/Bangkok,70.2661905263158,11.47863247863248,10.71551724137931,31.5357692105263
13117,2022-08-13 19:00:00,Asia/Bangkok,74.13370123893806,25.40869565217391,22.95689655172414,30.79924858407081
13118,2022-08-13 20:00:00,Asia/Bangkok,75.1455029824561,22.50434782608696,21.11304347826087,30.42776859649124
13119,2022-08-13 21:00:00,Asia/Bangkok,80.82105776785716,29.71681415929203,26.71681415929203,29.55619919642854
13120,2022-08-13 22:00:00,Asia/Bangkok,83.82410000000002,22.05128205128205,20.70940170940171,28.7612874336283
13121,2022-08-13 23:00:00,Asia/Bangkok,84.44689342105264,15.9051724137931,15.07758620689655,27.89820672566371
13122,2022-08-14 00:00:00,Asia/Bangkok,85.3870274137931,19.75,18.78448275862069,27.76488726495728
13123,2022-08-14 01:00:00,Asia/Bangkok,85.73999278260875,19.52991452991453,18.67521367521368,27.83062166666666
13124,2022-08-14 02:00:00,Asia/Bangkok,86.48773079646016,19.1551724137931,18.27586206896552,27.55557920353981
13125,2022-08-14 03:00:00,Asia/Bangkok,86.75102800000002,11.4051724137931,10.87068965517241,27.06976069565217
13126,2022-08-14 04:00:00,Asia/Bangkok,87.7102488392857,10.06837606837607,9.598290598290598,26.58577428571428
13127,2022-08-14 05:00:00,Asia/Bangkok,87.37069017391309,7.172413793103448,6.637931034482759,26.38132765217391
13128,2022-08-14 06:00:00,Asia/Bangkok,86.40047732758622,7.362068965517241,6.948275862068965,26.57945577586209
13129,2022-08-14 07:00:00,Asia/Bangkok,88.38257962616827,10.8695652173913,10.12173913043478,26.20521485981309
13130,2022-08-14 08:00:00,Asia/Bangkok,89.77108719298243,13.03478260869565,12.18260869565217,26.44581894736844
13131,2022-08-14 09:00:00,Asia/Bangkok,85.16781543859648,26.1551724137931,24.20689655172414,28.13304543859649
13132,2022-08-14 10:00:00,Asia/Bangkok,77.67902243478261,16.43103448275862,15.41379310344828,30.2131082608696
13133,2022-08-14 11:00:00,Asia/Bangkok,70.73213366071427,14.55652173913044,13.94782608695652,31.64065437499999
13134,2022-08-14 12:00:00,Asia/Bangkok,64.18951999999997,15.74358974358974,14.87179487179487,33.42914017699117
13135,2022-08-14 13:00:00,Asia/Bangkok,61.02533892857141,12.26548672566372,11.8141592920354,33.91770607142858
13136,2022-08-14 14:00:00,Asia/Bangkok,60.75319869565219,12.96581196581197,12.31623931623932,34.08564443478262
13137,2022-08-14 15:00:00,Asia/Bangkok,77.35257327433631,8.448275862068966,7.698275862068965,28.4082149557522
13138,2022-08-14 16:00:00,Asia/Bangkok,86.88824385964911,6.732758620689655,6.318965517241379,27.14181570175439
13139,2022-08-14 17:00:00,Asia/Bangkok,77.99998385964913,5.888888888888889,5.504273504273504,30.59370710526315
13140,2022-08-14 18:00:00,Asia/Bangkok,76.81075486486488,6.84070796460177,6.513274336283186,31.22385945945946
13141,2022-08-14 19:00:00,Asia/Bangkok,77.79869035398228,13.62608695652174,12.94782608695652,30.63859955752212
13142,2022-08-14 20:00:00,Asia/Bangkok,84.34849069565219,20.60683760683761,19.70940170940171,28.93808565217392
13143,2022-08-14 21:00:00,Asia/Bangkok,86.21961885964915,31.42608695652174,29.65217391304348,28.35692903508772
13144,2022-08-14 22:00:00,Asia/Bangkok,87.95443655172413,28.91379310344828,27.54310344827586,28.04108999999998
13145,2022-08-14 23:00:00,Asia/Bangkok,88.67950353448278,34.72649572649573,31.35897435897436,27.92334431034486
13146,2022-08-15 00:00:00,Asia/Bangkok,87.87954675438596,35.79310344827586,31.85344827586207,27.84240324561404
13147,2022-08-15 01:00:00,Asia/Bangkok,88.51255910714285,37.61206896551724,33.07758620689656,27.64047648648648
13148,2022-08-15 02:00:00,Asia/Bangkok,88.19512194690272,35.44827586206897,32.00862068965517,27.56209964601772
13149,2022-08-15 03:00:00,Asia/Bangkok,88.67196869565217,18.76923076923077,17.64102564102564,26.90547834782608
13150,2022-08-15 04:00:00,Asia/Bangkok,92.37895756756764,5.422413793103448,4.810344827586207,24.44022627272729
13151,2022-08-15 05:00:00,Asia/Bangkok,93.28551252173912,5.241379310344827,4.836206896551724,24.54792400000001
13152,2022-08-15 06:00:00,Asia/Bangkok,92.42070894736847,5.318965517241379,4.905172413793103,24.5590197368421
13153,2022-08-15 07:00:00,Asia/Bangkok,92.78813052631581,4.405172413793103,4.043103448275862,24.58614456140351
13154,2022-08-15 08:00:00,Asia/Bangkok,92.33169123893808,3.870689655172414,3.5,24.79095398230087
13155,2022-08-15 09:00:00,Asia/Bangkok,92.14933929824562,4.683760683760684,4.341880341880342,25.34791552631578
13156,2022-08-15 10:00:00,Asia/Bangkok,85.44101637168146,8.89655172413793,8.543103448275861,27.89636176991151
13157,2022-08-15 11:00:00,Asia/Bangkok,72.84890634782609,8.120689655172415,7.629310344827586,30.73897652173912
13158,2022-08-15 12:00:00,Asia/Bangkok,65.17009052631582,7.439655172413793,7.03448275862069,32.713245
13159,2022-08-15 13:00:00,Asia/Bangkok,59.93738371681416,8.427350427350428,8.076923076923077,33.89202892857146
13160,2022-08-15 14:00:00,Asia/Bangkok,58.33406584070797,10.00884955752212,9.610619469026549,34.61675318584071
13161,2022-08-15 15:00:00,Asia/Bangkok,55.71451090090088,10.81896551724138,10.45689655172414,35.63486252252253
13162,2022-08-15 16:00:00,Asia/Bangkok,54.05435530973454,10.41379310344828,10.08620689655172,36.11236201754385
13163,2022-08-15 17:00:00,Asia/Bangkok,53.56834852173914,11.62608695652174,11.0695652173913,35.67459289473685
13164,2022-08-15 18:00:00,Asia/Bangkok,57.52982930434784,12.79310344827586,12.1551724137931,34.51036530434783
13165,2022-08-15 19:00:00,Asia/Bangkok,63.68576964601768,15.20869565217391,14.69565217391304,32.66809796460177
13166,2022-08-15 20:00:00,Asia/Bangkok,75.03267530973454,10.93913043478261,10.45217391304348,28.92629736842104
13167,2022-08-15 21:00:00,Asia/Bangkok,83.46798885964914,12.68695652173913,12.17391304347826,27.15493061946903
13168,2022-08-15 22:00:00,Asia/Bangkok,85.44777160714283,12.6,12.10434782608696,26.83978687500001
13169,2022-08-15 23:00:00,Asia/Bangkok,84.7870392920354,12.88695652173913,12.25862068965517,26.90103920353983
13170,2022-08-16 00:00:00,Asia/Bangkok,84.46020071428576,14.81196581196581,14.23931623931624,26.85201946428572
13171,2022-08-16 01:00:00,Asia/Bangkok,84.56420750000002,15.35344827586207,14.67241379310345,26.67091187499999
13172,2022-08-16 02:00:00,Asia/Bangkok,83.59754117117119,15.1551724137931,14.58620689655172,26.70651245454544
13173,2022-08-16 03:00:00,Asia/Bangkok,84.21734387931035,14.18103448275862,13.56896551724138,26.52772827586209
13174,2022-08-16 04:00:00,Asia/Bangkok,81.85381379310344,9.275862068965518,8.801724137931034,26.72365586206897
13175,2022-08-16 05:00:00,Asia/Bangkok,79.98629267241378,5.982905982905983,5.681034482758621,26.84867387931035
13176,2022-08-16 06:00:00,Asia/Bangkok,82.0588586725664,8.060869565217391,7.560344827586207,26.45809469026548
13177,2022-08-16 07:00:00,Asia/Bangkok,85.57250000000002,12.85344827586207,12.25862068965517,25.92622734513274
13178,2022-08-16 08:00:00,Asia/Bangkok,85.42470182608693,13.5,12.89655172413793,26.49631460869566
13179,2022-08-16 09:00:00,Asia/Bangkok,80.53382350877199,6.818965517241379,6.379310344827586,27.83579614035088
13180,2022-08-16 10:00:00,Asia/Bangkok,76.45026460176992,4.769911504424779,4.31858407079646,29.19789849557522
13181,2022-08-16 11:00:00,Asia/Bangkok,72.47705,4.896551724137931,4.413793103448276,30.47819069565217
13182,2022-08-16 12:00:00,Asia/Bangkok,73.33910504347823,3.879310344827586,3.379310344827586,30.64189382608696
13183,2022-08-16 13:00:00,Asia/Bangkok,78.66877026315791,0.3793103448275862,0.1637931034482759,27.72420429824561
13184,2022-08-16 14:00:00,Asia/Bangkok,69.87878711711711,0.4482758620689655,0.2758620689655172,30.04330372727273
13185,2022-08-16 15:00:00,Asia/Bangkok,69.72826097345134,0.4482758620689655,0.2672413793103448,30.27144061946902
13186,2022-08-16 16:00:00,Asia/Bangkok,71.84401238938054,1.474137931034483,1.189655172413793,29.95421637168144
13187,2022-08-16 17:00:00,Asia/Bangkok,74.64456991150448,3.629310344827586,3.241379310344827,28.89272557522125
13188,2022-08-16 18:00:00,Asia/Bangkok,77.76411616071428,6.318965517241379,5.8,28.20003026785714
13189,2022-08-16 19:00:00,Asia/Bangkok,79.32808491071431,8.931034482758621,8.03448275862069,27.86581187500001
13190,2022-08-16 20:00:00,Asia/Bangkok,81.65645724137934,8.58974358974359,7.846153846153846,27.18193517241377
13191,2022-08-16 21:00:00,Asia/Bangkok,82.6962554782609,14.66379310344828,13.77586206896552,26.82620347826087
13192,2022-08-16 22:00:00,Asia/Bangkok,85.39677982456142,14.74137931034483,13.77586206896552,26.03464747826087
13193,2022-08-16 23:00:00,Asia/Bangkok,85.78534955357145,8.136752136752136,7.504273504273504,25.87062468468467
13194,2022-08-17 00:00:00,Asia/Bangkok,85.42975477876102,7.362068965517241,6.870689655172414,26.11354867256637
13195,2022-08-17 01:00:00,Asia/Bangkok,86.54871168141597,7.551724137931035,7.008620689655173,25.85077371681413
13196,2022-08-17 02:00:00,Asia/Bangkok,86.4953204424779,7.156521739130435,6.652173913043478,25.88378619469026
13197,2022-08-17 03:00:00,Asia/Bangkok,87.31452035714288,8.474137931034482,7.948275862068965,25.86563592920352
13198,2022-08-17 04:00:00,Asia/Bangkok,87.67864867256635,8.747826086956522,8.156521739130435,25.65683126126126
13199,2022-08-17 05:00:00,Asia/Bangkok,89.17747035714284,8.10344827586207,7.629310344827586,25.54591785714286
13200,2022-08-17 06:00:00,Asia/Bangkok,90.12072681415931,8.956521739130435,8.226086956521739,25.28031433628318
13201,2022-08-17 07:00:00,Asia/Bangkok,90.51993848214282,8.339130434782609,7.730434782608696,25.12395598214284
13202,2022-08-17 08:00:00,Asia/Bangkok,88.36487460869567,6.309734513274337,5.805309734513274,25.97239608695653
13203,2022-08-17 09:00:00,Asia/Bangkok,81.66305468468471,5.339130434782609,4.878260869565217,28.02115306306307
13204,2022-08-17 10:00:00,Asia/Bangkok,74.46987913043478,2.818965517241379,2.439655172413793,29.41193939130435
13205,2022-08-17 11:00:00,Asia/Bangkok,70.06394628318583,5.922413793103448,5.491379310344827,31.21139734513272
13206,2022-08-17 12:00:00,Asia/Bangkok,64.2121515044248,2.632478632478632,2.358974358974359,32.96552053097345
13207,2022-08-17 13:00:00,Asia/Bangkok,60.11201660714286,3.068965517241379,2.793103448275862,34.47172839285713
13208,2022-08-17 14:00:00,Asia/Bangkok,60.50953149122806,2.78448275862069,2.482758620689655,34.28829307017543
13209,2022-08-17 15:00:00,Asia/Bangkok,59.12928702702703,1.695652173913043,1.460869565217391,34.67962918918918
13210,2022-08-17 16:00:00,Asia/Bangkok,72.62286250000001,1.051724137931034,0.8260869565217391,30.10607535714286
13211,2022-08-17 17:00:00,Asia/Bangkok,73.52971104347829,3.913793103448276,3.504273504273504,30.54666730434782
13212,2022-08-17 18:00:00,Asia/Bangkok,76.61878525862068,4.198275862068965,3.663793103448276,29.96237634782609
13213,2022-08-17 19:00:00,Asia/Bangkok,85.89254732758619,1.290598290598291,0.9743589743589743,26.63537068965517
13214,2022-08-17 20:00:00,Asia/Bangkok,87.76457433628319,3.629310344827586,3.172413793103448,26.42151300884957
13215,2022-08-17 21:00:00,Asia/Bangkok,87.6600709821429,5.387931034482759,4.810344827586207,26.35428132743363
13216,2022-08-17 22:00:00,Asia/Bangkok,88.29831477876102,5.145299145299146,4.64957264957265,26.03711160714287
13217,2022-08-17 23:00:00,Asia/Bangkok,87.47702876106197,5.008620689655173,4.482758620689655,26.22012601769914
13218,2022-08-18 00:00:00,Asia/Bangkok,85.87295640350881,4.156521739130435,3.669565217391304,26.47383643478262
13219,2022-08-18 01:00:00,Asia/Bangkok,88.17831688073397,5.913793103448276,5.474137931034483,26.01269256880734
13220,2022-08-18 02:00:00,Asia/Bangkok,89.09240151785714,6.344827586206897,5.793103448275862,26.05928500000001
13221,2022-08-18 03:00:00,Asia/Bangkok,88.51123173913047,7.119658119658119,6.495726495726496,25.89210017391304
13222,2022-08-18 04:00:00,Asia/Bangkok,88.90858238938061,8.241379310344827,7.594827586206897,25.66668831858408
13223,2022-08-18 05:00:00,Asia/Bangkok,88.4977365178572,7.232758620689655,6.689655172413793,25.66112383928573
13224,2022-08-18 06:00:00,Asia/Bangkok,89.63704964912283,15.8448275862069,14.91379310344828,25.30596403508771
13225,2022-08-18 07:00:00,Asia/Bangkok,91.11190965517244,12.70689655172414,11.93103448275862,24.91942758620692
13226,2022-08-18 08:00:00,Asia/Bangkok,90.37263226086952,8.612068965517242,8.094827586206897,25.47706069565218
13227,2022-08-18 09:00:00,Asia/Bangkok,84.2427518584071,5.517241379310345,4.982758620689655,27.48133303571428
13228,2022-08-18 10:00:00,Asia/Bangkok,75.8986333035714,3.28448275862069,2.793103448275862,29.79924794642858
13229,2022-08-18 11:00:00,Asia/Bangkok,69.71126792792792,2.267241379310345,1.663793103448276,31.58262351351352
13230,2022-08-18 12:00:00,Asia/Bangkok,65.64725692982456,3.577586206896552,3.094827586206896,32.88276359649122
13231,2022-08-18 13:00:00,Asia/Bangkok,60.19515336283187,3.247863247863248,2.905982905982906,34.53288424778761
13232,2022-08-18 14:00:00,Asia/Bangkok,58.38794697247707,3.596491228070176,3.228070175438596,34.99731862385322
13233,2022-08-18 15:00:00,Asia/Bangkok,58.25046923076924,3.923076923076923,3.555555555555555,35.05488444444444
13234,2022-08-18 16:00:00,Asia/Bangkok,57.43006776785712,3.736842105263158,3.315789473684211,35.54357874999999
13235,2022-08-18 17:00:00,Asia/Bangkok,58.2739260869565,3.991379310344827,3.672413793103448,35.4619536521739
13236,2022-08-18 18:00:00,Asia/Bangkok,61.1385235964912,4.504347826086956,4.043478260869565,33.5509559649123
13237,2022-08-18 19:00:00,Asia/Bangkok,70.59556189655174,14.73275862068965,13.58620689655172,31.74209637931034
13238,2022-08-18 20:00:00,Asia/Bangkok,75.92011184210526,22.61206896551724,21.12068965517241,30.35494394736844
13239,2022-08-18 21:00:00,Asia/Bangkok,78.16831687500003,19.13793103448276,17.97413793103448,29.83303205357143
13240,2022-08-18 22:00:00,Asia/Bangkok,80.58786724137931,22.86206896551724,21.32758620689655,29.22853603448276
13241,2022-08-18 23:00:00,Asia/Bangkok,83.04139,53.49572649572649,47.47863247863248,28.61879
13242,2022-08-19 00:00:00,Asia/Bangkok,81.73579245614033,6.365217391304347,5.904347826086957,28.24191692982459
13243,2022-08-19 01:00:00,Asia/Bangkok,81.16386946902657,4.905172413793103,4.275862068965517,28.1539174336283
13244,2022-08-19 02:00:00,Asia/Bangkok,81.62004646551729,5.46551724137931,5.03448275862069,27.91112172413792
13245,2022-08-19 03:00:00,Asia/Bangkok,85.51721525862072,8.241379310344827,7.732758620689655,27.17535336206898
13246,2022-08-19 04:00:00,Asia/Bangkok,87.05283564102558,7.076923076923077,6.538461538461538,26.94651094017094
13247,2022-08-19 05:00:00,Asia/Bangkok,86.50584094827585,7.008620689655173,6.46551724137931,26.72482879310346
13248,2022-08-19 06:00:00,Asia/Bangkok,88.19758129310338,11.69827586206897,11.14655172413793,26.59253017241379
13249,2022-08-19 07:00:00,Asia/Bangkok,89.6670777876106,21.96551724137931,19.68103448275862,26.30283778761061
13250,2022-08-19 08:00:00,Asia/Bangkok,88.5672118918919,18.07826086956522,17.02608695652174,26.79783117117116
13251,2022-08-19 09:00:00,Asia/Bangkok,81.09549972477068,5.747826086956522,5.198275862068965,28.55347321100919
13252,2022-08-19 10:00:00,Asia/Bangkok,74.04051981818182,4.333333333333333,3.820512820512821,30.33099563636364
13253,2022-08-19 11:00:00,Asia/Bangkok,68.32073194690267,4.327586206896552,3.956896551724138,32.01308663716814
13254,2022-08-19 12:00:00,Asia/Bangkok,64.29141271929826,5.5,5.146551724137931,33.38230421052631
13255,2022-08-19 13:00:00,Asia/Bangkok,64.59807090909091,2.448275862068965,2.241379310344827,33.06325109090909
13256,2022-08-19 14:00:00,Asia/Bangkok,59.68357982142857,1.280701754385965,1.149122807017544,34.50210258928571
13257,2022-08-19 15:00:00,Asia/Bangkok,56.22385172413794,1.393162393162393,1.17948717948718,34.77489922413792
13258,2022-08-19 16:00:00,Asia/Bangkok,59.29935973913044,1.431034482758621,1.206896551724138,34.0637471304348
13259,2022-08-19 17:00:00,Asia/Bangkok,58.56051721739131,4.681034482758621,4.439655172413793,34.532842
13260,2022-08-19 18:00:00,Asia/Bangkok,63.03669280701757,7.817391304347826,7.417391304347826,33.22533452173912
13261,2022-08-19 19:00:00,Asia/Bangkok,65.52525213675213,10.15384615384615,9.35897435897436,32.80035344827586
13262,2022-08-19 20:00:00,Asia/Bangkok,69.95652646017703,18.83620689655172,17.52586206896552,31.12393769911505
13263,2022-08-19 21:00:00,Asia/Bangkok,73.05733149122807,13.26724137931035,12.32758620689655,29.89719701754385
13264,2022-08-19 22:00:00,Asia/Bangkok,74.99082418181816,9.188034188034187,8.444444444444445,29.19070174311927
13265,2022-08-19 23:00:00,Asia/Bangkok,76.34045763157894,6.431034482758621,5.939655172413793,28.56479763157896
13266,2022-08-20 00:00:00,Asia/Bangkok,76.13561258928567,5.739130434782608,5.330434782608696,28.28375873873872
13267,2022-08-20 01:00:00,Asia/Bangkok,77.09183274336284,5.166666666666667,4.824561403508772,27.88374318584068
13268,2022-08-20 02:00:00,Asia/Bangkok,79.01047324324325,6.163793103448276,5.775862068965517,27.56455135135134
13269,2022-08-20 03:00:00,Asia/Bangkok,80.84097221238933,6.884955752212389,6.385964912280702,27.33241375
13270,2022-08-20 04:00:00,Asia/Bangkok,81.89711218181819,7.201754385964913,6.780701754385965,27.14225144144146
13271,2022-08-20 05:00:00,Asia/Bangkok,81.15838787610619,6.017241379310345,5.655172413793103,27.05296283185839
13272,2022-08-20 06:00:00,Asia/Bangkok,79.47517453703705,3.577586206896552,3.267241379310345,27.07232231481482
13273,2022-08-20 07:00:00,Asia/Bangkok,82.22118234782607,6.482758620689655,5.896551724137931,26.64848
13274,2022-08-20 08:00:00,Asia/Bangkok,82.61913756521737,5.810344827586207,5.25,26.82453815789473
13275,2022-08-20 09:00:00,Asia/Bangkok,77.96479000000002,5.683760683760684,5.29059829059829,28.4253354054054
13276,2022-08-20 10:00:00,Asia/Bangkok,68.92797324561403,2.991379310344827,2.71551724137931,30.90278543859648
13277,2022-08-20 11:00:00,Asia/Bangkok,63.8270287826087,3.273504273504273,2.982905982905983,32.43700460869564
13278,2022-08-20 12:00:00,Asia/Bangkok,61.89156504424778,3.96551724137931,3.655172413793104,33.01637442477877
13279,2022-08-20 13:00:00,Asia/Bangkok,57.61644843478258,2.120689655172414,1.931034482758621,34.25494347826085
13280,2022-08-20 14:00:00,Asia/Bangkok,55.58139162393162,1.641025641025641,1.282051282051282,35.08432589743591
13281,2022-08-20 15:00:00,Asia/Bangkok,64.59560617391307,0.8017241379310345,0.6982758620689655,30.5103976521739
13282,2022-08-20 16:00:00,Asia/Bangkok,67.15423201754386,2.538461538461538,2.299145299145299,30.96534868421053
13283,2022-08-20 17:00:00,Asia/Bangkok,63.05006500000001,6.052173913043478,5.556521739130435,32.87395710526316
13284,2022-08-20 18:00:00,Asia/Bangkok,66.22008693693695,6.64957264957265,5.948717948717949,31.73598819819819
13285,2022-08-20 19:00:00,Asia/Bangkok,69.40973840707964,4.53448275862069,4.025862068965517,30.47251920353981
13286,2022-08-20 20:00:00,Asia/Bangkok,72.41860798245614,7.327586206896552,6.655172413793103,29.80525692982458
13287,2022-08-20 21:00:00,Asia/Bangkok,76.34883946902656,10.3448275862069,9.560344827586206,29.05457575221239
13288,2022-08-20 22:00:00,Asia/Bangkok,78.8920211403509,8.931623931623932,8.282051282051283,28.59563389380531
13289,2022-08-20 23:00:00,Asia/Bangkok,81.18423456140346,6.370689655172414,5.78448275862069,27.98100867256638
13290,2022-08-21 00:00:00,Asia/Bangkok,82.95243368421048,3.146551724137931,2.801724137931035,27.13726069565217
13291,2022-08-21 01:00:00,Asia/Bangkok,83.34871315789474,2.461538461538462,2.094017094017094,26.85108380530975
13292,2022-08-21 02:00:00,Asia/Bangkok,82.33773758928571,3.206896551724138,2.862068965517242,26.62980892857142
13293,2022-08-21 03:00:00,Asia/Bangkok,81.50680026315786,2.258620689655173,1.844827586206897,26.36442245614036
13294,2022-08-21 04:00:00,Asia/Bangkok,80.57308342105262,2.4,1.965217391304348,26.16723815789474
13295,2022-08-21 05:00:00,Asia/Bangkok,81.79076318965521,3.846153846153846,3.256410256410256,25.9186174137931
13296,2022-08-21 06:00:00,Asia/Bangkok,84.23474767857145,2.584070796460177,2.141592920353983,25.58838819819818
13297,2022-08-21 07:00:00,Asia/Bangkok,86.70414860869563,4.96551724137931,4.439655172413793,25.6588307826087
13298,2022-08-21 08:00:00,Asia/Bangkok,85.30509713043479,5.086206896551724,4.448275862068965,26.5671352173913
13299,2022-08-21 09:00:00,Asia/Bangkok,80.77476577981649,3.892857142857143,3.214285714285714,28.22600311926607
13300,2022-08-21 10:00:00,Asia/Bangkok,74.90615767857146,3.439655172413793,2.913793103448276,30.2266432142857
13301,2022-08-21 11:00:00,Asia/Bangkok,68.13035543859652,3.130434782608696,2.547826086956522,32.19618385964911
13302,2022-08-21 12:00:00,Asia/Bangkok,64.77480263157896,2.791304347826087,2.2,32.48942859649122
13303,2022-08-21 13:00:00,Asia/Bangkok,61.84157666666665,1.870689655172414,1.344827586206897,33.34150035087718
13304,2022-08-21 14:00:00,Asia/Bangkok,65.88901079646018,5.4,4.582608695652174,32.41231318584072
13305,2022-08-21 15:00:00,Asia/Bangkok,75.55342681415928,4.982758620689655,4.241379310344827,29.34939831858407
13306,2022-08-21 16:00:00,Asia/Bangkok,77.66600225225224,4.267241379310345,3.681034482758621,29.1579435135135
13307,2022-08-21 17:00:00,Asia/Bangkok,85.55952407079648,3.637931034482758,3.068965517241379,27.39767221238938
13308,2022-08-21 18:00:00,Asia/Bangkok,81.69820736842108,2.460869565217391,1.904347826086957,26.87993684210528
13309,2022-08-21 19:00:00,Asia/Bangkok,83.26067754385963,3.521367521367521,2.948717948717949,26.2226807894737
13310,2022-08-21 20:00:00,Asia/Bangkok,84.46324920353982,4.678260869565217,4.086956521739131,25.97554415929202
13311,2022-08-21 21:00:00,Asia/Bangkok,84.90676250000004,3.837606837606838,3.205128205128205,26.09181408695652
13312,2022-08-21 22:00:00,Asia/Bangkok,84.78329867256633,3.307692307692307,2.71551724137931,26.2035900877193
13313,2022-08-21 23:00:00,Asia/Bangkok,85.52029601769912,3.456896551724138,2.982905982905983,26.14174097345131
13314,2022-08-22 00:00:00,Asia/Bangkok,85.07012568965513,2.637931034482758,2.008620689655173,26.23979181034483
13315,2022-08-22 01:00:00,Asia/Bangkok,85.37666741071429,2.732758620689655,2.08695652173913,26.12160803571429
13316,2022-08-22 02:00:00,Asia/Bangkok,84.32186289473685,5.25,4.341880341880342,26.12875184210527
13317,2022-08-22 03:00:00,Asia/Bangkok,81.0485028181818,2.356521739130435,1.88695652173913,26.41157153153154
13318,2022-08-22 04:00:00,Asia/Bangkok,85.15356072916666,3.06,2.47,25.77806979166665
13319,2022-08-22 05:00:00,Asia/Bangkok,87.00140114035085,4.120689655172414,3.448275862068965,25.49373166666665
13320,2022-08-22 06:00:00,Asia/Bangkok,88.50677954545453,4.517241379310345,3.836206896551724,25.16354400000002
13321,2022-08-22 07:00:00,Asia/Bangkok,88.95173166666665,5.353448275862069,4.491379310344827,25.15054412280701
13322,2022-08-22 08:00:00,Asia/Bangkok,85.74019729729734,3.741379310344827,3.137931034482758,25.73109477477477
13323,2022-08-22 09:00:00,Asia/Bangkok,82.20710991228069,2.241379310344827,1.793103448275862,26.70376278260871
13324,2022-08-22 10:00:00,Asia/Bangkok,79.54103807017546,2.491379310344827,2.025862068965517,27.49075575221238
13325,2022-08-22 11:00:00,Asia/Bangkok,74.91947547826085,1.525862068965517,1.043103448275862,29.23420561403507
13326,2022-08-22 12:00:00,Asia/Bangkok,68.17694850877194,1.53448275862069,1.232758620689655,31.45036596491229
13327,2022-08-22 13:00:00,Asia/Bangkok,60.31663892857142,1.448275862068966,1.043103448275862,33.92812535714287
13328,2022-08-22 14:00:00,Asia/Bangkok,59.69623833333336,1.318965517241379,1.025862068965517,33.88324815789476
13329,2022-08-22 15:00:00,Asia/Bangkok,60.99249831858404,1.146551724137931,0.9224137931034483,33.28768513274336
13330,2022-08-22 16:00:00,Asia/Bangkok,63.16705190909091,7.356521739130435,6.452173913043478,32.70246509090912
13331,2022-08-22 17:00:00,Asia/Bangkok,63.87853240740739,4.5,4.017241379310345,31.88425685185186
13332,2022-08-22 18:00:00,Asia/Bangkok,63.83388509090911,8.104347826086956,7.379310344827586,31.42255136363635
13333,2022-08-22 19:00:00,Asia/Bangkok,66.73191181034484,10.96581196581197,10.01709401709402,30.58082456896553
13334,2022-08-22 20:00:00,Asia/Bangkok,69.73564831858407,10.76521739130435,9.556521739130435,29.6310356637168
13335,2022-08-22 21:00:00,Asia/Bangkok,74.22109743362832,16.9304347826087,15.23478260869565,28.64930053097345
13336,2022-08-22 22:00:00,Asia/Bangkok,79.12460947826085,8.043103448275861,7.172413793103448,27.74542295652174
13337,2022-08-22 23:00:00,Asia/Bangkok,80.83491079646019,6.133928571428571,5.348214285714286,27.41494805309732
13338,2022-08-23 00:00:00,Asia/Bangkok,82.03956000000001,6.189655172413793,5.560344827586207,27.08645382608693
13339,2022-08-23 01:00:00,Asia/Bangkok,81.87406008695655,5.586206896551724,5.051724137931035,26.97114771929825
13340,2022-08-23 02:00:00,Asia/Bangkok,83.13806468468472,6.060869565217391,5.460869565217391,26.75428810810809
13341,2022-08-23 03:00:00,Asia/Bangkok,84.63794323232322,6.2,5.52,26.2963511111111
13342,2022-08-23 04:00:00,Asia/Bangkok,85.57864464912281,6.198275862068965,5.612068965517241,25.99554052631578
13343,2022-08-23 05:00:00,Asia/Bangkok,86.74070669724777,8.810344827586206,7.870689655172414,25.71393651376147
13344,2022-08-23 06:00:00,Asia/Bangkok,87.86715189473689,28.55102040816326,25.43434343434344,25.56032147368423
13345,2022-08-23 07:00:00,Asia/Bangkok,88.22258849557521,15.39316239316239,13.90598290598291,25.54099194690268
13346,2022-08-23 08:00:00,Asia/Bangkok,87.5742785714286,10.01724137931035,9.275862068965518,26.22289241071429
13347,2022-08-23 09:00:00,Asia/Bangkok,79.83142890909092,4.922413793103448,4.189655172413793,28.73032770642202
13348,2022-08-23 10:00:00,Asia/Bangkok,71.92753907216495,2.424242424242424,1.787878787878788,30.35901762886597
13349,2022-08-23 11:00:00,Asia/Bangkok,67.38776051724139,2.456896551724138,1.862068965517241,31.76563739130435
13350,2022-08-23 12:00:00,Asia/Bangkok,63.74895212389382,4.637931034482759,3.939655172413793,33.19438911504426
13351,2022-08-23 13:00:00,Asia/Bangkok,59.95998893805311,5.5,4.78448275862069,34.26915982300884
13352,2022-08-23 14:00:00,Asia/Bangkok,68.34630008695653,9.145299145299145,8.042735042735043,32.12439026086956
13353,2022-08-23 15:00:00,Asia/Bangkok,87.20355710526314,6.155172413793103,5.495652173913044,28.87136789473684
13354,2022-08-23 16:00:00,Asia/Bangkok,88.56329566371683,6.582608695652174,5.982758620689655,28.40743210526314
13355,2022-08-23 17:00:00,Asia/Bangkok,85.76621086956517,8.188034188034187,7.555555555555555,28.53162824561405
13356,2022-08-23 18:00:00,Asia/Bangkok,85.60142834782609,20.43103448275862,19.17241379310345,28.79477217391305
13357,2022-08-23 19:00:00,Asia/Bangkok,85.40372684210527,11.31896551724138,10.28448275862069,27.92654035087721
13358,2022-08-23 20:00:00,Asia/Bangkok,86.39249544642863,10.78448275862069,9.698275862068966,27.26384125000001
13359,2022-08-23 21:00:00,Asia/Bangkok,86.00618106194692,9.205128205128204,8.179487179487179,26.91765247787611
13360,2022-08-23 22:00:00,Asia/Bangkok,85.22336457831325,7.416666666666667,6.464285714285714,26.89905674698795
13361,2022-08-23 23:00:00,Asia/Bangkok,86.7004756626506,7.811764705882353,6.878048780487805,26.86519487804878
13362,2022-08-24 00:00:00,Asia/Bangkok,87.49033217142856,7.737430167597766,6.783333333333333,26.61500222857145
13363,2022-08-24 01:00:00,Asia/Bangkok,89.01636824561407,8.008620689655173,7.094827586206897,26.19576894736841
13364,2022-08-24 02:00:00,Asia/Bangkok,89.02037628318587,11.05217391304348,10.08620689655172,25.89950017699115
13365,2022-08-24 03:00:00,Asia/Bangkok,89.8107679646018,11.26724137931035,10.14655172413793,25.72540294642855
13366,2022-08-24 04:00:00,Asia/Bangkok,89.80698836363634,9.82905982905983,8.863247863247864,25.79680409090908
13367,2022-08-24 05:00:00,Asia/Bangkok,90.29026451327432,8.82905982905983,8.008547008547009,25.71463628318582
13368,2022-08-24 06:00:00,Asia/Bangkok,91.10354460176985,9.051724137931034,8.172413793103448,25.54559787610624
13369,2022-08-24 07:00:00,Asia/Bangkok,90.91823830357139,11.64035087719298,10.68421052631579,25.51861803571429
13370,2022-08-24 08:00:00,Asia/Bangkok,90.65547905172417,12.74137931034483,11.67241379310345,26.19697698275863
13371,2022-08-24 09:00:00,Asia/Bangkok,85.31101769911504,12.12068965517241,11.06034482758621,28.28140946902655
13372,2022-08-24 10:00:00,Asia/Bangkok,76.31940486956523,8.956896551724139,8.086206896551724,30.62930773913044
13373,2022-08-24 11:00:00,Asia/Bangkok,69.01873651785716,5.982608695652174,5.043478260869565,32.34496765765765
13374,2022-08-24 12:00:00,Asia/Bangkok,64.26804401785715,5.598290598290598,4.752136752136752,33.55694955357141
13375,2022-08-24 13:00:00,Asia/Bangkok,61.48055207207207,6.426086956521739,5.626086956521739,34.9216434234234
13376,2022-08-24 14:00:00,Asia/Bangkok,58.46317965517243,8.112068965517242,7.189655172413793,36.03112810344829
13377,2022-08-24 15:00:00,Asia/Bangkok,61.22291675438598,7.612068965517241,6.78448275862069,34.6763428695652
13378,2022-08-24 16:00:00,Asia/Bangkok,65.64072901785713,6.333333333333333,5.623931623931623,33.26483455357144
13379,2022-08-24 17:00:00,Asia/Bangkok,68.72968678260868,7.698275862068965,6.853448275862069,32.09961504347825
13380,2022-08-24 18:00:00,Asia/Bangkok,71.80053850877191,9.213675213675213,8.282051282051283,30.50697274336283
13381,2022-08-24 19:00:00,Asia/Bangkok,74.0462608695652,13.66379310344828,12.60344827586207,30.18614895652175
13382,2022-08-24 20:00:00,Asia/Bangkok,78.35866862068963,27.42735042735043,25.01709401709402,28.99596318965519
13383,2022-08-24 21:00:00,Asia/Bangkok,79.50392157894736,11.02631578947368,9.808695652173913,28.77249807017544
13384,2022-08-24 22:00:00,Asia/Bangkok,80.83462850877196,7.655172413793103,6.448275862068965,28.4840992105263
13385,2022-08-24 23:00:00,Asia/Bangkok,82.20545078947364,7.811965811965812,6.752136752136752,28.2139489473684
13386,2022-08-25 00:00:00,Asia/Bangkok,83.37959119266051,8.991304347826087,7.591304347826087,27.71286
13387,2022-08-25 01:00:00,Asia/Bangkok,84.47933469387755,7.585858585858586,6.595959595959596,27.278471122449
13388,2022-08-25 02:00:00,Asia/Bangkok,84.87683689655177,5.396551724137931,4.612068965517241,26.95573905172413
13389,2022-08-25 03:00:00,Asia/Bangkok,86.25815654867255,4.681034482758621,3.879310344827586,26.67037646017698
13390,2022-08-25 04:00:00,Asia/Bangkok,87.59952046728975,5.939655172413793,5.103448275862069,26.35670186915889
13391,2022-08-25 05:00:00,Asia/Bangkok,86.35279921052629,3.921739130434783,3.165217391304348,26.16046552631579
13392,2022-08-25 06:00:00,Asia/Bangkok,87.1758723893805,4.146551724137931,3.439655172413793,25.88730725663717
13393,2022-08-25 07:00:00,Asia/Bangkok,87.69796767241381,4.418803418803419,3.760683760683761,25.71369491379308
13394,2022-08-25 08:00:00,Asia/Bangkok,87.26013513274336,4.173913043478261,3.504347826086957,26.02583371681416
13395,2022-08-25 09:00:00,Asia/Bangkok,81.15533716814157,4.71551724137931,3.887931034482758,28.07227424778761
13396,2022-08-25 10:00:00,Asia/Bangkok,74.20077582608698,4.612068965517241,3.853448275862069,30.41651782608693
13397,2022-08-25 11:00:00,Asia/Bangkok,69.25559646017697,5.384615384615385,4.538461538461538,31.43189849557521
13398,2022-08-25 12:00:00,Asia/Bangkok,69.35294515789474,7.377551020408164,6.459183673469388,32.04581621052631
13399,2022-08-25 13:00:00,Asia/Bangkok,64.21757919642859,5.094827586206897,4.629310344827586,34.07227535714284
13400,2022-08-25 14:00:00,Asia/Bangkok,63.40591948275857,4.632478632478633,4.153846153846154,34.35400181034483
13401,2022-08-25 15:00:00,Asia/Bangkok,64.6821642982456,2.620689655172414,1.982758620689655,32.35902885964913
13402,2022-08-25 16:00:00,Asia/Bangkok,67.1876068141593,11.27826086956522,10.05217391304348,32.31093415929202
13403,2022-08-25 17:00:00,Asia/Bangkok,70.52341945945945,6.356521739130435,5.68695652173913,31.36572381818181
13404,2022-08-25 18:00:00,Asia/Bangkok,71.04696415929203,9.140350877192983,8.31578947368421,31.27205911504425
13405,2022-08-25 19:00:00,Asia/Bangkok,75.32039839285714,12.46086956521739,11.39130434782609,30.02341223214287
13406,2022-08-25 20:00:00,Asia/Bangkok,80.63939283185842,23.25862068965517,21.71551724137931,28.69427088495575
13407,2022-08-25 21:00:00,Asia/Bangkok,83.05955945454546,20.96396396396396,18.74774774774775,28.11463091743118
13408,2022-08-25 22:00:00,Asia/Bangkok,83.91573263157898,24.18803418803419,21.03418803418803,27.86695210526317
13409,2022-08-25 23:00:00,Asia/Bangkok,85.28816599999999,13.75510204081633,12.63265306122449,27.51424221052631
13410,2022-08-26 00:00:00,Asia/Bangkok,85.78986228070177,11.43103448275862,10.5,27.38223982456138
13411,2022-08-26 01:00:00,Asia/Bangkok,86.53393817391309,14.81896551724138,13.26724137931035,27.27662878260869
13412,2022-08-26 02:00:00,Asia/Bangkok,88.08212389380532,11.0,10.0,26.7378910619469
13413,2022-08-26 03:00:00,Asia/Bangkok,88.54648473684207,9.086206896551724,8.336206896551724,26.68467133928576
13414,2022-08-26 04:00:00,Asia/Bangkok,88.33020585585588,8.913793103448276,8.137931034482758,26.76785810810809
13415,2022-08-26 05:00:00,Asia/Bangkok,89.37747946902651,8.71304347826087,7.808695652173913,26.60586265486724
13416,2022-08-26 06:00:00,Asia/Bangkok,88.73810605263157,9.767241379310345,8.879310344827585,26.49569283185841
13417,2022-08-26 07:00:00,Asia/Bangkok,86.42822185840704,9.025862068965518,8.387931034482758,25.7390192920354
13418,2022-08-26 08:00:00,Asia/Bangkok,85.91952008928574,0.2869565217391304,0.1810344827586207,25.48359375
13419,2022-08-26 09:00:00,Asia/Bangkok,85.48073106194687,0.4521739130434783,0.4137931034482759,25.83763513274337
13420,2022-08-26 10:00:00,Asia/Bangkok,84.97140333333334,1.577586206896552,1.362068965517241,26.18730090909091
13421,2022-08-26 11:00:00,Asia/Bangkok,82.2846323364486,2.926605504587156,2.495412844036697,27.10606710280372
13422,2022-08-26 12:00:00,Asia/Bangkok,81.40139444444442,3.572815533980583,3.16504854368932,27.52607969696968
13423,2022-08-26 13:00:00,Asia/Bangkok,78.35212457943928,2.741071428571428,2.446428571428572,28.58258308411214
13424,2022-08-26 14:00:00,Asia/Bangkok,74.8489151612903,3.86734693877551,3.561224489795918,29.8189870652174
13425,2022-08-26 15:00:00,Asia/Bangkok,75.66041478260867,4.173913043478261,3.791304347826087,29.40576365217391
13426,2022-08-26 16:00:00,Asia/Bangkok,76.49685517857141,4.106194690265487,3.701754385964912,29.28592428571427
13427,2022-08-26 17:00:00,Asia/Bangkok,77.50993427272732,2.330434782608696,2.008695652173913,29.00311436363639
13428,2022-08-26 18:00:00,Asia/Bangkok,78.45484064814815,13.92241379310345,12.93103448275862,28.91171101851852
13429,2022-08-26 19:00:00,Asia/Bangkok,79.33587254545456,7.991304347826087,7.120689655172414,28.59775918181818
13430,2022-08-26 20:00:00,Asia/Bangkok,80.65735561403513,5.051282051282051,4.581196581196581,28.03464157894739
13431,2022-08-26 21:00:00,Asia/Bangkok,82.07249631578948,9.741379310344827,8.974137931034482,27.78166692982455
13432,2022-08-26 22:00:00,Asia/Bangkok,83.42734192660548,14.76724137931035,13.78448275862069,27.53411834862384
13433,2022-08-26 23:00:00,Asia/Bangkok,84.25204079646018,15.65178571428571,14.61607142857143,27.31950079646017
13434,2022-08-27 00:00:00,Asia/Bangkok,85.54286017699116,32.12068965517241,28.81034482758621,26.95189447368423
13435,2022-08-27 01:00:00,Asia/Bangkok,85.4108976344086,7.163265306122449,6.636363636363637,26.76091638297871
13436,2022-08-27 02:00:00,Asia/Bangkok,85.36892526785716,7.75,7.310344827586207,26.64187660714284
13437,2022-08-27 03:00:00,Asia/Bangkok,86.08483321428567,4.973451327433628,4.442477876106195,26.45470955357142
13438,2022-08-27 04:00:00,Asia/Bangkok,86.10000504424784,7.234782608695652,6.773913043478261,26.13363584070795
13439,2022-08-27 05:00:00,Asia/Bangkok,87.19549525862068,8.582608695652175,8.104347826086956,25.95869448275864
13440,2022-08-27 06:00:00,Asia/Bangkok,89.15237566371678,11.93965517241379,11.31896551724138,25.59893469026552
13441,2022-08-27 07:00:00,Asia/Bangkok,90.16450522123891,8.8,8.130434782608695,25.55505141592923
13442,2022-08-27 08:00:00,Asia/Bangkok,90.53405814159291,21.44444444444444,19.77586206896552,25.72789318584071
13443,2022-08-27 09:00:00,Asia/Bangkok,89.67211353982303,20.66956521739131,18.82758620689655,26.14982469026548
13444,2022-08-27 10:00:00,Asia/Bangkok,86.6069516071429,11.44736842105263,10.62608695652174,27.36355205357142
13445,2022-08-27 11:00:00,Asia/Bangkok,73.13090991228069,5.379310344827586,5.025862068965517,30.08889684210527
13446,2022-08-27 12:00:00,Asia/Bangkok,66.11675375,3.15625,2.8125,31.66914645833333
13447,2022-08-27 13:00:00,Asia/Bangkok,64.55073078260872,4.310344827586207,3.844827586206896,31.99960460869566
13448,2022-08-27 14:00:00,Asia/Bangkok,59.67023026548674,4.655172413793103,4.267241379310345,33.69882097345133
13449,2022-08-27 15:00:00,Asia/Bangkok,58.40880517543859,6.456140350877193,6.149122807017544,34.65047415929203
13450,2022-08-27 16:00:00,Asia/Bangkok,60.96507938596493,6.758620689655173,6.456896551724138,34.1346807894737
13451,2022-08-27 17:00:00,Asia/Bangkok,60.21727040816325,4.78,4.41,33.90252408163266
13452,2022-08-27 18:00:00,Asia/Bangkok,65.14400271929827,9.310344827586206,8.758620689655173,32.35249105263155
13453,2022-08-27 19:00:00,Asia/Bangkok,66.08540310344826,40.16379310344828,34.81896551724138,31.66815534482757
13454,2022-08-27 20:00:00,Asia/Bangkok,68.09504640350876,12.54700854700855,11.64102564102564,29.98124131578946
13455,2022-08-27 21:00:00,Asia/Bangkok,74.19373010638297,25.98979591836735,23.96938775510204,29.26636989473685
13456,2022-08-27 22:00:00,Asia/Bangkok,78.34491025000003,27.2962962962963,24.95061728395062,28.32696350000001
13457,2022-08-27 23:00:00,Asia/Bangkok,81.2186437068966,24.26724137931035,22.42241379310345,27.59793078260866
13458,2022-08-28 00:00:00,Asia/Bangkok,83.9946947413793,30.79310344827586,28.32478632478632,26.96669862068968
13459,2022-08-28 01:00:00,Asia/Bangkok,85.47488359649131,31.62068965517241,28.67241379310345,26.69413947368419
13460,2022-08-28 02:00:00,Asia/Bangkok,87.11648469026558,26.37931034482759,24.74137931034483,26.39858678571428
13461,2022-08-28 03:00:00,Asia/Bangkok,87.7469514414414,19.96581196581197,18.60683760683761,26.00235936936935
13462,2022-08-28 04:00:00,Asia/Bangkok,86.65241157894738,8.318965517241379,7.801724137931035,25.81686543859649
13463,2022-08-28 05:00:00,Asia/Bangkok,86.29040034482759,5.318965517241379,5.0,25.65202474137934
13464,2022-08-28 06:00:00,Asia/Bangkok,86.67494964285719,4.71551724137931,4.370689655172414,25.57281071428575
13465,2022-08-28 07:00:00,Asia/Bangkok,87.21950026548676,6.236842105263158,5.815789473684211,25.61766000000001
13466,2022-08-28 08:00:00,Asia/Bangkok,85.77258061224488,3.92,3.56,26.01145540816325
13467,2022-08-28 09:00:00,Asia/Bangkok,84.49159200000001,5.353448275862069,4.75,26.63145163636364
13468,2022-08-28 10:00:00,Asia/Bangkok,81.52334435185185,5.068965517241379,4.25,27.8856125
13469,2022-08-28 11:00:00,Asia/Bangkok,70.63822522123894,4.086206896551724,3.267241379310345,30.62177442477875
13470,2022-08-28 12:00:00,Asia/Bangkok,65.85453780952378,3.681034482758621,3.301724137931035,32.35726333333334
13471,2022-08-28 13:00:00,Asia/Bangkok,61.85285428571432,5.643478260869565,4.765217391304348,34.2146844642857
13472,2022-08-28 14:00:00,Asia/Bangkok,59.45452371681415,5.146551724137931,4.681034482758621,34.74133778761063
13473,2022-08-28 15:00:00,Asia/Bangkok,57.64130315789475,5.336206896551724,4.870689655172414,35.38469807017544
13474,2022-08-28 16:00:00,Asia/Bangkok,69.75987702702706,3.869565217391304,3.2,31.31556855855856
13475,2022-08-28 17:00:00,Asia/Bangkok,80.54716424778763,1.869565217391304,1.591304347826087,28.38963955752213
13476,2022-08-28 18:00:00,Asia/Bangkok,87.43751883928576,3.775862068965517,3.206896551724138,27.14563428571427
13477,2022-08-28 19:00:00,Asia/Bangkok,87.90916558558561,7.120689655172414,6.543103448275862,27.14179531531529
13478,2022-08-28 20:00:00,Asia/Bangkok,88.75739361111117,17.53913043478261,16.45217391304348,26.86204261682244
13479,2022-08-28 21:00:00,Asia/Bangkok,89.68911522123894,32.94827586206897,29.08620689655172,26.53066557522125
13480,2022-08-28 22:00:00,Asia/Bangkok,89.87209767857141,25.67826086956522,24.21739130434782,26.56891678571429
13481,2022-08-28 23:00:00,Asia/Bangkok,91.10223469026549,14.03448275862069,13.01724137931035,26.35631539823008
13482,2022-08-29 00:00:00,Asia/Bangkok,91.20241787610617,16.04310344827586,15.02586206896552,26.2012405357143
13483,2022-08-29 01:00:00,Asia/Bangkok,91.4194031304348,21.10344827586207,19.72413793103448,26.09796869565214
13484,2022-08-29 02:00:00,Asia/Bangkok,91.16350212389382,19.30769230769231,18.44827586206896,26.11803893805311
13485,2022-08-29 03:00:00,Asia/Bangkok,90.8484414285714,10.91379310344828,10.2051282051282,25.93399660714286
13486,2022-08-29 04:00:00,Asia/Bangkok,89.5703928695652,5.198275862068965,4.672413793103448,25.81800547826089
13487,2022-08-29 05:00:00,Asia/Bangkok,89.97016552631575,6.008620689655173,5.28448275862069,25.78934368421053
13488,2022-08-29 06:00:00,Asia/Bangkok,89.92985765765766,5.168141592920354,4.690265486725663,25.79013180180182
13489,2022-08-29 07:00:00,Asia/Bangkok,90.2805755263158,5.551724137931035,4.844827586206897,25.7961632743363
13490,2022-08-29 08:00:00,Asia/Bangkok,90.10794,5.170940170940171,4.452991452991453,26.13989964601772
13491,2022-08-29 09:00:00,Asia/Bangkok,89.22648543103453,5.862068965517241,5.258620689655173,26.86557103448276
13492,2022-08-29 10:00:00,Asia/Bangkok,87.40533719298242,6.560344827586207,5.793103448275862,27.76039508771928
13493,2022-08-29 11:00:00,Asia/Bangkok,83.5447105172414,6.085470085470085,5.461538461538462,28.88272715517241
13494,2022-08-29 12:00:00,Asia/Bangkok,78.9826725,12.77586206896552,9.663793103448276,29.55844151785714
13495,2022-08-29 13:00:00,Asia/Bangkok,79.58095672413792,8.128205128205128,6.418803418803419,29.32756551724136
13496,2022-08-29 14:00:00,Asia/Bangkok,84.2982659649123,11.99115044247788,11.01769911504425,28.89558850877193
13497,2022-08-29 15:00:00,Asia/Bangkok,86.91447321739129,11.47008547008547,10.35897435897436,28.61176078947368
13498,2022-08-29 16:00:00,Asia/Bangkok,87.18065429824561,8.844827586206897,8.206896551724139,28.49307254385966
13499,2022-08-29 17:00:00,Asia/Bangkok,83.38798938053098,11.3448275862069,10.56896551724138,29.44890946902656
13500,2022-08-29 18:00:00,Asia/Bangkok,81.23962654867259,11.0695652173913,10.3304347826087,29.67408324561405
13501,2022-08-29 19:00:00,Asia/Bangkok,83.6621795575221,13.41880341880342,12.39316239316239,27.63072660714284
13502,2022-08-29 20:00:00,Asia/Bangkok,88.02948456140346,18.99137931034483,17.71551724137931,26.78801035398228
13503,2022-08-29 21:00:00,Asia/Bangkok,89.28586401785708,45.26724137931034,38.18103448275862,26.41355803571428
13504,2022-08-29 22:00:00,Asia/Bangkok,89.66803571428571,52.42241379310344,43.51724137931034,26.02650089285714
13505,2022-08-29 23:00:00,Asia/Bangkok,90.17388491071434,45.03418803418803,37.99145299145299,25.81199732142858
13506,2022-08-30 00:00:00,Asia/Bangkok,90.73276631578949,27.51754385964912,25.82456140350877,25.67611210526317
13507,2022-08-30 01:00:00,Asia/Bangkok,90.50284947826087,22.57758620689655,21.23275862068965,25.56416182608699
13508,2022-08-30 02:00:00,Asia/Bangkok,89.96469930434779,20.39655172413793,19.31034482758621,25.3912396521739
13509,2022-08-30 03:00:00,Asia/Bangkok,90.1172736521739,18.91304347826087,18.05217391304348,25.17794344827588
13510,2022-08-30 04:00:00,Asia/Bangkok,90.26512374999996,14.93103448275862,14.0,24.98142792792796
13511,2022-08-30 05:00:00,Asia/Bangkok,90.46250504504505,15.82758620689655,15.03448275862069,24.66100873873874
13512,2022-08-30 06:00:00,Asia/Bangkok,90.9050148672566,16.58620689655172,15.62931034482759,24.59514769911507
13513,2022-08-30 07:00:00,Asia/Bangkok,91.23798707964602,20.04310344827586,18.7008547008547,24.47808097345134
13514,2022-08-30 08:00:00,Asia/Bangkok,92.12860767857141,18.93103448275862,18.18103448275862,25.07133571428571
13515,2022-08-30 09:00:00,Asia/Bangkok,90.63445769911507,9.672413793103448,9.155172413793103,26.66560159292035
13516,2022-08-30 10:00:00,Asia/Bangkok,81.66191991304352,2.646551724137931,2.387931034482758,28.8073312173913
13517,2022-08-30 11:00:00,Asia/Bangkok,75.54580899999999,2.931623931623931,2.572649572649573,30.75633054545455
13518,2022-08-30 12:00:00,Asia/Bangkok,69.33158877192982,4.884955752212389,3.938053097345133,32.14399684210527
13519,2022-08-30 13:00:00,Asia/Bangkok,65.20099061946904,3.801724137931035,3.293103448275862,33.52962123893804
13520,2022-08-30 14:00:00,Asia/Bangkok,70.50069284482761,4.327586206896552,3.931034482758621,32.13277112068965
13521,2022-08-30 15:00:00,Asia/Bangkok,86.59716478260873,3.256410256410256,2.769230769230769,28.22450173913042
13522,2022-08-30 16:00:00,Asia/Bangkok,82.25436270270271,4.526315789473684,4.034782608695652,29.97897142857142
13523,2022-08-30 17:00:00,Asia/Bangkok,75.47705863636364,6.451327433628318,5.911504424778761,31.68021645454545
13524,2022-08-30 18:00:00,Asia/Bangkok,77.46103184210526,7.615384615384615,7.05982905982906,30.82883535087719
13525,2022-08-30 19:00:00,Asia/Bangkok,81.93173750000001,19.70689655172414,17.86206896551724,29.69560535714285
13526,2022-08-30 20:00:00,Asia/Bangkok,86.4418910810811,33.32173913043479,29.24347826086957,28.49009567567566
13527,2022-08-30 21:00:00,Asia/Bangkok,87.30295348623855,16.43478260869565,15.32173913043478,27.54570706422016
13528,2022-08-30 22:00:00,Asia/Bangkok,86.8938728828829,16.60344827586207,15.57758620689655,27.1963194642857
13529,2022-08-30 23:00:00,Asia/Bangkok,87.60416180180177,19.7008547008547,18.5982905982906,27.09579418181817
13530,2022-08-31 00:00:00,Asia/Bangkok,89.41187563636369,27.10344827586207,25.57758620689655,26.71273063636364
13531,2022-08-31 01:00:00,Asia/Bangkok,89.12407887931035,23.58974358974359,22.35344827586207,26.73622362068965
13532,2022-08-31 02:00:00,Asia/Bangkok,89.21480175438597,24.54782608695652,23.24137931034483,26.63916438596491
13533,2022-08-31 03:00:00,Asia/Bangkok,89.0414288495575,23.62068965517241,22.16379310344828,26.56573415929203
13534,2022-08-31 04:00:00,Asia/Bangkok,88.84742252336451,16.57798165137615,15.65137614678899,26.35884953271029
13535,2022-08-31 05:00:00,Asia/Bangkok,89.50555610169496,15.32231404958678,14.55,26.14201627118642
13536,2022-08-31 06:00:00,Asia/Bangkok,90.190831875,15.22413793103448,14.20689655172414,25.85133589285715
13537,2022-08-31 07:00:00,Asia/Bangkok,90.48965672566378,13.60344827586207,12.68965517241379,25.66950088495575
13538,2022-08-31 08:00:00,Asia/Bangkok,91.1010599115044,10.28448275862069,9.655172413793103,26.21277964601769
13539,2022-08-31 09:00:00,Asia/Bangkok,87.08792745454545,6.413793103448276,6.025862068965517,28.16849127272727
13540,2022-08-31 10:00:00,Asia/Bangkok,76.7556528695652,2.849557522123894,2.610619469026549,30.77313434782606
13541,2022-08-31 11:00:00,Asia/Bangkok,71.60832745614036,0.7043478260869566,0.6260869565217392,31.69439535087718
13542,2022-08-31 12:00:00,Asia/Bangkok,68.434385,0.646551724137931,0.4913793103448276,32.79274464912281
13543,2022-08-31 13:00:00,Asia/Bangkok,64.80351304347826,0.6551724137931034,0.5862068965517241,33.81798347826088
13544,2022-08-31 14:00:00,Asia/Bangkok,61.88658539130436,0.6956521739130435,0.5565217391304348,34.36368365217394
13545,2022-08-31 15:00:00,Asia/Bangkok,64.83696271929824,1.555555555555556,1.393162393162393,33.82297754385966
13546,2022-08-31 16:00:00,Asia/Bangkok,72.22616398230089,6.405172413793103,5.905172413793103,32.17907097345133
13547,2022-08-31 17:00:00,Asia/Bangkok,74.6536849557522,2.96551724137931,2.758620689655173,31.08192274336283
13548,2022-08-31 18:00:00,Asia/Bangkok,74.87345586206898,8.247863247863247,7.547008547008547,30.40817612068964
13549,2022-08-31 19:00:00,Asia/Bangkok,83.15305371681413,5.318965517241379,4.405172413793103,27.59400185840707
13550,2022-08-31 20:00:00,Asia/Bangkok,85.360629380531,6.336206896551724,5.793103448275862,26.67595398230088
13551,2022-08-31 21:00:00,Asia/Bangkok,88.29315852173912,8.726495726495726,7.965811965811966,26.16416930434783
13552,2022-08-31 22:00:00,Asia/Bangkok,88.77405591304347,6.008620689655173,5.46551724137931,26.09987069565217
13553,2022-08-31 23:00:00,Asia/Bangkok,87.91370226086956,10.98260869565217,10.3304347826087,26.13486508771929
13554,2022-09-01 00:00:00,Asia/Bangkok,88.82343587719296,10.3448275862069,9.568965517241379,25.91657929824562
13555,2022-09-01 01:00:00,Asia/Bangkok,89.57589219298245,10.62068965517241,10.01724137931035,25.80890149122808
13556,2022-09-01 02:00:00,Asia/Bangkok,88.89314866071429,10.50862068965517,9.887931034482758,25.98539785714287
13557,2022-09-01 03:00:00,Asia/Bangkok,90.26855027027028,13.94827586206897,12.86206896551724,25.81632945945945
13558,2022-09-01 04:00:00,Asia/Bangkok,90.92789732142856,11.91379310344828,11.04310344827586,25.56091348214288
13559,2022-09-01 05:00:00,Asia/Bangkok,91.21030327586207,18.16239316239316,16.98275862068965,25.46376344827589
13560,2022-09-01 06:00:00,Asia/Bangkok,91.26478437499999,12.27586206896552,11.54700854700855,25.45517303571425
13561,2022-09-01 07:00:00,Asia/Bangkok,90.925026460177,26.06034482758621,23.19827586206896,25.45388619469026
13562,2022-09-01 08:00:00,Asia/Bangkok,91.84061359649124,15.98275862068965,15.34782608695652,25.77554508771929
13563,2022-09-01 09:00:00,Asia/Bangkok,91.30046690265483,10.10344827586207,9.666666666666666,27.10866292035399
13564,2022-09-01 10:00:00,Asia/Bangkok,83.27928676767677,5.376237623762377,4.940594059405941,29.3022999
13565,2022-09-01 11:00:00,Asia/Bangkok,75.4823257017544,1.761061946902655,1.601769911504425,31.08532780701753
13566,2022-09-01 12:00:00,Asia/Bangkok,65.6563072173913,1.278260869565217,1.069565217391304,33.62235149122807
13567,2022-09-01 13:00:00,Asia/Bangkok,59.7746840869565,1.52212389380531,1.345132743362832,35.26857556521738
13568,2022-09-01 14:00:00,Asia/Bangkok,59.71087513274338,1.243478260869565,1.182608695652174,35.08287982300882
13569,2022-09-01 15:00:00,Asia/Bangkok,73.94918756521739,2.905172413793104,2.681034482758621,32.44178860869566
13570,2022-09-01 16:00:00,Asia/Bangkok,74.12758621621619,3.103448275862069,2.810344827586207,32.23526828828827
13571,2022-09-01 17:00:00,Asia/Bangkok,73.55704763888889,2.013698630136986,1.876712328767123,31.77699708333334
13572,2022-09-01 18:00:00,Asia/Bangkok,84.74921808695655,2.431034482758621,2.017241379310345,27.27299026315792
13573,2022-09-01 19:00:00,Asia/Bangkok,85.72714230088495,0.5350877192982456,0.456140350877193,26.5835778761062
13574,2022-09-01 20:00:00,Asia/Bangkok,87.25049620689654,3.172413793103448,2.879310344827586,26.26368732758623
13575,2022-09-01 21:00:00,Asia/Bangkok,89.61800254385963,4.078260869565217,3.756521739130435,25.70096499999998
13576,2022-09-01 22:00:00,Asia/Bangkok,90.11813710526314,6.163793103448276,5.637931034482759,25.55158929824562
13577,2022-09-01 23:00:00,Asia/Bangkok,90.62177594594598,5.810344827586207,5.370689655172414,25.29686450450452
13578,2022-09-02 00:00:00,Asia/Bangkok,90.93821078260865,5.827586206896552,5.267241379310345,25.2430464347826
13579,2022-09-02 01:00:00,Asia/Bangkok,91.29052889908257,5.577586206896552,5.120689655172414,25.21156678899082
13580,2022-09-02 02:00:00,Asia/Bangkok,91.34404878260867,7.28448275862069,6.862068965517241,25.01263034782611
13581,2022-09-02 03:00:00,Asia/Bangkok,90.88440710526318,7.043103448275862,6.663793103448276,24.94975543859653
13582,2022-09-02 04:00:00,Asia/Bangkok,91.25083215517243,7.629310344827586,7.146551724137931,24.74691336206897
13583,2022-09-02 05:00:00,Asia/Bangkok,91.96851836206902,6.681034482758621,6.172413793103448,24.4712070940171
13584,2022-09-02 06:00:00,Asia/Bangkok,91.71324905172412,6.401709401709402,5.948717948717949,24.51534834782609
13585,2022-09-02 07:00:00,Asia/Bangkok,92.42104482456139,9.21551724137931,8.620689655172415,24.34743438596493
13586,2022-09-02 08:00:00,Asia/Bangkok,90.85178460176992,4.689655172413793,4.344827586206897,25.44951318584071
13587,2022-09-02 09:00:00,Asia/Bangkok,86.24261051724137,4.379310344827586,4.112068965517241,27.05012163793102
13588,2022-09-02 10:00:00,Asia/Bangkok,81.91998614035087,6.086206896551724,5.767241379310345,28.48733254385965
13589,2022-09-02 11:00:00,Asia/Bangkok,75.63076423423422,5.461538461538462,5.128205128205129,30.54182135135135
13590,2022-09-02 12:00:00,Asia/Bangkok,70.25128585585584,3.775862068965517,3.53448275862069,31.87758621621621
13591,2022-09-02 13:00:00,Asia/Bangkok,65.35903384615385,1.478632478632479,1.341880341880342,33.16168854700854
13592,2022-09-02 14:00:00,Asia/Bangkok,62.13737342105263,0.1551724137931035,0.0603448275862069,33.83370561403508
13593,2022-09-02 15:00:00,Asia/Bangkok,61.3664516521739,0.1724137931034483,0.1206896551724138,34.10765669565219
13594,2022-09-02 16:00:00,Asia/Bangkok,60.12246741071427,0.3362068965517241,0.2241379310344828,34.19205901785713
13595,2022-09-02 17:00:00,Asia/Bangkok,63.75806535714282,0.4035087719298245,0.2192982456140351,33.22544848214285
13596,2022-09-02 18:00:00,Asia/Bangkok,65.84383347826086,1.21551724137931,1.025862068965517,32.1919595652174
13597,2022-09-02 19:00:00,Asia/Bangkok,69.85385191304346,3.632478632478632,3.273504273504273,30.7226532173913
13598,2022-09-02 20:00:00,Asia/Bangkok,78.1621064285714,37.26548672566372,33.63716814159292,29.17894616071429
13599,2022-09-02 21:00:00,Asia/Bangkok,77.86904260869565,4.732758620689655,4.275862068965517,28.87938643478261
13600,2022-09-02 22:00:00,Asia/Bangkok,80.07961252173915,2.717948717948718,2.353448275862069,28.2875684347826
13601,2022-09-02 23:00:00,Asia/Bangkok,82.83841591304348,4.03448275862069,3.632478632478632,27.68562570175437
13602,2022-09-03 00:00:00,Asia/Bangkok,84.08811912280703,6.146551724137931,5.568965517241379,27.33923122807017
13603,2022-09-03 01:00:00,Asia/Bangkok,85.73879589285714,3.362068965517242,2.948275862068965,26.86021919642859
13604,2022-09-03 02:00:00,Asia/Bangkok,86.77648963636366,3.008620689655173,2.560344827586207,26.64468018181815
13605,2022-09-03 03:00:00,Asia/Bangkok,87.46288767857143,2.598290598290598,2.273504273504273,26.49681651785715
13606,2022-09-03 04:00:00,Asia/Bangkok,88.14001469026555,2.956140350877193,2.368421052631579,26.29993238938053
13607,2022-09-03 05:00:00,Asia/Bangkok,87.51871486725656,2.704347826086956,2.321739130434783,26.09009648648648
13608,2022-09-03 06:00:00,Asia/Bangkok,87.87170626086956,0.9396551724137931,0.75,25.47016617391306
13609,2022-09-03 07:00:00,Asia/Bangkok,87.63344297297297,0.3333333333333333,0.1929824561403509,25.33505427272727
13610,2022-09-03 08:00:00,Asia/Bangkok,85.9843626956522,0.1478260869565217,0.0,25.83077582608695
13611,2022-09-03 09:00:00,Asia/Bangkok,81.32282089285714,0.3076923076923077,0.1282051282051282,27.74669651785715
13612,2022-09-03 10:00:00,Asia/Bangkok,77.10508219298245,1.836206896551724,1.482758620689655,29.05419166666667
13613,2022-09-03 11:00:00,Asia/Bangkok,73.22841150442476,1.922413793103448,1.586206896551724,30.62737557522122
13614,2022-09-03 12:00:00,Asia/Bangkok,68.4137307079646,1.786324786324786,1.512820512820513,32.16649920353981
13615,2022-09-03 13:00:00,Asia/Bangkok,65.00461131578949,1.568965517241379,1.269565217391304,33.44475184210525
13616,2022-09-03 14:00:00,Asia/Bangkok,65.07284836363638,1.620689655172414,1.264957264957265,32.8609828440367
13617,2022-09-03 15:00:00,Asia/Bangkok,67.17770956140353,1.163793103448276,1.008620689655172,32.30920491228069
13618,2022-09-03 16:00:00,Asia/Bangkok,72.11060721739132,3.913793103448276,3.267241379310345,30.87047226086955
13619,2022-09-03 17:00:00,Asia/Bangkok,83.8934846846847,2.836206896551724,2.387931034482758,28.06038954954954
13620,2022-09-03 18:00:00,Asia/Bangkok,82.8558263716814,4.0,3.330434782608696,27.73352292035398
13621,2022-09-03 19:00:00,Asia/Bangkok,81.91947710526316,4.846153846153846,4.076923076923077,27.60350140350875
13622,2022-09-03 20:00:00,Asia/Bangkok,82.5114287272727,3.814159292035398,3.150442477876106,27.43041327272727
13623,2022-09-03 21:00:00,Asia/Bangkok,81.55058752212392,2.921739130434783,2.330434782608696,27.47258212389379
13624,2022-09-03 22:00:00,Asia/Bangkok,81.2801611711712,1.88034188034188,1.401709401709402,26.93567666666668
13625,2022-09-03 23:00:00,Asia/Bangkok,81.98664365217392,1.698275862068966,1.267241379310345,26.82105139130435
13626,2022-09-04 00:00:00,Asia/Bangkok,84.28720427272725,2.5,1.732758620689655,26.62519118181821
13627,2022-09-04 01:00:00,Asia/Bangkok,84.37376536363637,1.991379310344828,1.5,26.5017211818182
13628,2022-09-04 02:00:00,Asia/Bangkok,84.01725894736848,1.948275862068966,1.46551724137931,26.59568859649125
13629,2022-09-04 03:00:00,Asia/Bangkok,84.14959079646019,2.189655172413793,1.629310344827586,26.55095630630633
13630,2022-09-04 04:00:00,Asia/Bangkok,84.32763286956522,2.076923076923077,1.581196581196581,26.50239660869566
13631,2022-09-04 05:00:00,Asia/Bangkok,86.1240057017544,2.234782608695652,1.669565217391304,26.12085798245613
13632,2022-09-04 06:00:00,Asia/Bangkok,85.78837818965519,2.474137931034483,1.96551724137931,26.18442905172417
13633,2022-09-04 07:00:00,Asia/Bangkok,83.0542510344828,2.717948717948718,2.188034188034188,26.44009068965519
13634,2022-09-04 08:00:00,Asia/Bangkok,83.2456855263158,2.896551724137931,2.353448275862069,26.54886342105266
13635,2022-09-04 09:00:00,Asia/Bangkok,83.01574412280702,3.068965517241379,2.629310344827586,27.3479692982456
13636,2022-09-04 10:00:00,Asia/Bangkok,82.11326728070173,3.393162393162393,2.70940170940171,27.89655885964911
13637,2022-09-04 11:00:00,Asia/Bangkok,79.78759585585584,3.913793103448276,3.344827586206896,28.83808045045044
13638,2022-09-04 12:00:00,Asia/Bangkok,77.23830819819818,4.758620689655173,4.155172413793103,29.79538162162163
13639,2022-09-04 13:00:00,Asia/Bangkok,69.12722421052631,3.931623931623931,3.293103448275862,32.43353973684209
13640,2022-09-04 14:00:00,Asia/Bangkok,62.70477453703707,3.684210526315789,2.965217391304348,34.13858361111111
13641,2022-09-04 15:00:00,Asia/Bangkok,62.59676,4.2,3.386666666666667,34.73630039473684
13642,2022-09-04 16:00:00,Asia/Bangkok,62.41586464912278,4.672413793103448,4.068965517241379,34.57899106194689
13643,2022-09-04 17:00:00,Asia/Bangkok,66.49614991304348,5.347826086956522,4.539130434782609,32.00938017391303
13644,2022-09-04 18:00:00,Asia/Bangkok,68.02216810344831,4.565217391304348,3.869565217391304,31.31633887931033
13645,2022-09-04 19:00:00,Asia/Bangkok,72.28771256637168,6.301724137931035,5.620689655172414,30.14305292035398
13646,2022-09-04 20:00:00,Asia/Bangkok,76.00314562500002,9.803418803418804,8.879310344827585,28.69370821428572
13647,2022-09-04 21:00:00,Asia/Bangkok,77.91688009090909,5.172413793103448,4.615384615384615,28.18269027272725
13648,2022-09-04 22:00:00,Asia/Bangkok,81.94521044642855,9.85344827586207,9.10344827586207,27.29550723214286
13649,2022-09-04 23:00:00,Asia/Bangkok,84.5368552631579,3.318965517241379,2.922413793103448,26.5037001754386
13650,2022-09-05 00:00:00,Asia/Bangkok,86.45816936936934,13.69230769230769,12.0,26.62459675675675
13651,2022-09-05 01:00:00,Asia/Bangkok,88.59969702702702,4.886956521739131,4.365217391304347,26.23855297297298
13652,2022-09-05 02:00:00,Asia/Bangkok,89.86404176991152,5.188034188034188,4.735042735042735,25.92575336283183
13653,2022-09-05 03:00:00,Asia/Bangkok,90.13210799999993,6.172413793103448,5.698275862068965,25.95305260869564
13654,2022-09-05 04:00:00,Asia/Bangkok,90.6793804310345,8.474137931034482,7.620689655172414,25.62228068965517
13655,2022-09-05 05:00:00,Asia/Bangkok,89.49962394736839,6.826086956521739,6.043478260869565,25.73382929824561
13656,2022-09-05 06:00:00,Asia/Bangkok,90.28999824561406,8.41025641025641,7.700854700854701,25.60199921052634
13657,2022-09-05 07:00:00,Asia/Bangkok,89.98072424778758,11.72413793103448,10.81034482758621,25.67545592920351
13658,2022-09-05 08:00:00,Asia/Bangkok,89.06725582608698,10.04310344827586,9.189655172413794,26.06708773913044
13659,2022-09-05 09:00:00,Asia/Bangkok,88.77905834782608,10.14655172413793,9.181034482758621,26.48772666666667
13660,2022-09-05 10:00:00,Asia/Bangkok,85.28525212389383,8.316239316239317,7.418803418803419,27.75632371681413
13661,2022-09-05 11:00:00,Asia/Bangkok,81.34908584070799,6.172413793103448,5.344827586206897,28.90841796460176
13662,2022-09-05 12:00:00,Asia/Bangkok,75.21449061403513,6.293103448275862,5.46551724137931,30.65097728070175
13663,2022-09-05 13:00:00,Asia/Bangkok,72.84470769911506,7.683760683760684,6.786324786324786,31.3017381415929
13664,2022-09-05 14:00:00,Asia/Bangkok,72.05258478260868,8.732758620689655,7.974137931034483,31.95014478260872
13665,2022-09-05 15:00:00,Asia/Bangkok,74.09646396396394,9.304347826086957,8.391304347826088,30.94371409090911
13666,2022-09-05 16:00:00,Asia/Bangkok,75.50958689655175,10.27586206896552,9.379310344827585,30.13329886956524
13667,2022-09-05 17:00:00,Asia/Bangkok,74.16840965517238,6.991452991452991,6.247863247863248,30.24684844827588
13668,2022-09-05 18:00:00,Asia/Bangkok,76.02958810810809,10.00862068965517,8.844827586206897,29.53094639639639
13669,2022-09-05 19:00:00,Asia/Bangkok,79.74408652173912,25.05982905982906,22.31623931623932,28.69020939130436
13670,2022-09-05 20:00:00,Asia/Bangkok,81.58211868421053,17.91379310344828,16.52586206896552,28.23657657894735
13671,2022-09-05 21:00:00,Asia/Bangkok,82.0916676576577,9.991379310344827,9.189655172413794,27.85453363636366
13672,2022-09-05 22:00:00,Asia/Bangkok,84.66343770642197,9.212389380530974,8.035087719298245,27.05260091743117
13673,2022-09-05 23:00:00,Asia/Bangkok,87.45996219298247,10.29310344827586,9.456896551724139,26.83707201754387
13674,2022-09-06 00:00:00,Asia/Bangkok,89.00523482142857,12.68376068376068,11.80172413793103,26.54943544642857
13675,2022-09-06 01:00:00,Asia/Bangkok,90.37185669642854,11.02608695652174,10.31896551724138,26.19281837837836
13676,2022-09-06 02:00:00,Asia/Bangkok,91.06391826086958,11.12931034482759,10.24137931034483,25.92732365217394
13677,2022-09-06 03:00:00,Asia/Bangkok,90.80930551724138,12.53448275862069,11.66379310344828,25.92448586206896
13678,2022-09-06 04:00:00,Asia/Bangkok,90.98555824561407,16.71304347826087,15.42608695652174,25.77746719298246
13679,2022-09-06 05:00:00,Asia/Bangkok,90.63866879310348,12.61206896551724,11.85344827586207,25.76111646551725
13680,2022-09-06 06:00:00,Asia/Bangkok,87.46336407079652,8.836206896551724,7.991379310344827,26.22301026548676
13681,2022-09-06 07:00:00,Asia/Bangkok,82.60894438596488,1.347826086956522,1.069565217391304,25.97846412280703
13682,2022-09-06 08:00:00,Asia/Bangkok,84.92156634782606,4.793103448275862,4.336206896551724,25.87185182608696
13683,2022-09-06 09:00:00,Asia/Bangkok,86.9705342105263,3.620689655172414,3.224137931034483,25.77222096491229
13684,2022-09-06 10:00:00,Asia/Bangkok,86.24556515463918,12.1530612244898,10.91836734693878,26.40674092783506
13685,2022-09-06 11:00:00,Asia/Bangkok,80.6738905217391,4.834782608695652,4.2,27.54519894736839
13686,2022-09-06 12:00:00,Asia/Bangkok,76.70218026086958,4.603448275862069,3.991379310344827,28.83528930434783
13687,2022-09-06 13:00:00,Asia/Bangkok,73.55384617391303,3.965217391304348,3.530434782608696,29.59384791304348
13688,2022-09-06 14:00:00,Asia/Bangkok,69.56613347826087,5.547826086956522,5.121739130434783,31.04172347826086
13689,2022-09-06 15:00:00,Asia/Bangkok,65.68677866071431,6.03448275862069,5.663793103448276,32.60068464285715
13690,2022-09-06 16:00:00,Asia/Bangkok,66.25121196428567,7.188034188034188,6.700854700854701,31.58016580357142
13691,2022-09-06 17:00:00,Asia/Bangkok,71.87490385416669,5.785714285714286,5.142857142857143,29.6295077894737
13692,2022-09-06 18:00:00,Asia/Bangkok,73.06503860869569,12.81896551724138,11.69827586206897,29.36991121739131
13693,2022-09-06 19:00:00,Asia/Bangkok,74.87111095652175,19.28695652173913,16.88695652173913,29.03558600000002
13694,2022-09-06 20:00:00,Asia/Bangkok,79.45199705357142,53.49565217391304,44.60869565217391,28.04458089285715
13695,2022-09-06 21:00:00,Asia/Bangkok,76.9147193913043,9.793103448275861,8.827586206896552,27.63169191304349
13696,2022-09-06 22:00:00,Asia/Bangkok,80.56494570175437,9.612068965517242,8.844827586206897,26.9702349122807
13697,2022-09-06 23:00:00,Asia/Bangkok,80.5249109482759,8.5,7.732758620689655,26.93162382608696
13698,2022-09-07 00:00:00,Asia/Bangkok,80.00327973451327,6.810344827586207,6.086206896551724,26.9846684955752
13699,2022-09-07 01:00:00,Asia/Bangkok,81.00811280701753,6.085470085470085,5.461538461538462,26.93181964912282
13700,2022-09-07 02:00:00,Asia/Bangkok,83.4634468141593,5.474137931034483,4.887931034482759,26.53192026548672
13701,2022-09-07 03:00:00,Asia/Bangkok,84.58115747826086,7.232758620689655,6.482758620689655,26.40236443478261
13702,2022-09-07 04:00:00,Asia/Bangkok,81.0527771052632,4.982905982905983,4.29059829059829,26.678376754386
13703,2022-09-07 05:00:00,Asia/Bangkok,78.35796128440369,2.362068965517242,1.896551724137931,26.58181834862387
13704,2022-09-07 06:00:00,Asia/Bangkok,80.4353985217391,3.318965517241379,2.732758620689655,26.42474869565217
13705,2022-09-07 07:00:00,Asia/Bangkok,81.54950522123893,4.060344827586207,3.318965517241379,26.42026106194688
13706,2022-09-07 08:00:00,Asia/Bangkok,80.76187293103447,3.956896551724138,3.28448275862069,26.51626560344827
13707,2022-09-07 09:00:00,Asia/Bangkok,83.41820657894742,5.310344827586207,4.405172413793103,26.55664149122807
13708,2022-09-07 10:00:00,Asia/Bangkok,79.39204083333331,4.136752136752137,3.52991452991453,27.47205685185184
13709,2022-09-07 11:00:00,Asia/Bangkok,74.22142166666666,3.525862068965517,2.922413793103448,29.54171403508771
13710,2022-09-07 12:00:00,Asia/Bangkok,69.2156273043478,2.179487179487179,1.598290598290598,31.44113504347826
13711,2022-09-07 13:00:00,Asia/Bangkok,65.52045243243242,2.387931034482758,1.844827586206897,32.60540828828827
13712,2022-09-07 14:00:00,Asia/Bangkok,63.94384464285713,1.672413793103448,1.224137931034483,33.30975383928572
13713,2022-09-07 15:00:00,Asia/Bangkok,63.57493827586207,1.700854700854701,1.333333333333333,32.91819913043479
13714,2022-09-07 16:00:00,Asia/Bangkok,71.05780226086956,1.801724137931034,1.344827586206897,29.26008008695653
13715,2022-09-07 17:00:00,Asia/Bangkok,76.20105140350876,0.8620689655172413,0.4310344827586207,28.43282421052632
13716,2022-09-07 18:00:00,Asia/Bangkok,77.05093150442474,2.517241379310345,1.853448275862069,28.40526079646015
13717,2022-09-07 19:00:00,Asia/Bangkok,80.23004628318587,5.111111111111111,4.379310344827586,27.65013598214287
13718,2022-09-07 20:00:00,Asia/Bangkok,79.93638839285713,5.96551724137931,5.324786324786325,27.59281928571428
13719,2022-09-07 21:00:00,Asia/Bangkok,81.19905096491229,11.74137931034483,10.48275862068965,27.62751228070177
13720,2022-09-07 22:00:00,Asia/Bangkok,83.00252469565217,25.93162393162393,23.85470085470086,27.37169591304345
13721,2022-09-07 23:00:00,Asia/Bangkok,85.4925628440367,20.67826086956522,19.2,26.81347357798165
13722,2022-09-08 00:00:00,Asia/Bangkok,85.70676728070171,5.344827586206897,4.758620689655173,26.41190149122805
13723,2022-09-08 01:00:00,Asia/Bangkok,84.29168061403512,3.836206896551724,3.224137931034483,26.57802614035089
13724,2022-09-08 02:00:00,Asia/Bangkok,80.96415345132745,0.8879310344827587,0.646551724137931,26.28024734513273
13725,2022-09-08 03:00:00,Asia/Bangkok,82.74080553571432,0.5304347826086957,0.3478260869565217,25.30248625
13726,2022-09-08 04:00:00,Asia/Bangkok,85.46761365217392,1.382608695652174,1.173913043478261,24.94094578947368
13727,2022-09-08 05:00:00,Asia/Bangkok,83.82499921739128,0.3448275862068966,0.1982758620689655,25.28974199999999
13728,2022-09-08 06:00:00,Asia/Bangkok,81.30158000000003,0.9913793103448276,0.7327586206896551,25.48274543859649
13729,2022-09-08 07:00:00,Asia/Bangkok,85.86258548672568,2.62280701754386,2.114035087719298,24.82377824561405
13730,2022-09-08 08:00:00,Asia/Bangkok,87.46711008771923,4.136752136752137,3.495726495726496,25.18694734513273
13731,2022-09-08 09:00:00,Asia/Bangkok,85.74692991071429,3.206896551724138,2.672413793103448,25.77284669642858
13732,2022-09-08 10:00:00,Asia/Bangkok,80.57561385416669,4.214285714285714,3.489795918367347,27.05826781250001
13733,2022-09-08 11:00:00,Asia/Bangkok,75.619652,4.96551724137931,4.508620689655173,28.36888704347826
13734,2022-09-08 12:00:00,Asia/Bangkok,70.82663789473683,3.862068965517242,3.321739130434783,30.22618628318582
13735,2022-09-08 13:00:00,Asia/Bangkok,66.34178271929822,4.104347826086957,3.643478260869565,31.53646761061946
13736,2022-09-08 14:00:00,Asia/Bangkok,69.70322521739129,5.75,5.068965517241379,30.99744252173913
13737,2022-09-08 15:00:00,Asia/Bangkok,67.36399026548672,4.939655172413793,4.224137931034483,31.5263078761062
13738,2022-09-08 16:00:00,Asia/Bangkok,66.9712961111111,4.462962962962963,3.761467889908257,30.71470027777779
13739,2022-09-08 17:00:00,Asia/Bangkok,65.17698183908044,5.208791208791209,4.351648351648351,30.10397942528738
13740,2022-09-08 18:00:00,Asia/Bangkok,65.92546719298244,4.896551724137931,3.982758620689655,29.81706194690266
13741,2022-09-08 19:00:00,Asia/Bangkok,67.13691104347825,7.817391304347826,6.539130434782609,29.37425278260868
13742,2022-09-08 20:00:00,Asia/Bangkok,71.55359194690269,16.11206896551724,14.03448275862069,28.84926743362832
13743,2022-09-08 21:00:00,Asia/Bangkok,76.57730798245615,31.62608695652174,27.45217391304348,28.04818061403507
13744,2022-09-08 22:00:00,Asia/Bangkok,79.26933121739131,24.61206896551724,22.28448275862069,27.91089330434782
13745,2022-09-08 23:00:00,Asia/Bangkok,82.4108972321428,18.0948275862069,16.49137931034483,27.35146312500001
13746,2022-09-09 00:00:00,Asia/Bangkok,82.03808660714287,12.05172413793103,10.70689655172414,27.25971598214284
13747,2022-09-09 01:00:00,Asia/Bangkok,82.10329973451323,7.077586206896552,6.224137931034483,27.2551039823009
13748,2022-09-09 02:00:00,Asia/Bangkok,85.10411491071429,11.01724137931035,9.836206896551724,26.7435594642857
13749,2022-09-09 03:00:00,Asia/Bangkok,86.19265415929202,11.58974358974359,10.54700854700855,26.35686008849559
13750,2022-09-09 04:00:00,Asia/Bangkok,86.98374808695654,15.12931034482759,14.03448275862069,26.11101782608696
13751,2022-09-09 05:00:00,Asia/Bangkok,87.71910743362831,13.63793103448276,12.49137931034483,25.87237159292034
13752,2022-09-09 06:00:00,Asia/Bangkok,87.47934895652173,13.12931034482759,12.03448275862069,25.79759513043478
13753,2022-09-09 07:00:00,Asia/Bangkok,87.59392017094014,12.60683760683761,11.58119658119658,25.78558128205128
13754,2022-09-09 08:00:00,Asia/Bangkok,86.22893460176991,20.96551724137931,18.08620689655172,26.66453725663715
13755,2022-09-09 09:00:00,Asia/Bangkok,80.47033591304348,7.78448275862069,6.862068965517241,28.50832486956521
13756,2022-09-09 10:00:00,Asia/Bangkok,71.78255769911509,5.732758620689655,4.887931034482759,31.09234203539823
13757,2022-09-09 11:00:00,Asia/Bangkok,67.55635118181816,6.189655172413793,5.206896551724138,32.11161927272729
13758,2022-09-09 12:00:00,Asia/Bangkok,63.15098723214284,7.412280701754386,6.539130434782609,33.41408785714287
13759,2022-09-09 13:00:00,Asia/Bangkok,59.98665543859649,7.336206896551724,6.491379310344827,34.5138199122807
13760,2022-09-09 14:00:00,Asia/Bangkok,57.1019664347826,5.461538461538462,5.025862068965517,35.5013347826087
13761,2022-09-09 15:00:00,Asia/Bangkok,60.82615099999999,4.365217391304347,3.672413793103448,34.00415284403672
13762,2022-09-09 16:00:00,Asia/Bangkok,61.11206443478262,6.163793103448276,5.448275862068965,34.02189403508771
13763,2022-09-09 17:00:00,Asia/Bangkok,70.23149858407079,10.00862068965517,8.64655172413793,31.72877535714286
13764,2022-09-09 18:00:00,Asia/Bangkok,83.5647663392857,6.612068965517241,5.646551724137931,27.79888714285715
13765,2022-09-09 19:00:00,Asia/Bangkok,88.85184062500005,1.439655172413793,1.11304347826087,25.71760482142859
13766,2022-09-09 20:00:00,Asia/Bangkok,88.18342678571426,1.777777777777778,1.401709401709402,25.5318011607143
13767,2022-09-09 21:00:00,Asia/Bangkok,88.83739327586207,1.491379310344828,1.25,25.4385168695652
13768,2022-09-09 22:00:00,Asia/Bangkok,89.72064424778763,3.258620689655173,2.939655172413793,25.47600530973451
13769,2022-09-09 23:00:00,Asia/Bangkok,90.62069672566373,3.96551724137931,3.586206896551724,25.48574159292033
13770,2022-09-10 00:00:00,Asia/Bangkok,89.60846809090907,4.870689655172414,4.344827586206897,25.66753882882883
13771,2022-09-10 01:00:00,Asia/Bangkok,90.22557701754381,5.495726495726496,4.982758620689655,25.24186522123897
13772,2022-09-10 02:00:00,Asia/Bangkok,90.69636585585582,6.672413793103448,6.094017094017094,24.97141882882882
13773,2022-09-10 03:00:00,Asia/Bangkok,92.2742227192983,6.51304347826087,6.182608695652174,24.75582464912279
13774,2022-09-10 04:00:00,Asia/Bangkok,91.70462852173912,7.173913043478261,6.704347826086956,24.76024155172413
13775,2022-09-10 05:00:00,Asia/Bangkok,91.79594208695656,6.973913043478261,6.573913043478261,24.70614412280699
13776,2022-09-10 06:00:00,Asia/Bangkok,91.84821657894744,7.452173913043478,6.965217391304348,24.69197236842104
13777,2022-09-10 07:00:00,Asia/Bangkok,92.68809008771932,8.434782608695652,7.913043478260869,24.74085701754387
13778,2022-09-10 08:00:00,Asia/Bangkok,92.97984285714287,10.62068965517241,9.982758620689655,24.97560875000002
13779,2022-09-10 09:00:00,Asia/Bangkok,91.42725336283186,8.931623931623932,8.179487179487179,26.22868345132743
13780,2022-09-10 10:00:00,Asia/Bangkok,77.9653901818182,5.198275862068965,4.508620689655173,29.28840082568808
13781,2022-09-10 11:00:00,Asia/Bangkok,68.7884810619469,3.922413793103448,3.28448275862069,31.34659150442477
13782,2022-09-10 12:00:00,Asia/Bangkok,62.84671771929825,5.205128205128205,4.581196581196581,32.94633754385962
13783,2022-09-10 13:00:00,Asia/Bangkok,59.27962763157898,8.913793103448276,8.172413793103448,34.47315622807018
13784,2022-09-10 14:00:00,Asia/Bangkok,53.80554034782611,6.456896551724138,5.991379310344827,36.7407102631579
13785,2022-09-10 15:00:00,Asia/Bangkok,54.70029215517242,10.07692307692308,9.7008547008547,35.67160982608696
13786,2022-09-10 16:00:00,Asia/Bangkok,55.2105949122807,17.03448275862069,15.79310344827586,35.41463228070175
13787,2022-09-10 17:00:00,Asia/Bangkok,58.98531384615381,14.24786324786325,13.47863247863248,34.3727399145299
13788,2022-09-10 18:00:00,Asia/Bangkok,73.01629699115041,9.155172413793103,8.336206896551724,31.15638292035397
13789,2022-09-10 19:00:00,Asia/Bangkok,68.93571096491225,11.36752136752137,10.58119658119658,30.84427070175438
13790,2022-09-10 20:00:00,Asia/Bangkok,80.70442690265484,15.99137931034483,14.8448275862069,28.14141699115045
13791,2022-09-10 21:00:00,Asia/Bangkok,86.7925658928571,15.80172413793103,15.06896551724138,26.89674616071426
13792,2022-09-10 22:00:00,Asia/Bangkok,86.83686295652178,12.58119658119658,11.85470085470086,26.91279295652172
13793,2022-09-10 23:00:00,Asia/Bangkok,86.78022756756761,7.53448275862069,7.120689655172414,26.51643531531533
13794,2022-09-11 00:00:00,Asia/Bangkok,87.2609292792793,4.655172413793103,4.267241379310345,26.12853747747749
13795,2022-09-11 01:00:00,Asia/Bangkok,87.71724399999998,4.75,4.448275862068965,26.10853400000001
13796,2022-09-11 02:00:00,Asia/Bangkok,88.15327460176985,4.743589743589744,4.35042735042735,26.05132814159291
13797,2022-09-11 03:00:00,Asia/Bangkok,90.56598373913042,6.137931034482759,5.672413793103448,25.47717773913043
13798,2022-09-11 04:00:00,Asia/Bangkok,91.5109036607143,6.556521739130435,6.181034482758621,25.36552723214286
13799,2022-09-11 05:00:00,Asia/Bangkok,92.60701631578951,7.431034482758621,6.991379310344827,25.23850982300885
13800,2022-09-11 06:00:00,Asia/Bangkok,91.01664104347833,7.163793103448276,6.767241379310345,25.5291917391304
13801,2022-09-11 07:00:00,Asia/Bangkok,91.32203300884962,10.78632478632479,10.28448275862069,25.58298592920356
13802,2022-09-11 08:00:00,Asia/Bangkok,92.3937560176991,12.83620689655172,12.14529914529914,25.53971566371684
13803,2022-09-11 09:00:00,Asia/Bangkok,93.16104247787611,13.1551724137931,12.43103448275862,25.76438491071428
13804,2022-09-11 10:00:00,Asia/Bangkok,90.48608126126126,14.29310344827586,13.38793103448276,26.3225591891892
13805,2022-09-11 11:00:00,Asia/Bangkok,85.00879432432431,14.44827586206897,13.36206896551724,27.46488315315313
13806,2022-09-11 12:00:00,Asia/Bangkok,77.00401321428572,11.18103448275862,10.28448275862069,29.32254812499999
13807,2022-09-11 13:00:00,Asia/Bangkok,71.31587522123893,10.86086956521739,9.695652173913043,30.65036749999999
13808,2022-09-11 14:00:00,Asia/Bangkok,67.43875973214287,9.448275862068966,8.5,31.79477142857143
13809,2022-09-11 15:00:00,Asia/Bangkok,66.49271375,10.1140350877193,9.25438596491228,32.08828053097346
13810,2022-09-11 16:00:00,Asia/Bangkok,66.55388286956521,11.86206896551724,11.08620689655172,32.69155377192983
13811,2022-09-11 17:00:00,Asia/Bangkok,74.18748017391306,15.94782608695652,14.56521739130435,31.12807869565216
13812,2022-09-11 18:00:00,Asia/Bangkok,72.40777081081082,26.86324786324786,22.85470085470086,30.80950279279279
13813,2022-09-11 19:00:00,Asia/Bangkok,77.15008108108105,26.20689655172414,23.35344827586207,29.37115972972975
13814,2022-09-11 20:00:00,Asia/Bangkok,77.94999634782606,17.78448275862069,16.58620689655172,28.67750886956519
13815,2022-09-11 21:00:00,Asia/Bangkok,79.87436807017544,17.07758620689655,15.96551724137931,28.17778622807017
13816,2022-09-11 22:00:00,Asia/Bangkok,83.13879460176992,15.76923076923077,14.8034188034188,27.58887345132744
13817,2022-09-11 23:00:00,Asia/Bangkok,85.02281274336285,17.61206896551724,16.45689655172414,27.24075699115043
13818,2022-09-12 00:00:00,Asia/Bangkok,86.5268588596491,18.58407079646018,17.38053097345133,26.98143087719298
13819,2022-09-12 01:00:00,Asia/Bangkok,86.5568149557522,16.07894736842105,15.23684210526316,26.9801778761062
13820,2022-09-12 02:00:00,Asia/Bangkok,86.29978192982458,17.76923076923077,16.93965517241379,26.92537902654869
13821,2022-09-12 03:00:00,Asia/Bangkok,87.70930808695648,19.96551724137931,19.21367521367521,26.5630275652174
13822,2022-09-12 04:00:00,Asia/Bangkok,88.42038069565216,19.82758620689655,18.92241379310345,26.36995060869563
13823,2022-09-12 05:00:00,Asia/Bangkok,87.95502974137926,21.35344827586207,20.35042735042735,26.37731534482761
13824,2022-09-12 06:00:00,Asia/Bangkok,87.27892071428573,24.75,23.86206896551724,26.19106035714286
13825,2022-09-12 07:00:00,Asia/Bangkok,88.95381982300886,24.83620689655172,23.72413793103448,25.97840309734515
13826,2022-09-12 08:00:00,Asia/Bangkok,89.63873780701749,23.50862068965517,22.12931034482759,26.40330526315789
13827,2022-09-12 09:00:00,Asia/Bangkok,81.40888088495578,11.97413793103448,11.10344827586207,28.67330911504425
13828,2022-09-12 10:00:00,Asia/Bangkok,74.15820956521736,10.45299145299145,9.64102564102564,30.40351286956522
13829,2022-09-12 11:00:00,Asia/Bangkok,70.5684655263158,9.025862068965518,7.810344827586207,31.31908433628318
13830,2022-09-12 12:00:00,Asia/Bangkok,68.7390149565217,16.11965811965812,12.70940170940171,31.69442043478259
13831,2022-09-12 13:00:00,Asia/Bangkok,67.91133097345133,19.62068965517241,17.32758620689655,31.76176743362831
13832,2022-09-12 14:00:00,Asia/Bangkok,63.95727758928569,11.53448275862069,10.19827586206897,33.31678776785715
13833,2022-09-12 15:00:00,Asia/Bangkok,62.20607327586209,10.8974358974359,9.752136752136753,34.00821637931035
13834,2022-09-12 16:00:00,Asia/Bangkok,87.5909658260869,9.89655172413793,8.974137931034482,26.67778173913046
13835,2022-09-12 17:00:00,Asia/Bangkok,87.76471965217392,7.301724137931035,6.517241379310345,26.65734965217394
13836,2022-09-12 18:00:00,Asia/Bangkok,86.51995741379312,7.594827586206897,6.896551724137931,27.12369517241378
13837,2022-09-12 19:00:00,Asia/Bangkok,84.49416000000002,28.60344827586207,24.96581196581197,27.38294920353982
13838,2022-09-12 20:00:00,Asia/Bangkok,87.6463088392857,39.18965517241379,34.12931034482759,26.57017848214286
13839,2022-09-12 21:00:00,Asia/Bangkok,88.89323151785717,23.66379310344828,20.98275862068965,26.08849026785717
13840,2022-09-12 22:00:00,Asia/Bangkok,88.51494185840703,49.98275862068966,39.0948275862069,26.0768263716814
13841,2022-09-12 23:00:00,Asia/Bangkok,90.72900491228069,17.50862068965517,16.42241379310345,25.59669141592919
13842,2022-09-13 00:00:00,Asia/Bangkok,90.18321965217389,14.72173913043478,13.8695652173913,25.61705765217392
13843,2022-09-13 01:00:00,Asia/Bangkok,88.30963543859644,13.41379310344828,12.51724137931035,25.86073947368421
13844,2022-09-13 02:00:00,Asia/Bangkok,89.64940368421054,17.8,16.1304347826087,25.73493052631577
13845,2022-09-13 03:00:00,Asia/Bangkok,90.78504912280702,13.85217391304348,13.11304347826087,25.37632929824564
13846,2022-09-13 04:00:00,Asia/Bangkok,91.7894935652174,14.10344827586207,13.07758620689655,25.04430321739129
13847,2022-09-13 05:00:00,Asia/Bangkok,91.41910392857143,14.47413793103448,13.67241379310345,24.95276848214288
13848,2022-09-13 06:00:00,Asia/Bangkok,91.76360991228067,20.68376068376068,18.93162393162393,24.69595456140354
13849,2022-09-13 07:00:00,Asia/Bangkok,91.79177468468465,41.0948275862069,34.0,24.64330450450449
13850,2022-09-13 08:00:00,Asia/Bangkok,92.279601754386,25.52586206896552,22.11206896551724,24.88150938053098
13851,2022-09-13 09:00:00,Asia/Bangkok,89.36568705357142,12.80172413793103,12.05172413793103,26.43232294642857
13852,2022-09-13 10:00:00,Asia/Bangkok,78.72085922413795,8.939655172413794,8.336206896551724,29.26477130434784
13853,2022-09-13 11:00:00,Asia/Bangkok,70.55769155172413,7.905172413793103,7.078260869565217,31.27896417391303
13854,2022-09-13 12:00:00,Asia/Bangkok,63.51879866071427,4.396551724137931,3.786324786324786,32.80520517857141
13855,2022-09-13 13:00:00,Asia/Bangkok,60.04359552631583,4.810344827586207,4.28448275862069,34.08347561403507
13856,2022-09-13 14:00:00,Asia/Bangkok,61.43379433628319,6.443478260869565,5.982608695652174,34.14587651785715
13857,2022-09-13 15:00:00,Asia/Bangkok,67.48217539130434,4.086206896551724,3.53448275862069,32.42056758620689
13858,2022-09-13 16:00:00,Asia/Bangkok,85.85859724137931,4.025641025641026,3.538461538461538,27.25048513043479
13859,2022-09-13 17:00:00,Asia/Bangkok,88.42035080357144,4.629310344827586,4.224137931034483,26.74744687500001
13860,2022-09-13 18:00:00,Asia/Bangkok,88.95469342342344,4.769230769230769,4.318965517241379,26.57930772727273
13861,2022-09-13 19:00:00,Asia/Bangkok,89.86813342342342,7.887931034482759,7.264957264957265,26.39044181818181
13862,2022-09-13 20:00:00,Asia/Bangkok,89.84859721739134,4.165217391304348,3.765217391304348,25.71497660869568
13863,2022-09-13 21:00:00,Asia/Bangkok,90.74771121739134,4.931034482758621,4.448275862068965,25.63997678260873
13864,2022-09-13 22:00:00,Asia/Bangkok,90.98027149122804,6.344827586206897,5.870689655172414,25.51638166666666
13865,2022-09-13 23:00:00,Asia/Bangkok,91.05539214285712,6.431034482758621,5.948275862068965,25.37838442477875
13866,2022-09-14 00:00:00,Asia/Bangkok,90.92291243478269,7.206896551724138,6.678260869565217,25.36682052631581
13867,2022-09-14 01:00:00,Asia/Bangkok,89.18376401785723,5.672413793103448,5.196581196581197,25.17137839285715
13868,2022-09-14 02:00:00,Asia/Bangkok,90.41014234782607,7.25,6.629310344827586,24.783516
13869,2022-09-14 03:00:00,Asia/Bangkok,92.21398973684218,11.78761061946903,10.88495575221239,24.34099805309738
13870,2022-09-14 04:00:00,Asia/Bangkok,91.46442365217395,13.3716814159292,12.69911504424779,24.30657669565219
13871,2022-09-14 05:00:00,Asia/Bangkok,90.6967885840708,11.81896551724138,11.23076923076923,24.42819716814159
13872,2022-09-14 06:00:00,Asia/Bangkok,91.77128362831859,12.76724137931035,12.00862068965517,24.26254336283188
13873,2022-09-14 07:00:00,Asia/Bangkok,92.64039633928567,14.47413793103448,13.71551724137931,24.17362830357143
13874,2022-09-14 08:00:00,Asia/Bangkok,89.23898072072078,8.75,8.051724137931034,25.22741099099099
13875,2022-09-14 09:00:00,Asia/Bangkok,83.60574761061946,7.327586206896552,6.53448275862069,27.02025867256637
13876,2022-09-14 10:00:00,Asia/Bangkok,79.26355646017699,6.184210526315789,5.692982456140351,28.61042566371677
13877,2022-09-14 11:00:00,Asia/Bangkok,71.59854557522125,5.71551724137931,5.232758620689655,30.45796362831858
13878,2022-09-14 12:00:00,Asia/Bangkok,63.94792026086955,5.133928571428571,4.508928571428571,32.06875330434784
13879,2022-09-14 13:00:00,Asia/Bangkok,57.60433421052632,4.565217391304348,4.156521739130435,34.13770114035087
13880,2022-09-14 14:00:00,Asia/Bangkok,53.64078185840707,4.706896551724138,4.181034482758621,33.95129761061951
13881,2022-09-14 15:00:00,Asia/Bangkok,53.13971174311925,5.136752136752137,4.70940170940171,34.41134220183488
13882,2022-09-14 16:00:00,Asia/Bangkok,53.74809249999999,5.172413793103448,4.551724137931035,34.35165982142858
13883,2022-09-14 17:00:00,Asia/Bangkok,53.31729106194689,4.931034482758621,4.53448275862069,33.18011743362833
13884,2022-09-14 18:00:00,Asia/Bangkok,56.41600008695652,11.5948275862069,10.5948275862069,32.61448956140352
13885,2022-09-14 19:00:00,Asia/Bangkok,62.90032765765766,8.586206896551724,7.887931034482759,30.88052018018018
13886,2022-09-14 20:00:00,Asia/Bangkok,69.67409921052631,17.07758620689655,15.38793103448276,29.55839087719297
13887,2022-09-14 21:00:00,Asia/Bangkok,75.56560791304346,36.37068965517241,30.51724137931035,28.665876
13888,2022-09-14 22:00:00,Asia/Bangkok,74.23880150442479,14.06896551724138,13.00862068965517,28.09533901785713
13889,2022-09-14 23:00:00,Asia/Bangkok,74.60743622807021,12.37068965517241,11.46551724137931,27.81784860869569
13890,2022-09-15 00:00:00,Asia/Bangkok,76.28477382608692,13.64102564102564,12.57264957264957,27.48043166666664
13891,2022-09-15 01:00:00,Asia/Bangkok,79.76950734513275,13.85344827586207,12.85344827586207,26.80334920353981
13892,2022-09-15 02:00:00,Asia/Bangkok,80.60102928571429,12.64655172413793,11.69827586206897,26.62716357142859
13893,2022-09-15 03:00:00,Asia/Bangkok,81.18371405405408,14.03448275862069,13.08620689655172,26.34933468468465
13894,2022-09-15 04:00:00,Asia/Bangkok,84.65439629310342,15.51724137931035,14.43103448275862,25.68885267241379
13895,2022-09-15 05:00:00,Asia/Bangkok,85.82902794642858,15.42735042735043,14.31623931623932,25.26860946428573
13896,2022-09-15 06:00:00,Asia/Bangkok,85.89197798245615,14.39130434782609,13.33913043478261,25.18319649122807
13897,2022-09-15 07:00:00,Asia/Bangkok,85.4749499122807,15.0,13.96581196581197,25.26136675438597
13898,2022-09-15 08:00:00,Asia/Bangkok,82.88740513513514,12.48275862068965,11.38793103448276,26.30721171171171
13899,2022-09-15 09:00:00,Asia/Bangkok,73.66359139130435,7.905982905982906,7.085470085470085,28.64283999999999
13900,2022-09-15 10:00:00,Asia/Bangkok,68.22341702702701,7.646551724137931,6.870689655172414,30.24729342342343
13901,2022-09-15 11:00:00,Asia/Bangkok,63.3791101754386,7.606837606837606,6.931623931623932,32.08466245614034
13902,2022-09-15 12:00:00,Asia/Bangkok,59.1251675652174,8.46551724137931,7.853448275862069,33.93350426086958
13903,2022-09-15 13:00:00,Asia/Bangkok,59.06935939130436,7.760683760683761,7.085470085470085,33.78874973913044
13904,2022-09-15 14:00:00,Asia/Bangkok,58.49817068965515,7.025862068965517,6.448275862068965,34.0566727586207
13905,2022-09-15 15:00:00,Asia/Bangkok,78.34280313043477,4.156521739130435,3.660869565217391,27.81376034782608
13906,2022-09-15 16:00:00,Asia/Bangkok,81.26380434782608,4.623931623931623,4.170940170940171,27.07569849557521
13907,2022-09-15 17:00:00,Asia/Bangkok,80.31327223214285,5.75,5.243478260869566,26.85487874999998
13908,2022-09-15 18:00:00,Asia/Bangkok,78.72950736363639,6.773913043478261,6.086956521739131,27.29513486238533
13909,2022-09-15 19:00:00,Asia/Bangkok,79.88555821428574,9.862068965517242,9.181034482758621,27.16933258928572
13910,2022-09-15 20:00:00,Asia/Bangkok,83.47810692982452,13.68103448275862,12.71551724137931,26.67490912280701
13911,2022-09-15 21:00:00,Asia/Bangkok,85.64781408695652,16.44347826086956,15.5304347826087,26.46158377192982
13912,2022-09-15 22:00:00,Asia/Bangkok,86.61766017699112,13.81739130434783,12.98260869565217,26.31444230088496
13913,2022-09-15 23:00:00,Asia/Bangkok,86.46368275862065,12.8448275862069,12.10344827586207,26.33636232758624
13914,2022-09-16 00:00:00,Asia/Bangkok,85.97295026086957,12.33620689655172,11.82758620689655,26.25052608695652
13915,2022-09-16 01:00:00,Asia/Bangkok,85.91533499999994,12.78448275862069,12.16379310344828,26.13411324561404
13916,2022-09-16 02:00:00,Asia/Bangkok,87.02785250000001,13.89565217391304,13.06896551724138,25.88271777777775
13917,2022-09-16 03:00:00,Asia/Bangkok,88.16281909909912,14.62931034482759,13.87931034482759,25.56789216216214
13918,2022-09-16 04:00:00,Asia/Bangkok,89.1824816521739,15.5982905982906,14.8448275862069,25.37043443478258
13919,2022-09-16 05:00:00,Asia/Bangkok,88.9594918018018,14.40869565217391,13.61206896551724,25.2378037837838
13920,2022-09-16 06:00:00,Asia/Bangkok,88.78992435897443,14.34188034188034,13.57264957264957,25.06888034188034
13921,2022-09-16 07:00:00,Asia/Bangkok,89.185615,14.79310344827586,14.03448275862069,25.05766568965516
13922,2022-09-16 08:00:00,Asia/Bangkok,88.40074165217393,14.37068965517241,13.44827586206897,25.44350695652174
13923,2022-09-16 09:00:00,Asia/Bangkok,83.39959034782608,12.81196581196581,11.94871794871795,27.35708860869566
13924,2022-09-16 10:00:00,Asia/Bangkok,72.93795096491228,6.824561403508772,6.245614035087719,29.98369982456142
13925,2022-09-16 11:00:00,Asia/Bangkok,66.7468857142857,6.264957264957265,5.811965811965812,31.78797517857143
13926,2022-09-16 12:00:00,Asia/Bangkok,61.4141425,6.146551724137931,5.672413793103448,33.74919465517242
13927,2022-09-16 13:00:00,Asia/Bangkok,57.69027026548672,7.025862068965517,6.655172413793103,35.16471362831861
13928,2022-09-16 14:00:00,Asia/Bangkok,54.69178477477479,8.181034482758621,7.775862068965517,36.4603470909091
13929,2022-09-16 15:00:00,Asia/Bangkok,54.85437913043479,6.794871794871795,6.264957264957265,35.70376956521739
13930,2022-09-16 16:00:00,Asia/Bangkok,59.28120634782609,7.663793103448276,7.241379310344827,34.30126634782609
13931,2022-09-16 17:00:00,Asia/Bangkok,70.71353350877195,24.39655172413793,22.17241379310345,30.55825309734513
13932,2022-09-16 18:00:00,Asia/Bangkok,75.48572675438598,19.17241379310345,17.39655172413793,29.0413542105263
13933,2022-09-16 19:00:00,Asia/Bangkok,75.96313752212393,10.12820512820513,9.435897435897436,28.99202353982299
13934,2022-09-16 20:00:00,Asia/Bangkok,78.93521690265489,13.8695652173913,13.02608695652174,28.49038178571427
13935,2022-09-16 21:00:00,Asia/Bangkok,80.23642052631578,10.48695652173913,9.6,28.08473895652173
13936,2022-09-16 22:00:00,Asia/Bangkok,80.97116850877194,9.350877192982455,8.56140350877193,27.82253867256638
13937,2022-09-16 23:00:00,Asia/Bangkok,80.38673640350878,6.655172413793103,6.163793103448276,27.45494605263155
13938,2022-09-17 00:00:00,Asia/Bangkok,81.84037008695654,7.387931034482759,6.862068965517241,26.97664721739131
13939,2022-09-17 01:00:00,Asia/Bangkok,83.1414482608696,7.586206896551724,6.974137931034483,26.68837200000001
13940,2022-09-17 02:00:00,Asia/Bangkok,84.37707850877192,8.094827586206897,7.405172413793103,26.34572947368419
13941,2022-09-17 03:00:00,Asia/Bangkok,86.5302590350877,9.2991452991453,8.521367521367521,26.0725106140351
13942,2022-09-17 04:00:00,Asia/Bangkok,88.08222723214293,9.767241379310345,8.974137931034482,25.74228276785715
13943,2022-09-17 05:00:00,Asia/Bangkok,89.33796357142852,11.05172413793103,10.37931034482759,25.46542392857146
13944,2022-09-17 06:00:00,Asia/Bangkok,89.98673464912282,11.92173913043478,11.18260869565217,25.20912147826089
13945,2022-09-17 07:00:00,Asia/Bangkok,90.78486456896552,14.57758620689655,13.6551724137931,25.09406460869566
13946,2022-09-17 08:00:00,Asia/Bangkok,89.48697587719299,12.78448275862069,11.95689655172414,26.00065964285713
13947,2022-09-17 09:00:00,Asia/Bangkok,82.80889382608693,9.73913043478261,8.843478260869565,28.1198275652174
13948,2022-09-17 10:00:00,Asia/Bangkok,74.97962456896555,7.543103448275862,6.896551724137931,30.12786721739132
13949,2022-09-17 11:00:00,Asia/Bangkok,68.22889945454546,7.939655172413793,7.379310344827586,31.79307354545454
13950,2022-09-17 12:00:00,Asia/Bangkok,59.40879324561402,6.474137931034483,5.844827586206897,34.31342754385963
13951,2022-09-17 13:00:00,Asia/Bangkok,54.85922252173915,6.758620689655173,6.267241379310345,35.1429767826087
13952,2022-09-17 14:00:00,Asia/Bangkok,52.1009395614035,4.577586206896552,4.25,36.55631666666666
13953,2022-09-17 15:00:00,Asia/Bangkok,49.87972556521739,4.129310344827586,3.801724137931035,37.3332276521739
13954,2022-09-17 16:00:00,Asia/Bangkok,51.46339923076921,4.675213675213675,4.264957264957265,36.33299076923077
13955,2022-09-17 17:00:00,Asia/Bangkok,55.94565104347824,4.629310344827586,4.198275862068965,33.73808295652175
13956,2022-09-17 18:00:00,Asia/Bangkok,60.13296964601769,6.991304347826087,6.48695652173913,32.50242063063062
13957,2022-09-17 19:00:00,Asia/Bangkok,65.7378095726496,11.58974358974359,10.77777777777778,31.08698034188034
13958,2022-09-17 20:00:00,Asia/Bangkok,69.01236468468466,12.3859649122807,11.44736842105263,30.21120603603602
13959,2022-09-17 21:00:00,Asia/Bangkok,71.01921327433627,16.6551724137931,15.29059829059829,29.34207214285714
13960,2022-09-17 22:00:00,Asia/Bangkok,72.6962420535714,11.87068965517241,11.03448275862069,28.62122874999998
13961,2022-09-17 23:00:00,Asia/Bangkok,74.30499619469028,9.844827586206897,9.120689655172415,27.96148884955752
13962,2022-09-18 00:00:00,Asia/Bangkok,76.73606727272728,10.61206896551724,9.801724137931034,27.20809336363638
13963,2022-09-18 01:00:00,Asia/Bangkok,77.65481449541286,10.48275862068965,9.801724137931034,27.02452504587155
13964,2022-09-18 02:00:00,Asia/Bangkok,78.61319587719298,10.53448275862069,9.810344827586206,26.61180061403508
13965,2022-09-18 03:00:00,Asia/Bangkok,79.8348946491228,10.2051282051282,9.452991452991453,26.3090757522124
13966,2022-09-18 04:00:00,Asia/Bangkok,83.36009133928572,12.20689655172414,11.42241379310345,25.54645711711711
13967,2022-09-18 05:00:00,Asia/Bangkok,84.31795385964918,12.1551724137931,11.37068965517241,25.39710798245615
13968,2022-09-18 06:00:00,Asia/Bangkok,85.40457165217393,11.58119658119658,10.73504273504273,25.34475226086955
13969,2022-09-18 07:00:00,Asia/Bangkok,87.02139185840707,14.95652173913044,13.95652173913044,24.94307719298244
13970,2022-09-18 08:00:00,Asia/Bangkok,87.22151539823007,15.67241379310345,14.62068965517241,25.65872159292037
13971,2022-09-18 09:00:00,Asia/Bangkok,78.10205379310341,9.431034482758621,8.5,28.53282094827583
13972,2022-09-18 10:00:00,Asia/Bangkok,72.74248060344829,8.568965517241379,7.767241379310345,29.93930336206897
13973,2022-09-18 11:00:00,Asia/Bangkok,66.21805189655171,8.948717948717949,7.982905982905983,32.5939774137931
13974,2022-09-18 12:00:00,Asia/Bangkok,61.83540345132744,7.439655172413793,6.698275862068965,33.81463672566371
13975,2022-09-18 13:00:00,Asia/Bangkok,60.17990947368423,9.564102564102564,8.564102564102564,34.3370157017544
13976,2022-09-18 14:00:00,Asia/Bangkok,55.54512833333334,7.310344827586207,6.801724137931035,35.6651946296296
13977,2022-09-18 15:00:00,Asia/Bangkok,54.76461649122807,7.188034188034188,6.52991452991453,34.78211701754388
13978,2022-09-18 16:00:00,Asia/Bangkok,56.47896719298245,7.982608695652174,7.391304347826087,34.48594543859651
13979,2022-09-18 17:00:00,Asia/Bangkok,60.41357286956522,8.03448275862069,7.387931034482759,33.02344850877192
13980,2022-09-18 18:00:00,Asia/Bangkok,64.35479224137931,11.72413793103448,10.77586206896552,31.48949586206894
13981,2022-09-18 19:00:00,Asia/Bangkok,66.98369307017543,16.75652173913043,15.36521739130435,30.45536482456139
13982,2022-09-18 20:00:00,Asia/Bangkok,69.65203336283186,19.60344827586207,18.14655172413793,29.65981973451332
13983,2022-09-18 21:00:00,Asia/Bangkok,72.06464142857143,15.8,14.54782608695652,29.10777535714287
13984,2022-09-18 22:00:00,Asia/Bangkok,75.96889739130437,22.96581196581197,19.60683760683761,28.58557878260869
13985,2022-09-18 23:00:00,Asia/Bangkok,79.55615294642857,36.0,30.18103448275862,27.71686901785714
13986,2022-09-19 00:00:00,Asia/Bangkok,81.86256521367524,32.8034188034188,28.33333333333333,27.07795136752138
13987,2022-09-19 01:00:00,Asia/Bangkok,83.44409900000001,14.74782608695652,13.5304347826087,26.44435727272727
13988,2022-09-19 02:00:00,Asia/Bangkok,84.92324456140352,12.92241379310345,11.78448275862069,25.96607368421055
13989,2022-09-19 03:00:00,Asia/Bangkok,85.02566905982901,13.51282051282051,12.33333333333333,25.86715051282048
13990,2022-09-19 04:00:00,Asia/Bangkok,85.66926869158875,15.87068965517241,14.61206896551724,25.80519457943924
13991,2022-09-19 05:00:00,Asia/Bangkok,86.48172491228071,14.46551724137931,13.37931034482759,25.51410964912281
13992,2022-09-19 06:00:00,Asia/Bangkok,87.5778068141593,15.39655172413793,14.28448275862069,25.18309380530975
13993,2022-09-19 07:00:00,Asia/Bangkok,88.79029826086966,18.08547008547009,16.91452991452991,25.12487634782607
13994,2022-09-19 08:00:00,Asia/Bangkok,88.21684885964912,14.23275862068965,13.02586206896552,25.89144710526316
13995,2022-09-19 09:00:00,Asia/Bangkok,81.20820622807017,8.188034188034187,7.145299145299146,28.01449692982457
13996,2022-09-19 10:00:00,Asia/Bangkok,73.68678419642856,4.896551724137931,4.077586206896552,30.10252133928571
13997,2022-09-19 11:00:00,Asia/Bangkok,67.41303660714284,6.189655172413793,5.568965517241379,31.72169285714286
13998,2022-09-19 12:00:00,Asia/Bangkok,62.93789191304347,5.379310344827586,4.758620689655173,32.97299739130435
13999,2022-09-19 13:00:00,Asia/Bangkok,61.46793095652173,9.324786324786325,8.46551724137931,33.85663824561404
14000,2022-09-19 14:00:00,Asia/Bangkok,60.49077815789473,8.982608695652173,8.077586206896552,34.16440482456139
14001,2022-09-19 15:00:00,Asia/Bangkok,57.82773387387385,9.018181818181818,8.081818181818182,34.05407405405405
14002,2022-09-19 16:00:00,Asia/Bangkok,53.91586380530977,6.495726495726496,5.666666666666667,34.47728088495575
14003,2022-09-19 17:00:00,Asia/Bangkok,56.89848307017543,10.79310344827586,9.267241379310345,33.7594997368421
14004,2022-09-19 18:00:00,Asia/Bangkok,63.05651405172411,13.02564102564103,11.81196581196581,32.43490810344827
14005,2022-09-19 19:00:00,Asia/Bangkok,71.04938535714288,50.62931034482759,42.92241379310344,30.39792580357143
14006,2022-09-19 20:00:00,Asia/Bangkok,76.2781088495575,78.35897435897436,69.04273504273505,29.22762752212391
14007,2022-09-19 21:00:00,Asia/Bangkok,77.53034739130435,29.06034482758621,24.87931034482759,28.44544530434782
14008,2022-09-19 22:00:00,Asia/Bangkok,78.54369758620687,30.13157894736842,25.7280701754386,28.0160921551724
14009,2022-09-19 23:00:00,Asia/Bangkok,78.11417486725668,9.181034482758621,8.586206896551724,27.68129451327436
14010,2022-09-20 00:00:00,Asia/Bangkok,80.45585897196264,11.07826086956522,10.24347826086957,27.31225457943924
14011,2022-09-20 01:00:00,Asia/Bangkok,79.67424473684207,9.269565217391305,8.539130434782608,27.04914842105261
14012,2022-09-20 02:00:00,Asia/Bangkok,79.90253053097345,8.608695652173912,7.991304347826087,26.92594672566372
14013,2022-09-20 03:00:00,Asia/Bangkok,81.04461385964909,11.37391304347826,10.5304347826087,26.67701684210527
14014,2022-09-20 04:00:00,Asia/Bangkok,83.1759919266055,10.55263157894737,9.88695652173913,26.20505321100916
14015,2022-09-20 05:00:00,Asia/Bangkok,83.84281310344824,10.07758620689655,9.405172413793103,26.0852578448276
14016,2022-09-20 06:00:00,Asia/Bangkok,83.80514026548677,9.982456140350877,9.307017543859649,26.11761292035396
14017,2022-09-20 07:00:00,Asia/Bangkok,84.10011350877197,10.68965517241379,9.913793103448276,26.15461061403509
14018,2022-09-20 08:00:00,Asia/Bangkok,83.43407729729726,10.53448275862069,9.586206896551724,26.79066153153153
14019,2022-09-20 09:00:00,Asia/Bangkok,80.01272956140355,8.267241379310345,7.431034482758621,28.13660649122808
14020,2022-09-20 10:00:00,Asia/Bangkok,75.35947675438598,5.086206896551724,4.396551724137931,29.60559201754386
14021,2022-09-20 11:00:00,Asia/Bangkok,72.02352608695652,7.379310344827586,6.672413793103448,30.38577252173913
14022,2022-09-20 12:00:00,Asia/Bangkok,68.72951637931033,8.957264957264957,8.085470085470085,31.34343379310342
14023,2022-09-20 13:00:00,Asia/Bangkok,66.18244189655175,8.28448275862069,7.508620689655173,32.08051405172414
14024,2022-09-20 14:00:00,Asia/Bangkok,63.09450090909093,7.913793103448276,7.318965517241379,33.10998263636363
14025,2022-09-20 15:00:00,Asia/Bangkok,63.87305577586207,6.974358974358974,6.29059829059829,32.84137612068966
14026,2022-09-20 16:00:00,Asia/Bangkok,66.63745973451324,6.827586206896552,6.267241379310345,31.8788378761062
14027,2022-09-20 17:00:00,Asia/Bangkok,67.91481521739131,3.474137931034483,3.172413793103448,30.62127286956522
14028,2022-09-20 18:00:00,Asia/Bangkok,69.62624701754383,5.78448275862069,5.163793103448276,30.02490245614038
14029,2022-09-20 19:00:00,Asia/Bangkok,71.95592060869565,6.474137931034483,5.793103448275862,29.23207539130435
14030,2022-09-20 20:00:00,Asia/Bangkok,74.3023624107143,9.362068965517242,8.379310344827585,28.87264651785715
14031,2022-09-20 21:00:00,Asia/Bangkok,75.03214342342346,12.87931034482759,11.87931034482759,28.55788909909908
14032,2022-09-20 22:00:00,Asia/Bangkok,77.51194812500002,18.81034482758621,16.69827586206896,27.48517241071428
14033,2022-09-20 23:00:00,Asia/Bangkok,80.23711719298251,13.2051282051282,12.06837606837607,27.24080840707965
14034,2022-09-21 00:00:00,Asia/Bangkok,81.46606999999999,27.10344827586207,23.43103448275862,27.00333245614034
14035,2022-09-21 01:00:00,Asia/Bangkok,83.37644780701756,29.77586206896552,25.88793103448276,26.5160455263158
14036,2022-09-21 02:00:00,Asia/Bangkok,85.35237072072073,10.78448275862069,9.96551724137931,26.43642315315315
14037,2022-09-21 03:00:00,Asia/Bangkok,85.29388909909915,9.53448275862069,8.724137931034482,26.52300126126126
14038,2022-09-21 04:00:00,Asia/Bangkok,86.05950812499998,10.60176991150442,9.776785714285714,26.34870883928572
14039,2022-09-21 05:00:00,Asia/Bangkok,87.14941646017697,14.58620689655172,13.73504273504273,26.02693116071429
14040,2022-09-21 06:00:00,Asia/Bangkok,87.27895403508774,14.80172413793103,13.93965517241379,25.86959184210528
14041,2022-09-21 07:00:00,Asia/Bangkok,86.81381318584066,14.69230769230769,13.81034482758621,25.8951524778761
14042,2022-09-21 08:00:00,Asia/Bangkok,84.81275174311921,22.8448275862069,20.32478632478632,26.67290091743119
14043,2022-09-21 09:00:00,Asia/Bangkok,79.33846518181821,10.48275862068965,9.551724137931034,28.51070590909091
14044,2022-09-21 10:00:00,Asia/Bangkok,74.37154844036698,7.973913043478261,7.182608695652174,29.89047440366972
14045,2022-09-21 11:00:00,Asia/Bangkok,68.28159450450451,6.422413793103448,5.758620689655173,31.45144144144144
14046,2022-09-21 12:00:00,Asia/Bangkok,62.68050166666669,5.551724137931035,4.870689655172414,33.11712017543859
14047,2022-09-21 13:00:00,Asia/Bangkok,57.17813842105265,5.339130434782609,4.852173913043479,35.01841850877193
14048,2022-09-21 14:00:00,Asia/Bangkok,53.1021056140351,5.517241379310345,4.913793103448276,36.49400754385965
14049,2022-09-21 15:00:00,Asia/Bangkok,54.04529217391301,5.301724137931035,4.818965517241379,35.43086252173913
14050,2022-09-21 16:00:00,Asia/Bangkok,59.20768648648647,7.086956521739131,6.469565217391304,33.90377318181819
14051,2022-09-21 17:00:00,Asia/Bangkok,66.72381415929203,6.724137931034483,6.206896551724138,30.49466123893801
14052,2022-09-21 18:00:00,Asia/Bangkok,71.70247241379312,13.15384615384615,11.96551724137931,28.58956775862069
14053,2022-09-21 19:00:00,Asia/Bangkok,73.41009657894735,10.3448275862069,9.41025641025641,28.70149807017544
14054,2022-09-21 20:00:00,Asia/Bangkok,74.28789884955752,14.09565217391304,12.99130434782609,28.39899690265488
14055,2022-09-21 21:00:00,Asia/Bangkok,77.18005185840707,5.879310344827586,5.327586206896552,27.97271513274338
14056,2022-09-21 22:00:00,Asia/Bangkok,79.81278831858407,8.258620689655173,7.681034482758621,27.69937327433628
14057,2022-09-21 23:00:00,Asia/Bangkok,81.47788230088494,6.626086956521739,6.017391304347826,27.31373539823007
14058,2022-09-22 00:00:00,Asia/Bangkok,80.49636919642856,5.931623931623932,5.256410256410256,27.42873651785714
14059,2022-09-22 01:00:00,Asia/Bangkok,81.44689947826089,6.782608695652174,6.156521739130435,27.16758747826087
14060,2022-09-22 02:00:00,Asia/Bangkok,83.102908245614,7.431034482758621,6.853448275862069,26.73145114035089
14061,2022-09-22 03:00:00,Asia/Bangkok,84.78676930434789,9.189655172413794,8.551724137931034,26.34015747826086
14062,2022-09-22 04:00:00,Asia/Bangkok,85.68177728070177,11.56896551724138,10.79310344827586,26.10907508771928
14063,2022-09-22 05:00:00,Asia/Bangkok,86.56293420560743,12.25,11.68965517241379,25.92406037383178
14064,2022-09-22 06:00:00,Asia/Bangkok,88.0480392035398,14.5948275862069,13.6551724137931,25.64123149122809
14065,2022-09-22 07:00:00,Asia/Bangkok,88.40476562499997,20.26724137931035,18.99145299145299,25.61259045045043
14066,2022-09-22 08:00:00,Asia/Bangkok,87.24728718181818,18.73275862068965,17.21551724137931,26.03759427272727
14067,2022-09-22 09:00:00,Asia/Bangkok,83.77723218181819,11.0,10.11304347826087,27.17738827272727
14068,2022-09-22 10:00:00,Asia/Bangkok,71.92646547826088,5.05982905982906,4.47008547008547,30.58497956521737
14069,2022-09-22 11:00:00,Asia/Bangkok,67.19096765217388,5.818965517241379,5.224137931034483,31.31165704347825
14070,2022-09-22 12:00:00,Asia/Bangkok,66.45613206896547,7.413793103448276,6.767241379310345,31.77692456896551
14071,2022-09-22 13:00:00,Asia/Bangkok,65.06895482758617,4.741379310344827,4.094827586206897,32.00569862068966
14072,2022-09-22 14:00:00,Asia/Bangkok,64.52479991379313,6.555555555555555,5.846153846153846,31.59101534482761
14073,2022-09-22 15:00:00,Asia/Bangkok,65.54486114035086,2.853448275862069,2.293103448275862,31.09383008771927
14074,2022-09-22 16:00:00,Asia/Bangkok,68.3521195614035,4.870689655172414,4.129310344827586,31.17871921052631
14075,2022-09-22 17:00:00,Asia/Bangkok,69.35110690265486,2.53448275862069,2.129310344827586,29.25005336283184
14076,2022-09-22 18:00:00,Asia/Bangkok,77.03274150442476,3.629310344827586,3.129310344827586,27.3824056637168
14077,2022-09-22 19:00:00,Asia/Bangkok,78.27589285714285,17.51282051282051,15.16239316239316,27.23032125
14078,2022-09-22 20:00:00,Asia/Bangkok,81.96049199999997,10.44247787610619,9.62280701754386,26.38200743119267
14079,2022-09-22 21:00:00,Asia/Bangkok,80.91037068965515,6.991525423728813,6.35593220338983,26.44234706896552
14080,2022-09-22 22:00:00,Asia/Bangkok,82.52483117117119,7.241379310344827,6.741379310344827,26.10027445454547
14081,2022-09-22 23:00:00,Asia/Bangkok,84.35746548672567,8.228070175438596,7.575221238938053,25.71555725663717
14082,2022-09-23 00:00:00,Asia/Bangkok,84.01652218181819,7.791304347826087,7.025862068965517,25.70926772727272
14083,2022-09-23 01:00:00,Asia/Bangkok,85.12960175438597,7.460869565217391,6.8,25.45202044247787
14084,2022-09-23 02:00:00,Asia/Bangkok,83.46016156521738,6.612068965517241,5.870689655172414,25.84749486956522
14085,2022-09-23 03:00:00,Asia/Bangkok,84.21960245614038,7.321739130434783,6.71304347826087,25.82532149122805
14086,2022-09-23 04:00:00,Asia/Bangkok,84.68331517543858,9.88034188034188,9.162393162393162,25.8515555263158
14087,2022-09-23 05:00:00,Asia/Bangkok,85.92688605263157,8.551724137931034,7.879310344827586,25.57515289473686
14088,2022-09-23 06:00:00,Asia/Bangkok,87.9330060526316,10.46086956521739,9.71304347826087,25.15675271929824
14089,2022-09-23 07:00:00,Asia/Bangkok,87.89021508771931,11.26495726495727,10.56896551724138,25.40516578947369
14090,2022-09-23 08:00:00,Asia/Bangkok,87.044778125,11.01724137931035,10.17948717948718,26.23374151785714
14091,2022-09-23 09:00:00,Asia/Bangkok,77.58277147826084,7.275862068965517,6.413793103448276,28.95250495652173
14092,2022-09-23 10:00:00,Asia/Bangkok,70.38421973684211,4.913793103448276,4.25,31.09963973684209
14093,2022-09-23 11:00:00,Asia/Bangkok,63.75723929824563,3.646551724137931,3.189655172413793,32.76355885964911
14094,2022-09-23 12:00:00,Asia/Bangkok,59.39969339285712,4.017241379310345,3.396551724137931,34.10432008928571
14095,2022-09-23 13:00:00,Asia/Bangkok,58.1474086956522,5.367521367521367,4.94017094017094,34.87222895652173
14096,2022-09-23 14:00:00,Asia/Bangkok,60.91594271929826,5.008620689655173,4.620689655172414,34.11130271929823
14097,2022-09-23 15:00:00,Asia/Bangkok,82.96829243243242,1.678260869565217,1.382608695652174,27.30014881818181
14098,2022-09-23 16:00:00,Asia/Bangkok,84.95341209090911,2.620689655172414,2.206896551724138,27.25402590909091
14099,2022-09-23 17:00:00,Asia/Bangkok,83.36939415929203,3.843478260869565,3.28448275862069,28.06518460176994
14100,2022-09-23 18:00:00,Asia/Bangkok,79.96900437500001,6.034782608695652,5.258620689655173,28.96834714285714
14101,2022-09-23 19:00:00,Asia/Bangkok,81.48953256880733,11.38461538461539,10.51282051282051,28.61307816513761
14102,2022-09-23 20:00:00,Asia/Bangkok,83.65871201754388,21.36206896551724,18.98275862068965,27.48364309734513
14103,2022-09-23 21:00:00,Asia/Bangkok,85.92771115044253,4.017241379310345,3.612068965517242,25.9231077876106
14104,2022-09-23 22:00:00,Asia/Bangkok,85.55420385964915,3.560344827586207,3.241379310344827,25.89931675438596
14105,2022-09-23 23:00:00,Asia/Bangkok,84.92723136752137,3.752136752136752,3.273504273504273,26.05722059829059
14106,2022-09-24 00:00:00,Asia/Bangkok,85.37070283185838,3.543103448275862,2.991379310344827,25.93515973451327
14107,2022-09-24 01:00:00,Asia/Bangkok,87.07524719298246,3.658119658119658,3.188034188034188,25.63661859649123
14108,2022-09-24 02:00:00,Asia/Bangkok,87.58671885964917,4.491379310344827,3.96551724137931,25.5511666666667
14109,2022-09-24 03:00:00,Asia/Bangkok,87.92559105263157,4.517241379310345,4.0,25.40652482456136
14110,2022-09-24 04:00:00,Asia/Bangkok,88.11704313043478,4.707964601769912,4.061946902654867,25.35241543859649
14111,2022-09-24 05:00:00,Asia/Bangkok,89.20556886956523,4.422413793103448,3.905172413793104,25.08740000000002
14112,2022-09-24 06:00:00,Asia/Bangkok,89.94386081818185,4.895652173913043,4.46551724137931,24.92768045454545
14113,2022-09-24 07:00:00,Asia/Bangkok,91.03875078947368,5.735042735042735,5.119658119658119,24.80309517543859
14114,2022-09-24 08:00:00,Asia/Bangkok,88.32177526315787,6.327586206896552,5.732758620689655,25.9856102631579
14115,2022-09-24 09:00:00,Asia/Bangkok,83.93361974358974,4.794871794871795,4.230769230769231,27.11113435897436
14116,2022-09-24 10:00:00,Asia/Bangkok,83.33409,6.0,5.0,27.36858
14117,2022-09-24 11:00:00,Asia/Bangkok,83.12047,3.0,3.0,27.39529
14118,2022-09-24 12:00:00,Asia/Bangkok,78.96782394366197,4.268965517241379,3.717241379310345,28.59917140845071
14119,2022-09-24 13:00:00,Asia/Bangkok,70.03862969230764,5.512820512820513,4.984615384615385,31.26641256410257
14120,2022-09-24 14:00:00,Asia/Bangkok,63.01097691542289,4.053658536585366,3.731707317073171,33.41788711442783
14121,2022-09-24 15:00:00,Asia/Bangkok,62.48452616915426,6.351219512195122,5.6,33.27085885572141
14122,2022-09-24 16:00:00,Asia/Bangkok,65.80604519685039,2.89922480620155,2.573643410852713,32.09495803149605
14123,2022-09-24 17:00:00,Asia/Bangkok,65.82736801724137,2.431034482758621,2.025862068965517,32.38433362068966
14124,2022-09-24 18:00:00,Asia/Bangkok,68.82727798245612,5.333333333333333,4.829059829059829,31.1777351754386
14125,2022-09-24 19:00:00,Asia/Bangkok,76.1073687272727,10.50892857142857,9.580357142857142,29.70904108108107
14126,2022-09-24 20:00:00,Asia/Bangkok,78.38855417391304,12.60683760683761,11.5982905982906,28.83257894736842
14127,2022-09-24 21:00:00,Asia/Bangkok,79.62445586206897,9.439655172413794,8.543103448275861,28.3935745689655
14128,2022-09-24 22:00:00,Asia/Bangkok,81.38309223214287,9.663793103448276,8.75,27.87282258928571
14129,2022-09-24 23:00:00,Asia/Bangkok,83.03820391304347,18.10619469026549,16.4424778761062,27.55566801724136
14130,2022-09-25 00:00:00,Asia/Bangkok,84.83245491379313,12.47008547008547,11.68376068376068,27.09142373913044
14131,2022-09-25 01:00:00,Asia/Bangkok,86.34286999999999,8.698275862068966,8.094827586206897,26.63234535087719
14132,2022-09-25 02:00:00,Asia/Bangkok,86.7262556034483,9.543103448275861,8.767241379310345,26.55585931034483
14133,2022-09-25 03:00:00,Asia/Bangkok,88.46152374999998,9.689655172413794,8.879310344827585,26.11529169642857
14134,2022-09-25 04:00:00,Asia/Bangkok,89.39356060869567,9.487179487179487,8.786324786324787,25.8292207826087
14135,2022-09-25 05:00:00,Asia/Bangkok,89.43923008928569,9.8,8.956521739130435,25.75036642857142
14136,2022-09-25 06:00:00,Asia/Bangkok,90.17823369369366,10.56896551724138,9.793103448275861,25.50072495495496
14137,2022-09-25 07:00:00,Asia/Bangkok,89.42102927927932,9.82905982905983,9.162393162393162,25.69825711711712
14138,2022-09-25 08:00:00,Asia/Bangkok,87.70189912280703,9.422413793103448,8.801724137931034,26.40733438596492
14139,2022-09-25 09:00:00,Asia/Bangkok,83.26601399999997,8.39655172413793,7.724137931034483,27.81225543859647
14140,2022-09-25 10:00:00,Asia/Bangkok,74.4640401754386,5.793103448275862,5.275862068965517,30.07199336283187
14141,2022-09-25 11:00:00,Asia/Bangkok,71.14044112068967,6.198275862068965,5.672413793103448,31.25464603448275
14142,2022-09-25 12:00:00,Asia/Bangkok,64.15452263157897,5.974358974358974,5.427350427350428,33.14410212389383
14143,2022-09-25 13:00:00,Asia/Bangkok,63.21454508928574,6.043478260869565,5.560344827586207,33.36797651785714
14144,2022-09-25 14:00:00,Asia/Bangkok,58.00657536363634,2.931034482758621,2.586206896551724,34.90461427272727
14145,2022-09-25 15:00:00,Asia/Bangkok,57.46903260869563,4.863247863247863,4.504273504273504,35.74551982608698
14146,2022-09-25 16:00:00,Asia/Bangkok,58.7551005172414,4.103448275862069,3.775862068965517,34.12513560344826
14147,2022-09-25 17:00:00,Asia/Bangkok,61.66153981651374,5.025862068965517,4.560344827586207,32.85240844036697
14148,2022-09-25 18:00:00,Asia/Bangkok,69.86984139130436,10.31623931623932,9.35897435897436,31.48146739130434
14149,2022-09-25 19:00:00,Asia/Bangkok,71.47363018018018,13.6,12.61739130434783,30.48766963963965
14150,2022-09-25 20:00:00,Asia/Bangkok,74.68032086956524,13.54782608695652,12.44347826086956,29.51742982608693
14151,2022-09-25 21:00:00,Asia/Bangkok,77.06372228070177,13.14655172413793,11.83620689655172,29.00261219298246
14152,2022-09-25 22:00:00,Asia/Bangkok,79.01185850877192,12.58620689655172,11.4051724137931,28.49100903508771
14153,2022-09-25 23:00:00,Asia/Bangkok,79.68357412280703,9.275862068965518,8.413793103448276,28.28497131578947
14154,2022-09-26 00:00:00,Asia/Bangkok,81.44650184210525,8.913793103448276,8.008620689655173,27.92190342105264
14155,2022-09-26 01:00:00,Asia/Bangkok,83.78869292035395,10.35344827586207,9.35344827586207,27.45534473214286
14156,2022-09-26 02:00:00,Asia/Bangkok,85.31579410714286,10.09734513274336,9.11504424778761,27.1707857142857
14157,2022-09-26 03:00:00,Asia/Bangkok,86.22881621621622,11.02586206896552,9.844827586206897,27.01215270270268
14158,2022-09-26 04:00:00,Asia/Bangkok,87.69674290598289,9.7008547008547,8.871794871794872,26.60484681034482
14159,2022-09-26 05:00:00,Asia/Bangkok,88.38176765217395,10.67241379310345,9.89655172413793,26.42470330434783
14160,2022-09-26 06:00:00,Asia/Bangkok,88.18041875000007,10.02608695652174,9.318965517241379,26.46772732142858
14161,2022-09-26 07:00:00,Asia/Bangkok,88.67001473684208,11.69827586206897,10.83620689655172,26.51129105263156
14162,2022-09-26 08:00:00,Asia/Bangkok,86.50244089285717,11.58974358974359,10.65811965811966,27.390208125
14163,2022-09-26 09:00:00,Asia/Bangkok,82.96597859649124,10.82608695652174,9.965217391304348,28.77957026315789
14164,2022-09-26 10:00:00,Asia/Bangkok,76.15837786324785,8.649572649572649,7.914529914529915,30.45675957264958
14165,2022-09-26 11:00:00,Asia/Bangkok,69.40836194690266,8.862068965517242,8.301724137931034,31.93980592920355
14166,2022-09-26 12:00:00,Asia/Bangkok,60.83011698275865,9.547008547008547,8.863247863247864,34.89025413793102
14167,2022-09-26 13:00:00,Asia/Bangkok,55.71872714285713,10.05217391304348,9.382608695652173,36.13648821428571
14168,2022-09-26 14:00:00,Asia/Bangkok,54.84520440677966,14.75423728813559,14.00854700854701,35.99143525423728
14169,2022-09-26 15:00:00,Asia/Bangkok,55.54458709090912,16.19827586206896,15.25641025641026,35.92397727272726
14170,2022-09-26 16:00:00,Asia/Bangkok,62.00002619469026,17.02586206896552,15.22413793103448,33.83469973451326
14171,2022-09-26 17:00:00,Asia/Bangkok,71.1128051785714,18.99137931034483,17.39655172413793,30.72690044642856
14172,2022-09-26 18:00:00,Asia/Bangkok,78.93403401709399,22.16239316239316,19.2991452991453,28.89251957264959
14173,2022-09-26 19:00:00,Asia/Bangkok,77.85828842105263,16.01724137931035,14.74137931034483,29.15600626086956
14174,2022-09-26 20:00:00,Asia/Bangkok,77.601458125,21.14655172413793,19.17241379310345,29.44099675675677
14175,2022-09-26 21:00:00,Asia/Bangkok,80.13497508771925,28.35344827586207,26.07758620689655,28.66814377192983
14176,2022-09-26 22:00:00,Asia/Bangkok,81.6543432173913,27.73275862068965,25.28448275862069,28.54687147826085
14177,2022-09-26 23:00:00,Asia/Bangkok,84.02203780701754,23.62931034482759,21.14655172413793,27.80398824561401
14178,2022-09-27 00:00:00,Asia/Bangkok,82.77261652173914,15.23076923076923,14.39316239316239,28.00864122807017
14179,2022-09-27 01:00:00,Asia/Bangkok,83.72448852173909,16.66956521739131,15.8695652173913,27.81153087719298
14180,2022-09-27 02:00:00,Asia/Bangkok,84.99793238532109,22.26086956521739,21.07826086956522,27.49803321100917
14181,2022-09-27 03:00:00,Asia/Bangkok,86.30746607142858,22.15384615384615,21.08547008547009,27.05579553571429
14182,2022-09-27 04:00:00,Asia/Bangkok,85.11250207207203,17.91379310344828,17.12068965517241,27.10686369369368
14183,2022-09-27 05:00:00,Asia/Bangkok,85.41794726415094,15.77391304347826,14.93913043478261,27.0516187735849
14184,2022-09-27 06:00:00,Asia/Bangkok,87.32798080357138,15.2,14.41739130434783,26.68271687500001
14185,2022-09-27 07:00:00,Asia/Bangkok,87.51658200000001,20.11504424778761,18.84070796460177,26.79534643478262
14186,2022-09-27 08:00:00,Asia/Bangkok,88.28687086956528,31.21739130434782,26.90434782608695,27.03901495652173
14187,2022-09-27 09:00:00,Asia/Bangkok,85.89706261261259,24.22413793103448,22.36206896551724,27.60094864864864
14188,2022-09-27 10:00:00,Asia/Bangkok,80.9355114035088,30.23478260869565,27.03478260869565,29.10296087719298
14189,2022-09-27 11:00:00,Asia/Bangkok,71.97756956140351,12.23076923076923,11.42735042735043,30.93838885964912
14190,2022-09-27 12:00:00,Asia/Bangkok,68.99559902654866,8.721739130434782,8.0,31.34336438596491
14191,2022-09-27 13:00:00,Asia/Bangkok,65.32175815789472,9.25,8.71551724137931,32.50834982300886
14192,2022-09-27 14:00:00,Asia/Bangkok,61.27371307017543,10.12931034482759,9.413793103448276,33.99245026315786
14193,2022-09-27 15:00:00,Asia/Bangkok,59.84264643478259,8.827586206896552,8.206896551724139,34.08717605263159
14194,2022-09-27 16:00:00,Asia/Bangkok,74.38315357142856,4.060344827586207,3.568965517241379,29.775264375
14195,2022-09-27 17:00:00,Asia/Bangkok,77.98790238938054,4.655172413793103,4.025641025641026,29.03432371681415
14196,2022-09-27 18:00:00,Asia/Bangkok,82.04684221238935,6.78448275862069,5.922413793103448,28.12381053097344
14197,2022-09-27 19:00:00,Asia/Bangkok,82.36285220183487,4.827586206896552,4.137931034482759,27.56250314814814
14198,2022-09-27 20:00:00,Asia/Bangkok,83.31882435897435,17.23931623931624,15.84615384615385,27.29495538461537
14199,2022-09-27 21:00:00,Asia/Bangkok,85.73176678260864,11.28695652173913,10.14782608695652,26.73388139130437
14200,2022-09-27 22:00:00,Asia/Bangkok,85.4724933628319,15.12068965517241,13.63793103448276,26.80254619469027
14201,2022-09-27 23:00:00,Asia/Bangkok,86.96998587719304,9.393162393162394,8.649572649572649,26.37927289473685
14202,2022-09-28 00:00:00,Asia/Bangkok,87.49487542056075,11.4695652173913,10.24347826086957,26.19820289719627
14203,2022-09-28 01:00:00,Asia/Bangkok,86.14454874999997,9.699115044247788,8.91150442477876,26.44855794642857
14204,2022-09-28 02:00:00,Asia/Bangkok,86.6947236936937,7.947368421052632,7.017543859649122,26.18613180180179
14205,2022-09-28 03:00:00,Asia/Bangkok,88.36207929203542,19.71551724137931,17.78448275862069,25.79784026548673
14206,2022-09-28 04:00:00,Asia/Bangkok,83.49632991304355,2.439655172413793,1.96551724137931,26.44425443478262
14207,2022-09-28 05:00:00,Asia/Bangkok,81.94026508928572,1.948275862068966,1.362068965517241,26.52213508928571
14208,2022-09-28 06:00:00,Asia/Bangkok,81.32086535087718,1.868421052631579,1.298245614035088,26.63614105263159
14209,2022-09-28 07:00:00,Asia/Bangkok,83.09988298245614,3.147826086956522,2.608695652173913,26.39214921739131
14210,2022-09-28 08:00:00,Asia/Bangkok,84.51335382608694,4.5,3.863247863247863,26.50016412280702
14211,2022-09-28 09:00:00,Asia/Bangkok,84.44114061403508,6.21551724137931,5.370689655172414,26.74588412280701
14212,2022-09-28 10:00:00,Asia/Bangkok,81.99994060869565,3.577586206896552,3.120689655172414,27.38446547826085
14213,2022-09-28 11:00:00,Asia/Bangkok,79.4521045045045,2.655172413793104,2.327586206896552,27.86995495495495
14214,2022-09-28 12:00:00,Asia/Bangkok,77.71635657657659,2.495726495726496,2.017094017094017,29.04646234234235
14215,2022-09-28 13:00:00,Asia/Bangkok,76.07779354545457,1.362068965517241,1.068965517241379,29.58005136363634
14216,2022-09-28 14:00:00,Asia/Bangkok,79.80419428571427,3.362068965517242,2.844827586206896,28.6927786607143
14217,2022-09-28 15:00:00,Asia/Bangkok,77.34879159292039,5.491379310344827,4.818965517241379,28.90891283185841
14218,2022-09-28 16:00:00,Asia/Bangkok,81.43861504424781,3.713043478260869,3.252173913043478,28.17975315789473
14219,2022-09-28 17:00:00,Asia/Bangkok,87.23420974137933,0.8672566371681416,0.4601769911504425,26.20507827586206
14220,2022-09-28 18:00:00,Asia/Bangkok,90.11151787610623,2.217391304347826,1.704347826086956,25.93077758928571
14221,2022-09-28 19:00:00,Asia/Bangkok,90.73221375000003,2.904347826086957,2.460869565217391,25.7390175892857
14222,2022-09-28 20:00:00,Asia/Bangkok,90.43604099099099,3.991304347826087,3.460869565217391,25.74483279279277
14223,2022-09-28 21:00:00,Asia/Bangkok,90.04888999999999,4.129310344827586,3.53448275862069,25.94142387387387
14224,2022-09-28 22:00:00,Asia/Bangkok,88.97233289473684,3.508620689655173,3.060344827586207,25.90322868421052
14225,2022-09-28 23:00:00,Asia/Bangkok,86.60485603448276,2.811965811965812,2.367521367521368,26.06272086206896
14226,2022-09-29 00:00:00,Asia/Bangkok,86.38754955752216,2.321739130434783,1.71304347826087,26.08497769911502
14227,2022-09-29 01:00:00,Asia/Bangkok,87.39339373913043,2.304347826086957,1.678260869565217,25.9300183478261
14228,2022-09-29 02:00:00,Asia/Bangkok,86.62503433628315,1.879310344827586,1.413793103448276,25.60209071428574
14229,2022-09-29 03:00:00,Asia/Bangkok,87.18837869565213,1.008620689655172,0.75,25.3057887826087
14230,2022-09-29 04:00:00,Asia/Bangkok,87.17578544642858,0.5775862068965517,0.1982758620689655,25.18651919642857
14231,2022-09-29 05:00:00,Asia/Bangkok,86.33368855855853,0.3097345132743363,0.06194690265486726,25.20830954954956
14232,2022-09-29 06:00:00,Asia/Bangkok,85.19162124999995,0.1826086956521739,0.0,25.40969306306305
14233,2022-09-29 07:00:00,Asia/Bangkok,84.8726002654867,0.4310344827586207,0.07758620689655173,25.69603814159293
14234,2022-09-29 08:00:00,Asia/Bangkok,85.93684190909094,0.8879310344827587,0.4310344827586207,25.75602245454546
14235,2022-09-29 09:00:00,Asia/Bangkok,84.67199603603608,1.025862068965517,0.4827586206896552,26.60008663636363
14236,2022-09-29 10:00:00,Asia/Bangkok,78.48171370689656,1.025862068965517,0.603448275862069,28.37317862068968
14237,2022-09-29 11:00:00,Asia/Bangkok,76.83130831858406,1.939130434782609,1.530434782608696,29.03023477876105
14238,2022-09-29 12:00:00,Asia/Bangkok,85.62379280701754,1.362068965517241,1.060344827586207,26.58292087719297
14239,2022-09-29 13:00:00,Asia/Bangkok,87.9047285840708,0.4137931034482759,0.2241379310344828,25.95233982300886
14240,2022-09-29 14:00:00,Asia/Bangkok,83.29297831858408,1.034188034188034,0.6324786324786325,27.42269849557521
14241,2022-09-29 15:00:00,Asia/Bangkok,82.15805823008851,0.5517241379310345,0.2586206896551724,27.39259247787611
14242,2022-09-29 16:00:00,Asia/Bangkok,84.31857801801799,1.132743362831858,0.631578947368421,27.16378459459458
14243,2022-09-29 17:00:00,Asia/Bangkok,84.51417230088497,1.905172413793103,1.336206896551724,27.30012238938052
14244,2022-09-29 18:00:00,Asia/Bangkok,84.06714543859651,3.344827586206896,2.844827586206896,26.91593815789476
14245,2022-09-29 19:00:00,Asia/Bangkok,86.72518223214287,5.165217391304348,4.51304347826087,26.17917548672567
14246,2022-09-29 20:00:00,Asia/Bangkok,87.84706078947376,3.129310344827586,2.568965517241379,25.69870884955753
14247,2022-09-29 21:00:00,Asia/Bangkok,87.25041710526315,2.03448275862069,1.577586206896552,25.40420596491229
14248,2022-09-29 22:00:00,Asia/Bangkok,86.45085885964913,1.922413793103448,1.491379310344828,25.3120557017544
14249,2022-09-29 23:00:00,Asia/Bangkok,87.17679408695655,2.301724137931035,1.801724137931034,25.19681243478263
14250,2022-09-30 00:00:00,Asia/Bangkok,87.10068486956524,2.897435897435897,2.145299145299145,25.32160313043479
14251,2022-09-30 01:00:00,Asia/Bangkok,87.42854927272732,3.71551724137931,2.844827586206896,25.43053136363635
14252,2022-09-30 02:00:00,Asia/Bangkok,88.4090294642857,5.8,5.034782608695652,25.22449873873872
14253,2022-09-30 03:00:00,Asia/Bangkok,89.13269964601767,5.741379310344827,4.939655172413793,25.1411707964602
14254,2022-09-30 04:00:00,Asia/Bangkok,89.34526460869563,4.252173913043478,3.62280701754386,25.17138660869566
14255,2022-09-30 05:00:00,Asia/Bangkok,89.5380467857143,3.347826086956522,2.887931034482758,25.27571205357141
14256,2022-09-30 06:00:00,Asia/Bangkok,89.99909146551724,3.474137931034483,2.862068965517242,25.22833586206896
14257,2022-09-30 07:00:00,Asia/Bangkok,91.17231743362831,5.387931034482759,4.310344827586207,25.099325625
14258,2022-09-30 08:00:00,Asia/Bangkok,91.83792136363637,2.31304347826087,1.834782608695652,25.347386
14259,2022-09-30 09:00:00,Asia/Bangkok,92.57409025862067,2.888888888888889,2.282051282051282,25.62741269565216
14260,2022-09-30 10:00:00,Asia/Bangkok,88.90601231481482,3.175438596491228,2.482456140350877,26.97591726415095
14261,2022-09-30 11:00:00,Asia/Bangkok,77.31695558558563,1.03448275862069,0.7413793103448276,29.58909270270273
14262,2022-09-30 12:00:00,Asia/Bangkok,71.10284927927927,1.591304347826087,1.226086956521739,31.1446426126126
14263,2022-09-30 13:00:00,Asia/Bangkok,71.27209173913046,4.405172413793103,3.801724137931035,31.13908565217391
14264,2022-09-30 14:00:00,Asia/Bangkok,78.69071060344827,4.897435897435898,4.205128205128205,29.35827543103447
14265,2022-09-30 15:00:00,Asia/Bangkok,86.12627226086958,5.267241379310345,4.491379310344827,27.19853965217392
14266,2022-09-30 16:00:00,Asia/Bangkok,86.58254105263156,5.637931034482759,4.698275862068965,27.15329140350876
14267,2022-09-30 17:00:00,Asia/Bangkok,87.10949405172413,4.431034482758621,3.629310344827586,26.81550112068967
14268,2022-09-30 18:00:00,Asia/Bangkok,85.84243877192988,2.431034482758621,2.112068965517242,25.78313377192984
14269,2022-09-30 19:00:00,Asia/Bangkok,86.58974869565213,5.53448275862069,4.844827586206897,25.32366747826089
14270,2022-09-30 20:00:00,Asia/Bangkok,89.80191396396397,6.637931034482759,5.913793103448276,24.90833954954957
14271,2022-09-30 21:00:00,Asia/Bangkok,89.16984568807337,4.419642857142857,3.848214285714286,24.86572128440367
14272,2022-09-30 22:00:00,Asia/Bangkok,85.7142295535714,3.232758620689655,2.706896551724138,25.25554214285714
14273,2022-09-30 23:00:00,Asia/Bangkok,87.91407771929828,3.913793103448276,3.439655172413793,24.96247175438596
14274,2022-10-01 00:00:00,Asia/Bangkok,89.16806530973456,4.5,3.862068965517242,24.60230561403511
14275,2022-10-01 01:00:00,Asia/Bangkok,87.96399812500002,4.70940170940171,4.025641025641026,24.76384154545453
14276,2022-10-01 02:00:00,Asia/Bangkok,88.53894910714287,4.887931034482759,4.120689655172414,24.6019286607143
14277,2022-10-01 03:00:00,Asia/Bangkok,88.5187943478261,6.094827586206897,5.025862068965517,24.59647643478261
14278,2022-10-01 04:00:00,Asia/Bangkok,85.25622913043476,3.393162393162393,2.752136752136752,24.91062347826086
14279,2022-10-01 05:00:00,Asia/Bangkok,84.44544086206892,2.698275862068965,2.258620689655173,24.7844818103448
14280,2022-10-01 06:00:00,Asia/Bangkok,86.41074699115043,3.103448275862069,2.551724137931035,24.61369743362836
14281,2022-10-01 07:00:00,Asia/Bangkok,88.30026767857144,6.96551724137931,6.025862068965517,24.48171830357143
14282,2022-10-01 08:00:00,Asia/Bangkok,87.48410133928569,4.681034482758621,3.870689655172414,24.8969525
14283,2022-10-01 09:00:00,Asia/Bangkok,84.95726124999997,3.508620689655173,2.844827586206896,25.98564072072072
14284,2022-10-01 10:00:00,Asia/Bangkok,82.89654738738739,3.181034482758621,2.551724137931035,26.75886580357143
14285,2022-10-01 11:00:00,Asia/Bangkok,78.17363956896553,3.5,2.87719298245614,28.52959391304347
14286,2022-10-01 12:00:00,Asia/Bangkok,73.11549380530973,4.756521739130434,4.121739130434783,29.89485407079647
14287,2022-10-01 13:00:00,Asia/Bangkok,70.86443769911507,3.586206896551724,3.043103448275862,30.40758123893806
14288,2022-10-01 14:00:00,Asia/Bangkok,68.12177649122812,2.46551724137931,1.801724137931034,31.33844605263158
14289,2022-10-01 15:00:00,Asia/Bangkok,64.74734747826089,2.474137931034483,1.931034482758621,32.93939826086957
14290,2022-10-01 16:00:00,Asia/Bangkok,62.5896836842105,3.034782608695652,2.4,32.90803850877194
14291,2022-10-01 17:00:00,Asia/Bangkok,65.00936443478261,3.758620689655173,2.922413793103448,32.04578930434781
14292,2022-10-01 18:00:00,Asia/Bangkok,69.93287437499998,4.042735042735043,2.982905982905983,30.43213982142857
14293,2022-10-01 19:00:00,Asia/Bangkok,71.83032026315789,5.818965517241379,4.706896551724138,29.50524385964912
14294,2022-10-01 20:00:00,Asia/Bangkok,74.69426080357144,18.38053097345133,15.80530973451327,28.96417517857141
14295,2022-10-01 21:00:00,Asia/Bangkok,75.62448785714284,5.473684210526316,4.37719298245614,28.42405169642857
14296,2022-10-01 22:00:00,Asia/Bangkok,81.7612924561404,16.31858407079646,13.78761061946903,27.49978070175439
14297,2022-10-01 23:00:00,Asia/Bangkok,83.67445219298241,5.085470085470085,4.034188034188034,26.79291701754387
14298,2022-10-02 00:00:00,Asia/Bangkok,83.87706132743362,3.495652173913043,2.637931034482758,26.14989522123895
14299,2022-10-02 01:00:00,Asia/Bangkok,84.45793159292032,3.53448275862069,2.603448275862069,25.90443867256637
14300,2022-10-02 02:00:00,Asia/Bangkok,84.72237526315786,3.869565217391304,3.069565217391304,25.9044000877193
14301,2022-10-02 03:00:00,Asia/Bangkok,85.45083052631574,6.017241379310345,5.060344827586207,25.7955246017699
14302,2022-10-02 04:00:00,Asia/Bangkok,87.0370057017544,16.99137931034483,14.81034482758621,25.39823184210526
14303,2022-10-02 05:00:00,Asia/Bangkok,88.92643168141596,5.68141592920354,4.902654867256637,24.75014230088494
14304,2022-10-02 06:00:00,Asia/Bangkok,88.1597642982456,6.370689655172414,5.53448275862069,24.85202666666666
14305,2022-10-02 07:00:00,Asia/Bangkok,87.08501666666668,9.189655172413794,7.974137931034483,24.96537823008849
14306,2022-10-02 08:00:00,Asia/Bangkok,85.61681999999993,7.137931034482759,5.956896551724138,25.82527495575222
14307,2022-10-02 09:00:00,Asia/Bangkok,81.22477185840707,6.370689655172414,5.129310344827586,27.56961292035398
14308,2022-10-02 10:00:00,Asia/Bangkok,74.87751938053098,7.017094017094017,5.854700854700854,29.61189407079645
14309,2022-10-02 11:00:00,Asia/Bangkok,68.55923981981981,4.521739130434782,3.51304347826087,31.51589327272728
14310,2022-10-02 12:00:00,Asia/Bangkok,64.90666382608694,4.043103448275862,3.387931034482758,32.61331686956523
14311,2022-10-02 13:00:00,Asia/Bangkok,64.89318714285716,4.568965517241379,3.905172413793104,32.91712098214283
14312,2022-10-02 14:00:00,Asia/Bangkok,63.28521543103451,3.829059829059829,3.29059829059829,33.30143120689657
14313,2022-10-02 15:00:00,Asia/Bangkok,57.71726339130433,3.017241379310345,2.568965517241379,35.62862834782609
14314,2022-10-02 16:00:00,Asia/Bangkok,59.82347286956519,3.629310344827586,3.103448275862069,34.52522669565218
14315,2022-10-02 17:00:00,Asia/Bangkok,67.76733285714286,35.87068965517241,32.44827586206897,32.86903071428571
14316,2022-10-02 18:00:00,Asia/Bangkok,84.1268299107143,11.55555555555556,10.11111111111111,27.96890446428571
14317,2022-10-02 19:00:00,Asia/Bangkok,87.47359920353983,6.025862068965517,5.336206896551724,27.61311743362831
14318,2022-10-02 20:00:00,Asia/Bangkok,87.66061929824558,10.16379310344828,9.267241379310345,27.62580096491226
14319,2022-10-02 21:00:00,Asia/Bangkok,89.04798723214286,12.89655172413793,11.98275862068965,27.2755924778761
14320,2022-10-02 22:00:00,Asia/Bangkok,87.34106142857148,12.95689655172414,11.91304347826087,27.21894567567568
14321,2022-10-02 23:00:00,Asia/Bangkok,89.4002340869565,11.91304347826087,10.98275862068965,26.36621113043478
14322,2022-10-03 00:00:00,Asia/Bangkok,89.69461417391301,6.482758620689655,5.96551724137931,26.18794721739131
14323,2022-10-03 01:00:00,Asia/Bangkok,89.51398839285709,5.956140350877193,5.157894736842105,26.23997725663715
14324,2022-10-03 02:00:00,Asia/Bangkok,89.1445305263158,5.327586206896552,4.844827586206897,26.07521884955751
14325,2022-10-03 03:00:00,Asia/Bangkok,89.04562743362837,5.474137931034483,4.887931034482759,25.82775654867257
14326,2022-10-03 04:00:00,Asia/Bangkok,90.64176294642857,6.681034482758621,5.836206896551724,25.50064062500001
14327,2022-10-03 05:00:00,Asia/Bangkok,90.6324027027027,3.269565217391305,2.68695652173913,25.09473630630629
14328,2022-10-03 06:00:00,Asia/Bangkok,91.12884863636363,3.362068965517242,2.793103448275862,24.89097563636365
14329,2022-10-03 07:00:00,Asia/Bangkok,90.8640847787611,4.163793103448276,3.586206896551724,25.01880849557521
14330,2022-10-03 08:00:00,Asia/Bangkok,91.05291267857145,7.615384615384615,6.905982905982906,25.32878383928574
14331,2022-10-03 09:00:00,Asia/Bangkok,91.2391643965517,9.03448275862069,8.35344827586207,25.80630310344828
14332,2022-10-03 10:00:00,Asia/Bangkok,90.29151342105257,5.652173913043478,4.982608695652174,26.34598884955752
14333,2022-10-03 11:00:00,Asia/Bangkok,89.64026245614032,9.224137931034482,8.543103448275861,27.10438210526315
14334,2022-10-03 12:00:00,Asia/Bangkok,89.10995120689651,15.75862068965517,14.93965517241379,27.29254741379309
14335,2022-10-03 13:00:00,Asia/Bangkok,89.37020765217392,20.4051724137931,19.55172413793104,27.12982913043475
14336,2022-10-03 14:00:00,Asia/Bangkok,88.13867620689653,18.58620689655172,17.63793103448276,27.26218634782605
14337,2022-10-03 15:00:00,Asia/Bangkok,86.12245801724139,10.08620689655172,9.173913043478262,27.4357325
14338,2022-10-03 16:00:00,Asia/Bangkok,85.57152333333333,6.415929203539823,5.62280701754386,27.21698131578948
14339,2022-10-03 17:00:00,Asia/Bangkok,86.23148198198203,7.446428571428571,6.767857142857143,27.39540625
14340,2022-10-03 18:00:00,Asia/Bangkok,87.47270000000002,10.56410256410256,9.717948717948717,27.29133008771932
14341,2022-10-03 19:00:00,Asia/Bangkok,88.75146734513275,11.39655172413793,10.42241379310345,26.68956477876105
14342,2022-10-03 20:00:00,Asia/Bangkok,88.82591536363637,21.08620689655172,18.87068965517241,26.76646339449543
14343,2022-10-03 21:00:00,Asia/Bangkok,89.32488104347827,6.17948717948718,5.632478632478633,25.88903473684211
14344,2022-10-03 22:00:00,Asia/Bangkok,90.55329459183675,3.48,3.11,25.71740395833334
14345,2022-10-03 23:00:00,Asia/Bangkok,89.9548936206896,8.672566371681416,8.08849557522124,25.80683465517241
14346,2022-10-04 00:00:00,Asia/Bangkok,90.97795156521732,9.801724137931034,9.232758620689655,25.81949173913042
14347,2022-10-04 01:00:00,Asia/Bangkok,90.69407808695657,9.870689655172415,9.155172413793103,25.74855573913041
14348,2022-10-04 02:00:00,Asia/Bangkok,90.7390980869565,10.16239316239316,9.47008547008547,25.78343156521742
14349,2022-10-04 03:00:00,Asia/Bangkok,90.57590626086957,15.62068965517241,14.73275862068965,25.61884600000004
14350,2022-10-04 04:00:00,Asia/Bangkok,91.23748614678901,18.58620689655172,17.5,25.46721073394492
14351,2022-10-04 05:00:00,Asia/Bangkok,91.32077728070172,13.44827586206897,12.43965517241379,25.25393991150442
14352,2022-10-04 06:00:00,Asia/Bangkok,91.24083232142854,14.16379310344828,13.22413793103448,25.04620598214285
14353,2022-10-04 07:00:00,Asia/Bangkok,91.85878637168148,11.64655172413793,10.75,24.89791035398232
14354,2022-10-04 08:00:00,Asia/Bangkok,92.982814,10.21367521367521,9.452991452991453,25.35134608695653
14355,2022-10-04 09:00:00,Asia/Bangkok,92.35343339285713,8.175438596491228,7.535087719298246,26.55074723214286
14356,2022-10-04 10:00:00,Asia/Bangkok,84.61767200000003,7.077586206896552,6.362068965517241,28.71582086956522
14357,2022-10-04 11:00:00,Asia/Bangkok,78.95625582608693,4.078260869565217,3.704347826086956,29.91217469565216
14358,2022-10-04 12:00:00,Asia/Bangkok,76.2182656140351,3.504347826086957,3.017391304347826,30.3458567256637
14359,2022-10-04 13:00:00,Asia/Bangkok,76.0370425663717,11.92241379310345,10.57758620689655,30.6862403539823
14360,2022-10-04 14:00:00,Asia/Bangkok,74.63556426086957,19.70940170940171,17.06837606837607,30.63045736842106
14361,2022-10-04 15:00:00,Asia/Bangkok,68.39971008928572,3.078260869565217,2.68695652173913,31.7708421238938
14362,2022-10-04 16:00:00,Asia/Bangkok,67.83237758620687,1.181034482758621,0.8521739130434782,31.73397103448275
14363,2022-10-04 17:00:00,Asia/Bangkok,69.58755669642854,0.9316239316239316,0.7008547008547008,30.845825625
14364,2022-10-04 18:00:00,Asia/Bangkok,74.69264881818184,1.25,1.0,29.46869827272726
14365,2022-10-04 19:00:00,Asia/Bangkok,78.89329441441437,6.232758620689655,5.448275862068965,28.63662693693693
14366,2022-10-04 20:00:00,Asia/Bangkok,81.90640087719294,26.88793103448276,24.71551724137931,28.30176605263157
14367,2022-10-04 21:00:00,Asia/Bangkok,83.90992273504271,28.13675213675214,25.49572649572649,27.84666376068376
14368,2022-10-04 22:00:00,Asia/Bangkok,88.180602173913,9.525862068965518,8.732758620689655,26.84129669565217
14369,2022-10-04 23:00:00,Asia/Bangkok,90.12034587719299,1.791304347826087,1.293103448275862,26.41707912280701
14370,2022-10-05 00:00:00,Asia/Bangkok,87.48765556521735,1.162393162393162,0.7692307692307693,26.72889130434782
14371,2022-10-05 01:00:00,Asia/Bangkok,87.72519464285712,0.6956521739130435,0.4137931034482759,26.50275446428571
14372,2022-10-05 02:00:00,Asia/Bangkok,88.74371350877198,0.9829059829059829,0.7521367521367521,26.25306491228071
14373,2022-10-05 03:00:00,Asia/Bangkok,89.87369842105255,4.112068965517241,3.741379310344827,26.01549807017542
14374,2022-10-05 04:00:00,Asia/Bangkok,90.55501723214283,0.7155172413793104,0.456896551724138,25.64553116071432
14375,2022-10-05 05:00:00,Asia/Bangkok,90.9560298245614,0.7327586206896551,0.4655172413793103,25.50518500000004
14376,2022-10-05 06:00:00,Asia/Bangkok,90.72003260869565,2.341880341880342,1.837606837606838,25.50323165217391
14377,2022-10-05 07:00:00,Asia/Bangkok,91.61946543859654,29.62931034482759,25.55172413793104,25.27654280701753
14378,2022-10-05 08:00:00,Asia/Bangkok,92.22454565217389,7.353448275862069,6.775862068965517,25.71347192982456
14379,2022-10-05 09:00:00,Asia/Bangkok,92.73977035714292,9.634782608695652,8.8,26.05284741071429
14380,2022-10-05 10:00:00,Asia/Bangkok,92.81042141592918,10.5948275862069,9.862068965517242,26.07172176991149
14381,2022-10-05 11:00:00,Asia/Bangkok,90.58816833333331,1.474137931034483,1.258620689655172,27.47688451327433
14382,2022-10-05 12:00:00,Asia/Bangkok,76.7052607207207,0.1478260869565217,0.08695652173913043,30.9123925
14383,2022-10-05 13:00:00,Asia/Bangkok,75.79177391304349,0.2068965517241379,0.1282051282051282,31.44726053097345
14384,2022-10-05 14:00:00,Asia/Bangkok,75.53999151785713,0.2327586206896552,0.05172413793103448,31.5825500892857
14385,2022-10-05 15:00:00,Asia/Bangkok,73.27138692982454,0.188034188034188,0.06837606837606838,32.56600991150442
14386,2022-10-05 16:00:00,Asia/Bangkok,77.65403464285713,2.318965517241379,1.991379310344828,31.27067205357141
14387,2022-10-05 17:00:00,Asia/Bangkok,79.27334716814164,2.525862068965517,2.120689655172414,30.6959075221239
14388,2022-10-05 18:00:00,Asia/Bangkok,77.5400885046729,2.0,1.620689655172414,30.39391355140186
14389,2022-10-05 19:00:00,Asia/Bangkok,82.96175348484851,2.833333333333333,2.515151515151515,28.23267606060605
14390,2022-10-05 20:00:00,Asia/Bangkok,88.55341931034486,4.767241379310345,4.327586206896552,26.93101698275862
14391,2022-10-05 21:00:00,Asia/Bangkok,89.21017210526315,2.2,1.904347826086957,26.46085859649121
14392,2022-10-05 22:00:00,Asia/Bangkok,90.7236392105263,3.747826086956522,3.191304347826087,25.98518619469026
14393,2022-10-05 23:00:00,Asia/Bangkok,90.72340272727274,2.991304347826087,2.643478260869565,26.0838372727273
14394,2022-10-06 00:00:00,Asia/Bangkok,89.32426106194694,4.663793103448276,4.182608695652174,26.17201681415927
14395,2022-10-06 01:00:00,Asia/Bangkok,92.03838696428575,2.373913043478261,1.974137931034483,25.22113767857146
14396,2022-10-06 02:00:00,Asia/Bangkok,92.37582477477481,0.05982905982905983,0.0,24.68711207207208
14397,2022-10-06 03:00:00,Asia/Bangkok,91.41050794642855,0.008620689655172414,0.0,25.05242839285716
14398,2022-10-06 04:00:00,Asia/Bangkok,90.49208849557517,0.1551724137931035,0.0,25.26233185840705
14399,2022-10-06 05:00:00,Asia/Bangkok,90.8665237719298,0.25,0.1206896551724138,25.17375894736844
14400,2022-10-06 06:00:00,Asia/Bangkok,90.98230526315791,0.6581196581196581,0.4102564102564102,24.99430522123893
14401,2022-10-06 07:00:00,Asia/Bangkok,90.82053539823008,0.3189655172413793,0.1293103448275862,25.0674185840708
14402,2022-10-06 08:00:00,Asia/Bangkok,91.45977441441441,0.7913043478260869,0.5304347826086957,25.41053441441442
14403,2022-10-06 09:00:00,Asia/Bangkok,92.77606026086956,1.568965517241379,1.224137931034483,25.79188347826088
14404,2022-10-06 10:00:00,Asia/Bangkok,93.53547043478257,2.137931034482758,1.78448275862069,26.20796513043478
14405,2022-10-06 11:00:00,Asia/Bangkok,90.82236616071425,1.145299145299145,0.9658119658119658,27.39361651785714
14406,2022-10-06 12:00:00,Asia/Bangkok,83.48273736842108,0.7565217391304347,0.6,29.65304833333334
14407,2022-10-06 13:00:00,Asia/Bangkok,77.02429026315787,0.7241379310344828,0.5948275862068966,31.36938921052634
14408,2022-10-06 14:00:00,Asia/Bangkok,72.41830581818182,0.9310344827586207,0.7758620689655172,32.32029136363635
14409,2022-10-06 15:00:00,Asia/Bangkok,82.92768359649124,1.862068965517241,1.551724137931034,28.82426442477874
14410,2022-10-06 16:00:00,Asia/Bangkok,84.72809342592596,0.6,0.3739130434782609,28.3418412962963
14411,2022-10-06 17:00:00,Asia/Bangkok,84.23054433628317,0.7155172413793104,0.5689655172413793,28.47785548672565
14412,2022-10-06 18:00:00,Asia/Bangkok,89.99283885964915,2.612068965517242,1.879310344827586,26.45762578947368
14413,2022-10-06 19:00:00,Asia/Bangkok,91.99818079646022,0.6239316239316239,0.5128205128205128,25.72404106194691
14414,2022-10-06 20:00:00,Asia/Bangkok,89.21053263157889,0.5517241379310345,0.3879310344827586,25.7704860526316
14415,2022-10-06 21:00:00,Asia/Bangkok,90.08290389380524,2.71551724137931,2.353448275862069,25.47380823008847
14416,2022-10-06 22:00:00,Asia/Bangkok,91.72029403508769,3.982758620689655,3.560344827586207,24.8772297368421
14417,2022-10-06 23:00:00,Asia/Bangkok,92.63216666666659,3.474137931034483,3.068965517241379,24.89871228070178
14418,2022-10-07 00:00:00,Asia/Bangkok,92.33257133928569,5.620689655172414,5.03448275862069,24.92837616071427
14419,2022-10-07 01:00:00,Asia/Bangkok,92.76347781818187,9.41025641025641,8.726495726495726,24.86815672727271
14420,2022-10-07 02:00:00,Asia/Bangkok,93.55765864864867,10.23275862068965,9.64655172413793,24.84336081081081
14421,2022-10-07 03:00:00,Asia/Bangkok,92.98413799999999,8.89655172413793,8.258620689655173,24.85031100000004
14422,2022-10-07 04:00:00,Asia/Bangkok,93.77315991150444,10.21367521367521,9.803418803418804,24.76384884955752
14423,2022-10-07 05:00:00,Asia/Bangkok,94.19719891891896,8.887931034482758,8.482758620689655,24.81838963963963
14424,2022-10-07 06:00:00,Asia/Bangkok,94.90840972972977,7.87719298245614,7.36283185840708,24.8065045045045
14425,2022-10-07 07:00:00,Asia/Bangkok,94.76311763157895,6.448275862068965,6.060344827586207,24.99444631578948
14426,2022-10-07 08:00:00,Asia/Bangkok,94.54301634782617,4.591304347826087,4.165217391304348,25.43693730434784
14427,2022-10-07 09:00:00,Asia/Bangkok,94.43417165217392,2.652173913043478,2.478260869565217,26.05629139130435
14428,2022-10-07 10:00:00,Asia/Bangkok,90.90556920353984,2.526315789473684,2.315789473684211,27.176933539823
14429,2022-10-07 11:00:00,Asia/Bangkok,86.45140459459458,2.198275862068965,2.0,28.12385171171169
14430,2022-10-07 12:00:00,Asia/Bangkok,89.0975092982456,2.241379310344827,1.905172413793103,27.5048394736842
14431,2022-10-07 13:00:00,Asia/Bangkok,91.20013584070792,1.747826086956522,1.478260869565217,25.29900486725664
14432,2022-10-07 14:00:00,Asia/Bangkok,91.99573315789476,1.53448275862069,1.275862068965517,24.87950333333335
14433,2022-10-07 15:00:00,Asia/Bangkok,91.65191121739126,2.431034482758621,2.155172413793104,25.08484617391303
14434,2022-10-07 16:00:00,Asia/Bangkok,91.70423369369375,1.077586206896552,0.9051724137931034,24.96025836363638
14435,2022-10-07 17:00:00,Asia/Bangkok,92.85527460869564,1.637931034482759,1.370689655172414,24.90915947826089
14436,2022-10-07 18:00:00,Asia/Bangkok,92.90774069565217,9.504273504273504,8.914529914529915,25.15271713043478
14437,2022-10-07 19:00:00,Asia/Bangkok,92.56773715517248,20.64655172413793,18.21551724137931,25.19460931034481
14438,2022-10-07 20:00:00,Asia/Bangkok,93.0779055263158,13.97413793103448,13.20689655172414,24.92014578947367
14439,2022-10-07 21:00:00,Asia/Bangkok,93.72301896551724,12.06896551724138,11.54310344827586,24.74624499999997
14440,2022-10-07 22:00:00,Asia/Bangkok,93.454679380531,10.55555555555556,9.948717948717949,24.7735153097345
14441,2022-10-07 23:00:00,Asia/Bangkok,93.36266118181823,10.06896551724138,9.586206896551724,24.82559881818181
14442,2022-10-08 00:00:00,Asia/Bangkok,94.54611646017696,10.72413793103448,10.18103448275862,24.61013053097347
14443,2022-10-08 01:00:00,Asia/Bangkok,94.46542636363634,11.66379310344828,11.25,24.66195754545453
14444,2022-10-08 02:00:00,Asia/Bangkok,93.87684008849558,13.03478260869565,12.51304347826087,24.7206435087719
14445,2022-10-08 03:00:00,Asia/Bangkok,93.79757887931034,12.16379310344828,11.54310344827586,24.72011887931032
14446,2022-10-08 04:00:00,Asia/Bangkok,93.31675711711715,10.82758620689655,10.3448275862069,24.66596531531532
14447,2022-10-08 05:00:00,Asia/Bangkok,93.95875504347829,11.85344827586207,11.29310344827586,24.48931782608697
14448,2022-10-08 06:00:00,Asia/Bangkok,94.65357307017543,11.06837606837607,10.53846153846154,24.39076868421053
14449,2022-10-08 07:00:00,Asia/Bangkok,95.02723469026547,11.75862068965517,11.25862068965517,24.23394716814161
14450,2022-10-08 08:00:00,Asia/Bangkok,95.22682147826087,9.301724137931034,8.905172413793103,24.52291704347824
14451,2022-10-08 09:00:00,Asia/Bangkok,94.93570672566375,7.71551724137931,7.327586206896552,25.34251910714286
14452,2022-10-08 10:00:00,Asia/Bangkok,92.05878413793103,7.367521367521367,6.982905982905983,25.99004896551725
14453,2022-10-08 11:00:00,Asia/Bangkok,86.7186432142857,6.758620689655173,6.379310344827586,27.40098517857143
14454,2022-10-08 12:00:00,Asia/Bangkok,78.11011571428571,6.422413793103448,6.206896551724138,29.29274419642856
14455,2022-10-08 13:00:00,Asia/Bangkok,73.8794062280702,4.769230769230769,4.598290598290598,30.36162114035087
14456,2022-10-08 14:00:00,Asia/Bangkok,69.31157789473683,4.03448275862069,3.827586206896552,31.27520166666665
14457,2022-10-08 15:00:00,Asia/Bangkok,67.535680862069,3.827586206896552,3.615384615384615,31.92763801724137
14458,2022-10-08 16:00:00,Asia/Bangkok,66.05245035714286,4.973913043478261,4.747826086956522,32.32025178571428
14459,2022-10-08 17:00:00,Asia/Bangkok,68.21522921052632,20.29565217391304,19.01739130434783,32.34989166666665
14460,2022-10-08 18:00:00,Asia/Bangkok,75.97977866071427,8.543103448275861,8.155172413793103,30.41108580357143
14461,2022-10-08 19:00:00,Asia/Bangkok,80.11710939130428,9.68695652173913,9.08695652173913,29.07471217391305
14462,2022-10-08 20:00:00,Asia/Bangkok,83.94885973451325,36.56521739130435,31.74782608695652,28.24487451327431
14463,2022-10-08 21:00:00,Asia/Bangkok,86.05568059829059,35.47863247863248,31.03418803418803,27.56089324786323
14464,2022-10-08 22:00:00,Asia/Bangkok,87.27448663716811,17.17241379310345,16.02586206896552,27.14951714285714
14465,2022-10-08 23:00:00,Asia/Bangkok,88.13004910714292,16.68965517241379,15.93103448275862,26.94900607142855
14466,2022-10-09 00:00:00,Asia/Bangkok,87.65411477876104,19.95726495726496,19.00854700854701,27.00820486725658
14467,2022-10-09 01:00:00,Asia/Bangkok,87.17550713043478,19.05172413793104,18.20689655172414,26.88072617391305
14468,2022-10-09 02:00:00,Asia/Bangkok,87.96632198198202,17.29310344827586,16.43965517241379,26.64959540540542
14469,2022-10-09 03:00:00,Asia/Bangkok,88.82288391304348,16.18103448275862,15.23275862068965,26.47887175438598
14470,2022-10-09 04:00:00,Asia/Bangkok,90.66763413793105,16.88034188034188,15.95726495726496,25.84836163793103
14471,2022-10-09 05:00:00,Asia/Bangkok,90.71017417391306,15.87931034482759,15.02586206896552,25.74572269565216
14472,2022-10-09 06:00:00,Asia/Bangkok,90.64224324561404,16.30172413793104,15.66379310344828,25.48630596491226
14473,2022-10-09 07:00:00,Asia/Bangkok,91.56566304347831,20.35344827586207,18.99137931034483,25.28043156521739
14474,2022-10-09 08:00:00,Asia/Bangkok,91.97035473684213,22.5948275862069,20.76724137931035,25.32606315789473
14475,2022-10-09 09:00:00,Asia/Bangkok,92.27961955752212,12.60344827586207,11.64655172413793,25.4095456140351
14476,2022-10-09 10:00:00,Asia/Bangkok,92.8853026956522,11.68376068376068,11.04273504273504,25.61787780701756
14477,2022-10-09 11:00:00,Asia/Bangkok,92.55699526315787,7.827586206896552,7.448275862068965,26.02214894736841
14478,2022-10-09 12:00:00,Asia/Bangkok,92.42603241071428,13.14655172413793,12.63793103448276,26.20481821428573
14479,2022-10-09 13:00:00,Asia/Bangkok,91.70174686956516,9.17094017094017,8.827586206896552,26.42400608695654
14480,2022-10-09 14:00:00,Asia/Bangkok,90.64087153153153,6.241379310344827,6.017094017094017,26.64605720720722
14481,2022-10-09 15:00:00,Asia/Bangkok,90.66966181818182,5.226086956521739,5.052173913043478,26.49655063636364
14482,2022-10-09 16:00:00,Asia/Bangkok,91.07374419642859,5.137931034482759,4.887931034482759,26.41549198198197
14483,2022-10-09 17:00:00,Asia/Bangkok,90.4020469827586,5.379310344827586,5.077586206896552,26.79234517241378
14484,2022-10-09 18:00:00,Asia/Bangkok,90.2755694782609,7.478632478632479,7.034188034188034,27.00839114035087
14485,2022-10-09 19:00:00,Asia/Bangkok,90.85791089285712,21.43103448275862,19.06896551724138,26.71194684684685
14486,2022-10-09 20:00:00,Asia/Bangkok,91.7012553043478,23.30172413793104,21.87931034482759,26.23796278260868
14487,2022-10-09 21:00:00,Asia/Bangkok,91.83567675438594,17.31896551724138,16.3448275862069,25.95227771929826
14488,2022-10-09 22:00:00,Asia/Bangkok,92.1630048245614,17.62068965517241,16.41379310344828,25.75081201754384
14489,2022-10-09 23:00:00,Asia/Bangkok,92.02094867256639,18.82051282051282,17.70940170940171,25.61656672566372
14490,2022-10-10 00:00:00,Asia/Bangkok,91.94727796296291,21.31896551724138,20.22413793103448,25.57343092592596
14491,2022-10-10 01:00:00,Asia/Bangkok,91.94720160714283,18.67241379310345,17.81896551724138,25.44419063063061
14492,2022-10-10 02:00:00,Asia/Bangkok,92.30651154545458,18.49122807017544,17.6140350877193,25.38370299999999
14493,2022-10-10 03:00:00,Asia/Bangkok,92.69546436363635,25.07758620689655,23.74137931034483,25.29415263636364
14494,2022-10-10 04:00:00,Asia/Bangkok,93.46681017543858,17.90434782608695,17.06086956521739,25.12812780701754
14495,2022-10-10 05:00:00,Asia/Bangkok,94.46004185840704,17.72173913043478,16.83478260869565,24.84518734513273
14496,2022-10-10 06:00:00,Asia/Bangkok,95.15839552631577,16.34782608695652,15.55652173913044,24.80260333333334
14497,2022-10-10 07:00:00,Asia/Bangkok,95.39340999999997,16.42241379310345,15.69827586206897,24.99407263157894
14498,2022-10-10 08:00:00,Asia/Bangkok,95.67164431034479,12.72413793103448,12.29310344827586,25.22545982758621
14499,2022-10-10 09:00:00,Asia/Bangkok,95.0202199122807,10.92241379310345,10.33620689655172,25.97614710526317
14500,2022-10-10 10:00:00,Asia/Bangkok,91.18361196581198,7.025641025641026,6.555555555555555,26.8833193965517
14501,2022-10-10 11:00:00,Asia/Bangkok,82.57908201754387,3.612068965517242,3.431034482758621,28.8164402631579
14502,2022-10-10 12:00:00,Asia/Bangkok,82.07908730434777,6.603448275862069,6.060344827586207,28.75589999999999
14503,2022-10-10 13:00:00,Asia/Bangkok,90.58735271929831,12.71551724137931,11.27586206896552,25.68458929824562
14504,2022-10-10 14:00:00,Asia/Bangkok,86.26218159292034,14.12820512820513,13.05128205128205,27.69221327433628
14505,2022-10-10 15:00:00,Asia/Bangkok,76.4978024347826,2.560344827586207,2.439655172413793,29.94254660869566
14506,2022-10-10 16:00:00,Asia/Bangkok,73.86295293103447,1.222222222222222,1.077586206896552,30.84739612068966
14507,2022-10-10 17:00:00,Asia/Bangkok,76.80310052631582,0.2155172413793103,0.1367521367521368,29.75695666666667
14508,2022-10-10 18:00:00,Asia/Bangkok,77.66877174311925,3.837837837837838,3.330357142857143,28.65334981818182
14509,2022-10-10 19:00:00,Asia/Bangkok,83.36769318965523,4.764705882352941,4.34453781512605,26.68534093220341
14510,2022-10-10 20:00:00,Asia/Bangkok,88.53986628318584,6.870689655172414,6.344827586206897,25.94341321428572
14511,2022-10-10 21:00:00,Asia/Bangkok,90.20655118181814,7.778761061946903,7.238938053097345,25.58325027272727
14512,2022-10-10 22:00:00,Asia/Bangkok,90.21832108108111,5.398305084745763,4.932203389830509,25.56344324324322
14513,2022-10-10 23:00:00,Asia/Bangkok,89.70368192982458,6.948275862068965,6.224137931034483,25.66168886956522
14514,2022-10-11 00:00:00,Asia/Bangkok,89.83595412280707,8.289473684210526,7.842105263157895,25.64487778761063
14515,2022-10-11 01:00:00,Asia/Bangkok,89.41329181034487,6.173913043478261,5.646551724137931,25.56350956896556
14516,2022-10-11 02:00:00,Asia/Bangkok,89.49677192982456,5.431034482758621,4.922413793103448,25.4521294736842
14517,2022-10-11 03:00:00,Asia/Bangkok,91.44159982608697,7.615384615384615,7.102564102564102,25.19015113043478
14518,2022-10-11 04:00:00,Asia/Bangkok,92.28723385964909,7.053097345132743,6.566371681415929,24.99027649122809
14519,2022-10-11 05:00:00,Asia/Bangkok,91.41197436363635,8.275862068965518,7.508620689655173,25.00842209090912
14520,2022-10-11 06:00:00,Asia/Bangkok,91.59799991304347,9.637931034482758,8.801724137931034,24.77444482758619
14521,2022-10-11 07:00:00,Asia/Bangkok,92.55948730434783,13.5982905982906,12.58119658119658,24.79253122807019
14522,2022-10-11 08:00:00,Asia/Bangkok,92.8789417857143,10.33620689655172,9.64655172413793,25.29573883928574
14523,2022-10-11 09:00:00,Asia/Bangkok,89.85330808695652,11.10344827586207,10.51724137931035,26.43029921739129
14524,2022-10-11 10:00:00,Asia/Bangkok,80.8845852173913,7.239316239316239,6.717948717948718,29.09331304347826
14525,2022-10-11 11:00:00,Asia/Bangkok,73.54211407407409,3.518181818181818,3.281818181818182,31.19837777777778
14526,2022-10-11 12:00:00,Asia/Bangkok,66.83714161016947,3.305785123966942,2.967213114754098,33.0934952542373
14527,2022-10-11 13:00:00,Asia/Bangkok,69.57904752212387,3.20353982300885,2.911504424778761,32.17751292035398
14528,2022-10-11 14:00:00,Asia/Bangkok,77.52998196581193,5.762711864406779,5.279661016949152,30.75980666666666
14529,2022-10-11 15:00:00,Asia/Bangkok,75.44476,7.412280701754386,6.956140350877193,30.85336125
14530,2022-10-11 16:00:00,Asia/Bangkok,80.41490077586204,3.439655172413793,3.129310344827586,29.30399525862066
14531,2022-10-11 17:00:00,Asia/Bangkok,77.03383342105263,1.46551724137931,1.275862068965517,30.34719131578949
14532,2022-10-11 18:00:00,Asia/Bangkok,78.60302921739131,3.198275862068965,3.017241379310345,29.85746739130434
14533,2022-10-11 19:00:00,Asia/Bangkok,81.56514819819819,5.827586206896552,5.362068965517241,28.96142180180182
14534,2022-10-11 20:00:00,Asia/Bangkok,84.26606228070175,5.758620689655173,5.275862068965517,28.34519254385965
14535,2022-10-11 21:00:00,Asia/Bangkok,86.36655903508769,5.641025641025641,5.264957264957265,27.67161771929823
14536,2022-10-11 22:00:00,Asia/Bangkok,88.75748339130435,2.663793103448276,2.267241379310345,25.882348
14537,2022-10-11 23:00:00,Asia/Bangkok,90.6125964957265,5.068376068376068,4.495726495726496,25.79845350427351
14538,2022-10-12 00:00:00,Asia/Bangkok,90.92265886956523,6.146551724137931,5.551724137931035,25.72099339130434
14539,2022-10-12 01:00:00,Asia/Bangkok,91.88784147826094,8.094827586206897,7.318965517241379,25.68321469565218
14540,2022-10-12 02:00:00,Asia/Bangkok,92.26579539130428,4.974137931034483,4.508620689655173,25.63161860869567
14541,2022-10-12 03:00:00,Asia/Bangkok,92.57797155172422,2.620689655172414,2.327586206896552,25.48510241379312
14542,2022-10-12 04:00:00,Asia/Bangkok,91.87409008771928,3.646551724137931,3.267241379310345,25.47890245614034
14543,2022-10-12 05:00:00,Asia/Bangkok,91.72721698275856,5.78448275862069,5.344827586206897,25.26104896551724
14544,2022-10-12 06:00:00,Asia/Bangkok,93.4343909649123,9.241379310344827,8.672413793103448,24.88669640350875
14545,2022-10-12 07:00:00,Asia/Bangkok,94.80562360360362,10.17699115044248,9.778761061946902,24.7664016216216
14546,2022-10-12 08:00:00,Asia/Bangkok,95.19221938596485,10.56896551724138,10.08620689655172,24.98093434782608
14547,2022-10-12 09:00:00,Asia/Bangkok,93.6401619298246,11.39316239316239,10.90598290598291,25.88527389380531
14548,2022-10-12 10:00:00,Asia/Bangkok,83.93510465517244,9.327586206896552,8.89655172413793,28.92220594827587
14549,2022-10-12 11:00:00,Asia/Bangkok,74.23642675438599,13.03448275862069,11.71551724137931,31.19829850877191
14550,2022-10-12 12:00:00,Asia/Bangkok,74.335345,5.833333333333333,5.5,31.33624166666667
14551,2022-10-12 13:00:00,Asia/Bangkok,62.13330553846154,3.045454545454545,2.727272727272727,33.67905545454546
14552,2022-10-12 14:00:00,Asia/Bangkok,64.74093743362829,4.75,4.410714285714286,33.30883522123892
14553,2022-10-12 15:00:00,Asia/Bangkok,63.2053096521739,5.560344827586207,5.146551724137931,33.66097842105264
14554,2022-10-12 16:00:00,Asia/Bangkok,67.44798303571427,12.14655172413793,10.98275862068965,33.4293475892857
14555,2022-10-12 17:00:00,Asia/Bangkok,71.52934982142857,3.226086956521739,2.852173913043478,31.19947767857144
14556,2022-10-12 18:00:00,Asia/Bangkok,81.1179218918919,11.43103448275862,10.4051724137931,28.86622390909088
14557,2022-10-12 19:00:00,Asia/Bangkok,85.29061131578952,13.52991452991453,12.46153846153846,28.04928131578948
14558,2022-10-12 20:00:00,Asia/Bangkok,87.8036905217391,20.12931034482759,19.03448275862069,27.53249582608695
14559,2022-10-12 21:00:00,Asia/Bangkok,87.2032717241379,16.06034482758621,15.08620689655172,27.48860956896549
14560,2022-10-12 22:00:00,Asia/Bangkok,84.93582561403505,6.222222222222222,5.666666666666667,27.36064070796459
14561,2022-10-12 23:00:00,Asia/Bangkok,88.06140780701753,11.83620689655172,11.08620689655172,26.53307421052631
14562,2022-10-13 00:00:00,Asia/Bangkok,90.09665447368423,10.12389380530973,9.601769911504425,26.39159342105262
14563,2022-10-13 01:00:00,Asia/Bangkok,90.63711646551728,9.198275862068966,8.758620689655173,26.22052568965518
14564,2022-10-13 02:00:00,Asia/Bangkok,90.02590730434783,6.422413793103448,5.887931034482759,25.5557320869565
14565,2022-10-13 03:00:00,Asia/Bangkok,92.04597999999999,5.655172413793103,5.241379310344827,25.33608719298245
14566,2022-10-13 04:00:00,Asia/Bangkok,91.66459321739136,4.931034482758621,4.577586206896552,25.41211478260874
14567,2022-10-13 05:00:00,Asia/Bangkok,91.56743842105259,7.086206896551724,6.732758620689655,25.50003601769915
14568,2022-10-13 06:00:00,Asia/Bangkok,90.78463421052632,8.957264957264957,8.504273504273504,25.58913780701756
14569,2022-10-13 07:00:00,Asia/Bangkok,90.9796223893805,9.801724137931034,9.241379310344827,25.56473991150447
14570,2022-10-13 08:00:00,Asia/Bangkok,92.43852741071429,11.21551724137931,10.57758620689655,25.54844250000004
14571,2022-10-13 09:00:00,Asia/Bangkok,93.1620510344828,25.22413793103448,23.71551724137931,25.62894589743589
14572,2022-10-13 10:00:00,Asia/Bangkok,94.04091896551719,9.94017094017094,9.487179487179487,25.69217547826089
14573,2022-10-13 11:00:00,Asia/Bangkok,90.59578407079653,4.21551724137931,3.879310344827586,26.21438619469026
14574,2022-10-13 12:00:00,Asia/Bangkok,82.90404408695652,1.094827586206897,0.7931034482758621,27.87067382608696
14575,2022-10-13 13:00:00,Asia/Bangkok,78.2715772173913,1.75,1.551724137931034,29.72638930434783
14576,2022-10-13 14:00:00,Asia/Bangkok,71.83432730434781,4.956896551724138,4.672413793103448,31.8940224347826
14577,2022-10-13 15:00:00,Asia/Bangkok,67.07238551724137,5.316239316239316,5.017094017094017,32.91066500000001
14578,2022-10-13 16:00:00,Asia/Bangkok,69.26383269565216,8.241379310344827,7.991379310344827,31.97148408695653
14579,2022-10-13 17:00:00,Asia/Bangkok,70.34418633928571,26.3448275862069,24.25,31.69935410714285
14580,2022-10-13 18:00:00,Asia/Bangkok,76.60570009090911,74.59130434782608,64.69565217391305,30.7615992727273
14581,2022-10-13 19:00:00,Asia/Bangkok,77.65402163636362,14.1551724137931,12.92241379310345,29.32782663636364
14582,2022-10-13 20:00:00,Asia/Bangkok,85.86212781818178,4.224137931034483,3.732758620689655,26.60195618181819
14583,2022-10-13 21:00:00,Asia/Bangkok,89.00893991228077,6.396551724137931,5.96551724137931,25.79156745614036
14584,2022-10-13 22:00:00,Asia/Bangkok,90.06965,8.577586206896552,8.189655172413794,25.43275491379309
14585,2022-10-13 23:00:00,Asia/Bangkok,90.70124675675672,10.64347826086957,10.1304347826087,25.58754747747747
14586,2022-10-14 00:00:00,Asia/Bangkok,90.55057310344831,9.517241379310345,8.956896551724139,25.77274129310346
14587,2022-10-14 01:00:00,Asia/Bangkok,89.8302404424779,9.26086956521739,8.721739130434782,25.90365884955752
14588,2022-10-14 02:00:00,Asia/Bangkok,88.98362500000006,8.724137931034482,8.28448275862069,25.78095571428571
14589,2022-10-14 03:00:00,Asia/Bangkok,90.22662160714287,10.78448275862069,10.21551724137931,25.39492383928572
14590,2022-10-14 04:00:00,Asia/Bangkok,90.01938415929203,12.18965517241379,11.58620689655172,25.36569548672563
14591,2022-10-14 05:00:00,Asia/Bangkok,90.54599433628321,13.4051724137931,12.46551724137931,25.00933353982304
14592,2022-10-14 06:00:00,Asia/Bangkok,91.32260410714287,14.0948275862069,13.35344827586207,24.74335648648649
14593,2022-10-14 07:00:00,Asia/Bangkok,91.82364473214284,17.6551724137931,16.76724137931035,24.63437651785715
14594,2022-10-14 08:00:00,Asia/Bangkok,92.50430544642855,16.9051724137931,16.17241379310345,25.21484187500001
14595,2022-10-14 09:00:00,Asia/Bangkok,86.76045438596489,15.56521739130435,14.85217391304348,26.96906403508772
14596,2022-10-14 10:00:00,Asia/Bangkok,78.48590044247791,14.46551724137931,13.81896551724138,29.28837945945946
14597,2022-10-14 11:00:00,Asia/Bangkok,70.86340178571427,9.965811965811966,9.376068376068377,31.07665819819819
14598,2022-10-14 12:00:00,Asia/Bangkok,62.80146230088496,7.853448275862069,7.344827586206897,33.41522309734515
14599,2022-10-14 13:00:00,Asia/Bangkok,60.73375982608695,8.660869565217391,8.330434782608696,33.78141203539821
14600,2022-10-14 14:00:00,Asia/Bangkok,60.61233765217394,9.820512820512821,9.384615384615385,33.82722330434782
14601,2022-10-14 15:00:00,Asia/Bangkok,57.6394030434783,9.408695652173913,8.965217391304348,34.9612478761062
14602,2022-10-14 16:00:00,Asia/Bangkok,66.22980368421054,10.77586206896552,10.35344827586207,32.54276421052631
14603,2022-10-14 17:00:00,Asia/Bangkok,72.41630601769911,21.83760683760684,20.0,31.46072867256636
14604,2022-10-14 18:00:00,Asia/Bangkok,76.99039381818184,27.79824561403509,25.6,30.50633972477066
14605,2022-10-14 19:00:00,Asia/Bangkok,81.27133176991148,50.62393162393163,42.39316239316239,29.66322123893811
14606,2022-10-14 20:00:00,Asia/Bangkok,80.35763561403509,9.905172413793103,8.793103448275861,27.68070649122809
14607,2022-10-14 21:00:00,Asia/Bangkok,85.24309539823007,4.5,4.008620689655173,26.74566690265488
14608,2022-10-14 22:00:00,Asia/Bangkok,89.01410419642856,5.818965517241379,5.396551724137931,26.26873619469029
14609,2022-10-14 23:00:00,Asia/Bangkok,89.83729060869564,6.974358974358974,6.491379310344827,26.18208649122808
14610,2022-10-15 00:00:00,Asia/Bangkok,86.69277818965519,7.189655172413793,6.666666666666667,26.39653672413793
14611,2022-10-15 01:00:00,Asia/Bangkok,86.08768556521741,7.663793103448276,7.051724137931035,26.31466139130437
14612,2022-10-15 02:00:00,Asia/Bangkok,86.94565743589739,8.632478632478632,8.076923076923077,26.14588871794872
14613,2022-10-15 03:00:00,Asia/Bangkok,87.71099938596488,9.155172413793103,8.543103448275861,25.86895956140352
14614,2022-10-15 04:00:00,Asia/Bangkok,88.69808130434785,9.267241379310345,8.663793103448276,25.72800373913043
14615,2022-10-15 05:00:00,Asia/Bangkok,88.95843414414414,8.39655172413793,7.767241379310345,25.30305827272729
14616,2022-10-15 06:00:00,Asia/Bangkok,88.47967973684214,9.051724137931034,8.543103448275861,25.51762368421052
14617,2022-10-15 07:00:00,Asia/Bangkok,89.42045758928569,14.4957264957265,13.5982905982906,25.3066113392857
14618,2022-10-15 08:00:00,Asia/Bangkok,84.8984738392857,7.844827586206897,7.275862068965517,26.35378705357144
14619,2022-10-15 09:00:00,Asia/Bangkok,80.64681563636364,4.895652173913043,4.456140350877193,27.66450693693693
14620,2022-10-15 10:00:00,Asia/Bangkok,73.55098517241382,2.275862068965517,2.017241379310345,30.1172084347826
14621,2022-10-15 11:00:00,Asia/Bangkok,71.56053801724137,3.905172413793104,3.586206896551724,30.69433784482759
14622,2022-10-15 12:00:00,Asia/Bangkok,67.1614607017544,3.208695652173913,3.0,32.0571397368421
14623,2022-10-15 13:00:00,Asia/Bangkok,69.68508543103447,2.025862068965517,1.698275862068966,31.2690097413793
14624,2022-10-15 14:00:00,Asia/Bangkok,74.72501072727273,1.28448275862069,1.051724137931034,30.40770581818183
14625,2022-10-15 15:00:00,Asia/Bangkok,80.44742513761469,3.120689655172414,2.827586206896552,29.75120128440367
14626,2022-10-15 16:00:00,Asia/Bangkok,77.25931477477477,3.28448275862069,2.896551724137931,30.02002477477478
14627,2022-10-15 17:00:00,Asia/Bangkok,75.76193199999999,3.974137931034483,3.551724137931035,30.36917052173913
14628,2022-10-15 18:00:00,Asia/Bangkok,86.60920414414414,5.905172413793103,5.172413793103448,27.02937702702702
14629,2022-10-15 19:00:00,Asia/Bangkok,89.93646972972978,4.815789473684211,4.368421052631579,26.08386531531532
14630,2022-10-15 20:00:00,Asia/Bangkok,89.21778584070793,6.241379310344827,5.836206896551724,26.49344663716814
14631,2022-10-15 21:00:00,Asia/Bangkok,89.94641254545459,8.637931034482758,7.836206896551724,26.38398472727273
14632,2022-10-15 22:00:00,Asia/Bangkok,90.0949731896552,7.267241379310345,6.827586206896552,26.34007043103452
14633,2022-10-15 23:00:00,Asia/Bangkok,90.52722530434781,5.46551724137931,5.120689655172414,25.98268156521739
14634,2022-10-16 00:00:00,Asia/Bangkok,91.59529289473682,6.21551724137931,5.724137931034483,25.67744807017542
14635,2022-10-16 01:00:00,Asia/Bangkok,92.33285008771932,8.17094017094017,7.555555555555555,25.43011122807017
14636,2022-10-16 02:00:00,Asia/Bangkok,91.53042633928567,3.517241379310345,3.181034482758621,25.22662125000003
14637,2022-10-16 03:00:00,Asia/Bangkok,91.70080973214287,2.594827586206896,2.275862068965517,24.99504071428569
14638,2022-10-16 04:00:00,Asia/Bangkok,92.0951084347826,2.427350427350427,2.085470085470086,24.99013052173915
14639,2022-10-16 05:00:00,Asia/Bangkok,91.51450063636364,5.698275862068965,5.163793103448276,25.34204590909089
14640,2022-10-16 06:00:00,Asia/Bangkok,92.0216457017544,5.939655172413793,5.301724137931035,25.22067692982456
14641,2022-10-16 07:00:00,Asia/Bangkok,92.40727061403513,4.495652173913044,4.026086956521739,25.23620605263158
14642,2022-10-16 08:00:00,Asia/Bangkok,91.719052,2.0,1.745614035087719,25.32442063636365
14643,2022-10-16 09:00:00,Asia/Bangkok,88.62743628318584,0.7043478260869566,0.6086956521739131,26.24529592920353
14644,2022-10-16 10:00:00,Asia/Bangkok,82.49771686956522,0.208695652173913,0.1304347826086956,28.06763189655173
14645,2022-10-16 11:00:00,Asia/Bangkok,79.29868182608695,0.8362068965517241,0.6637931034482759,28.75912043859649
14646,2022-10-16 12:00:00,Asia/Bangkok,76.10877526315788,4.793103448275862,4.543103448275862,29.98812719298245
14647,2022-10-16 13:00:00,Asia/Bangkok,70.22089840707962,3.478632478632479,3.273504273504273,31.57536380530973
14648,2022-10-16 14:00:00,Asia/Bangkok,72.82570862068965,4.21551724137931,4.051724137931035,30.81236068965518
14649,2022-10-16 15:00:00,Asia/Bangkok,78.2645410526316,2.743362831858407,2.47787610619469,29.90579175438596
14650,2022-10-16 16:00:00,Asia/Bangkok,85.46475620689655,3.241379310344827,3.03448275862069,27.94562663793104
14651,2022-10-16 17:00:00,Asia/Bangkok,88.29156939655171,2.5,2.327586206896552,27.22709905172413
14652,2022-10-16 18:00:00,Asia/Bangkok,88.13518684210524,2.551724137931035,2.336206896551724,27.15485920353982
14653,2022-10-16 19:00:00,Asia/Bangkok,88.3299414912281,7.112068965517241,6.405172413793103,26.75930324561403
14654,2022-10-16 20:00:00,Asia/Bangkok,89.02384419642851,15.15652173913043,13.67826086956522,26.51081107142857
14655,2022-10-16 21:00:00,Asia/Bangkok,89.85276344827587,15.88793103448276,14.3448275862069,26.24945939655174
14656,2022-10-16 22:00:00,Asia/Bangkok,90.65724324324323,12.53913043478261,11.60869565217391,26.12870468468469
14657,2022-10-16 23:00:00,Asia/Bangkok,91.38116139130439,14.42241379310345,13.63793103448276,25.93115591304349
14658,2022-10-17 00:00:00,Asia/Bangkok,91.97804867256629,17.50862068965517,16.5948275862069,25.79385392857142
14659,2022-10-17 01:00:00,Asia/Bangkok,92.38928534482763,13.55172413793103,12.6695652173913,25.64659275862068
14660,2022-10-17 02:00:00,Asia/Bangkok,92.93685324561406,12.0,11.31623931623932,25.69180692982455
14661,2022-10-17 03:00:00,Asia/Bangkok,93.95363269565217,6.25,5.793103448275862,25.38529530434783
14662,2022-10-17 04:00:00,Asia/Bangkok,93.63383191304345,4.871794871794871,4.256410256410256,25.26417913043478
14663,2022-10-17 05:00:00,Asia/Bangkok,92.9298280357143,4.198275862068965,3.71551724137931,25.33603036036034
14664,2022-10-17 06:00:00,Asia/Bangkok,92.9208581578948,1.930434782608696,1.521739130434783,25.26771219298247
14665,2022-10-17 07:00:00,Asia/Bangkok,92.97052330357144,5.387931034482759,4.741379310344827,25.39783276785712
14666,2022-10-17 08:00:00,Asia/Bangkok,93.54425947368426,7.594827586206897,7.008620689655173,25.64191236842107
14667,2022-10-17 09:00:00,Asia/Bangkok,92.93922205128204,7.957264957264957,7.410256410256411,26.45361769230771
14668,2022-10-17 10:00:00,Asia/Bangkok,85.16805207207204,12.70434782608696,11.75652173913043,28.32116621621621
14669,2022-10-17 11:00:00,Asia/Bangkok,79.59430817391305,6.71551724137931,6.25,29.7708704385965
14670,2022-10-17 12:00:00,Asia/Bangkok,83.55176930434781,2.637931034482758,2.353448275862069,28.89067095652174
14671,2022-10-17 13:00:00,Asia/Bangkok,86.05382894736843,0.5258620689655172,0.3448275862068966,27.70748304347827
14672,2022-10-17 14:00:00,Asia/Bangkok,83.90483603448276,0.8771929824561403,0.6228070175438597,28.29902771929824
14673,2022-10-17 15:00:00,Asia/Bangkok,87.98373250000002,0.5603448275862069,0.4482758620689655,26.65884453703705
14674,2022-10-17 16:00:00,Asia/Bangkok,86.85428592920357,1.21551724137931,0.8793103448275862,27.10686477876106
14675,2022-10-17 17:00:00,Asia/Bangkok,84.85141669642859,2.295652173913044,1.678260869565217,27.163154375
14676,2022-10-17 18:00:00,Asia/Bangkok,86.66901548672567,5.669565217391304,5.043478260869565,27.26947283185842
14677,2022-10-17 19:00:00,Asia/Bangkok,87.99797598214283,22.80172413793104,19.57758620689655,26.84023919642857
14678,2022-10-17 20:00:00,Asia/Bangkok,90.16311869565216,6.269565217391304,5.678260869565217,26.15177104347828
14679,2022-10-17 21:00:00,Asia/Bangkok,90.13766456140354,2.362068965517242,2.094827586206896,25.72003236842107
14680,2022-10-17 22:00:00,Asia/Bangkok,89.79450236363637,0.9741379310344828,0.7672413793103449,25.41912136363637
14681,2022-10-17 23:00:00,Asia/Bangkok,91.40212990825682,4.448275862068965,3.982758620689655,25.36093733944951
14682,2022-10-18 00:00:00,Asia/Bangkok,92.0945243478261,1.560344827586207,1.293103448275862,25.06803443478264
14683,2022-10-18 01:00:00,Asia/Bangkok,92.41360389380534,1.655172413793103,1.28448275862069,24.96565780701754
14684,2022-10-18 02:00:00,Asia/Bangkok,92.84017408695651,1.88034188034188,1.461538461538461,24.83696464912282
14685,2022-10-18 03:00:00,Asia/Bangkok,92.3668594736842,1.965217391304348,1.504347826086956,25.06510756521739
14686,2022-10-18 04:00:00,Asia/Bangkok,91.69647212389384,0.6239316239316239,0.3333333333333333,25.01938339285712
14687,2022-10-18 05:00:00,Asia/Bangkok,90.93768008620692,0.3076923076923077,0.1282051282051282,25.12476586206897
14688,2022-10-18 06:00:00,Asia/Bangkok,92.68741663716818,1.663793103448276,1.310344827586207,24.78076999999998
14689,2022-10-18 07:00:00,Asia/Bangkok,93.2038090265487,3.879310344827586,3.439655172413793,24.88403884955754
14690,2022-10-18 08:00:00,Asia/Bangkok,91.26069099099097,2.310344827586207,1.896551724137931,25.55475495495495
14691,2022-10-18 09:00:00,Asia/Bangkok,85.56144666666667,0.5948275862068966,0.3103448275862069,27.15538873873873
14692,2022-10-18 10:00:00,Asia/Bangkok,81.7005971681416,0.7413793103448276,0.3448275862068966,28.35270415929205
14693,2022-10-18 11:00:00,Asia/Bangkok,78.22681745454544,2.435897435897436,2.128205128205128,29.44881427272728
14694,2022-10-18 12:00:00,Asia/Bangkok,81.93677601769913,0.7413793103448276,0.4827586206896552,28.99622973451327
14695,2022-10-18 13:00:00,Asia/Bangkok,90.37308258620689,0.7435897435897436,0.5811965811965812,26.60572129310345
14696,2022-10-18 14:00:00,Asia/Bangkok,89.97455150442477,1.336206896551724,1.103448275862069,26.99932168141592
14697,2022-10-18 15:00:00,Asia/Bangkok,87.07469163636365,1.78448275862069,1.344827586206897,27.2501254054054
14698,2022-10-18 16:00:00,Asia/Bangkok,86.71214205357145,2.71551724137931,2.439655172413793,27.07905369369367
14699,2022-10-18 17:00:00,Asia/Bangkok,86.3146037614679,3.260869565217391,3.008695652173913,27.14730981651378
14700,2022-10-18 18:00:00,Asia/Bangkok,86.45420132743368,3.370689655172414,2.913793103448276,26.78945318584071
14701,2022-10-18 19:00:00,Asia/Bangkok,87.78282438596494,7.344827586206897,6.646551724137931,26.27779921052631
14702,2022-10-18 20:00:00,Asia/Bangkok,90.31404035087718,8.28448275862069,7.353448275862069,25.82213666666666
14703,2022-10-18 21:00:00,Asia/Bangkok,91.5141834482759,3.931623931623931,3.700854700854701,25.66691931034482
14704,2022-10-18 22:00:00,Asia/Bangkok,91.91126207207209,4.53448275862069,4.094827586206897,25.57563837837843
14705,2022-10-18 23:00:00,Asia/Bangkok,92.93018743119269,4.139130434782609,3.747826086956522,25.15982761467887
14706,2022-10-19 00:00:00,Asia/Bangkok,91.46431736842102,1.615384615384615,1.273504273504273,25.04288885964911
14707,2022-10-19 01:00:00,Asia/Bangkok,91.23094071428571,1.094827586206897,0.8706896551724138,25.10354482142859
14708,2022-10-19 02:00:00,Asia/Bangkok,92.37742428571427,1.896551724137931,1.594827586206897,24.85770785714286
14709,2022-10-19 03:00:00,Asia/Bangkok,93.31447779816511,3.238938053097345,2.955752212389381,24.81513174311929
14710,2022-10-19 04:00:00,Asia/Bangkok,93.32598570175445,3.456896551724138,3.043103448275862,24.86584292035396
14711,2022-10-19 05:00:00,Asia/Bangkok,93.04092840707963,3.582608695652174,3.234782608695652,24.66540238938053
14712,2022-10-19 06:00:00,Asia/Bangkok,93.00406309734511,5.417391304347826,4.982608695652174,24.51589079646018
14713,2022-10-19 07:00:00,Asia/Bangkok,93.65429113043477,6.793103448275862,6.327586206896552,24.6253393043478
14714,2022-10-19 08:00:00,Asia/Bangkok,94.95185339285716,5.0,4.654867256637168,24.988625625
14715,2022-10-19 09:00:00,Asia/Bangkok,93.80573473684208,2.431034482758621,2.120689655172414,25.72232456140351
14716,2022-10-19 10:00:00,Asia/Bangkok,85.56788525862069,2.137931034482758,1.752136752136752,27.7698454310345
14717,2022-10-19 11:00:00,Asia/Bangkok,79.77195824561407,1.172413793103448,0.9137931034482759,29.00931122807016
14718,2022-10-19 12:00:00,Asia/Bangkok,75.6017825663717,1.112068965517241,0.9137931034482759,30.42796830357142
14719,2022-10-19 13:00:00,Asia/Bangkok,76.59670713043475,0.9827586206896551,0.8189655172413793,30.37657817391305
14720,2022-10-19 14:00:00,Asia/Bangkok,74.08643886956521,0.5384615384615384,0.3760683760683761,30.36336626086955
14721,2022-10-19 15:00:00,Asia/Bangkok,77.98588991150444,0.25,0.146551724137931,28.97959415929205
14722,2022-10-19 16:00:00,Asia/Bangkok,79.52181666666668,0.3706896551724138,0.2413793103448276,28.25016491228067
14723,2022-10-19 17:00:00,Asia/Bangkok,81.28874318965515,0.2307692307692308,0.1282051282051282,27.18527103448276
14724,2022-10-19 18:00:00,Asia/Bangkok,79.79987973684212,0.6637931034482759,0.3362068965517241,27.04034157894737
14725,2022-10-19 19:00:00,Asia/Bangkok,81.91854655172412,2.258620689655173,1.862068965517241,26.88007517241381
14726,2022-10-19 20:00:00,Asia/Bangkok,85.85891370689654,4.060344827586207,3.560344827586207,26.2083470689655
14727,2022-10-19 21:00:00,Asia/Bangkok,87.24633526315785,3.974137931034483,3.448275862068965,25.92494219298246
14728,2022-10-19 22:00:00,Asia/Bangkok,89.53556610619464,5.46551724137931,4.836206896551724,25.5199351327434
14729,2022-10-19 23:00:00,Asia/Bangkok,90.3244977678572,3.396551724137931,2.948275862068965,25.35539419642856
14730,2022-10-20 00:00:00,Asia/Bangkok,90.54001339130434,5.316239316239316,4.683760683760684,25.38689385964913
14731,2022-10-20 01:00:00,Asia/Bangkok,91.35069061403507,1.947826086956522,1.6,25.07369078947367
14732,2022-10-20 02:00:00,Asia/Bangkok,91.66664094827587,1.206896551724138,0.8189655172413793,24.91576612068966
14733,2022-10-20 03:00:00,Asia/Bangkok,92.41896885964918,2.568965517241379,2.155172413793104,24.99006596491228
14734,2022-10-20 04:00:00,Asia/Bangkok,93.1434264035088,2.655172413793104,2.28448275862069,24.8971893859649
14735,2022-10-20 05:00:00,Asia/Bangkok,93.42128017391303,1.801724137931034,1.431034482758621,24.62234382608695
14736,2022-10-20 06:00:00,Asia/Bangkok,93.99379730434784,0.5897435897435898,0.4358974358974359,24.5202226956522
14737,2022-10-20 07:00:00,Asia/Bangkok,93.85036008849558,1.474137931034483,1.21551724137931,24.72944327433629
14738,2022-10-20 08:00:00,Asia/Bangkok,94.08927405172422,1.482758620689655,1.310344827586207,25.11680327586206
14739,2022-10-20 09:00:00,Asia/Bangkok,90.41120240740739,0.7264957264957265,0.5042735042735043,26.47948712962964
14740,2022-10-20 10:00:00,Asia/Bangkok,81.84762054054055,1.017241379310345,0.6982758620689655,29.08562702702703
14741,2022-10-20 11:00:00,Asia/Bangkok,73.50455336363636,1.0,0.4434782608695652,30.9221328181818
14742,2022-10-20 12:00:00,Asia/Bangkok,72.18283061946903,1.359649122807018,0.7368421052631579,31.24076999999998
14743,2022-10-20 13:00:00,Asia/Bangkok,70.06990123893807,1.278260869565217,0.9217391304347826,31.76198026548672
14744,2022-10-20 14:00:00,Asia/Bangkok,71.7611892173913,2.448275862068965,1.913793103448276,31.45179226086955
14745,2022-10-20 15:00:00,Asia/Bangkok,85.68932614035086,2.6,2.156521739130435,28.5263799122807
14746,2022-10-20 16:00:00,Asia/Bangkok,86.99819474137931,1.827586206896552,1.5,27.96343895652175
14747,2022-10-20 17:00:00,Asia/Bangkok,87.93320621621625,1.0,0.6052631578947368,26.43572387387388
14748,2022-10-20 18:00:00,Asia/Bangkok,90.20072454545452,3.543103448275862,3.094827586206896,26.35776599999998
14749,2022-10-20 19:00:00,Asia/Bangkok,91.33175928571427,7.888888888888889,7.256410256410256,26.24980812500001
14750,2022-10-20 20:00:00,Asia/Bangkok,91.20615823008846,13.06896551724138,12.20689655172414,26.33767026548671
14751,2022-10-20 21:00:00,Asia/Bangkok,92.03924631578948,18.12931034482759,16.95689655172414,26.2373067256637
14752,2022-10-20 22:00:00,Asia/Bangkok,91.06579000000002,17.25,15.95689655172414,26.18840948275863
14753,2022-10-20 23:00:00,Asia/Bangkok,91.50338276785715,17.0,15.8034188034188,25.85395396396395
14754,2022-10-21 00:00:00,Asia/Bangkok,92.943498,19.60344827586207,18.18965517241379,25.64538765217389
14755,2022-10-21 01:00:00,Asia/Bangkok,93.26904605263158,14.17391304347826,13.35652173913043,25.54297734513277
14756,2022-10-21 02:00:00,Asia/Bangkok,93.2912661403509,10.86086956521739,9.91304347826087,25.41528403508768
14757,2022-10-21 03:00:00,Asia/Bangkok,92.6079074336283,9.564102564102564,9.034188034188034,25.31105867256636
14758,2022-10-21 04:00:00,Asia/Bangkok,92.52483535714289,8.370689655172415,7.810344827586207,25.21977455357143
14759,2022-10-21 05:00:00,Asia/Bangkok,92.51239620689654,9.362068965517242,8.85344827586207,25.00384267241379
14760,2022-10-21 06:00:00,Asia/Bangkok,92.32077196581197,7.692307692307693,7.222222222222222,24.82510094017093
14761,2022-10-21 07:00:00,Asia/Bangkok,92.2933749107143,7.956896551724138,7.422413793103448,24.79382765765764
14762,2022-10-21 08:00:00,Asia/Bangkok,93.30414263157901,7.551724137931035,6.853448275862069,25.17340675438597
14763,2022-10-21 09:00:00,Asia/Bangkok,93.77347147826086,5.96551724137931,5.474137931034483,26.24230782608698
14764,2022-10-21 10:00:00,Asia/Bangkok,90.72448236842104,5.887931034482759,5.5,27.2123203508772
14765,2022-10-21 11:00:00,Asia/Bangkok,86.21310535714288,2.991379310344827,2.586206896551724,28.28028571428573
14766,2022-10-21 12:00:00,Asia/Bangkok,81.74458267857145,1.88034188034188,1.606837606837607,29.72324
14767,2022-10-21 13:00:00,Asia/Bangkok,76.17958646017698,1.827586206896552,1.594827586206897,30.91529681415929
14768,2022-10-21 14:00:00,Asia/Bangkok,74.08586645454547,3.017857142857143,2.75,31.17382263636366
14769,2022-10-21 15:00:00,Asia/Bangkok,72.34355859649125,4.104347826086957,3.721739130434782,31.48004359649121
14770,2022-10-21 16:00:00,Asia/Bangkok,74.37420879310345,5.96551724137931,5.646551724137931,30.92274491379313
14771,2022-10-21 17:00:00,Asia/Bangkok,74.06800098214286,9.878260869565217,9.234782608695653,31.05599482142858
14772,2022-10-21 18:00:00,Asia/Bangkok,76.59039763157895,16.05217391304348,14.61206896551724,30.81574087719299
14773,2022-10-21 19:00:00,Asia/Bangkok,82.18753566371682,110.2456140350877,97.3859649122807,29.44187821428573
14774,2022-10-21 20:00:00,Asia/Bangkok,86.09591269565217,20.11206896551724,17.92241379310345,28.42851599999998
14775,2022-10-21 21:00:00,Asia/Bangkok,85.25393631578949,22.06034482758621,20.01724137931035,27.69241824561405
14776,2022-10-21 22:00:00,Asia/Bangkok,85.94287972972974,30.50427350427351,26.22222222222222,27.29677108108107
14777,2022-10-21 23:00:00,Asia/Bangkok,87.53210736842105,7.53448275862069,6.931034482758621,27.23902421052633
14778,2022-10-22 00:00:00,Asia/Bangkok,90.84657115044243,11.68103448275862,10.62931034482759,26.66831991150442
14779,2022-10-22 01:00:00,Asia/Bangkok,91.2669056756757,9.681034482758621,8.775862068965518,26.46206567567567
14780,2022-10-22 02:00:00,Asia/Bangkok,91.2664864912281,7.871794871794871,7.282051282051282,26.31031210526316
14781,2022-10-22 03:00:00,Asia/Bangkok,91.1293507964602,8.560344827586206,7.879310344827586,26.0708714159292
14782,2022-10-22 04:00:00,Asia/Bangkok,91.41030043478261,15.23275862068965,13.06896551724138,26.0083543859649
14783,2022-10-22 05:00:00,Asia/Bangkok,91.8069770175439,20.5948275862069,18.57758620689655,25.94335201754387
14784,2022-10-22 06:00:00,Asia/Bangkok,93.05784089285717,13.54700854700855,12.58119658119658,25.80317633928571
14785,2022-10-22 07:00:00,Asia/Bangkok,93.72780928571434,11.42241379310345,10.8,25.58695000000002
14786,2022-10-22 08:00:00,Asia/Bangkok,93.22810315315321,9.948275862068966,9.512820512820513,25.81358657657658
14787,2022-10-22 09:00:00,Asia/Bangkok,93.01773713043478,10.35344827586207,9.89655172413793,26.00750339130436
14788,2022-10-22 10:00:00,Asia/Bangkok,92.99470705357142,11.14655172413793,10.61206896551724,26.23695723214285
14789,2022-10-22 11:00:00,Asia/Bangkok,91.4927211403509,10.38260869565217,9.878260869565217,26.96354238938051
14790,2022-10-22 12:00:00,Asia/Bangkok,87.51727607142855,9.293103448275861,8.870689655172415,27.86569639639637
14791,2022-10-22 13:00:00,Asia/Bangkok,85.75324243243237,8.695652173913043,8.4,28.222819009009
14792,2022-10-22 14:00:00,Asia/Bangkok,84.11830417391303,6.572649572649572,6.188034188034188,28.71278060869568
14793,2022-10-22 15:00:00,Asia/Bangkok,82.71354,7.275862068965517,6.939655172413793,28.96622799999998
14794,2022-10-22 16:00:00,Asia/Bangkok,82.45445224137937,8.991379310344827,8.336206896551724,29.36584724137931
14795,2022-10-22 17:00:00,Asia/Bangkok,83.0425016666667,8.743589743589743,8.379310344827585,29.27969271929825
14796,2022-10-22 18:00:00,Asia/Bangkok,84.81026782608697,4.991304347826087,4.594827586206897,28.43759660869564
14797,2022-10-22 19:00:00,Asia/Bangkok,87.57056796460178,9.85344827586207,9.017241379310345,27.61611999999998
14798,2022-10-22 20:00:00,Asia/Bangkok,88.66806401785719,10.83620689655172,9.913793103448276,27.58082616071431
14799,2022-10-22 21:00:00,Asia/Bangkok,89.72527249999996,11.92307692307692,10.78632478632479,27.47686913793102
14800,2022-10-22 22:00:00,Asia/Bangkok,88.68338824561403,2.922413793103448,2.689655172413793,26.57688884955752
14801,2022-10-22 23:00:00,Asia/Bangkok,89.90847354545448,0.9224137931034483,0.6810344827586207,25.99525527272728
14802,2022-10-23 00:00:00,Asia/Bangkok,91.35102754385964,2.03448275862069,1.801724137931034,25.75530859649125
14803,2022-10-23 01:00:00,Asia/Bangkok,91.40088449541281,2.131578947368421,1.771929824561403,25.74017981481483
14804,2022-10-23 02:00:00,Asia/Bangkok,91.6304427192982,2.646551724137931,2.25,25.65453859649126
14805,2022-10-23 03:00:00,Asia/Bangkok,91.97785920353982,3.530434782608696,3.113043478260869,25.3022394736842
14806,2022-10-23 04:00:00,Asia/Bangkok,91.77189956521737,3.887931034482758,3.405172413793104,25.24712280701756
14807,2022-10-23 05:00:00,Asia/Bangkok,92.11235982758629,4.78448275862069,4.241379310344827,25.1950250862069
14808,2022-10-23 06:00:00,Asia/Bangkok,93.05397017857146,5.318965517241379,4.827586206896552,25.09827580357145
14809,2022-10-23 07:00:00,Asia/Bangkok,93.90429123893801,3.939655172413793,3.448275862068965,24.92844132743362
14810,2022-10-23 08:00:00,Asia/Bangkok,95.0258263478261,2.758620689655173,2.387931034482758,25.00315547826088
14811,2022-10-23 09:00:00,Asia/Bangkok,92.04414456896554,2.213675213675214,1.948717948717949,25.93871439655172
14812,2022-10-23 10:00:00,Asia/Bangkok,83.06517605263157,0.8189655172413793,0.5862068965517241,28.15108280701756
14813,2022-10-23 11:00:00,Asia/Bangkok,77.37672217391302,0.8017241379310345,0.6379310344827587,29.87123660869564
14814,2022-10-23 12:00:00,Asia/Bangkok,71.96899078260867,1.085470085470085,0.8974358974358975,31.27051182608694
14815,2022-10-23 13:00:00,Asia/Bangkok,68.18338651785714,0.2844827586206897,0.1551724137931035,33.39179473214286
14816,2022-10-23 14:00:00,Asia/Bangkok,66.18614017391307,0.08620689655172414,0.008620689655172414,33.34621817391305
14817,2022-10-23 15:00:00,Asia/Bangkok,64.07433104347828,0.04347826086956522,0.0,33.50629721739131
14818,2022-10-23 16:00:00,Asia/Bangkok,65.97304709401709,2.666666666666667,2.111111111111111,33.1303005172414
14819,2022-10-23 17:00:00,Asia/Bangkok,72.1322842857143,3.356521739130435,2.886956521739131,31.52438162162162
14820,2022-10-23 18:00:00,Asia/Bangkok,79.64510500000003,7.258620689655173,6.456896551724138,29.88288883928571
14821,2022-10-23 19:00:00,Asia/Bangkok,82.32159849557526,21.87179487179487,19.87179487179487,29.11544796460174
14822,2022-10-23 20:00:00,Asia/Bangkok,80.36275482142852,8.626086956521739,7.947826086956522,28.81976169642859
14823,2022-10-23 21:00:00,Asia/Bangkok,82.63750772727275,7.189655172413793,6.646551724137931,28.14804918181816
14824,2022-10-23 22:00:00,Asia/Bangkok,85.24160586206894,7.232758620689655,6.724137931034483,27.47901086206896
14825,2022-10-23 23:00:00,Asia/Bangkok,86.00059070796462,5.683760683760684,5.153846153846154,26.92899389380533
14826,2022-10-24 00:00:00,Asia/Bangkok,85.84678008928572,5.172413793103448,4.724137931034483,26.66147473214285
14827,2022-10-24 01:00:00,Asia/Bangkok,87.60156821428576,5.568965517241379,5.051724137931035,26.44131035714287
14828,2022-10-24 02:00:00,Asia/Bangkok,88.6203035964912,6.189655172413793,5.577586206896552,25.98593798245612
14829,2022-10-24 03:00:00,Asia/Bangkok,89.13371035714293,6.652173913043478,6.078260869565217,25.94707756756759
14830,2022-10-24 04:00:00,Asia/Bangkok,88.20157628318584,4.586206896551724,4.189655172413793,25.73689265486728
14831,2022-10-24 05:00:00,Asia/Bangkok,87.98843769911502,6.570175438596491,5.973684210526316,25.58851557522126
14832,2022-10-24 06:00:00,Asia/Bangkok,88.80043478260866,11.76724137931035,11.12068965517241,25.165745877193
14833,2022-10-24 07:00:00,Asia/Bangkok,90.33716119266053,9.025862068965518,8.155172413793103,24.91520981651374
14834,2022-10-24 08:00:00,Asia/Bangkok,90.97028728070175,5.827586206896552,5.28448275862069,25.14222921052631
14835,2022-10-24 09:00:00,Asia/Bangkok,87.6105580701754,4.615384615384615,4.162393162393163,26.18183254385967
14836,2022-10-24 10:00:00,Asia/Bangkok,81.43695371681413,3.721739130434782,3.278260869565218,28.14359185840709
14837,2022-10-24 11:00:00,Asia/Bangkok,70.35805210526317,1.560344827586207,1.198275862068966,31.35176646017698
14838,2022-10-24 12:00:00,Asia/Bangkok,67.00515139130434,2.431034482758621,2.060344827586207,32.38638434782609
14839,2022-10-24 13:00:00,Asia/Bangkok,70.24005034782608,4.387931034482759,3.896551724137931,31.47681210526315
14840,2022-10-24 14:00:00,Asia/Bangkok,65.66875398230088,3.350877192982456,2.878260869565217,33.37129176991152
14841,2022-10-24 15:00:00,Asia/Bangkok,64.06122238938053,3.208695652173913,2.878260869565217,33.8334251327434
14842,2022-10-24 16:00:00,Asia/Bangkok,67.82497819819818,4.629310344827586,4.189655172413793,33.24253549549547
14843,2022-10-24 17:00:00,Asia/Bangkok,74.93866333333332,7.120689655172414,6.52991452991453,31.8434184210526
14844,2022-10-24 18:00:00,Asia/Bangkok,79.22648586206898,21.54310344827586,18.77586206896552,30.56993078947367
14845,2022-10-24 19:00:00,Asia/Bangkok,80.51544640350876,31.26724137931035,27.54310344827586,29.42658675438594
14846,2022-10-24 20:00:00,Asia/Bangkok,81.96792173913045,52.56034482758621,45.30172413793103,29.22314793103448
14847,2022-10-24 21:00:00,Asia/Bangkok,85.1391731896552,37.64957264957265,32.70940170940171,28.56876660869567
14848,2022-10-24 22:00:00,Asia/Bangkok,85.45092289473682,18.12068965517241,16.75862068965517,28.40410771929825
14849,2022-10-24 23:00:00,Asia/Bangkok,83.67299271929822,6.068965517241379,5.655172413793103,27.87079342105261
14850,2022-10-25 00:00:00,Asia/Bangkok,84.48881605263158,4.293103448275862,3.974137931034483,27.6441895614035
14851,2022-10-25 01:00:00,Asia/Bangkok,86.91336293103446,3.870689655172414,3.482758620689655,26.96165853448275
14852,2022-10-25 02:00:00,Asia/Bangkok,87.75846413793109,5.775862068965517,5.094827586206897,26.90265767241382
14853,2022-10-25 03:00:00,Asia/Bangkok,88.48511684684685,7.46551724137931,6.775862068965517,26.70025576576576
14854,2022-10-25 04:00:00,Asia/Bangkok,89.58158463636362,9.85344827586207,9.163793103448276,26.30101063636366
14855,2022-10-25 05:00:00,Asia/Bangkok,89.45483824561398,9.474137931034482,8.931034482758621,26.37034833333333
14856,2022-10-25 06:00:00,Asia/Bangkok,89.39880807017545,9.293103448275861,8.758620689655173,26.26686105263157
14857,2022-10-25 07:00:00,Asia/Bangkok,90.42055,12.13157894736842,11.3421052631579,26.18209749999998
14858,2022-10-25 08:00:00,Asia/Bangkok,92.44164438596498,14.89655172413793,14.1551724137931,26.12898088495577
14859,2022-10-25 09:00:00,Asia/Bangkok,90.18826078947369,11.00862068965517,10.25862068965517,27.34935114035087
14860,2022-10-25 10:00:00,Asia/Bangkok,81.18127570175436,6.793103448275862,6.189655172413793,29.36591754385966
14861,2022-10-25 11:00:00,Asia/Bangkok,70.09798831858407,6.181034482758621,5.672413793103448,32.57000345132743
14862,2022-10-25 12:00:00,Asia/Bangkok,67.09297189655173,6.863247863247863,6.299145299145299,33.29673551724138
14863,2022-10-25 13:00:00,Asia/Bangkok,67.70240973913042,3.870689655172414,3.5,32.88341547826086
14864,2022-10-25 14:00:00,Asia/Bangkok,65.61425345132743,3.189655172413793,2.922413793103448,33.26159681415928
14865,2022-10-25 15:00:00,Asia/Bangkok,63.62324747747748,3.786324786324786,3.452991452991453,33.84853315315317
14866,2022-10-25 16:00:00,Asia/Bangkok,67.27412407079649,6.862068965517241,6.275862068965517,33.31918646017699
14867,2022-10-25 17:00:00,Asia/Bangkok,71.5893089380531,9.307017543859649,8.736842105263158,32.30037053097345
14868,2022-10-25 18:00:00,Asia/Bangkok,72.74361425925923,7.53448275862069,6.887931034482759,32.21211185185185
14869,2022-10-25 19:00:00,Asia/Bangkok,75.08470710526316,24.07758620689655,22.06034482758621,30.72459824561403
14870,2022-10-25 20:00:00,Asia/Bangkok,80.29192956140348,20.44827586206896,18.86206896551724,29.41067982456139
14871,2022-10-25 21:00:00,Asia/Bangkok,80.48002252173917,12.54782608695652,11.81896551724138,29.27628599999998
14872,2022-10-25 22:00:00,Asia/Bangkok,81.3775547368421,11.96460176991151,11.28318584070797,28.99010298245614
14873,2022-10-25 23:00:00,Asia/Bangkok,85.02980601769913,11.70434782608696,10.99130434782609,28.21103451327436
14874,2022-10-26 00:00:00,Asia/Bangkok,86.58071548672564,12.62931034482759,11.93965517241379,27.94267982300884
14875,2022-10-26 01:00:00,Asia/Bangkok,88.93977973684207,16.61739130434783,15.64347826086957,27.54072464912278
14876,2022-10-26 02:00:00,Asia/Bangkok,88.78640178571428,16.1551724137931,15.31896551724138,27.45589357142857
14877,2022-10-26 03:00:00,Asia/Bangkok,88.35383756521735,18.0948275862069,16.94827586206896,27.34255521739127
14878,2022-10-26 04:00:00,Asia/Bangkok,89.74349176991144,12.9304347826087,12.32173913043478,26.93672185840713
14879,2022-10-26 05:00:00,Asia/Bangkok,89.84485469565216,10.9051724137931,10.17241379310345,26.69218095652174
14880,2022-10-26 06:00:00,Asia/Bangkok,89.9977114912281,11.38793103448276,10.57758620689655,26.46157035398231
14881,2022-10-26 07:00:00,Asia/Bangkok,91.02263112068968,11.09401709401709,10.33333333333333,26.20862112068965
14882,2022-10-26 08:00:00,Asia/Bangkok,92.7079632758621,11.94827586206897,11.06896551724138,26.51269568965517
14883,2022-10-26 09:00:00,Asia/Bangkok,89.13775956896556,9.844827586206897,9.043103448275861,28.07023370689654
14884,2022-10-26 10:00:00,Asia/Bangkok,79.35260678260867,11.31034482758621,10.25,30.62587086956521
14885,2022-10-26 11:00:00,Asia/Bangkok,70.25565405172412,16.44827586206896,15.86324786324786,32.56119698275862
14886,2022-10-26 12:00:00,Asia/Bangkok,65.66997783783783,31.14655172413793,29.57758620689655,33.49636225225227
14887,2022-10-26 13:00:00,Asia/Bangkok,66.18432035087717,32.78448275862069,30.74137931034483,33.37775921052632
14888,2022-10-26 14:00:00,Asia/Bangkok,65.89664008849556,37.99137931034483,33.88793103448276,33.18841088495574
14889,2022-10-26 15:00:00,Asia/Bangkok,64.92877105263157,39.5982905982906,34.76923076923077,33.53001421052632
14890,2022-10-26 16:00:00,Asia/Bangkok,66.39156201754385,41.48275862068966,36.16379310344828,33.02349701754385
14891,2022-10-26 17:00:00,Asia/Bangkok,69.55554815789473,40.26495726495727,35.22222222222222,32.36741105263157
14892,2022-10-26 18:00:00,Asia/Bangkok,74.33329887931036,78.51724137931035,71.0,31.56037663793104
14893,2022-10-26 19:00:00,Asia/Bangkok,80.28974817391305,151.7964601769912,140.6991150442478,30.09658756521738
14894,2022-10-26 20:00:00,Asia/Bangkok,84.25204684210532,128.5258620689655,119.5775862068966,29.50917789473686
14895,2022-10-26 21:00:00,Asia/Bangkok,82.74824172413796,51.73504273504273,43.2991452991453,29.13194293103449
14896,2022-10-26 22:00:00,Asia/Bangkok,88.13028754385961,31.95689655172414,30.10344827586207,27.29751464912281
14897,2022-10-26 23:00:00,Asia/Bangkok,90.78295234782607,27.72413793103448,26.68965517241379,26.26875660869567
14898,2022-10-27 00:00:00,Asia/Bangkok,89.45203000000004,19.76724137931035,19.14655172413793,26.15652956896551
14899,2022-10-27 01:00:00,Asia/Bangkok,89.33314017241382,16.62931034482759,16.10344827586207,26.22370791304347
14900,2022-10-27 02:00:00,Asia/Bangkok,90.55513454545456,17.55172413793104,16.91379310344828,25.71635572727272
14901,2022-10-27 03:00:00,Asia/Bangkok,90.34872017699114,24.41379310344828,22.24137931034483,25.93277230088495
14902,2022-10-27 04:00:00,Asia/Bangkok,90.56834153153154,16.38461538461538,15.64957264957265,25.57740109090913
14903,2022-10-27 05:00:00,Asia/Bangkok,90.7423635652174,14.89655172413793,14.23275862068965,25.5995968695652
14904,2022-10-27 06:00:00,Asia/Bangkok,91.49404789473682,14.4051724137931,13.75862068965517,25.46555149122809
14905,2022-10-27 07:00:00,Asia/Bangkok,91.86786839285716,18.07758620689655,17.21551724137931,25.47281589285716
14906,2022-10-27 08:00:00,Asia/Bangkok,92.49102026548668,20.29310344827586,19.4051724137931,25.94950451327434
14907,2022-10-27 09:00:00,Asia/Bangkok,89.59234849557522,27.68103448275862,26.30172413793104,27.0649214159292
14908,2022-10-27 10:00:00,Asia/Bangkok,85.42105009009009,28.5948275862069,27.27586206896552,28.65626300000001
14909,2022-10-27 11:00:00,Asia/Bangkok,78.8206392920354,32.29565217391304,30.33913043478261,30.4781914159292
14910,2022-10-27 12:00:00,Asia/Bangkok,71.99792912280702,30.03448275862069,28.72413793103448,32.61610570175439
14911,2022-10-27 13:00:00,Asia/Bangkok,81.98389098214288,22.13793103448276,21.18103448275862,28.42757099099099
14912,2022-10-27 14:00:00,Asia/Bangkok,90.62823913043479,24.26724137931035,23.38793103448276,26.98414747826086
14913,2022-10-27 15:00:00,Asia/Bangkok,89.91536571428574,25.78632478632479,24.52991452991453,27.53912243243242
14914,2022-10-27 16:00:00,Asia/Bangkok,87.16305228070169,23.61206896551724,22.68103448275862,28.42483833333333
14915,2022-10-27 17:00:00,Asia/Bangkok,86.84328280701752,23.73275862068965,22.93965517241379,28.34200947368422
14916,2022-10-27 18:00:00,Asia/Bangkok,88.12947341880344,26.88034188034188,25.93162393162393,28.01477811965812
14917,2022-10-27 19:00:00,Asia/Bangkok,89.57053921739124,31.9051724137931,29.96551724137931,27.64177026086957
14918,2022-10-27 20:00:00,Asia/Bangkok,90.45912043859649,33.0,30.63793103448276,27.29299359649121
14919,2022-10-27 21:00:00,Asia/Bangkok,90.9668461403509,42.92241379310344,36.93103448275862,27.11836561403508
14920,2022-10-27 22:00:00,Asia/Bangkok,91.4869935652174,41.60683760683761,35.77777777777778,26.94541591304347
14921,2022-10-27 23:00:00,Asia/Bangkok,91.81853633928574,36.41379310344828,32.80172413793103,26.81618455357145
14922,2022-10-28 00:00:00,Asia/Bangkok,91.56873657894737,43.25862068965517,36.93103448275862,26.66956929824562
14923,2022-10-28 01:00:00,Asia/Bangkok,91.48269063063066,41.75,35.78448275862069,26.60590369369369
14924,2022-10-28 02:00:00,Asia/Bangkok,91.61758408695655,40.38461538461539,35.15384615384615,26.45941686956522
14925,2022-10-28 03:00:00,Asia/Bangkok,91.393015877193,38.71551724137931,34.14655172413793,26.3238468141593
14926,2022-10-28 04:00:00,Asia/Bangkok,91.69553421052632,37.93103448275862,33.55172413793103,26.14189228070174
14927,2022-10-28 05:00:00,Asia/Bangkok,91.8734706956522,38.22222222222222,33.72649572649573,25.99429008695652
14928,2022-10-28 06:00:00,Asia/Bangkok,91.95198681415927,37.53448275862069,33.39655172413793,25.77201256637166
14929,2022-10-28 07:00:00,Asia/Bangkok,91.85619380530974,43.15384615384615,36.69230769230769,25.72652238938053
14930,2022-10-28 08:00:00,Asia/Bangkok,92.67603070175436,46.72413793103448,39.33620689655172,26.12508221238938
14931,2022-10-28 09:00:00,Asia/Bangkok,89.5122141025641,37.30769230769231,33.39316239316239,27.7394847008547
14932,2022-10-28 10:00:00,Asia/Bangkok,81.8134687931035,27.94827586206896,26.43965517241379,29.57821043103449
14933,2022-10-28 11:00:00,Asia/Bangkok,79.21734734513274,23.41379310344828,22.62068965517241,30.14021513274337
14934,2022-10-28 12:00:00,Asia/Bangkok,83.19557104347825,28.08620689655172,27.0,29.43382629310341
14935,2022-10-28 13:00:00,Asia/Bangkok,86.20072295652173,13.35042735042735,12.47863247863248,27.63034464912281
14936,2022-10-28 14:00:00,Asia/Bangkok,91.15724877192983,8.64655172413793,8.051724137931034,26.2280661061947
14937,2022-10-28 15:00:00,Asia/Bangkok,92.41221389380532,6.21551724137931,5.681034482758621,26.15577946902656
14938,2022-10-28 16:00:00,Asia/Bangkok,90.99613787610616,4.879310344827586,4.560344827586207,26.8217557522124
14939,2022-10-28 17:00:00,Asia/Bangkok,89.86728732142855,9.547008547008547,8.871794871794872,27.20192098214287
14940,2022-10-28 18:00:00,Asia/Bangkok,90.58126165137615,13.63392857142857,12.91964285714286,27.10862779816513
14941,2022-10-28 19:00:00,Asia/Bangkok,91.57607946428573,14.82608695652174,14.00869565217391,26.84801428571428
14942,2022-10-28 20:00:00,Asia/Bangkok,92.17329371681411,18.8,17.4,26.69835761061947
14943,2022-10-28 21:00:00,Asia/Bangkok,91.80421648648648,29.83333333333333,25.80769230769231,26.50017835616438
14944,2022-10-28 22:00:00,Asia/Bangkok,91.7413297247707,49.0,36.05217391304348,26.17744256880733
14945,2022-10-28 23:00:00,Asia/Bangkok,91.85459900900896,45.97413793103448,35.39655172413793,25.93822450450449
14946,2022-10-29 00:00:00,Asia/Bangkok,92.28800723214285,51.54310344827586,40.57758620689656,25.77335017857142
14947,2022-10-29 01:00:00,Asia/Bangkok,93.61650771929823,25.13793103448276,22.48275862068965,25.77161166666667
14948,2022-10-29 02:00:00,Asia/Bangkok,95.01332660869565,15.81034482758621,15.00854700854701,25.4277411304348
14949,2022-10-29 03:00:00,Asia/Bangkok,95.11898709090906,15.02586206896552,14.1551724137931,25.28915633027523
14950,2022-10-29 04:00:00,Asia/Bangkok,94.6735693859649,13.29310344827586,12.5948275862069,25.33667412280699
14951,2022-10-29 05:00:00,Asia/Bangkok,94.37967118181815,3.758620689655173,3.137931034482758,24.69524018181819
14952,2022-10-29 06:00:00,Asia/Bangkok,93.26689713043477,3.870689655172414,3.206896551724138,24.80582669565218
14953,2022-10-29 07:00:00,Asia/Bangkok,92.72617303571425,2.086206896551724,1.827586206896552,24.91838535714286
14954,2022-10-29 08:00:00,Asia/Bangkok,93.37314315789469,3.301724137931035,3.060344827586207,25.26595570175438
14955,2022-10-29 09:00:00,Asia/Bangkok,93.64150191304347,3.482758620689655,3.137931034482758,25.95354017391305
14956,2022-10-29 10:00:00,Asia/Bangkok,92.08420771929822,8.0,7.663793103448276,26.53312140350877
14957,2022-10-29 11:00:00,Asia/Bangkok,86.03792696428572,1.946902654867257,1.663716814159292,27.68050973214285
14958,2022-10-29 12:00:00,Asia/Bangkok,82.29939785714292,2.153846153846154,1.854700854700855,29.04621562499998
14959,2022-10-29 13:00:00,Asia/Bangkok,76.13415383928573,1.869565217391304,1.643478260869565,31.06400867256636
14960,2022-10-29 14:00:00,Asia/Bangkok,74.61811660869567,2.741379310344827,2.405172413793104,31.28349060869564
14961,2022-10-29 15:00:00,Asia/Bangkok,74.59646439655168,2.871794871794872,2.431034482758621,31.02156767241379
14962,2022-10-29 16:00:00,Asia/Bangkok,71.1129776146789,3.413793103448276,2.965811965811966,31.37627444444444
14963,2022-10-29 17:00:00,Asia/Bangkok,70.23037140350878,3.896551724137931,3.336206896551724,30.85717719298246
14964,2022-10-29 18:00:00,Asia/Bangkok,75.15670715517243,4.879310344827586,4.318965517241379,29.32208836206896
14965,2022-10-29 19:00:00,Asia/Bangkok,81.07217776785713,12.56896551724138,11.74137931034483,28.44520107142856
14966,2022-10-29 20:00:00,Asia/Bangkok,85.28437473684214,51.54782608695652,42.31304347826087,27.49434561403507
14967,2022-10-29 21:00:00,Asia/Bangkok,87.32434433628327,31.25,28.16379310344828,27.00684758928571
14968,2022-10-29 22:00:00,Asia/Bangkok,89.08747791304346,31.8974358974359,28.68376068376068,26.90503721739127
14969,2022-10-29 23:00:00,Asia/Bangkok,89.28876844036697,30.73275862068965,28.25,26.97503908256881
14970,2022-10-30 00:00:00,Asia/Bangkok,89.57043298245614,26.63247863247863,24.94871794871795,26.75654043859647
14971,2022-10-30 01:00:00,Asia/Bangkok,90.04351365217387,22.35344827586207,21.20689655172414,26.52032182608697
14972,2022-10-30 02:00:00,Asia/Bangkok,90.15659531531527,21.41739130434783,20.22608695652174,26.42290162162162
14973,2022-10-30 03:00:00,Asia/Bangkok,90.43853160714283,17.64655172413793,16.5,26.21591297297297
14974,2022-10-30 04:00:00,Asia/Bangkok,90.53082080357142,19.08695652173913,17.74782608695652,25.87756196428573
14975,2022-10-30 05:00:00,Asia/Bangkok,91.12044309090912,20.04385964912281,18.64035087719298,25.69186218181817
14976,2022-10-30 06:00:00,Asia/Bangkok,91.01390778761059,16.43103448275862,15.51724137931035,25.30491451327437
14977,2022-10-30 07:00:00,Asia/Bangkok,90.92163236842107,13.45217391304348,12.53913043478261,25.06624245614036
14978,2022-10-30 08:00:00,Asia/Bangkok,90.8966002631579,13.41379310344828,12.54310344827586,25.69351324561405
14979,2022-10-30 09:00:00,Asia/Bangkok,82.1465453043478,9.689655172413794,8.974137931034482,28.86835504347826
14980,2022-10-30 10:00:00,Asia/Bangkok,75.29945807017545,10.08620689655172,9.327586206896552,30.59014473684211
14981,2022-10-30 11:00:00,Asia/Bangkok,74.04891521739128,11.52991452991453,10.84615384615385,30.8866116521739
14982,2022-10-30 12:00:00,Asia/Bangkok,73.3515513043478,20.31034482758621,18.50862068965517,31.00895930434781
14983,2022-10-30 13:00:00,Asia/Bangkok,73.17332652173914,32.37068965517241,29.38793103448276,31.29103904347825
14984,2022-10-30 14:00:00,Asia/Bangkok,74.33816649122808,63.56034482758621,57.08620689655172,31.06424526315788
14985,2022-10-30 15:00:00,Asia/Bangkok,73.81065077586207,41.82051282051282,37.13675213675214,31.15275905172414
14986,2022-10-30 16:00:00,Asia/Bangkok,73.08422008849558,30.44347826086956,27.04347826086957,31.32984868421051
14987,2022-10-30 17:00:00,Asia/Bangkok,75.50762426086958,17.0948275862069,16.17241379310345,30.24289991304348
14988,2022-10-30 18:00:00,Asia/Bangkok,79.79826217391303,26.93103448275862,24.58620689655172,29.44704965217391
14989,2022-10-30 19:00:00,Asia/Bangkok,83.68334431034485,34.8034188034188,31.42735042735043,28.95866008695654
14990,2022-10-30 20:00:00,Asia/Bangkok,85.4532581034483,31.00862068965517,28.88793103448276,28.60220573913045
14991,2022-10-30 21:00:00,Asia/Bangkok,86.73625342105261,61.9059829059829,56.27350427350427,28.0715097368421
14992,2022-10-30 22:00:00,Asia/Bangkok,87.5136246428572,47.35344827586207,39.52586206896552,27.70404410714288
14993,2022-10-30 23:00:00,Asia/Bangkok,88.84566999999996,42.1551724137931,35.78448275862069,27.10984114035088
14994,2022-10-31 00:00:00,Asia/Bangkok,90.77850324561402,8.162393162393162,7.517241379310345,26.09457535087721
14995,2022-10-31 01:00:00,Asia/Bangkok,92.0799078378378,6.991379310344827,6.538461538461538,25.45809522522523
14996,2022-10-31 02:00:00,Asia/Bangkok,91.0769464814815,7.543103448275862,7.086206896551724,25.54010766355144
14997,2022-10-31 03:00:00,Asia/Bangkok,89.98188655172417,8.439655172413794,8.172413793103448,25.49921663793104
14998,2022-10-31 04:00:00,Asia/Bangkok,90.44213421052628,7.153846153846154,6.752136752136752,25.42252280701752
14999,2022-10-31 05:00:00,Asia/Bangkok,91.02751454545454,8.301724137931034,7.982758620689655,25.34797027272725
15000,2022-10-31 06:00:00,Asia/Bangkok,91.33163931034484,9.293103448275861,8.75,25.29293370689655
15001,2022-10-31 07:00:00,Asia/Bangkok,91.47368426086955,10.17241379310345,9.689655172413794,25.44831469565219
15002,2022-10-31 08:00:00,Asia/Bangkok,92.15849571428568,13.28318584070797,12.61061946902655,25.67127982142856
15003,2022-10-31 09:00:00,Asia/Bangkok,91.37398026548671,15.93162393162393,15.02586206896552,26.50873787610619
15004,2022-10-31 10:00:00,Asia/Bangkok,86.25458853211013,13.91304347826087,13.25,28.16355642201837
15005,2022-10-31 11:00:00,Asia/Bangkok,77.96578353982298,11.17241379310345,10.6551724137931,30.46680106194688
15006,2022-10-31 12:00:00,Asia/Bangkok,71.5298523893805,9.869565217391305,9.295652173913043,31.87642575221238
15007,2022-10-31 13:00:00,Asia/Bangkok,68.68647508620691,8.666666666666666,8.11111111111111,32.28843120689656
15008,2022-10-31 14:00:00,Asia/Bangkok,69.66093309734512,10.61739130434783,10.19130434782609,32.12039504424779
15009,2022-10-31 15:00:00,Asia/Bangkok,76.54920504347824,14.66379310344828,13.97413793103448,30.49702234782609
15010,2022-10-31 16:00:00,Asia/Bangkok,76.54757132743363,16.02631578947368,15.35652173913043,30.63602424778763
15011,2022-10-31 17:00:00,Asia/Bangkok,80.4858443362832,10.82758620689655,10.36206896551724,29.25221754385966
15012,2022-10-31 18:00:00,Asia/Bangkok,82.50517637931038,16.1551724137931,15.43103448275862,28.86845698275863
15013,2022-10-31 19:00:00,Asia/Bangkok,85.13944173469392,27.96,25.95959595959596,28.29420397959184
15014,2022-10-31 20:00:00,Asia/Bangkok,87.10968165217393,51.60344827586207,43.81034482758621,27.74106199999998
15015,2022-10-31 21:00:00,Asia/Bangkok,87.45460990990992,34.55172413793103,31.46551724137931,27.70891972972974
15016,2022-10-31 22:00:00,Asia/Bangkok,88.32745342342339,42.76724137931034,36.76724137931034,27.16260531531528
15017,2022-10-31 23:00:00,Asia/Bangkok,88.45182241071434,51.98290598290598,43.1965811965812,26.9476244642857
15018,2022-11-01 00:00:00,Asia/Bangkok,88.85963205357146,32.02586206896552,29.99137931034483,26.59590678571428
15019,2022-11-01 01:00:00,Asia/Bangkok,90.43156892857142,31.69827586206896,29.85344827586207,26.32019410714289
15020,2022-11-01 02:00:00,Asia/Bangkok,90.82145904347827,30.33333333333333,28.86324786324786,26.25368495652174
15021,2022-11-01 03:00:00,Asia/Bangkok,90.99211293103446,32.68965517241379,30.50862068965517,26.25643560344827
15022,2022-11-01 04:00:00,Asia/Bangkok,92.21417807017544,39.50434782608696,34.82758620689656,26.05620754385962
15023,2022-11-01 05:00:00,Asia/Bangkok,92.2617864912281,35.42241379310344,32.18965517241379,25.57542194690265
15024,2022-11-01 06:00:00,Asia/Bangkok,91.45906769911502,34.21929824561403,31.47368421052632,25.41335920353982
15025,2022-11-01 07:00:00,Asia/Bangkok,91.4279914035088,35.1551724137931,31.99137931034483,25.33690868421053
15026,2022-11-01 08:00:00,Asia/Bangkok,91.78822982300888,35.30172413793103,31.93965517241379,25.76255769911505
15027,2022-11-01 09:00:00,Asia/Bangkok,85.48916598290594,34.34188034188034,31.4051724137931,27.98672931623932
15028,2022-11-01 10:00:00,Asia/Bangkok,75.48631438596487,36.26724137931034,32.85470085470085,30.86659464912281
15029,2022-11-01 11:00:00,Asia/Bangkok,69.58083201754386,35.2695652173913,32.18965517241379,32.32372771929823
15030,2022-11-01 12:00:00,Asia/Bangkok,63.11800428571428,31.33333333333333,29.54700854700855,34.04080410714285
15031,2022-11-01 13:00:00,Asia/Bangkok,61.93865868421054,32.19827586206897,30.25862068965517,34.09104078947368
15032,2022-11-01 14:00:00,Asia/Bangkok,60.1400673873874,33.81739130434783,31.24347826086957,34.68978252252252
15033,2022-11-01 15:00:00,Asia/Bangkok,61.94273629310344,36.64655172413793,32.87068965517241,34.12435275862069
15034,2022-11-01 16:00:00,Asia/Bangkok,64.29435295652176,40.14529914529915,34.91452991452991,32.88436756521737
15035,2022-11-01 17:00:00,Asia/Bangkok,67.9836255652174,40.88793103448276,35.4051724137931,31.96614504347826
15036,2022-11-01 18:00:00,Asia/Bangkok,71.53728051282049,42.47863247863248,36.25641025641026,30.66509017094017
15037,2022-11-01 19:00:00,Asia/Bangkok,74.74332087719299,50.22608695652174,41.83620689655172,29.9594102631579
15038,2022-11-01 20:00:00,Asia/Bangkok,79.58721481818179,69.94827586206897,62.3448275862069,28.90845550458715
15039,2022-11-01 21:00:00,Asia/Bangkok,83.05820096491234,63.08547008547009,51.86324786324786,28.4095205263158
15040,2022-11-01 22:00:00,Asia/Bangkok,83.58538265486733,54.96551724137931,45.02586206896552,28.08886044247788
15041,2022-11-01 23:00:00,Asia/Bangkok,83.4878561607143,36.04310344827586,32.00862068965517,27.26050517857142
15042,2022-11-02 00:00:00,Asia/Bangkok,84.50300575221239,27.98245614035088,26.70796460176991,26.95775327433627
15043,2022-11-02 01:00:00,Asia/Bangkok,85.07834538461536,27.95726495726496,26.74358974358974,26.88294786324788
15044,2022-11-02 02:00:00,Asia/Bangkok,85.64546999999999,29.21739130434782,27.71551724137931,26.82673818965517
15045,2022-11-02 03:00:00,Asia/Bangkok,85.9993618965517,28.80172413793104,27.38793103448276,26.39469465517239
15046,2022-11-02 04:00:00,Asia/Bangkok,85.78153817391303,27.22413793103448,25.93103448275862,26.19695539130437
15047,2022-11-02 05:00:00,Asia/Bangkok,85.15075963963963,25.78260869565218,24.7304347826087,26.2507080909091
15048,2022-11-02 06:00:00,Asia/Bangkok,85.60998639639641,26.10344827586207,24.88793103448276,26.26397891891892
15049,2022-11-02 07:00:00,Asia/Bangkok,84.83219903508771,33.95689655172414,30.49137931034483,26.34685385964914
15050,2022-11-02 08:00:00,Asia/Bangkok,85.59154309090903,43.65254237288136,37.3728813559322,26.53029318181817
15051,2022-11-02 09:00:00,Asia/Bangkok,78.22964221238936,33.2,30.40869565217391,28.76908637168142
15052,2022-11-02 10:00:00,Asia/Bangkok,71.2765962162162,29.67241379310345,27.70689655172414,31.10355378378376
15053,2022-11-02 11:00:00,Asia/Bangkok,68.21094547008545,32.41880341880342,29.47863247863248,31.90044837606838
15054,2022-11-02 12:00:00,Asia/Bangkok,62.86420154545455,23.39655172413793,22.43103448275862,33.50473063636364
15055,2022-11-02 13:00:00,Asia/Bangkok,61.46524758928572,20.94827586206896,20.12068965517241,33.57206678571428
15056,2022-11-02 14:00:00,Asia/Bangkok,60.95839767241382,32.79310344827586,29.9051724137931,33.81643732758621
15057,2022-11-02 15:00:00,Asia/Bangkok,60.76212965811968,26.56410256410257,25.2991452991453,33.50842136752136
15058,2022-11-02 16:00:00,Asia/Bangkok,61.59239885964914,22.20689655172414,21.47413793103448,33.04455368421052
15059,2022-11-02 17:00:00,Asia/Bangkok,64.43173362831861,35.37068965517241,31.52586206896552,32.21822840707965
15060,2022-11-02 18:00:00,Asia/Bangkok,68.97727504587154,43.84347826086957,37.53043478260869,30.4963189908257
15061,2022-11-02 19:00:00,Asia/Bangkok,72.53457839285717,53.26548672566372,43.86725663716814,29.77149660714289
15062,2022-11-02 20:00:00,Asia/Bangkok,76.84957876106196,58.77586206896552,48.95689655172414,28.98264203539823
15063,2022-11-02 21:00:00,Asia/Bangkok,79.59286787610614,59.77586206896552,48.39655172413793,27.92732000000001
15064,2022-11-02 22:00:00,Asia/Bangkok,81.20369701754385,54.92307692307692,45.07692307692308,27.20391254385966
15065,2022-11-02 23:00:00,Asia/Bangkok,83.55289686956519,56.96581196581197,46.4051724137931,26.5650466956522
15066,2022-11-03 00:00:00,Asia/Bangkok,82.82013535087717,47.68965517241379,40.04273504273505,26.47566210526315
15067,2022-11-03 01:00:00,Asia/Bangkok,84.33296052631582,51.66666666666666,42.69827586206897,26.04883017543861
15068,2022-11-03 02:00:00,Asia/Bangkok,85.58819594827587,43.14159292035398,36.69298245614035,25.60860775862074
15069,2022-11-03 03:00:00,Asia/Bangkok,86.31255008771929,38.62931034482759,33.87931034482759,25.4603285087719
15070,2022-11-03 04:00:00,Asia/Bangkok,86.49336141592923,33.18965517241379,30.78448275862069,25.48508017699115
15071,2022-11-03 05:00:00,Asia/Bangkok,85.56880836363639,29.0,27.76521739130435,25.82321645454547
15072,2022-11-03 06:00:00,Asia/Bangkok,86.43767063063063,32.28947368421053,29.87719298245614,25.61308490909092
15073,2022-11-03 07:00:00,Asia/Bangkok,89.07674894736846,43.8695652173913,37.00869565217391,25.05867631578949
15074,2022-11-03 08:00:00,Asia/Bangkok,89.98638234234235,43.3448275862069,36.68103448275862,25.4791927027027
15075,2022-11-03 09:00:00,Asia/Bangkok,85.69697566371683,34.26724137931034,31.0948275862069,26.7025360176991
15076,2022-11-03 10:00:00,Asia/Bangkok,80.45316539823011,28.66956521739131,26.96521739130435,27.92575187500001
15077,2022-11-03 11:00:00,Asia/Bangkok,70.7779114782609,24.88793103448276,23.43965517241379,30.87569860869566
15078,2022-11-03 12:00:00,Asia/Bangkok,63.0462925862069,22.98260869565217,21.53913043478261,32.52673517241379
15079,2022-11-03 13:00:00,Asia/Bangkok,60.29866857142861,18.6551724137931,17.78448275862069,33.3099688392857
15080,2022-11-03 14:00:00,Asia/Bangkok,57.39157568965518,14.79310344827586,14.25862068965517,34.42211715517239
15081,2022-11-03 15:00:00,Asia/Bangkok,59.01168805309734,16.81034482758621,15.87931034482759,33.84225657894738
15082,2022-11-03 16:00:00,Asia/Bangkok,64.62314063063063,20.8974358974359,19.74358974358974,32.21952527272727
15083,2022-11-03 17:00:00,Asia/Bangkok,68.41915307017544,24.07692307692308,22.00854700854701,31.10074017543861
15084,2022-11-03 18:00:00,Asia/Bangkok,70.96711225225228,30.63793103448276,28.22413793103448,30.27957396396398
15085,2022-11-03 19:00:00,Asia/Bangkok,74.0404874336283,26.17241379310345,24.53448275862069,29.52620769911504
15086,2022-11-03 20:00:00,Asia/Bangkok,78.88827999999998,62.20689655172414,52.32758620689656,28.50694539823008
15087,2022-11-03 21:00:00,Asia/Bangkok,82.5606094782609,44.52586206896552,37.6551724137931,27.83925808695653
15088,2022-11-03 22:00:00,Asia/Bangkok,84.13344460869567,51.81196581196581,43.1025641025641,27.74338217391303
15089,2022-11-03 23:00:00,Asia/Bangkok,83.23452892857145,49.50434782608696,41.31034482758621,27.85580008928571
15090,2022-11-04 00:00:00,Asia/Bangkok,83.04298034782607,48.60344827586207,40.63793103448276,27.5220448695652
15091,2022-11-04 01:00:00,Asia/Bangkok,83.02820596491227,46.73275862068966,39.26724137931034,27.32749789473683
15092,2022-11-04 02:00:00,Asia/Bangkok,83.39652212389385,44.49565217391304,37.47826086956522,26.78602366071428
15093,2022-11-04 03:00:00,Asia/Bangkok,84.42517053097346,45.03418803418803,37.91452991452991,26.3871524778761
15094,2022-11-04 04:00:00,Asia/Bangkok,85.18725035714284,39.25,34.33620689655172,25.99078696428573
15095,2022-11-04 05:00:00,Asia/Bangkok,85.4310007142857,39.43103448275862,34.37068965517241,26.08174366071426
15096,2022-11-04 06:00:00,Asia/Bangkok,87.8534639655173,43.67521367521368,37.0,25.73910879310344
15097,2022-11-04 07:00:00,Asia/Bangkok,89.26330557522127,48.86206896551724,42.12931034482759,25.38821486725665
15098,2022-11-04 08:00:00,Asia/Bangkok,88.41740463636359,66.63793103448276,57.82758620689656,25.64061599999999
15099,2022-11-04 09:00:00,Asia/Bangkok,91.40933504424781,33.00854700854701,29.58974358974359,25.47449247787613
15100,2022-11-04 10:00:00,Asia/Bangkok,92.25724982456141,18.43103448275862,17.39655172413793,25.38298350877193
15101,2022-11-04 16:00:00,Asia/Bangkok,75.23214972222223,15.52777777777778,14.56164383561644,28.95931944444445
15102,2022-11-04 17:00:00,Asia/Bangkok,77.63080478260868,19.55652173913044,18.17391304347826,27.8834447826087
15103,2022-11-04 18:00:00,Asia/Bangkok,81.82906043859651,23.20869565217391,21.73913043478261,26.54246754385963
15104,2022-11-04 19:00:00,Asia/Bangkok,83.68400626086958,24.86206896551724,23.62068965517241,25.67218139130433
15105,2022-11-04 20:00:00,Asia/Bangkok,84.43886560747663,26.85217391304348,25.51724137931035,25.46972934579441
15106,2022-11-04 21:00:00,Asia/Bangkok,84.24881380530974,40.80869565217391,35.37391304347826,25.67187767857143
15107,2022-11-04 22:00:00,Asia/Bangkok,87.41604990990996,28.53846153846154,26.8974358974359,25.63763369369373
15108,2022-11-04 23:00:00,Asia/Bangkok,89.05102500000005,29.08620689655172,26.83620689655172,25.48354517857143
15109,2022-11-05 00:00:00,Asia/Bangkok,89.18208964912277,29.50427350427351,27.45299145299145,25.31280377192985
15110,2022-11-05 01:00:00,Asia/Bangkok,89.18483743362835,24.28448275862069,23.14655172413793,25.16291115044245
15111,2022-11-05 02:00:00,Asia/Bangkok,89.39699776785712,20.58974358974359,19.77777777777778,25.15809642857144
15112,2022-11-05 03:00:00,Asia/Bangkok,89.66223973913041,15.87068965517241,15.1551724137931,25.26466582608695
15113,2022-11-05 04:00:00,Asia/Bangkok,90.4450307142857,19.1551724137931,18.23275862068965,25.29361810810812
15114,2022-11-05 05:00:00,Asia/Bangkok,92.5227245689655,16.95689655172414,16.16379310344828,24.97872706896553
15115,2022-11-05 06:00:00,Asia/Bangkok,92.31923991379311,16.34188034188034,15.44444444444444,25.01903672413792
15116,2022-11-05 07:00:00,Asia/Bangkok,91.39718026548672,11.21551724137931,10.53448275862069,25.13426876106195
15117,2022-11-05 08:00:00,Asia/Bangkok,92.15355561403507,7.663793103448276,7.146551724137931,25.38935403508776
15118,2022-11-05 09:00:00,Asia/Bangkok,92.72987862068965,4.879310344827586,4.525862068965517,25.88512362068967
15119,2022-11-05 10:00:00,Asia/Bangkok,92.52674596491224,4.155172413793103,3.862068965517242,26.0280999122807
15120,2022-11-05 11:00:00,Asia/Bangkok,92.65554738317759,1.367521367521368,1.25,26.35293476635516
15121,2022-11-05 12:00:00,Asia/Bangkok,91.09962692982457,3.71551724137931,3.333333333333333,26.74588324561405
15122,2022-11-05 13:00:00,Asia/Bangkok,90.44070045045048,4.517241379310345,4.172413793103448,26.75933836363637
15123,2022-11-05 14:00:00,Asia/Bangkok,90.87778964285721,1.439655172413793,1.21551724137931,26.55520660714286
15124,2022-11-05 15:00:00,Asia/Bangkok,89.80490618181821,1.258620689655172,0.9482758620689655,26.73402697247708
15125,2022-11-05 16:00:00,Asia/Bangkok,88.65262238938055,2.716814159292035,2.256637168141593,26.83997839285717
15126,2022-11-05 17:00:00,Asia/Bangkok,88.65574578947368,6.260869565217392,5.269565217391304,26.90626132743362
15127,2022-11-05 18:00:00,Asia/Bangkok,89.16017273504272,5.181034482758621,4.189655172413793,26.77022658119659
15128,2022-11-05 19:00:00,Asia/Bangkok,90.19597105263162,24.39316239316239,21.08547008547009,26.56570570175438
15129,2022-11-05 20:00:00,Asia/Bangkok,91.19365807017546,12.87931034482759,12.06034482758621,26.16286707964602
15130,2022-11-05 21:00:00,Asia/Bangkok,91.39069639639638,16.61607142857143,15.33035714285714,26.06487745454546
15131,2022-11-05 22:00:00,Asia/Bangkok,91.67509095652177,35.58119658119658,31.38461538461538,26.02700782608697
15132,2022-11-05 23:00:00,Asia/Bangkok,92.57227702702704,15.97413793103448,14.64655172413793,25.79692600000001
15133,2022-11-06 00:00:00,Asia/Bangkok,93.36949948453606,13.53535353535353,12.04040404040404,25.62246525773197
15134,2022-11-06 01:00:00,Asia/Bangkok,94.29676929203535,7.862068965517241,7.275862068965517,25.55287761061951
15135,2022-11-06 02:00:00,Asia/Bangkok,94.00128725663717,3.577586206896552,3.301724137931035,25.58577407079648
15136,2022-11-06 03:00:00,Asia/Bangkok,93.47586817391306,5.913043478260869,4.695652173913044,25.64183582608695
15137,2022-11-06 04:00:00,Asia/Bangkok,94.10118385964911,3.637931034482758,3.181034482758621,25.41106842105262
15138,2022-11-06 05:00:00,Asia/Bangkok,93.75275999999997,2.732758620689655,2.413793103448276,25.42495513043479
15139,2022-11-06 06:00:00,Asia/Bangkok,93.01797159292039,3.165217391304348,2.904347826086957,25.53427858407083
15140,2022-11-06 07:00:00,Asia/Bangkok,93.00027573913042,3.726495726495727,3.358974358974359,25.61320356521738
15141,2022-11-06 08:00:00,Asia/Bangkok,93.38874198275863,5.318965517241379,4.853448275862069,25.6734796551724
15142,2022-11-06 09:00:00,Asia/Bangkok,93.63543771929824,6.318965517241379,5.991379310344827,25.6622698245614
15143,2022-11-06 10:00:00,Asia/Bangkok,93.39224660714282,7.452991452991453,7.034188034188034,25.92708223214287
15144,2022-11-06 11:00:00,Asia/Bangkok,91.06586938053098,1.956896551724138,1.75,26.53339026785715
15145,2022-11-06 12:00:00,Asia/Bangkok,87.68651754385968,1.301724137931034,1.112068965517241,27.37324342105263
15146,2022-11-06 13:00:00,Asia/Bangkok,84.29036035714286,1.163793103448276,1.017241379310345,28.42209919642858
15147,2022-11-06 14:00:00,Asia/Bangkok,82.19411009009009,0.9568965517241379,0.8706896551724138,28.81027297297299
15148,2022-11-06 15:00:00,Asia/Bangkok,81.39531622807014,0.9568965517241379,0.8879310344827587,29.0345154385965
15149,2022-11-06 16:00:00,Asia/Bangkok,83.29131815789476,0.2327586206896552,0.1293103448275862,28.43151407079646
15150,2022-11-06 17:00:00,Asia/Bangkok,85.22427791304347,2.094017094017094,1.810344827586207,27.7474912173913
15151,2022-11-06 18:00:00,Asia/Bangkok,87.37436132743365,5.274336283185841,4.62280701754386,27.02016442477876
15152,2022-11-06 19:00:00,Asia/Bangkok,88.40798577586206,3.201680672268908,2.714285714285714,26.78921620689655
15153,2022-11-06 20:00:00,Asia/Bangkok,89.11681964601773,3.887931034482758,3.525862068965517,26.75443451327432
15154,2022-11-06 21:00:00,Asia/Bangkok,89.7293024778761,8.017241379310345,7.405172413793103,26.60952504424779
15155,2022-11-06 22:00:00,Asia/Bangkok,90.61162669565215,22.97435897435897,21.66666666666667,26.36555513274336
15156,2022-11-06 23:00:00,Asia/Bangkok,91.20384929203541,15.07758620689655,14.30172413793103,26.22388345132743
15157,2022-11-07 00:00:00,Asia/Bangkok,91.18452788990824,8.096491228070175,7.587719298245614,26.13369028037382
15158,2022-11-07 01:00:00,Asia/Bangkok,90.75266065420556,4.853211009174312,4.559633027522936,26.01607205607477
15159,2022-11-07 02:00:00,Asia/Bangkok,90.7926618691589,2.954128440366973,2.596330275229358,25.99348710280374
15160,2022-11-07 03:00:00,Asia/Bangkok,91.50229296296298,2.907407407407407,2.592592592592593,25.90707370370373
15161,2022-11-07 04:00:00,Asia/Bangkok,92.15627822429907,3.355140186915888,3.009345794392523,25.73996264150943
15162,2022-11-07 05:00:00,Asia/Bangkok,93.21363836538461,4.317757009345795,3.91588785046729,25.49652715686275
15163,2022-11-07 06:00:00,Asia/Bangkok,93.80710647619051,2.532710280373832,2.186915887850467,25.46517142857143
15164,2022-11-07 07:00:00,Asia/Bangkok,93.83214517543858,0.8434782608695652,0.6521739130434783,25.10601526315788
15165,2022-11-07 08:00:00,Asia/Bangkok,93.40574484536081,1.156862745098039,0.8725490196078431,25.35960531249999
15166,2022-11-07 09:00:00,Asia/Bangkok,93.20440295652172,9.05982905982906,8.461538461538462,25.57837313043479
15167,2022-11-07 10:00:00,Asia/Bangkok,93.382273125,2.5,2.060344827586207,25.68675517857142
15168,2022-11-07 11:00:00,Asia/Bangkok,93.48851560344832,0.923728813559322,0.6864406779661016,26.63633681034482
15169,2022-11-07 12:00:00,Asia/Bangkok,86.65542431192664,0.7304347826086957,0.5217391304347826,28.07780138888889
15170,2022-11-07 13:00:00,Asia/Bangkok,81.2345204310345,0.2033898305084746,0.05932203389830509,29.42286982758619
15171,2022-11-07 14:00:00,Asia/Bangkok,84.04498189655173,3.601694915254237,3.288135593220339,28.12094724137932
15172,2022-11-07 15:00:00,Asia/Bangkok,87.53169097345135,1.139130434782609,0.9304347826086956,27.46204399999999
15173,2022-11-07 16:00:00,Asia/Bangkok,87.00079785714283,1.791304347826087,1.482456140350877,27.97412723214285
15174,2022-11-07 17:00:00,Asia/Bangkok,85.94835561403502,5.672413793103448,5.146551724137931,28.1317547368421
15175,2022-11-07 18:00:00,Asia/Bangkok,86.16093513761464,3.393162393162393,3.05982905982906,28.03758449541285
15176,2022-11-07 19:00:00,Asia/Bangkok,87.16215179245278,10.48598130841122,9.660377358490566,27.63690179245281
15177,2022-11-07 20:00:00,Asia/Bangkok,87.26839058252425,6.733333333333333,6.238095238095238,26.5012940776699
15178,2022-11-07 21:00:00,Asia/Bangkok,88.11081764150944,4.675925925925926,4.324074074074074,26.26440150943396
15179,2022-11-07 22:00:00,Asia/Bangkok,89.51940156862747,8.385321100917432,7.798165137614679,26.16858088235295
15180,2022-11-07 23:00:00,Asia/Bangkok,90.40953504587156,6.718181818181818,6.209090909090909,25.9920885321101
15181,2022-11-08 00:00:00,Asia/Bangkok,91.12429238095241,10.14018691588785,9.5,25.77826495238093
15182,2022-11-08 01:00:00,Asia/Bangkok,91.63637211538463,13.65094339622642,12.88679245283019,25.44933644230768
15183,2022-11-08 02:00:00,Asia/Bangkok,91.72368423076925,12.76415094339623,12.06603773584906,25.46217211538461
15184,2022-11-08 03:00:00,Asia/Bangkok,92.57608417475728,10.80952380952381,10.12380952380952,25.0352100980392
15185,2022-11-08 04:00:00,Asia/Bangkok,93.3680431372549,9.40566037735849,8.830188679245284,24.86027411764708
15186,2022-11-08 05:00:00,Asia/Bangkok,93.28873561904763,7.94392523364486,7.280373831775701,25.10257500000003
15187,2022-11-08 06:00:00,Asia/Bangkok,92.99754886792452,7.277777777777778,6.75925925925926,25.04602566037735
15188,2022-11-08 07:00:00,Asia/Bangkok,93.02383357142855,6.491379310344827,6.086206896551724,24.79817178571426
15189,2022-11-08 08:00:00,Asia/Bangkok,93.06889098214283,8.6,7.756521739130434,24.66458499999999
15190,2022-11-08 09:00:00,Asia/Bangkok,93.6740153508772,5.578947368421052,5.201754385964913,24.98186833333333
15191,2022-11-08 10:00:00,Asia/Bangkok,93.41658036363634,5.530973451327434,5.238938053097345,25.51124899999999
15192,2022-11-08 11:00:00,Asia/Bangkok,89.88896339285716,4.327433628318584,3.964601769911504,26.70963124999999
15193,2022-11-08 12:00:00,Asia/Bangkok,87.10984345454544,6.063063063063063,5.675675675675675,27.41808009090909
15194,2022-11-08 13:00:00,Asia/Bangkok,80.60944221238938,4.5,4.078947368421052,29.95171035398231
15195,2022-11-08 14:00:00,Asia/Bangkok,75.0571404587156,3.892857142857143,3.419642857142857,31.15851275229357
15196,2022-11-08 15:00:00,Asia/Bangkok,71.53629245454545,1.991071428571429,1.678571428571429,32.31992351351352
15197,2022-11-08 16:00:00,Asia/Bangkok,72.9515749557522,2.981818181818182,2.536363636363636,31.54469176991152
15198,2022-11-08 17:00:00,Asia/Bangkok,74.44610354545455,3.642857142857143,3.327433628318584,31.20805154545455
15199,2022-11-08 18:00:00,Asia/Bangkok,78.03455824561406,7.754385964912281,7.115044247787611,29.63420123893803
15200,2022-11-08 19:00:00,Asia/Bangkok,80.53539686274512,11.85714285714286,10.81904761904762,29.03070509803922
15201,2022-11-08 20:00:00,Asia/Bangkok,82.87212524752472,15.96116504854369,15.04854368932039,28.70358739999998
15202,2022-11-08 21:00:00,Asia/Bangkok,85.2704822330097,75.67924528301887,66.81132075471699,28.17437291262136
15203,2022-11-08 22:00:00,Asia/Bangkok,87.86918313725491,57.83653846153846,46.54807692307692,27.45826465346533
15204,2022-11-08 23:00:00,Asia/Bangkok,88.74569156862745,43.92380952380952,37.15238095238095,27.21246960784315
15205,2022-11-09 00:00:00,Asia/Bangkok,89.14488215686272,35.96039603960396,32.20792079207921,27.03362388349513
15206,2022-11-09 01:00:00,Asia/Bangkok,89.40880291262138,32.875,30.18269230769231,26.87310637254902
15207,2022-11-09 02:00:00,Asia/Bangkok,89.96289019999999,25.71844660194175,24.4368932038835,26.29198060606061
15208,2022-11-09 03:00:00,Asia/Bangkok,90.80323279999998,25.83333333333333,24.51960784313725,25.9077261
15209,2022-11-09 04:00:00,Asia/Bangkok,90.8444497029703,24.9126213592233,23.50485436893204,25.68001376237623
15210,2022-11-09 05:00:00,Asia/Bangkok,90.65120356435642,24.48543689320388,23.25242718446602,25.62242970297033
15211,2022-11-09 06:00:00,Asia/Bangkok,91.10527666666665,27.2621359223301,25.61165048543689,25.52854264705884
15212,2022-11-09 07:00:00,Asia/Bangkok,91.79518198113205,19.37037037037037,18.25,25.29973094339622
15213,2022-11-09 08:00:00,Asia/Bangkok,92.21330564814811,16.76363636363636,15.89090909090909,25.17131796296297
15214,2022-11-09 09:00:00,Asia/Bangkok,92.48459905660374,18.36448598130841,17.2803738317757,24.97568886792452
15215,2022-11-09 10:00:00,Asia/Bangkok,92.84543990740745,21.54545454545455,20.09090909090909,25.09071629629628
15216,2022-11-09 11:00:00,Asia/Bangkok,93.56262770642203,19.22727272727273,18.17272727272727,25.49648490740743
15217,2022-11-09 12:00:00,Asia/Bangkok,94.52774392523366,25.34545454545454,24.36363636363636,26.12361130841123
15218,2022-11-09 13:00:00,Asia/Bangkok,92.33326376146788,17.76146788990826,16.89908256880734,26.36243155963303
15219,2022-11-09 14:00:00,Asia/Bangkok,88.68482703703702,18.75229357798165,18.11926605504587,27.97135990740741
15220,2022-11-09 15:00:00,Asia/Bangkok,85.16325432432433,24.4070796460177,23.4424778761062,29.13381126126125
15221,2022-11-09 16:00:00,Asia/Bangkok,85.84722945454544,23.58558558558559,22.79279279279279,29.20270909090909
15222,2022-11-09 17:00:00,Asia/Bangkok,85.76521296296296,21.92727272727273,21.16363636363636,29.12827859813083
15223,2022-11-09 18:00:00,Asia/Bangkok,86.18037901785715,22.42857142857143,21.71171171171171,29.04488017857144
15224,2022-11-09 19:00:00,Asia/Bangkok,83.63581349999998,25.01960784313725,24.17647058823529,29.29703770000002
15225,2022-11-09 20:00:00,Asia/Bangkok,81.9002144897959,26.21782178217822,25.36633663366337,29.33252530612242
15226,2022-11-09 21:00:00,Asia/Bangkok,82.25441865979383,28.42156862745098,27.37254901960784,29.13140896907218
15227,2022-11-09 22:00:00,Asia/Bangkok,83.49810834951457,50.67924528301887,45.59433962264151,28.63335951456309
15228,2022-11-09 23:00:00,Asia/Bangkok,86.57056394230769,64.27102803738318,54.61320754716981,27.92676039215688
15229,2022-11-10 00:00:00,Asia/Bangkok,88.97670188118812,47.75961538461539,40.03846153846154,27.29960198019803
15230,2022-11-10 01:00:00,Asia/Bangkok,90.3931144554456,47.55445544554455,39.99009900990099,26.89017148514853
15231,2022-11-10 02:00:00,Asia/Bangkok,92.21069010204087,49.31372549019608,41.04901960784314,26.50017525773195
15232,2022-11-10 03:00:00,Asia/Bangkok,92.90808474747476,43.27450980392157,36.66666666666666,26.58151191919191
15233,2022-11-10 04:00:00,Asia/Bangkok,92.1318640196078,36.98039215686274,32.97087378640776,26.43307647058823
15234,2022-11-10 05:00:00,Asia/Bangkok,92.29252606060604,32.98,30.55,26.39005696969697
15235,2022-11-10 06:00:00,Asia/Bangkok,91.89276247524754,34.17821782178218,31.54455445544555,26.15516702970298
15236,2022-11-10 07:00:00,Asia/Bangkok,91.79059019417475,35.91346153846154,32.40384615384615,26.02380843137254
15237,2022-11-10 08:00:00,Asia/Bangkok,91.97586281818177,40.94545454545455,35.36363636363637,25.84703568807342
15238,2022-11-10 09:00:00,Asia/Bangkok,92.14801621359226,37.52336448598131,33.4018691588785,25.56305155339807
15239,2022-11-10 10:00:00,Asia/Bangkok,92.10601820000002,36.14953271028038,32.58878504672897,25.35739000000001
15240,2022-11-10 11:00:00,Asia/Bangkok,92.40783609523807,35.86238532110092,32.46788990825688,25.07967657142856
15241,2022-11-10 12:00:00,Asia/Bangkok,92.33553759615387,35.31481481481482,32.08333333333334,25.12029163461542
15242,2022-11-10 13:00:00,Asia/Bangkok,93.11793792452829,32.08490566037736,30.00943396226415,25.25257396226415
15243,2022-11-10 14:00:00,Asia/Bangkok,92.26749903225807,28.8,27.47368421052632,25.87739096774193
15244,2022-11-10 15:00:00,Asia/Bangkok,89.63856784090909,30.04545454545455,28.58620689655172,27.02505170454546
15245,2022-11-10 16:00:00,Asia/Bangkok,85.8229233333333,28.01754385964912,27.03448275862069,27.84928929824563
15246,2022-11-10 17:00:00,Asia/Bangkok,86.4672117808219,27.77333333333333,26.30666666666667,27.86914178082193
15247,2022-11-10 18:00:00,Asia/Bangkok,88.57086583333337,31.25510204081633,29.56565656565656,27.70843906249998
15248,2022-11-10 19:00:00,Asia/Bangkok,91.3714732631579,44.53535353535354,37.58585858585859,27.09300294736839
15249,2022-11-10 20:00:00,Asia/Bangkok,92.1931575757575,42.24509803921568,36.0,27.10400252525251
15250,2022-11-10 21:00:00,Asia/Bangkok,90.0097456701031,37.24,33.17,27.75935917525773
15251,2022-11-10 22:00:00,Asia/Bangkok,84.7156345652174,40.67021276595744,35.19148936170212,29.02435967391306
15252,2022-11-10 23:00:00,Asia/Bangkok,81.0781237634409,37.1875,33.23958333333334,30.09464268817204
15253,2022-11-11 00:00:00,Asia/Bangkok,77.98900333333334,27.23469387755102,26.3265306122449,29.87582739583334
15254,2022-11-11 01:00:00,Asia/Bangkok,80.22044436170212,31.65263157894737,29.8,29.34076138297871
15255,2022-11-11 02:00:00,Asia/Bangkok,83.1230520879121,42.27368421052632,36.5,28.68291417582419
15256,2022-11-11 03:00:00,Asia/Bangkok,86.19816781250005,63.88659793814433,54.92708333333334,28.11176559139785
15257,2022-11-11 04:00:00,Asia/Bangkok,88.97575043010754,47.02105263157895,39.75,27.54181010752688
15258,2022-11-11 05:00:00,Asia/Bangkok,90.06160765624998,44.02857142857143,37.47142857142857,27.28759640625
15259,2022-11-11 08:00:00,Asia/Bangkok,91.18565096774194,44.04615384615385,37.43076923076923,27.14487483870967
15260,2022-11-11 09:00:00,Asia/Bangkok,91.30789180722894,37.86046511627907,32.22093023255814,26.59193578313252
15261,2022-11-11 10:00:00,Asia/Bangkok,90.57863558139539,7.045977011494253,6.367816091954023,25.28678093023256
15262,2022-11-11 11:00:00,Asia/Bangkok,91.67335357142856,6.758620689655173,6.137931034482759,25.17407904761904
15263,2022-11-11 12:00:00,Asia/Bangkok,92.08927125,8.586206896551724,8.056818181818182,25.36853556818184
15264,2022-11-11 13:00:00,Asia/Bangkok,92.56441461538462,10.0,9.291139240506329,25.52470265822787
15265,2022-11-11 14:00:00,Asia/Bangkok,92.4766451,11.22,10.61,25.48492090909092
15266,2022-11-11 15:00:00,Asia/Bangkok,92.57431610526316,14.96969696969697,14.33333333333333,25.34001536082474
15267,2022-11-11 16:00:00,Asia/Bangkok,92.60163806451615,22.63636363636364,21.64646464646465,25.23619450549452
15268,2022-11-11 17:00:00,Asia/Bangkok,92.66566178947363,19.03030303030303,18.21212121212121,25.03707536842103
15269,2022-11-11 18:00:00,Asia/Bangkok,92.51160063829785,19.87368421052632,18.97916666666667,25.00929031914897
15270,2022-11-11 19:00:00,Asia/Bangkok,92.30031353658535,18.67441860465116,17.67441860465116,24.71658378048779
15271,2022-11-11 20:00:00,Asia/Bangkok,92.93400264367821,15.88505747126437,15.09195402298851,24.48042252873565
15272,2022-11-11 21:00:00,Asia/Bangkok,93.44993655172416,17.19318181818182,16.5,24.60190471264366
15273,2022-11-11 22:00:00,Asia/Bangkok,94.11963847058817,34.33333333333334,29.64367816091954,24.98472952941176
15274,2022-11-11 23:00:00,Asia/Bangkok,93.54876585365854,21.02325581395349,19.08139534883721,25.42181451219514
15275,2022-11-12 00:00:00,Asia/Bangkok,92.74415714285715,12.91025641025641,12.30769230769231,25.74075948051948
15276,2022-11-12 08:00:00,Asia/Bangkok,94.16051430769234,96.17910447761194,86.95588235294117,25.94311984615384
15277,2022-11-12 09:00:00,Asia/Bangkok,92.273221,96.0,88.07692307692308,26.406285
15278,2022-11-12 10:00:00,Asia/Bangkok,91.90997999999996,45.86813186813187,39.83516483516483,26.47508988235292
15279,2022-11-12 11:00:00,Asia/Bangkok,91.43051694117645,60.10227272727273,53.52272727272727,26.49796070588237
15280,2022-11-12 12:00:00,Asia/Bangkok,92.03546348837209,30.20224719101124,26.34831460674157,26.12315162790696
15281,2022-11-12 13:00:00,Asia/Bangkok,92.42188109890111,60.25274725274726,56.82417582417582,25.88637373626374
15282,2022-11-12 14:00:00,Asia/Bangkok,92.70180264367816,40.86516853932584,38.03370786516854,25.61399602272729
15283,2022-11-12 15:00:00,Asia/Bangkok,93.08903218390805,44.93181818181818,37.64044943820225,25.43712755813954
15284,2022-11-12 16:00:00,Asia/Bangkok,93.31123602409637,29.52873563218391,26.74712643678161,25.37613072289158
15285,2022-11-12 17:00:00,Asia/Bangkok,93.5276965909091,21.8876404494382,20.98876404494382,25.36304499999999
15286,2022-11-12 18:00:00,Asia/Bangkok,93.55704185185186,20.38095238095238,19.38823529411765,25.39982481481484
15287,2022-11-12 19:00:00,Asia/Bangkok,93.53646118421052,22.68421052631579,21.47368421052632,25.31691773333334
15288,2022-11-12 20:00:00,Asia/Bangkok,94.16127136986302,21.58666666666667,20.22972972972973,25.26725397260275
15289,2022-11-12 21:00:00,Asia/Bangkok,94.13754534246576,18.82432432432432,17.63513513513514,25.36572541666666
15290,2022-11-12 22:00:00,Asia/Bangkok,94.80058746478873,14.4,13.33333333333333,25.27346394366198
15291,2022-11-12 23:00:00,Asia/Bangkok,94.64699213333334,6.342105263157895,5.947368421052632,24.67784986666668
15292,2022-11-13 00:00:00,Asia/Bangkok,94.4040484722222,6.111111111111111,5.305555555555555,24.63389957746478
15293,2022-11-13 01:00:00,Asia/Bangkok,94.37537408450702,5.28169014084507,4.802816901408451,24.59275436619718
15294,2022-11-13 02:00:00,Asia/Bangkok,93.99967191780817,3.602739726027397,3.310810810810811,24.70417589041094
15295,2022-11-13 03:00:00,Asia/Bangkok,93.50775500000002,3.383561643835617,3.041095890410959,24.75239861111111
15296,2022-11-13 04:00:00,Asia/Bangkok,93.21721014705885,3.08695652173913,2.811594202898551,24.7576255882353
15297,2022-11-13 05:00:00,Asia/Bangkok,93.03055500000004,4.176470588235294,3.791044776119403,24.75727686567163
15298,2022-11-13 06:00:00,Asia/Bangkok,93.19655893939392,7.0,6.27536231884058,24.71925268656717
15299,2022-11-13 07:00:00,Asia/Bangkok,94.67372260273974,8.767123287671232,8.191780821917808,24.65973164383562
15300,2022-11-13 08:00:00,Asia/Bangkok,95.37110369863014,12.86301369863014,12.23287671232877,25.18398873239437
15301,2022-11-13 09:00:00,Asia/Bangkok,93.4902291780822,12.05405405405405,11.49315068493151,26.62213410958903
15302,2022-11-13 10:00:00,Asia/Bangkok,88.55447289855074,12.625,11.80555555555556,28.3069515942029
15303,2022-11-13 11:00:00,Asia/Bangkok,82.93457157142858,10.4,9.84,29.85072842857143
15304,2022-11-13 12:00:00,Asia/Bangkok,80.04278608108108,10.61842105263158,10.01315789473684,29.94454729729728
15305,2022-11-13 13:00:00,Asia/Bangkok,76.681577,7.901408450704225,7.380281690140845,30.55161214285715
15306,2022-11-13 14:00:00,Asia/Bangkok,73.3683140909091,5.927536231884058,5.463768115942029,31.4063606060606
15307,2022-11-13 15:00:00,Asia/Bangkok,71.86844478260868,5.083333333333333,4.583333333333333,31.70608492753624
15308,2022-11-13 16:00:00,Asia/Bangkok,71.42478955882349,4.623188405797102,4.217391304347826,31.84472999999999
15309,2022-11-13 17:00:00,Asia/Bangkok,70.81487557142856,3.833333333333333,3.26027397260274,31.60387485714286
15310,2022-11-13 18:00:00,Asia/Bangkok,73.03615876923078,4.411764705882353,3.941176470588236,31.02588749999999
15311,2022-11-13 19:00:00,Asia/Bangkok,75.6285364285714,4.982758620689655,4.620689655172414,30.53616267857142
15312,2022-11-13 20:00:00,Asia/Bangkok,76.37021703703704,5.642857142857143,5.017857142857143,30.49934425925926
15313,2022-11-13 21:00:00,Asia/Bangkok,76.06022999999998,7.631578947368421,6.736842105263158,30.22258982142857
15314,2022-11-13 22:00:00,Asia/Bangkok,77.95433092592592,6.625,5.285714285714286,29.9088220754717
15315,2022-11-13 23:00:00,Asia/Bangkok,78.90653839999999,5.351851851851852,4.685185185185185,29.64402200000001
15316,2022-11-14 00:00:00,Asia/Bangkok,79.69068173076926,10.44444444444444,9.796296296296296,29.67810942307693
15317,2022-11-14 01:00:00,Asia/Bangkok,80.467781,21.51923076923077,19.78846153846154,29.623086
15318,2022-11-14 02:00:00,Asia/Bangkok,81.2578817647059,21.73076923076923,19.96153846153846,29.40845078431371
15319,2022-11-14 03:00:00,Asia/Bangkok,83.17511708333333,27.77551020408163,25.63265306122449,28.88766666666667
15320,2022-11-14 04:00:00,Asia/Bangkok,84.90221627450984,94.13461538461539,88.61538461538461,28.53637159999999
15321,2022-11-14 05:00:00,Asia/Bangkok,85.9329468888889,58.1875,47.64583333333334,28.25851155555556
15322,2022-11-14 06:00:00,Asia/Bangkok,86.44385346938778,52.02040816326531,44.8,27.9479881632653
15323,2022-11-14 07:00:00,Asia/Bangkok,87.1016050943396,51.85185185185185,44.12962962962963,27.63199018867924
15324,2022-11-14 08:00:00,Asia/Bangkok,87.6549714814815,47.31481481481482,39.18518518518518,27.35646722222223
15325,2022-11-14 09:00:00,Asia/Bangkok,87.6140737254902,33.46153846153846,29.65384615384615,27.23987179999999
15326,2022-11-14 10:00:00,Asia/Bangkok,88.05248588235293,47.07692307692308,39.90384615384615,26.95363529411764
15327,2022-11-14 11:00:00,Asia/Bangkok,89.54709437500001,59.35294117647059,51.8235294117647,26.652381875
15328,2022-11-14 12:00:00,Asia/Bangkok,89.60155041666667,60.24,52.56,26.56581124999999
15329,2022-11-14 13:00:00,Asia/Bangkok,89.37477088888889,48.93877551020408,41.58,26.49211933333332
15330,2022-11-14 14:00:00,Asia/Bangkok,89.66182375,43.16,36.62,26.29556489361703
15331,2022-11-14 15:00:00,Asia/Bangkok,89.89282304347823,42.8936170212766,35.93617021276596,26.16521
15332,2022-11-14 16:00:00,Asia/Bangkok,90.14338069767443,31.33333333333333,28.31111111111111,25.99760909090909
15333,2022-11-14 17:00:00,Asia/Bangkok,90.50538545454546,66.66666666666667,56.44444444444444,25.91561255813953
15334,2022-11-14 18:00:00,Asia/Bangkok,90.59590282051279,76.09756097560975,64.51219512195122,25.85964384615383
15335,2022-11-14 19:00:00,Asia/Bangkok,90.54446285714288,45.67567567567568,39.48648648648648,25.80972114285716
15336,2022-11-14 20:00:00,Asia/Bangkok,90.60725999999998,29.65625,27.71875,25.84140562499999
15337,2022-11-14 21:00:00,Asia/Bangkok,90.68874806451613,47.80645161290322,40.09677419354838,25.87431967741934
15338,2022-11-14 22:00:00,Asia/Bangkok,91.04502193548387,47.54838709677419,39.70967741935484,25.86450032258064
15339,2022-11-14 23:00:00,Asia/Bangkok,90.80366925925927,25.03703703703704,23.92857142857143,25.78880000000001
15340,2022-11-15 00:00:00,Asia/Bangkok,90.9684111111111,20.77777777777778,19.81481481481481,25.71934769230769
15341,2022-11-15 01:00:00,Asia/Bangkok,90.87131814814815,20.44444444444444,19.80769230769231,25.65888259259259
15342,2022-11-15 02:00:00,Asia/Bangkok,90.79635260869566,19.52173913043478,18.54166666666667,25.54219391304348
15343,2022-11-15 03:00:00,Asia/Bangkok,91.21930523809523,20.04761904761905,19.14285714285714,25.41695523809524
15344,2022-11-15 04:00:00,Asia/Bangkok,91.48862642857144,18.29411764705882,17.52941176470588,25.36726266666667
15345,2022-11-15 05:00:00,Asia/Bangkok,91.630145625,18.9375,17.75,25.362634
15346,2022-11-15 06:00:00,Asia/Bangkok,91.34661071428572,18.21428571428572,17.07142857142857,25.36087928571428
15347,2022-11-15 07:00:00,Asia/Bangkok,91.16700000000003,18.29411764705882,17.47058823529412,25.32578176470587
15348,2022-11-15 08:00:00,Asia/Bangkok,91.23494999999998,19.47058823529412,18.41176470588235,25.29342588235294
15349,2022-11-15 09:00:00,Asia/Bangkok,91.2356564285714,19.64285714285714,18.78571428571428,25.27886357142857
15350,2022-11-15 10:00:00,Asia/Bangkok,91.32639333333334,20.25,19.08333333333333,25.263255
15351,2022-11-15 11:00:00,Asia/Bangkok,91.46257750000001,20.75,19.375,25.24033142857143
15352,2022-11-15 12:00:00,Asia/Bangkok,91.479974,20.0,18.6,25.21362
15353,2022-11-15 13:00:00,Asia/Bangkok,91.537725,21.0,20.0,25.20828
15354,2022-11-15 14:00:00,Asia/Bangkok,91.50187,19.75,20.0,25.2082825
15355,2022-11-15 15:00:00,Asia/Bangkok,91.48547,21.5,20.0,25.20561
15356,2022-11-15 16:00:00,Asia/Bangkok,91.49869,21.0,20.66666666666667,25.18069
15357,2022-11-15 17:00:00,Asia/Bangkok,91.53378666666667,19.0,18.66666666666667,25.21006
15358,2022-11-15 18:00:00,Asia/Bangkok,91.528955,18.5,18.5,25.212285
15359,2022-11-15 19:00:00,Asia/Bangkok,91.4931,21.0,20.0,25.2617
15360,2022-11-15 20:00:00,Asia/Bangkok,91.51274,19.125,18.625,25.22731
15361,2022-11-15 21:00:00,Asia/Bangkok,91.46330652173916,19.52173913043478,18.22727272727273,25.22576181818181
15362,2022-11-15 22:00:00,Asia/Bangkok,91.22500564102565,20.53658536585366,19.36585365853659,25.20129871794872
15363,2022-11-15 23:00:00,Asia/Bangkok,91.46946209302324,18.81395348837209,17.62790697674419,25.10308465116279
15364,2022-11-16 00:00:00,Asia/Bangkok,91.42925648648648,16.97368421052632,16.23684210526316,25.0551391891892
15365,2022-11-16 01:00:00,Asia/Bangkok,91.57520032258064,17.125,16.1875,25.05452612903226
15366,2022-11-16 02:00:00,Asia/Bangkok,91.61753214285716,17.1304347826087,16.34782608695652,25.00483166666667
15367,2022-11-16 03:00:00,Asia/Bangkok,92.40801872340427,18.91836734693878,17.89795918367347,24.95449063829787
15368,2022-11-16 04:00:00,Asia/Bangkok,93.17816958333334,20.83673469387755,19.73469387755102,25.13919041666667
15369,2022-11-16 05:00:00,Asia/Bangkok,93.57426347826086,18.51063829787234,17.61702127659574,25.54811695652174
15370,2022-11-16 06:00:00,Asia/Bangkok,93.40813680851063,19.6530612244898,18.48979591836735,26.03370063829788
15371,2022-11-16 07:00:00,Asia/Bangkok,92.36232673913045,21.12,20.14,26.32007152173912
15372,2022-11-16 08:00:00,Asia/Bangkok,90.86979211538461,16.98148148148148,16.25925925925926,26.46354245283019
15373,2022-11-16 09:00:00,Asia/Bangkok,90.34059769230765,23.0,21.12962962962963,26.9911592
15374,2022-11-16 10:00:00,Asia/Bangkok,88.15673942307689,18.16666666666667,17.37735849056604,27.6946726923077
15375,2022-11-16 11:00:00,Asia/Bangkok,86.86065259259257,25.05454545454545,23.25,27.88763509433962
15376,2022-11-16 12:00:00,Asia/Bangkok,87.5501645614035,21.10344827586207,19.94827586206896,27.40311087719297
15377,2022-11-16 13:00:00,Asia/Bangkok,91.04414079365074,7.9375,7.234375,26.39522730158729
15378,2022-11-16 14:00:00,Asia/Bangkok,91.13813666666667,5.617021276595745,5.148936170212766,26.17063568181818
15379,2022-11-16 15:00:00,Asia/Bangkok,91.28287980392156,3.865384615384615,3.538461538461538,26.60652439999999
15380,2022-11-16 16:00:00,Asia/Bangkok,89.4655072881356,5.65,5.2,27.4355220338983
15381,2022-11-16 17:00:00,Asia/Bangkok,87.10519508474574,5.316666666666666,4.816666666666666,28.05345305084744
15382,2022-11-16 18:00:00,Asia/Bangkok,84.71583915254236,5.116666666666666,4.616666666666666,29.11638067796611
15383,2022-11-16 19:00:00,Asia/Bangkok,81.07718904761904,5.380952380952381,4.952380952380953,29.85215761904762
15384,2022-11-16 20:00:00,Asia/Bangkok,80.38319849462364,5.979381443298969,5.479591836734694,30.03942033707865
15385,2022-11-16 21:00:00,Asia/Bangkok,83.79725531250004,8.222222222222221,7.373737373737374,29.50687416666666
15386,2022-11-16 22:00:00,Asia/Bangkok,86.03049249999998,8.767676767676768,8.292929292929292,28.79563400000002
15387,2022-11-16 23:00:00,Asia/Bangkok,87.60012587628867,15.68932038834951,14.3495145631068,28.17861755102039
15388,2022-11-17 00:00:00,Asia/Bangkok,88.78202469999995,57.87254901960785,47.54901960784314,27.61792242424242
15389,2022-11-17 01:00:00,Asia/Bangkok,90.31221260000002,28.5631067961165,25.79611650485437,27.0766604
15390,2022-11-17 02:00:00,Asia/Bangkok,91.09697666666666,24.64423076923077,23.49038461538462,26.77021636363637
15391,2022-11-17 03:00:00,Asia/Bangkok,91.9561275238095,22.89814814814815,21.72222222222222,26.67503999999999
15392,2022-11-17 04:00:00,Asia/Bangkok,92.32004576923072,31.78504672897196,29.57943925233645,26.4384089423077
15393,2022-11-17 05:00:00,Asia/Bangkok,93.83418943396227,18.64545454545454,17.57272727272727,25.86591924528302
15394,2022-11-17 06:00:00,Asia/Bangkok,93.60611495327103,11.06363636363636,10.34545454545455,25.85350915887851
15395,2022-11-17 07:00:00,Asia/Bangkok,93.34712486238529,5.149122807017544,4.725663716814159,25.52916825688072
15396,2022-11-17 08:00:00,Asia/Bangkok,93.55993743119274,5.31858407079646,4.868421052631579,25.56636205607477
15397,2022-11-17 09:00:00,Asia/Bangkok,93.48327447368425,4.982142857142857,4.517857142857143,25.38629295652174
15398,2022-11-17 10:00:00,Asia/Bangkok,94.34404166666668,4.830508474576271,4.423728813559322,25.25023115044247
15399,2022-11-17 11:00:00,Asia/Bangkok,93.96492118811881,6.149532710280374,5.635514018691588,25.19425176470591
15400,2022-11-17 12:00:00,Asia/Bangkok,94.04204957627113,7.285714285714286,6.840336134453781,25.04366844827582
15401,2022-11-17 13:00:00,Asia/Bangkok,94.71121008620696,8.241666666666667,7.833333333333333,25.22679370689654
15402,2022-11-17 14:00:00,Asia/Bangkok,94.36716096491229,5.82051282051282,5.47008547008547,26.19259920353983
15403,2022-11-17 15:00:00,Asia/Bangkok,89.68830916666667,2.692913385826772,2.349206349206349,27.60163441666666
15404,2022-11-17 16:00:00,Asia/Bangkok,83.45190586776857,1.9921875,1.589147286821705,29.39166808333334
15405,2022-11-17 17:00:00,Asia/Bangkok,78.13253574803149,1.4,1.053846153846154,31.02258579365079
15406,2022-11-17 18:00:00,Asia/Bangkok,85.34713893805313,1.88695652173913,1.243478260869565,28.93766276785717
15407,2022-11-17 19:00:00,Asia/Bangkok,89.986509469697,0.5925925925925926,0.2222222222222222,28.16448229007633
15408,2022-11-17 20:00:00,Asia/Bangkok,89.67519832061069,0.3712121212121212,0.2366412213740458,27.72852030769229
15409,2022-11-17 21:00:00,Asia/Bangkok,87.64464416666667,0.6585365853658537,0.2926829268292683,28.18662243697476
15410,2022-11-17 22:00:00,Asia/Bangkok,88.66378504273504,0.819672131147541,0.3524590163934426,27.72665837606839
15411,2022-11-17 23:00:00,Asia/Bangkok,88.89478221311474,13.20300751879699,11.66666666666667,27.48957141666664
15412,2022-11-18 00:00:00,Asia/Bangkok,91.13974704545456,13.47794117647059,11.82352941176471,26.69362561538463
15413,2022-11-18 01:00:00,Asia/Bangkok,92.29373406015041,13.83941605839416,12.67153284671533,26.37518090909095
15414,2022-11-18 02:00:00,Asia/Bangkok,92.52482794117647,8.62962962962963,8.074074074074074,26.33704562962965
15415,2022-11-18 03:00:00,Asia/Bangkok,92.84653362903227,6.062992125984252,5.574803149606299,26.28992203252034
15416,2022-11-18 04:00:00,Asia/Bangkok,92.64785530303031,4.770370370370371,4.207407407407407,26.1909439849624
15417,2022-11-18 05:00:00,Asia/Bangkok,92.8063477697842,3.273381294964029,2.692857142857143,26.04260826086951
15418,2022-11-18 06:00:00,Asia/Bangkok,93.22871066176471,2.702898550724638,2.266187050359712,25.87747941176472
15419,2022-11-18 07:00:00,Asia/Bangkok,93.29878028368796,2.307692307692307,1.853146853146853,25.74912804347824
15420,2022-11-18 08:00:00,Asia/Bangkok,93.78718065789474,2.16025641025641,1.762820512820513,25.80695509933775
15421,2022-11-18 09:00:00,Asia/Bangkok,95.13784140625002,1.949494949494949,1.666666666666667,25.38599701570679
15422,2022-11-18 10:00:00,Asia/Bangkok,95.09155820512817,0.9064039408866995,0.6584158415841584,24.64916088082904
15423,2022-11-18 11:00:00,Asia/Bangkok,94.19544223463687,0.8702702702702703,0.6756756756756757,25.3369073888889
15424,2022-11-18 12:00:00,Asia/Bangkok,93.52825036082474,3.180904522613065,2.92,25.96368768041239
15425,2022-11-18 13:00:00,Asia/Bangkok,90.63800758139544,5.182648401826484,4.889908256880734,27.02154051643191
15426,2022-11-18 14:00:00,Asia/Bangkok,85.81652390243902,2.516908212560387,2.240196078431373,28.37363367647061
15427,2022-11-18 15:00:00,Asia/Bangkok,86.84811386138615,5.248868778280543,4.875,27.72843206896552
15428,2022-11-18 16:00:00,Asia/Bangkok,89.72153,16.0,14.0,26.73038
15429,2022-11-18 19:00:00,Asia/Bangkok,90.35016526785715,12.61946902654867,11.69911504424779,26.55911544642856
15430,2022-11-18 20:00:00,Asia/Bangkok,90.78441469026548,9.556521739130435,8.947826086956521,26.18725495575222
15431,2022-11-18 21:00:00,Asia/Bangkok,91.35472618181821,19.76724137931035,18.8448275862069,25.86178981818181
15432,2022-11-18 22:00:00,Asia/Bangkok,91.78327642857141,20.37931034482759,19.12931034482759,25.75074732142857
15433,2022-11-18 23:00:00,Asia/Bangkok,91.89654794642854,15.93913043478261,15.10434782608696,25.65387678571431
15434,2022-11-19 00:00:00,Asia/Bangkok,92.09571734513275,12.14529914529914,11.34188034188034,25.46492159292035
15435,2022-11-19 01:00:00,Asia/Bangkok,91.92811576576572,14.45689655172414,13.37068965517241,25.24110745454545
15436,2022-11-19 02:00:00,Asia/Bangkok,92.54120972972972,15.37931034482759,14.45689655172414,24.94486117117119
15437,2022-11-19 03:00:00,Asia/Bangkok,92.83302189655173,15.77586206896552,14.87931034482759,24.76986499999999
15438,2022-11-19 04:00:00,Asia/Bangkok,93.36531236842109,13.48275862068965,12.78448275862069,24.81746000000004
15439,2022-11-19 05:00:00,Asia/Bangkok,93.30996068965518,12.96581196581197,12.31623931623932,24.6930493043478
15440,2022-11-19 06:00:00,Asia/Bangkok,92.89345815789474,13.74137931034483,12.89655172413793,24.54899403508771
15441,2022-11-19 07:00:00,Asia/Bangkok,92.93875526315786,17.12068965517241,15.71551724137931,24.48319868421052
15442,2022-11-19 08:00:00,Asia/Bangkok,94.55603657894737,18.73275862068965,17.29310344827586,24.96476894736843
15443,2022-11-19 09:00:00,Asia/Bangkok,94.1405092173913,9.629310344827585,9.068965517241379,26.1929883478261
15444,2022-11-19 10:00:00,Asia/Bangkok,88.27381369369368,6.103448275862069,5.646551724137931,28.16652900900902
15445,2022-11-19 11:00:00,Asia/Bangkok,81.1488684955752,2.931623931623931,2.623931623931624,29.75528884955753
15446,2022-11-19 12:00:00,Asia/Bangkok,79.89194157894737,6.353448275862069,5.913793103448276,30.31927035087717
15447,2022-11-19 13:00:00,Asia/Bangkok,77.73412758620691,4.119658119658119,3.794871794871795,30.92931573913043
15448,2022-11-19 14:00:00,Asia/Bangkok,77.41768196428573,3.208695652173913,2.904347826086957,30.81375973214287
15449,2022-11-19 15:00:00,Asia/Bangkok,78.36618477477475,3.077586206896552,2.836206896551724,30.50252663636364
15450,2022-11-19 16:00:00,Asia/Bangkok,80.60661817391305,3.206896551724138,2.974137931034483,29.95229791304349
15451,2022-11-19 17:00:00,Asia/Bangkok,82.98311150442477,5.603448275862069,5.146551724137931,28.99471769911506
15452,2022-11-19 18:00:00,Asia/Bangkok,81.24524025641026,6.119658119658119,5.623931623931623,28.95896956896552
15453,2022-11-19 19:00:00,Asia/Bangkok,84.81589873873877,51.62068965517241,47.75,28.21891236363633
15454,2022-11-19 20:00:00,Asia/Bangkok,87.44658999999999,49.75,41.16379310344828,27.44307114035087
15455,2022-11-19 21:00:00,Asia/Bangkok,88.7925231896552,56.35042735042735,45.44444444444444,26.8954007826087
15456,2022-11-19 22:00:00,Asia/Bangkok,89.46389904347825,48.56896551724138,39.98275862068966,26.52912443478261
15457,2022-11-19 23:00:00,Asia/Bangkok,89.62054736842104,28.80172413793104,26.42241379310345,26.22853780701755
15458,2022-11-20 00:00:00,Asia/Bangkok,89.6186032110092,20.99137931034483,19.76724137931035,25.99088798165138
15459,2022-11-20 01:00:00,Asia/Bangkok,91.28323112068965,28.25641025641026,25.28205128205128,25.50653439655176
15460,2022-11-20 02:00:00,Asia/Bangkok,91.33950699115044,14.93965517241379,14.16379310344828,25.49686964912284
15461,2022-11-20 03:00:00,Asia/Bangkok,91.33426651785713,14.8421052631579,14.07017543859649,25.38913035714286
15462,2022-11-20 04:00:00,Asia/Bangkok,91.91705517543856,12.6,11.8695652173913,25.02007219298246
15463,2022-11-20 05:00:00,Asia/Bangkok,92.13943267241382,10.29310344827586,9.577586206896552,24.68791439655172
15464,2022-11-20 06:00:00,Asia/Bangkok,92.69800789473679,11.21739130434783,10.47826086956522,24.42292991228071
15465,2022-11-20 07:00:00,Asia/Bangkok,93.19669027522943,13.60869565217391,12.77391304347826,24.34459669724771
15466,2022-11-20 08:00:00,Asia/Bangkok,93.67878886956524,25.41880341880342,23.30769230769231,24.8039035652174
15467,2022-11-20 09:00:00,Asia/Bangkok,92.00909504424779,13.8448275862069,13.1551724137931,26.34234982300884
15468,2022-11-20 10:00:00,Asia/Bangkok,80.71746232758623,13.82758620689655,12.81034482758621,29.55309465517242
15469,2022-11-20 11:00:00,Asia/Bangkok,73.82331982758616,8.777777777777779,8.196581196581196,30.85695103448278
15470,2022-11-20 12:00:00,Asia/Bangkok,69.62842892857142,7.758620689655173,7.327586206896552,32.28799464285714
15471,2022-11-20 13:00:00,Asia/Bangkok,71.2085152586207,3.991379310344827,3.724137931034483,31.5449975862069
15472,2022-11-20 14:00:00,Asia/Bangkok,75.42422122807018,4.376068376068377,4.03448275862069,30.56784649122807
15473,2022-11-20 15:00:00,Asia/Bangkok,80.86012621621623,4.6,3.991452991452991,29.67872936936939
15474,2022-11-20 16:00:00,Asia/Bangkok,82.39804060869564,8.560344827586206,7.706896551724138,29.18152573913043
15475,2022-11-20 17:00:00,Asia/Bangkok,82.85598652173913,7.789473684210527,6.991228070175438,28.88725704347825
15476,2022-11-20 18:00:00,Asia/Bangkok,83.30558867256637,32.0948275862069,27.98275862068965,28.47731159292037
15477,2022-11-20 19:00:00,Asia/Bangkok,84.70076783783783,49.13913043478261,42.57391304347826,28.0110237837838
15478,2022-11-20 20:00:00,Asia/Bangkok,86.43033263636364,82.0,72.40517241379311,27.46321990825687
15479,2022-11-20 21:00:00,Asia/Bangkok,87.72186824561405,48.75862068965517,41.33620689655172,27.24544043859652
15480,2022-11-20 22:00:00,Asia/Bangkok,88.78805692982456,46.38461538461539,38.82905982905983,27.09325596491229
15481,2022-11-20 23:00:00,Asia/Bangkok,89.49507385964907,46.86206896551724,39.02586206896552,26.71835780701755
15482,2022-11-21 00:00:00,Asia/Bangkok,91.68334009009008,48.51304347826087,40.23478260869565,26.13666621621622
15483,2022-11-21 01:00:00,Asia/Bangkok,91.34852271929823,32.31623931623932,29.7948717948718,26.2215106140351
15484,2022-11-21 02:00:00,Asia/Bangkok,90.787444122807,28.53448275862069,27.07758620689655,26.2274607017544
15485,2022-11-21 03:00:00,Asia/Bangkok,90.96444982456141,26.48695652173913,24.93913043478261,25.83846254385964
15486,2022-11-21 04:00:00,Asia/Bangkok,90.59271518181815,26.61538461538462,25.10344827586207,25.60296327272728
15487,2022-11-21 05:00:00,Asia/Bangkok,91.08509026315787,26.20689655172414,24.75862068965517,25.15516078947367
15488,2022-11-21 06:00:00,Asia/Bangkok,91.90657486486487,26.33620689655172,25.18103448275862,24.75577063063067
15489,2022-11-21 07:00:00,Asia/Bangkok,92.28769431034485,24.81034482758621,23.73504273504274,24.68786844827585
15490,2022-11-21 08:00:00,Asia/Bangkok,92.20860745614031,24.93103448275862,23.73275862068965,25.24182938596492
15491,2022-11-21 09:00:00,Asia/Bangkok,89.65453396396394,24.64655172413793,23.12931034482759,26.26227333333334
15492,2022-11-21 10:00:00,Asia/Bangkok,80.07817882882883,15.32758620689655,14.6551724137931,29.20902136363636
15493,2022-11-21 11:00:00,Asia/Bangkok,74.32915859649127,12.69827586206897,11.82758620689655,30.78758526315789
15494,2022-11-21 12:00:00,Asia/Bangkok,66.99350694444442,10.61739130434783,9.974137931034482,32.61412175925924
15495,2022-11-21 13:00:00,Asia/Bangkok,69.38945527777777,14.69565217391304,13.73913043478261,32.29763805555554
15496,2022-11-21 14:00:00,Asia/Bangkok,79.44503617391305,20.27586206896552,18.79310344827586,30.07743252173914
15497,2022-11-21 15:00:00,Asia/Bangkok,87.24148362068966,17.20689655172414,16.45217391304348,28.13194836206894
15498,2022-11-21 16:00:00,Asia/Bangkok,88.49943812500001,25.3716814159292,23.57017543859649,28.30562526785715
15499,2022-11-21 17:00:00,Asia/Bangkok,89.30663413793107,22.23275862068965,20.62068965517241,28.06397129310345
15500,2022-11-21 18:00:00,Asia/Bangkok,91.19128972477066,25.38793103448276,23.6551724137931,27.78059990825688
15501,2022-11-21 19:00:00,Asia/Bangkok,91.07670026548669,32.26548672566372,29.69911504424779,27.58696017699116
15502,2022-11-21 20:00:00,Asia/Bangkok,90.92829171171174,33.45217391304348,29.99130434782609,27.16700711711712
15503,2022-11-21 21:00:00,Asia/Bangkok,91.16435176991153,57.95726495726495,47.05128205128205,26.85018504424781
15504,2022-11-21 22:00:00,Asia/Bangkok,92.47008982456141,36.20689655172414,31.70689655172414,26.36957535087718
15505,2022-11-21 23:00:00,Asia/Bangkok,92.85286473214285,21.22608695652174,20.33913043478261,25.91790276785714
15506,2022-11-22 00:00:00,Asia/Bangkok,93.24488723214287,17.43965517241379,16.64655172413793,25.6005160714286
15507,2022-11-22 01:00:00,Asia/Bangkok,92.96393379310337,15.47008547008547,14.96581196581197,25.52175025862071
15508,2022-11-22 02:00:00,Asia/Bangkok,92.5491536283186,18.31034482758621,17.17241379310345,25.46173185840711
15509,2022-11-22 03:00:00,Asia/Bangkok,92.40097826086958,17.31896551724138,16.62068965517241,25.32993817391305
15510,2022-11-22 04:00:00,Asia/Bangkok,92.43557078260869,17.96521739130435,17.1304347826087,25.28345052173912
15511,2022-11-22 05:00:00,Asia/Bangkok,92.61847447368422,19.9375,18.98214285714286,25.22683657894735
15512,2022-11-22 06:00:00,Asia/Bangkok,93.037175826087,20.39316239316239,19.4017094017094,24.93567730434783
15513,2022-11-22 07:00:00,Asia/Bangkok,93.228492920354,19.30172413793104,18.38793103448276,24.8668097345133
15514,2022-11-22 08:00:00,Asia/Bangkok,94.07621297297293,18.44444444444444,17.39316239316239,25.25115630630631
15515,2022-11-22 09:00:00,Asia/Bangkok,92.85992716814157,15.45217391304348,14.59130434782609,25.88123389380531
15516,2022-11-22 10:00:00,Asia/Bangkok,86.23886875000005,9.724137931034482,9.155172413793103,27.66341482142856
15517,2022-11-22 11:00:00,Asia/Bangkok,77.26646666666667,5.871794871794871,5.512820512820513,29.44841570175437
15518,2022-11-22 12:00:00,Asia/Bangkok,69.89798356521737,4.336206896551724,4.043103448275862,31.68399452173914
15519,2022-11-22 13:00:00,Asia/Bangkok,73.365940990991,5.318965517241379,4.922413793103448,31.08577672727273
15520,2022-11-22 14:00:00,Asia/Bangkok,76.31243508620692,5.504273504273504,5.119658119658119,30.58105612068965
15521,2022-11-22 15:00:00,Asia/Bangkok,82.88342426086956,4.689655172413793,4.353448275862069,28.16415460869565
15522,2022-11-22 16:00:00,Asia/Bangkok,80.44403745614034,9.051724137931034,8.327586206896552,29.23984877192982
15523,2022-11-22 17:00:00,Asia/Bangkok,83.50402791304346,23.10344827586207,20.67241379310345,28.41682780701754
15524,2022-11-22 18:00:00,Asia/Bangkok,89.27268405172411,15.78448275862069,14.54310344827586,26.50852982758619
15525,2022-11-22 19:00:00,Asia/Bangkok,92.2126940178571,7.060344827586207,6.517241379310345,25.39251535714287
15526,2022-11-22 20:00:00,Asia/Bangkok,92.59098706422019,5.439655172413793,5.068965517241379,25.26213532110092
15527,2022-11-22 21:00:00,Asia/Bangkok,92.4554243965517,4.905982905982906,4.675213675213675,25.40771086206901
15528,2022-11-22 22:00:00,Asia/Bangkok,92.03292189655171,7.491379310344827,7.03448275862069,25.73634732758622
15529,2022-11-22 23:00:00,Asia/Bangkok,91.86698228070176,4.28695652173913,3.91304347826087,25.67646385964916
15530,2022-11-23 00:00:00,Asia/Bangkok,93.27715275862072,6.948275862068965,6.551724137931035,25.18275543103448
15531,2022-11-23 01:00:00,Asia/Bangkok,93.49226956140349,4.843478260869565,4.565217391304348,25.04574657894737
15532,2022-11-23 02:00:00,Asia/Bangkok,92.85485587719303,3.695652173913043,3.4,25.09858982456139
15533,2022-11-23 03:00:00,Asia/Bangkok,92.3477351785714,5.269565217391304,4.947826086956522,25.17769321428571
15534,2022-11-23 04:00:00,Asia/Bangkok,92.26518601769908,3.356521739130435,3.156521739130435,24.90096166666669
15535,2022-11-23 05:00:00,Asia/Bangkok,92.88557965217396,3.517241379310345,3.275862068965517,24.75617684210527
15536,2022-11-23 06:00:00,Asia/Bangkok,92.79313621621623,5.260869565217392,4.834782608695652,24.96191693693693
15537,2022-11-23 07:00:00,Asia/Bangkok,93.02978771929827,6.879310344827586,6.344827586206897,24.90744956140352
15538,2022-11-23 08:00:00,Asia/Bangkok,93.5838988392857,10.43103448275862,9.89655172413793,25.38674553571429
15539,2022-11-23 09:00:00,Asia/Bangkok,89.86818260869562,10.28448275862069,9.85344827586207,27.22830913043478
15540,2022-11-23 10:00:00,Asia/Bangkok,78.75011373913047,9.327586206896552,8.827586206896552,29.77842530434781
15541,2022-11-23 11:00:00,Asia/Bangkok,70.27684504347822,9.5,9.120689655172415,32.41004669565215
15542,2022-11-23 12:00:00,Asia/Bangkok,65.26957739130434,10.06034482758621,9.672413793103448,34.20186052173914
15543,2022-11-23 13:00:00,Asia/Bangkok,66.0545395614035,11.94871794871795,11.4017094017094,33.72590833333333
15544,2022-11-23 14:00:00,Asia/Bangkok,63.06667826086955,11.56896551724138,11.08620689655172,34.81640852173911
15545,2022-11-23 15:00:00,Asia/Bangkok,68.39158643478261,13.99137931034483,13.33620689655172,32.91014191304346
15546,2022-11-23 16:00:00,Asia/Bangkok,71.1491652293578,15.9051724137931,15.35344827586207,32.54735284403671
15547,2022-11-23 17:00:00,Asia/Bangkok,80.33998443478258,8.52991452991453,7.965811965811966,28.53409860869564
15548,2022-11-23 18:00:00,Asia/Bangkok,89.49671532710279,4.208695652173913,3.886956521739131,25.62620485981309
15549,2022-11-23 19:00:00,Asia/Bangkok,90.46284530434782,1.931034482758621,1.724137931034483,24.86473232758619
15550,2022-11-23 20:00:00,Asia/Bangkok,91.15774831858408,5.606837606837606,5.205128205128205,25.13477991071429
15551,2022-11-23 21:00:00,Asia/Bangkok,90.08864078260869,7.112068965517241,6.698275862068965,25.84575226086955
15552,2022-11-23 22:00:00,Asia/Bangkok,89.64461508928571,11.07079646017699,10.55752212389381,26.03173216216217
15553,2022-11-23 23:00:00,Asia/Bangkok,91.11266429824566,14.54310344827586,13.71551724137931,25.66158973684214
15554,2022-11-24 00:00:00,Asia/Bangkok,91.79943629629634,6.881818181818182,6.472727272727273,25.20311842592592
15555,2022-11-24 01:00:00,Asia/Bangkok,91.03788041666668,4.336065573770492,4.032786885245901,25.10351983333338
15556,2022-11-24 02:00:00,Asia/Bangkok,89.7940438596492,2.043103448275862,1.879310344827586,25.01414754385961
15557,2022-11-24 03:00:00,Asia/Bangkok,88.58710877192979,2.862068965517242,2.655172413793104,25.11885166666669
15558,2022-11-24 04:00:00,Asia/Bangkok,88.30333645454542,2.504347826086957,2.304347826086957,25.03461627272726
15559,2022-11-24 05:00:00,Asia/Bangkok,90.7354051754386,3.879310344827586,3.474137931034483,24.63749008771931
15560,2022-11-24 06:00:00,Asia/Bangkok,92.24532280701759,5.275862068965517,4.96551724137931,24.25064780701756
15561,2022-11-24 07:00:00,Asia/Bangkok,91.48878252173911,6.017241379310345,5.560344827586207,24.29967617391305
15562,2022-11-24 08:00:00,Asia/Bangkok,90.41433625000003,5.982905982905983,5.572649572649572,24.92917333333332
15563,2022-11-24 09:00:00,Asia/Bangkok,86.95052513513512,4.104347826086957,3.843478260869565,26.21858540540541
15564,2022-11-24 10:00:00,Asia/Bangkok,79.63492452173915,3.043478260869565,2.704347826086956,28.70555747826086
15565,2022-11-24 11:00:00,Asia/Bangkok,74.11032570175442,2.405172413793104,2.241379310344827,30.3167645614035
15566,2022-11-24 12:00:00,Asia/Bangkok,70.6291169565217,3.078260869565217,2.852173913043478,31.33450318965519
15567,2022-11-24 13:00:00,Asia/Bangkok,66.16864176991147,3.53448275862069,3.232758620689655,32.88042669642858
15568,2022-11-24 14:00:00,Asia/Bangkok,79.25225389380529,1.112068965517241,0.9051724137931034,28.72811088495576
15569,2022-11-24 15:00:00,Asia/Bangkok,88.94287749999994,0.8103448275862069,0.6120689655172413,26.77181151785714
15570,2022-11-24 16:00:00,Asia/Bangkok,87.7292694736842,4.112068965517241,3.870689655172414,27.46801763157893
15571,2022-11-24 17:00:00,Asia/Bangkok,88.93237657894741,6.232758620689655,5.698275862068965,27.14977382608696
15572,2022-11-24 18:00:00,Asia/Bangkok,87.63690156521743,8.982905982905983,8.316239316239317,27.09517596491228
15573,2022-11-24 19:00:00,Asia/Bangkok,87.23078078947371,6.594827586206897,6.086206896551724,26.72217666666666
15574,2022-11-24 20:00:00,Asia/Bangkok,89.02852452173909,12.00862068965517,11.26724137931035,26.19749026086959
15575,2022-11-24 21:00:00,Asia/Bangkok,90.46133848214284,12.37931034482759,11.85344827586207,25.81733767857142
15576,2022-11-24 22:00:00,Asia/Bangkok,92.35611544642859,15.3448275862069,14.50862068965517,25.47343625000001
15577,2022-11-24 23:00:00,Asia/Bangkok,93.24475234782612,8.620689655172415,8.0,25.12805843478264
15578,2022-11-25 00:00:00,Asia/Bangkok,93.00868150442476,8.141592920353983,7.451327433628318,25.10193903508773
15579,2022-11-25 01:00:00,Asia/Bangkok,93.39472017543862,6.025862068965517,5.620689655172414,25.02485228070174
15580,2022-11-25 02:00:00,Asia/Bangkok,93.11092017857148,5.637931034482759,5.28448275862069,25.08990705357145
15581,2022-11-25 03:00:00,Asia/Bangkok,93.2619338793103,6.258620689655173,5.834782608695652,25.15452808695652
15582,2022-11-25 04:00:00,Asia/Bangkok,92.72216321739134,7.232758620689655,6.641025641025641,25.1641415652174
15583,2022-11-25 05:00:00,Asia/Bangkok,92.56598318181814,7.6,7.060869565217391,25.05104954545456
15584,2022-11-25 06:00:00,Asia/Bangkok,93.64184982456146,6.96551724137931,6.53448275862069,24.76404666666667
15585,2022-11-25 07:00:00,Asia/Bangkok,93.15232824561406,8.85344827586207,8.258620689655173,24.71949535087717
15586,2022-11-25 08:00:00,Asia/Bangkok,93.95771693693692,7.629310344827586,7.137931034482759,25.33638872727272
15587,2022-11-25 09:00:00,Asia/Bangkok,88.8355134513274,5.577586206896552,5.198275862068965,27.16580327433628
15588,2022-11-25 10:00:00,Asia/Bangkok,81.15580847058825,5.564705882352941,5.188235294117647,29.60942741176472
15589,2022-11-25 16:00:00,Asia/Bangkok,80.48032653846155,7.925,7.3875,29.47105628205129
15590,2022-11-25 17:00:00,Asia/Bangkok,77.48074884955753,9.35344827586207,8.887931034482758,30.70384669642858
15591,2022-11-25 18:00:00,Asia/Bangkok,81.5358482142857,6.269565217391304,5.930434782608696,29.61504303571431
15592,2022-11-25 19:00:00,Asia/Bangkok,83.61235008620692,15.88793103448276,14.93103448275862,29.12643896551725
15593,2022-11-25 20:00:00,Asia/Bangkok,89.40645017543856,12.02608695652174,11.08695652173913,27.87205631578945
15594,2022-11-25 21:00:00,Asia/Bangkok,90.76496284482755,8.478632478632479,7.752136752136752,27.27125112068964
15595,2022-11-25 22:00:00,Asia/Bangkok,90.60127000000001,9.189655172413794,8.508620689655173,27.30470789473683
15596,2022-11-25 23:00:00,Asia/Bangkok,91.05453298245612,11.99137931034483,11.31896551724138,27.27366780701751
15597,2022-11-26 00:00:00,Asia/Bangkok,91.11122165217394,9.247863247863247,8.743589743589743,27.16944260869567
15598,2022-11-26 01:00:00,Asia/Bangkok,91.58110642857146,9.724137931034482,9.155172413793103,26.82660144144144
15599,2022-11-26 02:00:00,Asia/Bangkok,91.93754495652178,6.362068965517241,6.025862068965517,26.41427721739131
15600,2022-11-26 03:00:00,Asia/Bangkok,91.90830353982301,10.34188034188034,9.717948717948717,26.29511150442477
15601,2022-11-26 04:00:00,Asia/Bangkok,92.33544603448276,11.96551724137931,11.17241379310345,26.13300224137931
15602,2022-11-26 05:00:00,Asia/Bangkok,92.66904830357142,7.844827586206897,7.275862068965517,26.14425687500002
15603,2022-11-26 06:00:00,Asia/Bangkok,92.45463704347824,10.97413793103448,10.06896551724138,26.01843886956522
15604,2022-11-26 07:00:00,Asia/Bangkok,92.05716921052633,13.21551724137931,12.30172413793103,25.95059070175441
15605,2022-11-26 08:00:00,Asia/Bangkok,92.65550981651376,15.63793103448276,14.87931034482759,25.86545779816515
15606,2022-11-26 09:00:00,Asia/Bangkok,93.27185999999999,13.28947368421053,12.62280701754386,26.0404995652174
15607,2022-11-26 10:00:00,Asia/Bangkok,91.67252446428574,13.27586206896552,12.5,26.92862098214283
15608,2022-11-26 11:00:00,Asia/Bangkok,87.80930848214284,14.49137931034483,13.69827586206897,27.88688937499998
15609,2022-11-26 12:00:00,Asia/Bangkok,80.78994477876105,10.27586206896552,9.681034482758621,29.80784362831859
15610,2022-11-26 13:00:00,Asia/Bangkok,73.40010500000001,8.586206896551724,8.077586206896552,31.66488655172413
15611,2022-11-26 14:00:00,Asia/Bangkok,68.60951508771927,8.448275862068966,7.974137931034483,32.8322643362832
15612,2022-11-26 15:00:00,Asia/Bangkok,64.86314267241377,7.777777777777778,7.504273504273504,33.38085172413791
15613,2022-11-26 16:00:00,Asia/Bangkok,66.8117611403509,9.75,9.155172413793103,32.54836350877192
15614,2022-11-26 17:00:00,Asia/Bangkok,69.92555271929824,10.38793103448276,9.827586206896552,31.57856508771927
15615,2022-11-26 18:00:00,Asia/Bangkok,78.97820771929825,15.20689655172414,14.4051724137931,29.99826964912284
15616,2022-11-26 19:00:00,Asia/Bangkok,80.93232640350878,26.17094017094017,23.93162393162393,29.57350096491228
15617,2022-11-26 20:00:00,Asia/Bangkok,82.787624,24.99137931034483,21.82758620689655,28.99916868421053
15618,2022-11-26 21:00:00,Asia/Bangkok,85.05110800000004,49.93103448275862,43.80172413793103,28.24449495652173
15619,2022-11-26 22:00:00,Asia/Bangkok,86.38705785714285,13.95726495726496,13.1965811965812,27.80220383928567
15620,2022-11-26 23:00:00,Asia/Bangkok,87.36345834862381,16.06896551724138,15.27586206896552,27.61787880733946
15621,2022-11-27 00:00:00,Asia/Bangkok,87.90832860869561,27.66666666666667,24.8034188034188,27.34719675438595
15622,2022-11-27 01:00:00,Asia/Bangkok,89.10285078947366,37.55172413793103,33.81896551724138,26.96030245614035
15623,2022-11-27 02:00:00,Asia/Bangkok,89.44081125000002,27.98260869565217,26.01739130434783,26.59020821428575
15624,2022-11-27 03:00:00,Asia/Bangkok,90.53545052173918,34.53448275862069,31.04310344827586,26.12371991304346
15625,2022-11-27 04:00:00,Asia/Bangkok,90.67007547826083,33.64347826086956,30.56521739130435,26.12645886956522
15626,2022-11-27 05:00:00,Asia/Bangkok,90.9980688495575,26.0,24.33043478260869,26.07358824561403
15627,2022-11-27 06:00:00,Asia/Bangkok,90.20820385964913,21.73275862068965,20.21551724137931,25.82144769911504
15628,2022-11-27 07:00:00,Asia/Bangkok,90.11602157894738,24.29310344827586,22.85344827586207,25.68557535087723
15629,2022-11-27 08:00:00,Asia/Bangkok,91.34068168141599,20.33620689655172,19.50862068965517,25.71836884955753
15630,2022-11-27 09:00:00,Asia/Bangkok,91.55423913043478,21.52586206896552,20.18965517241379,26.30088758620689
15631,2022-11-27 10:00:00,Asia/Bangkok,81.6778764912281,15.25,14.35344827586207,29.59769168141594
15632,2022-11-27 11:00:00,Asia/Bangkok,72.16195830357145,15.58620689655172,14.75,32.02220778761061
15633,2022-11-27 12:00:00,Asia/Bangkok,71.68926646551725,18.26495726495726,17.05982905982906,31.49189417391304
15634,2022-11-27 13:00:00,Asia/Bangkok,69.67944096491227,14.1551724137931,13.47413793103448,32.31365385964914
15635,2022-11-27 14:00:00,Asia/Bangkok,67.2435907826087,13.00862068965517,12.48275862068965,33.11259850877194
15636,2022-11-27 15:00:00,Asia/Bangkok,66.47775973913042,12.33620689655172,11.8448275862069,33.6385845614035
15637,2022-11-27 16:00:00,Asia/Bangkok,67.27672286956523,16.43965517241379,15.32758620689655,33.01052243478262
15638,2022-11-27 17:00:00,Asia/Bangkok,69.8904625,13.4051724137931,12.74137931034483,32.32165765765765
15639,2022-11-27 18:00:00,Asia/Bangkok,77.2477198275862,32.2051282051282,29.06837606837607,30.00688913793104
15640,2022-11-27 19:00:00,Asia/Bangkok,81.82690324324324,30.50862068965517,27.81034482758621,28.90561036036037
15641,2022-11-27 20:00:00,Asia/Bangkok,82.80928044247784,32.0940170940171,29.07692307692308,29.1244038053097
15642,2022-11-27 21:00:00,Asia/Bangkok,83.09215300884956,35.98275862068966,31.98275862068965,28.85266946902655
15643,2022-11-27 22:00:00,Asia/Bangkok,81.68671477876104,9.491379310344827,8.801724137931034,27.79439504424781
15644,2022-11-27 23:00:00,Asia/Bangkok,84.70175756756757,7.444444444444445,6.965811965811966,26.63786072727275
15645,2022-11-28 00:00:00,Asia/Bangkok,84.98621232142862,7.862068965517241,7.258620689655173,26.80061589285715
15646,2022-11-28 01:00:00,Asia/Bangkok,85.68747729729729,9.905172413793103,9.327586206896552,26.84796612612613
15647,2022-11-28 02:00:00,Asia/Bangkok,86.9393550862069,13.48275862068965,12.63793103448276,26.87745077586208
15648,2022-11-28 03:00:00,Asia/Bangkok,88.5979269565217,18.60683760683761,17.05982905982906,26.56973739130435
15649,2022-11-28 04:00:00,Asia/Bangkok,89.69872747826085,32.27586206896552,29.73275862068965,26.40150573913045
15650,2022-11-28 05:00:00,Asia/Bangkok,90.16846870689652,38.82758620689656,34.39655172413793,26.28608620689654
15651,2022-11-28 06:00:00,Asia/Bangkok,91.0058189380531,22.61206896551724,20.95689655172414,26.11788192982455
15652,2022-11-28 07:00:00,Asia/Bangkok,91.11765640350875,24.54700854700855,21.88034188034188,26.11707026548673
15653,2022-11-28 08:00:00,Asia/Bangkok,91.54513055045871,44.07017543859649,37.47368421052632,26.53783796296297
15654,2022-11-28 09:00:00,Asia/Bangkok,86.94659990909088,16.60683760683761,15.77777777777778,28.28627745454547
15655,2022-11-28 10:00:00,Asia/Bangkok,77.25491491228074,11.19827586206897,10.63793103448276,30.5158451754386
15656,2022-11-28 11:00:00,Asia/Bangkok,69.05289424778763,8.939655172413794,8.491379310344827,32.66925539823007
15657,2022-11-28 12:00:00,Asia/Bangkok,63.33682863636364,9.843478260869565,9.226086956521739,34.0595433027523
15658,2022-11-28 13:00:00,Asia/Bangkok,61.30711743362834,9.42608695652174,8.947826086956521,34.50882732142856
15659,2022-11-28 14:00:00,Asia/Bangkok,61.98332212389381,7.104347826086957,6.730434782608696,34.55001017543861
15660,2022-11-28 15:00:00,Asia/Bangkok,68.82903060869563,7.413793103448276,7.060344827586207,32.92642701754385
15661,2022-11-28 16:00:00,Asia/Bangkok,68.71915460176989,7.5,7.051724137931035,32.44163725663716
15662,2022-11-28 17:00:00,Asia/Bangkok,69.17380539823009,11.10434782608696,10.65217391304348,31.75283539823009
15663,2022-11-28 18:00:00,Asia/Bangkok,72.08838491228069,27.52136752136752,24.74358974358974,31.08180256637169
15664,2022-11-28 19:00:00,Asia/Bangkok,75.86605035087719,72.8103448275862,64.29310344827586,30.16279921052633
15665,2022-11-28 20:00:00,Asia/Bangkok,80.86758791304347,63.02586206896552,51.13793103448276,28.96255649122809
15666,2022-11-28 21:00:00,Asia/Bangkok,84.66611820512823,61.27350427350427,49.71794871794872,28.12782188034187
15667,2022-11-28 22:00:00,Asia/Bangkok,85.7499841739131,46.35344827586207,38.67241379310344,27.96520356521736
15668,2022-11-28 23:00:00,Asia/Bangkok,85.38074543859652,37.51724137931034,33.16379310344828,27.84837719298246
15669,2022-11-29 00:00:00,Asia/Bangkok,86.10481745454541,37.62931034482759,33.12068965517241,27.43558445454543
15670,2022-11-29 01:00:00,Asia/Bangkok,86.36952456896549,28.53448275862069,26.64655172413793,27.18902439655173
15671,2022-11-29 02:00:00,Asia/Bangkok,86.8144475221239,18.96581196581197,17.88034188034188,26.87951123893804
15672,2022-11-29 03:00:00,Asia/Bangkok,88.55234116071435,20.43965517241379,18.92241379310345,26.23409669642857
15673,2022-11-29 04:00:00,Asia/Bangkok,89.33862921052632,23.11111111111111,21.64655172413793,25.95199587719299
15674,2022-11-29 05:00:00,Asia/Bangkok,89.41120860869562,17.38793103448276,16.44444444444444,25.94629460869563
15675,2022-11-29 06:00:00,Asia/Bangkok,89.19559062500002,19.14655172413793,18.10344827586207,25.98504071428571
15676,2022-11-29 07:00:00,Asia/Bangkok,89.6384494782609,44.47863247863248,39.46153846153846,25.89927591304345
15677,2022-11-29 08:00:00,Asia/Bangkok,89.93390543859654,32.21551724137931,29.32758620689655,26.11615008771931
15678,2022-11-29 09:00:00,Asia/Bangkok,86.69363292035398,17.06896551724138,16.06034482758621,27.56070433628317
15679,2022-11-29 10:00:00,Asia/Bangkok,76.96072431192657,9.837606837606838,9.17094017094017,30.59855339449541
15680,2022-11-29 11:00:00,Asia/Bangkok,71.45769436363638,7.034782608695652,6.526315789473684,31.663391
15681,2022-11-29 12:00:00,Asia/Bangkok,68.88735913043477,8.129310344827585,7.410256410256411,32.27499652173913
15682,2022-11-29 13:00:00,Asia/Bangkok,68.02093103448276,2.560344827586207,2.387931034482758,32.34872077586208
15683,2022-11-29 14:00:00,Asia/Bangkok,65.78310333333339,1.491228070175439,1.280701754385965,32.66687829059828
15684,2022-11-29 15:00:00,Asia/Bangkok,64.28022191304346,0.9396551724137931,0.8189655172413793,32.82390060869564
15685,2022-11-29 16:00:00,Asia/Bangkok,63.8824624778761,1.142857142857143,0.9910714285714286,32.98558504424778
15686,2022-11-29 17:00:00,Asia/Bangkok,66.72444893805311,3.837606837606838,3.427350427350427,32.06878451327432
15687,2022-11-29 18:00:00,Asia/Bangkok,71.73544587719299,45.14655172413793,37.85344827586207,30.96975456140351
15688,2022-11-29 19:00:00,Asia/Bangkok,77.06042226086957,62.83620689655172,54.25862068965517,30.20298400000001
15689,2022-11-29 20:00:00,Asia/Bangkok,81.48565298245617,42.75,35.55172413793103,29.17861815789475
15690,2022-11-29 21:00:00,Asia/Bangkok,83.97885794642858,25.61206896551724,23.03448275862069,28.45810044642857
15691,2022-11-29 22:00:00,Asia/Bangkok,86.22394061946902,24.42241379310345,22.75862068965517,27.94248883928569
15692,2022-11-29 23:00:00,Asia/Bangkok,85.98052474137934,41.0,34.95689655172414,27.74224362068964
15693,2022-11-30 00:00:00,Asia/Bangkok,85.82905137931036,34.42241379310344,31.21551724137931,27.33272930434783
15694,2022-11-30 01:00:00,Asia/Bangkok,86.9570868141593,31.66956521739131,29.21739130434782,26.74459368421052
15695,2022-11-30 02:00:00,Asia/Bangkok,88.21020299999998,28.38260869565217,26.94782608695652,26.26073816513761
15696,2022-11-30 03:00:00,Asia/Bangkok,88.76148592920354,26.24347826086957,24.9304347826087,26.2145737168142
15697,2022-11-30 04:00:00,Asia/Bangkok,88.29357991071433,16.97413793103448,16.01709401709402,26.14070624999999
15698,2022-11-30 05:00:00,Asia/Bangkok,88.21190417391306,12.73275862068965,11.92241379310345,26.0313492173913
15699,2022-11-30 06:00:00,Asia/Bangkok,88.80843734513277,14.18103448275862,13.23275862068965,25.68105654867257
15700,2022-11-30 07:00:00,Asia/Bangkok,89.63987854700859,17.13675213675214,16.16239316239316,25.66019282051282
15701,2022-11-30 08:00:00,Asia/Bangkok,90.78071783783778,16.71304347826087,15.73913043478261,26.30693290909093
15702,2022-11-30 09:00:00,Asia/Bangkok,85.69767913043476,12.31896551724138,11.20689655172414,28.05734026086957
15703,2022-11-30 10:00:00,Asia/Bangkok,80.0794589908257,5.905172413793103,5.491379310344827,29.77920376146788
15704,2022-11-30 11:00:00,Asia/Bangkok,73.95866396551719,5.548672566371682,5.185840707964601,31.67002129310344
15705,2022-11-30 12:00:00,Asia/Bangkok,69.7960031034483,1.88034188034188,1.666666666666667,32.17001724137932
15706,2022-11-30 13:00:00,Asia/Bangkok,67.16851438596493,3.663793103448276,3.301724137931035,32.58661394736845
15707,2022-11-30 14:00:00,Asia/Bangkok,65.83039219298243,0.9658119658119658,0.7863247863247863,32.73294491228069
15708,2022-11-30 15:00:00,Asia/Bangkok,64.25564826086956,2.198275862068965,1.948275862068966,33.31719356521739
15709,2022-11-30 16:00:00,Asia/Bangkok,66.76220095652175,3.53448275862069,3.103448275862069,32.53320704347826
15710,2022-11-30 17:00:00,Asia/Bangkok,69.59091396551727,4.905982905982906,4.547008547008547,31.63164637931032
15711,2022-11-30 18:00:00,Asia/Bangkok,72.23658500000002,19.99137931034483,16.79310344827586,31.02076545454548
15712,2022-11-30 19:00:00,Asia/Bangkok,76.45793089285715,55.81896551724138,45.52586206896552,30.22917044642859
15713,2022-11-30 20:00:00,Asia/Bangkok,82.48651867256633,22.97391304347826,21.4,29.0303768141593
15714,2022-11-30 21:00:00,Asia/Bangkok,85.28923981651374,17.44827586206896,16.31034482758621,28.40440000000003
15715,2022-11-30 22:00:00,Asia/Bangkok,85.8667602631579,13.81034482758621,13.04310344827586,27.94223517543863
15716,2022-11-30 23:00:00,Asia/Bangkok,86.23885834782608,17.1551724137931,16.43103448275862,27.82878617391304
15717,2022-12-01 00:00:00,Asia/Bangkok,86.43385309734511,16.31034482758621,15.52586206896552,27.30314699115045
15718,2022-12-01 01:00:00,Asia/Bangkok,87.65875833333337,17.80869565217391,16.94782608695652,26.74731280701753
15719,2022-12-01 02:00:00,Asia/Bangkok,88.21482853448272,18.16239316239316,17.34188034188034,26.42174396551724
15720,2022-12-01 03:00:00,Asia/Bangkok,88.83883330434787,24.63793103448276,23.72413793103448,26.09274260869563
15721,2022-12-01 04:00:00,Asia/Bangkok,88.3942175221239,23.91379310344828,22.6551724137931,26.02932867256637
15722,2022-12-01 05:00:00,Asia/Bangkok,88.00326330357147,18.9051724137931,17.81896551724138,26.003304375
15723,2022-12-01 06:00:00,Asia/Bangkok,88.43829477876109,17.07826086956522,16.23275862068965,25.64553566371682
15724,2022-12-01 07:00:00,Asia/Bangkok,89.26271678899077,16.96581196581197,15.96581196581197,25.38129522935782
15725,2022-12-01 08:00:00,Asia/Bangkok,89.34356365217396,40.44827586206897,36.80172413793103,25.8078340869565
15726,2022-12-01 09:00:00,Asia/Bangkok,89.13631982300883,18.34210526315789,17.47368421052632,26.69414699115044
15727,2022-12-01 10:00:00,Asia/Bangkok,83.06599228070178,18.98275862068965,18.10344827586207,28.09109122807018
15728,2022-12-01 11:00:00,Asia/Bangkok,87.61594017699116,26.19130434782609,23.69565217391304,27.29173513274336
15729,2022-12-01 12:00:00,Asia/Bangkok,85.98689747826087,13.09565217391304,12.53913043478261,28.62035701754385
15730,2022-12-01 13:00:00,Asia/Bangkok,77.66936637168142,11.45689655172414,10.87931034482759,30.46349168141593
15731,2022-12-01 14:00:00,Asia/Bangkok,85.8829690384616,12.27522935779817,11.32110091743119,27.67325576923077
15732,2022-12-01 15:00:00,Asia/Bangkok,89.6560559649123,2.862068965517242,2.543103448275862,26.11802596491228
15733,2022-12-01 16:00:00,Asia/Bangkok,84.65396219298245,2.310344827586207,1.939655172413793,27.7532737719298
15734,2022-12-01 17:00:00,Asia/Bangkok,83.86840359649125,3.547008547008547,3.136752136752137,28.01248210526315
15735,2022-12-01 18:00:00,Asia/Bangkok,86.40344191304347,22.02608695652174,19.25217391304348,27.70712868421051
15736,2022-12-01 19:00:00,Asia/Bangkok,89.03786600000001,30.50892857142857,26.76106194690265,26.81285365217391
15737,2022-12-01 20:00:00,Asia/Bangkok,90.53751657894738,31.92307692307692,28.73504273504274,26.33641805309735
15738,2022-12-01 21:00:00,Asia/Bangkok,91.18649626086955,57.46551724137931,49.33620689655172,26.18193026086958
15739,2022-12-01 22:00:00,Asia/Bangkok,92.27142400000001,23.58119658119658,21.54700854700855,25.97069991304348
15740,2022-12-01 23:00:00,Asia/Bangkok,91.62959862068962,21.9051724137931,20.66379310344828,25.9823124137931
15741,2022-12-02 00:00:00,Asia/Bangkok,92.09705401709401,19.25641025641026,18.24786324786325,25.7714544444444
15742,2022-12-02 01:00:00,Asia/Bangkok,93.86981810810816,19.12931034482759,18.25862068965517,25.415970990991
15743,2022-12-02 02:00:00,Asia/Bangkok,94.46055566371683,18.67241379310345,17.68965517241379,25.18446362831858
15744,2022-12-02 03:00:00,Asia/Bangkok,94.08336798245612,13.71794871794872,12.94871794871795,24.87453833333332
15745,2022-12-02 04:00:00,Asia/Bangkok,93.0167508035714,3.525862068965517,3.025862068965517,24.07790142857143
15746,2022-12-02 05:00:00,Asia/Bangkok,92.10749256637165,2.586206896551724,2.275862068965517,24.40879610619468
15747,2022-12-02 06:00:00,Asia/Bangkok,92.11315929824562,2.21551724137931,1.905172413793103,24.15784052631579
15748,2022-12-02 07:00:00,Asia/Bangkok,92.77283741071429,1.931623931623932,1.612068965517241,23.99044874999998
15749,2022-12-02 08:00:00,Asia/Bangkok,93.40074592920358,2.120689655172414,1.837606837606838,24.22125690265488
15750,2022-12-02 09:00:00,Asia/Bangkok,92.86297428571427,5.103448275862069,4.681034482758621,25.12893794642857
15751,2022-12-02 10:00:00,Asia/Bangkok,88.60579695652174,6.025862068965517,5.620689655172414,26.90707982608695
15752,2022-12-02 11:00:00,Asia/Bangkok,81.10093115044246,8.267241379310345,7.698275862068965,29.40538088495575
15753,2022-12-02 12:00:00,Asia/Bangkok,73.24879860869571,8.226086956521739,7.965217391304348,31.8613512173913
15754,2022-12-02 13:00:00,Asia/Bangkok,71.11577321739132,10.47863247863248,10.11111111111111,32.12589834782609
15755,2022-12-02 14:00:00,Asia/Bangkok,74.07118710526319,13.03448275862069,12.43103448275862,32.04349973451327
15756,2022-12-02 15:00:00,Asia/Bangkok,80.49690774774777,16.68376068376068,16.06034482758621,30.78727747747748
15757,2022-12-02 16:00:00,Asia/Bangkok,81.18779368421059,16.76724137931035,16.28205128205128,30.30435061403508
15758,2022-12-02 17:00:00,Asia/Bangkok,83.61411869565217,18.07758620689655,17.57758620689655,28.58952469565216
15759,2022-12-02 18:00:00,Asia/Bangkok,89.80113094017095,26.14529914529914,25.04273504273504,27.33637760683761
15760,2022-12-02 19:00:00,Asia/Bangkok,89.14207508928571,13.03508771929824,12.60526315789474,26.15525026785716
15761,2022-12-02 20:00:00,Asia/Bangkok,87.93961025862066,13.72413793103448,12.50862068965517,26.04842655172413
15762,2022-12-02 21:00:00,Asia/Bangkok,89.68501080357142,17.68421052631579,16.20869565217391,25.73892294642858
15763,2022-12-02 22:00:00,Asia/Bangkok,90.12302017391303,13.1551724137931,12.46551724137931,25.64650226086956
15764,2022-12-02 23:00:00,Asia/Bangkok,91.15169482456139,13.4695652173913,12.72173913043478,25.39951868421055
15765,2022-12-03 00:00:00,Asia/Bangkok,91.91831608695652,1.732758620689655,1.413793103448276,24.7300847826087
15766,2022-12-03 01:00:00,Asia/Bangkok,92.61718353448276,0.3504273504273504,0.05982905982905983,24.65808051724136
15767,2022-12-03 02:00:00,Asia/Bangkok,91.9292994642857,0.5948275862068966,0.103448275862069,24.86130571428572
15768,2022-12-03 03:00:00,Asia/Bangkok,91.34482743362835,0.5130434782608696,0.208695652173913,24.76304628318584
15769,2022-12-03 04:00:00,Asia/Bangkok,91.66556495652173,0.8362068965517241,0.4655172413793103,24.58967330434783
15770,2022-12-03 05:00:00,Asia/Bangkok,93.24792666666666,1.275862068965517,0.9827586206896551,24.27132203703706
15771,2022-12-03 06:00:00,Asia/Bangkok,94.45124799999999,0.7777777777777778,0.6239316239316239,24.35148347826086
15772,2022-12-03 07:00:00,Asia/Bangkok,94.29315141592922,0.6724137931034483,0.4396551724137931,24.40009849557524
15773,2022-12-03 08:00:00,Asia/Bangkok,94.03177534482761,1.801724137931034,1.543103448275862,24.50677206896553
15774,2022-12-03 09:00:00,Asia/Bangkok,93.90443373913043,2.396551724137931,2.120689655172414,24.62763791304351
15775,2022-12-03 10:00:00,Asia/Bangkok,94.55563417391308,1.982758620689655,1.663793103448276,24.81632573913042
15776,2022-12-03 11:00:00,Asia/Bangkok,95.03179805309736,2.760683760683761,2.316239316239316,25.21556513274336
15777,2022-12-03 12:00:00,Asia/Bangkok,94.74343318181815,1.973913043478261,1.456896551724138,25.4177131818182
15778,2022-12-03 13:00:00,Asia/Bangkok,93.73066964285714,0.6379310344827587,0.3043478260869565,25.638380625
15779,2022-12-03 14:00:00,Asia/Bangkok,93.52386240740744,0.808695652173913,0.3706896551724138,25.84172425925926
15780,2022-12-03 15:00:00,Asia/Bangkok,93.53099867256638,0.6810344827586207,0.4655172413793103,25.10385752212392
15781,2022-12-03 16:00:00,Asia/Bangkok,94.47455902654869,0.03448275862068965,0.008547008547008548,24.73542106194689
15782,2022-12-03 17:00:00,Asia/Bangkok,93.78584063063064,0.01754385964912281,0.0,24.97524450450451
15783,2022-12-03 18:00:00,Asia/Bangkok,93.90104965217392,3.444444444444445,2.974137931034483,25.14041199999999
15784,2022-12-03 19:00:00,Asia/Bangkok,93.45848504347826,5.008620689655173,4.623931623931623,25.09724530434784
15785,2022-12-03 20:00:00,Asia/Bangkok,93.74061468468466,4.086206896551724,3.775862068965517,24.7264683783784
15786,2022-12-03 21:00:00,Asia/Bangkok,93.91414964601766,2.862068965517242,2.560344827586207,24.49497716814162
15787,2022-12-03 22:00:00,Asia/Bangkok,94.21147437499998,3.844827586206896,3.53448275862069,24.38990258928571
15788,2022-12-03 23:00:00,Asia/Bangkok,94.24630637168143,1.709401709401709,1.435897435897436,24.33542132743365
15789,2022-12-04 00:00:00,Asia/Bangkok,94.33687113043476,0.646551724137931,0.4741379310344828,24.33836400000002
15790,2022-12-04 01:00:00,Asia/Bangkok,94.73623643478264,0.3931623931623932,0.2393162393162393,24.16172596491229
15791,2022-12-04 02:00:00,Asia/Bangkok,95.10954289719622,0.5689655172413793,0.3362068965517241,24.07247102803737
15792,2022-12-04 03:00:00,Asia/Bangkok,95.36330243478261,0.06896551724137931,0.0,24.20977043478265
15793,2022-12-04 04:00:00,Asia/Bangkok,95.21568904347824,0.05982905982905983,0.0,24.24615808695653
15794,2022-12-04 05:00:00,Asia/Bangkok,95.26007646017696,0.03571428571428571,0.0,24.17165380530974
15795,2022-12-04 06:00:00,Asia/Bangkok,95.67486706896553,0.07758620689655173,0.0,24.18506655172414
15796,2022-12-04 07:00:00,Asia/Bangkok,95.33228159292032,0.3304347826086956,0.1043478260869565,24.24852142857144
15797,2022-12-04 08:00:00,Asia/Bangkok,95.47402999999991,0.3017241379310345,0.1120689655172414,24.36784784482758
15798,2022-12-04 09:00:00,Asia/Bangkok,95.4253054464286,1.543103448275862,1.267241379310345,24.45301223214287
15799,2022-12-04 10:00:00,Asia/Bangkok,96.18168616071424,0.3793103448275862,0.2155172413793103,24.44340330357145
15800,2022-12-04 11:00:00,Asia/Bangkok,96.48561805309728,0.1206896551724138,0.02586206896551724,24.70432592920355
15801,2022-12-04 12:00:00,Asia/Bangkok,95.52830044642856,1.439655172413793,0.9396551724137931,25.33815517857142
15802,2022-12-04 13:00:00,Asia/Bangkok,94.07214321428576,1.96551724137931,1.46551724137931,26.103085625
15803,2022-12-04 14:00:00,Asia/Bangkok,92.54408594827589,1.692307692307692,1.435897435897436,25.88823224137932
15804,2022-12-04 15:00:00,Asia/Bangkok,93.42341972477064,3.077586206896552,2.879310344827586,25.48110128440368
15805,2022-12-04 16:00:00,Asia/Bangkok,93.9733561403509,3.586206896551724,3.413793103448276,25.67634692982456
15806,2022-12-04 17:00:00,Asia/Bangkok,93.58254087719294,3.112068965517242,2.913793103448276,25.7409959649123
15807,2022-12-04 18:00:00,Asia/Bangkok,93.89380486956523,2.735042735042735,2.358974358974359,25.33674217391304
15808,2022-12-04 19:00:00,Asia/Bangkok,94.36708909090908,2.974137931034483,2.775862068965517,25.12163256880737
15809,2022-12-04 20:00:00,Asia/Bangkok,94.21755880341874,3.689655172413793,3.318965517241379,25.13212256410261
15810,2022-12-04 21:00:00,Asia/Bangkok,94.332303245614,3.606837606837607,3.307692307692307,24.99004508771932
15811,2022-12-04 22:00:00,Asia/Bangkok,94.59286279279277,2.517241379310345,2.318965517241379,24.87629513513513
15812,2022-12-04 23:00:00,Asia/Bangkok,95.14407261261256,1.232758620689655,0.9482758620689655,24.88461909909912
15813,2022-12-05 00:00:00,Asia/Bangkok,94.93620734513274,0.5,0.3017241379310345,24.41021526785714
15814,2022-12-05 01:00:00,Asia/Bangkok,94.44237982300885,0.07758620689655173,0.0,23.90696780701754
15815,2022-12-05 02:00:00,Asia/Bangkok,95.25868060344828,0.06896551724137931,0.0,23.85898499999997
15816,2022-12-05 03:00:00,Asia/Bangkok,94.97556640350881,0.103448275862069,0.02586206896551724,24.12287752212389
15817,2022-12-05 04:00:00,Asia/Bangkok,94.94802827586203,0.0170940170940171,0.0,24.07537422413793
15818,2022-12-05 05:00:00,Asia/Bangkok,94.52380017241379,1.870689655172414,1.504273504273504,24.01292112068968
15819,2022-12-05 06:00:00,Asia/Bangkok,94.5921464864865,1.068965517241379,0.8189655172413793,23.94668675675674
15820,2022-12-05 07:00:00,Asia/Bangkok,94.50391654867252,2.03448275862069,1.827586206896552,24.07504716814161
15821,2022-12-05 08:00:00,Asia/Bangkok,94.74464442477877,6.051724137931035,5.775862068965517,24.2944453982301
15822,2022-12-05 09:00:00,Asia/Bangkok,95.47145181034482,6.21551724137931,5.827586206896552,24.65424863247864
15823,2022-12-05 10:00:00,Asia/Bangkok,95.35515513043471,2.888888888888889,2.555555555555555,25.19978307017544
15824,2022-12-05 11:00:00,Asia/Bangkok,95.14628675675674,4.241379310344827,3.956896551724138,25.57152594594594
15825,2022-12-05 12:00:00,Asia/Bangkok,94.90524625000005,3.582608695652174,3.165217391304348,25.99348089285715
15826,2022-12-05 13:00:00,Asia/Bangkok,93.91969681818185,3.70940170940171,3.196581196581197,26.32535781818182
15827,2022-12-05 14:00:00,Asia/Bangkok,91.04405131578946,2.137931034482758,1.793103448275862,26.68734517543859
15828,2022-12-05 15:00:00,Asia/Bangkok,89.12304424778755,1.131578947368421,0.7017543859649122,26.81008407079647
15829,2022-12-05 16:00:00,Asia/Bangkok,90.81404198275862,2.36283185840708,1.920353982300885,26.34145155172413
15830,2022-12-05 17:00:00,Asia/Bangkok,92.9766207894737,2.721739130434782,2.48695652173913,26.08239535087721
15831,2022-12-05 18:00:00,Asia/Bangkok,92.60551556521737,5.6,5.234782608695652,26.01969321739133
15832,2022-12-05 19:00:00,Asia/Bangkok,92.86878208695653,12.55172413793103,11.92241379310345,25.64229765217395
15833,2022-12-05 20:00:00,Asia/Bangkok,93.61000165217395,19.81896551724138,19.0,25.41207508771928
15834,2022-12-05 21:00:00,Asia/Bangkok,93.9066692035398,15.12931034482759,14.42241379310345,25.37146035398228
15835,2022-12-05 22:00:00,Asia/Bangkok,93.6000363478261,13.22608695652174,12.52173913043478,25.27873608695652
15836,2022-12-05 23:00:00,Asia/Bangkok,93.95080587155968,7.923076923076923,7.299145299145299,25.06790871559631
15837,2022-12-06 00:00:00,Asia/Bangkok,95.25060219298248,9.362068965517242,8.60344827586207,24.88360280701756
15838,2022-12-06 01:00:00,Asia/Bangkok,95.13688412280707,6.517241379310345,5.982758620689655,24.8905362280702
15839,2022-12-06 02:00:00,Asia/Bangkok,95.07430842105265,5.25,4.844827586206897,24.89847885964911
15840,2022-12-06 03:00:00,Asia/Bangkok,94.90801286956524,5.136752136752137,4.810344827586207,24.87237808695653
15841,2022-12-06 04:00:00,Asia/Bangkok,95.35857939130435,1.681034482758621,1.452991452991453,24.66894652173913
15842,2022-12-06 05:00:00,Asia/Bangkok,95.71630725663722,1.982758620689655,1.646551724137931,24.58070876106198
15843,2022-12-06 06:00:00,Asia/Bangkok,95.32579416666674,1.637931034482759,1.482758620689655,24.65158233644859
15844,2022-12-06 07:00:00,Asia/Bangkok,95.03045669565215,2.256410256410256,2.042735042735043,24.55022226086961
15845,2022-12-06 08:00:00,Asia/Bangkok,95.8661981896552,3.508620689655173,3.206896551724138,24.80313120689658
15846,2022-12-06 09:00:00,Asia/Bangkok,96.20308176991156,2.689655172413793,2.405172413793104,25.36373327433627
15847,2022-12-06 10:00:00,Asia/Bangkok,95.76372963302752,2.887931034482758,2.637931034482758,25.96320532110092
15848,2022-12-06 11:00:00,Asia/Bangkok,94.32708831858407,2.618181818181818,2.3,26.27577814159293
15849,2022-12-06 12:00:00,Asia/Bangkok,88.17522872727272,1.956896551724138,1.706896551724138,28.66002527272726
15850,2022-12-06 13:00:00,Asia/Bangkok,88.9816970689655,2.581196581196581,2.145299145299145,28.08360836206896
15851,2022-12-06 14:00:00,Asia/Bangkok,92.56925166666669,2.973913043478261,2.504347826086957,27.01909055555555
15852,2022-12-06 15:00:00,Asia/Bangkok,87.49471401785713,1.382608695652174,1.08695652173913,28.07712571428571
15853,2022-12-06 16:00:00,Asia/Bangkok,88.68087043478259,1.641025641025641,1.162393162393162,27.79771513043478
15854,2022-12-06 17:00:00,Asia/Bangkok,87.62362353982301,2.629310344827586,1.913793103448276,27.81136230088496
15855,2022-12-06 18:00:00,Asia/Bangkok,88.17709500000007,3.743589743589744,3.146551724137931,27.79761798245613
15856,2022-12-06 19:00:00,Asia/Bangkok,89.65878561403512,16.69911504424779,15.66666666666667,27.25493140350876
15857,2022-12-06 20:00:00,Asia/Bangkok,91.09970938053097,12.31304347826087,11.46086956521739,26.4565850442478
15858,2022-12-06 21:00:00,Asia/Bangkok,91.44338491228069,12.08620689655172,11.12931034482759,26.24512315789472
15859,2022-12-06 22:00:00,Asia/Bangkok,91.86285589285717,13.12173913043478,12.26956521739131,25.93940750000001
15860,2022-12-06 23:00:00,Asia/Bangkok,92.53340207207208,13.18260869565217,12.1304347826087,25.6655655855856
15861,2022-12-07 00:00:00,Asia/Bangkok,93.04787882882887,11.87179487179487,11.13675213675214,25.55443363636366
15862,2022-12-07 01:00:00,Asia/Bangkok,93.34509330275233,9.56140350877193,8.789473684210526,25.52446275229358
15863,2022-12-07 02:00:00,Asia/Bangkok,94.45405991150437,5.530434782608696,4.878260869565217,25.2537761946903
15864,2022-12-07 03:00:00,Asia/Bangkok,94.02937192982458,4.078260869565217,3.530434782608696,25.08535605263159
15865,2022-12-07 04:00:00,Asia/Bangkok,94.32613157894741,5.298245614035087,4.640350877192983,25.01787210526315
15866,2022-12-07 05:00:00,Asia/Bangkok,94.73394609090906,6.051724137931035,5.5,24.95744363636362
15867,2022-12-07 06:00:00,Asia/Bangkok,95.16209910714285,6.913043478260869,6.408695652173913,24.81741232142856
15868,2022-12-07 07:00:00,Asia/Bangkok,95.42515725663715,8.752136752136753,8.213675213675213,24.65713194690266
15869,2022-12-07 08:00:00,Asia/Bangkok,96.02602719298247,8.817391304347826,8.182608695652174,25.3303649557522
15870,2022-12-07 09:00:00,Asia/Bangkok,95.2639190434782,6.336206896551724,5.775862068965517,26.33281965217391
15871,2022-12-07 10:00:00,Asia/Bangkok,91.03513965217397,6.794871794871795,6.034188034188034,27.95182808695652
15872,2022-12-07 11:00:00,Asia/Bangkok,83.96497657894733,4.4,3.495652173913043,29.50791403508772
15873,2022-12-07 12:00:00,Asia/Bangkok,75.75761376146788,3.147826086956522,2.113043478260869,30.97589999999998
15874,2022-12-07 13:00:00,Asia/Bangkok,70.56953371681418,2.25,1.405172413793103,31.94583150442479
15875,2022-12-07 14:00:00,Asia/Bangkok,70.10009566371683,2.521367521367521,1.547008547008547,31.93229309734514
15876,2022-12-07 15:00:00,Asia/Bangkok,69.26169991150444,2.706896551724138,1.758620689655172,32.37818876106195
15877,2022-12-07 16:00:00,Asia/Bangkok,73.01708085470088,3.358974358974359,2.572649572649573,31.11560034188034
15878,2022-12-07 17:00:00,Asia/Bangkok,76.10664078260868,4.991379310344827,4.017241379310345,30.29591226086956
15879,2022-12-07 18:00:00,Asia/Bangkok,81.1215254782609,7.060344827586207,6.086206896551724,29.58946060869564
15880,2022-12-07 19:00:00,Asia/Bangkok,83.8826251304348,21.43589743589743,18.35897435897436,28.97233530434783
15881,2022-12-07 20:00:00,Asia/Bangkok,85.98137745614032,14.36206896551724,12.93965517241379,28.52478622807017
15882,2022-12-07 21:00:00,Asia/Bangkok,87.16555234234235,17.47008547008547,16.17948717948718,28.05237801801802
15883,2022-12-07 22:00:00,Asia/Bangkok,88.3463585344827,15.16379310344828,13.96551724137931,27.6689264912281
15884,2022-12-07 23:00:00,Asia/Bangkok,90.04888198275857,9.85344827586207,8.922413793103448,26.69439301724137
15885,2022-12-08 00:00:00,Asia/Bangkok,92.4404236283186,12.29565217391304,11.4,26.42557929203542
15886,2022-12-08 01:00:00,Asia/Bangkok,92.4694606034483,18.64957264957265,17.52991452991453,26.62098499999999
15887,2022-12-08 02:00:00,Asia/Bangkok,91.6594736842105,13.5,12.56896551724138,26.34334106194691
15888,2022-12-08 03:00:00,Asia/Bangkok,92.61914547826085,8.060344827586206,7.431034482758621,25.68950173913043
15889,2022-12-08 04:00:00,Asia/Bangkok,92.91974741379308,1.811965811965812,1.418803418803419,25.00260025862072
15890,2022-12-08 05:00:00,Asia/Bangkok,93.49663357142849,0.853448275862069,0.5603448275862069,24.88209758928572
15891,2022-12-08 06:00:00,Asia/Bangkok,93.52326330434784,0.2543859649122807,0.07894736842105263,24.72051721739131
15892,2022-12-08 07:00:00,Asia/Bangkok,93.20874535087715,0.6379310344827587,0.4137931034482759,24.62957893805308
15893,2022-12-08 08:00:00,Asia/Bangkok,93.78801428571428,0.8103448275862069,0.603448275862069,24.52921107142857
15894,2022-12-08 09:00:00,Asia/Bangkok,93.48492654545454,0.4224137931034483,0.293103448275862,25.01575318181818
15895,2022-12-08 10:00:00,Asia/Bangkok,92.0791754385964,0.3793103448275862,0.2586206896551724,25.68187263157894
15896,2022-12-08 11:00:00,Asia/Bangkok,92.07225072072072,2.741379310344827,2.370689655172414,25.78731504504505
15897,2022-12-08 12:00:00,Asia/Bangkok,93.82503135135138,0.7345132743362832,0.4336283185840708,24.7642146846847
15898,2022-12-08 13:00:00,Asia/Bangkok,93.51558754385968,0.1810344827586207,0.01724137931034483,25.03534614035087
15899,2022-12-08 14:00:00,Asia/Bangkok,92.8116096491228,0.6120689655172413,0.4827586206896552,25.58927771929825
15900,2022-12-08 15:00:00,Asia/Bangkok,89.3349254782608,1.5,1.156521739130435,26.62669495652173
15901,2022-12-08 16:00:00,Asia/Bangkok,85.99207208695653,2.31304347826087,2.008620689655173,27.45805008695654
15902,2022-12-08 17:00:00,Asia/Bangkok,87.2638771818182,6.351351351351352,5.900900900900901,27.11694054545452
15903,2022-12-08 18:00:00,Asia/Bangkok,89.7091144736842,7.853448275862069,7.293103448275862,26.55312649122807
15904,2022-12-08 19:00:00,Asia/Bangkok,91.35177374999996,9.034188034188034,8.264957264957266,26.19261151785714
15905,2022-12-08 20:00:00,Asia/Bangkok,92.31217078947367,12.88793103448276,12.06896551724138,25.86411035087721
15906,2022-12-08 21:00:00,Asia/Bangkok,92.70337365217392,26.8448275862069,24.46551724137931,25.73172026086954
15907,2022-12-08 22:00:00,Asia/Bangkok,94.1549508928571,11.11304347826087,10.30434782608696,25.48595491071427
15908,2022-12-08 23:00:00,Asia/Bangkok,95.46936017241379,11.67241379310345,11.22413793103448,25.04716663793105
15909,2022-12-09 00:00:00,Asia/Bangkok,95.37841565217391,10.45299145299145,9.871794871794872,25.03893869565219
15910,2022-12-09 01:00:00,Asia/Bangkok,95.40571612612612,10.64912280701754,10.09649122807017,24.98186518181821
15911,2022-12-09 02:00:00,Asia/Bangkok,95.75789587719295,9.870689655172415,9.370689655172415,24.79400587719297
15912,2022-12-09 03:00:00,Asia/Bangkok,95.80847719298245,6.525862068965517,6.206896551724138,24.64039342105264
15913,2022-12-09 04:00:00,Asia/Bangkok,95.32696422413795,6.172413793103448,5.827586206896552,24.7653051724138
15914,2022-12-09 05:00:00,Asia/Bangkok,94.68344103448274,5.310344827586207,4.922413793103448,24.82957732758621
15915,2022-12-09 06:00:00,Asia/Bangkok,94.46252732142854,4.922413793103448,4.517241379310345,24.76698517857142
15916,2022-12-09 07:00:00,Asia/Bangkok,94.2703807758621,7.47008547008547,6.905982905982906,24.77916396551723
15917,2022-12-09 08:00:00,Asia/Bangkok,94.46844203539825,7.758620689655173,7.241379310344827,24.84346274336285
15918,2022-12-09 09:00:00,Asia/Bangkok,94.26246982142847,6.0,5.577586206896552,24.9338600892857
15919,2022-12-09 10:00:00,Asia/Bangkok,93.68267324561403,6.172413793103448,5.655172413793103,25.36124464912282
15920,2022-12-09 11:00:00,Asia/Bangkok,92.40309069565211,5.008620689655173,4.655172413793103,25.92987947826088
15921,2022-12-09 12:00:00,Asia/Bangkok,89.67347713043478,5.724137931034483,5.46551724137931,26.70248834782608
15922,2022-12-09 13:00:00,Asia/Bangkok,87.47125912280704,6.827586206896552,6.551724137931035,27.22482982456141
15923,2022-12-09 14:00:00,Asia/Bangkok,87.94446068376071,11.33333333333333,10.83760683760684,27.29698606837605
15924,2022-12-09 15:00:00,Asia/Bangkok,89.49230582608695,9.474137931034482,9.077586206896552,27.12892330434781
15925,2022-12-09 16:00:00,Asia/Bangkok,90.51413473684208,31.30172413793104,29.22413793103448,26.74538982456141
15926,2022-12-09 17:00:00,Asia/Bangkok,92.8226335652174,10.96551724137931,10.33620689655172,26.02131852173913
15927,2022-12-09 18:00:00,Asia/Bangkok,93.17015928571429,16.30088495575221,15.48672566371681,25.77895267857143
15928,2022-12-09 19:00:00,Asia/Bangkok,93.94012931034477,17.69230769230769,16.76068376068376,25.4266101724138
15929,2022-12-09 20:00:00,Asia/Bangkok,93.9829554954955,19.5,18.60344827586207,25.08003666666669
15930,2022-12-09 21:00:00,Asia/Bangkok,93.96614732142855,16.05172413793104,15.3448275862069,24.89952651785715
15931,2022-12-09 22:00:00,Asia/Bangkok,93.48467053097343,16.69565217391304,15.89565217391304,24.92943548672563
15932,2022-12-09 23:00:00,Asia/Bangkok,93.15982043478262,14.17241379310345,13.55172413793103,25.02941991304348
15933,2022-12-10 00:00:00,Asia/Bangkok,93.69097860869566,16.11304347826087,15.37391304347826,24.89480999999999
15934,2022-12-10 01:00:00,Asia/Bangkok,93.62073274336281,20.56896551724138,19.55172413793104,24.83176513274336
15935,2022-12-10 02:00:00,Asia/Bangkok,94.18960385964913,18.58928571428572,17.76785714285714,24.71792578947365
15936,2022-12-10 03:00:00,Asia/Bangkok,94.60225189189187,19.11304347826087,18.23478260869565,24.60199828828831
15937,2022-12-10 04:00:00,Asia/Bangkok,94.91211663716814,18.75,17.83620689655172,24.52437133928571
15938,2022-12-10 05:00:00,Asia/Bangkok,95.18760122807014,16.23076923076923,15.54700854700855,24.55096219298246
15939,2022-12-10 06:00:00,Asia/Bangkok,95.21585256637175,17.72173913043478,16.82608695652174,24.50492637168142
15940,2022-12-10 07:00:00,Asia/Bangkok,95.44026043478264,16.15384615384615,15.30769230769231,24.57116773913044
15941,2022-12-10 08:00:00,Asia/Bangkok,95.84969477477482,14.08620689655172,13.51724137931035,24.69781729729729
15942,2022-12-10 09:00:00,Asia/Bangkok,95.34407434782608,9.543103448275861,9.0,25.11995539130436
15943,2022-12-10 10:00:00,Asia/Bangkok,93.67253729729731,8.405172413793103,7.741379310344827,25.79891117117118
15944,2022-12-10 11:00:00,Asia/Bangkok,92.10547736842103,8.948717948717949,8.393162393162394,26.42441
15945,2022-12-10 12:00:00,Asia/Bangkok,85.9621475,6.663793103448276,6.267241379310345,28.62200215517241
15946,2022-12-10 13:00:00,Asia/Bangkok,79.38135947826083,3.401709401709402,3.085470085470086,29.87548114035088
15947,2022-12-10 14:00:00,Asia/Bangkok,78.70953782608693,4.560344827586207,4.198275862068965,30.11857730434784
15948,2022-12-10 15:00:00,Asia/Bangkok,78.21347796460175,5.172413793103448,4.836206896551724,30.31692876106198
15949,2022-12-10 16:00:00,Asia/Bangkok,77.82613828828826,4.629310344827586,4.25,30.15077396396397
15950,2022-12-10 17:00:00,Asia/Bangkok,77.96563763157897,5.367521367521367,4.982905982905983,29.86716587719298
15951,2022-12-10 18:00:00,Asia/Bangkok,79.06987591304348,8.793103448275861,8.02608695652174,29.55668122807017
15952,2022-12-10 19:00:00,Asia/Bangkok,83.19210549549547,9.560344827586206,9.042735042735043,28.33293072072072
15953,2022-12-10 20:00:00,Asia/Bangkok,85.48688324324318,9.121739130434783,8.626086956521739,27.34445045045045
15954,2022-12-10 21:00:00,Asia/Bangkok,87.69160895652175,11.25862068965517,10.62931034482759,27.01948904347826
15955,2022-12-10 22:00:00,Asia/Bangkok,88.78764422413794,17.67241379310345,17.04310344827586,26.60008120689656
15956,2022-12-10 23:00:00,Asia/Bangkok,89.555441754386,23.62068965517241,22.63793103448276,26.47697333333333
15957,2022-12-11 00:00:00,Asia/Bangkok,90.4336214035088,18.98290598290598,18.04273504273504,26.1888804385965
15958,2022-12-11 01:00:00,Asia/Bangkok,90.98453787610623,17.24137931034483,16.22413793103448,26.03748150442477
15959,2022-12-11 02:00:00,Asia/Bangkok,91.20848938596488,17.05172413793104,15.97413793103448,25.84883807017542
15960,2022-12-11 03:00:00,Asia/Bangkok,90.95709589285711,12.82758620689655,12.16379310344828,25.75459769911503
15961,2022-12-11 04:00:00,Asia/Bangkok,91.22265741071432,15.18803418803419,14.52136752136752,25.68548567567567
15962,2022-12-11 05:00:00,Asia/Bangkok,91.38395508771929,9.775862068965518,9.189655172413794,25.6402050877193
15963,2022-12-11 06:00:00,Asia/Bangkok,91.63414090090087,8.258620689655173,7.724137931034483,25.47553549549547
15964,2022-12-11 07:00:00,Asia/Bangkok,91.53592027272728,8.439655172413794,7.956896551724138,25.26916790909092
15965,2022-12-11 08:00:00,Asia/Bangkok,91.20654008928577,11.04347826086956,10.3304347826087,25.40109910714289
15966,2022-12-11 09:00:00,Asia/Bangkok,89.70378657894736,22.5948275862069,20.43965517241379,26.18923500000001
15967,2022-12-11 10:00:00,Asia/Bangkok,86.30109228070181,10.32758620689655,9.732758620689655,27.47106131578947
15968,2022-12-11 11:00:00,Asia/Bangkok,84.58400982608696,13.73913043478261,12.94782608695652,28.60705429824561
15969,2022-12-11 12:00:00,Asia/Bangkok,88.81755415929203,13.86086956521739,12.64347826086957,26.98232955752212
15970,2022-12-11 13:00:00,Asia/Bangkok,92.298852173913,5.316239316239316,4.863247863247863,25.47724686956522
15971,2022-12-11 14:00:00,Asia/Bangkok,91.8577728828829,2.646551724137931,2.336206896551724,25.67684612612613
15972,2022-12-11 15:00:00,Asia/Bangkok,90.25832279279281,2.793103448275862,2.5,25.77716324324324
15973,2022-12-11 16:00:00,Asia/Bangkok,88.92780472727274,3.948717948717949,3.666666666666667,26.50393127272726
15974,2022-12-11 17:00:00,Asia/Bangkok,89.84363543859654,7.129310344827586,6.637931034482759,26.73335228070175
15975,2022-12-11 18:00:00,Asia/Bangkok,88.95396557522129,7.663793103448276,7.224137931034483,26.64232575221237
15976,2022-12-11 19:00:00,Asia/Bangkok,89.52518982456135,12.17241379310345,11.55172413793103,25.8538745614035
15977,2022-12-11 20:00:00,Asia/Bangkok,90.67992166666669,10.25862068965517,9.724137931034482,25.56056026315793
15978,2022-12-11 21:00:00,Asia/Bangkok,91.26749956896553,13.63793103448276,12.74137931034483,25.41194568965516
15979,2022-12-11 22:00:00,Asia/Bangkok,91.75937333333333,15.00854700854701,14.02564102564103,25.28926393162395
15980,2022-12-11 23:00:00,Asia/Bangkok,92.43790736842105,18.91379310344828,17.9051724137931,25.03529991228067
15981,2022-12-12 00:00:00,Asia/Bangkok,92.80504690265488,27.2695652173913,25.77391304347826,25.0184794690265
15982,2022-12-12 01:00:00,Asia/Bangkok,92.91685556521736,24.17241379310345,23.06034482758621,24.96365904347826
15983,2022-12-12 02:00:00,Asia/Bangkok,93.02821074766356,17.4051724137931,16.5948275862069,24.77334271028035
15984,2022-12-12 03:00:00,Asia/Bangkok,92.90259217391309,14.25641025641026,13.42735042735043,24.55557622807017
15985,2022-12-12 04:00:00,Asia/Bangkok,92.98188939655171,12.69827586206897,11.9051724137931,24.30969974137936
15986,2022-12-12 05:00:00,Asia/Bangkok,92.82102945945945,11.35344827586207,10.74137931034483,24.16784306306307
15987,2022-12-12 06:00:00,Asia/Bangkok,92.9050695575221,11.4957264957265,10.82905982905983,24.01280477876107
15988,2022-12-12 07:00:00,Asia/Bangkok,93.46589758928572,13.17543859649123,12.26086956521739,23.96882752212388
15989,2022-12-12 08:00:00,Asia/Bangkok,94.61404692982455,13.94871794871795,13.11965811965812,24.5294546902655
15990,2022-12-12 09:00:00,Asia/Bangkok,94.29074214285713,14.72413793103448,13.72413793103448,25.71729330357144
15991,2022-12-12 10:00:00,Asia/Bangkok,88.62419798245614,12.87068965517241,12.04310344827586,27.35206903508773
15992,2022-12-12 11:00:00,Asia/Bangkok,89.4334516814159,12.0,11.15652173913043,26.88813601769911
15993,2022-12-12 12:00:00,Asia/Bangkok,92.65530191304346,8.827586206896552,8.137931034482758,26.23446034782609
15994,2022-12-12 13:00:00,Asia/Bangkok,87.59375885964913,11.33333333333333,10.55555555555556,28.5726894736842
15995,2022-12-12 14:00:00,Asia/Bangkok,83.59477991071432,10.01724137931035,9.232758620689655,29.52415741071431
15996,2022-12-12 15:00:00,Asia/Bangkok,86.6181732110092,12.70689655172414,11.95689655172414,27.67236238532109
15997,2022-12-12 16:00:00,Asia/Bangkok,88.48760432432432,12.25862068965517,11.48275862068965,27.65235963963966
15998,2022-12-12 17:00:00,Asia/Bangkok,89.82951675675676,12.0948275862069,11.46551724137931,26.79246612612613
15999,2022-12-12 18:00:00,Asia/Bangkok,92.01873177570097,12.21621621621622,11.57657657657658,25.98350476635513
16000,2022-12-12 19:00:00,Asia/Bangkok,92.55570591304347,11.66379310344828,10.99137931034483,25.66231530434785
16001,2022-12-12 20:00:00,Asia/Bangkok,92.94206043859649,9.269565217391305,8.591304347826087,25.15996175438597
16002,2022-12-12 21:00:00,Asia/Bangkok,93.44349304347818,9.860869565217392,9.31304347826087,25.05167175438597
16003,2022-12-12 22:00:00,Asia/Bangkok,93.76807137931036,10.20689655172414,9.732758620689655,25.01507715517244
16004,2022-12-12 23:00:00,Asia/Bangkok,93.94523535714282,10.31034482758621,9.758620689655173,25.00309910714286
16005,2022-12-13 00:00:00,Asia/Bangkok,94.31802681415934,8.155172413793103,7.732758620689655,24.92208557522124
16006,2022-12-13 01:00:00,Asia/Bangkok,94.33166999999997,5.732758620689655,5.310344827586207,24.80826565217391
16007,2022-12-13 02:00:00,Asia/Bangkok,94.61907657657649,7.525862068965517,6.767241379310345,24.70185702702704
16008,2022-12-13 03:00:00,Asia/Bangkok,94.44409207207208,10.11965811965812,9.239316239316238,24.67551585585583
16009,2022-12-13 04:00:00,Asia/Bangkok,94.88600060869565,11.81034482758621,10.77586206896552,24.70744417391306
16010,2022-12-13 05:00:00,Asia/Bangkok,94.88836324561409,13.43965517241379,12.54310344827586,24.67745371681415
16011,2022-12-13 06:00:00,Asia/Bangkok,94.84384207207205,14.5,13.54310344827586,24.66589324324326
16012,2022-12-13 07:00:00,Asia/Bangkok,95.4767151754386,16.2695652173913,15.23478260869565,24.63330330434783
16013,2022-12-13 08:00:00,Asia/Bangkok,95.81265254385964,17.31623931623932,16.05982905982906,25.41725805309735
16014,2022-12-13 09:00:00,Asia/Bangkok,93.60867948275862,17.33620689655172,16.00862068965517,26.74786939655173
16015,2022-12-13 10:00:00,Asia/Bangkok,85.20838182608699,15.53448275862069,14.35344827586207,28.21942620689656
16016,2022-12-13 11:00:00,Asia/Bangkok,81.47688407079649,18.64102564102564,17.10344827586207,28.88845214285714
16017,2022-12-13 12:00:00,Asia/Bangkok,79.34961371681413,20.13793103448276,18.70940170940171,29.07158929203537
16018,2022-12-13 13:00:00,Asia/Bangkok,75.99418080357144,17.99115044247788,16.54867256637168,30.0388385714286
16019,2022-12-13 14:00:00,Asia/Bangkok,77.83965666666667,17.85148514851485,16.36633663366337,29.06999916666666
16020,2022-12-13 15:00:00,Asia/Bangkok,76.43366061538461,18.34782608695652,16.82608695652174,30.12986765625001
16021,2022-12-13 16:00:00,Asia/Bangkok,78.41449438596493,19.56896551724138,17.76724137931035,29.32145815789476
16022,2022-12-13 17:00:00,Asia/Bangkok,81.88961922413793,19.76923076923077,18.23076923076923,27.79636594827587
16023,2022-12-13 18:00:00,Asia/Bangkok,85.41083521739127,30.39655172413793,27.24137931034483,27.7355324347826
16024,2022-12-13 19:00:00,Asia/Bangkok,87.11412817391309,37.99145299145299,32.96581196581197,27.44885452173915
16025,2022-12-13 20:00:00,Asia/Bangkok,91.10020982300887,27.53448275862069,24.92241379310345,26.10990964601769
16026,2022-12-13 21:00:00,Asia/Bangkok,91.9481457391304,46.88793103448276,42.31034482758621,26.20666321739127
16027,2022-12-13 22:00:00,Asia/Bangkok,91.6408274561403,61.65486725663717,55.85840707964602,26.04327850877191
16028,2022-12-13 23:00:00,Asia/Bangkok,92.34801034782612,28.28448275862069,26.06034482758621,25.7861606896552
16029,2022-12-14 00:00:00,Asia/Bangkok,91.90001137931031,21.98290598290598,20.51724137931035,25.92611695652174
16030,2022-12-14 01:00:00,Asia/Bangkok,91.5721757017544,20.50862068965517,19.16239316239316,25.66950754385965
16031,2022-12-14 02:00:00,Asia/Bangkok,91.92792486725659,19.87931034482759,18.79310344827586,25.61970867256636
16032,2022-12-14 03:00:00,Asia/Bangkok,91.85615216216213,19.80530973451327,18.76106194690265,25.46319567567566
16033,2022-12-14 04:00:00,Asia/Bangkok,91.74763929203546,19.75213675213675,18.58119658119658,25.10225247787611
16034,2022-12-14 05:00:00,Asia/Bangkok,92.5505574107143,16.26315789473684,15.14912280701754,24.85877522123897
16035,2022-12-14 06:00:00,Asia/Bangkok,92.54549833333331,13.56521739130435,12.78260869565217,24.75313149122808
16036,2022-12-14 07:00:00,Asia/Bangkok,92.64013105263162,13.86086956521739,12.96521739130435,24.62003824561403
16037,2022-12-14 08:00:00,Asia/Bangkok,93.449424173913,16.80172413793104,15.85344827586207,25.25614226086956
16038,2022-12-14 09:00:00,Asia/Bangkok,89.04780947368423,15.04347826086956,14.31304347826087,26.56525877192983
16039,2022-12-14 10:00:00,Asia/Bangkok,83.0826442105263,18.0948275862069,17.10344827586207,27.80853026315787
16040,2022-12-14 11:00:00,Asia/Bangkok,80.89698628318581,20.06896551724138,18.98275862068965,28.32711194690267
16041,2022-12-14 12:00:00,Asia/Bangkok,80.01330576576574,19.98290598290598,18.52136752136752,28.58569927927929
16042,2022-12-14 13:00:00,Asia/Bangkok,83.0790692105263,19.00862068965517,17.88793103448276,27.13293850877191
16043,2022-12-14 14:00:00,Asia/Bangkok,83.83725578947369,21.18103448275862,19.73275862068965,28.16141184210525
16044,2022-12-14 15:00:00,Asia/Bangkok,74.79975165217391,15.58119658119658,14.17094017094017,29.43265365217391
16045,2022-12-14 16:00:00,Asia/Bangkok,78.63311289473687,14.71551724137931,13.56034482758621,28.58187175438596
16046,2022-12-14 17:00:00,Asia/Bangkok,78.98620672566373,14.57758620689655,13.21551724137931,28.28202185840708
16047,2022-12-14 18:00:00,Asia/Bangkok,82.10397991304349,14.80172413793103,13.4051724137931,27.83386886956522
16048,2022-12-14 19:00:00,Asia/Bangkok,87.95999213675216,29.2051282051282,25.86324786324786,26.38430470085469
16049,2022-12-14 20:00:00,Asia/Bangkok,89.73946594827582,28.03448275862069,25.12931034482759,26.05185655172412
16050,2022-12-14 21:00:00,Asia/Bangkok,91.07418869565218,55.44347826086957,48.50434782608696,26.09128139130433
16051,2022-12-14 22:00:00,Asia/Bangkok,92.26795763157895,37.58620689655172,32.9051724137931,26.08818070175438
16052,2022-12-14 23:00:00,Asia/Bangkok,92.88373573913042,28.26495726495726,26.75213675213675,25.74407373913045
16053,2022-12-15 00:00:00,Asia/Bangkok,93.03001761061952,30.30172413793104,28.55172413793104,25.72382761061949
16054,2022-12-15 01:00:00,Asia/Bangkok,93.94102850467287,29.37931034482759,27.54310344827586,25.46773233644863
16055,2022-12-15 02:00:00,Asia/Bangkok,93.34197663793103,28.03418803418803,26.54700854700855,25.49048896551726
16056,2022-12-15 03:00:00,Asia/Bangkok,92.12520360360364,22.36521739130435,21.22608695652174,24.82962693693694
16057,2022-12-15 04:00:00,Asia/Bangkok,92.34086115044248,22.1965811965812,21.01709401709402,24.47425482142859
16058,2022-12-15 05:00:00,Asia/Bangkok,92.9146180172414,21.87931034482759,20.62931034482759,24.74010017241378
16059,2022-12-15 06:00:00,Asia/Bangkok,93.6344103539823,23.91379310344828,22.80172413793104,24.64928592920354
16060,2022-12-15 07:00:00,Asia/Bangkok,93.1572129824562,21.56896551724138,20.5,24.09429114035088
16061,2022-12-15 08:00:00,Asia/Bangkok,93.74250792452831,20.7787610619469,19.76106194690265,24.07566141509436
16062,2022-12-15 09:00:00,Asia/Bangkok,93.27710350877196,20.95689655172414,20.11206896551724,24.52259657894737
16063,2022-12-15 10:00:00,Asia/Bangkok,91.07330181034484,20.93103448275862,20.01724137931035,25.80915594827586
16064,2022-12-15 11:00:00,Asia/Bangkok,87.09382234234232,20.64347826086956,19.7304347826087,26.94462585585586
16065,2022-12-15 12:00:00,Asia/Bangkok,85.05099105263157,18.45217391304348,17.50862068965517,27.62755728070175
16066,2022-12-15 13:00:00,Asia/Bangkok,92.82845053571427,12.74137931034483,11.93103448275862,25.41795410714285
16067,2022-12-15 14:00:00,Asia/Bangkok,89.25148529411763,17.71844660194175,16.80582524271844,27.55856921568627
16068,2022-12-15 15:00:00,Asia/Bangkok,86.02647663716823,21.37719298245614,20.39473684210526,27.97940203539823
16069,2022-12-15 16:00:00,Asia/Bangkok,91.04789034782608,22.62931034482759,21.52586206896552,26.24509304347825
16070,2022-12-15 17:00:00,Asia/Bangkok,90.01860491228072,22.96521739130435,22.09565217391305,26.74075333333334
16071,2022-12-15 18:00:00,Asia/Bangkok,90.55537271929825,29.75652173913043,27.38260869565217,26.48772570175441
16072,2022-12-15 19:00:00,Asia/Bangkok,91.01424477876101,44.57758620689656,39.0,25.95793920353983
16073,2022-12-15 20:00:00,Asia/Bangkok,91.81413217391298,41.50427350427351,36.16239316239317,25.49677599999998
16074,2022-12-15 21:00:00,Asia/Bangkok,92.09322419642854,36.77586206896552,32.76724137931034,25.33016919642856
16075,2022-12-15 22:00:00,Asia/Bangkok,92.07210827586208,35.18803418803419,31.95726495726496,25.38952362068964
16076,2022-12-15 23:00:00,Asia/Bangkok,91.88663408695656,35.37931034482759,32.01724137931034,25.47459982608697
16077,2022-12-16 00:00:00,Asia/Bangkok,92.192239380531,35.87068965517241,32.45689655172414,25.52664637168146
16078,2022-12-16 01:00:00,Asia/Bangkok,92.43893239316239,36.76923076923077,32.81196581196581,25.59573786324786
16079,2022-12-16 02:00:00,Asia/Bangkok,92.85549081818185,37.16964285714285,33.03571428571428,25.57735309090908
16080,2022-12-16 03:00:00,Asia/Bangkok,93.15490009009015,34.21551724137931,31.3448275862069,25.4981375454546
16081,2022-12-16 04:00:00,Asia/Bangkok,92.77239275862065,32.31896551724138,30.30172413793104,25.50303594827587
16082,2022-12-16 05:00:00,Asia/Bangkok,92.99512773913042,29.76724137931035,28.17241379310345,25.43136295652172
16083,2022-12-16 06:00:00,Asia/Bangkok,93.04879860869562,29.95689655172414,28.31034482758621,25.16637034782612
16084,2022-12-16 07:00:00,Asia/Bangkok,93.32111378378379,27.79310344827586,26.55172413793104,24.99735342342341
16085,2022-12-16 08:00:00,Asia/Bangkok,94.30947234782612,28.79310344827586,27.37068965517241,25.49893530434781
16086,2022-12-16 09:00:00,Asia/Bangkok,91.9572750434782,26.78632478632479,25.47008547008547,26.64290226086956
16087,2022-12-16 10:00:00,Asia/Bangkok,82.6125872566372,22.27433628318584,21.30088495575221,28.55985663716814
16088,2022-12-16 11:00:00,Asia/Bangkok,77.30418173913043,19.86324786324786,18.82905982905983,29.99653408695652
16089,2022-12-16 12:00:00,Asia/Bangkok,76.68183026785714,19.70689655172414,18.75862068965517,30.00693749999999
16090,2022-12-16 13:00:00,Asia/Bangkok,77.78065491228071,21.64957264957265,20.67521367521368,29.73533666666667
16091,2022-12-16 14:00:00,Asia/Bangkok,88.19684095652173,20.81034482758621,19.8448275862069,27.0225763478261
16092,2022-12-16 15:00:00,Asia/Bangkok,88.85509607142855,16.47826086956522,15.49565217391304,26.73614330357142
16093,2022-12-16 16:00:00,Asia/Bangkok,87.1170568965517,18.00862068965517,17.0948275862069,27.86351525862069
16094,2022-12-16 17:00:00,Asia/Bangkok,89.9342530701754,28.14529914529914,26.43589743589743,27.76941578947366
16095,2022-12-16 18:00:00,Asia/Bangkok,88.342002,24.43103448275862,23.31034482758621,27.90596310344828
16096,2022-12-16 19:00:00,Asia/Bangkok,87.41404252252251,25.1025641025641,23.76923076923077,27.24700881818182
16097,2022-12-16 20:00:00,Asia/Bangkok,88.4355690178572,49.69827586206897,43.23275862068966,26.9743267857143
16098,2022-12-16 21:00:00,Asia/Bangkok,89.69649491071429,60.75,52.88793103448276,26.68171348214284
16099,2022-12-16 22:00:00,Asia/Bangkok,90.88890412280702,61.39655172413793,54.14655172413793,26.33856096491228
16100,2022-12-16 23:00:00,Asia/Bangkok,91.5934271794872,52.1025641025641,43.42735042735043,25.80320051282053
16101,2022-12-17 00:00:00,Asia/Bangkok,92.1036251724138,43.60344827586207,37.37068965517241,25.56820147826091
16102,2022-12-17 01:00:00,Asia/Bangkok,91.88604315789472,34.71551724137931,31.31896551724138,25.48888166666666
16103,2022-12-17 02:00:00,Asia/Bangkok,92.004137699115,30.2695652173913,28.29565217391304,25.2728155652174
16104,2022-12-17 03:00:00,Asia/Bangkok,92.24452407079647,32.53846153846154,30.03418803418803,25.0618929464286
16105,2022-12-17 04:00:00,Asia/Bangkok,92.67776556521741,42.21551724137931,35.81034482758621,25.25222060869566
16106,2022-12-17 05:00:00,Asia/Bangkok,92.9770362068965,30.0948275862069,27.60344827586207,25.29014086956522
16107,2022-12-17 06:00:00,Asia/Bangkok,94.08510069565217,25.23076923076923,24.01709401709402,25.23582582608698
16108,2022-12-17 07:00:00,Asia/Bangkok,94.96959596491224,24.74137931034483,23.43965517241379,25.12112342105262
16109,2022-12-17 08:00:00,Asia/Bangkok,94.8025164864865,17.41379310344828,16.66379310344828,25.13070270270271
16110,2022-12-17 09:00:00,Asia/Bangkok,94.98337852173911,11.8448275862069,11.32758620689655,25.52510495652174
16111,2022-12-17 10:00:00,Asia/Bangkok,92.78468818181815,6.474137931034483,6.0,25.47044063636362
16112,2022-12-17 11:00:00,Asia/Bangkok,93.26392575221242,5.103448275862069,4.741379310344827,25.72027580357143
16113,2022-12-17 12:00:00,Asia/Bangkok,91.53964857142861,6.695652173913044,6.252173913043478,26.68764883928571
16114,2022-12-17 13:00:00,Asia/Bangkok,83.24085801724135,12.8448275862069,12.24137931034483,29.13348586206896
16115,2022-12-17 14:00:00,Asia/Bangkok,79.32768189655175,15.30172413793103,14.54310344827586,30.27016956896553
16116,2022-12-17 15:00:00,Asia/Bangkok,75.80642243478262,18.40869565217391,17.70434782608696,30.72383913043479
16117,2022-12-17 16:00:00,Asia/Bangkok,78.16314478260871,22.51724137931035,21.57758620689655,30.00633243478259
16118,2022-12-17 17:00:00,Asia/Bangkok,80.94488469026547,23.86206896551724,22.79310344827586,29.48525380530968
16119,2022-12-17 18:00:00,Asia/Bangkok,83.91989380530974,35.99137931034483,32.08620689655172,28.67439637168141
16120,2022-12-17 19:00:00,Asia/Bangkok,88.82636208695652,32.5,29.38793103448276,25.97248198275862
16121,2022-12-17 20:00:00,Asia/Bangkok,89.49628086206906,4.145299145299146,3.683760683760684,25.109784
16122,2022-12-17 21:00:00,Asia/Bangkok,90.46225577586206,16.66379310344828,15.83620689655172,24.73869681034482
16123,2022-12-17 22:00:00,Asia/Bangkok,93.39518069565216,7.120689655172414,6.672413793103448,24.3201207894737
16124,2022-12-17 23:00:00,Asia/Bangkok,94.12867043103445,3.698275862068965,3.25,24.13518129310345
16125,2022-12-18 00:00:00,Asia/Bangkok,94.24031077586208,2.102564102564103,1.717948717948718,24.12304844827587
16126,2022-12-18 01:00:00,Asia/Bangkok,94.5349215652174,4.094827586206897,3.672413793103448,24.04355686956521
16127,2022-12-18 02:00:00,Asia/Bangkok,94.45890913793099,4.120689655172414,3.741379310344827,24.08849818965519
16128,2022-12-18 03:00:00,Asia/Bangkok,93.65914999999997,3.25,2.560344827586207,24.36011539823011
16129,2022-12-18 04:00:00,Asia/Bangkok,94.14333365217391,5.646017699115045,4.725663716814159,24.17328834782609
16130,2022-12-18 05:00:00,Asia/Bangkok,94.79384947368419,6.931034482758621,6.112068965517241,24.06219719298246
16131,2022-12-18 06:00:00,Asia/Bangkok,94.86583631578948,8.077586206896552,7.068965517241379,24.01265824561403
16132,2022-12-18 07:00:00,Asia/Bangkok,95.05941201754385,8.350427350427351,7.444444444444445,24.1328904385965
16133,2022-12-18 08:00:00,Asia/Bangkok,95.48052495495494,7.586206896551724,6.689655172413793,24.20121162162163
16134,2022-12-18 09:00:00,Asia/Bangkok,95.54140743362834,9.370689655172415,8.637931034482758,24.48091663716814
16135,2022-12-18 10:00:00,Asia/Bangkok,96.07235315315319,6.586206896551724,5.775862068965517,24.57548882882882
16136,2022-12-18 11:00:00,Asia/Bangkok,96.00395552631576,7.637931034482759,6.28448275862069,24.60591385964915
16137,2022-12-18 12:00:00,Asia/Bangkok,95.96377228070179,7.196581196581197,5.897435897435898,24.57403324561407
16138,2022-12-18 13:00:00,Asia/Bangkok,93.6264805263158,5.669565217391304,4.365217391304347,24.85656704347828
16139,2022-12-18 14:00:00,Asia/Bangkok,93.48524078947369,4.256637168141593,3.125,24.36379920353982
16140,2022-12-18 15:00:00,Asia/Bangkok,93.63440139130432,3.672413793103448,2.444444444444445,24.29388956140354
16141,2022-12-18 16:00:00,Asia/Bangkok,93.75415571428577,4.293103448275862,3.155172413793104,24.36431991071429
16142,2022-12-18 17:00:00,Asia/Bangkok,92.80383356521737,4.594827586206897,3.439655172413793,24.48562643478263
16143,2022-12-18 18:00:00,Asia/Bangkok,92.02321787610624,5.965811965811966,4.94017094017094,24.19530884955756
16144,2022-12-18 19:00:00,Asia/Bangkok,92.22404327433628,5.637931034482759,4.75,23.97929628318584
16145,2022-12-18 20:00:00,Asia/Bangkok,93.7095890350877,4.232758620689655,3.5,23.64340263157893
16146,2022-12-18 21:00:00,Asia/Bangkok,95.16951837837843,0.0,0.0,22.87627036036035
16147,2022-12-18 22:00:00,Asia/Bangkok,95.11118734513272,0.02608695652173913,0.008695652173913044,23.06876221238938
16148,2022-12-18 23:00:00,Asia/Bangkok,94.78507424778762,1.191304347826087,1.0,23.24335008849556
16149,2022-12-19 00:00:00,Asia/Bangkok,95.1101014035088,0.208695652173913,0.09565217391304348,23.24382256637168
16150,2022-12-19 01:00:00,Asia/Bangkok,94.70500249999998,0.2672413793103448,0.1293103448275862,23.37651086206896
16151,2022-12-19 02:00:00,Asia/Bangkok,94.38383455357145,0.1478260869565217,0.02608695652173913,23.37594089285715
16152,2022-12-19 03:00:00,Asia/Bangkok,94.26606220183481,0.1120689655172414,0.02586206896551724,23.26098266055045
16153,2022-12-19 04:00:00,Asia/Bangkok,94.42370008928573,0.3879310344827586,0.1982758620689655,23.27840294642859
16154,2022-12-19 05:00:00,Asia/Bangkok,94.9167062831858,2.767241379310345,2.379310344827586,23.31396150442478
16155,2022-12-19 06:00:00,Asia/Bangkok,95.80888765217387,2.741379310344827,2.413793103448276,23.34144860869563
16156,2022-12-19 07:00:00,Asia/Bangkok,95.90539208695651,0.7521367521367521,0.5384615384615384,23.33362399999999
16157,2022-12-19 08:00:00,Asia/Bangkok,95.57138071428571,1.594827586206897,1.379310344827586,23.57623714285712
16158,2022-12-19 09:00:00,Asia/Bangkok,95.80474930434788,7.641025641025641,6.982905982905983,23.65909782608697
16159,2022-12-19 10:00:00,Asia/Bangkok,96.12225660869562,9.086206896551724,8.39655172413793,24.03248121739131
16160,2022-12-19 11:00:00,Asia/Bangkok,94.9518558407079,14.5948275862069,13.86206896551724,24.43868805309734
16161,2022-12-19 12:00:00,Asia/Bangkok,91.14713568965512,17.3448275862069,16.23275862068965,25.2417326724138
16162,2022-12-19 13:00:00,Asia/Bangkok,81.16221937500003,15.74782608695652,14.71304347826087,26.64225482142857
16163,2022-12-19 14:00:00,Asia/Bangkok,77.4622005172414,12.63793103448276,11.71551724137931,27.10654456896552
16164,2022-12-19 15:00:00,Asia/Bangkok,76.5138928448276,10.58119658119658,9.786324786324787,27.62648692307693
16165,2022-12-19 16:00:00,Asia/Bangkok,75.74112801724141,7.275862068965517,6.568965517241379,27.66508318965516
16166,2022-12-19 17:00:00,Asia/Bangkok,77.02495846846847,5.777777777777778,5.224137931034483,27.41914981981983
16167,2022-12-19 18:00:00,Asia/Bangkok,79.43053874999998,6.318965517241379,5.666666666666667,26.86434366071429
16168,2022-12-19 19:00:00,Asia/Bangkok,81.69602527272733,7.146551724137931,6.508620689655173,26.07818227272727
16169,2022-12-19 20:00:00,Asia/Bangkok,84.34076526315789,6.846153846153846,6.146551724137931,25.52561096491233
16170,2022-12-19 21:00:00,Asia/Bangkok,84.9381814912281,5.71551724137931,5.043103448275862,25.44311263157894
16171,2022-12-19 22:00:00,Asia/Bangkok,85.05350389380534,5.327586206896552,4.672413793103448,25.3900353097345
16172,2022-12-19 23:00:00,Asia/Bangkok,86.0868768421053,4.655172413793103,3.974137931034483,25.34440385964912
16173,2022-12-20 00:00:00,Asia/Bangkok,87.60024982300885,5.252173913043478,4.6,25.23312168141592
16174,2022-12-20 01:00:00,Asia/Bangkok,88.1741919469027,7.316239316239316,6.658119658119658,24.96388814159296
16175,2022-12-20 02:00:00,Asia/Bangkok,88.94131675438602,8.094827586206897,7.413793103448276,24.72933175438593
16176,2022-12-20 03:00:00,Asia/Bangkok,89.06262426086958,6.896551724137931,6.336206896551724,24.77968182608699
16177,2022-12-20 04:00:00,Asia/Bangkok,89.05982443478263,7.427350427350428,6.991452991452991,24.89796245614035
16178,2022-12-20 05:00:00,Asia/Bangkok,90.26560504347829,12.18965517241379,11.37068965517241,24.79482464912279
16179,2022-12-20 06:00:00,Asia/Bangkok,90.91279292035392,14.53448275862069,13.75862068965517,24.60103309734513
16180,2022-12-20 07:00:00,Asia/Bangkok,91.42425601769908,15.03448275862069,14.18103448275862,24.31271292035399
16181,2022-12-20 08:00:00,Asia/Bangkok,91.04509543859652,17.14782608695652,16.14782608695652,24.50020412280703
16182,2022-12-20 09:00:00,Asia/Bangkok,90.96741530973449,18.01739130434783,16.98260869565217,24.84329105263158
16183,2022-12-20 10:00:00,Asia/Bangkok,89.71044278260868,17.79310344827586,16.75862068965517,25.73666061403508
16184,2022-12-20 11:00:00,Asia/Bangkok,85.47796224137939,16.6551724137931,15.71551724137931,26.96862931034483
16185,2022-12-20 12:00:00,Asia/Bangkok,89.82131265486724,17.59649122807017,16.7280701754386,26.34111955752213
16186,2022-12-20 13:00:00,Asia/Bangkok,86.92224280701757,17.74358974358974,16.82905982905983,27.26697105263157
16187,2022-12-20 14:00:00,Asia/Bangkok,79.68538377192984,15.58620689655172,14.89655172413793,28.80777140350876
16188,2022-12-20 15:00:00,Asia/Bangkok,80.26100955752214,16.97413793103448,16.28448275862069,28.03878743362831
16189,2022-12-20 16:00:00,Asia/Bangkok,81.8937520353983,19.28448275862069,18.38793103448276,27.33892469026548
16190,2022-12-20 17:00:00,Asia/Bangkok,83.11635704347827,17.68965517241379,16.85344827586207,27.41630043478257
16191,2022-12-20 18:00:00,Asia/Bangkok,84.52176730434776,17.82758620689655,17.07758620689655,27.00400017391308
16192,2022-12-20 19:00:00,Asia/Bangkok,85.25965103448276,20.79310344827586,19.99137931034483,26.72082293103446
16193,2022-12-20 20:00:00,Asia/Bangkok,87.20640618181821,35.92241379310344,32.18103448275862,26.25439927272727
16194,2022-12-20 21:00:00,Asia/Bangkok,89.46018339130433,39.30769230769231,34.27586206896552,25.56190817391305
16195,2022-12-20 22:00:00,Asia/Bangkok,90.3128027433629,40.65217391304348,35.14529914529915,25.21516194690266
16196,2022-12-20 23:00:00,Asia/Bangkok,91.27908452173911,40.93103448275862,35.22413793103448,24.78690469565217
16197,2022-12-21 00:00:00,Asia/Bangkok,91.01336460869565,37.90265486725664,33.49107142857143,24.79159408695655
16198,2022-12-21 01:00:00,Asia/Bangkok,90.25647327272728,31.12068965517241,29.27586206896552,24.89803936363635
16199,2022-12-21 02:00:00,Asia/Bangkok,90.28041464912283,27.93965517241379,26.56896551724138,24.80103175438596
16200,2022-12-21 03:00:00,Asia/Bangkok,90.46870412280703,28.11206896551724,26.78448275862069,24.60631192982456
16201,2022-12-21 04:00:00,Asia/Bangkok,91.54915817391309,28.88888888888889,27.62393162393163,24.25553895652173
16202,2022-12-21 05:00:00,Asia/Bangkok,91.39870508771932,27.81034482758621,26.62931034482759,24.21391780701756
16203,2022-12-21 06:00:00,Asia/Bangkok,91.45034351351349,26.03448275862069,24.87931034482759,24.1033217117117
16204,2022-12-21 07:00:00,Asia/Bangkok,91.98188730434778,25.31034482758621,24.33620689655172,24.07485582608697
16205,2022-12-21 08:00:00,Asia/Bangkok,92.17376565217394,25.12931034482759,24.06896551724138,24.44094982608697
16206,2022-12-21 09:00:00,Asia/Bangkok,88.87714982456136,22.38260869565217,21.40869565217391,25.65849377192983
16207,2022-12-21 10:00:00,Asia/Bangkok,82.25977598130841,22.69827586206896,21.75,27.92910214953271
16208,2022-12-21 11:00:00,Asia/Bangkok,76.1745908035714,26.37068965517241,25.14655172413793,29.85186901785713
16209,2022-12-21 12:00:00,Asia/Bangkok,74.9974496491228,27.52991452991453,26.41880341880342,30.3128747368421
16210,2022-12-21 13:00:00,Asia/Bangkok,70.22795069565217,26.87931034482759,25.89655172413793,31.82190104347826
16211,2022-12-21 14:00:00,Asia/Bangkok,67.850440625,24.75862068965517,23.72413793103448,32.33946875
16212,2022-12-21 15:00:00,Asia/Bangkok,69.5332967272727,22.63793103448276,21.86206896551724,31.79695663636364
16213,2022-12-21 16:00:00,Asia/Bangkok,69.61552117117117,23.33333333333333,22.49572649572649,31.6654763963964
16214,2022-12-21 17:00:00,Asia/Bangkok,70.61099198275863,16.75,16.0948275862069,30.78126025862072
16215,2022-12-21 18:00:00,Asia/Bangkok,75.17412054054053,22.98245614035088,21.62280701754386,29.40746288288288
16216,2022-12-21 19:00:00,Asia/Bangkok,79.49195687499996,28.94782608695652,27.62608695652174,28.21843616071429
16217,2022-12-21 20:00:00,Asia/Bangkok,82.03606157894738,33.76521739130435,31.09565217391305,27.77245815789475
16218,2022-12-21 21:00:00,Asia/Bangkok,84.9571613157895,65.60344827586206,58.38793103448276,26.97712219298246
16219,2022-12-21 22:00:00,Asia/Bangkok,86.70269622807014,40.80701754385965,35.28947368421053,26.39014307017544
16220,2022-12-21 23:00:00,Asia/Bangkok,87.89925884955754,50.77777777777778,42.23076923076923,25.84321159292033
16221,2022-12-22 00:00:00,Asia/Bangkok,89.10587321428567,52.10344827586207,43.3448275862069,25.40205232142858
16222,2022-12-22 01:00:00,Asia/Bangkok,89.22194885964917,49.35897435897436,41.19827586206897,25.18418192982461
16223,2022-12-22 02:00:00,Asia/Bangkok,89.0202167826087,41.03448275862069,35.44444444444444,25.06125304347824
16224,2022-12-22 03:00:00,Asia/Bangkok,88.71876391304347,34.07079646017699,31.33628318584071,24.99187173913043
16225,2022-12-22 04:00:00,Asia/Bangkok,88.85073885964916,30.66379310344828,29.17241379310345,24.7617037719298
16226,2022-12-22 05:00:00,Asia/Bangkok,89.14251592920355,35.57758620689656,32.08620689655172,24.38961669642859
16227,2022-12-22 06:00:00,Asia/Bangkok,89.92354818965521,31.29059829059829,29.53846153846154,24.06759293103448
16228,2022-12-22 07:00:00,Asia/Bangkok,90.55445052173911,31.54310344827586,29.75862068965517,23.88129139130437
16229,2022-12-22 08:00:00,Asia/Bangkok,91.51215692982453,31.88695652173913,29.92173913043478,24.1300106140351
16230,2022-12-22 09:00:00,Asia/Bangkok,89.86795617391307,33.98290598290598,30.79310344827586,25.74056365217393
16231,2022-12-22 10:00:00,Asia/Bangkok,76.66470991304345,19.87068965517241,18.95726495726496,29.23209930434783
16232,2022-12-22 11:00:00,Asia/Bangkok,68.390963539823,16.10344827586207,15.47413793103448,31.61953071428571
16233,2022-12-22 12:00:00,Asia/Bangkok,64.89465192982455,14.45689655172414,13.77586206896552,32.28493675438597
16234,2022-12-22 13:00:00,Asia/Bangkok,65.29042477876106,14.24347826086957,13.6695652173913,32.14289265486726
16235,2022-12-22 14:00:00,Asia/Bangkok,63.7768221929825,13.05128205128205,12.36752136752137,32.5522756140351
16236,2022-12-22 15:00:00,Asia/Bangkok,63.77340468468469,12.25862068965517,11.79310344827586,32.7352690990991
16237,2022-12-22 16:00:00,Asia/Bangkok,61.90613254385965,11.51724137931035,10.98275862068965,33.17130061946904
16238,2022-12-22 17:00:00,Asia/Bangkok,63.48400205357142,11.62931034482759,11.08620689655172,32.31247991071427
16239,2022-12-22 18:00:00,Asia/Bangkok,67.63608324561406,16.16239316239316,15.4957264957265,31.28321289473686
16240,2022-12-22 19:00:00,Asia/Bangkok,72.79363628318583,25.03448275862069,23.96551724137931,29.74782088495574
16241,2022-12-22 20:00:00,Asia/Bangkok,79.16400596491222,36.23275862068966,32.56034482758621,28.48599815789472
16242,2022-12-22 21:00:00,Asia/Bangkok,83.13683357142858,34.37931034482759,31.44827586206896,27.50033491071429
16243,2022-12-22 22:00:00,Asia/Bangkok,85.35664558558553,47.49137931034483,39.80172413793103,26.54831045045046
16244,2022-12-22 23:00:00,Asia/Bangkok,86.07256982456148,49.27350427350427,41.04273504273505,26.08405628318587
16245,2022-12-23 00:00:00,Asia/Bangkok,84.09629853448274,36.9051724137931,32.93965517241379,26.00107431034484
16246,2022-12-23 01:00:00,Asia/Bangkok,83.4789011111111,31.12068965517241,29.53448275862069,25.68256925925928
16247,2022-12-23 02:00:00,Asia/Bangkok,86.3604321238938,32.73275862068966,30.58620689655172,25.03030285714284
16248,2022-12-23 03:00:00,Asia/Bangkok,87.75528424778764,33.25,30.93103448275862,24.52297070175439
16249,2022-12-23 04:00:00,Asia/Bangkok,88.80291808695645,30.82051282051282,29.2991452991453,24.19243771929824
16250,2022-12-23 05:00:00,Asia/Bangkok,90.12090578947367,29.53913043478261,28.16521739130435,23.94826552631577
16251,2022-12-23 06:00:00,Asia/Bangkok,90.36164217391301,32.37391304347826,30.17391304347826,24.00319464912284
16252,2022-12-23 07:00:00,Asia/Bangkok,90.91422868421053,36.30701754385965,32.49122807017544,23.93365782608694
16253,2022-12-23 08:00:00,Asia/Bangkok,92.46907982758623,40.38793103448276,34.92241379310344,24.25414191304348
16254,2022-12-23 09:00:00,Asia/Bangkok,89.42862904347824,25.43965517241379,24.36206896551724,26.4297745614035
16255,2022-12-23 10:00:00,Asia/Bangkok,80.16714610619465,17.93965517241379,17.26724137931035,29.02628761061949
16256,2022-12-23 11:00:00,Asia/Bangkok,74.15213783783781,11.60344827586207,10.97413793103448,29.7211162162162
16257,2022-12-23 12:00:00,Asia/Bangkok,69.17395801801801,11.00862068965517,10.43103448275862,30.81332909909908
16258,2022-12-23 13:00:00,Asia/Bangkok,68.18419669565219,12.58974358974359,11.76923076923077,31.19506869565216
16259,2022-12-23 14:00:00,Asia/Bangkok,67.75780937500001,10.97413793103448,10.42241379310345,31.04398711711712
16260,2022-12-23 15:00:00,Asia/Bangkok,66.4820456896552,11.1551724137931,10.58620689655172,31.30810582608693
16261,2022-12-23 16:00:00,Asia/Bangkok,70.45114286956523,14.75862068965517,14.0,30.16151219298246
16262,2022-12-23 17:00:00,Asia/Bangkok,73.00353628318587,16.74782608695652,15.98275862068965,29.51454236842105
16263,2022-12-23 18:00:00,Asia/Bangkok,76.04909382608697,16.21551724137931,15.55172413793103,28.70939052173913
16264,2022-12-23 19:00:00,Asia/Bangkok,79.61845791304346,27.27433628318584,24.97345132743363,28.24804756521737
16265,2022-12-23 20:00:00,Asia/Bangkok,83.08610452173917,33.94827586206897,30.91379310344828,27.4522990350877
16266,2022-12-23 21:00:00,Asia/Bangkok,85.17161547826088,48.88793103448276,40.87931034482759,26.91191137931035
16267,2022-12-23 22:00:00,Asia/Bangkok,86.4978077391305,40.1025641025641,34.49572649572649,26.68643561403508
16268,2022-12-23 23:00:00,Asia/Bangkok,86.92077684684689,45.70689655172414,38.45689655172414,26.30506900900899
16269,2022-12-24 00:00:00,Asia/Bangkok,87.60750578947369,61.01709401709402,49.93162393162393,25.79671991228073
16270,2022-12-24 01:00:00,Asia/Bangkok,88.28767245614031,50.91379310344828,42.12068965517241,25.31570833333334
16271,2022-12-24 02:00:00,Asia/Bangkok,88.78599556521736,48.49137931034483,40.62068965517241,25.07086747826088
16272,2022-12-24 03:00:00,Asia/Bangkok,89.09516008849558,36.84615384615385,32.93162393162393,25.00109562500001
16273,2022-12-24 04:00:00,Asia/Bangkok,89.47005844036694,35.87826086956522,32.46956521739131,24.85910449541286
16274,2022-12-24 05:00:00,Asia/Bangkok,89.70307938053101,40.11111111111111,34.77777777777778,24.8405085840708
16275,2022-12-24 06:00:00,Asia/Bangkok,89.77254850877192,38.4,33.70434782608696,24.60207245614037
16276,2022-12-24 07:00:00,Asia/Bangkok,90.32166068965522,47.8974358974359,40.39316239316239,24.34643956896556
16277,2022-12-24 08:00:00,Asia/Bangkok,91.86601226086951,46.52586206896552,39.23275862068966,24.75985591304347
16278,2022-12-24 09:00:00,Asia/Bangkok,85.64966631578945,34.52991452991453,30.77777777777778,26.38576122807018
16279,2022-12-24 10:00:00,Asia/Bangkok,75.23599912280702,21.14655172413793,20.0948275862069,28.53186289473685
16280,2022-12-24 11:00:00,Asia/Bangkok,64.87481552631579,23.51304347826087,22.38260869565217,29.88279008771931
16281,2022-12-24 12:00:00,Asia/Bangkok,60.93210258620692,21.96581196581197,21.17948717948718,30.74266904347826
16282,2022-12-24 13:00:00,Asia/Bangkok,61.53517955752213,27.82758620689655,25.5948275862069,30.83632123893807
16283,2022-12-24 14:00:00,Asia/Bangkok,59.34285382608696,22.18803418803419,21.32478632478632,31.1334196521739
16284,2022-12-24 15:00:00,Asia/Bangkok,58.16609327102802,22.06363636363636,21.15454545454546,31.26551401869158
16285,2022-12-24 16:00:00,Asia/Bangkok,60.73351224137929,23.49137931034483,22.45689655172414,30.8044195689655
16286,2022-12-24 17:00:00,Asia/Bangkok,68.08923973451327,29.8448275862069,28.10344827586207,29.41379442477878
16287,2022-12-24 18:00:00,Asia/Bangkok,73.40144513274338,38.10434782608696,33.64347826086956,28.17419230088495
16288,2022-12-24 19:00:00,Asia/Bangkok,73.68894878260872,68.53448275862068,57.75862068965517,27.96587678260868
16289,2022-12-24 20:00:00,Asia/Bangkok,81.14273794642853,82.01709401709402,72.48717948717949,27.28944991071427
16290,2022-12-24 21:00:00,Asia/Bangkok,86.45361130434783,74.13793103448276,67.33620689655173,26.19909582608694
16291,2022-12-24 22:00:00,Asia/Bangkok,87.36921990909094,32.65217391304348,30.15652173913044,25.59371218181821
16292,2022-12-24 23:00:00,Asia/Bangkok,88.06891877192987,33.97413793103448,30.93965517241379,25.465480877193
16293,2022-12-25 00:00:00,Asia/Bangkok,88.75730258928577,47.13675213675214,41.47413793103448,25.23999660714285
16294,2022-12-25 01:00:00,Asia/Bangkok,88.64712389380533,31.56896551724138,29.65811965811966,25.19460345132745
16295,2022-12-25 02:00:00,Asia/Bangkok,88.84852883928566,29.25862068965517,27.92241379310345,24.8686011607143
16296,2022-12-25 03:00:00,Asia/Bangkok,88.32257258928567,29.3448275862069,27.92241379310345,24.89616401785716
16297,2022-12-25 04:00:00,Asia/Bangkok,88.15409217391309,31.13793103448276,29.19827586206896,24.70667895652176
16298,2022-12-25 05:00:00,Asia/Bangkok,87.99693704347831,29.93965517241379,28.37931034482759,24.18842956521739
16299,2022-12-25 06:00:00,Asia/Bangkok,88.76364192982459,26.52586206896552,25.25,23.65340254385965
16300,2022-12-25 07:00:00,Asia/Bangkok,90.08296147826084,27.06034482758621,25.5948275862069,23.04448347826085
16301,2022-12-25 08:00:00,Asia/Bangkok,89.90116354545451,27.4051724137931,26.0,23.60365954545455
16302,2022-12-25 09:00:00,Asia/Bangkok,83.71915580357144,19.53448275862069,18.01724137931035,25.58318125
16303,2022-12-25 10:00:00,Asia/Bangkok,74.64243473214286,13.34188034188034,12.32478632478633,27.70049026785713
16304,2022-12-25 11:00:00,Asia/Bangkok,69.03809307017546,11.01724137931035,10.0948275862069,28.84473535087719
16305,2022-12-25 12:00:00,Asia/Bangkok,66.47792690265489,12.02586206896552,10.86206896551724,29.73194106194689
16306,2022-12-25 13:00:00,Asia/Bangkok,62.42784669642857,8.930434782608696,7.939130434782609,30.95412353982301
16307,2022-12-25 14:00:00,Asia/Bangkok,62.9773243965517,9.760683760683762,8.811965811965813,30.72009904347827
16308,2022-12-25 15:00:00,Asia/Bangkok,64.86753276785714,8.698275862068966,7.75,29.97303375
16309,2022-12-25 16:00:00,Asia/Bangkok,65.77207678260869,44.39655172413793,39.14655172413793,29.42626800000002
16310,2022-12-25 17:00:00,Asia/Bangkok,65.80159836206896,95.52991452991454,86.2991452991453,29.5929199137931
16311,2022-12-25 18:00:00,Asia/Bangkok,70.70697141592919,56.81896551724138,47.93965517241379,28.44642707964601
16312,2022-12-25 19:00:00,Asia/Bangkok,75.26693981981978,75.91379310344827,65.77586206896552,27.77052882882884
16313,2022-12-25 20:00:00,Asia/Bangkok,80.06031298245614,106.5948275862069,97.97413793103448,27.09915807017545
16314,2022-12-25 21:00:00,Asia/Bangkok,84.35592451327437,86.68103448275862,79.38793103448276,26.00002752212388
16315,2022-12-25 22:00:00,Asia/Bangkok,86.43453910714288,160.9478260869565,144.5217391304348,25.90610098214285
16316,2022-12-25 23:00:00,Asia/Bangkok,86.50993999999997,66.86206896551724,55.5948275862069,26.16793885964912
16317,2022-12-26 00:00:00,Asia/Bangkok,86.82849345454542,65.78448275862068,55.09565217391305,25.70103881818183
16318,2022-12-26 01:00:00,Asia/Bangkok,86.06850008928578,52.43859649122807,43.22608695652174,25.51938080357143
16319,2022-12-26 02:00:00,Asia/Bangkok,86.64241121739131,57.82758620689656,46.9051724137931,24.99711808695654
16320,2022-12-26 03:00:00,Asia/Bangkok,87.00207173913037,51.97413793103448,42.83620689655172,24.63746095652172
16321,2022-12-26 04:00:00,Asia/Bangkok,87.76976113043472,47.81739130434783,39.89565217391304,24.21545713043476
16322,2022-12-26 05:00:00,Asia/Bangkok,88.58475181034484,50.5948275862069,42.25,23.88610267241378
16323,2022-12-26 06:00:00,Asia/Bangkok,89.54896256637171,45.42241379310344,38.25,23.66402973451329
16324,2022-12-26 07:00:00,Asia/Bangkok,89.82729429824562,47.88034188034188,39.94017094017094,23.62840877192984
16325,2022-12-26 08:00:00,Asia/Bangkok,90.56269796460175,47.08849557522124,39.30973451327434,23.85376557522123
16326,2022-12-26 09:00:00,Asia/Bangkok,86.18432890909094,32.05309734513274,29.50442477876106,25.80828418181818
16327,2022-12-26 10:00:00,Asia/Bangkok,74.82967313043478,22.97413793103448,21.72413793103448,27.81123095652171
16328,2022-12-26 11:00:00,Asia/Bangkok,69.95279427272729,23.10619469026549,21.60176991150442,28.89812090909092
16329,2022-12-26 12:00:00,Asia/Bangkok,64.46078745614037,20.05172413793104,18.89655172413793,29.86564315789476
16330,2022-12-26 13:00:00,Asia/Bangkok,64.74032773913044,66.61538461538461,58.81034482758621,29.72413721739132
16331,2022-12-26 14:00:00,Asia/Bangkok,66.57643973913045,60.64655172413793,52.68376068376068,29.25538921739131
16332,2022-12-26 15:00:00,Asia/Bangkok,65.73184573913042,19.69827586206896,18.36206896551724,29.5651015652174
16333,2022-12-26 16:00:00,Asia/Bangkok,64.95055730434781,16.41379310344828,15.17241379310345,29.49898815789472
16334,2022-12-26 17:00:00,Asia/Bangkok,65.8412329310345,23.92307692307692,21.63247863247863,29.16948931034483
16335,2022-12-26 18:00:00,Asia/Bangkok,67.44953447368422,52.31034482758621,47.96551724137931,29.01584389380533
16336,2022-12-26 19:00:00,Asia/Bangkok,74.59538955752213,209.3097345132743,189.9911504424779,27.47029185840709
16337,2022-12-26 20:00:00,Asia/Bangkok,81.78140382608696,226.4396551724138,205.1896551724138,26.15966521739131
16338,2022-12-26 21:00:00,Asia/Bangkok,85.46003938596489,248.4396551724138,228.8189655172414,25.33259798245614
16339,2022-12-26 22:00:00,Asia/Bangkok,85.09415710526315,62.53846153846154,50.93162393162393,25.60658964912282
16340,2022-12-26 23:00:00,Asia/Bangkok,83.38980298245615,60.99137931034483,49.27586206896552,25.27923719298247
16341,2022-12-27 00:00:00,Asia/Bangkok,84.28233625000003,57.58620689655172,46.76724137931034,24.7665105357143
16342,2022-12-27 01:00:00,Asia/Bangkok,86.00191345132744,56.06034482758621,45.69827586206897,24.5994722123894
16343,2022-12-27 02:00:00,Asia/Bangkok,86.04230826086955,56.1025641025641,45.82905982905983,24.26654391304349
16344,2022-12-27 03:00:00,Asia/Bangkok,87.40837543859648,53.31896551724138,43.86206896551724,23.77136447368419
16345,2022-12-27 04:00:00,Asia/Bangkok,88.08655557522123,50.63793103448276,41.97413793103448,23.5382184955752
16346,2022-12-27 05:00:00,Asia/Bangkok,88.34379491228069,49.08620689655172,40.56034482758621,23.42347649122806
16347,2022-12-27 06:00:00,Asia/Bangkok,88.81496096491226,34.97435897435897,31.47863247863248,23.37684070175439
16348,2022-12-27 07:00:00,Asia/Bangkok,88.47979070796457,44.37391304347826,37.3304347826087,23.30183946902655
16349,2022-12-27 08:00:00,Asia/Bangkok,89.53717679245283,81.73275862068965,76.95689655172414,23.45083198113206
16350,2022-12-27 09:00:00,Asia/Bangkok,88.49852580357144,71.40517241379311,62.69827586206897,24.489751875
16351,2022-12-27 10:00:00,Asia/Bangkok,82.29494241071431,57.34188034188034,49.76068376068376,26.18331473214285
16352,2022-12-27 11:00:00,Asia/Bangkok,74.57216318584072,45.43103448275862,38.82758620689656,28.54463778761063
16353,2022-12-27 12:00:00,Asia/Bangkok,67.02394442477879,32.23478260869565,29.4,29.84022061946902
16354,2022-12-27 13:00:00,Asia/Bangkok,61.15790799999998,27.39655172413793,25.5948275862069,31.13562573913042
16355,2022-12-27 14:00:00,Asia/Bangkok,61.14261654867259,22.1140350877193,20.95614035087719,30.80749283185841
16356,2022-12-27 15:00:00,Asia/Bangkok,62.90743761061945,20.13913043478261,19.1304347826087,30.06821196428571
16357,2022-12-27 16:00:00,Asia/Bangkok,63.96889954954955,20.61739130434783,19.79310344827586,29.91186477477477
16358,2022-12-27 17:00:00,Asia/Bangkok,67.40774267241376,28.5948275862069,26.27586206896552,28.85133321739131
16359,2022-12-27 18:00:00,Asia/Bangkok,72.08859936363636,32.26086956521739,29.17391304347826,28.25384445454544
16360,2022-12-27 19:00:00,Asia/Bangkok,77.18174145454545,53.79310344827586,46.60344827586207,27.30726209090908
16361,2022-12-27 20:00:00,Asia/Bangkok,82.64823652173912,299.3076923076923,255.4529914529915,25.71920226086957
16362,2022-12-27 21:00:00,Asia/Bangkok,83.52829348214289,95.12068965517241,86.55172413793103,25.63344330357143
16363,2022-12-27 22:00:00,Asia/Bangkok,85.04732882882882,89.20689655172414,79.02586206896552,25.13726864864866
16364,2022-12-27 23:00:00,Asia/Bangkok,85.36761432432434,66.33620689655173,53.92241379310344,24.93581423423423
16365,2022-12-28 00:00:00,Asia/Bangkok,85.61490128205129,65.06837606837607,52.58974358974359,24.82170353448279
16366,2022-12-28 01:00:00,Asia/Bangkok,85.45546870689655,78.10344827586206,68.26724137931035,24.52442732758622
16367,2022-12-28 02:00:00,Asia/Bangkok,86.65473543103447,77.73275862068965,68.75,23.99263939655172
16368,2022-12-28 03:00:00,Asia/Bangkok,87.31497565217394,66.56896551724138,55.64655172413793,23.60385739130435
16369,2022-12-28 04:00:00,Asia/Bangkok,87.93663394736842,63.88034188034188,52.41025641025641,23.17759649122808
16370,2022-12-28 05:00:00,Asia/Bangkok,88.66178909909914,58.58620689655172,47.25862068965517,22.99057854545455
16371,2022-12-28 06:00:00,Asia/Bangkok,89.3927733035714,59.47413793103448,48.01724137931034,22.95572107142855
16372,2022-12-28 07:00:00,Asia/Bangkok,89.4681444736842,62.63793103448276,50.25,22.84935280701754
16373,2022-12-28 08:00:00,Asia/Bangkok,90.27894517543864,76.40517241379311,65.90517241379311,23.10266201754386
16374,2022-12-28 09:00:00,Asia/Bangkok,88.18083758928574,46.35897435897436,39.05982905982906,24.87013125000001
16375,2022-12-28 10:00:00,Asia/Bangkok,77.31460017699115,34.29310344827586,30.62068965517241,27.55581238938051
16376,2022-12-28 11:00:00,Asia/Bangkok,73.9098587826087,35.92241379310344,32.0,28.39322295652176
16377,2022-12-28 12:00:00,Asia/Bangkok,73.50216809090911,40.91452991452991,36.37606837606837,28.45387699999999
16378,2022-12-28 13:00:00,Asia/Bangkok,72.62087185840706,42.0353982300885,36.50442477876106,28.97926300884957
16379,2022-12-28 14:00:00,Asia/Bangkok,72.7090671304348,30.25641025641026,27.79310344827586,28.62445535087718
16380,2022-12-28 15:00:00,Asia/Bangkok,74.6630501754386,39.10344827586207,34.0940170940171,27.81944850877192
16381,2022-12-28 16:00:00,Asia/Bangkok,72.46942275862072,26.21551724137931,24.62931034482759,28.07591862068965
16382,2022-12-28 17:00:00,Asia/Bangkok,72.44454982142857,22.20689655172414,21.06896551724138,28.02836954954953
16383,2022-12-28 18:00:00,Asia/Bangkok,73.59541739130438,27.48275862068965,25.24137931034483,27.92998456140348
16384,2022-12-28 19:00:00,Asia/Bangkok,79.25689920353983,38.39655172413793,33.31896551724138,27.15326401785714
16385,2022-12-28 20:00:00,Asia/Bangkok,83.85389782608695,57.63793103448276,46.63793103448276,26.15630008695653
16386,2022-12-28 21:00:00,Asia/Bangkok,85.63696324561404,60.25862068965517,48.48275862068966,25.80946280701755
16387,2022-12-28 22:00:00,Asia/Bangkok,86.37688205357149,63.12280701754386,50.48245614035088,25.01523330357144
16388,2022-12-28 23:00:00,Asia/Bangkok,86.88759081081076,62.73913043478261,50.27826086956522,24.68918099099099
16389,2022-12-29 00:00:00,Asia/Bangkok,87.68050877192982,65.28448275862068,52.83620689655172,24.34005640350878
16390,2022-12-29 01:00:00,Asia/Bangkok,89.10998368421053,65.9304347826087,53.27826086956522,24.10878692982456
16391,2022-12-29 02:00:00,Asia/Bangkok,89.50766333333331,65.2566371681416,52.73451327433628,24.22433099099101
16392,2022-12-29 03:00:00,Asia/Bangkok,88.51808681415929,60.35897435897436,48.70940170940171,24.11971327433631
16393,2022-12-29 04:00:00,Asia/Bangkok,89.7901755263158,62.93965517241379,50.51724137931034,23.7526242105263
16394,2022-12-29 05:00:00,Asia/Bangkok,89.64109192982458,68.23275862068965,60.20689655172414,23.63194649122808
16395,2022-12-29 06:00:00,Asia/Bangkok,89.12743811965814,34.16239316239317,31.31896551724138,23.24657538461539
16396,2022-12-29 07:00:00,Asia/Bangkok,88.61894389380532,29.03448275862069,27.75213675213675,23.06528654867255
16397,2022-12-29 08:00:00,Asia/Bangkok,89.84429773913044,29.05172413793104,27.53448275862069,23.23526104347825
16398,2022-12-29 09:00:00,Asia/Bangkok,87.37892232142859,35.09649122807018,31.76315789473684,24.04749469026548
16399,2022-12-29 10:00:00,Asia/Bangkok,80.18659704347827,24.85344827586207,23.51724137931035,26.46543121739132
16400,2022-12-29 11:00:00,Asia/Bangkok,68.23804052173915,22.1551724137931,21.18965517241379,29.92889165217391
16401,2022-12-29 12:00:00,Asia/Bangkok,64.38196184210527,16.67521367521368,15.88888888888889,30.73286789473684
16402,2022-12-29 13:00:00,Asia/Bangkok,59.67790336206897,20.11206896551724,19.02586206896552,31.97294163793104
16403,2022-12-29 14:00:00,Asia/Bangkok,57.33530129310346,15.87931034482759,15.13793103448276,32.22943852173913
16404,2022-12-29 15:00:00,Asia/Bangkok,59.05442225225225,15.21551724137931,14.51304347826087,31.46111315315315
16405,2022-12-29 16:00:00,Asia/Bangkok,59.67308621621623,18.28448275862069,17.39316239316239,31.27286621621621
16406,2022-12-29 17:00:00,Asia/Bangkok,63.0176052631579,38.95689655172414,33.88793103448276,30.5913407017544
16407,2022-12-29 18:00:00,Asia/Bangkok,67.84140540540542,66.06896551724138,58.94827586206897,29.37467108108109
16408,2022-12-29 19:00:00,Asia/Bangkok,75.21784879310343,102.2222222222222,92.63247863247864,27.70182025862069
16409,2022-12-29 20:00:00,Asia/Bangkok,80.75623078947369,63.51724137931034,53.69827586206897,26.35793429824561
16410,2022-12-29 21:00:00,Asia/Bangkok,82.25134853211007,51.58260869565218,42.43478260869565,26.00945724770643
16411,2022-12-29 22:00:00,Asia/Bangkok,81.23252034482762,81.36752136752136,67.7948717948718,25.55664896551726
16412,2022-12-29 23:00:00,Asia/Bangkok,84.21781141592922,178.801724137931,160.698275862069,24.40680920353984
16413,2022-12-30 00:00:00,Asia/Bangkok,86.15884695652176,114.0,104.4358974358974,23.79730391304346
16414,2022-12-30 01:00:00,Asia/Bangkok,86.51799612068967,76.02586206896552,67.62068965517241,23.55152948275864
16415,2022-12-30 02:00:00,Asia/Bangkok,86.55150626086957,83.65811965811966,74.4957264957265,23.29867730434782
16416,2022-12-30 03:00:00,Asia/Bangkok,87.1056204347826,61.28205128205128,51.76923076923077,23.02123999999997
16417,2022-12-30 04:00:00,Asia/Bangkok,86.683741826087,44.55172413793103,37.77586206896552,22.96286295652173
16418,2022-12-30 05:00:00,Asia/Bangkok,87.66937026086956,40.91379310344828,35.11206896551724,22.54729086956521
16419,2022-12-30 06:00:00,Asia/Bangkok,88.90044008771928,44.32758620689656,37.45689655172414,22.15012807017542
16420,2022-12-30 07:00:00,Asia/Bangkok,89.49828309734514,58.3448275862069,48.80172413793103,21.84161380530974
16421,2022-12-30 08:00:00,Asia/Bangkok,90.37771269565218,73.50434782608696,64.76521739130435,22.31652834782609
16422,2022-12-30 09:00:00,Asia/Bangkok,89.56720535087715,75.28695652173913,65.97391304347826,24.02626675438597
16423,2022-12-30 10:00:00,Asia/Bangkok,77.60766327272725,34.04310344827586,31.17241379310345,27.32122018181817
16424,2022-12-30 11:00:00,Asia/Bangkok,68.5350484347826,28.88793103448276,27.61206896551724,29.67978591304349
16425,2022-12-30 12:00:00,Asia/Bangkok,64.55547169642855,44.53913043478261,39.48695652173913,30.52180946428572
16426,2022-12-30 13:00:00,Asia/Bangkok,59.97855808695656,26.70689655172414,25.52586206896552,31.39070043478262
16427,2022-12-30 14:00:00,Asia/Bangkok,57.92572086206895,21.41025641025641,20.50862068965517,31.67975758620689
16428,2022-12-30 15:00:00,Asia/Bangkok,56.17064826086956,26.52586206896552,24.18803418803419,32.29566226086956
16429,2022-12-30 16:00:00,Asia/Bangkok,57.56274657894737,21.47413793103448,20.78448275862069,31.22247438596491
16430,2022-12-30 17:00:00,Asia/Bangkok,56.4250392105263,23.51304347826087,22.40869565217391,31.0644804385965
16431,2022-12-30 18:00:00,Asia/Bangkok,61.14636763157895,40.43103448275862,35.30172413793103,29.98503464912282
16432,2022-12-30 19:00:00,Asia/Bangkok,70.80770955752214,73.82905982905983,66.51282051282051,27.88435716814159
16433,2022-12-30 20:00:00,Asia/Bangkok,78.58938913043477,78.39823008849558,69.42477876106194,26.412745877193
16434,2022-12-30 21:00:00,Asia/Bangkok,81.41482666666671,51.29310344827586,42.26724137931034,25.81373126126126
16435,2022-12-30 22:00:00,Asia/Bangkok,81.10519429824559,61.05172413793103,49.22413793103448,25.56843156521741
16436,2022-12-30 23:00:00,Asia/Bangkok,84.33354840707965,61.88888888888889,49.7008547008547,24.40875910714287
16437,2022-12-31 00:00:00,Asia/Bangkok,85.8052953448276,61.39655172413793,49.49137931034483,23.88055491379309
16438,2022-12-31 01:00:00,Asia/Bangkok,85.27583991150443,62.07758620689656,50.3448275862069,23.72906230088496
16439,2022-12-31 02:00:00,Asia/Bangkok,85.15807843478261,54.22222222222222,44.54700854700855,23.50884199999999
16440,2022-12-31 03:00:00,Asia/Bangkok,86.22476443478264,51.02586206896552,42.43103448275862,22.88263617391303
16441,2022-12-31 04:00:00,Asia/Bangkok,86.99278297297296,48.93913043478261,41.0,22.55228616071429
16442,2022-12-31 05:00:00,Asia/Bangkok,88.16672401785716,48.93965517241379,40.87931034482759,22.26806513513516
16443,2022-12-31 06:00:00,Asia/Bangkok,88.74413451327433,48.96551724137931,40.93103448275862,22.35051707964601
16444,2022-12-31 07:00:00,Asia/Bangkok,88.85972052631577,48.66379310344828,40.54310344827586,22.39661921052631
16445,2022-12-31 08:00:00,Asia/Bangkok,90.52697278260871,53.15384615384615,43.76923076923077,22.70525886956522
16446,2022-12-31 09:00:00,Asia/Bangkok,88.12607939130436,21.06896551724138,19.71551724137931,25.3332335652174
16447,2022-12-31 10:00:00,Asia/Bangkok,73.72876551724138,13.47008547008547,12.5042735042735,29.32660077586204
16448,2022-12-31 11:00:00,Asia/Bangkok,69.33861575221238,10.1551724137931,9.525862068965518,30.00407607142857
16449,2022-12-31 12:00:00,Asia/Bangkok,65.08714203539823,28.05217391304348,25.51304347826087,31.07166415929204
16450,2022-12-31 13:00:00,Asia/Bangkok,61.67894594594596,35.79310344827586,31.86206896551724,32.10540693693693
16451,2022-12-31 14:00:00,Asia/Bangkok,60.96886833333336,19.17094017094017,18.17094017094017,32.24583079646018
16452,2022-12-31 15:00:00,Asia/Bangkok,60.39347348623853,14.39316239316239,13.7008547008547,32.33664064220184
16453,2022-12-31 16:00:00,Asia/Bangkok,62.48435596491229,16.95652173913043,16.25217391304348,31.40058903508771
16454,2022-12-31 17:00:00,Asia/Bangkok,64.88938886956522,17.77586206896552,16.73275862068965,31.1507775862069
16455,2022-12-31 18:00:00,Asia/Bangkok,67.68893892857143,28.14782608695652,25.62608695652174,30.43212108108107
16456,2022-12-31 19:00:00,Asia/Bangkok,72.89618230088494,40.0,35.8448275862069,29.10604433628319
16457,2022-12-31 20:00:00,Asia/Bangkok,78.09816324561405,65.84347826086956,55.98260869565217,28.08880452173913
16458,2022-12-31 21:00:00,Asia/Bangkok,80.7488996521739,97.93103448275862,87.72413793103448,27.38875228070174
16459,2022-12-31 22:00:00,Asia/Bangkok,86.20528271929822,54.28695652173913,48.81739130434783,26.20513798245615
16460,2022-12-31 23:00:00,Asia/Bangkok,88.25232131578947,66.30172413793103,58.92241379310344,26.11413570175436
16461,2023-01-01 00:00:00,Asia/Bangkok,87.59272805309735,48.32758620689656,40.5,25.98762008849557
16462,2023-01-01 01:00:00,Asia/Bangkok,88.32606017543858,121.8461538461538,114.1452991452991,25.62423919642862
16463,2023-01-01 02:00:00,Asia/Bangkok,88.46508741379311,56.18965517241379,46.31896551724138,25.31868157894739
16464,2023-01-01 03:00:00,Asia/Bangkok,88.81481000000001,54.97413793103448,45.31896551724138,24.75720763157896
16465,2023-01-01 04:00:00,Asia/Bangkok,89.28951128205131,55.58119658119658,45.27350427350427,24.48108146551724
16466,2023-01-01 05:00:00,Asia/Bangkok,89.21505578947365,48.36206896551724,40.27586206896552,24.2276902631579
16467,2023-01-01 06:00:00,Asia/Bangkok,89.64730403508774,41.18103448275862,35.33620689655172,23.78607535087719
16468,2023-01-01 07:00:00,Asia/Bangkok,90.22172836206897,35.52991452991453,32.12820512820513,23.51854198275862
16469,2023-01-01 08:00:00,Asia/Bangkok,91.41238469026554,33.89655172413793,31.16379310344828,23.69581486725664
16470,2023-01-01 09:00:00,Asia/Bangkok,90.40062903508768,29.25,27.48275862068965,25.06832745614035
16471,2023-01-01 10:00:00,Asia/Bangkok,80.9537692035398,21.78632478632479,20.71794871794872,27.65688371681415
16472,2023-01-01 11:00:00,Asia/Bangkok,73.23542654545456,20.97413793103448,20.02586206896552,29.22290581818182
16473,2023-01-01 12:00:00,Asia/Bangkok,64.9168985964912,16.63793103448276,15.89655172413793,30.86294131578948
16474,2023-01-01 13:00:00,Asia/Bangkok,61.6124025892857,16.19827586206896,15.61206896551724,31.46729669642857
16475,2023-01-01 14:00:00,Asia/Bangkok,61.75198991228073,16.12931034482759,15.30172413793103,32.25108964912283
16476,2023-01-01 15:00:00,Asia/Bangkok,63.26201051724138,14.95726495726496,14.35042735042735,31.5970469827586
16477,2023-01-01 16:00:00,Asia/Bangkok,63.59458026548669,15.20869565217391,14.5304347826087,31.26570088495575
16478,2023-01-01 17:00:00,Asia/Bangkok,66.77846633928569,17.47413793103448,16.71551724137931,30.32873625000001
16479,2023-01-01 18:00:00,Asia/Bangkok,70.19998850877192,23.75862068965517,22.41379310344828,29.24519617391305
16480,2023-01-01 19:00:00,Asia/Bangkok,73.06030342105261,36.18965517241379,31.94827586206896,28.65790614035088
16481,2023-01-01 20:00:00,Asia/Bangkok,75.7507505263158,32.62931034482759,30.43103448275862,27.72945140350879
16482,2023-01-01 21:00:00,Asia/Bangkok,80.67918526315789,39.1551724137931,34.25,26.50604447368421
16483,2023-01-01 22:00:00,Asia/Bangkok,81.72911333333336,49.45689655172414,41.20689655172414,26.40089377192986
16484,2023-01-01 23:00:00,Asia/Bangkok,83.77238616071428,47.94782608695652,40.07826086956522,25.85019232142858
16485,2023-01-02 00:00:00,Asia/Bangkok,84.09253821428574,43.37068965517241,36.89655172413793,25.8596561607143
16486,2023-01-02 01:00:00,Asia/Bangkok,84.93087840707963,31.52586206896552,29.50862068965517,25.76535798245612
16487,2023-01-02 02:00:00,Asia/Bangkok,85.4647275862069,24.2991452991453,23.28205128205128,25.50766721739131
16488,2023-01-02 03:00:00,Asia/Bangkok,85.1489871296296,23.64655172413793,22.88793103448276,25.36484805555554
16489,2023-01-02 04:00:00,Asia/Bangkok,85.8088367857143,28.32743362831858,27.11504424778761,24.93192848214285
16490,2023-01-02 05:00:00,Asia/Bangkok,87.40905666666666,29.85217391304348,28.47826086956522,24.29447140350878
16491,2023-01-02 06:00:00,Asia/Bangkok,88.65328646551724,31.99137931034483,30.00862068965517,23.80606241379311
16492,2023-01-02 07:00:00,Asia/Bangkok,89.23885843478259,33.37391304347826,30.78260869565218,23.56106434782612
16493,2023-01-02 08:00:00,Asia/Bangkok,89.99129877192988,33.7304347826087,31.00869565217391,23.65352035087719
16494,2023-01-02 09:00:00,Asia/Bangkok,85.14300643478262,30.03448275862069,28.20689655172414,25.58387339130436
16495,2023-01-02 10:00:00,Asia/Bangkok,74.97511078947367,37.0940170940171,33.06034482758621,28.65767157894736
16496,2023-01-02 11:00:00,Asia/Bangkok,66.98891539823008,23.81896551724138,22.52991452991453,30.60173380530972
16497,2023-01-02 12:00:00,Asia/Bangkok,61.27704091743119,28.4051724137931,25.92241379310345,31.91076238532109
16498,2023-01-02 13:00:00,Asia/Bangkok,62.04119217391306,28.98275862068965,26.57758620689655,31.34158878260869
16499,2023-01-02 14:00:00,Asia/Bangkok,61.14063883928572,28.58407079646018,26.61061946902655,32.15862642857143
16500,2023-01-02 15:00:00,Asia/Bangkok,60.68755852173914,24.17241379310345,23.01724137931035,32.15877939130436
16501,2023-01-02 16:00:00,Asia/Bangkok,60.93504509090906,21.4051724137931,20.5948275862069,31.46586009090907
16502,2023-01-02 17:00:00,Asia/Bangkok,60.37253707964599,24.00862068965517,22.87068965517241,31.20612654867257
16503,2023-01-02 18:00:00,Asia/Bangkok,66.12006991150444,41.74137931034483,36.42241379310344,29.97839097345132
16504,2023-01-02 19:00:00,Asia/Bangkok,73.0167546956522,68.76068376068376,60.52136752136752,28.89761156521739
16505,2023-01-02 20:00:00,Asia/Bangkok,78.66599026086959,56.8448275862069,46.60344827586207,27.71923078260869
16506,2023-01-02 21:00:00,Asia/Bangkok,81.2531362608696,40.94017094017094,35.29059829059829,27.13755000000001
16507,2023-01-02 22:00:00,Asia/Bangkok,83.36872776785715,43.15652173913043,36.55652173913043,26.62959571428573
16508,2023-01-02 23:00:00,Asia/Bangkok,84.46072619469025,47.87931034482759,39.8448275862069,26.22799628318583
16509,2023-01-03 00:00:00,Asia/Bangkok,85.23416548672567,55.52631578947368,45.53508771929825,25.96942424778761
16510,2023-01-03 01:00:00,Asia/Bangkok,86.1192192035399,49.83620689655172,41.49137931034483,25.63168893805313
16511,2023-01-03 02:00:00,Asia/Bangkok,87.35594517543858,45.76068376068376,38.54700854700855,25.20465517543861
16512,2023-01-03 03:00:00,Asia/Bangkok,88.0412503539823,44.25862068965517,37.3448275862069,24.99855681415931
16513,2023-01-03 04:00:00,Asia/Bangkok,88.28344632478634,41.52136752136752,35.54700854700855,24.90852205128204
16514,2023-01-03 05:00:00,Asia/Bangkok,88.71491562499997,40.08620689655172,34.78448275862069,24.7229562162162
16515,2023-01-03 06:00:00,Asia/Bangkok,89.37822234234234,39.40869565217391,34.40869565217391,24.54479189189192
16516,2023-01-03 07:00:00,Asia/Bangkok,89.71394598290601,39.92307692307692,34.7008547008547,24.44970854700855
16517,2023-01-03 08:00:00,Asia/Bangkok,90.54335756521738,59.9051724137931,51.93965517241379,24.62469043478263
16518,2023-01-03 09:00:00,Asia/Bangkok,86.95714591304349,54.55172413793103,45.53448275862069,26.46180930434782
16519,2023-01-03 10:00:00,Asia/Bangkok,79.12683581818183,37.88034188034188,33.2051282051282,28.96162763636364
16520,2023-01-03 11:00:00,Asia/Bangkok,75.38616738738742,27.03478260869565,25.0695652173913,29.7008865765766
16521,2023-01-03 12:00:00,Asia/Bangkok,70.76747401785715,18.66379310344828,17.87931034482759,30.79697366071429
16522,2023-01-03 13:00:00,Asia/Bangkok,67.64689544642854,15.68965517241379,15.0,31.27531945945945
16523,2023-01-03 14:00:00,Asia/Bangkok,67.3884881651376,11.50877192982456,10.79824561403509,31.14444963636361
16524,2023-01-03 15:00:00,Asia/Bangkok,65.4010106140351,11.53448275862069,10.93965517241379,31.57865053097344
16525,2023-01-03 16:00:00,Asia/Bangkok,68.72866859649123,13.33620689655172,12.63793103448276,30.82096482456141
16526,2023-01-03 17:00:00,Asia/Bangkok,68.89726921052629,13.46086956521739,12.95652173913044,30.44709412280703
16527,2023-01-03 18:00:00,Asia/Bangkok,71.25099564516128,16.13846153846154,15.63076923076923,30.23918225806452
16528,2023-01-03 19:00:00,Asia/Bangkok,75.60264072727276,20.93913043478261,20.14782608695652,29.25856727272728
16529,2023-01-03 20:00:00,Asia/Bangkok,79.14602589285714,26.04310344827586,24.96551724137931,28.60012910714285
16530,2023-01-03 21:00:00,Asia/Bangkok,81.50930155172414,30.98290598290598,28.83760683760684,28.03595655172413
16531,2023-01-03 22:00:00,Asia/Bangkok,84.83167535087718,46.30172413793103,38.92241379310344,27.03087850877192
16532,2023-01-03 23:00:00,Asia/Bangkok,85.38906366071431,45.66086956521739,38.34782608695652,26.90964419642858
16533,2023-01-04 00:00:00,Asia/Bangkok,86.52835956140353,42.91379310344828,36.47413793103448,26.77232964912281
16534,2023-01-04 01:00:00,Asia/Bangkok,87.81954582608697,30.67241379310345,28.44827586206896,26.62198460869565
16535,2023-01-04 02:00:00,Asia/Bangkok,89.2742995614035,22.78632478632479,21.86324786324786,25.90423587719297
16536,2023-01-04 03:00:00,Asia/Bangkok,90.04737778761067,24.36521739130435,23.22608695652174,25.73987380530972
16537,2023-01-04 04:00:00,Asia/Bangkok,90.83539130434784,30.35042735042735,28.70940170940171,25.69022643478258
16538,2023-01-04 05:00:00,Asia/Bangkok,91.24389157894738,33.38793103448276,30.79310344827586,25.76086061403509
16539,2023-01-04 06:00:00,Asia/Bangkok,91.51484701754386,33.12931034482759,30.61206896551724,25.44756342105263
16540,2023-01-04 07:00:00,Asia/Bangkok,91.96114300884952,32.34188034188034,30.2991452991453,25.3457031858407
16541,2023-01-04 08:00:00,Asia/Bangkok,92.49410062499996,37.62931034482759,33.47413793103448,25.39185017857145
16542,2023-01-04 09:00:00,Asia/Bangkok,92.86754168141593,31.0,29.14655172413793,26.1067346491228
16543,2023-01-04 10:00:00,Asia/Bangkok,90.64393060344828,29.72649572649573,28.34188034188034,26.66333587719298
16544,2023-01-04 11:00:00,Asia/Bangkok,86.12714669565219,28.23275862068965,27.0948275862069,27.74885895652173
16545,2023-01-04 12:00:00,Asia/Bangkok,80.78379582608693,29.64102564102564,28.46153846153846,28.44226252173911
16546,2023-01-04 13:00:00,Asia/Bangkok,83.3679599122807,32.91452991452991,30.74358974358974,28.01972017543858
16547,2023-01-04 14:00:00,Asia/Bangkok,83.81078061403508,20.92241379310345,20.06896551724138,26.97096201754387
16548,2023-01-04 15:00:00,Asia/Bangkok,90.9329945132743,15.75,15.04310344827586,25.30508070796461
16549,2023-01-04 16:00:00,Asia/Bangkok,92.06361654545456,10.28695652173913,9.608695652173912,24.93600827272726
16550,2023-01-04 17:00:00,Asia/Bangkok,92.73389252173908,5.448275862068965,5.172413793103448,24.42490460869567
16551,2023-01-04 18:00:00,Asia/Bangkok,92.40427175438596,8.508620689655173,8.017241379310345,24.55623307017543
16552,2023-01-04 19:00:00,Asia/Bangkok,90.78388837606838,6.333333333333333,5.905982905982906,24.68403042735044
16553,2023-01-04 20:00:00,Asia/Bangkok,91.3935343362832,17.37068965517241,16.18965517241379,24.41068672566373
16554,2023-01-04 21:00:00,Asia/Bangkok,92.23417826086958,19.49137931034483,18.43965517241379,24.254146
16555,2023-01-04 22:00:00,Asia/Bangkok,93.1520814414414,17.52586206896552,16.64655172413793,24.28976819819821
16556,2023-01-04 23:00:00,Asia/Bangkok,93.58523105263157,15.51724137931035,14.70689655172414,24.39095543859649
16557,2023-01-05 00:00:00,Asia/Bangkok,93.32922104347827,18.5982905982906,17.72649572649573,24.47666313043482
16558,2023-01-05 01:00:00,Asia/Bangkok,93.33750428571425,24.49107142857143,23.33035714285714,24.37536053571429
16559,2023-01-05 02:00:00,Asia/Bangkok,93.57446858407083,25.10434782608696,24.01739130434783,24.20783451327436
16560,2023-01-05 03:00:00,Asia/Bangkok,93.45219371681412,23.22413793103448,22.17241379310345,24.05472637168143
16561,2023-01-05 04:00:00,Asia/Bangkok,93.42966833333332,22.02586206896552,21.08620689655172,23.83964754385964
16562,2023-01-05 05:00:00,Asia/Bangkok,94.15207929203534,22.87931034482759,21.87068965517241,23.69467893805313
16563,2023-01-05 06:00:00,Asia/Bangkok,94.14601765765765,23.19130434782609,22.27826086956522,23.78968729729732
16564,2023-01-05 07:00:00,Asia/Bangkok,94.31309610619472,24.33043478260869,23.51304347826087,23.75249955357143
16565,2023-01-05 08:00:00,Asia/Bangkok,94.6722322807018,29.29310344827586,28.13793103448276,24.05917640350878
16566,2023-01-05 09:00:00,Asia/Bangkok,92.66762473684206,31.47413793103448,29.82758620689655,25.57182508771929
16567,2023-01-05 10:00:00,Asia/Bangkok,85.49953560344828,28.6,27.66956521739131,28.1271850862069
16568,2023-01-05 11:00:00,Asia/Bangkok,79.22129035398228,24.02608695652174,23.24347826086957,29.46301743362833
16569,2023-01-05 12:00:00,Asia/Bangkok,73.56353269565217,18.32758620689655,17.66379310344828,30.68733669565217
16570,2023-01-05 13:00:00,Asia/Bangkok,70.47232123893808,15.84347826086957,15.17391304347826,31.48646362831857
16571,2023-01-05 14:00:00,Asia/Bangkok,66.93658946902657,14.29203539823009,13.58407079646018,32.13393486725666
16572,2023-01-05 15:00:00,Asia/Bangkok,68.64688129310346,15.5948275862069,14.83620689655172,31.45374655172414
16573,2023-01-05 16:00:00,Asia/Bangkok,68.36475380530975,14.81739130434783,14.14782608695652,31.29479035398229
16574,2023-01-05 17:00:00,Asia/Bangkok,70.94400982608695,15.0,14.08620689655172,30.76238330434783
16575,2023-01-05 18:00:00,Asia/Bangkok,74.52573116071429,15.49137931034483,14.67241379310345,29.79555223214285
16576,2023-01-05 19:00:00,Asia/Bangkok,78.3919662280702,20.16379310344828,18.86206896551724,28.94988482456143
16577,2023-01-05 20:00:00,Asia/Bangkok,81.94721508928572,23.93965517241379,22.5948275862069,28.08420616071429
16578,2023-01-05 21:00:00,Asia/Bangkok,84.54697080357145,25.99137931034483,24.6551724137931,27.35401491071429
16579,2023-01-05 22:00:00,Asia/Bangkok,86.33961238938056,36.52173913043478,32.41739130434782,26.54867570175441
16580,2023-01-05 23:00:00,Asia/Bangkok,87.60860324561402,36.89655172413793,32.80172413793103,25.89501088495577
16581,2023-01-06 00:00:00,Asia/Bangkok,88.72823867256636,29.12068965517241,27.52586206896552,25.35165778761063
16582,2023-01-06 01:00:00,Asia/Bangkok,89.09906432432435,29.13793103448276,27.58620689655172,25.09348495495496
16583,2023-01-06 02:00:00,Asia/Bangkok,89.39959830357138,24.31578947368421,23.14912280701754,24.90129008928572
16584,2023-01-06 03:00:00,Asia/Bangkok,90.00975886956519,21.5982905982906,20.80172413793104,24.73440286956519
16585,2023-01-06 04:00:00,Asia/Bangkok,89.96930697247709,15.14782608695652,14.35344827586207,24.79494238532112
16586,2023-01-06 05:00:00,Asia/Bangkok,89.30923939655177,11.96551724137931,11.18103448275862,24.84262991304347
16587,2023-01-06 06:00:00,Asia/Bangkok,88.77208232142858,11.19130434782609,10.54782608695652,24.93571982142859
16588,2023-01-06 07:00:00,Asia/Bangkok,88.89504612612615,12.09565217391304,11.47826086956522,24.88445054054056
16589,2023-01-06 08:00:00,Asia/Bangkok,88.1308394545455,14.50862068965517,13.83620689655172,25.23251345454547
16590,2023-01-06 09:00:00,Asia/Bangkok,83.5735285964912,16.89655172413793,15.94827586206897,26.94320473684209
16591,2023-01-06 10:00:00,Asia/Bangkok,79.17813513043482,13.61739130434783,12.84347826086957,28.5252295652174
16592,2023-01-06 11:00:00,Asia/Bangkok,86.99210027272726,20.04424778761062,18.38938053097345,27.31995899999998
16593,2023-01-06 12:00:00,Asia/Bangkok,82.51580069565217,13.40869565217391,12.67826086956522,28.58761077586208
16594,2023-01-06 13:00:00,Asia/Bangkok,77.0201627586207,9.629310344827585,9.086206896551724,29.06321808695651
16595,2023-01-06 14:00:00,Asia/Bangkok,81.43326307017547,20.52586206896552,18.37068965517241,27.91824964912281
16596,2023-01-06 15:00:00,Asia/Bangkok,81.41997140350878,9.620689655172415,8.577586206896552,28.22294543859648
16597,2023-01-06 16:00:00,Asia/Bangkok,82.44852035398232,14.24347826086957,13.16521739130435,27.98659624999999
16598,2023-01-06 17:00:00,Asia/Bangkok,81.42847034782608,5.53448275862069,4.913793103448276,27.31870599999999
16599,2023-01-06 18:00:00,Asia/Bangkok,78.25389026086957,5.448275862068965,4.887931034482759,27.3212604347826
16600,2023-01-06 19:00:00,Asia/Bangkok,78.8015344144144,6.956896551724138,6.206896551724138,26.88882154545453
16601,2023-01-06 20:00:00,Asia/Bangkok,84.59597843478258,11.56896551724138,10.58620689655172,25.7269583478261
16602,2023-01-06 21:00:00,Asia/Bangkok,86.4074370434783,8.517241379310345,7.956896551724138,25.38397130434781
16603,2023-01-06 22:00:00,Asia/Bangkok,87.38039735042733,9.222222222222221,8.675213675213675,25.05863239316242
16604,2023-01-06 23:00:00,Asia/Bangkok,87.89177876106197,8.71551724137931,8.181034482758621,24.908120619469
16605,2023-01-07 00:00:00,Asia/Bangkok,89.18285356521737,8.982758620689655,8.422413793103448,24.51694913043481
16606,2023-01-07 01:00:00,Asia/Bangkok,90.19090060869569,10.25217391304348,9.747826086956522,24.28852473684212
16607,2023-01-07 02:00:00,Asia/Bangkok,89.25529947826085,8.801724137931034,8.275862068965518,24.27058330434783
16608,2023-01-07 03:00:00,Asia/Bangkok,87.5598628695652,7.663793103448276,7.198275862068965,24.38571
16609,2023-01-07 04:00:00,Asia/Bangkok,87.03845236842105,8.0,7.577586206896552,24.30536789473685
16610,2023-01-07 05:00:00,Asia/Bangkok,85.52506530434779,8.163793103448276,7.767241379310345,24.28344263157895
16611,2023-01-07 06:00:00,Asia/Bangkok,85.17931333333337,10.25,9.793103448275861,24.41676824561402
16612,2023-01-07 07:00:00,Asia/Bangkok,86.77682365217392,9.64102564102564,9.076923076923077,24.38965678260871
16613,2023-01-07 08:00:00,Asia/Bangkok,93.23909784482764,6.129310344827586,5.629310344827586,23.78267189655173
16614,2023-01-07 09:00:00,Asia/Bangkok,93.66454956521737,8.431034482758621,7.870689655172414,23.95227817391307
16615,2023-01-07 10:00:00,Asia/Bangkok,93.34914787610619,9.632478632478632,9.162393162393162,24.30930654867255
16616,2023-01-07 11:00:00,Asia/Bangkok,91.48033495575221,8.801724137931034,8.275862068965518,25.23120805309735
16617,2023-01-07 12:00:00,Asia/Bangkok,87.7916145045045,5.948275862068965,5.508620689655173,25.92169612612613
16618,2023-01-07 13:00:00,Asia/Bangkok,88.15628469026548,6.068965517241379,5.689655172413793,25.83605106194691
16619,2023-01-07 14:00:00,Asia/Bangkok,84.6347612173913,7.560344827586207,7.086206896551724,26.7946501754386
16620,2023-01-07 15:00:00,Asia/Bangkok,83.9580160526316,6.380530973451328,5.876106194690266,26.82517236842107
16621,2023-01-07 16:00:00,Asia/Bangkok,84.31433117117118,11.86206896551724,10.97413793103448,26.59876642857142
16622,2023-01-07 17:00:00,Asia/Bangkok,88.84427396551726,8.11111111111111,7.615384615384615,25.37110617391303
16623,2023-01-07 18:00:00,Asia/Bangkok,90.3878150909091,12.83620689655172,12.12931034482759,24.98807890909091
16624,2023-01-07 19:00:00,Asia/Bangkok,91.81308767857142,15.94827586206897,14.92241379310345,24.57202999999999
16625,2023-01-07 20:00:00,Asia/Bangkok,91.33596903508777,13.99145299145299,12.82905982905983,24.40245701754387
16626,2023-01-07 21:00:00,Asia/Bangkok,91.1518156140351,13.71304347826087,11.77391304347826,24.07569643478261
16627,2023-01-07 22:00:00,Asia/Bangkok,91.16950991228072,10.0,9.14655172413793,23.92645451327435
16628,2023-01-07 23:00:00,Asia/Bangkok,90.53033229357794,8.280701754385966,7.552631578947368,23.86211788990824
16629,2023-01-08 00:00:00,Asia/Bangkok,90.46667353982305,7.843478260869565,6.956521739130435,23.75739610619467
16630,2023-01-08 01:00:00,Asia/Bangkok,90.12350263157892,7.573913043478261,6.886956521739131,23.83751078947368
16631,2023-01-08 02:00:00,Asia/Bangkok,90.05757027522932,7.922413793103448,7.301724137931035,23.6819088990826
16632,2023-01-08 03:00:00,Asia/Bangkok,90.3384840909091,9.330434782608696,8.165217391304347,23.54607772727273
16633,2023-01-08 04:00:00,Asia/Bangkok,91.89296147826089,8.293103448275861,7.565217391304348,23.24920140350875
16634,2023-01-08 05:00:00,Asia/Bangkok,92.89853008695657,10.58620689655172,9.88034188034188,23.32554365217392
16635,2023-01-08 06:00:00,Asia/Bangkok,92.2843810526316,8.948275862068966,8.448275862068966,23.44022377192979
16636,2023-01-08 07:00:00,Asia/Bangkok,91.89206675438601,9.370689655172415,8.612068965517242,23.41466982456139
16637,2023-01-08 08:00:00,Asia/Bangkok,92.41706269565222,11.21551724137931,10.5,23.56640295652172
16638,2023-01-08 09:00:00,Asia/Bangkok,92.35355675438599,11.46551724137931,10.75862068965517,24.13805247787611
16639,2023-01-08 10:00:00,Asia/Bangkok,93.2097768965517,11.72413793103448,11.02586206896552,24.28382629310347
16640,2023-01-08 11:00:00,Asia/Bangkok,93.99374530434785,10.26724137931035,9.801724137931034,24.6234116521739
16641,2023-01-08 12:00:00,Asia/Bangkok,93.5161496491228,11.35344827586207,10.85344827586207,25.16223429824562
16642,2023-01-08 13:00:00,Asia/Bangkok,85.52694837606838,7.658119658119658,7.282051282051282,27.22858495726495
16643,2023-01-08 14:00:00,Asia/Bangkok,82.56182513513514,7.137931034482759,6.793103448275862,27.40483558558559
16644,2023-01-08 15:00:00,Asia/Bangkok,84.96697380530976,10.5948275862069,10.06034482758621,26.55555115044248
16645,2023-01-08 16:00:00,Asia/Bangkok,90.55828171171176,11.94827586206897,11.36206896551724,25.2788454054054
16646,2023-01-08 17:00:00,Asia/Bangkok,91.84177853448276,13.74358974358974,13.1965811965812,24.82607939655173
16647,2023-01-08 18:00:00,Asia/Bangkok,92.55298964601774,14.70689655172414,13.98275862068965,24.46298079646018
16648,2023-01-08 19:00:00,Asia/Bangkok,92.82994840707963,16.83620689655172,16.17241379310345,24.38993752212389
16649,2023-01-08 20:00:00,Asia/Bangkok,93.08951175438598,20.24347826086957,19.31034482758621,24.41668565217391
16650,2023-01-08 21:00:00,Asia/Bangkok,93.05152447368418,28.31034482758621,26.67241379310345,24.44904710526317
16651,2023-01-08 22:00:00,Asia/Bangkok,92.87706207207209,30.53448275862069,28.9051724137931,24.2440810909091
16652,2023-01-08 23:00:00,Asia/Bangkok,92.98952800000005,60.04310344827586,50.70689655172414,24.09173800000001
16653,2023-01-09 00:00:00,Asia/Bangkok,93.37258288288288,44.00862068965517,37.52586206896552,24.03245009009009
16654,2023-01-09 01:00:00,Asia/Bangkok,93.8540205172414,36.43589743589744,32.72649572649573,24.02951784482759
16655,2023-01-09 02:00:00,Asia/Bangkok,93.67141043478264,36.11206896551724,32.53448275862069,24.22504930434786
16656,2023-01-09 03:00:00,Asia/Bangkok,93.06233115044247,35.33620689655172,31.93965517241379,24.0076061061947
16657,2023-01-09 04:00:00,Asia/Bangkok,92.48326357798166,37.06896551724138,32.88034188034188,23.79543394495416
16658,2023-01-09 05:00:00,Asia/Bangkok,92.63220095652174,39.87931034482759,34.56034482758621,23.93117052173914
16659,2023-01-09 06:00:00,Asia/Bangkok,92.52602176991152,41.0948275862069,35.50862068965517,23.83013044247787
16660,2023-01-09 07:00:00,Asia/Bangkok,92.52892694444445,40.1875,34.75,23.72983518518518
16661,2023-01-09 08:00:00,Asia/Bangkok,93.03049705357141,41.61206896551724,35.77391304347826,23.78778857142858
16662,2023-01-09 09:00:00,Asia/Bangkok,93.31822403508771,45.73275862068966,38.26495726495727,24.19260149122809
16663,2023-01-09 10:00:00,Asia/Bangkok,92.6531669369369,42.41739130434782,36.0,24.86775729729729
16664,2023-01-09 11:00:00,Asia/Bangkok,86.34629438596491,39.01724137931034,34.26724137931034,26.27927614035087
16665,2023-01-09 12:00:00,Asia/Bangkok,82.9468274336283,38.19469026548673,33.76991150442478,27.39029884955752
16666,2023-01-09 13:00:00,Asia/Bangkok,79.38997324561409,34.21367521367522,31.48717948717949,28.61543592920353
16667,2023-01-09 14:00:00,Asia/Bangkok,75.41520910714287,17.48275862068965,16.68103448275862,30.09996910714284
16668,2023-01-09 15:00:00,Asia/Bangkok,73.59613243243243,12.04347826086956,11.45217391304348,30.68457540540541
16669,2023-01-09 16:00:00,Asia/Bangkok,74.57721607142854,9.620689655172415,9.060344827586206,30.27866714285716
16670,2023-01-09 17:00:00,Asia/Bangkok,76.67478017391305,7.879310344827586,7.448275862068965,29.52409443478263
16671,2023-01-09 18:00:00,Asia/Bangkok,79.84347837837834,9.301724137931034,8.78448275862069,28.41393180180178
16672,2023-01-09 19:00:00,Asia/Bangkok,83.54569267857141,16.38461538461538,15.63247863247863,27.31684535714287
16673,2023-01-09 20:00:00,Asia/Bangkok,85.3634921238938,16.08620689655172,15.30172413793103,27.02172115044246
16674,2023-01-09 21:00:00,Asia/Bangkok,86.86215761061945,23.83478260869565,22.24347826086957,26.65976557522123
16675,2023-01-09 22:00:00,Asia/Bangkok,87.99017876106191,29.43965517241379,27.78448275862069,26.43328247787611
16676,2023-01-09 23:00:00,Asia/Bangkok,88.32045729729734,31.18965517241379,29.22413793103448,26.18230729729728
16677,2023-01-10 00:00:00,Asia/Bangkok,88.55874321428571,28.09734513274336,26.87610619469027,25.97986848214288
16678,2023-01-10 01:00:00,Asia/Bangkok,88.54530805309729,25.94827586206896,24.79310344827586,26.00186893805308
16679,2023-01-10 02:00:00,Asia/Bangkok,88.55514163793107,24.28205128205128,23.39316239316239,25.92798543103448
16680,2023-01-10 03:00:00,Asia/Bangkok,89.14157000000003,22.10344827586207,21.19827586206896,25.5448207142857
16681,2023-01-10 04:00:00,Asia/Bangkok,90.25333230088488,27.31896551724138,26.0,25.37486327433627
16682,2023-01-10 05:00:00,Asia/Bangkok,91.0304748214286,27.62931034482759,26.33620689655172,25.27044267857143
16683,2023-01-10 06:00:00,Asia/Bangkok,90.95765236842105,30.41379310344828,28.37068965517241,25.25005122807018
16684,2023-01-10 07:00:00,Asia/Bangkok,91.41139178571424,38.77586206896552,34.13793103448276,25.22459348214287
16685,2023-01-10 08:00:00,Asia/Bangkok,91.61851051724138,29.2991452991453,27.7008547008547,25.24645886956522
16686,2023-01-10 09:00:00,Asia/Bangkok,88.64017521739136,19.60869565217391,18.46956521739131,26.21569834782609
16687,2023-01-10 10:00:00,Asia/Bangkok,83.88724260869564,15.50862068965517,14.82758620689655,27.34825681034481
16688,2023-01-10 11:00:00,Asia/Bangkok,80.25463584070795,18.24786324786325,17.54700854700855,28.59848321428572
16689,2023-01-10 12:00:00,Asia/Bangkok,78.87854327433624,20.76724137931035,19.89655172413793,29.483576460177
16690,2023-01-10 13:00:00,Asia/Bangkok,77.98437725663719,20.62608695652174,19.98260869565217,29.83812573913044
16691,2023-01-10 14:00:00,Asia/Bangkok,78.23073044642858,22.85344827586207,21.94871794871795,29.67800792792791
16692,2023-01-10 15:00:00,Asia/Bangkok,73.73201385321103,22.36206896551724,21.51724137931035,30.27179174311927
16693,2023-01-10 16:00:00,Asia/Bangkok,70.30511267857146,18.55172413793104,17.81896551724138,30.70398955357143
16694,2023-01-10 17:00:00,Asia/Bangkok,71.09359300884955,18.06837606837607,17.25641025641026,30.33197450450448
16695,2023-01-10 18:00:00,Asia/Bangkok,74.54052873873876,24.56521739130435,23.7304347826087,29.38965855855853
16696,2023-01-10 19:00:00,Asia/Bangkok,76.32582422413796,43.10344827586207,36.67241379310344,28.79962629310346
16697,2023-01-10 20:00:00,Asia/Bangkok,80.71694719298245,54.72173913043478,44.49565217391304,27.91965438596491
16698,2023-01-10 21:00:00,Asia/Bangkok,83.34195394736841,60.76521739130435,49.09565217391305,27.32522464912277
16699,2023-01-10 22:00:00,Asia/Bangkok,85.8957168965517,67.33620689655173,55.75862068965517,27.05094939655174
16700,2023-01-10 23:00:00,Asia/Bangkok,86.70888070175444,57.82051282051282,47.12820512820513,26.92181701754387
16701,2023-01-11 00:00:00,Asia/Bangkok,88.66293060869566,49.48717948717949,41.07692307692308,26.31273417391304
16702,2023-01-11 01:00:00,Asia/Bangkok,88.07574241071435,47.81896551724138,39.94827586206897,26.28142526785713
16703,2023-01-11 02:00:00,Asia/Bangkok,88.61338271929827,49.97391304347826,41.52173913043478,26.02079078947368
16704,2023-01-11 03:00:00,Asia/Bangkok,89.30195307017549,40.89655172413793,35.26724137931034,25.82215991228068
16705,2023-01-11 04:00:00,Asia/Bangkok,88.53375026548672,19.68965517241379,18.79310344827586,25.51081592920354
16706,2023-01-11 05:00:00,Asia/Bangkok,88.55509808695655,18.36206896551724,17.57758620689655,25.14756417391306
16707,2023-01-11 06:00:00,Asia/Bangkok,89.66830365217385,28.94827586206896,27.10344827586207,24.83099930434785
16708,2023-01-11 07:00:00,Asia/Bangkok,90.55542605263159,30.65811965811966,28.51282051282051,24.36256684210527
16709,2023-01-11 08:00:00,Asia/Bangkok,91.73235573913044,30.82758620689655,28.6551724137931,24.50740486956524
16710,2023-01-11 09:00:00,Asia/Bangkok,89.0224207826087,26.63793103448276,25.37068965517241,26.0020703478261
16711,2023-01-11 10:00:00,Asia/Bangkok,79.05044657894734,33.52586206896552,30.87068965517241,29.15594561403509
16712,2023-01-11 11:00:00,Asia/Bangkok,72.057544159292,24.86324786324786,23.86324786324786,30.69685866071429
16713,2023-01-11 12:00:00,Asia/Bangkok,67.17577620253165,18.4375,17.9,31.88617587500001
16714,2023-01-11 13:00:00,Asia/Bangkok,63.97590408695653,15.18103448275862,14.78448275862069,33.08503660869566
16715,2023-01-11 14:00:00,Asia/Bangkok,63.41637582608696,12.64347826086957,12.2,33.22208217391302
16716,2023-01-11 15:00:00,Asia/Bangkok,68.83312991304345,15.5,14.97413793103448,32.0114475652174
16717,2023-01-11 16:00:00,Asia/Bangkok,71.8140084955752,17.41228070175439,16.79824561403509,31.25483150442477
16718,2023-01-11 17:00:00,Asia/Bangkok,72.94596608695652,17.36206896551724,16.75,30.84300460869566
16719,2023-01-11 18:00:00,Asia/Bangkok,79.78468601769913,21.24137931034483,19.96551724137931,29.41455026548672
16720,2023-01-11 19:00:00,Asia/Bangkok,86.6384913157895,28.8034188034188,27.16239316239316,28.08872868421054
16721,2023-01-11 20:00:00,Asia/Bangkok,87.8540880701754,29.56521739130435,28.20869565217391,27.62690324561402
16722,2023-01-11 21:00:00,Asia/Bangkok,88.42489171171177,46.00862068965517,39.22413793103448,27.25272225225224
16723,2023-01-11 22:00:00,Asia/Bangkok,89.56324026086958,42.12068965517241,36.16379310344828,26.99832008771929
16724,2023-01-11 23:00:00,Asia/Bangkok,89.38941379310342,46.67241379310344,39.28448275862069,27.00309206896553
16725,2023-01-12 00:00:00,Asia/Bangkok,90.66463508771929,47.23931623931624,39.78632478632478,26.73478035087718
16726,2023-01-12 01:00:00,Asia/Bangkok,90.48987283185836,48.60344827586207,40.55172413793103,26.45870920353984
16727,2023-01-12 02:00:00,Asia/Bangkok,90.79550486956528,40.92241379310344,35.32758620689656,26.12697122807017
16728,2023-01-12 03:00:00,Asia/Bangkok,90.31759681034484,43.29059829059829,36.73504273504273,25.98664034482757
16729,2023-01-12 04:00:00,Asia/Bangkok,89.97204947826086,43.14655172413793,36.64655172413793,25.80771826086955
16730,2023-01-12 05:00:00,Asia/Bangkok,90.11295056074769,43.52586206896552,36.93103448275862,25.4489946226415
16731,2023-01-12 06:00:00,Asia/Bangkok,89.71002428571423,42.72413793103448,36.42241379310344,25.22359348214286
16732,2023-01-12 07:00:00,Asia/Bangkok,90.57734973451323,40.62393162393163,35.25641025641026,24.74995486725661
16733,2023-01-12 08:00:00,Asia/Bangkok,91.65766913043481,38.58620689655172,34.06034482758621,24.79263947826089
16734,2023-01-12 09:00:00,Asia/Bangkok,92.0141,30.70689655172414,28.93103448275862,26.11779100917431
16735,2023-01-12 10:00:00,Asia/Bangkok,83.86408776785716,21.35344827586207,20.54310344827586,28.62120607142857
16736,2023-01-12 11:00:00,Asia/Bangkok,74.61907929824562,14.19827586206897,13.74137931034483,30.56529385964912
16737,2023-01-12 12:00:00,Asia/Bangkok,68.31304982758621,14.45689655172414,13.96551724137931,32.45159853448275
16738,2023-01-12 13:00:00,Asia/Bangkok,66.04664166666667,13.78448275862069,13.00862068965517,32.61179578947367
16739,2023-01-12 14:00:00,Asia/Bangkok,61.77046435897438,9.820512820512821,9.504273504273504,33.42021413793104
16740,2023-01-12 15:00:00,Asia/Bangkok,65.6910849565217,11.18103448275862,10.76724137931035,32.86012365217394
16741,2023-01-12 16:00:00,Asia/Bangkok,68.5537404385965,10.96551724137931,10.63793103448276,32.33621078947369
16742,2023-01-12 17:00:00,Asia/Bangkok,73.65697210526315,9.85344827586207,9.474137931034482,30.77276113043482
16743,2023-01-12 18:00:00,Asia/Bangkok,77.16841090909091,17.99130434782609,16.98260869565217,29.56672788990824
16744,2023-01-12 19:00:00,Asia/Bangkok,79.63666157894735,47.22413793103448,40.75,28.96206456140352
16745,2023-01-12 20:00:00,Asia/Bangkok,82.64575603448273,48.41880341880342,40.57264957264957,28.3948399137931
16746,2023-01-12 21:00:00,Asia/Bangkok,84.50875315315314,32.37068965517241,29.21551724137931,28.04230590909092
16747,2023-01-12 22:00:00,Asia/Bangkok,86.5148872072072,32.69026548672566,29.95575221238938,27.5812481981982
16748,2023-01-12 23:00:00,Asia/Bangkok,87.10710553571427,33.8448275862069,30.46551724137931,27.65285455357144
16749,2023-01-13 00:00:00,Asia/Bangkok,87.98657181034483,32.5,30.12931034482759,27.42191905172415
16750,2023-01-13 01:00:00,Asia/Bangkok,88.34539836206895,30.93965517241379,28.79310344827586,27.25332025862068
16751,2023-01-13 02:00:00,Asia/Bangkok,88.95653141592925,27.24347826086957,25.55652173913044,26.95894946428573
16752,2023-01-13 03:00:00,Asia/Bangkok,88.97460642857142,24.30434782608696,23.11206896551724,27.04571017857142
16753,2023-01-13 04:00:00,Asia/Bangkok,89.72063741071429,28.82051282051282,27.26495726495726,26.89550216216215
16754,2023-01-13 05:00:00,Asia/Bangkok,91.09403716814161,25.29310344827586,24.04310344827586,26.3849244642857
16755,2023-01-13 06:00:00,Asia/Bangkok,91.42812017857145,18.48275862068965,17.53448275862069,26.08734812500001
16756,2023-01-13 07:00:00,Asia/Bangkok,90.25327852173906,19.26724137931035,18.27586206896552,26.33656069565221
16757,2023-01-13 08:00:00,Asia/Bangkok,90.04578341880342,19.47863247863248,18.2051282051282,26.46076222222223
16758,2023-01-13 09:00:00,Asia/Bangkok,87.3204018584071,12.62931034482759,12.01724137931035,27.09032566371682
16759,2023-01-13 10:00:00,Asia/Bangkok,82.71219252173911,10.93965517241379,10.18103448275862,28.54266782608695
16760,2023-01-13 11:00:00,Asia/Bangkok,76.34601805309734,7.70940170940171,7.239316239316239,30.44810840707965
16761,2023-01-13 12:00:00,Asia/Bangkok,73.148686,12.3448275862069,11.50862068965517,31.37725539130434
16762,2023-01-13 13:00:00,Asia/Bangkok,88.91864307017538,18.54310344827586,16.27586206896552,26.48233666666667
16763,2023-01-13 14:00:00,Asia/Bangkok,90.95965132743365,4.043478260869565,3.756521739130435,26.39462150442479
16764,2023-01-13 15:00:00,Asia/Bangkok,91.0339973043478,5.232758620689655,4.931034482758621,26.62922396551722
16765,2023-01-13 16:00:00,Asia/Bangkok,86.10578530434783,4.439655172413793,4.181034482758621,28.17422473684211
16766,2023-01-13 17:00:00,Asia/Bangkok,80.86686017543859,6.353448275862069,5.974137931034483,29.45846570175437
16767,2023-01-13 18:00:00,Asia/Bangkok,81.52953044444445,8.054347826086957,7.543478260869565,29.1444706741573
16768,2023-01-13 21:00:00,Asia/Bangkok,88.54849238993705,27.81733746130031,25.5462962962963,27.17696603773584
16769,2023-01-13 22:00:00,Asia/Bangkok,90.1931576923077,53.29906542056074,43.96261682242991,26.29611134615385
16770,2023-01-13 23:00:00,Asia/Bangkok,90.32897491379316,50.38260869565217,41.88695652173913,25.91755767241379
16771,2023-01-14 00:00:00,Asia/Bangkok,90.72087645454545,46.48275862068966,38.87068965517241,25.66782872727274
16772,2023-01-14 01:00:00,Asia/Bangkok,91.77020912280703,41.88793103448276,35.74137931034483,25.276849122807
16773,2023-01-14 02:00:00,Asia/Bangkok,91.82107439655175,40.88888888888889,34.99145299145299,25.11974853448277
16774,2023-01-14 03:00:00,Asia/Bangkok,91.32845913043482,46.23275862068966,38.62931034482759,25.02888547826088
16775,2023-01-14 04:00:00,Asia/Bangkok,90.98706051724137,40.0,34.5,24.7953943965517
16776,2023-01-14 05:00:00,Asia/Bangkok,90.81592868421053,31.69827586206896,29.74137931034483,24.55611684210529
16777,2023-01-14 06:00:00,Asia/Bangkok,90.62660600000004,28.58620689655172,27.25862068965517,24.35165245614037
16778,2023-01-14 07:00:00,Asia/Bangkok,90.99148214285718,31.68965517241379,29.60344827586207,24.05804008928573
16779,2023-01-14 08:00:00,Asia/Bangkok,92.17416894736843,32.93805309734513,30.3716814159292,24.21965447368423
16780,2023-01-14 09:00:00,Asia/Bangkok,91.81485281818185,23.61739130434783,22.46956521739131,25.68486654545455
16781,2023-01-14 10:00:00,Asia/Bangkok,81.33525876106192,10.86206896551724,10.32758620689655,28.67101646017699
16782,2023-01-14 11:00:00,Asia/Bangkok,71.14370481818182,7.818965517241379,7.474137931034483,30.95789163636361
16783,2023-01-14 12:00:00,Asia/Bangkok,62.74918905172412,6.05982905982906,5.82051282051282,33.64385439655172
16784,2023-01-14 13:00:00,Asia/Bangkok,59.7820102631579,6.387931034482759,5.896551724137931,34.34971991150441
16785,2023-01-14 14:00:00,Asia/Bangkok,58.37492758928573,6.217391304347826,6.060869565217391,34.45433530973451
16786,2023-01-14 15:00:00,Asia/Bangkok,58.50159151785715,6.568965517241379,6.370689655172414,34.70859342342342
16787,2023-01-14 16:00:00,Asia/Bangkok,65.03488807017546,6.482758620689655,6.137931034482759,33.52497894736841
16788,2023-01-14 17:00:00,Asia/Bangkok,70.5151657017544,8.051724137931034,7.681034482758621,32.37924228070176
16789,2023-01-14 18:00:00,Asia/Bangkok,74.28832439655172,18.10344827586207,16.92241379310345,31.05550077586209
16790,2023-01-14 19:00:00,Asia/Bangkok,75.19635214285714,23.55652173913044,22.27826086956522,30.60606928571428
16791,2023-01-14 20:00:00,Asia/Bangkok,75.98544687500005,19.44444444444444,18.35897435897436,29.55803612612613
16792,2023-01-14 21:00:00,Asia/Bangkok,81.74742657894738,59.32758620689656,48.68103448275862,28.14520184210526
16793,2023-01-14 22:00:00,Asia/Bangkok,84.2153190517242,51.17094017094017,42.41025641025641,27.77857120689658
16794,2023-01-14 23:00:00,Asia/Bangkok,85.09960587719293,71.33620689655173,59.26724137931034,27.47752666666665
16795,2023-01-15 00:00:00,Asia/Bangkok,86.72567223214287,40.30434782608695,34.95652173913044,27.38195812499999
16796,2023-01-15 01:00:00,Asia/Bangkok,86.55536724137924,27.02586206896552,25.43103448275862,26.98426547826086
16797,2023-01-15 02:00:00,Asia/Bangkok,87.75151616071433,26.39130434782609,25.04347826086957,26.39887303571429
16798,2023-01-15 03:00:00,Asia/Bangkok,88.07294558558557,22.80172413793104,21.71551724137931,26.01950699999998
16799,2023-01-15 04:00:00,Asia/Bangkok,88.26507803571435,22.46956521739131,21.47826086956522,25.85415247787608
16800,2023-01-15 05:00:00,Asia/Bangkok,88.32743964912277,22.77586206896552,21.77586206896552,25.71765535714285
16801,2023-01-15 06:00:00,Asia/Bangkok,88.8168231578947,26.99145299145299,25.53846153846154,25.63200561403512
16802,2023-01-15 07:00:00,Asia/Bangkok,89.2912882727273,27.39655172413793,26.22413793103448,25.43747309090907
16803,2023-01-15 08:00:00,Asia/Bangkok,89.57971180180174,40.04310344827586,35.23275862068966,25.45708486486487
16804,2023-01-15 09:00:00,Asia/Bangkok,88.58077715596332,23.68103448275862,22.5948275862069,26.80492220183486
16805,2023-01-15 10:00:00,Asia/Bangkok,80.4455499137931,14.03448275862069,13.41379310344828,29.39835370689655
16806,2023-01-15 11:00:00,Asia/Bangkok,70.70395217391302,12.0948275862069,11.69827586206897,32.17642713043479
16807,2023-01-15 12:00:00,Asia/Bangkok,68.17267982758621,12.97435897435897,12.48717948717949,32.44321982758619
16808,2023-01-15 13:00:00,Asia/Bangkok,62.26545150442478,12.74137931034483,12.31034482758621,33.84174486725665
16809,2023-01-15 14:00:00,Asia/Bangkok,59.59271815789474,12.82758620689655,12.4051724137931,34.84992982456142
16810,2023-01-15 15:00:00,Asia/Bangkok,55.16014649122804,13.0,12.68103448275862,36.21341298245614
16811,2023-01-15 16:00:00,Asia/Bangkok,61.71767922413795,14.24786324786325,13.85470085470086,34.28332974137931
16812,2023-01-15 17:00:00,Asia/Bangkok,71.19103447368421,16.87931034482759,16.28448275862069,31.67183921052631
16813,2023-01-15 18:00:00,Asia/Bangkok,74.23526087719299,27.98275862068965,25.48275862068965,30.47284991304349
16814,2023-01-15 19:00:00,Asia/Bangkok,75.21280678260872,20.37606837606837,19.49572649572649,30.24452456140352
16815,2023-01-15 20:00:00,Asia/Bangkok,79.89079166666671,55.56896551724138,48.93103448275862,29.09494982456141
16816,2023-01-15 21:00:00,Asia/Bangkok,83.18391817391307,71.09482758620689,60.63793103448276,28.52950008695653
16817,2023-01-15 22:00:00,Asia/Bangkok,84.45732194690267,51.3448275862069,42.21551724137931,28.03496026548673
16818,2023-01-15 23:00:00,Asia/Bangkok,86.20870761061947,49.05217391304348,40.82456140350877,27.7328034210526
16819,2023-01-16 00:00:00,Asia/Bangkok,86.15598044642854,44.88695652173913,38.01724137931034,27.58967699115043
16820,2023-01-16 01:00:00,Asia/Bangkok,86.78181070796455,46.08620689655172,38.35344827586207,27.02947336283184
16821,2023-01-16 02:00:00,Asia/Bangkok,87.74303105263155,41.1551724137931,35.41379310344828,26.61761368421053
16822,2023-01-16 03:00:00,Asia/Bangkok,87.34601429824562,39.23931623931624,34.27350427350427,26.34886780701754
16823,2023-01-16 04:00:00,Asia/Bangkok,87.44687504424782,44.37931034482759,37.43965517241379,26.10837442477876
16824,2023-01-16 05:00:00,Asia/Bangkok,87.797614,42.34782608695652,36.14782608695652,25.7153731304348
16825,2023-01-16 06:00:00,Asia/Bangkok,87.95568549549552,41.55172413793103,35.68103448275862,25.38825675675676
16826,2023-01-16 07:00:00,Asia/Bangkok,88.64141693693692,40.29059829059829,34.68376068376068,24.989656
16827,2023-01-16 08:00:00,Asia/Bangkok,89.36608454545454,40.50862068965517,34.80172413793103,24.99956027272727
16828,2023-01-16 09:00:00,Asia/Bangkok,88.93042294642855,43.45689655172414,36.98275862068966,26.60587044642855
16829,2023-01-16 10:00:00,Asia/Bangkok,77.89732114035084,18.4424778761062,17.3716814159292,29.73751500000001
16830,2023-01-16 11:00:00,Asia/Bangkok,68.36314181034484,20.79310344827586,19.40869565217391,31.66134215517241
16831,2023-01-16 12:00:00,Asia/Bangkok,65.01660875000002,16.38793103448276,15.5304347826087,32.66327071428571
16832,2023-01-16 13:00:00,Asia/Bangkok,59.71729315789474,14.27586206896552,13.64347826086957,34.13725745614035
16833,2023-01-16 14:00:00,Asia/Bangkok,57.2551184955752,11.94782608695652,11.54310344827586,34.40903433628318
16834,2023-01-16 15:00:00,Asia/Bangkok,58.03444201834861,13.02586206896552,12.54310344827586,33.92414027777778
16835,2023-01-16 16:00:00,Asia/Bangkok,61.71523365217391,12.05172413793103,11.6551724137931,33.00634113043479
16836,2023-01-16 17:00:00,Asia/Bangkok,62.61836707964601,11.25217391304348,10.6695652173913,31.65334699115041
16837,2023-01-16 18:00:00,Asia/Bangkok,66.04850026548675,23.28695652173913,21.35344827586207,30.35854433628321
16838,2023-01-16 19:00:00,Asia/Bangkok,70.3931387387387,112.3448275862069,99.94827586206897,29.6059818018018
16839,2023-01-16 20:00:00,Asia/Bangkok,77.69791767857147,114.6666666666667,97.59482758620689,27.94594963963965
16840,2023-01-16 21:00:00,Asia/Bangkok,81.06677789473682,46.20869565217392,38.81196581196581,27.3430873043478
16841,2023-01-16 22:00:00,Asia/Bangkok,83.80398095652173,45.95689655172414,38.62068965517241,26.63133886956523
16842,2023-01-16 23:00:00,Asia/Bangkok,85.19940456896549,53.49572649572649,44.11965811965812,26.23380594827586
16843,2023-01-17 00:00:00,Asia/Bangkok,85.04043292035398,49.21739130434783,41.17391304347826,26.03957763157893
16844,2023-01-17 01:00:00,Asia/Bangkok,84.5081861206896,36.8034188034188,32.99145299145299,25.78296215517239
16845,2023-01-17 02:00:00,Asia/Bangkok,83.85994800000002,22.87931034482759,21.80172413793104,25.22950930434783
16846,2023-01-17 03:00:00,Asia/Bangkok,84.31646991228072,24.04310344827586,22.45689655172414,24.22714903508772
16847,2023-01-17 04:00:00,Asia/Bangkok,85.70357902654865,30.22413793103448,27.07826086956522,22.9543846017699
16848,2023-01-17 05:00:00,Asia/Bangkok,86.13871860869567,31.00862068965517,28.58620689655172,22.40748434782608
16849,2023-01-17 06:00:00,Asia/Bangkok,87.02423130434784,33.76724137931034,30.1551724137931,22.37061095652175
16850,2023-01-17 07:00:00,Asia/Bangkok,87.76429094827593,33.33333333333334,29.92307692307692,22.03285120689656
16851,2023-01-17 08:00:00,Asia/Bangkok,88.76799243478264,47.33620689655172,39.37068965517241,21.92750508771929
16852,2023-01-17 09:00:00,Asia/Bangkok,88.83248750000001,73.14529914529915,63.02586206896552,23.60781465517242
16853,2023-01-17 10:00:00,Asia/Bangkok,73.33752585585586,27.76991150442478,26.14035087719298,27.71274216216216
16854,2023-01-17 11:00:00,Asia/Bangkok,57.86444017391304,21.93965517241379,21.06896551724138,30.81288739130435
16855,2023-01-17 12:00:00,Asia/Bangkok,50.80326852173912,16.46551724137931,15.89655172413793,31.74418086956521
16856,2023-01-17 13:00:00,Asia/Bangkok,52.15183373913044,21.4051724137931,20.1551724137931,32.12116339130436
16857,2023-01-17 14:00:00,Asia/Bangkok,54.9276652727273,25.12173913043478,23.80869565217391,32.20016183486238
16858,2023-01-17 15:00:00,Asia/Bangkok,54.1743828181818,23.83333333333333,22.3859649122807,32.37061736363636
16859,2023-01-17 16:00:00,Asia/Bangkok,58.00460099099097,23.32173913043478,22.17391304347826,31.9815013392857
16860,2023-01-17 17:00:00,Asia/Bangkok,62.52512860869565,38.63793103448276,34.74137931034483,31.11069570175439
16861,2023-01-17 18:00:00,Asia/Bangkok,67.73812008849553,42.00862068965517,37.39655172413793,29.99663327433629
16862,2023-01-17 19:00:00,Asia/Bangkok,74.22192607142857,62.8,52.68695652173913,28.23372230088495
16863,2023-01-17 20:00:00,Asia/Bangkok,74.92716500000004,56.71304347826087,48.99130434782609,28.3021099115044
16864,2023-01-17 21:00:00,Asia/Bangkok,77.36044307692308,45.08536585365854,39.21951219512195,28.18645589743589
16865,2023-01-17 22:00:00,Asia/Bangkok,82.62374278260867,50.63716814159292,42.45132743362832,27.09530069565215
16866,2023-01-17 23:00:00,Asia/Bangkok,84.26534323076922,41.27536231884058,35.81159420289855,26.70450593749998
16867,2023-01-18 00:00:00,Asia/Bangkok,84.93296058252426,42.66037735849056,37.47169811320754,26.15358310679612
16868,2023-01-18 01:00:00,Asia/Bangkok,86.10829418604649,34.93478260869565,31.6304347826087,25.68199569767442
16869,2023-01-18 02:00:00,Asia/Bangkok,86.50545051282054,41.64197530864197,35.8641975308642,25.47518346153847
16870,2023-01-18 03:00:00,Asia/Bangkok,87.82910302083337,43.42424242424242,36.95959595959596,25.13287572916667
16871,2023-01-18 04:00:00,Asia/Bangkok,88.63505359649119,49.15384615384615,40.78448275862069,24.70028719298245
16872,2023-01-18 05:00:00,Asia/Bangkok,88.39302640350883,38.64655172413793,34.0,24.55655991150442
16873,2023-01-18 06:00:00,Asia/Bangkok,88.98068258620687,34.24137931034483,31.21551724137931,24.42314068965518
16874,2023-01-18 07:00:00,Asia/Bangkok,91.02521929824566,30.17391304347826,27.65217391304348,24.53332464912282
16875,2023-01-18 08:00:00,Asia/Bangkok,92.41409132743367,29.12068965517241,27.18103448275862,24.76441814159294
16876,2023-01-18 09:00:00,Asia/Bangkok,90.67298964912283,24.45689655172414,22.50862068965517,26.07190429824561
16877,2023-01-18 10:00:00,Asia/Bangkok,85.22187833333336,15.11206896551724,13.80172413793103,27.50856342105264
16878,2023-01-18 11:00:00,Asia/Bangkok,81.74267433628319,15.72413793103448,14.39655172413793,28.18052575221239
16879,2023-01-18 12:00:00,Asia/Bangkok,79.69147289473686,16.63793103448276,15.29310344827586,28.81493106194691
16880,2023-01-18 13:00:00,Asia/Bangkok,74.06207473214285,14.85344827586207,13.78448275862069,29.49306767857142
16881,2023-01-18 14:00:00,Asia/Bangkok,71.86878301724136,14.05172413793103,13.06034482758621,29.90541643478261
16882,2023-01-18 15:00:00,Asia/Bangkok,69.70611539823008,13.29310344827586,12.35344827586207,30.42537575221239
16883,2023-01-18 16:00:00,Asia/Bangkok,68.66415636363634,16.13793103448276,15.04310344827586,30.40546558558558
16884,2023-01-18 17:00:00,Asia/Bangkok,70.46423481818182,57.45689655172414,51.45689655172414,29.80443614678899
16885,2023-01-18 18:00:00,Asia/Bangkok,73.28997749999998,26.41228070175439,24.42105263157895,29.21255956896553
16886,2023-01-18 19:00:00,Asia/Bangkok,78.05633482456142,24.84347826086956,23.29565217391304,28.13208543859648
16887,2023-01-18 20:00:00,Asia/Bangkok,80.27403036036034,29.57391304347826,27.57391304347826,27.6073981081081
16888,2023-01-18 21:00:00,Asia/Bangkok,81.25294688073393,33.81034482758621,31.20689655172414,27.11884330275231
16889,2023-01-18 22:00:00,Asia/Bangkok,87.12867690265486,37.99130434782609,33.52586206896552,25.67266561403509
16890,2023-01-18 23:00:00,Asia/Bangkok,88.396168125,42.92173913043478,37.00869565217391,25.11236714285713
16891,2023-01-19 00:00:00,Asia/Bangkok,86.4688723214286,35.28448275862069,32.26724137931034,25.49627776785715
16892,2023-01-19 01:00:00,Asia/Bangkok,84.88222205357143,38.57758620689656,34.18965517241379,25.34406495495496
16893,2023-01-19 02:00:00,Asia/Bangkok,84.2525367889909,42.20175438596491,36.52631578947368,25.16041100000001
16894,2023-01-19 03:00:00,Asia/Bangkok,84.51641807017542,40.79310344827586,35.62931034482759,24.90393716814157
16895,2023-01-19 04:00:00,Asia/Bangkok,86.83907375,39.01219512195122,34.37037037037037,24.237587375
16896,2023-01-19 05:00:00,Asia/Bangkok,88.56665707964599,40.62931034482759,35.18103448275862,23.84242017699113
16897,2023-01-19 06:00:00,Asia/Bangkok,89.16711150000002,56.96825396825397,48.46031746031746,23.65033017241378
16898,2023-01-19 07:00:00,Asia/Bangkok,89.83885270270265,68.64957264957265,56.74358974358974,23.37403567567566
16899,2023-01-19 08:00:00,Asia/Bangkok,90.96296456140348,53.73275862068966,44.13793103448276,23.64234754385966
16900,2023-01-19 09:00:00,Asia/Bangkok,88.9392040350877,42.35652173913044,36.6695652173913,25.11603234782608
16901,2023-01-19 10:00:00,Asia/Bangkok,80.39931275862067,23.15384615384615,22.37606837606837,27.94887301724137
16902,2023-01-19 11:00:00,Asia/Bangkok,79.58737423423425,24.5948275862069,23.5948275862069,28.39162954954955
16903,2023-01-19 12:00:00,Asia/Bangkok,73.9533092035398,23.19827586206896,22.32758620689655,29.84723725663717
16904,2023-01-19 13:00:00,Asia/Bangkok,68.75531330357146,20.61206896551724,19.76724137931035,30.22561955752213
16905,2023-01-19 14:00:00,Asia/Bangkok,68.02952077586208,20.71794871794872,19.73504273504274,30.18933252173912
16906,2023-01-19 15:00:00,Asia/Bangkok,70.57826267857148,17.78448275862069,17.07758620689655,30.2425474107143
16907,2023-01-19 16:00:00,Asia/Bangkok,69.62675522123892,16.26315789473684,15.5304347826087,30.22363433628318
16908,2023-01-19 17:00:00,Asia/Bangkok,68.85904070175438,19.45299145299145,18.5982905982906,30.45932333333334
16909,2023-01-19 18:00:00,Asia/Bangkok,70.10604990990993,33.25862068965517,30.71551724137931,29.81869189189189
16910,2023-01-19 19:00:00,Asia/Bangkok,74.99395818181819,78.20175438596492,71.97368421052632,28.50530045045044
16911,2023-01-19 20:00:00,Asia/Bangkok,77.50709714285719,64.58620689655173,58.93103448275862,28.06799276785714
16912,2023-01-19 21:00:00,Asia/Bangkok,81.02896160714286,79.0603448275862,75.31896551724138,27.19918699999998
16913,2023-01-19 22:00:00,Asia/Bangkok,84.49953854545454,71.23684210526316,63.33333333333334,26.58403576576575
16914,2023-01-19 23:00:00,Asia/Bangkok,85.49410385964914,38.45689655172414,34.11304347826087,26.5849696460177
16915,2023-01-20 00:00:00,Asia/Bangkok,86.09930088495577,38.79130434782608,34.28448275862069,26.3369450877193
16916,2023-01-20 01:00:00,Asia/Bangkok,86.46190219298244,50.43965517241379,41.9051724137931,26.22521122807018
16917,2023-01-20 02:00:00,Asia/Bangkok,86.4498704310345,47.80172413793103,40.21551724137931,26.1530276724138
16918,2023-01-20 03:00:00,Asia/Bangkok,86.00315447368419,43.13675213675214,36.8974358974359,26.00013026315788
16919,2023-01-20 04:00:00,Asia/Bangkok,85.99706508771932,42.10344827586207,36.25862068965517,25.83111221238939
16920,2023-01-20 05:00:00,Asia/Bangkok,85.8825014912281,40.44827586206897,35.25,25.89655131578947
16921,2023-01-20 06:00:00,Asia/Bangkok,85.92153741071425,38.61206896551724,33.97413793103448,25.81431026785714
16922,2023-01-20 07:00:00,Asia/Bangkok,85.02893982142852,37.24137931034483,33.29310344827586,25.73112607142857
16923,2023-01-20 08:00:00,Asia/Bangkok,86.0088386607143,47.83333333333334,40.21052631578947,25.75747858407081
16924,2023-01-20 09:00:00,Asia/Bangkok,85.26438920353979,53.13157894736842,44.18421052631579,26.3552528318584
16925,2023-01-20 10:00:00,Asia/Bangkok,83.86299070796464,44.5948275862069,38.3448275862069,27.06669442477874
16926,2023-01-20 11:00:00,Asia/Bangkok,84.17173561403506,37.09565217391305,33.06956521739131,27.20988377192982
16927,2023-01-20 12:00:00,Asia/Bangkok,79.98164707964602,39.98230088495576,35.19469026548673,28.64582601769911
16928,2023-01-20 13:00:00,Asia/Bangkok,77.06758660869565,37.29310344827586,33.53448275862069,29.17351417391304
16929,2023-01-20 14:00:00,Asia/Bangkok,75.9853253448276,33.3448275862069,30.72413793103448,29.08806543103448
16930,2023-01-20 15:00:00,Asia/Bangkok,77.16461849557528,26.17391304347826,25.03478260869565,28.66983663716813
16931,2023-01-20 16:00:00,Asia/Bangkok,79.21411918918913,30.80172413793104,29.28448275862069,28.55083399999997
16932,2023-01-20 17:00:00,Asia/Bangkok,84.1761378761062,37.96551724137931,33.57758620689656,27.48470557522126
16933,2023-01-20 18:00:00,Asia/Bangkok,86.40967086206898,40.31896551724138,35.36752136752137,27.20592008620688
16934,2023-01-20 19:00:00,Asia/Bangkok,85.1106563392857,42.80172413793103,36.75,27.03352607142856
16935,2023-01-20 20:00:00,Asia/Bangkok,84.2709450458715,43.9051724137931,37.24137931034483,26.6076134862385
16936,2023-01-20 21:00:00,Asia/Bangkok,84.51089031578948,38.1530612244898,33.98979591836735,26.62325410526318
16937,2023-01-20 22:00:00,Asia/Bangkok,86.1384662068965,47.85344827586207,40.17241379310344,26.59655652173912
16938,2023-01-20 23:00:00,Asia/Bangkok,86.91919513274334,38.95689655172414,34.37931034482759,26.4562507079646
16939,2023-01-21 00:00:00,Asia/Bangkok,86.916251,34.9,31.8,26.25224898305085
16940,2023-01-21 01:00:00,Asia/Bangkok,88.65089886956515,33.1025641025641,30.70940170940171,25.94139695652175
16941,2023-01-21 02:00:00,Asia/Bangkok,89.95939165217389,30.24137931034483,28.78448275862069,25.74181265486726
16942,2023-01-21 03:00:00,Asia/Bangkok,90.57639341880343,29.98290598290598,28.47008547008547,25.39153487179489
16943,2023-01-21 04:00:00,Asia/Bangkok,90.93261646017699,28.55172413793104,27.43103448275862,25.29948097345132
16944,2023-01-21 05:00:00,Asia/Bangkok,90.53923293103452,27.28205128205128,26.55555555555556,25.15283060344826
16945,2023-01-21 06:00:00,Asia/Bangkok,90.6174277192982,31.19130434782609,29.63478260869565,24.74795596491229
16946,2023-01-21 07:00:00,Asia/Bangkok,91.94362135135134,42.55172413793103,38.38793103448276,24.29633549549552
16947,2023-01-21 08:00:00,Asia/Bangkok,92.72107522522522,104.3304347826087,100.495652173913,24.55231464285715
16948,2023-01-21 09:00:00,Asia/Bangkok,90.8788540517241,76.17948717948718,66.72649572649573,26.11877591304349
16949,2023-01-21 10:00:00,Asia/Bangkok,83.18507199999998,60.3304347826087,52.12173913043478,28.5170182727273
16950,2023-01-21 11:00:00,Asia/Bangkok,76.91659210526315,55.61206896551724,49.39655172413793,29.96552263157895
16951,2023-01-21 12:00:00,Asia/Bangkok,71.8950491964286,25.45871559633028,24.38532110091743,30.6710160714286
16952,2023-01-21 13:00:00,Asia/Bangkok,71.09035105263156,36.75,32.9051724137931,30.98926666666665
16953,2023-01-21 14:00:00,Asia/Bangkok,69.37485275862073,34.91452991452991,31.71551724137931,31.31332860869565
16954,2023-01-21 15:00:00,Asia/Bangkok,69.85291034782611,28.21551724137931,26.70940170940171,31.34135078947366
16955,2023-01-21 16:00:00,Asia/Bangkok,71.63578713043475,33.68965517241379,31.13793103448276,30.46850765217392
16956,2023-01-21 17:00:00,Asia/Bangkok,72.48803763157892,33.83620689655172,31.19827586206896,30.10707192982457
16957,2023-01-21 18:00:00,Asia/Bangkok,75.46626061946903,36.13274336283186,32.69026548672566,29.3208753982301
16958,2023-01-21 19:00:00,Asia/Bangkok,78.9064089189189,38.6551724137931,34.00862068965517,28.58861045045045
16959,2023-01-21 20:00:00,Asia/Bangkok,81.38410141592925,40.61206896551724,35.1551724137931,27.92977734513275
16960,2023-01-21 21:00:00,Asia/Bangkok,82.9825040707964,34.76923076923077,31.67241379310345,27.37080318584072
16961,2023-01-21 22:00:00,Asia/Bangkok,84.46827472727274,44.90434782608695,38.0,26.71508345454545
16962,2023-01-21 23:00:00,Asia/Bangkok,84.87258227272724,42.01739130434783,35.94782608695652,26.364174
16963,2023-01-22 00:00:00,Asia/Bangkok,85.26722429824555,42.29310344827586,36.0948275862069,26.0604010526316
16964,2023-01-22 01:00:00,Asia/Bangkok,86.23906089285713,37.85217391304348,33.51304347826087,25.76929669642857
16965,2023-01-22 02:00:00,Asia/Bangkok,87.04132692982456,35.53448275862069,32.12068965517241,25.49515973684209
16966,2023-01-22 03:00:00,Asia/Bangkok,87.77385176991154,35.3448275862069,32.17241379310344,25.26547371681416
16967,2023-01-22 04:00:00,Asia/Bangkok,87.8846495575221,31.0,29.36206896551724,25.14524973684214
16968,2023-01-22 05:00:00,Asia/Bangkok,88.60106912280703,31.98260869565217,30.0,24.89843008928568
16969,2023-01-22 06:00:00,Asia/Bangkok,89.42756379310343,38.06034482758621,33.80172413793103,24.70874637931032
16970,2023-01-22 07:00:00,Asia/Bangkok,89.9383742608696,35.74137931034483,32.32758620689656,24.69348973913042
16971,2023-01-22 08:00:00,Asia/Bangkok,89.72149660869565,40.60344827586207,35.56896551724138,25.04715878260869
16972,2023-01-22 09:00:00,Asia/Bangkok,86.74009991071432,36.12931034482759,32.25,26.59828857142856
16973,2023-01-22 10:00:00,Asia/Bangkok,79.26246710526317,31.84615384615385,29.5982905982906,28.99038570175438
16974,2023-01-22 11:00:00,Asia/Bangkok,76.04680192982455,28.31034482758621,27.01724137931035,29.79722245614035
16975,2023-01-22 12:00:00,Asia/Bangkok,69.78285601769912,23.50434782608696,22.7304347826087,31.38883178571428
16976,2023-01-22 13:00:00,Asia/Bangkok,64.883145625,19.6551724137931,19.06034482758621,32.58726321428571
16977,2023-01-22 14:00:00,Asia/Bangkok,62.60896104347826,19.58119658119658,18.99145299145299,33.17236678260869
16978,2023-01-22 15:00:00,Asia/Bangkok,62.8775594782609,19.53448275862069,18.88793103448276,32.8542962608696
16979,2023-01-22 16:00:00,Asia/Bangkok,62.89984107142855,23.54310344827586,22.75862068965517,32.61413187499998
16980,2023-01-22 17:00:00,Asia/Bangkok,66.38848429824563,29.56896551724138,28.21551724137931,31.42928508771928
16981,2023-01-22 18:00:00,Asia/Bangkok,70.59495982300889,35.12068965517241,32.01724137931034,30.59991548672566
16982,2023-01-22 19:00:00,Asia/Bangkok,74.79259964285716,59.0,51.69827586206897,29.92325929203543
16983,2023-01-22 20:00:00,Asia/Bangkok,78.18502801801803,67.10434782608695,58.06086956521739,29.07263836363636
16984,2023-01-22 21:00:00,Asia/Bangkok,82.74351725663715,100.1293103448276,90.0603448275862,27.97746504424779
16985,2023-01-22 22:00:00,Asia/Bangkok,83.94790810810812,62.32173913043479,50.52173913043478,27.81859405405406
16986,2023-01-22 23:00:00,Asia/Bangkok,85.76520469565219,60.94782608695652,49.46086956521739,27.14053513043479
16987,2023-01-23 00:00:00,Asia/Bangkok,89.19210112068967,38.57264957264957,32.96581196581197,26.32761551724136
16988,2023-01-23 01:00:00,Asia/Bangkok,91.51179447368418,17.76991150442478,16.7787610619469,25.68573929824563
16989,2023-01-23 02:00:00,Asia/Bangkok,91.47645695652176,40.22413793103448,35.05172413793103,26.00448408695651
16990,2023-01-23 03:00:00,Asia/Bangkok,90.92752008771934,46.48275862068966,39.28448275862069,25.94218210526317
16991,2023-01-23 04:00:00,Asia/Bangkok,91.41443681415932,48.73504273504273,40.8034188034188,25.55280902654865
16992,2023-01-23 05:00:00,Asia/Bangkok,92.11540651785715,46.04310344827586,39.0,25.22857544642857
16993,2023-01-23 06:00:00,Asia/Bangkok,91.61653551724143,46.1965811965812,38.97435897435897,25.27969387931037
16994,2023-01-23 07:00:00,Asia/Bangkok,92.15236368421054,46.48275862068966,39.35344827586207,25.09168769911505
16995,2023-01-23 08:00:00,Asia/Bangkok,92.58708318181824,42.14782608695652,36.18260869565217,25.30322827272728
16996,2023-01-23 09:00:00,Asia/Bangkok,90.50267544642861,38.7304347826087,34.25217391304348,26.68526792792792
16997,2023-01-23 10:00:00,Asia/Bangkok,83.55992973913042,29.97413793103448,28.42608695652174,28.77445130434782
16998,2023-01-23 11:00:00,Asia/Bangkok,80.19742478260869,22.63478260869565,21.86206896551724,29.38686217391304
16999,2023-01-23 12:00:00,Asia/Bangkok,72.95283017699116,11.45614035087719,10.98245614035088,30.66847035398231
17000,2023-01-23 13:00:00,Asia/Bangkok,69.32065298245611,10.36206896551724,9.706896551724139,31.0699624778761
17001,2023-01-23 14:00:00,Asia/Bangkok,68.33192166666667,10.18965517241379,9.724137931034482,31.33626763157895
17002,2023-01-23 15:00:00,Asia/Bangkok,67.7413881415929,10.83760683760684,10.22222222222222,31.38251132743362
17003,2023-01-23 16:00:00,Asia/Bangkok,74.09723482456143,12.35344827586207,11.61206896551724,29.96071964912281
17004,2023-01-23 17:00:00,Asia/Bangkok,82.0700684955752,6.25,5.818965517241379,28.11076633928571
17005,2023-01-23 18:00:00,Asia/Bangkok,79.54077216216214,20.12068965517241,18.68103448275862,28.73268936936939
17006,2023-01-23 19:00:00,Asia/Bangkok,80.19402895652176,35.98275862068966,30.75862068965517,28.51916745614033
17007,2023-01-23 20:00:00,Asia/Bangkok,83.45182947826089,55.54310344827586,45.0,27.64539173913042
17008,2023-01-23 21:00:00,Asia/Bangkok,85.30521819819825,62.26495726495727,50.7008547008547,27.02115126126126
17009,2023-01-23 22:00:00,Asia/Bangkok,86.3408789690722,47.85858585858586,39.94949494949495,26.71267711340205
17010,2023-01-23 23:00:00,Asia/Bangkok,86.38754773913044,39.54310344827586,34.41379310344828,26.68233504347828
17011,2023-01-24 00:00:00,Asia/Bangkok,87.39598199999999,45.27350427350427,38.29059829059829,26.46013721739131
17012,2023-01-24 01:00:00,Asia/Bangkok,88.6529178448276,46.9051724137931,39.43965517241379,26.04020741379313
17013,2023-01-24 02:00:00,Asia/Bangkok,89.73263034782609,45.06034482758621,37.98275862068966,25.86739530434782
17014,2023-01-24 03:00:00,Asia/Bangkok,90.2129426126126,39.41025641025641,34.23076923076923,25.91669360360359
17015,2023-01-24 04:00:00,Asia/Bangkok,90.0388826126126,33.20689655172414,30.74137931034483,25.80499891891892
17016,2023-01-24 05:00:00,Asia/Bangkok,90.21287394736841,34.04310344827586,31.07758620689655,25.39417885964913
17017,2023-01-24 06:00:00,Asia/Bangkok,90.93568401709396,36.60683760683761,32.5982905982906,24.95759222222222
17018,2023-01-24 07:00:00,Asia/Bangkok,91.64412176991151,37.04310344827586,32.77586206896552,24.8997771681416
17019,2023-01-24 08:00:00,Asia/Bangkok,92.08550964601767,39.0948275862069,34.06896551724138,25.14755345132744
17020,2023-01-24 09:00:00,Asia/Bangkok,91.28198886956514,23.23931623931624,21.78632478632479,26.4754395652174
17021,2023-01-24 10:00:00,Asia/Bangkok,82.7365473275862,24.26724137931035,23.10344827586207,29.09972113043478
17022,2023-01-24 11:00:00,Asia/Bangkok,77.68939878260868,31.72413793103448,29.99137931034483,29.96267773913042
17023,2023-01-24 12:00:00,Asia/Bangkok,73.62151089285716,25.17241379310345,24.22413793103448,30.42472616071429
17024,2023-01-24 13:00:00,Asia/Bangkok,68.32902460869566,19.42241379310345,18.62931034482759,31.18499121739131
17025,2023-01-24 14:00:00,Asia/Bangkok,67.46209415929205,19.77586206896552,18.91379310344828,31.66211504424778
17026,2023-01-24 15:00:00,Asia/Bangkok,65.86594263157895,19.54310344827586,18.43103448275862,31.87965614035087
17027,2023-01-24 16:00:00,Asia/Bangkok,68.40926078260871,19.58119658119658,18.78632478632479,30.90287964912283
17028,2023-01-24 17:00:00,Asia/Bangkok,80.8439873214286,12.14655172413793,11.44827586206897,27.89027303571428
17029,2023-01-24 18:00:00,Asia/Bangkok,85.18450309090909,11.10434782608696,10.50434782608696,27.20561781818184
17030,2023-01-24 19:00:00,Asia/Bangkok,86.35100284482759,19.54310344827586,18.28448275862069,27.07735336206899
17031,2023-01-24 20:00:00,Asia/Bangkok,87.20726964285714,39.16521739130435,34.93043478260869,26.8076472072072
17032,2023-01-24 21:00:00,Asia/Bangkok,87.7730396521739,38.43103448275862,33.3448275862069,26.51811713043479
17033,2023-01-24 22:00:00,Asia/Bangkok,88.9090007826087,37.49137931034483,32.92241379310344,25.96203791304348
17034,2023-01-24 23:00:00,Asia/Bangkok,89.65085633928574,32.19827586206897,29.5948275862069,25.66963651785713
17035,2023-01-25 00:00:00,Asia/Bangkok,89.4496950892857,46.20869565217392,38.6695652173913,25.72747803571428
17036,2023-01-25 01:00:00,Asia/Bangkok,90.42973853211011,42.46551724137931,36.16239316239317,25.43820513761468
17037,2023-01-25 02:00:00,Asia/Bangkok,90.7445056140351,22.87931034482759,21.54310344827586,25.10863859649124
17038,2023-01-25 03:00:00,Asia/Bangkok,89.84711304347823,17.75862068965517,16.8448275862069,25.22217121739131
17039,2023-01-25 04:00:00,Asia/Bangkok,91.08287223214283,19.72173913043478,18.49137931034483,25.03521249999999
17040,2023-01-25 05:00:00,Asia/Bangkok,92.64288147826089,22.05217391304348,20.73913043478261,25.0014749122807
17041,2023-01-25 06:00:00,Asia/Bangkok,92.63373974358973,22.86324786324786,21.56410256410257,24.95964786324786
17042,2023-01-25 07:00:00,Asia/Bangkok,92.71320608695649,26.08620689655172,24.60344827586207,24.91577782608695
17043,2023-01-25 08:00:00,Asia/Bangkok,93.4354907894737,23.82758620689655,22.56896551724138,25.18741491228068
17044,2023-01-25 09:00:00,Asia/Bangkok,93.07786526315789,18.67241379310345,17.02586206896552,26.00502877192982
17045,2023-01-25 10:00:00,Asia/Bangkok,88.24814551724138,14.19827586206897,11.79310344827586,27.02503181034482
17046,2023-01-25 11:00:00,Asia/Bangkok,89.61203271929828,6.717948717948718,5.683760683760684,25.80158929824562
17047,2023-01-25 12:00:00,Asia/Bangkok,92.3062530973451,7.743362831858407,6.769911504424779,25.59973902654868
17048,2023-01-25 13:00:00,Asia/Bangkok,88.27939553571433,5.844827586206897,5.077586206896552,26.63276357142856
17049,2023-01-25 14:00:00,Asia/Bangkok,88.26189721739134,7.068965517241379,5.96551724137931,26.12444086956523
17050,2023-01-25 15:00:00,Asia/Bangkok,92.64665192982454,6.869565217391305,5.930434782608696,24.93164640350878
17051,2023-01-25 16:00:00,Asia/Bangkok,92.037695221239,7.112068965517241,6.258620689655173,25.65690318584072
17052,2023-01-25 17:00:00,Asia/Bangkok,92.4194915652174,5.818965517241379,5.189655172413793,25.15083756521737
17053,2023-01-25 18:00:00,Asia/Bangkok,93.28101192982454,4.301724137931035,3.844827586206896,24.75943245614034
17054,2023-01-25 19:00:00,Asia/Bangkok,92.85101556521741,13.48717948717949,12.17094017094017,24.62814956521739
17055,2023-01-25 20:00:00,Asia/Bangkok,92.87378194690261,5.043478260869565,4.669565217391304,24.41314283185841
17056,2023-01-25 21:00:00,Asia/Bangkok,93.64552154545456,5.208695652173913,4.763157894736842,24.08520192660551
17057,2023-01-25 22:00:00,Asia/Bangkok,93.74901652173912,6.344827586206897,5.474137931034483,23.42835690265487
17058,2023-01-25 23:00:00,Asia/Bangkok,94.34069260869563,6.137931034482759,5.508620689655173,22.92372706896552
17059,2023-01-26 00:00:00,Asia/Bangkok,93.60126669642861,5.05982905982906,4.487179487179487,23.41043333333334
17060,2023-01-26 01:00:00,Asia/Bangkok,92.50898850467291,4.301724137931035,3.862068965517242,23.50543981308411
17061,2023-01-26 02:00:00,Asia/Bangkok,92.45649176991148,5.260869565217392,4.756521739130434,23.46720823008848
17062,2023-01-26 03:00:00,Asia/Bangkok,93.73677964601772,7.309734513274337,6.601769911504425,23.13081575221236
17063,2023-01-26 04:00:00,Asia/Bangkok,93.77058115044251,7.017241379310345,6.474137931034483,23.28437460176989
17064,2023-01-26 05:00:00,Asia/Bangkok,93.82693776785716,7.339130434782609,6.634782608695653,23.19146630630631
17065,2023-01-26 06:00:00,Asia/Bangkok,94.24926628318583,9.156521739130435,8.295652173913043,22.98269672566372
17066,2023-01-26 07:00:00,Asia/Bangkok,94.82139780701759,10.37068965517241,9.663793103448276,23.14639421052631
17067,2023-01-26 08:00:00,Asia/Bangkok,94.84005936936934,10.26956521739131,9.730434782608695,23.15480252252251
17068,2023-01-26 09:00:00,Asia/Bangkok,93.70043464912283,10.06086956521739,9.478260869565217,24.34127175438596
17069,2023-01-26 10:00:00,Asia/Bangkok,84.58180192982459,9.887931034482758,9.422413793103448,27.05226587719298
17070,2023-01-26 11:00:00,Asia/Bangkok,77.12524070175438,14.6551724137931,13.62931034482759,29.10680228070176
17071,2023-01-26 12:00:00,Asia/Bangkok,73.59671192982455,13.68103448275862,12.87068965517241,29.72402184210527
17072,2023-01-26 13:00:00,Asia/Bangkok,73.05297878260873,14.35344827586207,13.73275862068965,29.62310478260869
17073,2023-01-26 14:00:00,Asia/Bangkok,70.61806,16.22222222222222,15.54700854700855,30.24576418181817
17074,2023-01-26 15:00:00,Asia/Bangkok,70.20263223214285,18.02608695652174,17.16379310344828,30.91487437500002
17075,2023-01-26 16:00:00,Asia/Bangkok,71.1884416814159,18.85344827586207,18.13793103448276,30.043447079646
17076,2023-01-26 17:00:00,Asia/Bangkok,75.32123614035088,18.5982905982906,17.8034188034188,28.93866456140352
17077,2023-01-26 18:00:00,Asia/Bangkok,76.7451971681416,19.93965517241379,19.22413793103448,28.65632008849556
17078,2023-01-26 19:00:00,Asia/Bangkok,80.22193956896551,31.04310344827586,28.23275862068965,27.96929008620691
17079,2023-01-26 20:00:00,Asia/Bangkok,84.28412909909908,46.30172413793103,38.4,26.91369794642857
17080,2023-01-26 21:00:00,Asia/Bangkok,86.63463565217394,42.31034482758621,36.12068965517241,26.33198295652175
17081,2023-01-26 22:00:00,Asia/Bangkok,87.83712938053095,38.69827586206897,33.96521739130435,25.94411513274335
17082,2023-01-26 23:00:00,Asia/Bangkok,88.6026651304348,47.44827586206897,39.80172413793103,25.44155791304348
17083,2023-01-27 00:00:00,Asia/Bangkok,89.0300170093458,55.46086956521739,46.46551724137931,25.07269654205605
17084,2023-01-27 01:00:00,Asia/Bangkok,89.00886918918924,64.50862068965517,54.08620689655172,24.89696072072074
17085,2023-01-27 02:00:00,Asia/Bangkok,88.30120491228067,49.62393162393163,41.46153846153846,24.80232149122805
17086,2023-01-27 03:00:00,Asia/Bangkok,89.08048452173914,47.38793103448276,39.82758620689656,24.67918565217389
17087,2023-01-27 04:00:00,Asia/Bangkok,90.11374601769911,47.12931034482759,39.75,24.78055999999995
17088,2023-01-27 05:00:00,Asia/Bangkok,90.20820582608697,47.75213675213675,40.11965811965812,24.59879271929823
17089,2023-01-27 06:00:00,Asia/Bangkok,91.50187460176988,48.27586206896552,40.56034482758621,24.52120831858408
17090,2023-01-27 07:00:00,Asia/Bangkok,91.58758434782607,49.72173913043478,41.66086956521739,24.5601372173913
17091,2023-01-27 08:00:00,Asia/Bangkok,92.1027590517242,52.8974358974359,43.98290598290598,24.6782223275862
17092,2023-01-27 09:00:00,Asia/Bangkok,92.76520749999999,59.46017699115044,48.75221238938053,25.30863741071429
17093,2023-01-27 10:00:00,Asia/Bangkok,88.17066252173913,53.03448275862069,44.17241379310344,26.87183139130435
17094,2023-01-27 11:00:00,Asia/Bangkok,81.81851176991151,49.76068376068376,41.88888888888889,28.67859232142857
17095,2023-01-27 12:00:00,Asia/Bangkok,79.37181857142855,46.95652173913044,39.57391304347826,28.98479839285715
17096,2023-01-27 13:00:00,Asia/Bangkok,81.08331035398231,47.70175438596491,40.19130434782609,28.98413216216215
17097,2023-01-27 14:00:00,Asia/Bangkok,70.92461336363638,36.56034482758621,32.9051724137931,30.30081972727273
17098,2023-01-27 15:00:00,Asia/Bangkok,73.21515666666667,38.66379310344828,34.25217391304348,29.85177745614033
17099,2023-01-27 16:00:00,Asia/Bangkok,75.18928982300885,34.61206896551724,31.74137931034483,29.81706008928573
17100,2023-01-27 17:00:00,Asia/Bangkok,83.7869355357143,42.6,36.62608695652174,28.33614598214286
17101,2023-01-27 18:00:00,Asia/Bangkok,83.9074721100917,34.98260869565217,31.69565217391304,27.22801100917432
17102,2023-01-27 19:00:00,Asia/Bangkok,85.38004548672569,27.93103448275862,26.70689655172414,26.27520124999997
17103,2023-01-27 20:00:00,Asia/Bangkok,86.73946035714287,39.12068965517241,34.51724137931034,26.02023214285715
17104,2023-01-27 21:00:00,Asia/Bangkok,89.07690414414412,45.49137931034483,38.68103448275862,25.93148774774776
17105,2023-01-27 22:00:00,Asia/Bangkok,89.66082380530969,49.28448275862069,41.31896551724138,25.70619849557526
17106,2023-01-27 23:00:00,Asia/Bangkok,90.72805103448275,49.87179487179487,41.65811965811966,25.50927146551729
17107,2023-01-28 00:00:00,Asia/Bangkok,90.66385836206894,52.67241379310344,43.91379310344828,25.51595103448279
17108,2023-01-28 01:00:00,Asia/Bangkok,90.727585877193,56.64102564102564,46.60683760683761,25.28104052631579
17109,2023-01-28 02:00:00,Asia/Bangkok,91.01867368421046,58.36206896551724,47.74137931034483,25.13983947368425
17110,2023-01-28 03:00:00,Asia/Bangkok,91.29951886956523,58.82051282051282,48.06837606837607,25.0739315652174
17111,2023-01-28 04:00:00,Asia/Bangkok,91.66014535087722,58.20689655172414,47.68695652173913,25.11219745614039
17112,2023-01-28 05:00:00,Asia/Bangkok,92.6510274561404,60.32173913043479,49.12931034482759,24.8650047368421
17113,2023-01-28 06:00:00,Asia/Bangkok,92.80917250000003,60.87931034482759,49.56034482758621,24.89221672413791
17114,2023-01-28 07:00:00,Asia/Bangkok,92.71886228070183,64.21551724137932,52.31896551724138,24.84757728070173
17115,2023-01-28 08:00:00,Asia/Bangkok,92.67564115044252,69.04310344827586,58.12068965517241,24.87366283185844
17116,2023-01-28 09:00:00,Asia/Bangkok,92.254764375,65.90517241379311,54.60683760683761,25.17130687500001
17117,2023-01-28 10:00:00,Asia/Bangkok,89.55595684684687,59.92241379310344,48.60344827586207,26.41975036036036
17118,2023-01-28 11:00:00,Asia/Bangkok,84.83851180180181,53.82758620689656,44.7948717948718,27.73282990990989
17119,2023-01-28 12:00:00,Asia/Bangkok,82.91269115044246,52.95652173913044,44.2,28.43867345132743
17120,2023-01-28 13:00:00,Asia/Bangkok,80.44815008695657,48.75862068965517,41.08620689655172,28.76579156521741
17121,2023-01-28 14:00:00,Asia/Bangkok,87.29483870689657,39.0,33.77586206896552,26.82374232758622
17122,2023-01-28 15:00:00,Asia/Bangkok,93.77056637168147,35.12280701754386,31.35652173913044,23.84067283185843
17123,2023-01-28 16:00:00,Asia/Bangkok,94.35540834782608,37.23931623931624,33.05982905982906,23.95346226086955
17124,2023-01-28 17:00:00,Asia/Bangkok,93.36160982608693,42.50862068965517,36.42241379310344,24.23085391304349
17125,2023-01-28 18:00:00,Asia/Bangkok,92.62900780701754,42.73275862068966,36.47413793103448,24.51868464912283
17126,2023-01-28 19:00:00,Asia/Bangkok,92.3020736521739,41.98290598290598,36.05128205128205,24.24826860869564
17127,2023-01-28 20:00:00,Asia/Bangkok,92.55255637168145,46.60344827586207,39.36206896551724,23.98969407079644
17128,2023-01-28 21:00:00,Asia/Bangkok,93.13662929203542,51.46551724137931,42.96551724137931,23.97485451327435
17129,2023-01-28 22:00:00,Asia/Bangkok,92.85397008849554,48.66379310344828,40.81896551724138,23.83911442477874
17130,2023-01-28 23:00:00,Asia/Bangkok,93.22496823008854,47.86324786324786,40.38461538461539,23.60185778761063
17131,2023-01-29 00:00:00,Asia/Bangkok,93.57368026315793,47.76724137931034,40.25862068965517,23.70441885964913
17132,2023-01-29 01:00:00,Asia/Bangkok,93.37364451327436,46.72173913043478,39.41739130434782,23.78379141592924
17133,2023-01-29 02:00:00,Asia/Bangkok,93.40795834782607,45.18103448275862,38.3448275862069,23.78897771929826
17134,2023-01-29 03:00:00,Asia/Bangkok,93.48870646017697,41.28695652173913,35.79130434782608,23.79936380530971
17135,2023-01-29 04:00:00,Asia/Bangkok,94.0820290350877,39.8695652173913,34.8695652173913,23.831890877193
17136,2023-01-29 05:00:00,Asia/Bangkok,94.23899464912279,35.76521739130435,32.3304347826087,23.93563991228071
17137,2023-01-29 06:00:00,Asia/Bangkok,94.19597805309738,30.83620689655172,29.23275862068965,23.83787741071427
17138,2023-01-29 07:00:00,Asia/Bangkok,94.48363035714283,27.0948275862069,26.14655172413793,23.71485938053098
17139,2023-01-29 08:00:00,Asia/Bangkok,94.82514817391305,28.30769230769231,27.30769230769231,24.03849412280703
17140,2023-01-29 09:00:00,Asia/Bangkok,95.11802561403502,25.81034482758621,24.64655172413793,24.42660657894736
17141,2023-01-29 10:00:00,Asia/Bangkok,95.09006117117119,22.33913043478261,21.39130434782609,24.48133027027029
17142,2023-01-29 11:00:00,Asia/Bangkok,95.41038149122808,23.82051282051282,22.68376068376068,24.98301578947368
17143,2023-01-29 12:00:00,Asia/Bangkok,94.62569339130434,22.50862068965517,21.50862068965517,25.90921382608696
17144,2023-01-29 13:00:00,Asia/Bangkok,92.21603557522133,39.82758620689656,34.67241379310344,24.99898123893808
17145,2023-01-29 14:00:00,Asia/Bangkok,92.5880726548673,43.68141592920354,37.13274336283186,25.67455353982301
17146,2023-01-29 15:00:00,Asia/Bangkok,88.26136902654866,39.53448275862069,34.68103448275862,26.22778389380532
17147,2023-01-29 16:00:00,Asia/Bangkok,81.05646791304348,32.46551724137931,29.89655172413793,26.97882930434782
17148,2023-01-29 17:00:00,Asia/Bangkok,78.59997172413793,22.54310344827586,21.06896551724138,27.15357310344828
17149,2023-01-29 18:00:00,Asia/Bangkok,81.10205594827583,22.97435897435897,21.42735042735043,26.85196534482759
17150,2023-01-29 19:00:00,Asia/Bangkok,85.85411684684682,25.49137931034483,23.70689655172414,26.01311486486485
17151,2023-01-29 20:00:00,Asia/Bangkok,88.93775675438597,26.9051724137931,24.82608695652174,25.67943780701754
17152,2023-01-29 21:00:00,Asia/Bangkok,89.53092088495575,31.0948275862069,28.76724137931035,25.69896867256637
17153,2023-01-29 22:00:00,Asia/Bangkok,89.70041391304349,37.71794871794872,33.33333333333334,25.34773026315791
17154,2023-01-29 23:00:00,Asia/Bangkok,90.06977543859654,64.52586206896552,57.1551724137931,25.07254280701752
17155,2023-01-30 00:00:00,Asia/Bangkok,88.85096365217397,28.60344827586207,26.67241379310345,24.83703617391306
17156,2023-01-30 01:00:00,Asia/Bangkok,90.7901369298246,15.33913043478261,14.28947368421053,24.57316859649124
17157,2023-01-30 02:00:00,Asia/Bangkok,91.10511403508771,7.401709401709402,6.829059829059829,24.37691681415931
17158,2023-01-30 03:00:00,Asia/Bangkok,90.7686477477478,8.89655172413793,8.120689655172415,24.61626378378379
17159,2023-01-30 04:00:00,Asia/Bangkok,92.67931096491232,9.747826086956522,8.921739130434782,24.13296192982457
17160,2023-01-30 05:00:00,Asia/Bangkok,93.21551707964599,10.43103448275862,9.482758620689655,24.198192920354
17161,2023-01-30 06:00:00,Asia/Bangkok,92.78916431034487,15.19827586206897,14.35344827586207,24.09565646551724
17162,2023-01-30 07:00:00,Asia/Bangkok,92.6791744736842,25.76068376068376,23.87179487179487,23.68685663716814
17163,2023-01-30 08:00:00,Asia/Bangkok,92.88406110091742,26.72413793103448,25.57758620689655,23.97552302752292
17164,2023-01-30 09:00:00,Asia/Bangkok,91.89626279279278,29.79310344827586,28.28448275862069,24.73383297297297
17165,2023-01-30 10:00:00,Asia/Bangkok,88.90662336283182,31.01724137931035,29.37931034482759,26.00888955752213
17166,2023-01-30 11:00:00,Asia/Bangkok,84.50634357142857,28.95689655172414,27.82758620689655,27.45186482142858
17167,2023-01-30 12:00:00,Asia/Bangkok,83.42341508771928,31.2,29.51304347826087,27.62432377192981
17168,2023-01-30 13:00:00,Asia/Bangkok,88.59719294642859,39.78448275862069,34.77586206896552,26.87256910714286
17169,2023-01-30 14:00:00,Asia/Bangkok,89.61620885964912,47.84347826086957,40.23478260869565,25.55357763157894
17170,2023-01-30 15:00:00,Asia/Bangkok,89.56099150442479,50.93913043478261,42.72173913043478,25.74029245614035
17171,2023-01-30 16:00:00,Asia/Bangkok,90.55290616071431,52.06837606837607,43.35897435897436,25.14410036036038
17172,2023-01-30 17:00:00,Asia/Bangkok,89.02706429824563,54.43103448275862,45.13793103448276,25.40504115044248
17173,2023-01-30 18:00:00,Asia/Bangkok,89.43068077586211,54.63793103448276,45.18965517241379,25.44503947826088
17174,2023-01-30 19:00:00,Asia/Bangkok,91.20726229357798,56.21551724137931,47.91379310344828,24.87881833333331
17175,2023-01-30 20:00:00,Asia/Bangkok,91.51362230088499,57.70940170940171,48.17948717948718,24.88791380530975
17176,2023-01-30 21:00:00,Asia/Bangkok,91.96860149122807,55.0948275862069,45.35344827586207,24.6630444736842
17177,2023-01-30 22:00:00,Asia/Bangkok,92.64144181034487,61.42241379310344,50.60344827586207,24.61266060869562
17178,2023-01-30 23:00:00,Asia/Bangkok,92.07276307017541,58.51724137931034,47.94827586206897,24.5791403508772
17179,2023-01-31 00:00:00,Asia/Bangkok,92.17545034782609,61.26724137931034,49.83620689655172,24.36151486956522
17180,2023-01-31 01:00:00,Asia/Bangkok,92.52817578947366,61.1858407079646,49.76106194690266,24.19035192982458
17181,2023-01-31 02:00:00,Asia/Bangkok,92.63079339130431,59.16239316239317,48.44444444444444,24.32062521739133
17182,2023-01-31 03:00:00,Asia/Bangkok,92.61299675675676,55.94827586206897,46.12931034482759,24.42477360360361
17183,2023-01-31 04:00:00,Asia/Bangkok,92.16272775862066,56.6551724137931,46.55172413793103,24.51376800000002
17184,2023-01-31 05:00:00,Asia/Bangkok,92.05959937499999,54.06034482758621,44.72413793103448,24.35673839285715
17185,2023-01-31 06:00:00,Asia/Bangkok,92.5007857272727,48.93103448275862,41.00862068965517,24.08774145454545
17186,2023-01-31 07:00:00,Asia/Bangkok,93.06426159292032,50.12820512820513,41.84615384615385,24.22782823008848
17187,2023-01-31 08:00:00,Asia/Bangkok,94.48313415929205,49.16379310344828,41.25862068965517,24.09345920353983
17188,2023-01-31 09:00:00,Asia/Bangkok,94.54515982142856,49.67241379310344,41.60344827586207,24.94084651785712
17189,2023-01-31 10:00:00,Asia/Bangkok,92.1124223008849,33.61538461538461,30.73504273504274,25.65085309734513
17190,2023-01-31 11:00:00,Asia/Bangkok,85.18663504347823,32.06034482758621,28.75862068965517,27.47358408695653
17191,2023-01-31 12:00:00,Asia/Bangkok,89.3655193859649,40.41592920353983,35.43362831858407,26.85124192982456
17192,2023-01-31 13:00:00,Asia/Bangkok,84.77777086206899,25.48275862068965,24.31034482758621,27.5879426724138
17193,2023-01-31 14:00:00,Asia/Bangkok,86.45536269565217,24.5,23.29824561403509,27.17272500000001
17194,2023-01-31 15:00:00,Asia/Bangkok,86.95297412280706,23.8448275862069,22.52586206896552,26.88180929824562
17195,2023-01-31 16:00:00,Asia/Bangkok,86.22065226086953,24.67241379310345,23.43965517241379,26.24987600000001
17196,2023-01-31 17:00:00,Asia/Bangkok,84.60707333333336,26.52136752136752,25.28205128205128,26.45802482456141
17197,2023-01-31 18:00:00,Asia/Bangkok,85.6998343859649,45.6551724137931,39.14655172413793,26.58308605263158
17198,2023-01-31 19:00:00,Asia/Bangkok,85.78976383928567,56.72413793103448,51.57391304347826,26.31480392857143
17199,2023-01-31 20:00:00,Asia/Bangkok,87.21232660714283,53.2,44.29059829059829,26.1156713392857
17200,2023-01-31 21:00:00,Asia/Bangkok,89.94255738738741,50.71681415929203,42.07079646017699,25.71557972972974
17201,2023-01-31 22:00:00,Asia/Bangkok,90.59591629310347,47.37931034482759,39.75862068965517,25.44725862068963
17202,2023-01-31 23:00:00,Asia/Bangkok,90.58614137931035,47.81034482758621,40.12931034482759,25.2559172413793
17203,2023-02-01 00:00:00,Asia/Bangkok,90.39342605263158,46.26086956521739,38.93913043478261,25.14129052631577
17204,2023-02-01 01:00:00,Asia/Bangkok,90.45805964601772,45.12931034482759,38.17241379310344,25.06422902654865
17205,2023-02-01 02:00:00,Asia/Bangkok,91.04021428571427,47.75862068965517,40.10344827586207,24.83794044642855
17206,2023-02-01 03:00:00,Asia/Bangkok,91.61721621621625,49.50862068965517,41.38793103448276,24.62134054054056
17207,2023-02-01 04:00:00,Asia/Bangkok,92.11076044247787,47.84615384615385,40.15384615384615,24.5899497345133
17208,2023-02-01 05:00:00,Asia/Bangkok,91.80581307017539,46.17094017094017,38.94871794871795,24.4281062280702
17209,2023-02-01 06:00:00,Asia/Bangkok,92.07358504424774,58.69827586206897,47.16379310344828,24.01782107142857
17210,2023-02-01 07:00:00,Asia/Bangkok,91.77122552631582,56.69298245614035,46.06140350877193,23.83566096491228
17211,2023-02-01 08:00:00,Asia/Bangkok,92.35062410714288,55.76576576576576,45.58558558558558,23.83656883928571
17212,2023-02-01 09:00:00,Asia/Bangkok,93.26749368421052,62.38260869565217,50.56521739130435,24.49207517543861
17213,2023-02-01 10:00:00,Asia/Bangkok,87.79314359649119,60.81896551724138,49.41379310344828,26.54663684210525
17214,2023-02-01 11:00:00,Asia/Bangkok,80.9257980869565,59.45299145299145,48.39316239316239,27.91544147826086
17215,2023-02-01 12:00:00,Asia/Bangkok,77.83273606837608,53.76068376068376,44.5982905982906,28.68633085470086
17216,2023-02-01 13:00:00,Asia/Bangkok,72.56038920353984,42.93913043478261,36.99130434782609,30.1768228318584
17217,2023-02-01 14:00:00,Asia/Bangkok,71.46289431034482,39.5948275862069,34.60344827586207,30.50799034482758
17218,2023-02-01 15:00:00,Asia/Bangkok,73.94513794642857,41.35344827586207,35.67241379310344,29.66568410714288
17219,2023-02-01 16:00:00,Asia/Bangkok,72.21136146551724,84.06837606837607,74.63247863247864,29.94155844827585
17220,2023-02-01 17:00:00,Asia/Bangkok,74.25219601769916,54.06896551724138,46.8448275862069,29.16145902654867
17221,2023-02-01 18:00:00,Asia/Bangkok,77.922339137931,48.93965517241379,41.55172413793103,28.34873069565217
17222,2023-02-01 19:00:00,Asia/Bangkok,81.62069901785718,155.1724137931035,131.8448275862069,28.04443864864864
17223,2023-02-01 20:00:00,Asia/Bangkok,84.52442052631577,140.3534482758621,123.0086206896552,27.39924447368422
17224,2023-02-01 21:00:00,Asia/Bangkok,86.43415826086955,66.63716814159292,55.46017699115044,26.92765365217391
17225,2023-02-01 22:00:00,Asia/Bangkok,87.53749629310343,63.05128205128205,51.0940170940171,26.56908791304348
17226,2023-02-01 23:00:00,Asia/Bangkok,88.38051853448273,68.31896551724138,56.88793103448276,26.06810818965517
17227,2023-02-02 00:00:00,Asia/Bangkok,89.24049147826084,60.48717948717949,49.01709401709402,25.66147756521741
17228,2023-02-02 01:00:00,Asia/Bangkok,89.41070621621623,63.52212389380531,51.51327433628319,25.48258558558561
17229,2023-02-02 02:00:00,Asia/Bangkok,89.37243714285712,64.94117647058823,52.36134453781513,25.11041841666667
17230,2023-02-02 03:00:00,Asia/Bangkok,89.83759991150446,66.92307692307692,54.7008547008547,24.67826982142857
17231,2023-02-02 04:00:00,Asia/Bangkok,90.68993447368423,65.38793103448276,54.0,24.49193500000001
17232,2023-02-02 05:00:00,Asia/Bangkok,90.84343207207208,61.71551724137931,49.98275862068966,24.5512401801802
17233,2023-02-02 06:00:00,Asia/Bangkok,90.61144928571427,66.42241379310344,54.72413793103448,24.47642562499997
17234,2023-02-02 07:00:00,Asia/Bangkok,91.20268881818183,64.02586206896552,51.64655172413793,24.15020572727272
17235,2023-02-02 08:00:00,Asia/Bangkok,92.72077168141591,66.74782608695652,54.53913043478261,24.1602646902655
17236,2023-02-02 09:00:00,Asia/Bangkok,93.6067002631579,68.95652173913044,57.59130434782609,24.72226096491229
17237,2023-02-02 10:00:00,Asia/Bangkok,91.56490391304351,69.19827586206897,58.48275862068966,25.80214547826088
17238,2023-02-02 11:00:00,Asia/Bangkok,83.26985991150444,57.91228070175438,47.71929824561403,28.13983868421054
17239,2023-02-02 12:00:00,Asia/Bangkok,74.34362964601772,49.24786324786325,41.38461538461539,30.57988928571425
17240,2023-02-02 13:00:00,Asia/Bangkok,70.98336318584069,43.12931034482759,36.93103448275862,31.17706053097345
17241,2023-02-02 14:00:00,Asia/Bangkok,66.76336078947371,38.15652173913043,33.91304347826087,32.20110201754389
17242,2023-02-02 15:00:00,Asia/Bangkok,61.58217245614036,32.64957264957265,30.58119658119658,32.58361692982455
17243,2023-02-02 16:00:00,Asia/Bangkok,65.00182663716814,39.85344827586207,34.8448275862069,32.02922504424778
17244,2023-02-02 17:00:00,Asia/Bangkok,71.27510356521736,50.99137931034483,42.46551724137931,30.21682434782608
17245,2023-02-02 18:00:00,Asia/Bangkok,74.50199585585587,52.19827586206897,43.45689655172414,29.3292037837838
17246,2023-02-02 19:00:00,Asia/Bangkok,76.19888473684213,54.09734513274336,44.73451327433628,28.98141283185842
17247,2023-02-02 20:00:00,Asia/Bangkok,79.30832756521741,75.36206896551724,64.94827586206897,28.64188333333334
17248,2023-02-02 21:00:00,Asia/Bangkok,82.93465373913048,71.16239316239316,61.12820512820513,27.9698952631579
17249,2023-02-02 22:00:00,Asia/Bangkok,88.46408565217389,65.33620689655173,55.42241379310344,26.75784495652174
17250,2023-02-02 23:00:00,Asia/Bangkok,87.70553043103449,56.50862068965517,46.67241379310344,27.14006112068964
17251,2023-02-03 00:00:00,Asia/Bangkok,87.40749258620694,73.54867256637168,65.19298245614036,27.24537724137933
17252,2023-02-03 01:00:00,Asia/Bangkok,87.76437848214282,86.96521739130435,80.79130434782608,26.99273312500001
17253,2023-02-03 02:00:00,Asia/Bangkok,91.258351875,41.06034482758621,36.88793103448276,25.85646151785715
17254,2023-02-03 03:00:00,Asia/Bangkok,92.63664901785714,6.060344827586207,5.53448275862069,25.30315455357144
17255,2023-02-03 04:00:00,Asia/Bangkok,91.68619044642864,3.456896551724138,2.939655172413793,25.32141955357143
17256,2023-02-03 05:00:00,Asia/Bangkok,91.77850771929826,2.267241379310345,1.956896551724138,25.06757710526316
17257,2023-02-03 06:00:00,Asia/Bangkok,93.53210438596491,1.646551724137931,1.301724137931034,24.80851353982304
17258,2023-02-03 07:00:00,Asia/Bangkok,92.42337063063064,1.129310344827586,0.9224137931034483,25.09456594594595
17259,2023-02-03 08:00:00,Asia/Bangkok,92.89136626086959,6.163793103448276,5.663793103448276,25.01764739130433
17260,2023-02-03 09:00:00,Asia/Bangkok,93.64965805309741,3.461538461538462,3.034188034188034,25.0281436283186
17261,2023-02-03 10:00:00,Asia/Bangkok,94.82688526315793,3.905172413793104,3.422413793103448,24.67852640350876
17262,2023-02-03 11:00:00,Asia/Bangkok,95.06142557522122,1.137931034482759,0.9137931034482759,24.62556123893805
17263,2023-02-03 12:00:00,Asia/Bangkok,95.21452078260867,0.8017241379310345,0.603448275862069,24.74495763157895
17264,2023-02-03 13:00:00,Asia/Bangkok,94.91813867256641,4.03448275862069,3.767241379310345,24.70997079646017
17265,2023-02-03 14:00:00,Asia/Bangkok,95.15906805309736,9.474137931034482,8.663793103448276,25.17865097345135
17266,2023-02-03 15:00:00,Asia/Bangkok,94.0773479464286,0.09482758620689655,0.0603448275862069,25.38296423423427
17267,2023-02-03 16:00:00,Asia/Bangkok,92.68182657894741,1.103448275862069,0.9310344827586207,25.92519973684209
17268,2023-02-03 17:00:00,Asia/Bangkok,92.99847432432432,2.663793103448276,2.344827586206896,26.15649144144144
17269,2023-02-03 18:00:00,Asia/Bangkok,91.93607314814815,15.03636363636364,13.6,26.09851981481481
17270,2023-02-03 19:00:00,Asia/Bangkok,93.16728965217388,14.08620689655172,12.99122807017544,25.73643426086959
17271,2023-02-03 20:00:00,Asia/Bangkok,93.00401938596495,9.25,8.689655172413794,25.64364719298249
17272,2023-02-03 21:00:00,Asia/Bangkok,93.34791911504426,16.46956521739131,15.6,25.44957543859649
17273,2023-02-03 22:00:00,Asia/Bangkok,93.78913982456145,8.608695652173912,8.025862068965518,25.36047150442479
17274,2023-02-03 23:00:00,Asia/Bangkok,93.57388052631572,8.73913043478261,8.147826086956522,25.15192614035092
17275,2023-02-04 00:00:00,Asia/Bangkok,93.61698061946905,12.32743362831858,11.69911504424779,25.1006678761062
17276,2023-02-04 01:00:00,Asia/Bangkok,93.70573605263161,12.71551724137931,11.88793103448276,24.93436508771929
17277,2023-02-04 02:00:00,Asia/Bangkok,94.91062607142855,11.8448275862069,10.77586206896552,25.01781053571429
17278,2023-02-04 03:00:00,Asia/Bangkok,94.58699526315785,11.39655172413793,10.39655172413793,24.97648070175437
17279,2023-02-04 04:00:00,Asia/Bangkok,94.21938088495565,10.94871794871795,10.07758620689655,24.65037482142856
17280,2023-02-04 05:00:00,Asia/Bangkok,94.44327723214285,9.869565217391305,8.956896551724139,24.4271450892857
17281,2023-02-04 06:00:00,Asia/Bangkok,94.3118799115044,9.560344827586206,8.75,24.39657839285714
17282,2023-02-04 07:00:00,Asia/Bangkok,94.27761482758618,11.0948275862069,10.25,24.40060431034484
17283,2023-02-04 08:00:00,Asia/Bangkok,95.27824236842103,15.8448275862069,14.75,24.70059456140352
17284,2023-02-04 09:00:00,Asia/Bangkok,93.96278105263157,11.69230769230769,10.33333333333333,26.14290166666668
17285,2023-02-04 10:00:00,Asia/Bangkok,84.50741864864864,7.79646017699115,6.407079646017699,28.1394882882883
17286,2023-02-04 11:00:00,Asia/Bangkok,76.72485090090089,5.034782608695652,4.052173913043478,29.74132558558559
17287,2023-02-04 12:00:00,Asia/Bangkok,71.09835008928574,4.0,3.172413793103448,31.02771830357144
17288,2023-02-04 13:00:00,Asia/Bangkok,71.27705379629631,3.94017094017094,3.196581196581197,30.88664046296294
17289,2023-02-04 14:00:00,Asia/Bangkok,70.4671325233645,3.912280701754386,3.149122807017544,30.97889112149531
17290,2023-02-04 15:00:00,Asia/Bangkok,71.84021122807022,7.025862068965517,5.913793103448276,30.58789675438596
17291,2023-02-04 16:00:00,Asia/Bangkok,70.88026362831857,24.88793103448276,20.95689655172414,30.86446592920353
17292,2023-02-04 17:00:00,Asia/Bangkok,74.55587254545453,8.307692307692308,6.991452991452991,29.68953518181819
17293,2023-02-04 18:00:00,Asia/Bangkok,75.43526946902655,10.00869565217391,8.860869565217392,29.22394053097343
17294,2023-02-04 19:00:00,Asia/Bangkok,80.83891758620688,15.04273504273504,13.36752136752137,28.11512413793102
17295,2023-02-04 20:00:00,Asia/Bangkok,85.33276499999997,14.54310344827586,12.97413793103448,27.20442206896548
17296,2023-02-04 21:00:00,Asia/Bangkok,86.79504618556702,15.10309278350515,13.64948453608247,26.94790969072166
17297,2023-02-04 22:00:00,Asia/Bangkok,88.26696873873871,18.11304347826087,16.62608695652174,26.49254630630632
17298,2023-02-04 23:00:00,Asia/Bangkok,88.55986214285713,19.45689655172414,18.25862068965517,26.18564812500004
17299,2023-02-05 00:00:00,Asia/Bangkok,89.52302898148147,20.59130434782609,19.26086956521739,25.7490799074074
17300,2023-02-05 01:00:00,Asia/Bangkok,89.82413770642201,21.14655172413793,19.83620689655172,25.54749435185184
17301,2023-02-05 02:00:00,Asia/Bangkok,90.45026382608698,23.22222222222222,21.69230769230769,25.2530551304348
17302,2023-02-05 03:00:00,Asia/Bangkok,90.61175836363638,26.04310344827586,24.52586206896552,24.85494872727273
17303,2023-02-05 04:00:00,Asia/Bangkok,90.91996292035402,25.8,24.2695652173913,24.49485920353985
17304,2023-02-05 05:00:00,Asia/Bangkok,91.12205831858407,24.4,22.17391304347826,24.31799428571429
17305,2023-02-05 06:00:00,Asia/Bangkok,92.2824198275862,18.57758620689655,17.0,24.1524925862069
17306,2023-02-05 07:00:00,Asia/Bangkok,92.80363078947371,16.28695652173913,15.19130434782609,24.23488315789474
17307,2023-02-05 08:00:00,Asia/Bangkok,93.55915636363643,14.88695652173913,13.76521739130435,24.59010436363636
17308,2023-02-05 09:00:00,Asia/Bangkok,93.12059184210528,13.25862068965517,11.91379310344828,25.85516245614037
17309,2023-02-05 10:00:00,Asia/Bangkok,85.92147780701752,10.28695652173913,8.852173913043478,27.54938451327435
17310,2023-02-05 11:00:00,Asia/Bangkok,77.86706491379313,6.538461538461538,5.367521367521367,29.16673486956523
17311,2023-02-05 12:00:00,Asia/Bangkok,72.11045919642858,6.956896551724138,5.853448275862069,30.27943071428572
17312,2023-02-05 13:00:00,Asia/Bangkok,68.1965178947368,5.28448275862069,4.439655172413793,31.2724595614035
17313,2023-02-05 14:00:00,Asia/Bangkok,68.93680181034482,4.758620689655173,3.96551724137931,30.95955172413792
17314,2023-02-05 15:00:00,Asia/Bangkok,66.26282905172411,4.666666666666667,3.743589743589744,31.81684232758619
17315,2023-02-05 16:00:00,Asia/Bangkok,65.85852286956526,4.629310344827586,3.75,31.45376617391304
17316,2023-02-05 17:00:00,Asia/Bangkok,67.217666460177,4.422413793103448,3.632478632478632,30.75056575221239
17317,2023-02-05 18:00:00,Asia/Bangkok,73.86624169642862,6.478260869565218,5.521739130434782,29.45446562499999
17318,2023-02-05 19:00:00,Asia/Bangkok,77.67168626086955,21.41880341880342,17.92307692307692,28.40925947368422
17319,2023-02-05 20:00:00,Asia/Bangkok,80.83455883928572,202.9739130434783,176.2844827586207,27.94763901785711
17320,2023-02-05 21:00:00,Asia/Bangkok,83.61433226086952,64.64655172413794,55.51724137931034,27.4751885217391
17321,2023-02-05 22:00:00,Asia/Bangkok,85.24368858407077,31.08620689655172,27.29310344827586,27.21557097345133
17322,2023-02-05 23:00:00,Asia/Bangkok,86.56132582608696,56.24786324786325,49.97435897435897,26.87766156521739
17323,2023-02-06 00:00:00,Asia/Bangkok,88.06435565217389,30.87068965517241,28.19827586206896,26.46782234782609
17324,2023-02-06 01:00:00,Asia/Bangkok,88.24829339285718,28.83620689655172,26.79310344827586,26.09623991071427
17325,2023-02-06 02:00:00,Asia/Bangkok,88.9688891150442,26.0948275862069,24.56896551724138,25.81097223214286
17326,2023-02-06 03:00:00,Asia/Bangkok,89.31244666666659,23.48717948717949,21.8034188034188,25.73949815789473
17327,2023-02-06 04:00:00,Asia/Bangkok,89.71739123893808,17.75,16.52586206896552,25.47146814159292
17328,2023-02-06 05:00:00,Asia/Bangkok,89.73608821428572,15.71551724137931,14.62068965517241,25.26572321428571
17329,2023-02-06 06:00:00,Asia/Bangkok,89.52003808695655,13.25,12.25,25.02927904347826
17330,2023-02-06 07:00:00,Asia/Bangkok,90.03776543103447,12.58119658119658,11.52991452991453,24.64403775862069
17331,2023-02-06 08:00:00,Asia/Bangkok,91.1693643859649,35.70796460176991,30.91150442477876,24.72673447368422
17332,2023-02-06 09:00:00,Asia/Bangkok,90.81127210526317,29.64601769911505,25.48672566371681,25.83241194690268
17333,2023-02-06 10:00:00,Asia/Bangkok,80.955494,6.568965517241379,5.543103448275862,28.35187166666667
17334,2023-02-06 11:00:00,Asia/Bangkok,74.09452036697245,4.239316239316239,3.350427350427351,29.74056908256879
17335,2023-02-06 12:00:00,Asia/Bangkok,68.18821399999997,3.706896551724138,2.991379310344827,31.08567954545452
17336,2023-02-06 13:00:00,Asia/Bangkok,66.45886053097344,3.275862068965517,2.517241379310345,31.3346792920354
17337,2023-02-06 14:00:00,Asia/Bangkok,65.12609528301888,7.106194690265487,5.982300884955753,31.90151509433962
17338,2023-02-06 15:00:00,Asia/Bangkok,63.31506886956523,8.14655172413793,6.956521739130435,32.17377904347826
17339,2023-02-06 16:00:00,Asia/Bangkok,63.3835756521739,10.48695652173913,9.03448275862069,32.03227504347826
17340,2023-02-06 17:00:00,Asia/Bangkok,66.80462649122806,51.56896551724138,44.8448275862069,31.13191807017543
17341,2023-02-06 18:00:00,Asia/Bangkok,68.4067795652174,41.68103448275862,36.8448275862069,30.51130313043478
17342,2023-02-06 19:00:00,Asia/Bangkok,72.29596122807015,104.6810344827586,94.09482758620689,29.27957614035085
17343,2023-02-06 20:00:00,Asia/Bangkok,77.38641526785715,98.84482758620689,88.09482758620689,28.44450937499999
17344,2023-02-06 21:00:00,Asia/Bangkok,81.55344765217393,89.26724137931035,74.09482758620689,27.71191817391306
17345,2023-02-06 22:00:00,Asia/Bangkok,84.55336974137931,111.5603448275862,91.34482758620689,27.00854922413794
17346,2023-02-06 23:00:00,Asia/Bangkok,85.35104556521735,49.54310344827586,41.26724137931034,26.76346513043476
17347,2023-02-07 00:00:00,Asia/Bangkok,86.13093284482756,42.04273504273505,36.0,26.5181297413793
17348,2023-02-07 01:00:00,Asia/Bangkok,86.18111821428575,34.63793103448276,31.17948717948718,26.20505598214285
17349,2023-02-07 02:00:00,Asia/Bangkok,86.84028106194688,31.23275862068965,28.79310344827586,25.82293513274339
17350,2023-02-07 03:00:00,Asia/Bangkok,88.07169043859648,30.32758620689655,28.13793103448276,25.40664008771929
17351,2023-02-07 04:00:00,Asia/Bangkok,88.17221282051284,37.57264957264957,31.94017094017094,25.02458474137931
17352,2023-02-07 05:00:00,Asia/Bangkok,87.92905339130431,13.35344827586207,12.28448275862069,24.79496252173913
17353,2023-02-07 06:00:00,Asia/Bangkok,88.40478054545456,12.95689655172414,11.76724137931035,24.27085454545454
17354,2023-02-07 07:00:00,Asia/Bangkok,89.87325285714289,33.29310344827586,28.68103448275862,23.92433285714284
17355,2023-02-07 08:00:00,Asia/Bangkok,91.02606035714281,37.68103448275862,32.35344827586207,24.14761669642858
17356,2023-02-07 09:00:00,Asia/Bangkok,89.69450888888893,18.41379310344828,16.87068965517241,25.7676450925926
17357,2023-02-07 10:00:00,Asia/Bangkok,80.8426692173913,7.801724137931035,6.913793103448276,28.40785226086956
17358,2023-02-07 11:00:00,Asia/Bangkok,75.61845808695654,6.82051282051282,6.034188034188034,29.54072060869566
17359,2023-02-07 12:00:00,Asia/Bangkok,70.44519577586208,6.629310344827586,5.931034482758621,30.54427043103449
17360,2023-02-07 13:00:00,Asia/Bangkok,65.75883790909093,8.629310344827585,7.957264957264957,31.69431863636362
17361,2023-02-07 14:00:00,Asia/Bangkok,65.1940468468468,8.775862068965518,8.077586206896552,32.12713171171171
17362,2023-02-07 15:00:00,Asia/Bangkok,63.8985708035714,9.517241379310345,8.85344827586207,32.23263205357144
17363,2023-02-07 16:00:00,Asia/Bangkok,65.61007852173914,13.09401709401709,12.46153846153846,31.9755715652174
17364,2023-02-07 17:00:00,Asia/Bangkok,65.14254191304344,11.88695652173913,11.24347826086957,31.81154434782606
17365,2023-02-07 18:00:00,Asia/Bangkok,69.48201243243244,23.75862068965517,21.53448275862069,30.48807936936938
17366,2023-02-07 19:00:00,Asia/Bangkok,75.84792369369369,40.48275862068966,34.91379310344828,28.89846441441441
17367,2023-02-07 20:00:00,Asia/Bangkok,79.63525589285713,75.56410256410257,64.0,28.37772687499998
17368,2023-02-07 21:00:00,Asia/Bangkok,83.12815300884957,66.51724137931035,56.20689655172414,27.6243907079646
17369,2023-02-07 22:00:00,Asia/Bangkok,84.3400050442478,39.87068965517241,34.27586206896552,27.40991415929204
17370,2023-02-07 23:00:00,Asia/Bangkok,85.07105867256635,34.22413793103448,31.17241379310345,27.14328088495575
17371,2023-02-08 00:00:00,Asia/Bangkok,85.83081250000002,35.48695652173913,32.08695652173913,26.78771580357142
17372,2023-02-08 01:00:00,Asia/Bangkok,86.98876391304344,38.32758620689656,33.72413793103448,26.07992808695652
17373,2023-02-08 02:00:00,Asia/Bangkok,87.98512867256646,32.08695652173913,30.06086956521739,25.64674194690267
17374,2023-02-08 03:00:00,Asia/Bangkok,89.1735628070176,31.63478260869565,29.40869565217391,25.24374956140351
17375,2023-02-08 04:00:00,Asia/Bangkok,89.01715945945942,30.22608695652174,28.60869565217391,25.21646207207207
17376,2023-02-08 05:00:00,Asia/Bangkok,88.94314130841121,30.12173913043478,28.14782608695652,24.99902439252335
17377,2023-02-08 06:00:00,Asia/Bangkok,90.05925196428568,45.91379310344828,38.56034482758621,24.71189018018015
17378,2023-02-08 07:00:00,Asia/Bangkok,90.61996551020408,29.56603773584906,27.9622641509434,24.68334959999999
17379,2023-02-08 08:00:00,Asia/Bangkok,92.14847934065934,36.78021978021978,32.86813186813187,25.02174175824176
17380,2023-02-08 09:00:00,Asia/Bangkok,90.03326566371679,22.74358974358974,21.69230769230769,26.43524389380533
17381,2023-02-08 10:00:00,Asia/Bangkok,81.08363096491233,17.97391304347826,16.69565217391304,28.23664930434783
17382,2023-02-08 11:00:00,Asia/Bangkok,74.9639383478261,21.75213675213675,19.90598290598291,30.01960859649124
17383,2023-02-08 12:00:00,Asia/Bangkok,72.09216008771932,13.89655172413793,12.97413793103448,30.73998842105262
17384,2023-02-08 13:00:00,Asia/Bangkok,68.86261286956523,7.017241379310345,6.448275862068965,30.98757382608693
17385,2023-02-08 14:00:00,Asia/Bangkok,67.95849643478259,6.724137931034483,6.103448275862069,31.58981365217391
17386,2023-02-08 15:00:00,Asia/Bangkok,67.85851465517244,6.698275862068965,6.181034482758621,31.4384845689655
17387,2023-02-08 16:00:00,Asia/Bangkok,68.90693923076921,9.547008547008547,8.581196581196581,31.62179820512819
17388,2023-02-08 17:00:00,Asia/Bangkok,71.1169474107143,27.0948275862069,24.29310344827586,30.82572651785715
17389,2023-02-08 18:00:00,Asia/Bangkok,74.53262552631581,18.02586206896552,16.37931034482759,29.55185710526316
17390,2023-02-08 19:00:00,Asia/Bangkok,78.09248913043476,38.95689655172414,33.46551724137931,28.61328017391304
17391,2023-02-08 20:00:00,Asia/Bangkok,80.58720368421054,50.46551724137931,41.07758620689656,28.42902938596489
17392,2023-02-08 21:00:00,Asia/Bangkok,83.32471681034484,48.92105263157895,40.94736842105263,27.87237836206897
17393,2023-02-08 22:00:00,Asia/Bangkok,84.91469078947372,61.31034482758621,50.0948275862069,27.38397149122809
17394,2023-02-08 23:00:00,Asia/Bangkok,86.08074773913042,54.0940170940171,44.53846153846154,26.99487547826087
17395,2023-02-09 00:00:00,Asia/Bangkok,87.15059230088495,50.88034188034188,41.47008547008547,26.67271663716812
17396,2023-02-09 01:00:00,Asia/Bangkok,87.38659495575222,50.19827586206897,40.5948275862069,26.6023182300885
17397,2023-02-09 02:00:00,Asia/Bangkok,88.11901912280703,31.37068965517241,29.36206896551724,26.08047482456142
17398,2023-02-09 03:00:00,Asia/Bangkok,89.08021230769229,28.69230769230769,27.32478632478632,26.07762521367522
17399,2023-02-09 04:00:00,Asia/Bangkok,89.2197011403509,31.66379310344828,29.45689655172414,26.16686096491229
17400,2023-02-09 05:00:00,Asia/Bangkok,89.75374191304353,27.32758620689655,26.11206896551724,26.03260373913044
17401,2023-02-09 06:00:00,Asia/Bangkok,90.20924648648646,31.08620689655172,28.96551724137931,25.83400383928571
17402,2023-02-09 07:00:00,Asia/Bangkok,90.53552324561404,29.48717948717949,27.70940170940171,25.55086814159296
17403,2023-02-09 08:00:00,Asia/Bangkok,90.9756788392857,24.56034482758621,23.38793103448276,25.88009008928572
17404,2023-02-09 09:00:00,Asia/Bangkok,87.74705954954953,23.66666666666667,21.78632478632479,27.14480486486487
17405,2023-02-09 10:00:00,Asia/Bangkok,85.2808293043478,32.14655172413793,28.35344827586207,27.63062513043477
17406,2023-02-09 11:00:00,Asia/Bangkok,77.67987304347825,12.73275862068965,11.85344827586207,29.14957426086956
17407,2023-02-09 12:00:00,Asia/Bangkok,69.52638184210527,7.704347826086956,7.243478260869566,30.95537513274337
17408,2023-02-09 13:00:00,Asia/Bangkok,65.80709286956522,6.293103448275862,5.922413793103448,31.48490582608697
17409,2023-02-09 14:00:00,Asia/Bangkok,65.11646938596493,6.434782608695652,6.008695652173913,31.74567105263158
17410,2023-02-09 15:00:00,Asia/Bangkok,66.26029017699113,6.896551724137931,6.310344827586207,31.58155610619469
17411,2023-02-09 16:00:00,Asia/Bangkok,65.84735169642857,7.652173913043478,7.069565217391304,31.83508821428569
17412,2023-02-09 17:00:00,Asia/Bangkok,69.18784578947368,27.86324786324786,24.48717948717949,30.81417087719299
17413,2023-02-09 18:00:00,Asia/Bangkok,73.01075535714281,19.70689655172414,18.5,29.56056392857142
17414,2023-02-09 19:00:00,Asia/Bangkok,76.90532499999999,27.98275862068965,24.56896551724138,28.84592137931036
17415,2023-02-09 20:00:00,Asia/Bangkok,79.7373337068966,73.16239316239316,63.67521367521368,28.45924974137931
17416,2023-02-09 21:00:00,Asia/Bangkok,83.2348327826087,88.16379310344827,82.54310344827586,27.7650471304348
17417,2023-02-09 22:00:00,Asia/Bangkok,84.2093193965517,39.30769230769231,34.23931623931624,27.74744747826084
17418,2023-02-09 23:00:00,Asia/Bangkok,84.31444230088493,21.82758620689655,20.73275862068965,27.69928106194693
17419,2023-02-10 00:00:00,Asia/Bangkok,85.17884433628318,26.36283185840708,25.19469026548673,27.41849070796458
17420,2023-02-10 01:00:00,Asia/Bangkok,87.24626000000002,36.81034482758621,32.69827586206897,26.56030129310347
17421,2023-02-10 02:00:00,Asia/Bangkok,88.18444141592927,39.24347826086957,34.0948275862069,26.20488256637169
17422,2023-02-10 03:00:00,Asia/Bangkok,88.40183121739132,37.04310344827586,32.88793103448276,26.02619460869564
17423,2023-02-10 04:00:00,Asia/Bangkok,88.63121000000007,33.29059829059829,30.76923076923077,25.78151938596488
17424,2023-02-10 05:00:00,Asia/Bangkok,89.1709549557522,30.25862068965517,28.69827586206896,25.57953469026551
17425,2023-02-10 06:00:00,Asia/Bangkok,90.15281982142862,25.52136752136752,24.54700854700855,25.42503571428571
17426,2023-02-10 07:00:00,Asia/Bangkok,90.42312699115048,26.21739130434782,25.31304347826087,25.33714289473681
17427,2023-02-10 08:00:00,Asia/Bangkok,91.16014339130435,40.10344827586207,35.20689655172414,25.6649367826087
17428,2023-02-10 09:00:00,Asia/Bangkok,88.92006643478258,56.31896551724138,50.51724137931034,26.88854904347824
17429,2023-02-10 10:00:00,Asia/Bangkok,83.57731172727271,28.9304347826087,26.15652173913044,28.17320272727274
17430,2023-02-10 11:00:00,Asia/Bangkok,75.77971135135135,16.46551724137931,15.20689655172414,29.84212306306307
17431,2023-02-10 12:00:00,Asia/Bangkok,68.96293739130435,8.991304347826087,8.365217391304348,31.25994513043477
17432,2023-02-10 13:00:00,Asia/Bangkok,65.36367801724137,6.008547008547009,5.393162393162394,32.32199370689654
17433,2023-02-10 14:00:00,Asia/Bangkok,63.62203657894738,5.879310344827586,5.293103448275862,32.62573342105262
17434,2023-02-10 15:00:00,Asia/Bangkok,62.70325640350875,6.380530973451328,5.911504424778761,32.88461412280703
17435,2023-02-10 16:00:00,Asia/Bangkok,66.5438855357143,7.641025641025641,7.162393162393163,31.98100178571428
17436,2023-02-10 17:00:00,Asia/Bangkok,68.70924283185842,10.21551724137931,9.629310344827585,31.39061442477875
17437,2023-02-10 18:00:00,Asia/Bangkok,70.52961882882877,17.01724137931035,16.08620689655172,30.73317090090089
17438,2023-02-10 19:00:00,Asia/Bangkok,74.67456175438595,22.64655172413793,21.06896551724138,29.64946307017542
17439,2023-02-10 20:00:00,Asia/Bangkok,79.89732228070176,21.67241379310345,20.25,28.54205219298245
17440,2023-02-10 21:00:00,Asia/Bangkok,82.92500780701752,43.00869565217391,36.84347826086957,28.07898254385964
17441,2023-02-10 22:00:00,Asia/Bangkok,85.55293165217394,36.10344827586207,32.1551724137931,27.50351565217387
17442,2023-02-10 23:00:00,Asia/Bangkok,86.21755860869561,32.41739130434782,29.77391304347826,27.21943678260867
17443,2023-02-11 00:00:00,Asia/Bangkok,86.69712859649127,36.04310344827586,32.31034482758621,27.04228526315788
17444,2023-02-11 01:00:00,Asia/Bangkok,87.50372460176993,38.47413793103448,33.64655172413793,26.83728256637168
17445,2023-02-11 02:00:00,Asia/Bangkok,88.30098885964912,43.00862068965517,36.36206896551724,26.4890604385965
17446,2023-02-11 03:00:00,Asia/Bangkok,88.63125716814163,48.15384615384615,40.18103448275862,26.21074557522124
17447,2023-02-11 04:00:00,Asia/Bangkok,89.49409834782605,38.1551724137931,33.58974358974359,25.78016000000001
17448,2023-02-11 05:00:00,Asia/Bangkok,90.46077356521738,36.07758620689656,32.37931034482759,25.67766330434783
17449,2023-02-11 06:00:00,Asia/Bangkok,90.5642921238938,30.45299145299145,28.5982905982906,25.85214371681417
17450,2023-02-11 07:00:00,Asia/Bangkok,90.72287072072075,25.62931034482759,24.24137931034483,25.93514441441438
17451,2023-02-11 08:00:00,Asia/Bangkok,91.4982106140351,26.76724137931035,25.21551724137931,25.9186645614035
17452,2023-02-11 09:00:00,Asia/Bangkok,89.47617421052631,21.73275862068965,20.0,26.9470449122807
17453,2023-02-11 10:00:00,Asia/Bangkok,80.9042439473684,8.543103448275861,7.818965517241379,28.75181271929826
17454,2023-02-11 11:00:00,Asia/Bangkok,73.37496192982455,6.206896551724138,5.594827586206897,30.66266640350876
17455,2023-02-11 12:00:00,Asia/Bangkok,66.95616391304347,4.818965517241379,4.318965517241379,31.64523991304349
17456,2023-02-11 13:00:00,Asia/Bangkok,62.09596052631578,2.836206896551724,2.370689655172414,32.76997736842105
17457,2023-02-11 14:00:00,Asia/Bangkok,61.84680617391302,2.78448275862069,2.344827586206896,32.66224086956524
17458,2023-02-11 15:00:00,Asia/Bangkok,62.05150132743363,2.818965517241379,2.301724137931035,32.50035571428572
17459,2023-02-11 16:00:00,Asia/Bangkok,63.81671000000001,4.094827586206897,3.603448275862069,32.02982570175438
17460,2023-02-11 17:00:00,Asia/Bangkok,67.25641500000002,7.948275862068965,7.181034482758621,30.98160692982455
17461,2023-02-11 18:00:00,Asia/Bangkok,69.55170345132743,18.74137931034483,16.6551724137931,30.41268486725663
17462,2023-02-11 19:00:00,Asia/Bangkok,75.13692307017543,17.74137931034483,15.52586206896552,29.05981464912281
17463,2023-02-11 20:00:00,Asia/Bangkok,78.03946730434784,36.18965517241379,31.12931034482759,28.60452791304348
17464,2023-02-11 21:00:00,Asia/Bangkok,81.84888982142856,78.54310344827586,69.9396551724138,27.83863330357142
17465,2023-02-11 22:00:00,Asia/Bangkok,83.81211008849554,82.46153846153847,73.41880341880342,27.3453753982301
17466,2023-02-11 23:00:00,Asia/Bangkok,85.25618883928573,48.68103448275862,40.29310344827586,26.80500223214288
17467,2023-02-12 00:00:00,Asia/Bangkok,86.0159902631579,31.97413793103448,29.43965517241379,26.46081307017548
17468,2023-02-12 01:00:00,Asia/Bangkok,85.70071684210522,41.73913043478261,35.44347826086957,26.31462438596491
17469,2023-02-12 02:00:00,Asia/Bangkok,86.1101412280702,36.30172413793103,32.23275862068966,26.02507736842104
17470,2023-02-12 03:00:00,Asia/Bangkok,86.89247182608692,30.5948275862069,28.53448275862069,25.61434121739131
17471,2023-02-12 04:00:00,Asia/Bangkok,87.82692526785715,24.15652173913044,22.88695652173913,25.23017178571429
17472,2023-02-12 05:00:00,Asia/Bangkok,87.68628241071431,21.18965517241379,19.98275862068965,25.197748125
17473,2023-02-12 06:00:00,Asia/Bangkok,88.26549818965515,20.38461538461538,19.32478632478632,24.78096094827584
17474,2023-02-12 07:00:00,Asia/Bangkok,88.4270976991151,19.89565217391304,18.92173913043478,24.51778088495575
17475,2023-02-12 08:00:00,Asia/Bangkok,89.29878114035088,16.8,15.83478260869565,24.67946543859651
17476,2023-02-12 09:00:00,Asia/Bangkok,88.06551763157896,13.43103448275862,12.54310344827586,26.49451035398229
17477,2023-02-12 10:00:00,Asia/Bangkok,79.84777000000001,11.95652173913044,10.98260869565217,28.6511845614035
17478,2023-02-12 11:00:00,Asia/Bangkok,74.56369732758624,9.405172413793103,8.887931034482758,29.60348681034484
17479,2023-02-12 12:00:00,Asia/Bangkok,70.65241736842104,12.18965517241379,11.62931034482759,30.56983710526317
17480,2023-02-12 13:00:00,Asia/Bangkok,67.0714436036036,12.75862068965517,12.14655172413793,31.50702577981651
17481,2023-02-12 14:00:00,Asia/Bangkok,64.31899929824563,11.97413793103448,11.4051724137931,32.20567026315791
17482,2023-02-12 15:00:00,Asia/Bangkok,63.47173456140348,14.27350427350427,13.5982905982906,32.38277336283186
17483,2023-02-12 16:00:00,Asia/Bangkok,61.95424858407079,12.69827586206897,12.18965517241379,32.50366973451329
17484,2023-02-12 17:00:00,Asia/Bangkok,63.7374297368421,17.3448275862069,16.61206896551724,31.69725522123893
17485,2023-02-12 18:00:00,Asia/Bangkok,68.84095566371685,19.66956521739131,18.41739130434783,30.32581769911504
17486,2023-02-12 19:00:00,Asia/Bangkok,73.50903681034485,89.25862068965517,82.54310344827586,29.31066827586203
17487,2023-02-12 20:00:00,Asia/Bangkok,77.7452570689655,105.4615384615385,95.76923076923077,28.58691853448274
17488,2023-02-12 21:00:00,Asia/Bangkok,80.97303477064222,73.60344827586206,63.53448275862069,27.8607548623853
17489,2023-02-12 22:00:00,Asia/Bangkok,84.07717166666666,77.75862068965517,67.87931034482759,27.08468175438595
17490,2023-02-12 23:00:00,Asia/Bangkok,84.48311517241376,54.10344827586207,44.49137931034483,26.90753646551727
17491,2023-02-13 00:00:00,Asia/Bangkok,84.43891910714282,43.68695652173913,37.06956521739131,26.65213185840708
17492,2023-02-13 01:00:00,Asia/Bangkok,84.78302878260868,55.38461538461539,47.74358974358974,26.24458298245613
17493,2023-02-13 02:00:00,Asia/Bangkok,85.6821623148148,31.18103448275862,29.12068965517241,25.73184728971965
17494,2023-02-13 03:00:00,Asia/Bangkok,86.35425859649122,28.91379310344828,27.37931034482759,25.44920122807016
17495,2023-02-13 04:00:00,Asia/Bangkok,86.66989078947371,26.50862068965517,25.31896551724138,25.23501219298246
17496,2023-02-13 05:00:00,Asia/Bangkok,86.7592899122807,27.20689655172414,25.87931034482759,25.03325964912282
17497,2023-02-13 06:00:00,Asia/Bangkok,88.44430018181811,30.16239316239316,28.25641025641026,24.66159390909093
17498,2023-02-13 07:00:00,Asia/Bangkok,89.35331643478263,26.49137931034483,25.20689655172414,24.41471156521738
17499,2023-02-13 08:00:00,Asia/Bangkok,89.16867267241378,29.33620689655172,27.00862068965517,24.66257112068967
17500,2023-02-13 09:00:00,Asia/Bangkok,89.84322234782609,26.16379310344828,24.38793103448276,25.97968739130435
17501,2023-02-13 10:00:00,Asia/Bangkok,80.07265913043477,15.47863247863248,14.55555555555556,28.56704852173915
17502,2023-02-13 11:00:00,Asia/Bangkok,72.73265522123891,11.43478260869565,10.66086956521739,30.06177375
17503,2023-02-13 12:00:00,Asia/Bangkok,70.48022568965514,9.96551724137931,9.5,30.68796234782611
17504,2023-02-13 13:00:00,Asia/Bangkok,69.34563827272727,11.13675213675214,10.60683760683761,31.23254627272728
17505,2023-02-13 14:00:00,Asia/Bangkok,68.69737509259261,10.38461538461539,9.948717948717949,31.55345712962962
17506,2023-02-13 15:00:00,Asia/Bangkok,68.13774702702703,8.862068965517242,8.456896551724139,31.66487648648648
17507,2023-02-13 16:00:00,Asia/Bangkok,68.46394723214287,8.879310344827585,8.39655172413793,31.12959491071426
17508,2023-02-13 17:00:00,Asia/Bangkok,68.7091660747664,9.00900900900901,8.513513513513514,31.22371186915889
17509,2023-02-13 18:00:00,Asia/Bangkok,70.48514508620691,13.04310344827586,12.18965517241379,30.4884226724138
17510,2023-02-13 19:00:00,Asia/Bangkok,75.27979821428573,30.93693693693694,27.84684684684685,29.61201535714286
17511,2023-02-13 20:00:00,Asia/Bangkok,79.63055834782608,38.01739130434783,33.08695652173913,28.50147486956523
17512,2023-02-13 21:00:00,Asia/Bangkok,82.78378991304345,49.7304347826087,40.57391304347826,27.65758798245615
17513,2023-02-13 22:00:00,Asia/Bangkok,84.9153316521739,59.01724137931034,47.21551724137931,27.00256130434784
17514,2023-02-13 23:00:00,Asia/Bangkok,86.11624234782612,46.3448275862069,39.25862068965517,26.58713000000001
17515,2023-02-14 00:00:00,Asia/Bangkok,85.73493460176992,31.54310344827586,29.3448275862069,26.44620893805311
17516,2023-02-14 01:00:00,Asia/Bangkok,86.82679201754387,46.16521739130435,39.46956521739131,25.85235210526318
17517,2023-02-14 02:00:00,Asia/Bangkok,87.03958145454544,34.20689655172414,31.13793103448276,25.59900581818182
17518,2023-02-14 03:00:00,Asia/Bangkok,86.92946181034479,32.35344827586207,29.87931034482759,25.4173097413793
17519,2023-02-14 04:00:00,Asia/Bangkok,87.7444221929825,33.70940170940171,30.92307692307692,25.02199456140355
17520,2023-02-14 05:00:00,Asia/Bangkok,88.11567947826087,41.23008849557522,35.56637168141593,24.74355175438598
17521,2023-02-14 06:00:00,Asia/Bangkok,88.29458830357143,31.25862068965517,28.96551724137931,24.48441312500002
17522,2023-02-14 07:00:00,Asia/Bangkok,88.2811272413793,29.55555555555556,27.94871794871795,24.26552491379311
17523,2023-02-14 08:00:00,Asia/Bangkok,88.8114092920354,28.67826086956522,26.82608695652174,24.35775185840708
17524,2023-02-14 09:00:00,Asia/Bangkok,88.28320739130433,28.62931034482759,26.83620689655172,25.92783469565217
17525,2023-02-14 10:00:00,Asia/Bangkok,80.38546103448276,12.25862068965517,11.77586206896552,28.34258095652175
17526,2023-02-14 11:00:00,Asia/Bangkok,73.54690657894737,11.04310344827586,10.48275862068965,30.25105060869566
17527,2023-02-14 12:00:00,Asia/Bangkok,68.20801526315788,13.52586206896552,12.66379310344828,31.32525159292035
17528,2023-02-14 13:00:00,Asia/Bangkok,62.51723490566039,13.8695652173913,13.26086956521739,32.90142801886793
17529,2023-02-14 14:00:00,Asia/Bangkok,59.44936139130434,14.57264957264957,13.97435897435897,33.42165965217391
17530,2023-02-14 15:00:00,Asia/Bangkok,58.98880392857142,15.48275862068965,14.74137931034483,33.31845918918918
17531,2023-02-14 16:00:00,Asia/Bangkok,59.31658669642859,36.83185840707964,33.00884955752213,33.19292875
17532,2023-02-14 17:00:00,Asia/Bangkok,63.52634706896555,18.39316239316239,17.54700854700855,32.08721413793103
17533,2023-02-14 18:00:00,Asia/Bangkok,67.34329631578946,29.91304347826087,26.56521739130435,31.19034053097344
17534,2023-02-14 19:00:00,Asia/Bangkok,72.19257178571429,45.68965517241379,39.57758620689656,29.78379794642859
17535,2023-02-14 20:00:00,Asia/Bangkok,75.90212396551728,65.5603448275862,56.13793103448276,29.11592008620694
17536,2023-02-14 21:00:00,Asia/Bangkok,80.1081092920354,63.93965517241379,53.88793103448276,28.03787491228072
17537,2023-02-14 22:00:00,Asia/Bangkok,83.24650572649573,42.97435897435897,36.83760683760683,27.35981086206895
17538,2023-02-14 23:00:00,Asia/Bangkok,82.80389315315318,37.76724137931034,33.43965517241379,27.27642
17539,2023-02-15 00:00:00,Asia/Bangkok,84.56112651785715,58.33620689655172,48.62931034482759,26.52564258928573
17540,2023-02-15 01:00:00,Asia/Bangkok,85.53197333333335,49.41025641025641,40.8034188034188,26.08220324324324
17541,2023-02-15 02:00:00,Asia/Bangkok,85.21736208695658,48.21551724137931,40.31896551724138,25.89083798245614
17542,2023-02-15 03:00:00,Asia/Bangkok,85.3571755652174,43.31623931623932,36.50427350427351,25.65370043478264
17543,2023-02-15 04:00:00,Asia/Bangkok,85.79329532710278,31.95495495495495,29.53153153153153,25.19657084905661
17544,2023-02-15 05:00:00,Asia/Bangkok,86.01185491228067,27.47413793103448,26.28448275862069,24.82110719298244
17545,2023-02-15 06:00:00,Asia/Bangkok,86.25684939130436,49.50862068965517,40.57758620689656,24.54067982608695
17546,2023-02-15 07:00:00,Asia/Bangkok,87.44522429824559,41.5948275862069,35.68965517241379,23.96180289473685
17547,2023-02-15 08:00:00,Asia/Bangkok,89.46991232142855,49.73913043478261,41.13913043478261,24.0296061061947
17548,2023-02-15 09:00:00,Asia/Bangkok,89.54044972972972,33.97413793103448,29.6551724137931,25.91417500000001
17549,2023-02-15 10:00:00,Asia/Bangkok,79.58134920353984,18.51724137931035,17.02586206896552,28.412728125
17550,2023-02-15 11:00:00,Asia/Bangkok,76.71471884955751,14.01769911504425,12.82300884955752,28.92136619469026
17551,2023-02-15 12:00:00,Asia/Bangkok,66.50054438596493,26.32478632478632,22.88888888888889,31.0111197368421
17552,2023-02-15 13:00:00,Asia/Bangkok,61.1832699122807,20.26724137931035,18.17241379310345,31.97892710526317
17553,2023-02-15 14:00:00,Asia/Bangkok,58.16366612612615,4.584070796460177,4.238938053097345,32.58582585585587
17554,2023-02-15 15:00:00,Asia/Bangkok,59.59105808695653,6.247863247863248,5.692307692307693,32.20245843478261
17555,2023-02-15 16:00:00,Asia/Bangkok,61.9897764655172,7.577586206896552,7.043103448275862,31.41106749999998
17556,2023-02-15 17:00:00,Asia/Bangkok,61.22520442477872,7.811965811965812,7.299145299145299,31.01547017699117
17557,2023-02-15 18:00:00,Asia/Bangkok,65.34366991304351,15.33620689655172,14.41379310344828,29.9023967826087
17558,2023-02-15 19:00:00,Asia/Bangkok,71.73404353448277,10.9051724137931,9.939655172413794,28.2690344827586
17559,2023-02-15 20:00:00,Asia/Bangkok,74.5544063716814,25.56034482758621,22.62068965517241,27.77525371681417
17560,2023-02-15 21:00:00,Asia/Bangkok,78.04286709401708,40.50427350427351,33.98290598290598,27.14224282051282
17561,2023-02-15 22:00:00,Asia/Bangkok,79.9850997297297,42.6,35.75652173913043,26.80201765765763
17562,2023-02-15 23:00:00,Asia/Bangkok,81.60317138888888,53.68695652173913,43.40869565217391,26.15466962962962
17563,2023-02-16 00:00:00,Asia/Bangkok,82.79908474137933,43.25,35.94827586206897,25.72850136752137
17564,2023-02-16 01:00:00,Asia/Bangkok,84.09079763157895,36.17948717948718,31.7948717948718,25.27962884955751
17565,2023-02-16 02:00:00,Asia/Bangkok,84.8417286842106,33.72413793103448,30.52586206896552,24.95633543859646
17566,2023-02-16 03:00:00,Asia/Bangkok,85.9689518584071,28.14655172413793,26.36206896551724,24.54928088495577
17567,2023-02-16 04:00:00,Asia/Bangkok,86.10066347826088,27.31304347826087,25.65217391304348,24.5717247826087
17568,2023-02-16 05:00:00,Asia/Bangkok,86.63903482142851,24.31304347826087,23.0695652173913,24.50114477876106
17569,2023-02-16 06:00:00,Asia/Bangkok,87.25036250000004,24.37068965517241,22.91379310344828,24.35654482758625
17570,2023-02-16 07:00:00,Asia/Bangkok,87.58802017391308,25.77586206896552,24.32758620689655,24.20120147826088
17571,2023-02-16 08:00:00,Asia/Bangkok,89.52086034782603,33.63793103448276,30.0,24.38791365217392
17572,2023-02-16 09:00:00,Asia/Bangkok,87.64730008771932,19.37068965517241,17.5,26.08675421052631
17573,2023-02-16 10:00:00,Asia/Bangkok,75.8869725,9.517241379310345,7.948275862068965,28.41632910714286
17574,2023-02-16 11:00:00,Asia/Bangkok,69.35013903508771,9.827586206896552,8.155172413793103,29.71268605263158
17575,2023-02-16 12:00:00,Asia/Bangkok,66.26068072072073,10.03448275862069,8.241379310344827,30.51100513513514
17576,2023-02-16 13:00:00,Asia/Bangkok,61.43656763636363,7.353448275862069,5.78448275862069,31.33567036363636
17577,2023-02-16 14:00:00,Asia/Bangkok,62.74741499999998,10.47787610619469,8.4070796460177,31.20829509090909
17578,2023-02-16 15:00:00,Asia/Bangkok,62.04626112068967,9.379310344827585,7.663793103448276,31.05358844827586
17579,2023-02-16 16:00:00,Asia/Bangkok,59.8880603508772,11.70434782608696,9.895652173913044,31.15271728070176
17580,2023-02-16 17:00:00,Asia/Bangkok,62.1743292035398,10.56034482758621,8.758620689655173,30.23107893805311
17581,2023-02-16 18:00:00,Asia/Bangkok,66.55955375,12.68695652173913,10.47826086956522,29.48064535714285
17582,2023-02-16 19:00:00,Asia/Bangkok,70.24439044642858,57.75862068965517,50.12068965517241,28.44269803571428
17583,2023-02-16 20:00:00,Asia/Bangkok,74.6428579464286,62.81896551724138,54.76724137931034,27.99702342342343
17584,2023-02-16 21:00:00,Asia/Bangkok,77.7841286486486,81.23076923076923,73.01709401709402,27.58697306306304
17585,2023-02-16 22:00:00,Asia/Bangkok,80.15782271929822,39.02586206896552,33.08620689655172,27.09840894736841
17586,2023-02-16 23:00:00,Asia/Bangkok,81.27601299999999,34.63793103448276,29.97413793103448,26.86153754545456
17587,2023-02-17 00:00:00,Asia/Bangkok,82.37774456140352,34.10344827586207,30.12931034482759,26.67296385964912
17588,2023-02-17 01:00:00,Asia/Bangkok,83.52285948275863,34.69230769230769,30.54700854700855,26.43272474137933
17589,2023-02-17 02:00:00,Asia/Bangkok,84.362224,30.91379310344828,27.86206896551724,26.50167765217391
17590,2023-02-17 03:00:00,Asia/Bangkok,85.08252169642857,33.96551724137931,29.62068965517241,26.37536392857142
17591,2023-02-17 04:00:00,Asia/Bangkok,85.910296,30.75,27.45689655172414,26.05876275862071
17592,2023-02-17 05:00:00,Asia/Bangkok,86.53377867256643,27.08547008547009,24.64102564102564,25.73658348214288
17593,2023-02-17 06:00:00,Asia/Bangkok,89.08704201754385,21.31034482758621,18.89655172413793,25.37738438596492
17594,2023-02-17 07:00:00,Asia/Bangkok,90.91318565217398,11.81196581196581,10.07758620689655,25.07560313043481
17595,2023-02-17 08:00:00,Asia/Bangkok,91.63072592920348,13.02608695652174,11.4051724137931,25.36907433628319
17596,2023-02-17 09:00:00,Asia/Bangkok,88.90212743362831,15.52991452991453,13.00854700854701,26.53028796460177
17597,2023-02-17 10:00:00,Asia/Bangkok,80.42954105263158,18.88793103448276,16.21551724137931,28.35716535087719
17598,2023-02-17 11:00:00,Asia/Bangkok,72.86052178571428,15.87931034482759,13.39655172413793,29.92279767857143
17599,2023-02-17 12:00:00,Asia/Bangkok,71.00345972972973,13.58620689655172,11.02586206896552,30.04352972972974
17600,2023-02-17 13:00:00,Asia/Bangkok,69.51414789473684,13.76724137931035,11.5,30.34767584070797
17601,2023-02-17 14:00:00,Asia/Bangkok,67.0330705263158,14.81034482758621,12.47413793103448,30.85823280701753
17602,2023-02-17 15:00:00,Asia/Bangkok,68.3933971551724,13.97413793103448,11.67241379310345,30.55005660869566
17603,2023-02-17 16:00:00,Asia/Bangkok,65.66942267241383,14.03418803418803,11.81196581196581,31.07785391304347
17604,2023-02-17 17:00:00,Asia/Bangkok,68.10015687500002,56.72413793103448,47.37068965517241,30.1775274107143
17605,2023-02-17 18:00:00,Asia/Bangkok,71.01229275862067,73.69827586206897,63.5,29.35735370689656
17606,2023-02-17 19:00:00,Asia/Bangkok,74.86823327586207,50.45299145299145,42.49572649572649,28.30052612068964
17607,2023-02-17 20:00:00,Asia/Bangkok,78.59336330357144,62.08620689655172,51.29310344827586,28.06889803571427
17608,2023-02-17 21:00:00,Asia/Bangkok,81.8073,68.54310344827586,56.56896551724138,27.45290252252252
17609,2023-02-17 22:00:00,Asia/Bangkok,84.17726126126124,68.02586206896552,56.76724137931034,26.88472414414415
17610,2023-02-17 23:00:00,Asia/Bangkok,85.13227705357143,50.91304347826087,41.0,26.75597396396396
17611,2023-02-18 00:00:00,Asia/Bangkok,86.03888882882879,39.71794871794872,33.52136752136752,26.27841468468466
17612,2023-02-18 01:00:00,Asia/Bangkok,87.62338140350882,35.97391304347826,31.43478260869565,25.8903218421053
17613,2023-02-18 02:00:00,Asia/Bangkok,87.61013318584068,36.03448275862069,31.56034482758621,25.74225946902656
17614,2023-02-18 03:00:00,Asia/Bangkok,88.2421352631579,38.47413793103448,32.93103448275862,25.52875043859649
17615,2023-02-18 04:00:00,Asia/Bangkok,88.27056347826081,36.5,31.95689655172414,25.34215217391307
17616,2023-02-18 05:00:00,Asia/Bangkok,88.54189276785714,33.69827586206897,30.36206896551724,24.92041249999999
17617,2023-02-18 06:00:00,Asia/Bangkok,89.65696798245618,33.95652173913044,30.08695652173913,24.48516543859651
17618,2023-02-18 07:00:00,Asia/Bangkok,91.311308125,39.12931034482759,33.66379310344828,24.16657366071428
17619,2023-02-18 08:00:00,Asia/Bangkok,91.85806146551728,63.88888888888889,53.52136752136752,24.62228551724139
17620,2023-02-18 09:00:00,Asia/Bangkok,86.34117173913046,30.99137931034483,27.41379310344828,25.93921373913043
17621,2023-02-18 10:00:00,Asia/Bangkok,80.42414631578946,18.4051724137931,16.29310344827586,27.82572831858407
17622,2023-02-18 11:00:00,Asia/Bangkok,76.67914535714287,10.26724137931035,8.818965517241379,29.23206669642858
17623,2023-02-18 12:00:00,Asia/Bangkok,69.11389315789475,15.36206896551724,13.26724137931035,30.93534350877193
17624,2023-02-18 13:00:00,Asia/Bangkok,64.07690228070174,6.422413793103448,5.620689655172414,32.13870122807018
17625,2023-02-18 14:00:00,Asia/Bangkok,62.32311903508772,5.155172413793103,4.387931034482759,32.61505114035089
17626,2023-02-18 15:00:00,Asia/Bangkok,65.17375815789472,4.922413793103448,4.206896551724138,31.83437824561403
17627,2023-02-18 16:00:00,Asia/Bangkok,65.85039008849559,4.675213675213675,4.102564102564102,31.53038166666666
17628,2023-02-18 17:00:00,Asia/Bangkok,69.64542739130434,7.172413793103448,6.439655172413793,30.51309086956522
17629,2023-02-18 18:00:00,Asia/Bangkok,72.86676098214282,19.57758620689655,17.69827586206896,29.48745216216214
17630,2023-02-18 19:00:00,Asia/Bangkok,76.54012633928575,19.4017094017094,18.00854700854701,28.38580892857142
17631,2023-02-18 20:00:00,Asia/Bangkok,78.79282071428574,17.36206896551724,15.00862068965517,27.27647830357144
17632,2023-02-18 21:00:00,Asia/Bangkok,78.85320128205126,24.11111111111111,21.44444444444444,27.55507324786326
17633,2023-02-18 22:00:00,Asia/Bangkok,80.36997818965519,19.56034482758621,17.62068965517241,27.33409948275864
17634,2023-02-18 23:00:00,Asia/Bangkok,83.28925464912278,26.25862068965517,24.37931034482759,26.75994035398231
17635,2023-02-19 00:00:00,Asia/Bangkok,83.81194421052633,23.63793103448276,22.3448275862069,26.61812771929825
17636,2023-02-19 01:00:00,Asia/Bangkok,84.08547782608697,19.26724137931035,18.25862068965517,26.40242931034481
17637,2023-02-19 02:00:00,Asia/Bangkok,86.04397728070174,17.35897435897436,16.56896551724138,25.62618150442479
17638,2023-02-19 03:00:00,Asia/Bangkok,85.19128035087721,5.586206896551724,5.162393162393163,25.56674385964916
17639,2023-02-19 04:00:00,Asia/Bangkok,85.06654412280702,19.92241379310345,17.68103448275862,25.75939283185841
17640,2023-02-19 05:00:00,Asia/Bangkok,85.0348470689655,4.752136752136752,4.358974358974359,25.65637379310348
17641,2023-02-19 06:00:00,Asia/Bangkok,87.87763580357144,6.543103448275862,5.974137931034483,24.95453160714287
17642,2023-02-19 07:00:00,Asia/Bangkok,88.54024791304354,7.8,7.025862068965517,24.88478189655174
17643,2023-02-19 08:00:00,Asia/Bangkok,88.56886249999998,48.4051724137931,38.38793103448276,25.27271896551726
17644,2023-02-19 09:00:00,Asia/Bangkok,87.99189353982297,29.72173913043478,24.7304347826087,25.75107469026549
17645,2023-02-19 10:00:00,Asia/Bangkok,83.68619513513511,10.5304347826087,9.834782608695653,27.04862486486485
17646,2023-02-19 11:00:00,Asia/Bangkok,75.66619249999995,22.00877192982456,19.59130434782609,29.62203159292037
17647,2023-02-19 12:00:00,Asia/Bangkok,73.50354469565217,17.69827586206896,16.1551724137931,30.37780815789473
17648,2023-02-19 13:00:00,Asia/Bangkok,85.75224060869563,30.12280701754386,27.51754385964912,26.82451034782608
17649,2023-02-19 14:00:00,Asia/Bangkok,86.85544663716816,26.23275862068965,25.05172413793104,26.60865026548672
17650,2023-02-19 15:00:00,Asia/Bangkok,84.0406430088495,23.9051724137931,22.87931034482759,27.39093734513272
17651,2023-02-19 16:00:00,Asia/Bangkok,79.40264318584072,27.85470085470086,26.62931034482759,28.46521274336283
17652,2023-02-19 17:00:00,Asia/Bangkok,77.28799017543857,31.16379310344828,29.29565217391304,29.07991008771929
17653,2023-02-19 18:00:00,Asia/Bangkok,77.15543869565217,33.23076923076923,30.63247863247863,28.84959252173914
17654,2023-02-19 19:00:00,Asia/Bangkok,80.54045256637167,42.53043478260869,38.49565217391304,28.12369256637167
17655,2023-02-19 20:00:00,Asia/Bangkok,84.09331965217397,52.05172413793103,44.01724137931034,27.38228173913046
17656,2023-02-19 21:00:00,Asia/Bangkok,85.97287747747747,56.65811965811966,49.33333333333334,26.85311531531532
17657,2023-02-19 22:00:00,Asia/Bangkok,86.29972763157896,48.99137931034483,40.77586206896552,26.64344964912282
17658,2023-02-19 23:00:00,Asia/Bangkok,87.37298652173914,53.8448275862069,44.29310344827586,26.24734275862069
17659,2023-02-20 00:00:00,Asia/Bangkok,87.80537146551725,55.0,45.0940170940171,25.90805252173913
17660,2023-02-20 01:00:00,Asia/Bangkok,88.37708339130431,54.49137931034483,44.71551724137931,25.58626782608699
17661,2023-02-20 02:00:00,Asia/Bangkok,88.66600203539828,52.9051724137931,43.61206896551724,25.32620752212388
17662,2023-02-20 03:00:00,Asia/Bangkok,89.04433869565217,49.9051724137931,41.46551724137931,25.13667798245614
17663,2023-02-20 04:00:00,Asia/Bangkok,88.95254891891886,45.22608695652174,37.96521739130435,24.91382567567569
17664,2023-02-20 05:00:00,Asia/Bangkok,88.9567499122807,41.23076923076923,35.16239316239317,24.8663161403509
17665,2023-02-20 06:00:00,Asia/Bangkok,89.67809382608695,38.85344827586207,33.64655172413793,24.58946478260872
17666,2023-02-20 07:00:00,Asia/Bangkok,90.21854956140349,42.0,35.83620689655172,24.3231220175439
17667,2023-02-20 08:00:00,Asia/Bangkok,91.41510336206893,34.92307692307692,31.03418803418803,24.5418550862069
17668,2023-02-20 09:00:00,Asia/Bangkok,91.45625734513271,25.21551724137931,22.43965517241379,25.91561956140351
17669,2023-02-20 10:00:00,Asia/Bangkok,82.41417771929824,12.29565217391304,10.98275862068965,28.11053552631579
17670,2023-02-20 11:00:00,Asia/Bangkok,73.9049367826087,9.264957264957266,8.35897435897436,30.06421947826087
17671,2023-02-20 12:00:00,Asia/Bangkok,70.88860598214283,11.0,10.0,30.91542008928571
17672,2023-02-20 13:00:00,Asia/Bangkok,67.32874628318588,12.24137931034483,11.21739130434783,31.68208371681415
17673,2023-02-20 14:00:00,Asia/Bangkok,67.3055391891892,14.26086956521739,13.11304347826087,31.80127918918916
17674,2023-02-20 15:00:00,Asia/Bangkok,64.17011719298245,17.25641025641026,16.05128205128205,32.72190557522125
17675,2023-02-20 16:00:00,Asia/Bangkok,68.98323860869567,18.18103448275862,16.91379310344828,31.29419782608694
17676,2023-02-20 17:00:00,Asia/Bangkok,70.58107778761061,25.3448275862069,23.35652173913044,30.78711736842105
17677,2023-02-20 18:00:00,Asia/Bangkok,73.13641087719297,55.82051282051282,46.99145299145299,29.86550451327435
17678,2023-02-20 19:00:00,Asia/Bangkok,77.89553787610622,36.50862068965517,31.62931034482759,28.49255460176989
17679,2023-02-20 20:00:00,Asia/Bangkok,80.16598486725665,33.07758620689656,29.45689655172414,28.09540548672569
17680,2023-02-20 21:00:00,Asia/Bangkok,81.91832313043484,43.00862068965517,35.93913043478261,28.02132478260867
17681,2023-02-20 22:00:00,Asia/Bangkok,83.21880318584071,49.51304347826087,40.57758620689656,27.85556169642856
17682,2023-02-20 23:00:00,Asia/Bangkok,84.43357139130438,40.57758620689656,34.76724137931034,27.5861107826087
17683,2023-02-21 00:00:00,Asia/Bangkok,89.25700675438593,18.86086956521739,17.48695652173913,26.38946184210526
17684,2023-02-21 01:00:00,Asia/Bangkok,88.3546975892857,18.48695652173913,17.48695652173913,26.25710553571428
17685,2023-02-21 02:00:00,Asia/Bangkok,89.81594106194689,17.85344827586207,16.99137931034483,25.74645412280702
17686,2023-02-21 03:00:00,Asia/Bangkok,89.69721543103451,14.05982905982906,13.4017094017094,25.52949339130435
17687,2023-02-21 04:00:00,Asia/Bangkok,91.15477972477063,13.62608695652174,12.88695652173913,24.8851266972477
17688,2023-02-21 05:00:00,Asia/Bangkok,91.82326999999997,4.349397590361446,3.975903614457831,24.06107128205129
17689,2023-02-21 06:00:00,Asia/Bangkok,91.94451522522523,4.034782608695652,3.643478260869565,24.19271873873875
17690,2023-02-21 07:00:00,Asia/Bangkok,90.34344812500004,5.353448275862069,4.896551724137931,24.60028339285711
17691,2023-02-21 08:00:00,Asia/Bangkok,91.09321371681413,8.234782608695653,7.782608695652174,24.75697194690265
17692,2023-02-21 09:00:00,Asia/Bangkok,91.44109169642859,9.418803418803419,8.743589743589743,25.51041544642857
17693,2023-02-21 10:00:00,Asia/Bangkok,91.42301052631582,12.85344827586207,11.93103448275862,25.71667991228072
17694,2023-02-21 11:00:00,Asia/Bangkok,93.098624,16.26724137931035,15.23275862068965,24.9293627826087
17695,2023-02-21 12:00:00,Asia/Bangkok,93.1036071551724,20.49137931034483,19.38793103448276,25.31546793103448
17696,2023-02-21 13:00:00,Asia/Bangkok,92.31456104347829,16.52631578947368,15.76315789473684,26.40187713043477
17697,2023-02-21 14:00:00,Asia/Bangkok,86.36113789473681,14.97413793103448,14.10344827586207,27.98807605263158
17698,2023-02-21 15:00:00,Asia/Bangkok,85.66482982142853,15.87826086956522,14.81739130434783,27.88946468468467
17699,2023-02-21 16:00:00,Asia/Bangkok,90.75688247706424,18.98260869565217,17.86086956521739,26.58323196261682
17700,2023-02-21 17:00:00,Asia/Bangkok,89.57355281818181,14.79310344827586,13.25862068965517,27.12844709090908
17701,2023-02-21 18:00:00,Asia/Bangkok,86.0420913513513,11.4070796460177,9.823008849557523,27.12264495495496
17702,2023-02-21 19:00:00,Asia/Bangkok,88.02216139130434,29.62068965517241,25.57758620689655,26.64545999999999
17703,2023-02-21 20:00:00,Asia/Bangkok,89.81800564102562,17.56410256410257,15.69230769230769,26.14810299145299
17704,2023-02-21 21:00:00,Asia/Bangkok,91.44851990740742,28.17241379310345,26.21551724137931,25.53124861111114
17705,2023-02-21 22:00:00,Asia/Bangkok,91.13794909090912,35.60344827586207,32.01724137931034,25.36131845454547
17706,2023-02-21 23:00:00,Asia/Bangkok,91.645259122807,36.08547008547009,32.52991452991453,24.9589597368421
17707,2023-02-22 00:00:00,Asia/Bangkok,92.49243823008851,37.37068965517241,33.25,24.57982096491229
17708,2023-02-22 01:00:00,Asia/Bangkok,92.84121701754383,37.58620689655172,33.51724137931034,24.67700464912277
17709,2023-02-22 02:00:00,Asia/Bangkok,93.61330566371682,43.23931623931624,36.9059829059829,24.75456168141594
17710,2023-02-22 03:00:00,Asia/Bangkok,93.48172654867251,39.18965517241379,34.46551724137931,24.84941725663718
17711,2023-02-22 04:00:00,Asia/Bangkok,93.59553728070169,35.5948275862069,32.24137931034483,24.84469377192986
17712,2023-02-22 05:00:00,Asia/Bangkok,93.47269495652169,33.98230088495576,31.24778761061947,24.81063417391303
17713,2023-02-22 06:00:00,Asia/Bangkok,93.69964990990991,34.18260869565217,31.46956521739131,24.59300135135134
17714,2023-02-22 07:00:00,Asia/Bangkok,93.50657412844035,31.98230088495575,30.17699115044248,24.32987220183488
17715,2023-02-22 08:00:00,Asia/Bangkok,93.96408224137929,36.24137931034483,32.69827586206897,24.61208818965519
17716,2023-02-22 09:00:00,Asia/Bangkok,93.6805507079646,34.70689655172414,30.94827586206896,25.6992961061947
17717,2023-02-22 10:00:00,Asia/Bangkok,86.09656589285711,23.37391304347826,21.60869565217391,27.54375187499999
17718,2023-02-22 11:00:00,Asia/Bangkok,77.61497473684211,20.9051724137931,19.22413793103448,29.10483438596492
17719,2023-02-22 12:00:00,Asia/Bangkok,72.47560426086956,20.93965517241379,19.3448275862069,30.26177773913044
17720,2023-02-22 13:00:00,Asia/Bangkok,69.89101824561403,20.56034482758621,19.10344827586207,30.80932359649123
17721,2023-02-22 14:00:00,Asia/Bangkok,68.68984000000002,19.93162393162393,18.4017094017094,30.88795912280703
17722,2023-02-22 15:00:00,Asia/Bangkok,67.37879930434782,19.22413793103448,17.61206896551724,31.36362452173913
17723,2023-02-22 16:00:00,Asia/Bangkok,66.59473345132741,19.25,17.72413793103448,31.35841125
17724,2023-02-22 17:00:00,Asia/Bangkok,69.17322044642857,18.22413793103448,16.71551724137931,30.52123776785714
17725,2023-02-22 18:00:00,Asia/Bangkok,71.33403108108108,21.21621621621622,18.65765765765766,29.62214711711712
17726,2023-02-22 19:00:00,Asia/Bangkok,76.32106376146788,35.68103448275862,31.66379310344828,28.29878816513761
17727,2023-02-22 20:00:00,Asia/Bangkok,81.09518704347825,108.4396551724138,95.56896551724138,27.63143634782609
17728,2023-02-22 21:00:00,Asia/Bangkok,84.19991814159289,81.8119658119658,72.67521367521367,27.16280035398231
17729,2023-02-22 22:00:00,Asia/Bangkok,85.58303939655175,77.5,64.30172413793103,26.70208275862068
17730,2023-02-22 23:00:00,Asia/Bangkok,87.06283185840715,42.51724137931034,34.58620689655172,26.40166336283188
17731,2023-02-23 00:00:00,Asia/Bangkok,87.65237295652175,35.24786324786325,31.2051282051282,26.02675286956523
17732,2023-02-23 01:00:00,Asia/Bangkok,88.03908071428567,32.74137931034483,29.83620689655172,25.74855428571428
17733,2023-02-23 02:00:00,Asia/Bangkok,88.16298182608692,32.25862068965517,29.55172413793104,25.54430808695649
17734,2023-02-23 03:00:00,Asia/Bangkok,88.8300057894737,32.27350427350427,29.55555555555556,25.18682929824562
17735,2023-02-23 04:00:00,Asia/Bangkok,89.22838833333337,33.42241379310344,30.51724137931035,24.90258973451325
17736,2023-02-23 05:00:00,Asia/Bangkok,89.83785619469026,31.4070796460177,28.88495575221239,24.4547810619469
17737,2023-02-23 06:00:00,Asia/Bangkok,90.36034594827585,28.07758620689655,26.13793103448276,24.38971603448276
17738,2023-02-23 07:00:00,Asia/Bangkok,90.26923956521742,26.02586206896552,24.18103448275862,24.21011808695653
17739,2023-02-23 08:00:00,Asia/Bangkok,91.71710120689659,27.41880341880342,25.11206896551724,24.40796870689655
17740,2023-02-23 09:00:00,Asia/Bangkok,90.42974350877194,33.5,29.74358974358974,25.91454175438598
17741,2023-02-23 10:00:00,Asia/Bangkok,82.67301921052629,21.58771929824561,19.5,27.70597504347827
17742,2023-02-23 11:00:00,Asia/Bangkok,75.45833792792793,25.87068965517241,23.8448275862069,29.33010809090911
17743,2023-02-23 12:00:00,Asia/Bangkok,69.6743924347826,29.2695652173913,27.2,30.98385747826086
17744,2023-02-23 13:00:00,Asia/Bangkok,64.71907156521738,37.71551724137931,33.12068965517241,31.96338104347826
17745,2023-02-23 14:00:00,Asia/Bangkok,63.6239640707965,34.97391304347826,31.59130434782609,31.80402043859649
17746,2023-02-23 15:00:00,Asia/Bangkok,63.69591965517241,32.85344827586207,30.25,32.02728269565218
17747,2023-02-23 16:00:00,Asia/Bangkok,64.40890182608696,33.49572649572649,30.58974358974359,31.55995243478261
17748,2023-02-23 17:00:00,Asia/Bangkok,67.92832070175442,30.76724137931035,28.55172413793104,30.77599184210527
17749,2023-02-23 18:00:00,Asia/Bangkok,71.0737239130435,30.74782608695652,28.52991452991453,29.6604204347826
17750,2023-02-23 19:00:00,Asia/Bangkok,75.64848142857146,45.06034482758621,41.18965517241379,28.68469414414415
17751,2023-02-23 20:00:00,Asia/Bangkok,80.07970539130433,100.8103448275862,92.32758620689656,27.95819008695651
17752,2023-02-23 21:00:00,Asia/Bangkok,83.37742893805311,74.6896551724138,66.15517241379311,27.20675495575222
17753,2023-02-23 22:00:00,Asia/Bangkok,85.48787415929203,58.76724137931034,47.80172413793103,26.57360000000001
17754,2023-02-23 23:00:00,Asia/Bangkok,86.64694818965518,54.64102564102564,44.7008547008547,26.12049408695652
17755,2023-02-24 00:00:00,Asia/Bangkok,88.31355478260876,52.12389380530973,43.01769911504424,25.74309860869565
17756,2023-02-24 01:00:00,Asia/Bangkok,87.58782620689655,49.62393162393163,41.12931034482759,25.89605698275862
17757,2023-02-24 02:00:00,Asia/Bangkok,87.47049309734514,53.94782608695652,44.4051724137931,25.48025876106195
17758,2023-02-24 03:00:00,Asia/Bangkok,88.0767352173913,56.05982905982906,45.7948717948718,25.0062911304348
17759,2023-02-24 04:00:00,Asia/Bangkok,88.41992840707964,57.03478260869565,46.59130434782609,24.65179141592923
17760,2023-02-24 05:00:00,Asia/Bangkok,88.53223654867253,50.46551724137931,41.89655172413793,24.4116311504425
17761,2023-02-24 06:00:00,Asia/Bangkok,88.95051387387386,48.28205128205128,40.12820512820513,24.34483378378379
17762,2023-02-24 07:00:00,Asia/Bangkok,88.93332026086958,49.04424778761062,40.8495575221239,24.0794326956522
17763,2023-02-24 08:00:00,Asia/Bangkok,90.51763560344824,50.88034188034188,41.97435897435897,24.38340689655173
17764,2023-02-24 09:00:00,Asia/Bangkok,90.12795765217395,41.04310344827586,34.68103448275862,26.05728834782608
17765,2023-02-24 10:00:00,Asia/Bangkok,78.38012327586206,17.70689655172414,15.85344827586207,28.73166982758621
17766,2023-02-24 11:00:00,Asia/Bangkok,72.00699226086955,20.05172413793104,18.46551724137931,30.19348791304348
17767,2023-02-24 12:00:00,Asia/Bangkok,66.39742526315791,26.56896551724138,25.00862068965517,31.89745807017543
17768,2023-02-24 13:00:00,Asia/Bangkok,62.87896901785715,33.60683760683761,30.91452991452991,32.4779225
17769,2023-02-24 14:00:00,Asia/Bangkok,59.40411556521739,35.61206896551724,32.32758620689656,33.3098332173913
17770,2023-02-24 15:00:00,Asia/Bangkok,60.62104199999998,35.20689655172414,31.87068965517241,32.95191495652176
17771,2023-02-24 16:00:00,Asia/Bangkok,61.3297704385965,34.66666666666666,31.52136752136752,32.48159814159293
17772,2023-02-24 17:00:00,Asia/Bangkok,65.14267745614033,25.88888888888889,24.56410256410257,31.59566456140349
17773,2023-02-24 18:00:00,Asia/Bangkok,70.28805580357144,26.75,24.12068965517241,30.15058696428571
17774,2023-02-24 19:00:00,Asia/Bangkok,74.48379817391303,31.2991452991453,28.43589743589743,29.19157808695651
17775,2023-02-24 20:00:00,Asia/Bangkok,77.47347981818183,76.94782608695652,66.87826086956522,28.74501700000001
17776,2023-02-24 21:00:00,Asia/Bangkok,80.5964820869565,95.88793103448276,85.9396551724138,28.03734669565216
17777,2023-02-24 22:00:00,Asia/Bangkok,83.43936973913043,55.03448275862069,44.93103448275862,27.53414278260871
17778,2023-02-24 23:00:00,Asia/Bangkok,88.4635244736842,24.79130434782609,22.46086956521739,26.16108295652172
17779,2023-02-25 00:00:00,Asia/Bangkok,89.16954850877197,20.93913043478261,19.80869565217391,25.88877176991152
17780,2023-02-25 01:00:00,Asia/Bangkok,89.25586592920355,21.61206896551724,20.72413793103448,25.542952920354
17781,2023-02-25 02:00:00,Asia/Bangkok,90.06822368421058,29.75,27.72413793103448,24.90651298245614
17782,2023-02-25 03:00:00,Asia/Bangkok,89.73012724137931,28.05128205128205,26.90598290598291,25.22518215517245
17783,2023-02-25 04:00:00,Asia/Bangkok,90.43536681034483,31.52586206896552,29.42241379310345,25.01399534482758
17784,2023-02-25 05:00:00,Asia/Bangkok,90.74362786324785,31.88034188034188,29.82051282051282,25.06860632478635
17785,2023-02-25 06:00:00,Asia/Bangkok,91.0827639285714,29.5,28.18103448275862,24.79276071428572
17786,2023-02-25 07:00:00,Asia/Bangkok,91.25957669724767,28.43103448275862,27.27586206896552,24.49560238532111
17787,2023-02-25 08:00:00,Asia/Bangkok,92.20632808695653,33.10344827586207,30.76724137931035,24.78413862068965
17788,2023-02-25 09:00:00,Asia/Bangkok,91.68168896551722,31.12820512820513,28.61538461538462,26.09223582608696
17789,2023-02-25 10:00:00,Asia/Bangkok,84.89857342105262,21.04310344827586,19.37068965517241,27.96139377192981
17790,2023-02-25 11:00:00,Asia/Bangkok,79.93668771929826,24.15384615384615,22.5982905982906,29.07326043859651
17791,2023-02-25 12:00:00,Asia/Bangkok,74.7089539316239,30.42735042735043,28.35042735042735,30.11144136752137
17792,2023-02-25 13:00:00,Asia/Bangkok,69.28333438596492,34.5,31.32758620689655,31.22744061403507
17793,2023-02-25 14:00:00,Asia/Bangkok,66.6620356140351,33.91228070175438,30.95614035087719,31.51002570175436
17794,2023-02-25 15:00:00,Asia/Bangkok,66.72181095652174,33.97413793103448,30.88793103448276,31.43702330434781
17795,2023-02-25 16:00:00,Asia/Bangkok,66.8542070434783,36.25641025641026,32.86324786324786,31.26644652173912
17796,2023-02-25 17:00:00,Asia/Bangkok,76.87300464285714,24.5948275862069,23.1551724137931,28.71764562500001
17797,2023-02-25 18:00:00,Asia/Bangkok,86.01945719298247,19.39316239316239,18.22222222222222,26.51084176991152
17798,2023-02-25 19:00:00,Asia/Bangkok,86.70590009009011,25.1551724137931,23.54310344827586,26.7190928828829
17799,2023-02-25 20:00:00,Asia/Bangkok,87.70056654867257,42.25,35.75,26.68657991071432
17800,2023-02-25 21:00:00,Asia/Bangkok,86.6822913392857,55.66379310344828,46.85344827586207,26.56996312499999
17801,2023-02-25 22:00:00,Asia/Bangkok,87.39458858407085,50.47863247863248,42.01709401709402,26.20197672566373
17802,2023-02-25 23:00:00,Asia/Bangkok,88.18160566371677,37.05172413793103,32.37068965517241,26.02505035398231
17803,2023-02-26 00:00:00,Asia/Bangkok,88.57851649122807,31.18965517241379,28.68103448275862,25.68058491228073
17804,2023-02-26 01:00:00,Asia/Bangkok,89.07014868421048,31.41379310344828,28.83620689655172,25.31805149122807
17805,2023-02-26 02:00:00,Asia/Bangkok,89.54621808695649,29.73275862068965,27.51724137931035,24.95142165217391
17806,2023-02-26 03:00:00,Asia/Bangkok,89.99417194690264,35.31623931623932,31.27350427350427,24.67348424778759
17807,2023-02-26 04:00:00,Asia/Bangkok,89.79003972972977,24.28448275862069,22.50862068965517,24.70611630630628
17808,2023-02-26 05:00:00,Asia/Bangkok,89.7130641071429,25.47413793103448,23.68103448275862,24.57746625000001
17809,2023-02-26 06:00:00,Asia/Bangkok,90.40694025862074,25.01724137931035,23.57758620689655,24.24858137931035
17810,2023-02-26 07:00:00,Asia/Bangkok,90.62404123809524,29.47169811320755,27.43396226415094,24.18313380952381
17811,2023-02-26 08:00:00,Asia/Bangkok,91.70797086956523,52.41379310344828,46.9051724137931,24.56373800000001
17812,2023-02-26 09:00:00,Asia/Bangkok,87.40507052173916,28.37931034482759,25.4051724137931,25.98934530434784
17813,2023-02-26 10:00:00,Asia/Bangkok,77.19551531531529,19.38260869565217,17.2,28.04225018018018
17814,2023-02-26 11:00:00,Asia/Bangkok,72.26573286956521,24.73275862068965,22.44827586206896,28.98666217391305
17815,2023-02-26 12:00:00,Asia/Bangkok,68.37954669642855,29.64655172413793,27.54310344827586,30.17578821428572
17816,2023-02-26 13:00:00,Asia/Bangkok,67.66144716814158,32.12931034482759,29.55172413793104,30.32990442477876
17817,2023-02-26 14:00:00,Asia/Bangkok,67.8056500900901,32.56521739130435,29.85217391304348,30.63852954954955
17818,2023-02-26 15:00:00,Asia/Bangkok,84.1212761739131,53.5,44.12068965517241,26.31672782608695
17819,2023-02-26 16:00:00,Asia/Bangkok,87.39478800000003,47.80869565217391,40.19130434782609,25.68892217391306
17820,2023-02-26 17:00:00,Asia/Bangkok,84.67756405405402,51.55172413793103,42.87068965517241,26.60602423423423
17821,2023-02-26 18:00:00,Asia/Bangkok,86.29847954545454,57.67826086956521,47.08620689655172,26.42899009090908
17822,2023-02-26 19:00:00,Asia/Bangkok,88.45789026086955,67.67521367521367,56.54700854700855,25.9469460869565
17823,2023-02-26 20:00:00,Asia/Bangkok,89.61227711711713,66.63392857142857,54.24107142857143,25.77961900900899
17824,2023-02-26 21:00:00,Asia/Bangkok,89.20553752212395,66.44827586206897,54.03448275862069,25.48843637168141
17825,2023-02-26 22:00:00,Asia/Bangkok,89.54125149122808,67.64102564102564,56.2051282051282,24.96324570175438
17826,2023-02-26 23:00:00,Asia/Bangkok,89.88830280701755,65.17241379310344,53.38793103448276,24.71715315789472
17827,2023-02-27 00:00:00,Asia/Bangkok,89.8871827826087,62.06034482758621,50.24137931034483,24.29844704347827
17828,2023-02-27 01:00:00,Asia/Bangkok,90.16217573913042,59.45689655172414,48.49137931034483,24.02651347826088
17829,2023-02-27 02:00:00,Asia/Bangkok,90.70317087719299,56.98275862068966,46.71551724137931,23.84840315789475
17830,2023-02-27 03:00:00,Asia/Bangkok,91.57617974137928,59.84615384615385,48.58974358974359,23.68348017241379
17831,2023-02-27 04:00:00,Asia/Bangkok,91.96016903508773,62.06896551724138,50.14655172413793,23.67612350877195
17832,2023-02-27 05:00:00,Asia/Bangkok,91.977329009009,59.08695652173913,48.26086956521739,23.47163414414415
17833,2023-02-27 06:00:00,Asia/Bangkok,92.16501324324321,58.25,47.64655172413793,23.53360405405406
17834,2023-02-27 07:00:00,Asia/Bangkok,91.93347139130431,60.50862068965517,49.0948275862069,23.37690547826087
17835,2023-02-27 08:00:00,Asia/Bangkok,92.95151061403512,60.1551724137931,48.89655172413793,23.62775491228071
17836,2023-02-27 09:00:00,Asia/Bangkok,92.14036176991151,66.9396551724138,55.25,25.02852309734512
17837,2023-02-27 10:00:00,Asia/Bangkok,82.57516401785715,58.92241379310344,48.13793103448276,28.00750616071429
17838,2023-02-27 11:00:00,Asia/Bangkok,74.510660877193,60.17948717948718,49.00854700854701,29.89012078947369
17839,2023-02-27 12:00:00,Asia/Bangkok,67.6483346551724,61.08620689655172,49.80172413793103,31.15160844827585
17840,2023-02-27 13:00:00,Asia/Bangkok,65.24859869565212,59.79310344827586,48.89655172413793,31.76148208695651
17841,2023-02-27 14:00:00,Asia/Bangkok,63.10462660869565,64.29565217391304,54.19130434782609,31.70800370689654
17842,2023-02-27 15:00:00,Asia/Bangkok,69.54595215517237,68.61538461538461,58.25641025641026,29.98002517241379
17843,2023-02-27 16:00:00,Asia/Bangkok,73.59666504347825,65.66379310344827,55.55172413793103,29.59846765217392
17844,2023-02-27 17:00:00,Asia/Bangkok,68.96093557522123,57.54310344827586,46.95689655172414,29.92971392857142
17845,2023-02-27 18:00:00,Asia/Bangkok,70.74976348214287,58.0948275862069,47.46551724137931,29.15262392857144
17846,2023-02-27 19:00:00,Asia/Bangkok,75.33835622807015,62.30172413793103,50.54310344827586,28.19057263157894
17847,2023-02-27 20:00:00,Asia/Bangkok,78.34770166666668,66.96581196581197,55.2991452991453,27.72495421052631
17848,2023-02-27 21:00:00,Asia/Bangkok,80.23486535714288,59.09565217391305,47.95652173913044,27.65213919642861
17849,2023-02-27 22:00:00,Asia/Bangkok,79.98159214285717,57.88034188034188,47.2051282051282,27.40997321428569
17850,2023-02-27 23:00:00,Asia/Bangkok,81.22163419642858,54.51754385964912,44.7719298245614,27.04682991071429
17851,2023-02-28 00:00:00,Asia/Bangkok,84.08128539130433,54.47826086956522,44.80869565217391,26.60833640350877
17852,2023-02-28 01:00:00,Asia/Bangkok,85.42056614035091,52.64347826086956,43.72173913043478,26.24207877192982
17853,2023-02-28 02:00:00,Asia/Bangkok,86.2996618421053,48.08695652173913,40.33913043478261,25.71921140350878
17854,2023-02-28 03:00:00,Asia/Bangkok,87.0865548245614,47.19827586206897,39.48275862068966,25.40045692982455
17855,2023-02-28 04:00:00,Asia/Bangkok,87.95257300884958,49.35344827586207,41.25862068965517,25.04548955752216
17856,2023-02-28 05:00:00,Asia/Bangkok,88.85097782608693,52.98275862068966,43.9051724137931,24.82679634782607
17857,2023-02-28 06:00:00,Asia/Bangkok,90.58439905982905,55.44444444444444,45.52991452991453,24.68884658119657
17858,2023-02-28 07:00:00,Asia/Bangkok,89.45261627272731,54.44827586206897,44.88793103448276,24.92061672727271
17859,2023-02-28 08:00:00,Asia/Bangkok,88.20569592920351,53.26724137931034,43.91379310344828,25.04527584070795
17860,2023-02-28 09:00:00,Asia/Bangkok,83.90602956140351,53.16379310344828,43.91379310344828,26.72067684210526
17861,2023-02-28 10:00:00,Asia/Bangkok,75.95713552631582,48.18421052631579,40.67543859649123,29.03603736842106
17862,2023-02-28 11:00:00,Asia/Bangkok,70.12574241379308,51.61739130434783,43.53448275862069,30.82631189655169
17863,2023-02-28 12:00:00,Asia/Bangkok,68.9169480869565,47.53043478260869,40.13793103448276,30.5480823478261
17864,2023-02-28 13:00:00,Asia/Bangkok,65.8159568695652,46.93913043478261,39.56034482758621,31.38265132743363
17865,2023-02-28 14:00:00,Asia/Bangkok,64.13462400000002,54.54867256637168,45.42477876106194,31.81342347826085
17866,2023-02-28 15:00:00,Asia/Bangkok,67.33586842105267,63.57894736842105,52.66666666666666,30.68796368421054
17867,2023-02-28 16:00:00,Asia/Bangkok,70.14576417391307,56.38793103448276,46.37931034482759,30.49553565217393
17868,2023-02-28 17:00:00,Asia/Bangkok,70.72517205357143,62.68103448275862,51.06896551724138,29.86050288288288
17869,2023-02-28 18:00:00,Asia/Bangkok,80.41524504347821,61.98275862068966,50.5948275862069,27.36003192982456
17870,2023-02-28 19:00:00,Asia/Bangkok,89.0168649122807,63.43965517241379,52.18965517241379,26.0547559649123
17871,2023-02-28 20:00:00,Asia/Bangkok,90.89817564102565,62.52136752136752,50.64957264957265,25.71485290598289
17872,2023-02-28 21:00:00,Asia/Bangkok,92.47783728070178,61.16379310344828,49.75,25.29160946902656
17873,2023-02-28 22:00:00,Asia/Bangkok,92.9508147368421,57.69230769230769,47.35897435897436,25.25850710526316
17874,2023-02-28 23:00:00,Asia/Bangkok,92.02756716814163,62.39130434782609,50.72173913043478,25.30885374999999
17875,2023-03-01 00:00:00,Asia/Bangkok,91.04799530434786,62.22413793103448,50.58620689655172,25.37895504347826
17876,2023-03-01 01:00:00,Asia/Bangkok,91.4627087068965,62.87179487179487,50.99145299145299,25.10045922413793
17877,2023-03-01 02:00:00,Asia/Bangkok,92.42786156521736,58.82758620689656,48.17241379310344,24.94561756521743
17878,2023-03-01 03:00:00,Asia/Bangkok,92.49846663793095,59.80172413793103,48.79310344827586,24.97474681034485
17879,2023-03-01 04:00:00,Asia/Bangkok,93.090476173913,59.5948275862069,48.54310344827586,24.84785991304346
17880,2023-03-01 05:00:00,Asia/Bangkok,94.85962527272726,63.01724137931034,50.95689655172414,24.2862002727273
17881,2023-03-01 06:00:00,Asia/Bangkok,94.68196053097347,62.80172413793103,51.02586206896552,24.42661309734514
17882,2023-03-01 07:00:00,Asia/Bangkok,94.02103800000006,60.88888888888889,49.64957264957265,24.59181
17883,2023-03-01 08:00:00,Asia/Bangkok,93.7169794642857,63.29310344827586,51.49137931034483,24.963638125
17884,2023-03-01 09:00:00,Asia/Bangkok,93.08130570175436,63.25217391304348,52.29565217391304,25.78723307017544
17885,2023-03-01 10:00:00,Asia/Bangkok,86.30584327586207,55.87068965517241,46.14655172413793,27.50575939655172
17886,2023-03-01 11:00:00,Asia/Bangkok,74.86426738738737,53.75652173913043,44.66086956521739,29.69521472727273
17887,2023-03-01 12:00:00,Asia/Bangkok,64.37274887931034,50.85344827586207,42.78448275862069,31.80028991379312
17888,2023-03-01 13:00:00,Asia/Bangkok,62.29661448275861,50.53448275862069,42.5,32.74231956896553
17889,2023-03-01 14:00:00,Asia/Bangkok,64.69235513513514,50.86725663716814,42.84070796460177,32.86852027027026
17890,2023-03-01 15:00:00,Asia/Bangkok,66.5719813043478,52.30769230769231,43.76068376068376,32.29206278260872
17891,2023-03-01 16:00:00,Asia/Bangkok,71.69806228070178,57.02586206896552,46.92241379310344,30.61436587719299
17892,2023-03-01 17:00:00,Asia/Bangkok,75.52001859649121,58.84615384615385,48.35042735042735,29.7454103508772
17893,2023-03-01 18:00:00,Asia/Bangkok,77.31542026785714,60.04347826086956,49.10434782608696,29.64794669642859
17894,2023-03-01 19:00:00,Asia/Bangkok,81.3210101724138,65.05263157894737,53.42105263157895,29.06106405172415
17895,2023-03-01 20:00:00,Asia/Bangkok,83.58422424778757,80.49557522123894,73.80530973451327,28.70603973451326
17896,2023-03-01 21:00:00,Asia/Bangkok,85.29988339130433,88.10344827586206,81.00862068965517,28.20534695652174
17897,2023-03-01 22:00:00,Asia/Bangkok,87.29783539823006,74.4695652173913,66.7304347826087,27.43921646017698
17898,2023-03-01 23:00:00,Asia/Bangkok,88.65869913043477,70.29310344827586,59.55172413793103,27.07032298245614
17899,2023-03-02 00:00:00,Asia/Bangkok,89.48332321739129,67.57758620689656,55.61206896551724,26.99362147826088
17900,2023-03-02 01:00:00,Asia/Bangkok,89.17986736842104,65.35344827586206,53.06896551724138,26.70527973451327
17901,2023-03-02 02:00:00,Asia/Bangkok,90.02641858407075,64.73504273504274,52.4051724137931,26.26252106194692
17902,2023-03-02 03:00:00,Asia/Bangkok,91.03962747747745,62.10344827586207,50.58119658119658,26.01888666666665
17903,2023-03-02 04:00:00,Asia/Bangkok,91.29449396396394,61.17391304347826,49.60869565217391,25.87101072072073
17904,2023-03-02 05:00:00,Asia/Bangkok,91.69338491379308,57.43965517241379,46.93103448275862,25.72693181034481
17905,2023-03-02 06:00:00,Asia/Bangkok,91.36235052631581,55.05982905982906,45.23076923076923,25.67271557522123
17906,2023-03-02 07:00:00,Asia/Bangkok,91.46047578947369,55.82758620689656,45.56034482758621,25.52917368421053
17907,2023-03-02 08:00:00,Asia/Bangkok,93.05798991228076,53.02586206896552,43.88793103448276,25.81147345132744
17908,2023-03-02 09:00:00,Asia/Bangkok,90.14083833333328,41.81196581196581,35.97435897435897,26.79275219298244
17909,2023-03-02 10:00:00,Asia/Bangkok,82.93721634782605,24.07758620689655,21.58620689655172,28.23381504347827
17910,2023-03-02 11:00:00,Asia/Bangkok,73.74674631578948,9.53448275862069,8.094827586206897,30.07081185840708
17911,2023-03-02 12:00:00,Asia/Bangkok,70.15466535087718,6.336206896551724,5.163793103448276,30.70079592920354
17912,2023-03-02 13:00:00,Asia/Bangkok,65.37141867256635,4.836206896551724,3.982758620689655,32.23619289473685
17913,2023-03-02 14:00:00,Asia/Bangkok,64.74327389380532,4.521739130434782,3.608695652173913,32.26806151785716
17914,2023-03-02 15:00:00,Asia/Bangkok,66.53222392857141,5.439655172413793,4.155172413793103,31.51791339285712
17915,2023-03-02 16:00:00,Asia/Bangkok,69.1058145045045,5.726495726495727,4.461538461538462,30.83541315315314
17916,2023-03-02 17:00:00,Asia/Bangkok,74.27825517543859,7.077586206896552,5.663793103448276,29.58937407079646
17917,2023-03-02 18:00:00,Asia/Bangkok,76.8709599107143,9.887931034482758,8.14655172413793,28.98672919642857
17918,2023-03-02 19:00:00,Asia/Bangkok,77.56717009090909,10.87719298245614,9.350877192982455,28.75608618181818
17919,2023-03-02 20:00:00,Asia/Bangkok,80.35473131578944,28.1551724137931,25.06896551724138,28.44982893805308
17920,2023-03-02 21:00:00,Asia/Bangkok,83.50507780701756,48.16521739130435,39.27826086956522,27.82570192982459
17921,2023-03-02 22:00:00,Asia/Bangkok,85.13987626086963,42.03448275862069,35.31034482758621,27.52815260869565
17922,2023-03-02 23:00:00,Asia/Bangkok,86.6692079824562,37.67826086956521,32.36521739130435,27.27974243478261
17923,2023-03-03 00:00:00,Asia/Bangkok,87.5531622807018,25.94827586206896,23.56896551724138,26.85188778761064
17924,2023-03-03 01:00:00,Asia/Bangkok,87.87288681415929,27.53846153846154,24.94871794871795,26.7709522123894
17925,2023-03-03 02:00:00,Asia/Bangkok,88.16961548672568,26.07758620689655,23.95689655172414,26.56476787610621
17926,2023-03-03 03:00:00,Asia/Bangkok,88.90366703703704,27.25,25.05172413793104,26.24953953703706
17927,2023-03-03 04:00:00,Asia/Bangkok,88.94463442477874,24.4051724137931,22.43103448275862,26.28433392857144
17928,2023-03-03 05:00:00,Asia/Bangkok,90.00710286956519,23.65811965811966,21.81196581196581,26.04303069565219
17929,2023-03-03 06:00:00,Asia/Bangkok,91.18654982456141,21.11206896551724,19.5948275862069,25.3582694736842
17930,2023-03-03 07:00:00,Asia/Bangkok,91.34167347826089,19.64655172413793,18.54310344827586,25.06596765217392
17931,2023-03-03 08:00:00,Asia/Bangkok,91.22069526785717,18.36206896551724,17.61206896551724,25.16830196428571
17932,2023-03-03 09:00:00,Asia/Bangkok,91.42118938053099,15.82758620689655,14.92241379310345,25.90049758928572
17933,2023-03-03 10:00:00,Asia/Bangkok,89.32139840707967,14.83620689655172,13.26724137931035,26.91675460176991
17934,2023-03-03 11:00:00,Asia/Bangkok,88.31823678260866,15.01724137931035,13.17241379310345,27.40178826086956
17935,2023-03-03 12:00:00,Asia/Bangkok,89.00834801724135,1.53448275862069,1.172413793103448,25.74322870689655
17936,2023-03-03 13:00:00,Asia/Bangkok,90.15900530434789,3.921739130434783,3.434782608695652,26.18866773913045
17937,2023-03-03 14:00:00,Asia/Bangkok,90.64522745614036,7.25,6.422413793103448,26.66471675438595
17938,2023-03-03 15:00:00,Asia/Bangkok,89.07256517857141,9.439655172413794,8.517241379310345,27.15183392857143
17939,2023-03-03 16:00:00,Asia/Bangkok,88.52557408695648,0.9482758620689655,0.6724137931034483,25.82949035087721
17940,2023-03-03 17:00:00,Asia/Bangkok,84.3913841964286,2.767241379310345,2.362068965517242,26.55945080357143
17941,2023-03-03 18:00:00,Asia/Bangkok,83.39546373913045,9.594827586206897,9.077586206896552,26.30978504347825
17942,2023-03-03 19:00:00,Asia/Bangkok,85.98798877192984,14.93965517241379,14.17241379310345,25.54868403508773
17943,2023-03-03 20:00:00,Asia/Bangkok,89.7628028947369,34.04347826086956,31.39130434782609,24.85038842105264
17944,2023-03-03 21:00:00,Asia/Bangkok,91.52685163793106,28.04310344827586,26.07758620689655,24.45009732758623
17945,2023-03-03 22:00:00,Asia/Bangkok,91.4397960869565,33.67241379310344,30.88793103448276,24.31955591304349
17946,2023-03-03 23:00:00,Asia/Bangkok,91.84939605263155,32.88793103448276,30.42241379310345,24.19121833333334
17947,2023-03-04 00:00:00,Asia/Bangkok,91.75490417391305,32.29310344827586,30.08620689655172,24.08172939130435
17948,2023-03-04 01:00:00,Asia/Bangkok,92.11320380530977,35.18103448275862,31.96551724137931,23.88018442477878
17949,2023-03-04 02:00:00,Asia/Bangkok,92.28355034782611,31.52991452991453,29.50862068965517,23.80032182608695
17950,2023-03-04 03:00:00,Asia/Bangkok,92.62935531531528,34.45689655172414,31.26495726495726,23.7472763963964
17951,2023-03-04 04:00:00,Asia/Bangkok,92.50154175438597,31.72413793103448,29.74137931034483,23.63850456140351
17952,2023-03-04 05:00:00,Asia/Bangkok,92.70343945454545,31.50434782608696,29.40869565217391,23.64665118181816
17953,2023-03-04 06:00:00,Asia/Bangkok,93.10750113043471,32.56896551724138,30.0948275862069,23.69155947368422
17954,2023-03-04 07:00:00,Asia/Bangkok,93.17560491228073,41.53448275862069,35.8448275862069,23.52595415929204
17955,2023-03-04 08:00:00,Asia/Bangkok,94.10025956140352,38.27826086956522,33.59130434782609,23.89487982456141
17956,2023-03-04 09:00:00,Asia/Bangkok,95.10755189655166,33.30172413793103,30.45689655172414,24.7818149137931
17957,2023-03-04 10:00:00,Asia/Bangkok,92.19969705357141,24.76724137931035,22.87931034482759,26.44512544642857
17958,2023-03-04 11:00:00,Asia/Bangkok,83.828774375,15.75862068965517,14.18103448275862,27.94134339285716
17959,2023-03-04 12:00:00,Asia/Bangkok,75.96994371681416,10.46551724137931,9.181034482758621,29.20132557522125
17960,2023-03-04 13:00:00,Asia/Bangkok,69.50088350877189,10.17699115044248,8.964601769911505,30.34311486725665
17961,2023-03-04 14:00:00,Asia/Bangkok,68.81226088495572,14.52991452991453,12.8974358974359,30.52351601769912
17962,2023-03-04 15:00:00,Asia/Bangkok,71.07667603603602,16.71171171171171,14.87387387387387,30.06842810810813
17963,2023-03-04 16:00:00,Asia/Bangkok,71.24597904347827,25.45689655172414,22.71551724137931,29.73646799999998
17964,2023-03-04 17:00:00,Asia/Bangkok,73.98639243243247,23.46491228070175,21.21052631578947,28.91012482142857
17965,2023-03-04 18:00:00,Asia/Bangkok,77.64563817391304,29.13793103448276,25.79310344827586,28.18363269565214
17966,2023-03-04 19:00:00,Asia/Bangkok,80.68012782608697,28.38793103448276,25.43103448275862,27.75213660869565
17967,2023-03-04 20:00:00,Asia/Bangkok,84.71594663793107,118.0172413793103,101.3706896551724,26.98633413793106
17968,2023-03-04 21:00:00,Asia/Bangkok,87.10894387387384,68.98260869565217,56.01739130434783,26.47243612612615
17969,2023-03-04 22:00:00,Asia/Bangkok,88.97772203539824,58.27586206896552,46.57758620689656,25.95040044247786
17970,2023-03-04 23:00:00,Asia/Bangkok,90.12294267857142,65.5391304347826,52.76521739130435,25.67152071428572
17971,2023-03-05 00:00:00,Asia/Bangkok,90.54326592920354,60.06194690265487,48.19469026548673,25.73710929203542
17972,2023-03-05 01:00:00,Asia/Bangkok,90.6041555652174,57.78260869565217,46.55652173913043,25.49053689655172
17973,2023-03-05 02:00:00,Asia/Bangkok,90.61808884955751,55.31623931623932,44.91452991452991,25.19560133928573
17974,2023-03-05 03:00:00,Asia/Bangkok,90.4210656140351,49.75,40.95689655172414,24.97469947368423
17975,2023-03-05 04:00:00,Asia/Bangkok,90.487524,41.98290598290598,35.63247863247863,24.70389429824564
17976,2023-03-05 05:00:00,Asia/Bangkok,91.12566157894736,41.18103448275862,35.04310344827586,24.54784657894735
17977,2023-03-05 06:00:00,Asia/Bangkok,91.49625426086955,51.37068965517241,45.55172413793103,24.52953295652175
17978,2023-03-05 07:00:00,Asia/Bangkok,91.20278247787611,72.90350877192982,65.65789473684211,24.25687176991153
17979,2023-03-05 08:00:00,Asia/Bangkok,92.14083407079646,43.26495726495727,36.52991452991453,24.45775884955752
17980,2023-03-05 09:00:00,Asia/Bangkok,89.8312914545455,38.60526315789474,33.00884955752213,25.75580163636364
17981,2023-03-05 10:00:00,Asia/Bangkok,77.46625834782603,20.18965517241379,17.57264957264957,28.07551596491228
17982,2023-03-05 11:00:00,Asia/Bangkok,70.73623451327433,15.24137931034483,13.08620689655172,29.30627203539823
17983,2023-03-05 12:00:00,Asia/Bangkok,65.282836875,15.88888888888889,14.07692307692308,30.64249982142857
17984,2023-03-05 13:00:00,Asia/Bangkok,63.09481256637168,18.64655172413793,16.60344827586207,31.41904424778761
17985,2023-03-05 14:00:00,Asia/Bangkok,62.27360732142855,20.71794871794872,18.70940170940171,31.57508857142858
17986,2023-03-05 15:00:00,Asia/Bangkok,64.43581148148147,35.31896551724138,31.19827586206896,30.78291842592593
17987,2023-03-05 16:00:00,Asia/Bangkok,65.53535701754387,29.97413793103448,26.19827586206896,30.48152807017545
17988,2023-03-05 17:00:00,Asia/Bangkok,66.2938558035714,24.07758620689655,21.09565217391305,30.24893598214284
17989,2023-03-05 18:00:00,Asia/Bangkok,68.9336573275862,38.98275862068966,33.58974358974359,29.44625879310345
17990,2023-03-05 19:00:00,Asia/Bangkok,72.37279805309736,36.51724137931034,31.50862068965517,28.38091938053098
17991,2023-03-05 20:00:00,Asia/Bangkok,76.18699573913041,42.1025641025641,35.92307692307692,27.95542782608696
17992,2023-03-05 21:00:00,Asia/Bangkok,79.06736772727275,40.83478260869565,34.36521739130435,27.60481090909089
17993,2023-03-05 22:00:00,Asia/Bangkok,82.5601904464286,57.92241379310344,48.62068965517241,26.89164267857143
17994,2023-03-05 23:00:00,Asia/Bangkok,85.00441434782607,55.78448275862069,47.6551724137931,26.51691165217393
17995,2023-03-06 00:00:00,Asia/Bangkok,86.08762767857142,45.83760683760683,38.11965811965812,26.31973794642857
17996,2023-03-06 01:00:00,Asia/Bangkok,87.64567371681414,39.53448275862069,33.69827586206897,25.84751265486724
17997,2023-03-06 02:00:00,Asia/Bangkok,88.68852728070176,37.98214285714285,32.625,25.69948938596491
17998,2023-03-06 03:00:00,Asia/Bangkok,88.64977631578948,38.89655172413793,33.37931034482759,25.62675807017548
17999,2023-03-06 04:00:00,Asia/Bangkok,88.28740601769913,40.18103448275862,34.26724137931034,25.44632274336283
18000,2023-03-06 05:00:00,Asia/Bangkok,88.71114081081083,42.28448275862069,35.53448275862069,25.06733990909094
18001,2023-03-06 06:00:00,Asia/Bangkok,89.13558904347819,41.25862068965517,35.04310344827586,24.67684286956524
18002,2023-03-06 07:00:00,Asia/Bangkok,89.19831201754383,55.37068965517241,48.79310344827586,24.25183982456139
18003,2023-03-06 08:00:00,Asia/Bangkok,90.52061450450451,55.73275862068966,45.48275862068966,24.37766828828829
18004,2023-03-06 09:00:00,Asia/Bangkok,86.03686446428571,40.68376068376068,34.82051282051282,25.80786955357144
18005,2023-03-06 10:00:00,Asia/Bangkok,72.00150705357144,25.70434782608696,23.8,28.22118
18006,2023-03-06 11:00:00,Asia/Bangkok,65.99283621621622,17.53097345132743,15.91150442477876,29.59659783783784
18007,2023-03-06 12:00:00,Asia/Bangkok,61.69989547826083,15.70689655172414,14.12068965517241,30.75812568965516
18008,2023-03-06 13:00:00,Asia/Bangkok,58.78939612612614,13.62393162393162,12.23931623931624,31.55437045454547
18009,2023-03-06 14:00:00,Asia/Bangkok,60.25339342105264,15.19827586206897,13.71551724137931,31.28368061403508
18010,2023-03-06 15:00:00,Asia/Bangkok,58.67707017699112,16.43965517241379,15.16379310344828,31.13447769911504
18011,2023-03-06 16:00:00,Asia/Bangkok,59.24323389380532,17.48275862068965,15.88793103448276,30.90350460176994
18012,2023-03-06 17:00:00,Asia/Bangkok,61.6567847826087,17.68376068376068,16.22222222222222,30.05938982608696
18013,2023-03-06 18:00:00,Asia/Bangkok,65.49902225225223,17.37931034482759,15.83620689655172,29.2843381981982
18014,2023-03-06 19:00:00,Asia/Bangkok,71.28278126126128,43.62931034482759,37.29310344827586,28.17593558558555
18015,2023-03-06 20:00:00,Asia/Bangkok,75.43783821428573,61.41880341880342,51.42735042735043,27.67168883928571
18016,2023-03-06 21:00:00,Asia/Bangkok,80.1384483035714,80.29310344827586,70.88793103448276,26.59819339285718
18017,2023-03-06 22:00:00,Asia/Bangkok,82.62253582608702,57.52136752136752,46.02564102564103,26.11589460869565
18018,2023-03-06 23:00:00,Asia/Bangkok,84.23808339285715,60.25,48.11206896551724,25.56482455357142
18019,2023-03-07 00:00:00,Asia/Bangkok,86.948270990991,54.93913043478261,44.50862068965517,24.52131423423424
18020,2023-03-07 01:00:00,Asia/Bangkok,86.9284252631579,53.98275862068966,43.91379310344828,24.56040166666668
18021,2023-03-07 02:00:00,Asia/Bangkok,86.7684324561403,50.23076923076923,41.1965811965812,24.36249745614037
18022,2023-03-07 03:00:00,Asia/Bangkok,87.49484669565219,47.95689655172414,39.55172413793103,23.96630173913044
18023,2023-03-07 04:00:00,Asia/Bangkok,87.7030050862069,45.56034482758621,37.79310344827586,23.80879870689656
18024,2023-03-07 05:00:00,Asia/Bangkok,87.70321353982301,47.45217391304348,39.1551724137931,23.64030824561404
18025,2023-03-07 06:00:00,Asia/Bangkok,88.61761043103449,46.49572649572649,38.29059829059829,23.37544408695651
18026,2023-03-07 07:00:00,Asia/Bangkok,89.14764454545455,45.37068965517241,37.66379310344828,23.05850081818181
18027,2023-03-07 08:00:00,Asia/Bangkok,90.1815680357143,45.58620689655172,37.75,23.58176910714285
18028,2023-03-07 09:00:00,Asia/Bangkok,89.09422651785717,47.10344827586207,38.62931034482759,25.41921818181818
18029,2023-03-07 10:00:00,Asia/Bangkok,78.55580617391304,47.41880341880342,39.02564102564103,27.93752573913043
18030,2023-03-07 11:00:00,Asia/Bangkok,74.419443,50.42608695652174,41.42608695652174,28.71398845454544
18031,2023-03-07 12:00:00,Asia/Bangkok,69.09748495495496,46.48672566371681,38.73684210526316,30.25442192660552
18032,2023-03-07 13:00:00,Asia/Bangkok,66.34425422413794,47.39655172413793,39.43965517241379,30.8441300862069
18033,2023-03-07 14:00:00,Asia/Bangkok,64.22190053097343,48.07826086956522,40.02608695652174,31.22921947368419
18034,2023-03-07 15:00:00,Asia/Bangkok,62.62319681034483,45.69827586206897,38.13793103448276,31.58519399999998
18035,2023-03-07 16:00:00,Asia/Bangkok,62.97691223214284,43.1551724137931,37.26724137931034,31.48672821428571
18036,2023-03-07 17:00:00,Asia/Bangkok,64.22131637931035,43.18103448275862,36.8448275862069,30.87000327586209
18037,2023-03-07 18:00:00,Asia/Bangkok,67.94237482456141,42.9051724137931,36.22413793103448,29.72413730434783
18038,2023-03-07 19:00:00,Asia/Bangkok,71.56793390909091,59.54700854700855,49.31623931623932,28.77758412844037
18039,2023-03-07 20:00:00,Asia/Bangkok,75.46380114035088,55.41379310344828,44.9051724137931,28.27714903508771
18040,2023-03-07 21:00:00,Asia/Bangkok,78.43420734513273,51.99145299145299,42.52136752136752,27.80694185840708
18041,2023-03-07 22:00:00,Asia/Bangkok,81.40926607142858,58.55172413793103,46.87931034482759,27.25268553571427
18042,2023-03-07 23:00:00,Asia/Bangkok,83.29805036036035,61.70434782608696,49.59130434782609,26.97257954954953
18043,2023-03-08 00:00:00,Asia/Bangkok,84.86042504347823,57.18103448275862,46.18103448275862,26.31991605263159
18044,2023-03-08 01:00:00,Asia/Bangkok,85.91786173913047,57.26724137931034,46.32758620689656,25.81045930434779
18045,2023-03-08 02:00:00,Asia/Bangkok,86.27637236842108,58.39655172413793,47.06896551724138,25.56721254385966
18046,2023-03-08 03:00:00,Asia/Bangkok,87.1259740707965,58.81034482758621,47.35344827586207,25.04739758928573
18047,2023-03-08 04:00:00,Asia/Bangkok,87.38334086206896,56.97435897435897,46.35897435897436,24.83160293103448
18048,2023-03-08 05:00:00,Asia/Bangkok,87.43514883928573,54.50862068965517,44.56034482758621,24.5859317857143
18049,2023-03-08 06:00:00,Asia/Bangkok,87.82284274336284,52.16239316239317,42.91452991452991,24.28196566371681
18050,2023-03-08 07:00:00,Asia/Bangkok,88.62367794642856,45.39655172413793,37.96551724137931,23.84925267857147
18051,2023-03-08 08:00:00,Asia/Bangkok,90.52751330357144,43.68965517241379,36.49137931034483,24.06879936936936
18052,2023-03-08 09:00:00,Asia/Bangkok,86.91556130434779,32.58974358974359,27.99145299145299,26.07324008695653
18053,2023-03-08 10:00:00,Asia/Bangkok,77.71943175438598,26.10434782608696,23.4,28.26941798245614
18054,2023-03-08 11:00:00,Asia/Bangkok,73.32599252252257,22.46551724137931,20.25,29.11136783783784
18055,2023-03-08 12:00:00,Asia/Bangkok,68.00652929824564,21.74358974358974,19.66666666666667,30.52024929824562
18056,2023-03-08 13:00:00,Asia/Bangkok,67.79004079646018,23.35652173913044,21.47826086956522,30.62751566371681
18057,2023-03-08 14:00:00,Asia/Bangkok,65.54144780701749,24.75,22.9051724137931,31.1549437719298
18058,2023-03-08 15:00:00,Asia/Bangkok,65.00236818965521,22.66666666666667,20.76923076923077,31.48864474137929
18059,2023-03-08 16:00:00,Asia/Bangkok,66.50794454545455,31.17543859649123,27.21052631578947,31.17666372727274
18060,2023-03-08 17:00:00,Asia/Bangkok,69.01416747826086,25.27586206896552,23.31896551724138,30.55583843478261
18061,2023-03-08 18:00:00,Asia/Bangkok,71.45994965217395,33.82051282051282,30.0,29.75390591304348
18062,2023-03-08 19:00:00,Asia/Bangkok,75.683208125,64.88793103448276,55.27586206896552,28.54104651785713
18063,2023-03-08 20:00:00,Asia/Bangkok,78.53864794642861,72.59292035398231,63.1858407079646,28.18534214285713
18064,2023-03-08 21:00:00,Asia/Bangkok,81.02482095652171,75.65517241379311,64.57758620689656,27.76205060869566
18065,2023-03-08 22:00:00,Asia/Bangkok,82.98827964912284,62.61206896551724,51.12931034482759,27.28781570175439
18066,2023-03-08 23:00:00,Asia/Bangkok,84.69055853448275,66.04310344827586,55.36206896551724,26.93806137931035
18067,2023-03-09 00:00:00,Asia/Bangkok,85.18238591304352,49.49137931034483,40.92241379310344,26.82655382608695
18068,2023-03-09 01:00:00,Asia/Bangkok,85.28861451327433,51.65217391304348,42.46956521739131,26.4966378761062
18069,2023-03-09 02:00:00,Asia/Bangkok,86.1969293913044,54.43965517241379,44.5,26.21774034782607
18070,2023-03-09 03:00:00,Asia/Bangkok,86.8920426315789,54.94827586206897,44.87931034482759,25.85464763157891
18071,2023-03-09 04:00:00,Asia/Bangkok,87.49076481818184,60.62931034482759,48.71551724137931,25.52442018018017
18072,2023-03-09 05:00:00,Asia/Bangkok,88.2005011111111,55.28205128205128,45.1025641025641,25.35905599999998
18073,2023-03-09 06:00:00,Asia/Bangkok,88.03628701754383,47.1551724137931,39.17241379310344,25.22618105263162
18074,2023-03-09 07:00:00,Asia/Bangkok,88.97620729729735,37.49572649572649,32.8974358974359,25.0359172072072
18075,2023-03-09 08:00:00,Asia/Bangkok,90.2165692105263,46.93103448275862,39.0948275862069,25.31772359649123
18076,2023-03-09 09:00:00,Asia/Bangkok,88.96872663716812,39.35042735042735,34.2051282051282,26.30319274336283
18077,2023-03-09 10:00:00,Asia/Bangkok,81.56845539130438,28.10344827586207,25.78448275862069,28.00890408695653
18078,2023-03-09 11:00:00,Asia/Bangkok,73.10814491379311,22.81896551724138,20.96551724137931,29.43673991304347
18079,2023-03-09 12:00:00,Asia/Bangkok,68.15114373913043,20.33620689655172,18.67241379310345,30.6521352173913
18080,2023-03-09 13:00:00,Asia/Bangkok,66.01244690265487,18.85344827586207,17.41379310344828,31.14643442477874
18081,2023-03-09 14:00:00,Asia/Bangkok,61.56931914529915,19.02564102564103,17.55555555555556,32.22387641025641
18082,2023-03-09 15:00:00,Asia/Bangkok,60.92096410714288,19.26724137931035,18.04310344827586,32.19760758928569
18083,2023-03-09 16:00:00,Asia/Bangkok,64.55561218750002,19.25252525252525,17.82,31.47479583333333
18084,2023-03-09 17:00:00,Asia/Bangkok,65.19707362831856,21.23275862068965,19.55172413793104,31.05609283185841
18085,2023-03-09 18:00:00,Asia/Bangkok,69.01875531531533,22.95689655172414,21.18965517241379,29.85429567567567
18086,2023-03-09 19:00:00,Asia/Bangkok,75.2568209734513,56.93965517241379,51.83620689655172,28.58615769911502
18087,2023-03-09 20:00:00,Asia/Bangkok,78.6075597368421,68.12068965517241,58.56034482758621,28.26196780701755
18088,2023-03-09 21:00:00,Asia/Bangkok,81.15134622807014,57.83620689655172,46.62931034482759,27.7448657894737
18089,2023-03-09 22:00:00,Asia/Bangkok,84.09564060869562,61.23275862068966,50.00862068965517,26.80277530434784
18090,2023-03-09 23:00:00,Asia/Bangkok,85.95916624999997,54.02564102564103,43.73275862068966,26.32734357142857
18091,2023-03-10 00:00:00,Asia/Bangkok,86.44784798245614,47.35344827586207,39.33333333333334,26.06290666666665
18092,2023-03-10 01:00:00,Asia/Bangkok,86.71549379310342,45.07017543859649,37.56140350877193,25.76829870689654
18093,2023-03-10 02:00:00,Asia/Bangkok,86.8553528318584,43.95689655172414,36.94827586206897,25.39244610619469
18094,2023-03-10 03:00:00,Asia/Bangkok,87.33445196428575,43.28448275862069,36.41379310344828,25.02274375
18095,2023-03-10 04:00:00,Asia/Bangkok,87.93533027272727,42.56637168141593,35.85840707964602,24.69084563636363
18096,2023-03-10 05:00:00,Asia/Bangkok,88.06549017543853,42.11206896551724,35.63793103448276,24.47361745614037
18097,2023-03-10 06:00:00,Asia/Bangkok,88.87360149122806,40.5948275862069,34.58620689655172,24.09454850877193
18098,2023-03-10 07:00:00,Asia/Bangkok,89.7940792792793,39.54310344827586,34.39655172413793,23.7949082882883
18099,2023-03-10 08:00:00,Asia/Bangkok,91.16838036036032,45.41071428571428,37.75892857142857,24.25213909909911
18100,2023-03-10 09:00:00,Asia/Bangkok,88.77994716814158,52.04424778761062,43.16814159292036,25.94586398230089
18101,2023-03-10 10:00:00,Asia/Bangkok,76.66425921739129,42.18103448275862,36.57758620689656,28.4457684347826
18102,2023-03-10 11:00:00,Asia/Bangkok,68.79377463636364,30.87826086956522,28.23478260869565,30.062068
18103,2023-03-10 12:00:00,Asia/Bangkok,64.5557604347826,28.93103448275862,26.80172413793104,30.61012834782609
18104,2023-03-10 13:00:00,Asia/Bangkok,62.32132378378377,31.15652173913044,28.62608695652174,31.53068558558558
18105,2023-03-10 14:00:00,Asia/Bangkok,60.22000895652171,32.54700854700855,29.93162393162393,31.92490626086957
18106,2023-03-10 15:00:00,Asia/Bangkok,60.64451106194689,32.67241379310344,30.12931034482759,31.96802221238938
18107,2023-03-10 16:00:00,Asia/Bangkok,63.04879330357141,29.99137931034483,28.0,31.55575153153152
18108,2023-03-10 17:00:00,Asia/Bangkok,65.35309180851065,29.80208333333333,27.83333333333333,30.70575446808511
18109,2023-03-10 18:00:00,Asia/Bangkok,67.4846039473684,31.52586206896552,28.66379310344828,29.53855087719296
18110,2023-03-10 19:00:00,Asia/Bangkok,72.237366875,32.00869565217391,28.83478260869565,28.56956339285716
18111,2023-03-10 20:00:00,Asia/Bangkok,75.92158473684214,43.12931034482759,36.12068965517241,28.03817859649123
18112,2023-03-10 21:00:00,Asia/Bangkok,79.85428173913043,66.71794871794872,55.03418803418803,27.13106260869564
18113,2023-03-10 22:00:00,Asia/Bangkok,82.10026452173915,47.06896551724138,39.13793103448276,26.5359755652174
18114,2023-03-10 23:00:00,Asia/Bangkok,83.15973560344825,37.75862068965517,32.99137931034483,26.0534899137931
18115,2023-03-11 00:00:00,Asia/Bangkok,84.40910095652177,39.56034482758621,34.02586206896552,25.56174660869563
18116,2023-03-11 01:00:00,Asia/Bangkok,85.22402469565219,40.25641025641026,34.58119658119658,25.19142860869566
18117,2023-03-11 02:00:00,Asia/Bangkok,86.41949775862066,41.24137931034483,35.23275862068966,24.88208836206898
18118,2023-03-11 03:00:00,Asia/Bangkok,86.44744508771923,42.43103448275862,35.88793103448276,24.86992307017546
18119,2023-03-11 04:00:00,Asia/Bangkok,86.35335321739129,39.19827586206897,33.96551724137931,24.56807904347827
18120,2023-03-11 05:00:00,Asia/Bangkok,87.28333300884958,35.24137931034483,31.86206896551724,24.10364539823011
18121,2023-03-11 06:00:00,Asia/Bangkok,87.8392754054054,35.2051282051282,31.52136752136752,23.77212576576577
18122,2023-03-11 07:00:00,Asia/Bangkok,88.34239309734511,37.75862068965517,33.20689655172414,23.686123539823
18123,2023-03-11 08:00:00,Asia/Bangkok,89.58024201754385,49.75652173913043,41.20869565217392,23.95992877192984
18124,2023-03-11 09:00:00,Asia/Bangkok,86.9907380530973,31.20869565217391,28.07826086956522,25.98787991150443
18125,2023-03-11 10:00:00,Asia/Bangkok,75.31561224137928,18.65811965811966,16.95726495726496,28.37524939655173
18126,2023-03-11 11:00:00,Asia/Bangkok,70.92139096491229,23.68695652173913,21.87826086956522,29.38484429824561
18127,2023-03-11 12:00:00,Asia/Bangkok,65.32652999999999,32.37606837606837,29.56410256410257,30.92343310344827
18128,2023-03-11 13:00:00,Asia/Bangkok,61.60365628318583,29.1304347826087,27.33913043478261,31.95530743362831
18129,2023-03-11 14:00:00,Asia/Bangkok,60.73377339130437,26.87068965517241,25.14655172413793,31.7486632173913
18130,2023-03-11 15:00:00,Asia/Bangkok,59.47364365217392,28.82758620689655,27.00862068965517,32.03392614035086
18131,2023-03-11 16:00:00,Asia/Bangkok,62.73744176991151,29.68376068376068,27.87179487179487,31.05656785714286
18132,2023-03-11 17:00:00,Asia/Bangkok,63.49481105263158,35.32758620689656,31.67241379310345,30.66383805309737
18133,2023-03-11 18:00:00,Asia/Bangkok,67.17744263157894,37.0,32.56034482758621,29.77079991228071
18134,2023-03-11 19:00:00,Asia/Bangkok,71.16482704347828,45.75862068965517,37.93965517241379,28.94873710526316
18135,2023-03-11 20:00:00,Asia/Bangkok,76.04612732142859,54.2,43.99130434782609,27.86547646017701
18136,2023-03-11 21:00:00,Asia/Bangkok,79.75196791304353,48.21551724137931,39.77586206896552,27.05903260869567
18137,2023-03-11 22:00:00,Asia/Bangkok,82.77356345132742,54.83620689655172,44.97413793103448,26.2379702654867
18138,2023-03-11 23:00:00,Asia/Bangkok,84.47507812499994,52.12820512820513,42.87179487179487,25.75051027027027
18139,2023-03-12 00:00:00,Asia/Bangkok,84.88258414414412,58.23275862068966,47.4051724137931,25.57392854545455
18140,2023-03-12 01:00:00,Asia/Bangkok,84.50737078260867,58.62068965517241,47.47413793103448,25.45316939130433
18141,2023-03-12 02:00:00,Asia/Bangkok,85.50418271929824,60.87931034482759,49.12068965517241,25.1438453508772
18142,2023-03-12 03:00:00,Asia/Bangkok,85.81919513043475,55.95726495726495,45.52586206896552,24.91891391304346
18143,2023-03-12 04:00:00,Asia/Bangkok,86.35295088495582,55.33620689655172,45.15384615384615,24.39189592920355
18144,2023-03-12 05:00:00,Asia/Bangkok,87.77807464912279,54.13913043478261,44.39130434782609,23.99958666666667
18145,2023-03-12 06:00:00,Asia/Bangkok,87.90443375,48.87068965517241,40.54310344827586,23.91913669642858
18146,2023-03-12 07:00:00,Asia/Bangkok,88.84637625,49.74137931034483,41.17241379310344,23.88446660714285
18147,2023-03-12 08:00:00,Asia/Bangkok,89.68882206896552,54.18103448275862,44.18103448275862,24.44065767241379
18148,2023-03-12 09:00:00,Asia/Bangkok,85.9886482608696,49.75862068965517,41.41379310344828,26.28946782608696
18149,2023-03-12 10:00:00,Asia/Bangkok,77.34454486956521,38.74137931034483,33.64655172413793,28.56279965217391
18150,2023-03-12 11:00:00,Asia/Bangkok,71.86760327433629,41.10344827586207,35.01724137931034,29.65504592920355
18151,2023-03-12 12:00:00,Asia/Bangkok,65.35972417391302,45.62393162393163,38.35897435897436,30.71388814159293
18152,2023-03-12 13:00:00,Asia/Bangkok,62.13793009259258,46.15929203539823,38.80530973451327,31.57209824074073
18153,2023-03-12 14:00:00,Asia/Bangkok,61.5055381818182,43.60869565217391,36.95652173913044,31.80108390909089
18154,2023-03-12 15:00:00,Asia/Bangkok,61.49320245614035,42.13913043478261,35.94782608695652,32.07339535087719
18155,2023-03-12 16:00:00,Asia/Bangkok,62.91705120689657,45.0948275862069,37.87068965517241,31.48742431034482
18156,2023-03-12 17:00:00,Asia/Bangkok,64.97714473684212,44.35652173913044,37.35652173913044,31.02688587719298
18157,2023-03-12 18:00:00,Asia/Bangkok,68.6277944144144,47.66379310344828,39.8448275862069,30.12203
18158,2023-03-12 19:00:00,Asia/Bangkok,75.08906646017701,95.4608695652174,83.44347826086957,28.91380398230088
18159,2023-03-12 20:00:00,Asia/Bangkok,78.36959956140349,61.54310344827586,49.6551724137931,28.03683808695652
18160,2023-03-12 21:00:00,Asia/Bangkok,81.41009585585583,68.72649572649573,55.99145299145299,27.3486046363636
18161,2023-03-12 22:00:00,Asia/Bangkok,82.83173929824558,69.02586206896552,56.63793103448276,26.96320780701755
18162,2023-03-12 23:00:00,Asia/Bangkok,84.20204409090907,69.95652173913044,57.60869565217391,26.54466618181817
18163,2023-03-13 00:00:00,Asia/Bangkok,85.50659307017548,64.77391304347826,52.20869565217392,25.97553745614035
18164,2023-03-13 01:00:00,Asia/Bangkok,86.24099543859647,68.71304347826087,56.59130434782609,25.57908956140351
18165,2023-03-13 02:00:00,Asia/Bangkok,87.20811077586202,67.55172413793103,55.0,25.05927629310346
18166,2023-03-13 03:00:00,Asia/Bangkok,87.24979,65.33620689655173,52.41739130434782,24.95318566371679
18167,2023-03-13 04:00:00,Asia/Bangkok,87.52325309090911,64.24347826086957,51.71551724137931,24.79071672727276
18168,2023-03-13 05:00:00,Asia/Bangkok,88.07593535714285,63.63247863247863,51.33333333333334,24.6659194642857
18169,2023-03-13 06:00:00,Asia/Bangkok,88.84946256637173,62.00862068965517,50.14655172413793,24.48228761061947
18170,2023-03-13 07:00:00,Asia/Bangkok,89.82142226086955,61.0948275862069,49.36206896551724,24.17159391304346
18171,2023-03-13 08:00:00,Asia/Bangkok,90.0502175892857,61.94871794871795,49.85344827586207,24.60514875000002
18172,2023-03-13 09:00:00,Asia/Bangkok,88.01024226086953,54.64655172413793,44.64102564102564,25.74753017391305
18173,2023-03-13 10:00:00,Asia/Bangkok,78.15610558558558,46.82758620689656,39.14655172413793,27.96649236363636
18174,2023-03-13 11:00:00,Asia/Bangkok,72.0029591304348,39.02564102564103,33.84615384615385,29.20360852173912
18175,2023-03-13 12:00:00,Asia/Bangkok,67.00597443478259,23.88793103448276,22.12068965517241,30.05530365217393
18176,2023-03-13 13:00:00,Asia/Bangkok,65.1860151724138,22.0,20.39655172413793,30.65200379310344
18177,2023-03-13 14:00:00,Asia/Bangkok,63.84391939655174,20.30172413793104,18.80172413793104,30.83236784482758
18178,2023-03-13 15:00:00,Asia/Bangkok,64.46681629310343,19.66666666666667,18.04273504273504,30.53916747826087
18179,2023-03-13 16:00:00,Asia/Bangkok,66.6446285840708,19.98275862068965,18.56896551724138,30.01972141592921
18180,2023-03-13 17:00:00,Asia/Bangkok,67.1319998245614,48.97413793103448,42.37931034482759,29.8498603539823
18181,2023-03-13 18:00:00,Asia/Bangkok,69.03677620689659,65.25641025641026,56.63247863247863,29.05765741379311
18182,2023-03-13 19:00:00,Asia/Bangkok,72.56372586206895,70.11206896551724,61.28448275862069,28.1278300862069
18183,2023-03-13 20:00:00,Asia/Bangkok,75.4613538392857,95.15517241379311,87.77586206896552,27.42694540540539
18184,2023-03-13 21:00:00,Asia/Bangkok,78.04614274336285,53.66666666666666,43.71929824561403,26.8497131858407
18185,2023-03-13 22:00:00,Asia/Bangkok,80.23147707964604,66.98275862068965,57.53448275862069,26.47111508928574
18186,2023-03-13 23:00:00,Asia/Bangkok,82.66437385964909,51.68103448275862,43.00862068965517,25.82934991228069
18187,2023-03-14 00:00:00,Asia/Bangkok,83.71554500000003,45.42241379310344,37.68965517241379,25.35229339285717
18188,2023-03-14 01:00:00,Asia/Bangkok,84.83735575221233,44.68376068376068,37.48717948717949,24.96880539823009
18189,2023-03-14 02:00:00,Asia/Bangkok,85.14900252173915,45.18965517241379,37.71551724137931,24.83334426086954
18190,2023-03-14 03:00:00,Asia/Bangkok,86.10598663716819,46.1551724137931,38.43965517241379,24.23212734513274
18191,2023-03-14 04:00:00,Asia/Bangkok,86.16625715596331,43.57391304347826,36.6695652173913,24.09418796296294
18192,2023-03-14 05:00:00,Asia/Bangkok,86.90152263157896,41.6551724137931,35.32758620689656,23.79701543859652
18193,2023-03-14 06:00:00,Asia/Bangkok,88.13286982142857,37.46551724137931,32.87068965517241,23.67192990990988
18194,2023-03-14 07:00:00,Asia/Bangkok,88.01450792792791,37.9051724137931,33.12068965517241,23.57736216216216
18195,2023-03-14 08:00:00,Asia/Bangkok,89.78747758620688,78.12820512820512,68.86324786324786,23.99715310344829
18196,2023-03-14 09:00:00,Asia/Bangkok,86.3039613274336,55.02631578947368,47.35087719298246,25.71950973214287
18197,2023-03-14 10:00:00,Asia/Bangkok,77.85938267241377,37.50862068965517,32.37068965517241,27.9812851724138
18198,2023-03-14 11:00:00,Asia/Bangkok,68.50246131578945,25.50434782608696,23.4,29.7086556140351
18199,2023-03-14 12:00:00,Asia/Bangkok,64.32518947826087,23.63793103448276,21.70689655172414,30.9009844347826
18200,2023-03-14 13:00:00,Asia/Bangkok,61.55094570175439,23.11206896551724,21.2695652173913,31.50407622807015
18201,2023-03-14 14:00:00,Asia/Bangkok,60.19234412280704,23.18103448275862,21.41025641025641,32.0863950877193
18202,2023-03-14 15:00:00,Asia/Bangkok,61.80376589285714,23.31034482758621,21.54310344827586,31.60791964285714
18203,2023-03-14 16:00:00,Asia/Bangkok,63.09285791304347,25.72413793103448,23.63793103448276,31.29252443478261
18204,2023-03-14 17:00:00,Asia/Bangkok,64.76726867256635,28.52136752136752,26.41025641025641,30.66400486725664
18205,2023-03-14 18:00:00,Asia/Bangkok,68.72947070796464,38.31896551724138,33.12068965517241,29.37347464285716
18206,2023-03-14 19:00:00,Asia/Bangkok,72.08503973913042,51.76724137931034,43.19827586206897,28.46896652173912
18207,2023-03-14 20:00:00,Asia/Bangkok,74.77225982608694,90.18103448275862,79.6896551724138,28.12804452173911
18208,2023-03-14 21:00:00,Asia/Bangkok,78.01555765217394,60.3448275862069,50.70689655172414,27.57535921739131
18209,2023-03-14 22:00:00,Asia/Bangkok,80.5738585964912,80.99145299145299,74.67521367521367,27.06470743362832
18210,2023-03-14 23:00:00,Asia/Bangkok,82.66419904347826,56.2,45.58260869565218,26.59688417391305
18211,2023-03-15 00:00:00,Asia/Bangkok,85.50308000000003,60.49572649572649,48.54700854700855,25.67134626086959
18212,2023-03-15 01:00:00,Asia/Bangkok,85.60327451327437,58.62068965517241,47.03448275862069,25.54609628318585
18213,2023-03-15 02:00:00,Asia/Bangkok,85.4641864864865,51.71304347826087,42.30434782608695,25.3580890990991
18214,2023-03-15 03:00:00,Asia/Bangkok,85.7795424561404,52.93103448275862,43.04310344827586,25.02874530434782
18215,2023-03-15 04:00:00,Asia/Bangkok,86.25386608695655,52.48717948717949,42.94871794871795,24.63973675438596
18216,2023-03-15 05:00:00,Asia/Bangkok,86.5657728695653,49.80172413793103,41.0948275862069,24.38986608695656
18217,2023-03-15 06:00:00,Asia/Bangkok,87.37381663793106,46.04273504273505,38.35042735042735,24.08766896551724
18218,2023-03-15 07:00:00,Asia/Bangkok,88.39323180180183,47.8448275862069,39.68965517241379,23.78184387387389
18219,2023-03-15 08:00:00,Asia/Bangkok,89.58902260869566,52.0948275862069,43.5,24.37335486956523
18220,2023-03-15 09:00:00,Asia/Bangkok,84.68057052631582,42.1965811965812,35.56410256410256,26.17960780701755
18221,2023-03-15 10:00:00,Asia/Bangkok,74.47263843478262,36.78448275862069,32.32758620689656,28.33950482456141
18222,2023-03-15 11:00:00,Asia/Bangkok,68.4924027350427,36.60683760683761,31.97435897435897,29.84268724137931
18223,2023-03-15 12:00:00,Asia/Bangkok,62.29734663716814,28.32758620689655,26.35344827586207,31.24277964601767
18224,2023-03-15 13:00:00,Asia/Bangkok,59.65337094827586,29.66379310344828,27.37068965517241,31.78912568965518
18225,2023-03-15 14:00:00,Asia/Bangkok,57.34187791304348,29.27586206896552,27.25,32.12299660869564
18226,2023-03-15 15:00:00,Asia/Bangkok,57.77283123893805,31.25,28.94827586206896,31.66996194690264
18227,2023-03-15 16:00:00,Asia/Bangkok,60.18512449541286,27.23478260869565,25.51304347826087,30.95760411214953
18228,2023-03-15 17:00:00,Asia/Bangkok,58.71137572727273,24.07826086956522,21.97391304347826,30.4796350909091
18229,2023-03-15 18:00:00,Asia/Bangkok,62.84714214285719,28.60344827586207,25.58620689655172,29.78630125
18230,2023-03-15 19:00:00,Asia/Bangkok,68.62955062500001,27.56521739130435,25.23478260869565,28.767836875
18231,2023-03-15 20:00:00,Asia/Bangkok,73.58085008771931,39.99137931034483,34.11304347826087,27.86580289473684
18232,2023-03-15 21:00:00,Asia/Bangkok,78.84335192982455,53.86086956521739,45.19827586206897,26.72653210526314
18233,2023-03-15 22:00:00,Asia/Bangkok,80.76201715517239,78.14655172413794,68.34482758620689,26.61051163793105
18234,2023-03-15 23:00:00,Asia/Bangkok,81.67567869565215,66.25,54.68103448275862,26.2343872173913
18235,2023-03-16 00:00:00,Asia/Bangkok,83.5838867272727,58.73913043478261,47.21739130434783,25.6553961818182
18236,2023-03-16 01:00:00,Asia/Bangkok,84.48595377192981,59.37931034482759,47.74137931034483,25.1373564912281
18237,2023-03-16 02:00:00,Asia/Bangkok,84.71915734513274,57.47008547008547,46.48717948717949,24.80475539823012
18238,2023-03-16 03:00:00,Asia/Bangkok,84.55999330434781,53.90434782608695,43.95652173913044,24.65468973913045
18239,2023-03-16 04:00:00,Asia/Bangkok,86.09326368421048,47.35344827586207,39.27586206896552,24.10307681415931
18240,2023-03-16 05:00:00,Asia/Bangkok,86.24349824561403,46.89655172413793,39.0,23.85866447368422
18241,2023-03-16 06:00:00,Asia/Bangkok,86.88587857142859,43.73913043478261,36.6,23.71862125000002
18242,2023-03-16 07:00:00,Asia/Bangkok,87.40682298245615,43.36283185840708,36.36283185840708,23.46449026315788
18243,2023-03-16 08:00:00,Asia/Bangkok,88.83407905172409,42.67521367521368,35.56410256410256,23.95214836206897
18244,2023-03-16 09:00:00,Asia/Bangkok,84.4904850892857,31.45689655172414,27.43965517241379,26.32381607142857
18245,2023-03-16 10:00:00,Asia/Bangkok,74.30858417391305,17.81896551724138,16.06896551724138,28.7958152173913
18246,2023-03-16 11:00:00,Asia/Bangkok,69.46159283185843,17.04310344827586,15.32758620689655,29.83442867256638
18247,2023-03-16 12:00:00,Asia/Bangkok,64.79618860869563,18.11111111111111,16.56410256410257,30.69100373913044
18248,2023-03-16 13:00:00,Asia/Bangkok,60.80971474137931,18.14655172413793,16.9051724137931,32.103695
18249,2023-03-16 14:00:00,Asia/Bangkok,60.25984699999998,23.38260869565217,21.85217391304348,31.71335163636361
18250,2023-03-16 15:00:00,Asia/Bangkok,60.22956079646018,24.28205128205128,22.67521367521368,31.75890858407077
18251,2023-03-16 16:00:00,Asia/Bangkok,61.20614552631579,26.88695652173913,24.57391304347826,31.44664140350875
18252,2023-03-16 17:00:00,Asia/Bangkok,62.48349208695652,19.46086956521739,17.4,30.63346391304348
18253,2023-03-16 18:00:00,Asia/Bangkok,66.01299410714284,20.5948275862069,18.70689655172414,29.78641991071427
18254,2023-03-16 19:00:00,Asia/Bangkok,71.27406796460177,25.43103448275862,22.93965517241379,28.55727973451326
18255,2023-03-16 20:00:00,Asia/Bangkok,75.7493275,53.81896551724138,44.13793103448276,27.80658819819821
18256,2023-03-16 21:00:00,Asia/Bangkok,78.21884236842108,79.20689655172414,67.34482758620689,27.40399982456138
18257,2023-03-16 22:00:00,Asia/Bangkok,80.03366359649127,64.93103448275862,54.62931034482759,26.90242394736843
18258,2023-03-16 23:00:00,Asia/Bangkok,82.02146304347828,42.44444444444444,35.35042735042735,26.35998747826087
18259,2023-03-17 00:00:00,Asia/Bangkok,82.90955761061946,47.30172413793103,39.01724137931034,26.09088628318584
18260,2023-03-17 01:00:00,Asia/Bangkok,84.30365901785716,53.77586206896552,43.78448275862069,25.40510410714286
18261,2023-03-17 02:00:00,Asia/Bangkok,85.4138724778761,44.90434782608695,37.31304347826087,24.89223911504425
18262,2023-03-17 03:00:00,Asia/Bangkok,85.60083724137927,37.76724137931034,32.79310344827586,24.90556818965517
18263,2023-03-17 04:00:00,Asia/Bangkok,85.76155053097341,34.07758620689656,30.75,24.79527725663716
18264,2023-03-17 05:00:00,Asia/Bangkok,86.33027245614042,28.60176991150442,26.7787610619469,24.50193675438597
18265,2023-03-17 06:00:00,Asia/Bangkok,87.3004159292036,33.37391304347826,29.41739130434783,24.39055274336283
18266,2023-03-17 07:00:00,Asia/Bangkok,88.27747686956523,31.2,27.2695652173913,24.32797715517242
18267,2023-03-17 08:00:00,Asia/Bangkok,89.29913672413798,37.0,32.03448275862069,24.77745608695652
18268,2023-03-17 09:00:00,Asia/Bangkok,84.64556928571434,22.0,19.96521739130435,26.9257096460177
18269,2023-03-17 10:00:00,Asia/Bangkok,73.94062874999999,15.92241379310345,14.43103448275862,29.47118945945947
18270,2023-03-17 11:00:00,Asia/Bangkok,70.49436681034484,13.3448275862069,12.26724137931035,30.19245310344827
18271,2023-03-17 12:00:00,Asia/Bangkok,68.27278458715598,17.44347826086956,15.85344827586207,30.63265357798165
18272,2023-03-17 13:00:00,Asia/Bangkok,64.60405817391306,17.71551724137931,15.5,31.9616846956522
18273,2023-03-17 14:00:00,Asia/Bangkok,61.76586686956522,13.48717948717949,12.05982905982906,32.82587417391304
18274,2023-03-17 15:00:00,Asia/Bangkok,61.3909824107143,10.36521739130435,9.391304347826088,32.69316883928573
18275,2023-03-17 16:00:00,Asia/Bangkok,65.10779745614032,11.77586206896552,10.76724137931035,31.53219401785713
18276,2023-03-17 17:00:00,Asia/Bangkok,66.72944513274336,15.80172413793103,14.55172413793103,30.93344610619469
18277,2023-03-17 18:00:00,Asia/Bangkok,69.05596646551723,14.01709401709402,12.94871794871795,30.00486422413792
18278,2023-03-17 19:00:00,Asia/Bangkok,74.34994938053096,33.93965517241379,30.16379310344828,28.85727982300886
18279,2023-03-17 20:00:00,Asia/Bangkok,77.45874939130435,42.75,36.29310344827586,28.15630582608697
18280,2023-03-17 21:00:00,Asia/Bangkok,80.20935596491225,62.16814159292036,51.45132743362832,27.54004587719299
18281,2023-03-17 22:00:00,Asia/Bangkok,81.22346238938053,42.30172413793103,36.45689655172414,27.36780150442479
18282,2023-03-17 23:00:00,Asia/Bangkok,83.25584636363634,47.82051282051282,40.53846153846154,26.71405926605505
18283,2023-03-18 00:00:00,Asia/Bangkok,84.36119247787614,47.53448275862069,39.36206896551724,26.42559991071428
18284,2023-03-18 01:00:00,Asia/Bangkok,84.36248839285716,47.60683760683761,39.62931034482759,26.27844392857144
18285,2023-03-18 02:00:00,Asia/Bangkok,84.50370250000003,43.03478260869565,36.33620689655172,25.9949349107143
18286,2023-03-18 03:00:00,Asia/Bangkok,86.64664234782607,44.02586206896552,37.18103448275862,25.04952800000003
18287,2023-03-18 04:00:00,Asia/Bangkok,87.14513017543857,40.11111111111111,34.51282051282051,24.75032078947367
18288,2023-03-18 05:00:00,Asia/Bangkok,86.87793205357143,34.61206896551724,31.39655172413793,24.63621276785715
18289,2023-03-18 06:00:00,Asia/Bangkok,87.17534928571425,33.95689655172414,31.12931034482759,24.41107508928572
18290,2023-03-18 07:00:00,Asia/Bangkok,88.19381035714285,42.67241379310344,36.63793103448276,24.0650472072072
18291,2023-03-18 08:00:00,Asia/Bangkok,88.85593256637172,37.3448275862069,33.04310344827586,24.67703383928573
18292,2023-03-18 09:00:00,Asia/Bangkok,85.06798189655177,29.53846153846154,26.5982905982906,26.94471362068965
18293,2023-03-18 10:00:00,Asia/Bangkok,77.78210103448276,16.55172413793104,15.16379310344828,28.68673439655172
18294,2023-03-18 11:00:00,Asia/Bangkok,71.72976135135134,14.60869565217391,13.35652173913043,30.29785945945945
18295,2023-03-18 12:00:00,Asia/Bangkok,65.09609267241379,9.264957264957266,8.461538461538462,31.42554793103447
18296,2023-03-18 13:00:00,Asia/Bangkok,61.08011268518516,7.912280701754386,7.226086956521739,32.10881055555559
18297,2023-03-18 14:00:00,Asia/Bangkok,58.38132805309738,6.767241379310345,6.181034482758621,33.0929643362832
18298,2023-03-18 15:00:00,Asia/Bangkok,56.21251982142856,5.745614035087719,5.333333333333333,33.13775750000001
18299,2023-03-18 16:00:00,Asia/Bangkok,58.06328582608695,6.826086956521739,6.182608695652174,32.41397069565215
18300,2023-03-18 17:00:00,Asia/Bangkok,61.13279537735848,6.89908256880734,6.0,31.72151943396226
18301,2023-03-18 18:00:00,Asia/Bangkok,65.32297759615382,8.885714285714286,7.942857142857143,30.41206384615383
18302,2023-03-18 19:00:00,Asia/Bangkok,69.60773587719297,19.05217391304348,17.48695652173913,29.19583614035086
18303,2023-03-18 20:00:00,Asia/Bangkok,73.72816424778762,25.55172413793104,22.72413793103448,28.59064725663714
18304,2023-03-18 21:00:00,Asia/Bangkok,77.93226450450453,43.18103448275862,36.26724137931034,27.83839405405404
18305,2023-03-18 22:00:00,Asia/Bangkok,79.31339947368417,42.35042735042735,35.88034188034188,27.6959155357143
18306,2023-03-18 23:00:00,Asia/Bangkok,80.82970157894738,34.70689655172414,31.06034482758621,27.23588438596493
18307,2023-03-19 00:00:00,Asia/Bangkok,82.84364478260873,37.78448275862069,33.18965517241379,26.61132504347825
18308,2023-03-19 01:00:00,Asia/Bangkok,82.64819087719297,38.18965517241379,33.38793103448276,26.44645368421054
18309,2023-03-19 02:00:00,Asia/Bangkok,83.44837730434777,37.04310344827586,32.5948275862069,26.01792956521736
18310,2023-03-19 03:00:00,Asia/Bangkok,84.58300123893801,33.07826086956522,30.4,25.44100769911504
18311,2023-03-19 04:00:00,Asia/Bangkok,86.79367893805312,40.18965517241379,34.46086956521739,24.57952707964601
18312,2023-03-19 05:00:00,Asia/Bangkok,87.37475121739136,35.12931034482759,31.3448275862069,24.40502895652175
18313,2023-03-19 06:00:00,Asia/Bangkok,86.62502091743114,37.31034482758621,32.9051724137931,24.53999174311927
18314,2023-03-19 07:00:00,Asia/Bangkok,87.64755730434783,33.07758620689656,30.32758620689655,24.35505947826088
18315,2023-03-19 08:00:00,Asia/Bangkok,89.28603903508774,35.41379310344828,31.52586206896552,24.84685359649123
18316,2023-03-19 09:00:00,Asia/Bangkok,86.78898168141593,28.61739130434783,26.14782608695652,26.91448460176992
18317,2023-03-19 10:00:00,Asia/Bangkok,78.26926185840708,17.06086956521739,16.00869565217391,28.87483732142856
18318,2023-03-19 11:00:00,Asia/Bangkok,74.86373180180178,16.64655172413793,15.5948275862069,29.7857100900901
18319,2023-03-19 12:00:00,Asia/Bangkok,68.43141947826088,13.99130434782609,13.26956521739131,31.30241782608695
18320,2023-03-19 13:00:00,Asia/Bangkok,65.673505,13.89565217391304,13.16521739130435,32.11839368421052
18321,2023-03-19 14:00:00,Asia/Bangkok,63.81037090090089,12.78448275862069,12.0,32.454877
18322,2023-03-19 15:00:00,Asia/Bangkok,62.1820264285714,12.92241379310345,12.21551724137931,32.97066928571429
18323,2023-03-19 16:00:00,Asia/Bangkok,63.61917469565218,15.33620689655172,14.35344827586207,32.32603391304347
18324,2023-03-19 17:00:00,Asia/Bangkok,65.95708307692306,13.00854700854701,12.25641025641026,31.56971555555555
18325,2023-03-19 18:00:00,Asia/Bangkok,68.29523922413793,13.75862068965517,12.98275862068965,30.63355695652174
18326,2023-03-19 19:00:00,Asia/Bangkok,73.0198002631579,51.25,43.00862068965517,29.50966973684213
18327,2023-03-19 20:00:00,Asia/Bangkok,76.88931223214286,50.5982905982906,42.29059829059829,28.66397687499998
18328,2023-03-19 21:00:00,Asia/Bangkok,80.7455343859649,58.56034482758621,49.21551724137931,27.68703184210527
18329,2023-03-19 22:00:00,Asia/Bangkok,83.84160815789477,63.00862068965517,52.25862068965517,26.90033842105263
18330,2023-03-19 23:00:00,Asia/Bangkok,84.80173643478255,39.75862068965517,34.54310344827586,26.61165191304351
18331,2023-03-20 00:00:00,Asia/Bangkok,83.67773043859648,33.16521739130435,30.26086956521739,26.6964603508772
18332,2023-03-20 01:00:00,Asia/Bangkok,85.63352036036036,43.02586206896552,36.48275862068966,25.84202126126128
18333,2023-03-20 02:00:00,Asia/Bangkok,86.51458456140352,41.61206896551724,35.41379310344828,25.60979710526317
18334,2023-03-20 03:00:00,Asia/Bangkok,86.44594073394492,41.34513274336283,35.61061946902655,25.4754660550459
18335,2023-03-20 04:00:00,Asia/Bangkok,85.78337230088493,40.11206896551724,34.43965517241379,25.42323495575222
18336,2023-03-20 05:00:00,Asia/Bangkok,85.78188473684216,37.6551724137931,33.19827586206897,25.05860605263161
18337,2023-03-20 06:00:00,Asia/Bangkok,86.3861638793103,31.47413793103448,29.33620689655172,24.84465870689655
18338,2023-03-20 07:00:00,Asia/Bangkok,87.85466324561402,28.71304347826087,27.22608695652174,24.48497798245614
18339,2023-03-20 08:00:00,Asia/Bangkok,88.8526491304348,31.88695652173913,28.89473684210526,24.97244362068966
18340,2023-03-20 09:00:00,Asia/Bangkok,86.26024426086953,21.83478260869565,20.48275862068965,27.28080947826087
18341,2023-03-20 10:00:00,Asia/Bangkok,74.9035268695652,12.67241379310345,10.91379310344828,29.94742252173912
18342,2023-03-20 11:00:00,Asia/Bangkok,69.1701501754386,10.93913043478261,9.947826086956521,31.56612675438598
18343,2023-03-20 12:00:00,Asia/Bangkok,62.91949870689655,8.189655172413794,7.474137931034483,33.16448422413792
18344,2023-03-20 13:00:00,Asia/Bangkok,61.85685121739129,7.591304347826087,7.078260869565217,33.3839512173913
18345,2023-03-20 14:00:00,Asia/Bangkok,58.47399105263158,5.71551724137931,5.129310344827586,34.08703596491227
18346,2023-03-20 15:00:00,Asia/Bangkok,57.16171345132744,5.46551724137931,5.086206896551724,34.45506840707964
18347,2023-03-20 16:00:00,Asia/Bangkok,59.15478304347828,5.681034482758621,5.344827586206897,33.78487260869565
18348,2023-03-20 17:00:00,Asia/Bangkok,63.34990359649122,7.641025641025641,7.085470085470085,32.75217769911504
18349,2023-03-20 18:00:00,Asia/Bangkok,67.34209605504589,58.17543859649123,53.14912280701754,31.30138715596327
18350,2023-03-20 19:00:00,Asia/Bangkok,71.5435845614035,128.7672413793103,115.9051724137931,30.47342368421054
18351,2023-03-20 20:00:00,Asia/Bangkok,75.37477869565221,126.2735042735043,109.8034188034188,29.37583452173914
18352,2023-03-20 21:00:00,Asia/Bangkok,80.44264385964908,77.08695652173913,66.55652173913043,28.09596692982455
18353,2023-03-20 22:00:00,Asia/Bangkok,81.60248736363637,50.18260869565217,41.00869565217391,28.05242809090909
18354,2023-03-20 23:00:00,Asia/Bangkok,82.51014931623925,37.84347826086957,32.6695652173913,27.69961435897439
18355,2023-03-21 00:00:00,Asia/Bangkok,84.13139375,42.55172413793103,35.9051724137931,27.01545544642857
18356,2023-03-21 01:00:00,Asia/Bangkok,86.31126848214285,45.63478260869565,38.06086956521739,26.20210151785714
18357,2023-03-21 02:00:00,Asia/Bangkok,86.46774945945947,40.44444444444444,35.13675213675214,26.12557918918921
18358,2023-03-21 03:00:00,Asia/Bangkok,86.13174368421052,36.08695652173913,32.35652173913044,26.07314385964913
18359,2023-03-21 04:00:00,Asia/Bangkok,87.32850554545453,38.97413793103448,33.95689655172414,25.69628081818182
18360,2023-03-21 05:00:00,Asia/Bangkok,87.50201754385967,34.58974358974359,31.49572649572649,25.51038385964915
18361,2023-03-21 06:00:00,Asia/Bangkok,87.91447911504426,30.36206896551724,28.57758620689655,25.50404883928573
18362,2023-03-21 07:00:00,Asia/Bangkok,88.01511617391311,45.26724137931034,40.8448275862069,25.48713826086961
18363,2023-03-21 08:00:00,Asia/Bangkok,88.72006599999999,74.60344827586206,66.12068965517241,25.85371886956522
18364,2023-03-21 09:00:00,Asia/Bangkok,85.11296518181817,22.62068965517241,20.31896551724138,27.66715423423423
18365,2023-03-21 10:00:00,Asia/Bangkok,76.4662224347826,11.35042735042735,10.68376068376068,29.47343280701755
18366,2023-03-21 11:00:00,Asia/Bangkok,71.12060157894739,11.46017699115044,10.15929203539823,31.04117201754386
18367,2023-03-21 12:00:00,Asia/Bangkok,67.51836131578949,10.30172413793103,9.879310344827585,32.08360921052631
18368,2023-03-21 13:00:00,Asia/Bangkok,62.2132530357143,6.853448275862069,6.431034482758621,33.35932312500001
18369,2023-03-21 14:00:00,Asia/Bangkok,60.86770732142858,5.922413793103448,5.474137931034483,33.76056241071427
18370,2023-03-21 15:00:00,Asia/Bangkok,61.22116572727271,5.370689655172414,4.853448275862069,33.36893272727273
18371,2023-03-21 16:00:00,Asia/Bangkok,62.1833886607143,5.53448275862069,5.146551724137931,33.10375732142857
18372,2023-03-21 17:00:00,Asia/Bangkok,63.56603396396396,5.663793103448276,5.224137931034483,32.52344747747748
18373,2023-03-21 18:00:00,Asia/Bangkok,68.78795741071427,9.709401709401709,8.991452991452991,30.89243830357143
18374,2023-03-21 19:00:00,Asia/Bangkok,73.35214883928573,14.00877192982456,12.60526315789474,29.83544053571426
18375,2023-03-21 20:00:00,Asia/Bangkok,77.87455201754389,28.9051724137931,26.71551724137931,28.98478701754386
18376,2023-03-21 21:00:00,Asia/Bangkok,79.65455640350878,22.59130434782609,21.15652173913044,28.50801526315787
18377,2023-03-21 22:00:00,Asia/Bangkok,81.2514874137931,27.86324786324786,26.15384615384615,27.97915886956519
18378,2023-03-21 23:00:00,Asia/Bangkok,82.38651254385967,37.49565217391304,32.83478260869565,27.49357307017544
18379,2023-03-22 00:00:00,Asia/Bangkok,85.01393585585588,43.67241379310344,36.71551724137931,26.78067801801803
18380,2023-03-22 01:00:00,Asia/Bangkok,86.22513051724138,38.70940170940171,33.88888888888889,26.40813913793106
18381,2023-03-22 02:00:00,Asia/Bangkok,86.98752860869564,34.71551724137931,31.41379310344828,25.99189991304348
18382,2023-03-22 03:00:00,Asia/Bangkok,87.22839456896556,37.42241379310344,33.16379310344828,25.87222460869563
18383,2023-03-22 04:00:00,Asia/Bangkok,86.79667681415927,30.95689655172414,29.06896551724138,25.92339035398232
18384,2023-03-22 05:00:00,Asia/Bangkok,86.15355589285711,30.00862068965517,28.53448275862069,25.83507562500002
18385,2023-03-22 06:00:00,Asia/Bangkok,86.4448161946903,26.47863247863248,25.1025641025641,25.58636336283189
18386,2023-03-22 07:00:00,Asia/Bangkok,86.26593131578946,23.55172413793104,22.33620689655172,25.49045070175439
18387,2023-03-22 08:00:00,Asia/Bangkok,87.75255534482758,25.29310344827586,23.62068965517241,25.89479181034483
18388,2023-03-22 09:00:00,Asia/Bangkok,81.69786434782608,12.06034482758621,11.35344827586207,28.33807417391304
18389,2023-03-22 10:00:00,Asia/Bangkok,73.87674621621622,12.12931034482759,11.43103448275862,30.33599036036037
18390,2023-03-22 11:00:00,Asia/Bangkok,69.42651146551728,9.560344827586206,8.862068965517242,31.22439801724138
18391,2023-03-22 12:00:00,Asia/Bangkok,64.31231904347824,8.76923076923077,8.017094017094017,32.8886898245614
18392,2023-03-22 13:00:00,Asia/Bangkok,57.63873895652172,6.628318584070796,6.106194690265487,34.7081903508772
18393,2023-03-22 14:00:00,Asia/Bangkok,52.26916385964912,4.21551724137931,3.905172413793104,36.23964982300885
18394,2023-03-22 15:00:00,Asia/Bangkok,49.85969637931036,8.717948717948717,7.965811965811966,37.11783681034483
18395,2023-03-22 16:00:00,Asia/Bangkok,55.2988704424779,6.396551724137931,6.051724137931035,35.71183357142858
18396,2023-03-22 17:00:00,Asia/Bangkok,63.64340517857145,8.290598290598291,7.863247863247863,34.0888230357143
18397,2023-03-22 18:00:00,Asia/Bangkok,68.53238938596489,19.47413793103448,17.74137931034483,32.37582342105263
18398,2023-03-22 19:00:00,Asia/Bangkok,73.52555719298248,12.28448275862069,11.10344827586207,30.53343596491228
18399,2023-03-22 20:00:00,Asia/Bangkok,76.38276106194692,47.0948275862069,39.93965517241379,30.01043477876108
18400,2023-03-22 21:00:00,Asia/Bangkok,79.44813184210524,75.39655172413794,69.65517241379311,28.85163582608695
18401,2023-03-22 22:00:00,Asia/Bangkok,82.17004232758619,40.2051282051282,35.33333333333334,28.61952678260869
18402,2023-03-22 23:00:00,Asia/Bangkok,81.07858634782608,37.31896551724138,32.98275862068966,28.97309842105263
18403,2023-03-23 00:00:00,Asia/Bangkok,82.94139157894737,31.74137931034483,29.44827586206896,28.72587860869568
18404,2023-03-23 01:00:00,Asia/Bangkok,85.2177749557522,26.92241379310345,25.14529914529914,28.16574598214284
18405,2023-03-23 02:00:00,Asia/Bangkok,85.95266387931036,26.85344827586207,25.31896551724138,27.76692456896552
18406,2023-03-23 03:00:00,Asia/Bangkok,86.3610047368421,27.02631578947368,25.49122807017544,27.64594701754388
18407,2023-03-23 04:00:00,Asia/Bangkok,85.79599585585585,27.58260869565217,26.07826086956522,27.77781837837838
18408,2023-03-23 05:00:00,Asia/Bangkok,86.7044274774775,28.04464285714286,26.6875,27.42992936936936
18409,2023-03-23 06:00:00,Asia/Bangkok,87.43633666666669,30.21551724137931,28.29310344827586,26.86218201754386
18410,2023-03-23 07:00:00,Asia/Bangkok,87.72704912280707,33.44347826086957,29.77391304347826,26.72400570175438
18411,2023-03-23 08:00:00,Asia/Bangkok,88.30898878260872,35.02586206896552,30.71551724137931,27.07663504347827
18412,2023-03-23 09:00:00,Asia/Bangkok,83.21099210526317,18.58260869565217,17.53913043478261,28.58243412280702
18413,2023-03-23 10:00:00,Asia/Bangkok,76.3183828695652,18.43589743589743,17.0,30.31532347826088
18414,2023-03-23 11:00:00,Asia/Bangkok,68.65905875,20.97413793103448,19.52991452991453,32.63107855855857
18415,2023-03-23 12:00:00,Asia/Bangkok,65.26536106194688,13.49137931034483,12.80172413793103,33.75459176991151
18416,2023-03-23 13:00:00,Asia/Bangkok,61.80163418803419,13.75213675213675,13.22222222222222,34.74998752136753
18417,2023-03-23 14:00:00,Asia/Bangkok,57.96179330434783,14.96551724137931,14.18965517241379,35.41734800000003
18418,2023-03-23 15:00:00,Asia/Bangkok,59.18901756756754,13.5,12.55172413793103,35.66697684684684
18419,2023-03-23 16:00:00,Asia/Bangkok,67.06980482142856,10.5304347826087,9.947826086956521,34.07289544642857
18420,2023-03-23 17:00:00,Asia/Bangkok,69.28074044247786,9.017241379310345,8.551724137931034,33.08322902654867
18421,2023-03-23 18:00:00,Asia/Bangkok,72.84147920353985,9.413793103448276,8.956896551724139,31.62806300884957
18422,2023-03-23 19:00:00,Asia/Bangkok,76.48933826086959,25.15384615384615,22.04273504273504,30.38161469565217
18423,2023-03-23 20:00:00,Asia/Bangkok,78.14836347826086,33.83620689655172,30.4051724137931,30.00136330434782
18424,2023-03-23 21:00:00,Asia/Bangkok,79.2484855652174,25.26724137931035,22.95689655172414,29.7582242608696
18425,2023-03-23 22:00:00,Asia/Bangkok,79.74822362831853,25.83760683760684,23.4017094017094,29.76143584070799
18426,2023-03-23 23:00:00,Asia/Bangkok,80.68868097345133,17.28448275862069,16.43965517241379,29.54121283185843
18427,2023-03-24 00:00:00,Asia/Bangkok,81.95199292035397,15.7008547008547,14.93162393162393,29.24073929203538
18428,2023-03-24 01:00:00,Asia/Bangkok,82.66239228070168,15.91379310344828,15.1551724137931,29.00689824561405
18429,2023-03-24 02:00:00,Asia/Bangkok,84.70042114035083,19.00862068965517,18.17241379310345,28.26328166666666
18430,2023-03-24 03:00:00,Asia/Bangkok,85.95994009009006,38.81196581196581,34.77777777777778,27.77610864864867
18431,2023-03-24 04:00:00,Asia/Bangkok,86.7542946428571,26.96551724137931,25.43103448275862,27.48960651785712
18432,2023-03-24 05:00:00,Asia/Bangkok,87.4472734821429,30.56896551724138,28.11206896551724,27.12260044642858
18433,2023-03-24 06:00:00,Asia/Bangkok,87.31043469026547,22.53448275862069,21.56034482758621,27.29305646017697
18434,2023-03-24 07:00:00,Asia/Bangkok,87.26391060344825,34.23076923076923,30.46551724137931,27.18437417391307
18435,2023-03-24 08:00:00,Asia/Bangkok,87.82480176991147,36.47413793103448,32.2051282051282,27.38767637168142
18436,2023-03-24 09:00:00,Asia/Bangkok,84.16534431034479,19.9051724137931,18.85344827586207,29.08290991379311
18437,2023-03-24 10:00:00,Asia/Bangkok,79.10803713043482,17.63247863247863,16.87179487179487,30.30954260869566
18438,2023-03-24 11:00:00,Asia/Bangkok,69.04130226086959,22.00862068965517,20.76724137931035,33.02391973913044
18439,2023-03-24 12:00:00,Asia/Bangkok,62.39915783783784,23.93805309734513,22.30088495575221,34.34090666666667
18440,2023-03-24 13:00:00,Asia/Bangkok,55.40719339130436,18.52586206896552,17.91379310344828,36.58913373913044
18441,2023-03-24 14:00:00,Asia/Bangkok,56.85599513513515,22.56637168141593,21.6283185840708,35.72187540540541
18442,2023-03-24 15:00:00,Asia/Bangkok,60.23882345132745,16.80869565217391,16.01739130434783,34.805328125
18443,2023-03-24 16:00:00,Asia/Bangkok,61.02341741071428,13.10434782608696,12.55652173913044,34.82952830357141
18444,2023-03-24 17:00:00,Asia/Bangkok,63.58419446428572,13.07894736842105,12.57894736842105,34.37559696428574
18445,2023-03-24 18:00:00,Asia/Bangkok,69.21046448275861,30.80172413793104,26.37931034482759,32.94105094827586
18446,2023-03-24 19:00:00,Asia/Bangkok,74.18317945945945,41.22413793103448,35.07826086956522,31.12710486486486
18447,2023-03-24 20:00:00,Asia/Bangkok,77.30893455357145,45.28448275862069,37.8034188034188,30.39692357142856
18448,2023-03-24 21:00:00,Asia/Bangkok,79.68139078260864,40.44827586206897,34.29310344827586,29.87309434782609
18449,2023-03-24 22:00:00,Asia/Bangkok,83.04841657894737,43.24137931034483,36.89655172413793,29.05880508771929
18450,2023-03-24 23:00:00,Asia/Bangkok,84.1004129464286,41.13675213675214,35.38461538461539,28.81234937499999
18451,2023-03-25 00:00:00,Asia/Bangkok,85.66385429824562,37.73275862068966,33.25,28.21655052631577
18452,2023-03-25 01:00:00,Asia/Bangkok,86.32908775862069,36.26495726495727,32.54700854700855,27.79084043103448
18453,2023-03-25 02:00:00,Asia/Bangkok,86.87796192982462,39.68965517241379,34.48275862068966,27.42077140350872
18454,2023-03-25 03:00:00,Asia/Bangkok,87.27550131578943,39.70689655172414,34.56034482758621,27.10084543859649
18455,2023-03-25 04:00:00,Asia/Bangkok,87.93763745614032,39.9051724137931,34.70689655172414,26.80577798245616
18456,2023-03-25 05:00:00,Asia/Bangkok,87.88583763157891,38.25862068965517,33.54310344827586,26.5428895614035
18457,2023-03-25 06:00:00,Asia/Bangkok,87.87582230769233,38.26495726495727,33.61538461538461,26.28033181034482
18458,2023-03-25 07:00:00,Asia/Bangkok,88.77482672566376,42.66086956521739,36.08695652173913,26.01654362831856
18459,2023-03-25 08:00:00,Asia/Bangkok,89.47504905172416,45.43965517241379,38.43965517241379,26.42508155172414
18460,2023-03-25 09:00:00,Asia/Bangkok,87.69093135135131,39.38793103448276,34.5948275862069,28.0845672972973
18461,2023-03-25 10:00:00,Asia/Bangkok,81.69238657894738,28.64655172413793,26.82758620689655,29.87332695652173
18462,2023-03-25 11:00:00,Asia/Bangkok,70.5534536607143,21.51282051282051,20.73504273504274,32.66539790909089
18463,2023-03-25 12:00:00,Asia/Bangkok,62.22406896551729,19.87931034482759,19.18103448275862,34.49679482758621
18464,2023-03-25 13:00:00,Asia/Bangkok,56.51997607142859,17.5,16.99137931034483,35.46363607142858
18465,2023-03-25 14:00:00,Asia/Bangkok,53.06729464285713,18.78632478632479,18.1965811965812,36.23016258928573
18466,2023-03-25 15:00:00,Asia/Bangkok,52.68400767857141,18.49137931034483,17.96551724137931,36.28428571428571
18467,2023-03-25 16:00:00,Asia/Bangkok,56.14756191304349,17.71551724137931,17.16379310344828,35.42349991304347
18468,2023-03-25 17:00:00,Asia/Bangkok,61.83931973451328,16.14655172413793,15.69827586206897,34.52088
18469,2023-03-25 18:00:00,Asia/Bangkok,67.54200736363633,17.37931034482759,15.98275862068965,32.76956445454546
18470,2023-03-25 19:00:00,Asia/Bangkok,72.78211226086957,20.30172413793104,19.48275862068965,30.89058208695653
18471,2023-03-25 20:00:00,Asia/Bangkok,76.00341095652175,29.5948275862069,26.70689655172414,30.03563547826089
18472,2023-03-25 21:00:00,Asia/Bangkok,78.49499794642854,36.76068376068376,32.52991452991453,29.51163964285713
18473,2023-03-25 22:00:00,Asia/Bangkok,80.01649567567566,39.94827586206897,34.43965517241379,28.89278684684685
18474,2023-03-25 23:00:00,Asia/Bangkok,82.19550098214283,40.6551724137931,35.07758620689656,27.98042258928573
18475,2023-03-26 00:00:00,Asia/Bangkok,82.92252625,46.6551724137931,39.07758620689656,27.5783955357143
18476,2023-03-26 01:00:00,Asia/Bangkok,84.32077577586207,46.11206896551724,38.75,26.99374741379309
18477,2023-03-26 02:00:00,Asia/Bangkok,84.90158261261257,39.41739130434782,34.42608695652174,26.72852540540538
18478,2023-03-26 03:00:00,Asia/Bangkok,84.95661194444448,38.34782608695652,33.70434782608696,26.44914944444446
18479,2023-03-26 04:00:00,Asia/Bangkok,85.84462442477879,39.28695652173913,34.03478260869565,26.00997477876108
18480,2023-03-26 05:00:00,Asia/Bangkok,86.51570929203537,37.82758620689656,33.19827586206897,25.61594946902658
18481,2023-03-26 06:00:00,Asia/Bangkok,87.09614634782608,36.8448275862069,32.81896551724138,25.22242565217393
18482,2023-03-26 07:00:00,Asia/Bangkok,87.38686565217388,37.87931034482759,33.24137931034483,24.93293730434785
18483,2023-03-26 08:00:00,Asia/Bangkok,89.15268359649126,49.56896551724138,41.17241379310344,25.42818956140351
18484,2023-03-26 09:00:00,Asia/Bangkok,87.14194500000004,26.49137931034483,24.63793103448276,27.20149964912281
18485,2023-03-26 10:00:00,Asia/Bangkok,77.33113,16.45689655172414,15.62068965517241,29.52437947368423
18486,2023-03-26 11:00:00,Asia/Bangkok,68.99108414414414,17.8448275862069,17.12931034482759,31.70055135135134
18487,2023-03-26 12:00:00,Asia/Bangkok,58.47492026086955,18.60683760683761,17.88034188034188,33.60273208695654
18488,2023-03-26 13:00:00,Asia/Bangkok,48.0324474074074,19.01724137931035,18.18103448275862,35.48868111111112
18489,2023-03-26 14:00:00,Asia/Bangkok,45.91296589285713,18.43103448275862,17.79310344827586,36.33576008928573
18490,2023-03-26 15:00:00,Asia/Bangkok,45.80544487179488,16.47008547008547,15.98290598290598,36.86897188034189
18491,2023-03-26 16:00:00,Asia/Bangkok,53.79212078947369,13.54310344827586,13.04310344827586,35.27811893805311
18492,2023-03-26 17:00:00,Asia/Bangkok,63.77051815789473,8.52212389380531,8.15929203539823,33.05208230088496
18493,2023-03-26 18:00:00,Asia/Bangkok,64.15439539130438,8.316239316239317,7.794871794871795,31.78590817391303
18494,2023-03-26 19:00:00,Asia/Bangkok,67.49488518181818,10.09565217391304,9.269565217391305,30.43581790909091
18495,2023-03-26 20:00:00,Asia/Bangkok,72.33764241071431,31.43965517241379,27.57758620689655,29.29589107142856
18496,2023-03-26 21:00:00,Asia/Bangkok,76.42444276785717,45.16379310344828,37.95689655172414,28.4503736607143
18497,2023-03-26 22:00:00,Asia/Bangkok,78.5398323684211,37.81196581196581,33.44444444444444,28.33029710526313
18498,2023-03-26 23:00:00,Asia/Bangkok,80.75815464285715,38.36521739130435,33.60869565217391,27.93903169642858
18499,2023-03-27 00:00:00,Asia/Bangkok,83.26032182608695,40.96581196581197,35.23931623931624,26.95078017391306
18500,2023-03-27 01:00:00,Asia/Bangkok,83.74583587719299,30.18103448275862,28.61206896551724,26.43408575221239
18501,2023-03-27 02:00:00,Asia/Bangkok,83.89305894736844,26.41379310344828,25.12068965517241,26.29124412280701
18502,2023-03-27 03:00:00,Asia/Bangkok,85.04792189655171,29.25862068965517,27.1551724137931,25.91134094827589
18503,2023-03-27 04:00:00,Asia/Bangkok,85.4158545614035,31.24137931034483,29.00862068965517,25.70799122807017
18504,2023-03-27 05:00:00,Asia/Bangkok,85.4331395652174,37.06034482758621,32.71551724137931,25.49960930434784
18505,2023-03-27 06:00:00,Asia/Bangkok,86.60500617391305,48.66666666666666,40.61538461538461,24.85925739130433
18506,2023-03-27 07:00:00,Asia/Bangkok,87.30838380530976,52.21551724137931,43.00862068965517,24.54294805309736
18507,2023-03-27 08:00:00,Asia/Bangkok,88.53196210526315,41.45689655172414,35.52586206896552,25.13562939130435
18508,2023-03-27 09:00:00,Asia/Bangkok,84.34093754385967,23.45299145299145,22.34188034188034,27.35551415929203
18509,2023-03-27 10:00:00,Asia/Bangkok,74.7201221238938,21.92241379310345,20.64655172413793,30.11693999999999
18510,2023-03-27 11:00:00,Asia/Bangkok,63.32043348623855,21.54782608695652,20.63478260869565,32.69586407407405
18511,2023-03-27 12:00:00,Asia/Bangkok,56.2689035652174,24.54310344827586,23.89655172413793,34.02386078947369
18512,2023-03-27 13:00:00,Asia/Bangkok,53.78251895652174,46.61739130434783,44.30434782608695,35.26114460869564
18513,2023-03-27 14:00:00,Asia/Bangkok,53.45046283185841,36.13793103448276,32.71551724137931,36.01565044247786
18514,2023-03-27 15:00:00,Asia/Bangkok,58.63613745614036,24.27586206896552,23.21551724137931,34.77829477876106
18515,2023-03-27 16:00:00,Asia/Bangkok,60.64956176991151,24.05172413793104,23.22413793103448,33.98776026548672
18516,2023-03-27 17:00:00,Asia/Bangkok,63.66338017699118,24.06034482758621,22.96551724137931,32.79676964601772
18517,2023-03-27 18:00:00,Asia/Bangkok,68.40634684684684,25.38793103448276,24.01724137931035,31.50300245454546
18518,2023-03-27 19:00:00,Asia/Bangkok,73.15041219298249,33.9059829059829,30.8974358974359,30.18844692982458
18519,2023-03-27 20:00:00,Asia/Bangkok,75.91413973913043,36.24137931034483,32.25862068965517,29.75025999999999
18520,2023-03-27 21:00:00,Asia/Bangkok,79.66570896551724,58.57758620689656,47.89655172413793,28.83572215517241
18521,2023-03-27 22:00:00,Asia/Bangkok,81.24057205357143,79.59482758620689,70.37068965517241,28.58587160714287
18522,2023-03-27 23:00:00,Asia/Bangkok,81.5822771428572,65.5982905982906,55.04273504273505,28.5740455357143
18523,2023-03-28 00:00:00,Asia/Bangkok,83.31802743362832,87.95689655172414,82.73275862068965,28.01255495575222
18524,2023-03-28 01:00:00,Asia/Bangkok,85.36054725663718,76.06086956521739,68.07758620689656,27.24484761061945
18525,2023-03-28 02:00:00,Asia/Bangkok,85.88960728070175,67.00862068965517,54.57758620689656,26.97445210526315
18526,2023-03-28 03:00:00,Asia/Bangkok,86.84933741071428,67.72413793103448,56.73275862068966,26.48684964285714
18527,2023-03-28 04:00:00,Asia/Bangkok,86.9686453097345,58.4051724137931,47.58620689655172,26.48181929203541
18528,2023-03-28 05:00:00,Asia/Bangkok,87.4327521818182,60.18803418803419,48.81196581196581,26.59841327272728
18529,2023-03-28 06:00:00,Asia/Bangkok,88.19101877192979,57.36752136752137,46.91452991452991,26.66368850877193
18530,2023-03-28 07:00:00,Asia/Bangkok,88.29929990990993,72.16521739130435,61.66086956521739,26.80721459459461
18531,2023-03-28 08:00:00,Asia/Bangkok,88.27259678571431,69.79310344827586,60.56034482758621,26.94152142857144
18532,2023-03-28 09:00:00,Asia/Bangkok,80.8547590350877,34.39655172413793,30.5948275862069,28.69656168141592
18533,2023-03-28 10:00:00,Asia/Bangkok,70.33685732142855,24.1551724137931,22.82758620689655,30.82617874999997
18534,2023-03-28 11:00:00,Asia/Bangkok,61.75630008771929,22.75862068965517,22.1551724137931,32.79401140350876
18535,2023-03-28 12:00:00,Asia/Bangkok,57.65486017391303,23.26724137931035,22.70689655172414,33.93666217391306
18536,2023-03-28 13:00:00,Asia/Bangkok,54.88109289473686,22.84070796460177,21.53097345132743,35.10530362831856
18537,2023-03-28 14:00:00,Asia/Bangkok,56.11401782608697,21.79310344827586,21.21551724137931,34.91476991304345
18538,2023-03-28 15:00:00,Asia/Bangkok,59.37282789473682,20.95652173913043,20.27826086956522,34.68518973684211
18539,2023-03-28 16:00:00,Asia/Bangkok,62.71040752212389,17.56034482758621,16.96551724137931,34.366345625
18540,2023-03-28 17:00:00,Asia/Bangkok,66.13018811965813,17.30769230769231,16.68376068376068,33.35142017094017
18541,2023-03-28 18:00:00,Asia/Bangkok,68.94733827586208,12.98275862068965,12.37068965517241,32.35026431034484
18542,2023-03-28 19:00:00,Asia/Bangkok,73.83631638888887,28.78260869565218,25.74782608695652,30.90434495327104
18543,2023-03-28 20:00:00,Asia/Bangkok,78.80860778761061,24.74137931034483,23.12931034482759,29.65258769911504
18544,2023-03-28 21:00:00,Asia/Bangkok,80.39492710526314,33.00862068965517,29.95689655172414,29.46085535087719
18545,2023-03-28 22:00:00,Asia/Bangkok,81.89458070175442,40.14655172413793,34.75862068965517,29.13013017543861
18546,2023-03-28 23:00:00,Asia/Bangkok,83.66646201754388,48.27826086956522,40.28695652173913,28.6318369298246
18547,2023-03-29 00:00:00,Asia/Bangkok,84.29627730434788,44.56896551724138,37.50862068965517,28.35641852173908
18548,2023-03-29 01:00:00,Asia/Bangkok,84.65645826086956,44.93103448275862,37.79310344827586,28.08457739130436
18549,2023-03-29 02:00:00,Asia/Bangkok,85.83401053097342,47.47368421052632,39.69298245614035,27.38170008771931
18550,2023-03-29 03:00:00,Asia/Bangkok,87.18611882882881,40.99145299145299,35.34188034188034,26.86881972727273
18551,2023-03-29 04:00:00,Asia/Bangkok,87.4094535714286,43.12280701754386,36.66666666666666,26.73037765765765
18552,2023-03-29 05:00:00,Asia/Bangkok,87.86364909909909,35.36206896551724,32.08620689655172,26.72789927927929
18553,2023-03-29 06:00:00,Asia/Bangkok,88.5621310526316,35.15384615384615,32.0,26.47697394736844
18554,2023-03-29 07:00:00,Asia/Bangkok,88.54452495575221,29.18103448275862,27.70689655172414,26.34807017699116
18555,2023-03-29 08:00:00,Asia/Bangkok,88.72920036363642,34.64655172413793,29.76724137931035,26.67951745454545
18556,2023-03-29 09:00:00,Asia/Bangkok,83.22594526315788,20.62931034482759,19.02586206896552,28.70946210526315
18557,2023-03-29 10:00:00,Asia/Bangkok,77.21960608695649,9.837606837606838,9.14655172413793,30.4631196521739
18558,2023-03-29 11:00:00,Asia/Bangkok,70.75472913793104,9.844827586206897,9.2991452991453,32.5228727826087
18559,2023-03-29 12:00:00,Asia/Bangkok,63.80389705357143,5.070175438596491,4.739130434782608,33.57280526785716
18560,2023-03-29 13:00:00,Asia/Bangkok,57.4707909649123,3.260869565217391,2.844827586206896,35.20414640350875
18561,2023-03-29 14:00:00,Asia/Bangkok,56.74019122807017,3.787610619469027,3.176991150442478,35.3080540350877
18562,2023-03-29 15:00:00,Asia/Bangkok,62.01574313043478,2.820512820512821,2.564102564102564,34.23051478260869
18563,2023-03-29 16:00:00,Asia/Bangkok,62.66620441441438,2.870689655172414,2.517241379310345,33.97423054054052
18564,2023-03-29 17:00:00,Asia/Bangkok,63.65723250000003,9.23076923076923,8.555555555555555,33.08195827586208
18565,2023-03-29 18:00:00,Asia/Bangkok,68.1370047413793,17.66379310344828,16.1551724137931,32.11937120689652
18566,2023-03-29 19:00:00,Asia/Bangkok,74.91908598214285,20.50862068965517,17.46551724137931,30.51201639639637
18567,2023-03-29 20:00:00,Asia/Bangkok,77.94213836363635,29.01724137931035,26.31034482758621,29.74435200000003
18568,2023-03-29 21:00:00,Asia/Bangkok,79.38555208695647,62.50427350427351,50.62393162393163,29.33183043478261
18569,2023-03-29 22:00:00,Asia/Bangkok,82.08495855855855,52.62068965517241,43.08620689655172,28.47123567567566
18570,2023-03-29 23:00:00,Asia/Bangkok,83.39551353448275,39.05128205128205,33.8034188034188,27.95711336206896
18571,2023-03-30 00:00:00,Asia/Bangkok,85.14853017699113,28.87931034482759,27.01724137931035,27.40031973451323
18572,2023-03-30 01:00:00,Asia/Bangkok,85.68362810810805,29.91379310344828,28.18103448275862,27.2523843243243
18573,2023-03-30 02:00:00,Asia/Bangkok,86.1145850877193,32.31034482758621,30.0948275862069,26.96196692982456
18574,2023-03-30 03:00:00,Asia/Bangkok,87.11142560344828,32.96581196581197,30.23076923076923,26.68765068965515
18575,2023-03-30 04:00:00,Asia/Bangkok,86.8368578571429,31.84347826086956,29.57391304347826,26.58040991071428
18576,2023-03-30 05:00:00,Asia/Bangkok,86.9152645535714,29.95726495726496,28.27350427350427,26.17964000000001
18577,2023-03-30 06:00:00,Asia/Bangkok,87.56029935779816,33.03448275862069,30.28448275862069,25.90360110091745
18578,2023-03-30 07:00:00,Asia/Bangkok,87.37590245614034,34.19827586206897,30.97413793103448,25.78493805309735
18579,2023-03-30 08:00:00,Asia/Bangkok,88.81980903508772,28.72173913043478,26.2695652173913,26.27833877192983
18580,2023-03-30 09:00:00,Asia/Bangkok,84.86306371681414,16.79130434782609,15.87826086956522,28.46575575221238
18581,2023-03-30 10:00:00,Asia/Bangkok,73.73721034482762,11.91304347826087,11.2,30.83924887931033
18582,2023-03-30 11:00:00,Asia/Bangkok,67.4882242477876,11.60526315789474,11.0,32.28101787610618
18583,2023-03-30 12:00:00,Asia/Bangkok,59.92897194690266,12.90434782608696,12.23478260869565,34.42798610619469
18584,2023-03-30 13:00:00,Asia/Bangkok,59.13088736363635,16.8034188034188,16.28205128205128,34.57680403669725
18585,2023-03-30 14:00:00,Asia/Bangkok,59.01163190909093,21.14782608695652,20.18260869565217,34.66044727272726
18586,2023-03-30 15:00:00,Asia/Bangkok,58.08473189189189,20.19130434782609,19.62608695652174,34.81997702702702
18587,2023-03-30 16:00:00,Asia/Bangkok,58.5640855263158,17.54700854700855,17.00854700854701,34.64494424778761
18588,2023-03-30 17:00:00,Asia/Bangkok,61.74950716814158,22.9051724137931,21.22413793103448,33.35820230088494
18589,2023-03-30 18:00:00,Asia/Bangkok,65.35244052173911,24.80172413793104,23.44827586206896,31.8681764347826
18590,2023-03-30 19:00:00,Asia/Bangkok,69.99473894736845,30.24786324786325,26.68376068376068,30.70871824561404
18591,2023-03-30 20:00:00,Asia/Bangkok,73.5774502631579,41.17241379310344,35.43103448275862,30.05270517543859
18592,2023-03-30 21:00:00,Asia/Bangkok,76.14691078947365,55.1551724137931,46.28448275862069,29.56883929824561
18593,2023-03-30 22:00:00,Asia/Bangkok,78.972989137931,49.71794871794872,41.02586206896552,28.82895327586206
18594,2023-03-30 23:00:00,Asia/Bangkok,80.58310439655175,48.68965517241379,40.2991452991453,28.21539732758619
18595,2023-03-31 00:00:00,Asia/Bangkok,82.43713761061949,49.67241379310344,41.07758620689656,27.70230424778761
18596,2023-03-31 01:00:00,Asia/Bangkok,83.05314460869566,52.52136752136752,43.21367521367522,27.2800431304348
18597,2023-03-31 02:00:00,Asia/Bangkok,82.86488289473682,51.07758620689656,42.14655172413793,26.9275559649123
18598,2023-03-31 03:00:00,Asia/Bangkok,83.38364564814816,45.20689655172414,38.04310344827586,26.41929317757009
18599,2023-03-31 04:00:00,Asia/Bangkok,82.6055124778761,39.25,34.32758620689656,26.01756000000001
18600,2023-03-31 05:00:00,Asia/Bangkok,84.16696741071426,41.6551724137931,35.9051724137931,25.38396203539824
18601,2023-03-31 06:00:00,Asia/Bangkok,85.74498344827589,43.41228070175438,36.8421052631579,24.86021121739132
18602,2023-03-31 07:00:00,Asia/Bangkok,85.28959945945944,45.23275862068966,37.93965517241379,25.12288090090092
18603,2023-03-31 08:00:00,Asia/Bangkok,85.52247107142854,41.26724137931034,35.56034482758621,25.56065044642858
18604,2023-03-31 09:00:00,Asia/Bangkok,81.6118566956522,35.20689655172414,32.07758620689656,27.95535800000001
18605,2023-03-31 10:00:00,Asia/Bangkok,74.1674368965517,24.16379310344828,23.38793103448276,30.45409939655174
18606,2023-03-31 11:00:00,Asia/Bangkok,67.90661000000001,23.08695652173913,22.22608695652174,31.87965692982455
18607,2023-03-31 12:00:00,Asia/Bangkok,62.55768247787609,23.1025641025641,22.43589743589743,33.64652619469027
18608,2023-03-31 13:00:00,Asia/Bangkok,58.4001455263158,30.76724137931035,28.6551724137931,34.52281429824563
18609,2023-03-31 14:00:00,Asia/Bangkok,59.34905517543859,28.75862068965517,27.27586206896552,34.53356657894735
18610,2023-03-31 15:00:00,Asia/Bangkok,60.74393954954954,23.0,22.11206896551724,34.57259981981984
18611,2023-03-31 16:00:00,Asia/Bangkok,60.66899591304347,22.19827586206896,21.36206896551724,34.28118113043477
18612,2023-03-31 17:00:00,Asia/Bangkok,62.99953561403506,22.68103448275862,21.78448275862069,33.40127408695652
18613,2023-03-31 18:00:00,Asia/Bangkok,66.87924417391307,20.76724137931035,19.95689655172414,32.20655433628318
18614,2023-03-31 19:00:00,Asia/Bangkok,71.81876815789472,25.10434782608696,23.76521739130435,30.8364002631579
18615,2023-03-31 20:00:00,Asia/Bangkok,75.65164169642856,28.33620689655172,26.68965517241379,29.83880410714285
18616,2023-03-31 21:00:00,Asia/Bangkok,77.79570131578947,32.08695652173913,29.64347826086956,29.49509165217387
18617,2023-03-31 22:00:00,Asia/Bangkok,80.53074318584066,32.18103448275862,29.72413793103448,28.9518729464286
18618,2023-03-31 23:00:00,Asia/Bangkok,80.88424705357143,37.9051724137931,33.5,28.72816294642858
18619,2023-04-01 00:00:00,Asia/Bangkok,81.61812560344828,39.96581196581197,34.52991452991453,28.29619844827585
18620,2023-04-01 01:00:00,Asia/Bangkok,83.03929955752214,39.06896551724138,34.14655172413793,27.71409690265487
18621,2023-04-01 02:00:00,Asia/Bangkok,83.94350357142856,38.2051282051282,33.64102564102564,27.28825714285714
18622,2023-04-01 03:00:00,Asia/Bangkok,84.75182096491221,36.11206896551724,32.44827586206897,26.86443043859649
18623,2023-04-01 04:00:00,Asia/Bangkok,85.0008202608696,38.87931034482759,34.06034482758621,26.59560652173913
18624,2023-04-01 05:00:00,Asia/Bangkok,85.7282105172414,43.85470085470085,37.2051282051282,26.18525939655171
18625,2023-04-01 06:00:00,Asia/Bangkok,86.0948926956522,40.87068965517241,35.51724137931034,25.83992452173912
18626,2023-04-01 07:00:00,Asia/Bangkok,86.0737701739131,48.05172413793103,40.0948275862069,25.76181286956521
18627,2023-04-01 08:00:00,Asia/Bangkok,86.67710921739128,42.87931034482759,36.82758620689656,26.06081869565218
18628,2023-04-01 09:00:00,Asia/Bangkok,84.58766508771932,36.43103448275862,32.06896551724138,27.93321666666666
18629,2023-04-01 10:00:00,Asia/Bangkok,77.02385948275865,20.70940170940171,19.73504273504274,30.01466965517242
18630,2023-04-01 11:00:00,Asia/Bangkok,69.82327596491233,19.2695652173913,18.44347826086956,31.4087651754386
18631,2023-04-01 12:00:00,Asia/Bangkok,61.50464794642853,22.12931034482759,21.12931034482759,33.62175375000001
18632,2023-04-01 13:00:00,Asia/Bangkok,57.50975464912279,21.70940170940171,20.86324786324786,34.93402210526315
18633,2023-04-01 14:00:00,Asia/Bangkok,56.95967905172415,24.97413793103448,24.0948275862069,34.6913488596491
18634,2023-04-01 15:00:00,Asia/Bangkok,54.47375410714286,26.93103448275862,25.71551724137931,35.12300339285714
18635,2023-04-01 16:00:00,Asia/Bangkok,54.1464643859649,24.73275862068965,24.0,34.99204263157894
18636,2023-04-01 17:00:00,Asia/Bangkok,55.77843947826086,23.7948717948718,22.97435897435897,33.94546295652175
18637,2023-04-01 18:00:00,Asia/Bangkok,61.53773826086959,20.26724137931035,19.56896551724138,32.34906947826087
18638,2023-04-01 19:00:00,Asia/Bangkok,68.02141535087719,26.21551724137931,24.11206896551724,31.03719096491226
18639,2023-04-01 20:00:00,Asia/Bangkok,71.78608260869566,46.05172413793103,39.23275862068966,30.46669695652174
18640,2023-04-01 21:00:00,Asia/Bangkok,76.75574292035401,51.93103448275862,42.87068965517241,29.24178008849557
18641,2023-04-01 22:00:00,Asia/Bangkok,77.86114188034188,35.78632478632478,32.03418803418803,28.99414991452991
18642,2023-04-01 23:00:00,Asia/Bangkok,80.72412107142857,41.20353982300885,35.2212389380531,28.2280924107143
18643,2023-04-02 00:00:00,Asia/Bangkok,82.27267360360362,49.20689655172414,40.82758620689656,27.70995324324324
18644,2023-04-02 01:00:00,Asia/Bangkok,83.60252217391306,49.91379310344828,41.27586206896552,27.22779513043482
18645,2023-04-02 02:00:00,Asia/Bangkok,83.39596017543855,49.01724137931034,40.75,26.98653789473686
18646,2023-04-02 03:00:00,Asia/Bangkok,84.1417810810811,47.95652173913044,40.09565217391305,26.72195372727272
18647,2023-04-02 04:00:00,Asia/Bangkok,85.18947088495571,49.58771929824562,41.19298245614035,26.32193097345134
18648,2023-04-02 05:00:00,Asia/Bangkok,85.09426405172417,44.74137931034483,37.56896551724138,25.96555387931036
18649,2023-04-02 06:00:00,Asia/Bangkok,85.23644087719299,41.62068965517241,35.38793103448276,25.57745052631579
18650,2023-04-02 07:00:00,Asia/Bangkok,84.76786513274338,30.66956521739131,28.71304347826087,25.20292044247787
18651,2023-04-02 08:00:00,Asia/Bangkok,84.7419869565218,33.91379310344828,30.47413793103448,25.54618686956523
18652,2023-04-02 09:00:00,Asia/Bangkok,82.81217070175444,27.31896551724138,25.02586206896552,27.856925
18653,2023-04-02 10:00:00,Asia/Bangkok,74.94148513274337,16.12931034482759,15.31896551724138,30.0824860176991
18654,2023-04-02 11:00:00,Asia/Bangkok,65.51065371681416,15.74358974358974,15.01709401709402,31.55000831858408
18655,2023-04-02 12:00:00,Asia/Bangkok,54.82535477876106,14.06086956521739,13.47413793103448,34.30491486725664
18656,2023-04-02 13:00:00,Asia/Bangkok,48.52179911504422,13.36206896551724,12.79310344827586,35.75407522123894
18657,2023-04-02 14:00:00,Asia/Bangkok,46.2441797368421,15.16521739130435,14.27826086956522,37.23171274336285
18658,2023-04-02 15:00:00,Asia/Bangkok,46.15740690265488,16.24786324786325,15.69230769230769,36.77036026548672
18659,2023-04-02 16:00:00,Asia/Bangkok,51.33816884955753,14.32758620689655,13.8448275862069,36.02645017699116
18660,2023-04-02 17:00:00,Asia/Bangkok,58.69367008620689,12.82905982905983,12.33333333333333,34.65218060344826
18661,2023-04-02 18:00:00,Asia/Bangkok,63.98380947368419,13.22413793103448,12.37391304347826,32.9591494736842
18662,2023-04-02 19:00:00,Asia/Bangkok,67.53386991071427,97.48672566371681,86.32743362831859,31.39374357142857
18663,2023-04-02 20:00:00,Asia/Bangkok,70.89407965217389,58.90434782608695,50.92241379310344,30.69852852173913
18664,2023-04-02 21:00:00,Asia/Bangkok,73.9243846902655,43.13675213675214,37.07692307692308,30.14078238938054
18665,2023-04-02 22:00:00,Asia/Bangkok,76.46709491228074,47.02586206896552,38.76724137931034,29.84158728070173
18666,2023-04-02 23:00:00,Asia/Bangkok,78.25529017543862,40.98275862068966,35.30172413793103,29.49165666666666
18667,2023-04-03 00:00:00,Asia/Bangkok,79.99584310344827,33.25641025641026,30.60683760683761,29.11104189655172
18668,2023-04-03 01:00:00,Asia/Bangkok,81.39388375,33.45132743362832,30.74336283185841,28.72673276785715
18669,2023-04-03 02:00:00,Asia/Bangkok,81.01999018018019,32.86086956521739,30.51304347826087,28.58913810810809
18670,2023-04-03 03:00:00,Asia/Bangkok,82.78486504347825,25.61538461538462,24.21367521367521,27.76377086956522
18671,2023-04-03 04:00:00,Asia/Bangkok,80.79791359649124,12.85344827586207,12.30172413793103,27.75135499999999
18672,2023-04-03 05:00:00,Asia/Bangkok,81.9324528318584,11.36206896551724,10.80172413793103,27.38618761061943
18673,2023-04-03 06:00:00,Asia/Bangkok,82.88025373913044,12.06896551724138,11.56896551724138,27.09988948275864
18674,2023-04-03 07:00:00,Asia/Bangkok,85.77116263157893,16.37606837606837,15.28205128205128,26.483465
18675,2023-04-03 08:00:00,Asia/Bangkok,87.2229840869565,19.18965517241379,18.21551724137931,26.59021678260871
18676,2023-04-03 09:00:00,Asia/Bangkok,81.5158045217392,15.64347826086957,14.86086956521739,28.67978330434783
18677,2023-04-03 10:00:00,Asia/Bangkok,72.7373286956522,14.35344827586207,13.68103448275862,30.89462226086956
18678,2023-04-03 11:00:00,Asia/Bangkok,65.96095752212389,18.8,18.06086956521739,32.9236221238938
18679,2023-04-03 12:00:00,Asia/Bangkok,60.96980616071431,21.81034482758621,21.14529914529914,34.25018830357143
18680,2023-04-03 13:00:00,Asia/Bangkok,60.33013061403509,29.1551724137931,28.01724137931035,34.58929122807017
18681,2023-04-03 14:00:00,Asia/Bangkok,67.02415165217394,29.3448275862069,27.39655172413793,32.83875105263157
18682,2023-04-03 15:00:00,Asia/Bangkok,75.8859823478261,20.79310344827586,20.06034482758621,30.82412608695652
18683,2023-04-03 16:00:00,Asia/Bangkok,85.35839368421053,20.91379310344828,20.07758620689655,27.46942315789473
18684,2023-04-03 17:00:00,Asia/Bangkok,84.8848625892857,32.58260869565218,30.09565217391305,27.53824232142857
18685,2023-04-03 18:00:00,Asia/Bangkok,85.56650526315791,46.54782608695652,39.34782608695652,27.59382780701753
18686,2023-04-03 19:00:00,Asia/Bangkok,83.87153805309731,44.61206896551724,38.16379310344828,27.62346955752215
18687,2023-04-03 20:00:00,Asia/Bangkok,86.10696894736836,70.03448275862068,58.68965517241379,27.14907526315788
18688,2023-04-03 21:00:00,Asia/Bangkok,86.83277887931034,58.25641025641026,47.34188034188034,26.73247310344829
18689,2023-04-03 22:00:00,Asia/Bangkok,86.86238245614034,53.78448275862069,44.21551724137931,26.65028947368422
18690,2023-04-03 23:00:00,Asia/Bangkok,87.82597539823007,54.83620689655172,44.97413793103448,26.45844964601768
18691,2023-04-04 00:00:00,Asia/Bangkok,88.06986504424778,51.74782608695652,42.81739130434783,26.2482825
18692,2023-04-04 01:00:00,Asia/Bangkok,87.60878417391307,43.15384615384615,36.50427350427351,26.01734799999998
18693,2023-04-04 02:00:00,Asia/Bangkok,89.02136017543857,38.64655172413793,33.93965517241379,25.6810072807018
18694,2023-04-04 03:00:00,Asia/Bangkok,88.9899112173913,35.10344827586207,31.72413793103448,25.54880122807019
18695,2023-04-04 04:00:00,Asia/Bangkok,89.39809869565218,25.75,24.62931034482759,25.58111347826086
18696,2023-04-04 05:00:00,Asia/Bangkok,88.79872692982457,27.09565217391305,26.13913043478261,25.7427515789474
18697,2023-04-04 06:00:00,Asia/Bangkok,89.71855442477873,29.01724137931035,27.6551724137931,25.68798070796462
18698,2023-04-04 07:00:00,Asia/Bangkok,89.3127296491228,31.77777777777778,29.81196581196581,26.02147052631581
18699,2023-04-04 08:00:00,Asia/Bangkok,90.05923857142857,33.28448275862069,30.94827586206896,26.67661098214287
18700,2023-04-04 09:00:00,Asia/Bangkok,85.85468631578944,29.82758620689655,28.44827586206896,28.4175294736842
18701,2023-04-04 10:00:00,Asia/Bangkok,74.17871072727272,24.35652173913044,23.56034482758621,31.33438372727273
18702,2023-04-04 11:00:00,Asia/Bangkok,64.05371672413794,23.62931034482759,22.99137931034483,33.30634834782608
18703,2023-04-04 12:00:00,Asia/Bangkok,60.3684783333333,24.98275862068965,24.31896551724138,34.34359780701756
18704,2023-04-04 13:00:00,Asia/Bangkok,59.04756446428572,28.10344827586207,27.02586206896552,35.07403071428573
18705,2023-04-04 14:00:00,Asia/Bangkok,56.61715539823009,28.88888888888889,27.96581196581197,35.79828473214285
18706,2023-04-04 15:00:00,Asia/Bangkok,55.43277565217389,28.47413793103448,27.77586206896552,36.04803156521739
18707,2023-04-04 16:00:00,Asia/Bangkok,52.45981477876107,28.56896551724138,27.82758620689655,36.63797699115043
18708,2023-04-04 17:00:00,Asia/Bangkok,52.50620191304351,33.01724137931034,30.87931034482759,36.7618912173913
18709,2023-04-04 18:00:00,Asia/Bangkok,68.7309071304348,34.64957264957265,32.1025641025641,32.8313771304348
18710,2023-04-04 19:00:00,Asia/Bangkok,71.84799313043479,34.14159292035398,31.92920353982301,31.46892930434782
18711,2023-04-04 20:00:00,Asia/Bangkok,74.78829902654867,57.35344827586207,49.68965517241379,30.92382637168141
18712,2023-04-04 21:00:00,Asia/Bangkok,70.37920034782611,14.8974358974359,14.31623931623932,29.69116452173913
18713,2023-04-04 22:00:00,Asia/Bangkok,74.174405046729,15.14655172413793,14.36206896551724,28.84969046728971
18714,2023-04-04 23:00:00,Asia/Bangkok,78.1574376576577,16.06034482758621,15.28448275862069,28.27622675675674
18715,2023-04-05 00:00:00,Asia/Bangkok,79.12902684684678,16.76724137931035,15.95689655172414,28.12878108108106
18716,2023-04-05 01:00:00,Asia/Bangkok,81.5507792857143,19.91228070175439,18.66666666666667,27.43562848214284
18717,2023-04-05 02:00:00,Asia/Bangkok,83.17230938596488,21.25217391304348,20.02586206896552,27.21292842105264
18718,2023-04-05 03:00:00,Asia/Bangkok,84.53573704347832,21.49565217391304,20.33043478260869,27.07927947826088
18719,2023-04-05 04:00:00,Asia/Bangkok,86.40711791304348,21.94827586206896,20.85344827586207,26.75638313043477
18720,2023-04-05 05:00:00,Asia/Bangkok,87.01006162162165,21.68695652173913,20.55652173913044,26.65033909909911
18721,2023-04-05 06:00:00,Asia/Bangkok,87.87889155172417,24.87068965517241,23.51724137931035,26.38898818965517
18722,2023-04-05 07:00:00,Asia/Bangkok,86.71942099999997,28.11111111111111,26.60683760683761,26.50155063636364
18723,2023-04-05 08:00:00,Asia/Bangkok,87.24337707964604,32.46086956521739,30.09565217391305,26.97337455357141
18724,2023-04-05 09:00:00,Asia/Bangkok,79.95624902654863,25.23275862068965,23.95689655172414,29.55827495575222
18725,2023-04-05 10:00:00,Asia/Bangkok,69.65993798245617,21.96521739130435,21.08695652173913,32.01282149122807
18726,2023-04-05 11:00:00,Asia/Bangkok,65.97475263636363,22.27826086956522,21.52586206896552,32.64267463636363
18727,2023-04-05 12:00:00,Asia/Bangkok,60.11826434782609,20.37606837606837,19.71794871794872,34.27498173913043
18728,2023-04-05 13:00:00,Asia/Bangkok,54.67991500000002,20.27586206896552,19.5948275862069,35.74975185840708
18729,2023-04-05 14:00:00,Asia/Bangkok,53.39231313043476,21.5,20.83620689655172,35.63234373913045
18730,2023-04-05 15:00:00,Asia/Bangkok,53.13503289473682,21.64957264957265,20.76068376068376,35.51919754385964
18731,2023-04-05 16:00:00,Asia/Bangkok,75.74748339130439,28.75,26.49137931034483,29.35142860869565
18732,2023-04-05 17:00:00,Asia/Bangkok,88.53618939130435,28.48717948717949,27.18803418803419,26.13895339130434
18733,2023-04-05 18:00:00,Asia/Bangkok,88.65910389380532,29.91379310344828,28.23275862068965,25.91939796460177
18734,2023-04-05 19:00:00,Asia/Bangkok,89.427918362069,34.36206896551724,31.42241379310345,26.03657034482759
18735,2023-04-05 20:00:00,Asia/Bangkok,89.1005759821428,33.60683760683761,30.88034188034188,25.94634624999998
18736,2023-04-05 21:00:00,Asia/Bangkok,89.50961267857144,36.25217391304348,32.58260869565218,25.79468723214285
18737,2023-04-05 22:00:00,Asia/Bangkok,89.37650965217392,39.55555555555556,34.58974358974359,25.70806315789475
18738,2023-04-05 23:00:00,Asia/Bangkok,89.597571875,47.50862068965517,39.77586206896552,25.61200919642859
18739,2023-04-06 00:00:00,Asia/Bangkok,90.52601267857139,41.90265486725664,35.90265486725664,25.28326946428574
18740,2023-04-06 01:00:00,Asia/Bangkok,91.12510946902654,36.35042735042735,32.67521367521368,24.86891539823008
18741,2023-04-06 02:00:00,Asia/Bangkok,91.10842131578949,27.6551724137931,26.5,24.66201368421051
18742,2023-04-06 03:00:00,Asia/Bangkok,91.31424421052633,29.6551724137931,27.67241379310345,24.55091561403508
18743,2023-04-06 04:00:00,Asia/Bangkok,91.29890307017546,27.68103448275862,26.48275862068965,24.76657964912282
18744,2023-04-06 05:00:00,Asia/Bangkok,90.09977166666667,31.64655172413793,28.86206896551724,25.15176377192984
18745,2023-04-06 06:00:00,Asia/Bangkok,90.9212421818182,26.62068965517241,25.48275862068965,24.85179381818181
18746,2023-04-06 07:00:00,Asia/Bangkok,91.55988963636362,28.80172413793104,27.44827586206896,24.65661590909088
18747,2023-04-06 08:00:00,Asia/Bangkok,92.37753339130438,34.55172413793103,31.61206896551724,25.10604600000001
18748,2023-04-06 09:00:00,Asia/Bangkok,89.51012407079648,35.64601769911504,32.07964601769911,26.94780522123893
18749,2023-04-06 10:00:00,Asia/Bangkok,79.93768772727275,29.21551724137931,28.07758620689655,29.88779436363636
18750,2023-04-06 11:00:00,Asia/Bangkok,70.77177354545455,27.26724137931035,26.43965517241379,32.68828963636364
18751,2023-04-06 12:00:00,Asia/Bangkok,64.91879903508772,27.08695652173913,26.33043478260869,33.89107245614035
18752,2023-04-06 13:00:00,Asia/Bangkok,63.6326476724138,26.94782608695652,26.11304347826087,34.29750982758621
18753,2023-04-06 14:00:00,Asia/Bangkok,57.74803902654869,24.68103448275862,24.03448275862069,35.43673265486725
18754,2023-04-06 15:00:00,Asia/Bangkok,59.07037807017542,25.51724137931035,24.74137931034483,35.64222973451328
18755,2023-04-06 16:00:00,Asia/Bangkok,62.60790554545454,26.70434782608696,25.85217391304348,35.09015409090909
18756,2023-04-06 17:00:00,Asia/Bangkok,66.74351052631577,24.67241379310345,24.02586206896552,33.72621429824561
18757,2023-04-06 18:00:00,Asia/Bangkok,68.84743672566373,25.53846153846154,24.76068376068376,32.41020946902655
18758,2023-04-06 19:00:00,Asia/Bangkok,69.1021565486726,30.65486725663717,28.70796460176991,31.81598964285716
18759,2023-04-06 20:00:00,Asia/Bangkok,72.02118000000002,30.17094017094017,28.63247863247863,30.31515840707965
18760,2023-04-06 21:00:00,Asia/Bangkok,75.29164707964603,25.55172413793104,24.55172413793104,28.93658522123894
18761,2023-04-06 22:00:00,Asia/Bangkok,77.49753369369373,27.77586206896552,26.51724137931035,28.45967954545454
18762,2023-04-06 23:00:00,Asia/Bangkok,80.22538752212394,29.9051724137931,27.88793103448276,27.56859831858407
18763,2023-04-07 00:00:00,Asia/Bangkok,83.23043939130436,30.54782608695652,29.0695652173913,27.17987043478258
18764,2023-04-07 01:00:00,Asia/Bangkok,84.50008754385962,30.27586206896552,28.81034482758621,27.17793385964912
18765,2023-04-07 02:00:00,Asia/Bangkok,86.13270617391306,30.86206896551724,29.35344827586207,26.84965704347828
18766,2023-04-07 03:00:00,Asia/Bangkok,87.16905196581195,35.0940170940171,31.97435897435897,26.62237623931623
18767,2023-04-07 04:00:00,Asia/Bangkok,87.69396247706423,39.01724137931034,34.28448275862069,26.56405633027522
18768,2023-04-07 05:00:00,Asia/Bangkok,89.17035055045878,35.68965517241379,32.4051724137931,25.95004935779818
18769,2023-04-07 06:00:00,Asia/Bangkok,88.96702405405408,37.52136752136752,33.48717948717949,25.9783991891892
18770,2023-04-07 07:00:00,Asia/Bangkok,89.52597707964598,38.66379310344828,34.08620689655172,25.89609743362834
18771,2023-04-07 08:00:00,Asia/Bangkok,90.10943552631578,46.88034188034188,39.52136752136752,26.3847192920354
18772,2023-04-07 09:00:00,Asia/Bangkok,83.94875115044246,38.13793103448276,33.80172413793103,28.66903256637169
18773,2023-04-07 10:00:00,Asia/Bangkok,72.86104035087725,32.84347826086957,30.74782608695652,31.33010640350876
18774,2023-04-07 11:00:00,Asia/Bangkok,65.85974036036033,29.30973451327434,28.41592920353982,33.07936571428571
18775,2023-04-07 12:00:00,Asia/Bangkok,58.1087230172414,31.08620689655172,29.43965517241379,35.00250051724138
18776,2023-04-07 13:00:00,Asia/Bangkok,53.17120339130433,26.30434782608696,24.9051724137931,36.02527773913043
18777,2023-04-07 14:00:00,Asia/Bangkok,51.66308121739127,26.98275862068965,24.85344827586207,36.49740517543859
18778,2023-04-07 15:00:00,Asia/Bangkok,53.73849415929206,20.73451327433628,20.01769911504425,35.84385159292037
18779,2023-04-07 16:00:00,Asia/Bangkok,60.91129504347825,22.49137931034483,21.8448275862069,35.14618234782608
18780,2023-04-07 17:00:00,Asia/Bangkok,61.60335526785716,20.58620689655172,19.85344827586207,34.44283630630632
18781,2023-04-07 18:00:00,Asia/Bangkok,63.51869070796464,20.75,19.96551724137931,33.26826070796459
18782,2023-04-07 19:00:00,Asia/Bangkok,69.11005732142857,30.20689655172414,27.51724137931035,32.06251651785716
18783,2023-04-07 20:00:00,Asia/Bangkok,74.74010754385966,51.99145299145299,44.46153846153846,30.6777509649123
18784,2023-04-07 21:00:00,Asia/Bangkok,77.22313216216217,110.5701754385965,106.0614035087719,29.90765531531532
18785,2023-04-07 22:00:00,Asia/Bangkok,79.77031843478261,53.5,45.05217391304348,29.36227208695651
18786,2023-04-07 23:00:00,Asia/Bangkok,81.85338973451324,60.52173913043478,49.12931034482759,28.78736017857142
18787,2023-04-08 00:00:00,Asia/Bangkok,84.72157474137933,53.06034482758621,43.97413793103448,27.86535775862069
18788,2023-04-08 01:00:00,Asia/Bangkok,84.70273719298245,50.2,42.01739130434783,27.74568719298242
18789,2023-04-08 02:00:00,Asia/Bangkok,85.78372424778763,49.01724137931034,40.98275862068966,27.35993530973449
18790,2023-04-08 03:00:00,Asia/Bangkok,85.64326179245288,49.89655172413793,41.75,27.27456556603774
18791,2023-04-08 04:00:00,Asia/Bangkok,86.27817118181817,49.45689655172414,41.4051724137931,26.97087486238532
18792,2023-04-08 05:00:00,Asia/Bangkok,86.98642114035088,47.42241379310344,39.8448275862069,26.7481335964912
18793,2023-04-08 06:00:00,Asia/Bangkok,87.14022070796457,48.50862068965517,40.66666666666666,26.56027858407082
18794,2023-04-08 07:00:00,Asia/Bangkok,88.9789037719299,48.73275862068966,40.73275862068966,26.20588596491231
18795,2023-04-08 08:00:00,Asia/Bangkok,89.47505726495726,44.97435897435897,38.02564102564103,26.87293784482758
18796,2023-04-08 09:00:00,Asia/Bangkok,83.21266614035089,32.47413793103448,29.38793103448276,29.38339149122807
18797,2023-04-08 10:00:00,Asia/Bangkok,74.577992,23.28205128205128,21.35897435897436,31.12516522123893
18798,2023-04-08 11:00:00,Asia/Bangkok,68.33860705357145,15.47826086956522,15.02586206896552,32.8651905357143
18799,2023-04-08 12:00:00,Asia/Bangkok,61.31358815789474,13.83620689655172,13.45689655172414,34.27395947826086
18800,2023-04-08 13:00:00,Asia/Bangkok,56.23650698275863,12.39316239316239,11.8974358974359,35.15675749999999
18801,2023-04-08 14:00:00,Asia/Bangkok,53.36042855855855,9.504424778761061,9.212389380530974,35.63001532110093
18802,2023-04-08 15:00:00,Asia/Bangkok,53.6972943362832,9.793103448275861,9.491379310344827,35.30617079646018
18803,2023-04-08 16:00:00,Asia/Bangkok,55.51924094827584,9.162393162393162,8.786324786324787,34.68426173913043
18804,2023-04-08 17:00:00,Asia/Bangkok,58.82871000000002,9.577586206896552,9.224137931034482,33.8513451754386
18805,2023-04-08 18:00:00,Asia/Bangkok,65.13272270270271,10.49137931034483,10.1551724137931,32.44439154545454
18806,2023-04-08 19:00:00,Asia/Bangkok,70.81525060869566,44.87179487179487,38.94871794871795,31.34885643478261
18807,2023-04-08 20:00:00,Asia/Bangkok,76.46179060869564,67.43103448275862,58.77586206896552,30.18978368421052
18808,2023-04-08 21:00:00,Asia/Bangkok,81.5552752586207,26.46153846153846,24.36752136752137,29.07807474137931
18809,2023-04-08 22:00:00,Asia/Bangkok,82.2431831578948,27.29565217391304,25.62608695652174,28.98916477876106
18810,2023-04-08 23:00:00,Asia/Bangkok,82.45633069565214,33.88034188034188,30.90598290598291,28.78836130434782
18811,2023-04-09 00:00:00,Asia/Bangkok,85.12335617391304,42.75,36.52586206896552,27.85943747826085
18812,2023-04-09 01:00:00,Asia/Bangkok,86.1684764545454,44.1551724137931,37.26724137931034,27.50273063636362
18813,2023-04-09 02:00:00,Asia/Bangkok,86.95593617391305,42.73275862068966,36.1551724137931,27.04198686956519
18814,2023-04-09 03:00:00,Asia/Bangkok,86.39687144144146,41.56896551724138,35.6551724137931,26.90839693693695
18815,2023-04-09 04:00:00,Asia/Bangkok,86.79170946902651,43.23076923076923,36.47863247863248,26.54331159292035
18816,2023-04-09 05:00:00,Asia/Bangkok,87.48603666666665,45.49565217391304,38.2,26.2027011403509
18817,2023-04-09 06:00:00,Asia/Bangkok,87.68734787610619,45.23931623931624,37.73504273504273,26.05416407079646
18818,2023-04-09 07:00:00,Asia/Bangkok,88.3292525663717,41.64655172413793,35.24137931034483,25.87253734513273
18819,2023-04-09 08:00:00,Asia/Bangkok,89.13927306306309,32.12173913043478,29.41739130434783,26.58872585585585
18820,2023-04-09 09:00:00,Asia/Bangkok,84.30668517543857,14.68103448275862,13.79310344827586,28.93971894736843
18821,2023-04-09 10:00:00,Asia/Bangkok,75.87089530973451,6.094827586206897,5.655172413793103,30.79631522123894
18822,2023-04-09 11:00:00,Asia/Bangkok,73.121516460177,5.895652173913043,5.478260869565218,31.2285307079646
18823,2023-04-09 12:00:00,Asia/Bangkok,65.93631327433627,8.068965517241379,7.362068965517241,32.83382415929204
18824,2023-04-09 13:00:00,Asia/Bangkok,60.00391486956521,7.353448275862069,7.017241379310345,34.28953956521741
18825,2023-04-09 14:00:00,Asia/Bangkok,57.55784026086958,6.982758620689655,6.741379310344827,34.5423167826087
18826,2023-04-09 15:00:00,Asia/Bangkok,55.70127672566372,8.991150442477876,8.769911504424778,34.92539920353982
18827,2023-04-09 16:00:00,Asia/Bangkok,56.28816254385966,10.82758620689655,10.36206896551724,34.36121289473684
18828,2023-04-09 17:00:00,Asia/Bangkok,59.03314387931037,10.28205128205128,9.931623931623932,33.62711922413792
18829,2023-04-09 18:00:00,Asia/Bangkok,63.21866758620688,13.24137931034483,12.57758620689655,32.62167460869566
18830,2023-04-09 19:00:00,Asia/Bangkok,68.0295763478261,24.10344827586207,21.6551724137931,31.55614365217391
18831,2023-04-09 20:00:00,Asia/Bangkok,73.71783421052632,39.45614035087719,34.31578947368421,30.3731454385965
18832,2023-04-09 21:00:00,Asia/Bangkok,78.07222730434782,57.04347826086956,47.16379310344828,29.45257469565213
18833,2023-04-09 22:00:00,Asia/Bangkok,80.94455956140347,44.35344827586207,37.52586206896552,28.88398389380532
18834,2023-04-09 23:00:00,Asia/Bangkok,82.28080592920357,37.16379310344828,33.18103448275862,28.60376336283185
18835,2023-04-10 00:00:00,Asia/Bangkok,82.90826219298248,33.25862068965517,30.77586206896552,28.1478699122807
18836,2023-04-10 01:00:00,Asia/Bangkok,83.77283280701758,31.26724137931035,29.06896551724138,27.75582877192984
18837,2023-04-10 02:00:00,Asia/Bangkok,85.40316728070174,33.54700854700855,30.88888888888889,27.18709263157895
18838,2023-04-10 03:00:00,Asia/Bangkok,86.23016556521736,37.0948275862069,32.9051724137931,26.96478217391301
18839,2023-04-10 04:00:00,Asia/Bangkok,86.18707877192979,37.42241379310344,33.08620689655172,26.76478736842105
18840,2023-04-10 05:00:00,Asia/Bangkok,86.97606228070177,37.49572649572649,33.07692307692308,26.49667377192983
18841,2023-04-10 06:00:00,Asia/Bangkok,87.14644379310344,34.98275862068966,31.61206896551724,26.27400077586207
18842,2023-04-10 07:00:00,Asia/Bangkok,88.46789327433629,35.69026548672566,32.2212389380531,25.82485026548673
18843,2023-04-10 08:00:00,Asia/Bangkok,89.01492226086954,40.28205128205128,34.98290598290598,26.39790591304348
18844,2023-04-10 09:00:00,Asia/Bangkok,84.59194443478259,39.87068965517241,34.67241379310344,28.37283513043479
18845,2023-04-10 10:00:00,Asia/Bangkok,75.99318630630628,17.85344827586207,17.10344827586207,30.5420390990991
18846,2023-04-10 11:00:00,Asia/Bangkok,71.19035695652171,20.5,19.79310344827586,31.76097130434782
18847,2023-04-10 12:00:00,Asia/Bangkok,67.26515234782607,25.01709401709402,23.8974358974359,32.95551434782609
18848,2023-04-10 13:00:00,Asia/Bangkok,62.75381131578951,28.20689655172414,26.81034482758621,33.92993486725665
18849,2023-04-10 14:00:00,Asia/Bangkok,60.83462756756756,26.67241379310345,25.68103448275862,34.42712666666666
18850,2023-04-10 15:00:00,Asia/Bangkok,59.16890125000001,27.55172413793104,26.64655172413793,34.81257491071428
18851,2023-04-10 16:00:00,Asia/Bangkok,59.43285573913044,63.89655172413793,59.19827586206897,34.52515692982455
18852,2023-04-10 17:00:00,Asia/Bangkok,63.23323714285716,34.81896551724138,31.75,33.67835633928569
18853,2023-04-10 18:00:00,Asia/Bangkok,68.7022475221239,29.6283185840708,28.3716814159292,32.50969008771932
18854,2023-04-10 19:00:00,Asia/Bangkok,72.89401844827583,42.24137931034483,36.35344827586207,31.73417672413789
18855,2023-04-10 20:00:00,Asia/Bangkok,76.59525701754389,49.5948275862069,41.33620689655172,31.03972008771931
18856,2023-04-10 21:00:00,Asia/Bangkok,79.71718168141594,48.31304347826087,39.82608695652174,30.27285637168143
18857,2023-04-10 22:00:00,Asia/Bangkok,80.560248761062,46.38793103448276,38.98275862068966,29.89492548672566
18858,2023-04-10 23:00:00,Asia/Bangkok,81.64951154545453,47.83620689655172,40.21551724137931,29.36555136363635
18859,2023-04-11 00:00:00,Asia/Bangkok,82.78951401785716,50.96551724137931,42.42105263157895,28.89422410714286
18860,2023-04-11 01:00:00,Asia/Bangkok,83.24151930434782,53.14529914529915,43.96581196581197,28.49950121739131
18861,2023-04-11 02:00:00,Asia/Bangkok,84.33904783783784,55.25862068965517,45.41379310344828,28.20246828828828
18862,2023-04-11 03:00:00,Asia/Bangkok,86.1598556521739,53.41379310344828,44.10344827586207,27.61959382608696
18863,2023-04-11 04:00:00,Asia/Bangkok,86.9976427350427,52.86324786324786,43.76923076923077,27.36785102564104
18864,2023-04-11 05:00:00,Asia/Bangkok,87.53417548672566,49.11206896551724,41.11206896551724,27.00898584070798
18865,2023-04-11 06:00:00,Asia/Bangkok,87.88599787610622,50.37931034482759,41.81034482758621,26.5318271681416
18866,2023-04-11 07:00:00,Asia/Bangkok,88.24494700854696,51.87068965517241,42.86206896551724,26.33560448275862
18867,2023-04-11 08:00:00,Asia/Bangkok,88.98984408695652,50.82905982905983,41.99137931034483,26.72296686956522
18868,2023-04-11 09:00:00,Asia/Bangkok,84.90154243478266,48.81034482758621,40.52586206896552,28.58785452173912
18869,2023-04-11 10:00:00,Asia/Bangkok,74.21186855855855,45.39473684210526,38.43362831858407,30.99524927927926
18870,2023-04-11 11:00:00,Asia/Bangkok,69.87021789473687,52.11304347826087,44.29565217391304,32.22566919642858
18871,2023-04-11 12:00:00,Asia/Bangkok,64.77549525862068,41.49572649572649,35.88888888888889,33.92136241379309
18872,2023-04-11 13:00:00,Asia/Bangkok,62.95754666666669,42.21551724137931,37.00862068965517,34.94196263157893
18873,2023-04-11 14:00:00,Asia/Bangkok,59.97738428571429,43.64655172413793,37.51724137931034,35.46914303571429
18874,2023-04-11 15:00:00,Asia/Bangkok,57.88666530434784,42.07692307692308,36.35042735042735,36.10141582608697
18875,2023-04-11 16:00:00,Asia/Bangkok,63.10601473214286,40.35344827586207,35.24561403508772,35.12884017699115
18876,2023-04-11 17:00:00,Asia/Bangkok,68.59712410714285,39.7280701754386,34.7719298245614,34.035535625
18877,2023-04-11 18:00:00,Asia/Bangkok,72.43124150442475,42.68965517241379,36.75,32.75660263157896
18878,2023-04-11 19:00:00,Asia/Bangkok,74.00665426086957,43.49122807017544,37.14159292035398,31.93637513043475
18879,2023-04-11 20:00:00,Asia/Bangkok,75.89144263157894,52.06896551724138,43.05982905982906,31.32584201754383
18880,2023-04-11 21:00:00,Asia/Bangkok,78.98846105263156,67.05172413793103,56.64655172413793,30.63790499999999
18881,2023-04-11 22:00:00,Asia/Bangkok,81.17829283185834,65.43478260869566,54.82758620689656,30.20505324561403
18882,2023-04-11 23:00:00,Asia/Bangkok,82.44980336283184,54.79310344827586,44.95689655172414,29.98158070796463
18883,2023-04-12 00:00:00,Asia/Bangkok,82.89377054054053,53.64347826086956,44.42241379310344,29.80789189189188
18884,2023-04-12 01:00:00,Asia/Bangkok,84.3621311111111,55.13675213675214,45.33333333333334,29.28002220183485
18885,2023-04-12 02:00:00,Asia/Bangkok,84.66722963963963,58.29310344827586,47.62068965517241,29.14877540540544
18886,2023-04-12 03:00:00,Asia/Bangkok,85.26271437500004,59.33928571428572,48.21929824561403,28.88687649122809
18887,2023-04-12 04:00:00,Asia/Bangkok,85.53017728070175,54.13913043478261,44.75438596491228,28.55027192982456
18888,2023-04-12 05:00:00,Asia/Bangkok,87.02207,54.24137931034483,44.79310344827586,28.06744853448274
18889,2023-04-12 06:00:00,Asia/Bangkok,86.88924230088492,53.77586206896552,44.42241379310344,27.89946438596493
18890,2023-04-12 07:00:00,Asia/Bangkok,87.86163622807022,53.78260869565217,44.46086956521739,27.60860850877191
18891,2023-04-12 08:00:00,Asia/Bangkok,89.84841342105261,51.46551724137931,42.68103448275862,27.66749451327431
18892,2023-04-12 09:00:00,Asia/Bangkok,85.68915965217396,49.96581196581197,41.78448275862069,29.1490927586207
18893,2023-04-12 10:00:00,Asia/Bangkok,77.22538824561404,45.8141592920354,38.91150442477876,30.94698690265487
18894,2023-04-12 11:00:00,Asia/Bangkok,70.27364071428569,46.88793103448276,39.64347826086956,32.62912991071429
18895,2023-04-12 12:00:00,Asia/Bangkok,63.31910535087723,47.41025641025641,40.06034482758621,34.41370561403509
18896,2023-04-12 13:00:00,Asia/Bangkok,57.72100521739132,47.37931034482759,40.03448275862069,35.74568508771932
18897,2023-04-12 14:00:00,Asia/Bangkok,56.06742330357143,49.77391304347826,41.84347826086957,36.35069424778759
18898,2023-04-12 15:00:00,Asia/Bangkok,55.7880495689655,51.7280701754386,43.49122807017544,36.50801301724136
18899,2023-04-12 16:00:00,Asia/Bangkok,53.48616051724137,52.53913043478261,43.96551724137931,36.7579174137931
18900,2023-04-12 17:00:00,Asia/Bangkok,55.10139486725662,52.86086956521739,44.12173913043478,36.11376877192982
18901,2023-04-12 18:00:00,Asia/Bangkok,58.7739247368421,53.95689655172414,44.9051724137931,35.23925938596491
18902,2023-04-12 19:00:00,Asia/Bangkok,64.83199692307693,50.16239316239317,42.11965811965812,33.79733112068967
18903,2023-04-12 20:00:00,Asia/Bangkok,64.07889591304348,47.12173913043478,39.62931034482759,32.82097896551725
18904,2023-04-12 21:00:00,Asia/Bangkok,67.45629385964914,47.5,39.9051724137931,31.38699893805309
18905,2023-04-12 22:00:00,Asia/Bangkok,71.85028172727276,51.43965517241379,42.81739130434783,30.86100754545454
18906,2023-04-12 23:00:00,Asia/Bangkok,75.64085565217387,52.5948275862069,43.68103448275862,30.25278939130433
18907,2023-04-13 00:00:00,Asia/Bangkok,78.73338241379312,53.67521367521368,44.49572649572649,29.72018965217389
18908,2023-04-13 01:00:00,Asia/Bangkok,82.92537956521736,52.81896551724138,43.85344827586207,28.90734078260872
18909,2023-04-13 02:00:00,Asia/Bangkok,84.88527752212391,51.85344827586207,43.10344827586207,28.46497716814158
18910,2023-04-13 03:00:00,Asia/Bangkok,85.49727275862071,48.43589743589744,40.68376068376068,28.5499725862069
18911,2023-04-13 04:00:00,Asia/Bangkok,86.9289315044248,46.98275862068966,39.61206896551724,28.18366929203539
18912,2023-04-13 05:00:00,Asia/Bangkok,87.00961178571428,47.02586206896552,39.93103448275862,28.16116207207207
18913,2023-04-13 06:00:00,Asia/Bangkok,88.61679552631578,47.0,39.75,27.64753789473687
18914,2023-04-13 07:00:00,Asia/Bangkok,89.04046973451331,46.38260869565217,39.20869565217392,27.51977522123892
18915,2023-04-13 08:00:00,Asia/Bangkok,89.0265950877193,47.78448275862069,40.18965517241379,27.88755469565218
18916,2023-04-13 09:00:00,Asia/Bangkok,82.48423448275861,43.56410256410256,37.23076923076923,29.54841254385965
18917,2023-04-13 10:00:00,Asia/Bangkok,73.45533555555556,40.66379310344828,35.36206896551724,32.07033851851851
18918,2023-04-13 11:00:00,Asia/Bangkok,64.45087609090909,42.25,36.50862068965517,34.56208400000001
18919,2023-04-13 12:00:00,Asia/Bangkok,58.6095630357143,44.2,37.88793103448276,35.93640348214286
18920,2023-04-13 13:00:00,Asia/Bangkok,54.99153136363638,46.31623931623932,39.33333333333334,36.33145567567568
18921,2023-04-13 14:00:00,Asia/Bangkok,53.36274705357145,48.59649122807018,41.14035087719298,37.18102972972974
18922,2023-04-13 15:00:00,Asia/Bangkok,52.29619713043477,49.66086956521739,41.8695652173913,36.82393669565217
18923,2023-04-13 16:00:00,Asia/Bangkok,51.2442673043478,50.80869565217391,42.38260869565217,37.06407543859649
18924,2023-04-13 17:00:00,Asia/Bangkok,55.76944295652173,51.29310344827586,42.92241379310344,36.06621469565216
18925,2023-04-13 18:00:00,Asia/Bangkok,70.14192831858406,44.74137931034483,37.96551724137931,33.63415223214285
18926,2023-04-13 19:00:00,Asia/Bangkok,72.67134063063067,47.95689655172414,40.30172413793103,32.87580116071429
18927,2023-04-13 20:00:00,Asia/Bangkok,75.30110439655172,50.11111111111111,41.70940170940171,32.18290551724139
18928,2023-04-13 21:00:00,Asia/Bangkok,75.22396767857143,49.13793103448276,41.25862068965517,32.35217464285714
18929,2023-04-13 22:00:00,Asia/Bangkok,78.19560106194695,53.12931034482759,44.11206896551724,31.62855867256637
18930,2023-04-13 23:00:00,Asia/Bangkok,78.65069405172414,50.0948275862069,41.84615384615385,31.23649113043478
18931,2023-04-14 00:00:00,Asia/Bangkok,80.91001315789475,46.61739130434783,39.33620689655172,30.37175690265489
18932,2023-04-14 01:00:00,Asia/Bangkok,83.63399801801803,43.67521367521368,37.2051282051282,29.54280711711711
18933,2023-04-14 02:00:00,Asia/Bangkok,85.27466557522122,45.56896551724138,38.62068965517241,29.06070289473685
18934,2023-04-14 03:00:00,Asia/Bangkok,84.82771230088495,42.91379310344828,36.92105263157895,29.0449852631579
18935,2023-04-14 04:00:00,Asia/Bangkok,86.77367341880338,44.60683760683761,37.8974358974359,28.45119362068966
18936,2023-04-14 05:00:00,Asia/Bangkok,87.30062491228074,44.31034482758621,37.73275862068966,28.20875008771928
18937,2023-04-14 06:00:00,Asia/Bangkok,87.93717241071424,45.05172413793103,38.25,27.99502666666667
18938,2023-04-14 07:00:00,Asia/Bangkok,87.90179904347828,46.23275862068966,39.10344827586207,28.07509421052629
18939,2023-04-14 08:00:00,Asia/Bangkok,87.77196596330278,50.99145299145299,42.5982905982906,28.54604889908258
18940,2023-04-14 09:00:00,Asia/Bangkok,82.54828401785711,50.66379310344828,42.62931034482759,30.03232982142859
18941,2023-04-14 10:00:00,Asia/Bangkok,74.44945087719294,46.18103448275862,39.07758620689656,32.00473999999999
18942,2023-04-14 11:00:00,Asia/Bangkok,67.05761342342345,46.50427350427351,39.34188034188034,34.00078927927928
18943,2023-04-14 12:00:00,Asia/Bangkok,59.60441973913044,46.82905982905983,39.58974358974359,36.25501860869561
18944,2023-04-14 13:00:00,Asia/Bangkok,60.80729725663716,49.66379310344828,41.8,35.67788893805309
18945,2023-04-14 14:00:00,Asia/Bangkok,57.41780491379308,51.0,42.55555555555556,36.54426896551725
18946,2023-04-14 15:00:00,Asia/Bangkok,56.34472189189187,51.58620689655172,42.85344827586207,36.70253369369369
18947,2023-04-14 16:00:00,Asia/Bangkok,52.61051982608695,49.81034482758621,41.79310344827586,37.49937129310345
18948,2023-04-14 17:00:00,Asia/Bangkok,59.08410043478259,53.84615384615385,44.36206896551724,36.07664008695651
18949,2023-04-14 18:00:00,Asia/Bangkok,61.35002839285714,39.47826086956522,35.07826086956522,34.07964855855855
18950,2023-04-14 19:00:00,Asia/Bangkok,65.75732307017543,46.39655172413793,38.98275862068966,32.82156107142855
18951,2023-04-14 20:00:00,Asia/Bangkok,69.76788123893807,50.06956521739131,41.9051724137931,32.26343741071427
18952,2023-04-14 21:00:00,Asia/Bangkok,72.36536203703703,51.7008547008547,42.85344827586207,31.70749509259255
18953,2023-04-14 22:00:00,Asia/Bangkok,76.27926845454544,56.38793103448276,46.12820512820513,30.82556345454545
18954,2023-04-14 23:00:00,Asia/Bangkok,78.15951553571428,59.17241379310344,48.4051724137931,30.51897098214285
18955,2023-04-15 00:00:00,Asia/Bangkok,78.86177230088497,58.87068965517241,48.08620689655172,30.05905526785711
18956,2023-04-15 01:00:00,Asia/Bangkok,81.3676263716814,60.26315789473684,49.09649122807018,29.2732822123894
18957,2023-04-15 02:00:00,Asia/Bangkok,83.30921149122811,60.2719298245614,49.16521739130435,28.79067412280703
18958,2023-04-15 03:00:00,Asia/Bangkok,84.64852868421052,60.7304347826087,49.49122807017544,28.2904998245614
18959,2023-04-15 04:00:00,Asia/Bangkok,84.30444025862066,61.36206896551724,50.06896551724138,28.24322594827586
18960,2023-04-15 05:00:00,Asia/Bangkok,85.40893590909089,62.24347826086957,50.56521739130435,27.84754209090911
18961,2023-04-15 06:00:00,Asia/Bangkok,86.24117405405406,64.03448275862068,52.06896551724138,27.59854351351352
18962,2023-04-15 07:00:00,Asia/Bangkok,87.41468212389381,65.71794871794872,53.37606837606837,27.43581398230087
18963,2023-04-15 08:00:00,Asia/Bangkok,87.87466482142852,67.75652173913043,55.93103448275862,28.0001763063063
18964,2023-04-15 09:00:00,Asia/Bangkok,83.10707709401711,65.72649572649573,53.56410256410256,29.60759547008547
18965,2023-04-15 10:00:00,Asia/Bangkok,76.40975424778759,62.11206896551724,50.38260869565217,31.63771686956522
18966,2023-04-15 11:00:00,Asia/Bangkok,68.53354267241377,60.38461538461539,49.22222222222222,33.56671713043479
18967,2023-04-15 12:00:00,Asia/Bangkok,63.48994879310346,59.97413793103448,48.98275862068966,34.61765120689655
18968,2023-04-15 13:00:00,Asia/Bangkok,59.76106999999996,58.83478260869565,48.14655172413793,35.56895330434782
18969,2023-04-15 14:00:00,Asia/Bangkok,55.07576666666667,58.0940170940171,47.7008547008547,36.86618513274333
18970,2023-04-15 15:00:00,Asia/Bangkok,53.98233692982453,58.18103448275862,47.73275862068966,36.97451097345134
18971,2023-04-15 16:00:00,Asia/Bangkok,53.37183843478265,56.92241379310344,46.92173913043478,36.92320017241376
18972,2023-04-15 17:00:00,Asia/Bangkok,52.79330008928572,53.38461538461539,44.50427350427351,36.34527249999996
18973,2023-04-15 18:00:00,Asia/Bangkok,56.54839587719297,53.93913043478261,44.77586206896552,35.25218938596491
18974,2023-04-15 19:00:00,Asia/Bangkok,60.72449642201836,56.17241379310344,45.88793103448276,34.49356766355141
18975,2023-04-15 20:00:00,Asia/Bangkok,64.84562036036034,59.69827586206897,48.79310344827586,33.15689279279278
18976,2023-04-15 21:00:00,Asia/Bangkok,69.13108071428573,65.59482758620689,53.39316239316239,31.72648669642856
18977,2023-04-15 22:00:00,Asia/Bangkok,70.17215504347827,66.70689655172414,54.81896551724138,30.93604713043479
18978,2023-04-15 23:00:00,Asia/Bangkok,71.69033178571428,68.31896551724138,56.93103448275862,30.34578187499999
18979,2023-04-16 00:00:00,Asia/Bangkok,72.9754062162162,69.63247863247864,59.17948717948718,29.83529901785715
18980,2023-04-16 01:00:00,Asia/Bangkok,75.71769873873872,71.70689655172414,62.47413793103448,29.03667144144143
18981,2023-04-16 02:00:00,Asia/Bangkok,78.05091394736844,72.82905982905983,64.08547008547009,28.40434105263158
18982,2023-04-16 03:00:00,Asia/Bangkok,80.34586566371681,73.06896551724138,64.37931034482759,27.94059955752213
18983,2023-04-16 04:00:00,Asia/Bangkok,81.49963137931033,74.99137931034483,67.81896551724138,27.45872931034483
18984,2023-04-16 05:00:00,Asia/Bangkok,81.31144178571431,75.15929203539822,68.09734513274336,27.46755142857143
18985,2023-04-16 06:00:00,Asia/Bangkok,82.97167407079644,75.17241379310344,67.99137931034483,27.19668690265483
18986,2023-04-16 07:00:00,Asia/Bangkok,82.72578407407407,75.2051282051282,68.17391304347827,27.16022166666664
18987,2023-04-16 08:00:00,Asia/Bangkok,81.06056778761061,74.98275862068965,67.7094017094017,27.7085188495575
18988,2023-04-16 09:00:00,Asia/Bangkok,79.0191154867257,80.05982905982906,73.94871794871794,28.7159395575221
18989,2023-04-16 10:00:00,Asia/Bangkok,75.40332075471697,78.47368421052632,71.94736842105263,29.6950158490566
18990,2023-04-16 11:00:00,Asia/Bangkok,80.64274115044249,37.95689655172414,32.94782608695652,28.03957446428572
18991,2023-04-16 12:00:00,Asia/Bangkok,76.77622153153155,11.75221238938053,10.34513274336283,28.9866327027027
18992,2023-04-16 13:00:00,Asia/Bangkok,69.47812097345131,14.19130434782609,13.1304347826087,30.94988626086956
18993,2023-04-16 14:00:00,Asia/Bangkok,65.77011850877193,15.56896551724138,14.35344827586207,32.26622131578947
18994,2023-04-16 15:00:00,Asia/Bangkok,62.79449937500001,14.83620689655172,13.87931034482759,32.6051427433628
18995,2023-04-16 16:00:00,Asia/Bangkok,58.06512846846846,20.33620689655172,19.48275862068965,33.15554378378378
18996,2023-04-16 17:00:00,Asia/Bangkok,60.76866300884954,24.8859649122807,23.7304347826087,32.70538707964601
18997,2023-04-16 18:00:00,Asia/Bangkok,67.08834318584071,37.37068965517241,33.23275862068966,31.69220133928571
18998,2023-04-16 19:00:00,Asia/Bangkok,69.82897278260869,37.92307692307692,33.55172413793103,30.54780162393163
18999,2023-04-16 20:00:00,Asia/Bangkok,74.13928895652175,49.68965517241379,40.97391304347826,29.79054747826088
19000,2023-04-16 21:00:00,Asia/Bangkok,77.05806035087721,45.79310344827586,38.22608695652174,28.98316274336285
19001,2023-04-16 22:00:00,Asia/Bangkok,79.94243389380534,45.90434782608695,38.44827586206897,28.49919477876107
19002,2023-04-16 23:00:00,Asia/Bangkok,80.41731444444441,45.55555555555556,38.25,28.62619461538461
19003,2023-04-17 00:00:00,Asia/Bangkok,81.4562533043478,49.5948275862069,41.19827586206897,28.30572692982456
19004,2023-04-17 01:00:00,Asia/Bangkok,84.30340026785713,52.62068965517241,43.29310344827586,27.59401178571429
19005,2023-04-17 02:00:00,Asia/Bangkok,86.00463721739132,51.76521739130435,42.76724137931034,27.08329800000001
19006,2023-04-17 03:00:00,Asia/Bangkok,85.04082424778763,50.50427350427351,41.93965517241379,27.07319017699114
19007,2023-04-17 04:00:00,Asia/Bangkok,85.59923739130438,50.42241379310344,41.93103448275862,26.6302728695652
19008,2023-04-17 05:00:00,Asia/Bangkok,86.41466421052627,51.66086956521739,42.81739130434783,26.22010649122808
19009,2023-04-17 06:00:00,Asia/Bangkok,87.52339893805313,51.01709401709402,42.41880341880342,25.86740946902655
19010,2023-04-17 07:00:00,Asia/Bangkok,89.13589991150437,55.49137931034483,45.52173913043478,25.76045663716812
19011,2023-04-17 08:00:00,Asia/Bangkok,91.23485309734511,57.81034482758621,46.91379310344828,25.9603275221239
19012,2023-04-17 09:00:00,Asia/Bangkok,84.84470008771927,63.41379310344828,51.31896551724138,27.9639951754386
19013,2023-04-17 10:00:00,Asia/Bangkok,79.29556026548674,65.80172413793103,53.74137931034483,29.5938638938053
19014,2023-04-17 11:00:00,Asia/Bangkok,67.33303243243242,61.65217391304348,50.23478260869565,31.73788303571429
19015,2023-04-17 12:00:00,Asia/Bangkok,53.62561805309732,57.88793103448276,47.39655172413793,34.73729451327434
19016,2023-04-17 13:00:00,Asia/Bangkok,51.14972612612612,57.56896551724138,47.29310344827586,35.15013690909092
19017,2023-04-17 14:00:00,Asia/Bangkok,49.22827113043478,55.39130434782609,45.85344827586207,37.03015885964912
19018,2023-04-17 15:00:00,Asia/Bangkok,50.77107151785714,51.97368421052632,43.39473684210526,36.22762621621622
19019,2023-04-17 16:00:00,Asia/Bangkok,51.70214357798167,52.07758620689656,43.50862068965517,36.04950201834863
19020,2023-04-17 17:00:00,Asia/Bangkok,57.89185240740741,55.74561403508772,45.59130434782609,35.18789870370372
19021,2023-04-17 18:00:00,Asia/Bangkok,65.00326444444444,55.22413793103448,45.47863247863248,34.04189427350427
19022,2023-04-17 19:00:00,Asia/Bangkok,69.26454796460177,62.47863247863248,50.81196581196581,32.37180778761061
19023,2023-04-17 20:00:00,Asia/Bangkok,71.465628018018,88.3391304347826,78.82608695652173,31.61935718181816
19024,2023-04-17 21:00:00,Asia/Bangkok,75.04746582608693,77.02631578947368,68.43478260869566,30.76280539823009
19025,2023-04-17 22:00:00,Asia/Bangkok,77.79258781818183,73.59130434782608,64.63478260869566,30.06947390909093
19026,2023-04-17 23:00:00,Asia/Bangkok,80.59547304347824,73.36206896551724,64.35344827586206,29.31467069565221
19027,2023-04-18 00:00:00,Asia/Bangkok,82.43030850877196,71.54385964912281,61.50434782608696,28.8007863478261
19028,2023-04-18 01:00:00,Asia/Bangkok,84.11199144144143,71.24137931034483,60.6551724137931,28.26687863636364
19029,2023-04-18 02:00:00,Asia/Bangkok,84.92774909090909,71.51724137931035,61.1965811965812,27.87815554545453
19030,2023-04-18 03:00:00,Asia/Bangkok,84.48451836363638,73.8103448275862,64.84482758620689,27.7448328440367
19031,2023-04-18 04:00:00,Asia/Bangkok,85.30032034782607,72.9396551724138,63.33620689655172,27.53170539130432
19032,2023-04-18 05:00:00,Asia/Bangkok,86.06500763157896,70.40869565217392,59.23275862068966,27.2081246902655
19033,2023-04-18 06:00:00,Asia/Bangkok,86.81506171171169,69.75862068965517,58.20689655172414,26.90673684684685
19034,2023-04-18 07:00:00,Asia/Bangkok,87.00073026315788,75.24137931034483,65.14655172413794,26.82995114035087
19035,2023-04-18 08:00:00,Asia/Bangkok,87.11046460869564,65.95726495726495,53.82051282051282,27.36026869565217
19036,2023-04-18 09:00:00,Asia/Bangkok,83.83642640350878,58.12931034482759,47.22413793103448,29.18281271929824
19037,2023-04-18 10:00:00,Asia/Bangkok,75.09738359649123,54.7008547008547,45.00862068965517,31.0883021238938
19038,2023-04-18 11:00:00,Asia/Bangkok,70.24706254385964,54.6551724137931,44.98260869565217,32.75292570175439
19039,2023-04-18 12:00:00,Asia/Bangkok,61.51177491379306,54.38260869565217,44.81034482758621,34.84048448275861
19040,2023-04-18 13:00:00,Asia/Bangkok,56.80880730434779,52.30769230769231,43.61538461538461,35.86384939130436
19041,2023-04-18 14:00:00,Asia/Bangkok,52.10660339285716,48.68965517241379,41.04310344827586,37.40290774774773
19042,2023-04-18 15:00:00,Asia/Bangkok,51.79611286956522,47.48717948717949,40.16239316239317,36.8625607017544
19043,2023-04-18 16:00:00,Asia/Bangkok,59.45216062499999,45.48672566371681,38.66371681415929,36.11672232142857
19044,2023-04-18 17:00:00,Asia/Bangkok,65.0381338392857,43.11206896551724,37.03448275862069,35.06483126126126
19045,2023-04-18 18:00:00,Asia/Bangkok,71.32711327586205,42.29059829059829,36.37606837606837,33.04613896551724
19046,2023-04-18 19:00:00,Asia/Bangkok,73.77963336363636,53.12173913043478,43.98260869565217,32.156018
19047,2023-04-18 20:00:00,Asia/Bangkok,75.02507754385967,51.73275862068966,42.95689655172414,31.77017421052632
19048,2023-04-18 21:00:00,Asia/Bangkok,76.22685250000004,51.55172413793103,42.75,31.61874330357142
19049,2023-04-18 22:00:00,Asia/Bangkok,78.4125309565217,58.99137931034483,47.74137931034483,31.20926219298245
19050,2023-04-18 23:00:00,Asia/Bangkok,79.96470185840704,56.97413793103448,46.68103448275862,30.75720681415932
19051,2023-04-19 00:00:00,Asia/Bangkok,82.124739137931,57.7948717948718,47.14529914529915,30.25511243478261
19052,2023-04-19 01:00:00,Asia/Bangkok,82.9954291891892,59.79824561403509,48.46491228070175,30.21681937500001
19053,2023-04-19 02:00:00,Asia/Bangkok,84.03084181034481,64.35344827586206,51.75,29.76893130434785
19054,2023-04-19 03:00:00,Asia/Bangkok,85.59266810344828,68.25,55.93965517241379,29.23164206896552
19055,2023-04-19 04:00:00,Asia/Bangkok,87.02863947368422,61.30701754385965,49.75652173913043,28.49808473684213
19056,2023-04-19 05:00:00,Asia/Bangkok,85.50526366071435,59.93103448275862,48.75,28.45997612612615
19057,2023-04-19 06:00:00,Asia/Bangkok,86.17180783783783,60.00862068965517,48.64655172413793,28.16295437499997
19058,2023-04-19 07:00:00,Asia/Bangkok,87.07050649122813,60.5982905982906,49.27350427350427,27.84095382608698
19059,2023-04-19 08:00:00,Asia/Bangkok,86.75452099099098,60.07758620689656,48.80869565217391,28.35306747747748
19060,2023-04-19 09:00:00,Asia/Bangkok,82.42092394736844,56.6578947368421,46.52631578947368,29.81448591304347
19061,2023-04-19 10:00:00,Asia/Bangkok,73.44996608695652,52.52173913043478,43.67241379310344,32.1639587826087
19062,2023-04-19 11:00:00,Asia/Bangkok,62.845514122807,50.87179487179487,42.46153846153846,35.05222964601769
19063,2023-04-19 12:00:00,Asia/Bangkok,54.84554390909089,48.86206896551724,41.11206896551724,36.6173137272727
19064,2023-04-19 13:00:00,Asia/Bangkok,54.80261956896553,50.67521367521368,42.67521367521368,36.60122043103447
19065,2023-04-19 14:00:00,Asia/Bangkok,54.97624815789474,52.08620689655172,43.56896551724138,36.15890596491229
19066,2023-04-19 15:00:00,Asia/Bangkok,52.73034930434783,52.07758620689656,43.66379310344828,37.07016666666663
19067,2023-04-19 16:00:00,Asia/Bangkok,53.82115713043481,51.86324786324786,43.35897435897436,36.4433946551724
19068,2023-04-19 17:00:00,Asia/Bangkok,80.97725618181816,59.75652173913043,48.66086956521739,31.05579846846847
19069,2023-04-19 18:00:00,Asia/Bangkok,82.29374044247787,58.12173913043478,47.66086956521739,31.60842628318584
19070,2023-04-19 19:00:00,Asia/Bangkok,82.52655628318585,66.75213675213675,57.25641025641026,30.98687592920355
19071,2023-04-19 20:00:00,Asia/Bangkok,85.06123945945944,84.86206896551724,77.62931034482759,30.45464063063064
19072,2023-04-19 21:00:00,Asia/Bangkok,86.13449945945948,72.34782608695652,62.63793103448276,30.39539982142856
19073,2023-04-19 22:00:00,Asia/Bangkok,87.18247330434785,68.7094017094017,57.02564102564103,30.13145692982454
19074,2023-04-19 23:00:00,Asia/Bangkok,87.7437649557522,65.4,52.75862068965517,29.8258574107143
19075,2023-04-20 00:00:00,Asia/Bangkok,88.734770877193,64.38461538461539,52.04310344827586,29.33586412280698
19076,2023-04-20 01:00:00,Asia/Bangkok,88.94740684210527,68.04310344827586,55.73504273504273,28.83499263157896
19077,2023-04-20 02:00:00,Asia/Bangkok,88.75711166666666,66.64655172413794,53.79310344827586,28.53643619469025
19078,2023-04-20 03:00:00,Asia/Bangkok,88.5245007079646,62.85217391304348,50.68103448275862,28.20155884955751
19079,2023-04-20 04:00:00,Asia/Bangkok,86.8479841818182,54.23275862068966,44.78448275862069,27.63466419642858
19080,2023-04-20 05:00:00,Asia/Bangkok,86.38007171171172,51.87931034482759,43.22413793103448,27.36108199999999
19081,2023-04-20 06:00:00,Asia/Bangkok,87.69596631578946,51.78448275862069,43.12068965517241,27.11635245614037
19082,2023-04-20 07:00:00,Asia/Bangkok,88.73601761061946,53.50427350427351,44.26495726495727,26.86083982142858
19083,2023-04-20 08:00:00,Asia/Bangkok,88.01696911504425,53.92173913043478,44.57391304347826,27.37543539823009
19084,2023-04-20 09:00:00,Asia/Bangkok,81.84238206896549,52.93162393162393,43.79310344827586,29.07950310344829
19085,2023-04-20 10:00:00,Asia/Bangkok,71.19462619469026,48.5,40.75652173913043,31.63198592920353
19086,2023-04-20 11:00:00,Asia/Bangkok,61.83580973214288,45.40869565217391,38.58260869565218,34.03737098214285
19087,2023-04-20 12:00:00,Asia/Bangkok,52.60755271929823,39.90350877192982,34.89565217391304,34.99490122807018
19088,2023-04-20 13:00:00,Asia/Bangkok,51.37900318584072,44.86206896551724,38.15652173913043,36.32309300884955
19089,2023-04-20 14:00:00,Asia/Bangkok,50.30469634782609,45.45217391304348,38.64347826086956,36.84084517543858
19090,2023-04-20 15:00:00,Asia/Bangkok,48.30480455357142,42.1875,36.30357142857143,36.89393035714286
19091,2023-04-20 16:00:00,Asia/Bangkok,48.83180278260868,39.82758620689656,34.81896551724138,36.58620508771928
19092,2023-04-20 17:00:00,Asia/Bangkok,48.86534265486726,37.87931034482759,33.73275862068966,36.62679955752212
19093,2023-04-20 18:00:00,Asia/Bangkok,55.36068500000001,39.31896551724138,34.46956521739131,34.72516972972973
19094,2023-04-20 19:00:00,Asia/Bangkok,61.15058424778762,48.74782608695652,40.95689655172414,33.68078938053097
19095,2023-04-20 20:00:00,Asia/Bangkok,66.37663965217392,49.60683760683761,41.53846153846154,32.29011464912281
19096,2023-04-20 21:00:00,Asia/Bangkok,71.36015862068965,47.38461538461539,39.84615384615385,31.26656382608695
19097,2023-04-20 22:00:00,Asia/Bangkok,74.95872306306303,45.96551724137931,38.8695652173913,30.48129414414414
19098,2023-04-20 23:00:00,Asia/Bangkok,76.09565539130436,47.21551724137931,39.66379310344828,29.99922669565217
19099,2023-04-21 00:00:00,Asia/Bangkok,77.66782844827586,43.51724137931034,37.10434782608696,29.52623068965518
19100,2023-04-21 01:00:00,Asia/Bangkok,79.59607780701758,44.1025641025641,37.31896551724138,29.03751315789476
19101,2023-04-21 02:00:00,Asia/Bangkok,80.70419228070173,44.20689655172414,37.6,28.84026113043479
19102,2023-04-21 03:00:00,Asia/Bangkok,81.97299182608697,46.29565217391304,39.01724137931034,28.59771612068964
19103,2023-04-21 04:00:00,Asia/Bangkok,83.91561121739127,47.82758620689656,40.1551724137931,28.13946852173911
19104,2023-04-21 05:00:00,Asia/Bangkok,85.39145482456142,47.8695652173913,40.15652173913043,27.81071105263156
19105,2023-04-21 06:00:00,Asia/Bangkok,85.82079561403506,48.8,40.93103448275862,27.71012991228075
19106,2023-04-21 07:00:00,Asia/Bangkok,86.49826792792793,49.39130434782609,41.4051724137931,27.64235324324323
19107,2023-04-21 08:00:00,Asia/Bangkok,86.82472205357149,51.21367521367522,42.72649572649573,28.03113401785716
19108,2023-04-21 09:00:00,Asia/Bangkok,80.01574539823012,47.72413793103448,40.12931034482759,30.02485535087719
19109,2023-04-21 10:00:00,Asia/Bangkok,70.29200805309735,42.57758620689656,36.67241379310344,32.520993539823
19110,2023-04-21 11:00:00,Asia/Bangkok,65.15040690265486,42.56034482758621,36.37931034482759,33.79986902654867
19111,2023-04-21 12:00:00,Asia/Bangkok,60.41654517241381,40.46153846153846,35.16239316239317,35.2697824347826
19112,2023-04-21 13:00:00,Asia/Bangkok,55.84004495652173,39.08695652173913,34.50862068965517,36.42229713043477
19113,2023-04-21 14:00:00,Asia/Bangkok,54.07465844827586,37.21551724137931,33.35344827586207,36.94435784482759
19114,2023-04-21 15:00:00,Asia/Bangkok,53.25272807017542,37.44827586206897,33.47413793103448,37.04604078947367
19115,2023-04-21 16:00:00,Asia/Bangkok,54.04637477876106,37.27826086956522,33.33620689655172,36.89242972727273
19116,2023-04-21 17:00:00,Asia/Bangkok,63.52807333333335,44.15384615384615,37.74358974358974,35.24837114035088
19117,2023-04-21 18:00:00,Asia/Bangkok,69.50839072072073,46.50434782608696,39.28695652173913,33.56198864864864
19118,2023-04-21 19:00:00,Asia/Bangkok,65.52972814814815,24.76991150442478,21.92857142857143,33.02841851851856
19119,2023-04-21 20:00:00,Asia/Bangkok,69.57885154545451,17.69230769230769,16.67521367521368,31.11933990825688
19120,2023-04-21 21:00:00,Asia/Bangkok,72.5666158715596,18.05217391304348,17.13913043478261,30.47608394495411
19121,2023-04-21 22:00:00,Asia/Bangkok,74.66991732758623,25.55172413793104,24.08620689655172,30.4977699137931
19122,2023-04-21 23:00:00,Asia/Bangkok,78.57033617391308,34.72413793103448,31.44827586206896,29.98241271929825
19123,2023-04-22 00:00:00,Asia/Bangkok,79.56014348214283,42.43965517241379,36.19130434782609,29.82850517857144
19124,2023-04-22 01:00:00,Asia/Bangkok,79.9387749557522,42.24137931034483,36.10434782608696,29.77760178571429
19125,2023-04-22 02:00:00,Asia/Bangkok,82.33661026315785,47.35087719298246,39.8495575221239,29.29464486725664
19126,2023-04-22 03:00:00,Asia/Bangkok,84.28304824561404,49.33620689655172,41.06896551724138,28.76088560344828
19127,2023-04-22 04:00:00,Asia/Bangkok,85.41579543103448,49.18260869565217,41.04310344827586,28.45793756521739
19128,2023-04-22 05:00:00,Asia/Bangkok,86.30427883928571,52.32758620689656,43.1551724137931,28.21249892857143
19129,2023-04-22 06:00:00,Asia/Bangkok,87.24409115044243,49.29310344827586,41.0948275862069,28.00070087719297
19130,2023-04-22 07:00:00,Asia/Bangkok,87.93261387931034,49.43589743589744,41.07692307692308,27.94486741379308
19131,2023-04-22 08:00:00,Asia/Bangkok,87.4847821428571,47.95652173913044,40.08620689655172,28.57176945945947
19132,2023-04-22 09:00:00,Asia/Bangkok,83.34364705357142,43.82608695652174,37.14782608695652,29.89702500000001
19133,2023-04-22 10:00:00,Asia/Bangkok,75.07199245614035,40.89655172413793,35.39130434782609,31.99205782608697
19134,2023-04-22 11:00:00,Asia/Bangkok,68.51732344827586,41.05982905982906,35.58620689655172,33.49047405172413
19135,2023-04-22 12:00:00,Asia/Bangkok,62.77195399999997,38.46551724137931,34.0940170940171,35.0524892173913
19136,2023-04-22 13:00:00,Asia/Bangkok,64.38992637168143,36.56896551724138,32.94827586206897,34.93532495575221
19137,2023-04-22 14:00:00,Asia/Bangkok,66.58502460176993,25.89565217391304,24.69827586206896,33.84127123893804
19138,2023-04-22 15:00:00,Asia/Bangkok,66.15997247787611,23.1025641025641,21.89655172413793,33.28867831858408
19139,2023-04-22 16:00:00,Asia/Bangkok,70.15420549549549,30.13793103448276,28.12068965517241,31.57849999999999
19140,2023-04-22 17:00:00,Asia/Bangkok,73.17737867256639,24.46956521739131,23.08695652173913,30.60813929203543
19141,2023-04-22 18:00:00,Asia/Bangkok,76.96789991304347,23.78260869565218,22.21551724137931,29.47970586206896
19142,2023-04-22 19:00:00,Asia/Bangkok,81.02429482456141,36.0,31.8974358974359,28.5297461607143
19143,2023-04-22 20:00:00,Asia/Bangkok,79.48174654867255,42.31896551724138,36.03448275862069,28.95213477876106
19144,2023-04-22 21:00:00,Asia/Bangkok,81.05548830357144,35.35042735042735,31.5982905982906,28.35591116071426
19145,2023-04-22 22:00:00,Asia/Bangkok,82.46724812500001,34.81034482758621,31.32173913043478,28.06997796460177
19146,2023-04-22 23:00:00,Asia/Bangkok,86.05042765217388,32.72649572649573,29.55555555555556,27.11173194690265
19147,2023-04-23 00:00:00,Asia/Bangkok,85.20404139130434,23.55172413793104,22.18260869565217,26.95479721739128
19148,2023-04-23 01:00:00,Asia/Bangkok,85.16751321739129,21.94782608695652,20.87931034482759,26.99520043478262
19149,2023-04-23 02:00:00,Asia/Bangkok,86.05310357142857,22.4,21.14655172413793,26.57304008928572
19150,2023-04-23 03:00:00,Asia/Bangkok,85.53951891891892,21.49137931034483,20.06034482758621,26.51245491071428
19151,2023-04-23 04:00:00,Asia/Bangkok,85.27900927272731,21.75213675213675,20.55555555555556,26.38454074074074
19152,2023-04-23 05:00:00,Asia/Bangkok,86.72690220183485,22.02586206896552,20.79310344827586,25.90659
19153,2023-04-23 06:00:00,Asia/Bangkok,86.62142403508764,21.75213675213675,20.56410256410257,25.83638247787609
19154,2023-04-23 07:00:00,Asia/Bangkok,87.05005570175439,25.13793103448276,23.63793103448276,25.81201649122807
19155,2023-04-23 08:00:00,Asia/Bangkok,88.17328017543863,28.37391304347826,26.83478260869565,26.44514043859649
19156,2023-04-23 09:00:00,Asia/Bangkok,81.00994826086959,30.92173913043478,29.01739130434783,28.64265443478262
19157,2023-04-23 10:00:00,Asia/Bangkok,76.19239812500003,27.81034482758621,26.62931034482759,31.0660649557522
19158,2023-04-23 11:00:00,Asia/Bangkok,69.12871646017697,26.99130434782609,25.58260869565217,32.95576026548671
19159,2023-04-23 12:00:00,Asia/Bangkok,64.88508289473681,23.18103448275862,22.47413793103448,34.12894070175439
19160,2023-04-23 13:00:00,Asia/Bangkok,76.30047640350877,22.78761061946903,21.60176991150442,31.50789535087721
19161,2023-04-23 14:00:00,Asia/Bangkok,78.49531382608698,13.42735042735043,12.51282051282051,29.04324869565215
19162,2023-04-23 15:00:00,Asia/Bangkok,82.3961916814159,10.03478260869565,9.405172413793103,28.1158742105263
19163,2023-04-23 16:00:00,Asia/Bangkok,79.34096381818185,10.20869565217391,9.721739130434782,29.12358945945946
19164,2023-04-23 17:00:00,Asia/Bangkok,76.72590373913044,12.68103448275862,11.9051724137931,30.49583612068966
19165,2023-04-23 18:00:00,Asia/Bangkok,81.82989353982302,18.60683760683761,17.68103448275862,30.06646407079646
19166,2023-04-23 19:00:00,Asia/Bangkok,84.35670508771926,35.26086956521739,30.81034482758621,29.20496221238938
19167,2023-04-23 20:00:00,Asia/Bangkok,86.75801017391308,32.53448275862069,29.08620689655172,28.58388339130433
19168,2023-04-23 21:00:00,Asia/Bangkok,88.42639421052635,45.23893805309734,38.04424778761062,28.13213096491228
19169,2023-04-23 22:00:00,Asia/Bangkok,89.52312883928572,32.61739130434783,29.74561403508772,27.79145927927928
19170,2023-04-23 23:00:00,Asia/Bangkok,89.20595517543863,36.32478632478632,32.27350427350427,27.65400773913042
19171,2023-04-24 00:00:00,Asia/Bangkok,88.82903378378381,39.90434782608695,34.46086956521739,27.59462270270273
19172,2023-04-24 01:00:00,Asia/Bangkok,90.814332,42.89655172413793,36.05172413793103,27.10402354545454
19173,2023-04-24 02:00:00,Asia/Bangkok,90.294269009009,37.91452991452991,33.2991452991453,27.14884324324326
19174,2023-04-24 03:00:00,Asia/Bangkok,90.39081743119266,38.05217391304348,33.32173913043479,26.85766963302752
19175,2023-04-24 04:00:00,Asia/Bangkok,90.44274837837837,33.86206896551724,30.89655172413793,26.67773801801799
19176,2023-04-24 05:00:00,Asia/Bangkok,90.75859451327428,31.95689655172414,29.82758620689655,26.37685106194692
19177,2023-04-24 06:00:00,Asia/Bangkok,90.69504713043482,30.61206896551724,28.83620689655172,26.22530265486726
19178,2023-04-24 07:00:00,Asia/Bangkok,90.94769184210526,30.61206896551724,28.79310344827586,26.27805736842105
19179,2023-04-24 08:00:00,Asia/Bangkok,92.45197991379308,32.88793103448276,30.26086956521739,27.25658905982905
19180,2023-04-24 09:00:00,Asia/Bangkok,87.11185552631578,28.36752136752137,27.04273504273504,29.23807168141593
19181,2023-04-24 10:00:00,Asia/Bangkok,79.31954008695654,25.78761061946903,24.65486725663717,30.99934599999998
19182,2023-04-24 11:00:00,Asia/Bangkok,73.63593122807019,23.77391304347826,23.01724137931035,32.56602552631578
19183,2023-04-24 12:00:00,Asia/Bangkok,72.18500669565216,22.33620689655172,21.68965517241379,33.26483113043479
19184,2023-04-24 13:00:00,Asia/Bangkok,66.1872118421053,19.0,18.55172413793104,34.51456903508774
19185,2023-04-24 14:00:00,Asia/Bangkok,59.11065174311928,16.20869565217391,15.62068965517241,35.25537324074074
19186,2023-04-24 15:00:00,Asia/Bangkok,64.26787937499999,16.34782608695652,15.76521739130435,34.27352848214285
19187,2023-04-24 16:00:00,Asia/Bangkok,65.4134235714286,15.55652173913044,15.00869565217391,33.44372389380533
19188,2023-04-24 17:00:00,Asia/Bangkok,66.40814710526315,16.62931034482759,15.98275862068965,32.95832973684211
19189,2023-04-24 18:00:00,Asia/Bangkok,72.62246342105264,48.93965517241379,41.5,31.86430208695653
19190,2023-04-24 19:00:00,Asia/Bangkok,75.70034844827586,59.95689655172414,54.63793103448276,31.37313060344827
19191,2023-04-24 20:00:00,Asia/Bangkok,79.77081956140353,54.44827586206897,45.87068965517241,30.26085245614037
19192,2023-04-24 21:00:00,Asia/Bangkok,82.80763210526315,43.82051282051282,37.23076923076923,29.4605492105263
19193,2023-04-24 22:00:00,Asia/Bangkok,84.31291,55.25,44.94827586206897,29.0856260714286
19194,2023-04-24 23:00:00,Asia/Bangkok,84.98280130434782,48.08695652173913,40.06896551724138,28.80110834782614
19195,2023-04-25 00:00:00,Asia/Bangkok,85.44657125000002,43.99137931034483,37.26724137931034,28.47669669642854
19196,2023-04-25 01:00:00,Asia/Bangkok,85.61518596491223,46.75862068965517,39.24137931034483,28.18103824561403
19197,2023-04-25 02:00:00,Asia/Bangkok,86.09669008771935,42.10344827586207,36.06896551724138,27.78405526315789
19198,2023-04-25 03:00:00,Asia/Bangkok,86.32835327586201,36.67521367521368,32.70940170940171,27.60237517241381
19199,2023-04-25 04:00:00,Asia/Bangkok,87.62860699115036,30.64347826086956,28.93913043478261,27.1766946017699
19200,2023-04-25 05:00:00,Asia/Bangkok,88.61576939655176,35.89655172413793,31.67521367521368,26.78499086956522
19201,2023-04-25 06:00:00,Asia/Bangkok,89.12652893805316,39.02608695652174,33.6695652173913,26.56662973451325
19202,2023-04-25 07:00:00,Asia/Bangkok,89.83881800000005,48.17948717948718,39.97435897435897,26.48173191304349
19203,2023-04-25 08:00:00,Asia/Bangkok,91.24378991304347,38.96551724137931,34.07758620689656,27.14141930434782
19204,2023-04-25 09:00:00,Asia/Bangkok,85.20666965217393,24.42241379310345,23.26724137931035,29.43353547826089
19205,2023-04-25 10:00:00,Asia/Bangkok,75.01795702702701,16.06034482758621,15.36206896551724,31.67050405405406
19206,2023-04-25 11:00:00,Asia/Bangkok,68.01513203539824,12.29059829059829,11.93162393162393,33.16038389380532
19207,2023-04-25 12:00:00,Asia/Bangkok,63.26497017241379,11.58620689655172,11.16379310344828,34.39177612068965
19208,2023-04-25 13:00:00,Asia/Bangkok,59.45089008771929,13.35344827586207,12.87931034482759,35.38755539823009
19209,2023-04-25 14:00:00,Asia/Bangkok,59.34899857142857,16.0,15.5,35.09207892857141
19210,2023-04-25 15:00:00,Asia/Bangkok,60.29158256637169,17.4017094017094,16.91452991452991,34.85259203539822
19211,2023-04-25 16:00:00,Asia/Bangkok,62.20117558558557,17.80172413793104,17.26724137931035,34.33106855855856
19212,2023-04-25 17:00:00,Asia/Bangkok,62.9842095614035,17.25,16.77586206896552,34.02967017857144
19213,2023-04-25 18:00:00,Asia/Bangkok,66.45306752212389,18.72649572649573,18.05982905982906,32.95517053097348
19214,2023-04-25 19:00:00,Asia/Bangkok,70.83229840707963,25.62931034482759,22.75862068965517,32.03815876106196
19215,2023-04-25 20:00:00,Asia/Bangkok,74.87076707964603,43.86086956521739,38.37719298245614,30.98781359649125
19216,2023-04-25 21:00:00,Asia/Bangkok,77.78268263636365,38.69827586206897,34.02586206896552,30.50932400000001
19217,2023-04-25 22:00:00,Asia/Bangkok,79.30918227272733,43.50427350427351,36.88034188034188,30.1924394495413
19218,2023-04-25 23:00:00,Asia/Bangkok,80.1494564864865,33.08695652173913,30.38793103448276,29.90265333333337
19219,2023-04-26 00:00:00,Asia/Bangkok,81.36532299999999,31.23275862068965,29.37931034482759,29.49955126126125
19220,2023-04-26 01:00:00,Asia/Bangkok,83.536828173913,28.00862068965517,26.7304347826087,28.91117408695652
19221,2023-04-26 02:00:00,Asia/Bangkok,85.1087214159292,28.08620689655172,26.82758620689655,28.24000584070795
19222,2023-04-26 03:00:00,Asia/Bangkok,85.76722052173916,31.55652173913044,29.53913043478261,27.90979947826088
19223,2023-04-26 04:00:00,Asia/Bangkok,86.60245789473689,32.83620689655172,30.55172413793104,27.50992175438596
19224,2023-04-26 05:00:00,Asia/Bangkok,87.2757516521739,32.61739130434783,30.25,27.08798947826086
19225,2023-04-26 06:00:00,Asia/Bangkok,87.63848901785714,31.42105263157895,29.40350877192983,26.85021044247788
19226,2023-04-26 07:00:00,Asia/Bangkok,88.68601548672561,46.66379310344828,40.83760683760683,26.55534598214288
19227,2023-04-26 08:00:00,Asia/Bangkok,89.79321482142855,36.17241379310344,32.31896551724138,27.24088855855857
19228,2023-04-26 09:00:00,Asia/Bangkok,83.83941398230083,22.61206896551724,21.55172413793104,29.74269327433627
19229,2023-04-26 10:00:00,Asia/Bangkok,76.06391608695651,10.69230769230769,10.17094017094017,31.46282921052632
19230,2023-04-26 11:00:00,Asia/Bangkok,69.0376953448276,10.64655172413793,10.11206896551724,32.84363112068966
19231,2023-04-26 12:00:00,Asia/Bangkok,62.90759324561402,11.13793103448276,10.81896551724138,33.90186061946904
19232,2023-04-26 13:00:00,Asia/Bangkok,55.23099826086958,10.25862068965517,9.922413793103448,35.11274591304348
19233,2023-04-26 14:00:00,Asia/Bangkok,54.7744354782609,10.56410256410256,10.26724137931035,35.34740782608696
19234,2023-04-26 15:00:00,Asia/Bangkok,55.19487999999998,8.88695652173913,8.577586206896552,35.24691894736841
19235,2023-04-26 16:00:00,Asia/Bangkok,56.96586956521739,8.871794871794872,8.41025641025641,34.56313922413794
19236,2023-04-26 17:00:00,Asia/Bangkok,62.53220793103446,8.922413793103448,8.525862068965518,33.52864094827584
19237,2023-04-26 18:00:00,Asia/Bangkok,67.25469785714286,10.95652173913044,10.47413793103448,32.20617725663715
19238,2023-04-26 19:00:00,Asia/Bangkok,72.94558564814814,34.36521739130435,30.10434782608696,31.23900111111113
19239,2023-04-26 20:00:00,Asia/Bangkok,73.13194043478259,58.94017094017094,47.76068376068376,31.39251008695653
19240,2023-04-26 21:00:00,Asia/Bangkok,75.22482165137616,59.77586206896552,51.83620689655172,30.68978449541286
19241,2023-04-26 22:00:00,Asia/Bangkok,78.87451035714288,118.4827586206897,103.3362068965517,29.65090267857142
19242,2023-04-26 23:00:00,Asia/Bangkok,80.70636198275864,68.92241379310344,59.51724137931034,29.19593706896553
19243,2023-04-27 00:00:00,Asia/Bangkok,81.9502399099099,51.36752136752137,42.93162393162393,28.63727792792792
19244,2023-04-27 01:00:00,Asia/Bangkok,81.80427114035088,47.01724137931034,39.27586206896552,28.38419736842105
19245,2023-04-27 02:00:00,Asia/Bangkok,82.38904201754386,48.87931034482759,40.39316239316239,28.16466570175439
19246,2023-04-27 03:00:00,Asia/Bangkok,83.29381062500003,30.68965517241379,28.43103448275862,28.07434171171171
19247,2023-04-27 04:00:00,Asia/Bangkok,87.86744605263159,46.72413793103448,38.92241379310344,27.46031175438594
19248,2023-04-27 05:00:00,Asia/Bangkok,88.56515321739131,45.72413793103448,38.48275862068966,27.20373860869568
19249,2023-04-27 06:00:00,Asia/Bangkok,89.28427210526313,31.90598290598291,29.0,26.08457587719298
19250,2023-04-27 07:00:00,Asia/Bangkok,89.35489784482763,27.12068965517241,25.43103448275862,26.10050052173914
19251,2023-04-27 08:00:00,Asia/Bangkok,89.952586875,26.65217391304348,25.35087719298246,27.12200678571429
19252,2023-04-27 09:00:00,Asia/Bangkok,88.23591619469026,29.56410256410257,27.08547008547009,28.90917238938053
19253,2023-04-27 10:00:00,Asia/Bangkok,79.90570165137613,19.50862068965517,18.46551724137931,31.04265675925926
19254,2023-04-27 11:00:00,Asia/Bangkok,74.99544307017544,19.5,18.72413793103448,32.24167053097345
19255,2023-04-27 12:00:00,Asia/Bangkok,68.2472815315315,20.57391304347826,19.85217391304348,33.32834309090909
19256,2023-04-27 13:00:00,Asia/Bangkok,59.96995433628315,16.91304347826087,16.21739130434782,34.54734716814158
19257,2023-04-27 14:00:00,Asia/Bangkok,58.15463552631581,14.91379310344828,14.29310344827586,34.59397622807017
19258,2023-04-27 15:00:00,Asia/Bangkok,56.7481028695652,15.20689655172414,14.43859649122807,34.59384017391305
19259,2023-04-27 16:00:00,Asia/Bangkok,57.87918350877194,15.35652173913043,14.68965517241379,34.51035271929826
19260,2023-04-27 17:00:00,Asia/Bangkok,62.31684709090906,15.86206896551724,15.0948275862069,33.52356862385322
19261,2023-04-27 18:00:00,Asia/Bangkok,65.0945360869565,16.07692307692308,15.08547008547009,32.44396324561404
19262,2023-04-27 19:00:00,Asia/Bangkok,69.73853181034478,20.08620689655172,19.06034482758621,31.42402629310346
19263,2023-04-27 20:00:00,Asia/Bangkok,74.58507773913041,25.98275862068965,24.11206896551724,30.67177800000001
19264,2023-04-27 21:00:00,Asia/Bangkok,78.86577669565219,36.82905982905983,32.15384615384615,29.83134582608696
19265,2023-04-27 22:00:00,Asia/Bangkok,81.24545339130435,57.56034482758621,46.22413793103448,29.40130573913045
19266,2023-04-27 23:00:00,Asia/Bangkok,81.89583278260872,41.45299145299145,35.13675213675214,29.16608130434778
19267,2023-04-28 00:00:00,Asia/Bangkok,82.65142104347824,42.42608695652174,35.88695652173913,29.01988930434783
19268,2023-04-28 01:00:00,Asia/Bangkok,84.25857163793107,45.50862068965517,38.0948275862069,28.5454831034483
19269,2023-04-28 02:00:00,Asia/Bangkok,85.00317973684211,46.11206896551724,38.55172413793103,28.22472526315788
19270,2023-04-28 03:00:00,Asia/Bangkok,85.89186179487183,46.64957264957265,38.7948717948718,28.02965820512819
19271,2023-04-28 04:00:00,Asia/Bangkok,86.28765622807013,41.71551724137931,35.55172413793103,27.78354052631577
19272,2023-04-28 05:00:00,Asia/Bangkok,86.302935221239,32.48695652173913,29.85217391304348,27.56094203539825
19273,2023-04-28 06:00:00,Asia/Bangkok,85.929444,32.49137931034483,29.9051724137931,27.30468069565217
19274,2023-04-28 07:00:00,Asia/Bangkok,86.8315589285714,34.76923076923077,31.2051282051282,27.16616053571428
19275,2023-04-28 08:00:00,Asia/Bangkok,87.31291294642857,35.04310344827586,31.60344827586207,27.75556580357142
19276,2023-04-28 09:00:00,Asia/Bangkok,81.34191628318588,21.70689655172414,20.43103448275862,29.88302946428571
19277,2023-04-28 10:00:00,Asia/Bangkok,72.6973729464286,16.93162393162393,15.96551724137931,31.94049482142857
19278,2023-04-28 11:00:00,Asia/Bangkok,66.61420226086955,16.18260869565217,15.37606837606838,33.13902452173911
19279,2023-04-28 12:00:00,Asia/Bangkok,62.457265,17.19469026548673,16.23008849557522,34.12500517543861
19280,2023-04-28 13:00:00,Asia/Bangkok,57.78730642857145,16.76724137931035,15.85344827586207,34.8488469369369
19281,2023-04-28 14:00:00,Asia/Bangkok,54.44258456140351,16.65811965811966,15.84615384615385,35.92761798245616
19282,2023-04-28 15:00:00,Asia/Bangkok,55.49872437499999,16.25862068965517,15.43103448275862,35.52826423423424
19283,2023-04-28 16:00:00,Asia/Bangkok,56.56936362068964,17.05172413793104,16.06034482758621,34.77779853448276
19284,2023-04-28 17:00:00,Asia/Bangkok,58.06229336283184,16.75213675213675,15.7008547008547,33.92213761061948
19285,2023-04-28 18:00:00,Asia/Bangkok,64.22834254385967,17.71551724137931,16.80172413793104,32.47721879310346
19286,2023-04-28 19:00:00,Asia/Bangkok,69.4876105357143,42.04310344827586,38.27586206896552,31.52022660714286
19287,2023-04-28 20:00:00,Asia/Bangkok,74.54703283185843,44.35344827586207,37.71551724137931,30.80425522123896
19288,2023-04-28 21:00:00,Asia/Bangkok,78.32833324561402,33.43965517241379,30.3448275862069,30.21477429824559
19289,2023-04-28 22:00:00,Asia/Bangkok,79.78949245614034,44.63793103448276,37.23478260869565,29.92692087719299
19290,2023-04-28 23:00:00,Asia/Bangkok,82.49167922413791,45.6551724137931,38.00862068965517,29.23815655172415
19291,2023-04-29 00:00:00,Asia/Bangkok,84.47215478260868,43.52173913043478,36.48695652173913,28.68674860869564
19292,2023-04-29 01:00:00,Asia/Bangkok,84.3569655172414,39.06896551724138,33.76724137931034,28.37762017241377
19293,2023-04-29 02:00:00,Asia/Bangkok,85.4428387719298,40.92173913043478,34.8421052631579,28.04916315789472
19294,2023-04-29 03:00:00,Asia/Bangkok,85.97430398148151,41.52586206896552,35.29059829059829,27.85426157407405
19295,2023-04-29 04:00:00,Asia/Bangkok,86.39746449541283,42.65217391304348,35.98260869565217,27.67219431192664
19296,2023-04-29 05:00:00,Asia/Bangkok,86.54657641025639,43.08547008547009,36.54700854700855,27.4329905128205
19297,2023-04-29 06:00:00,Asia/Bangkok,87.65249181034488,41.0,35.23275862068966,27.16805172413794
19298,2023-04-29 07:00:00,Asia/Bangkok,87.71398165217387,40.61206896551724,34.98275862068966,27.0901924347826
19299,2023-04-29 08:00:00,Asia/Bangkok,88.08830096491228,43.98290598290598,37.82905982905983,27.33503859649123
19300,2023-04-29 09:00:00,Asia/Bangkok,85.11854374999997,39.75,34.33620689655172,29.03863410714285
19301,2023-04-29 10:00:00,Asia/Bangkok,76.01958327433627,21.47413793103448,20.31034482758621,31.42688929203539
19302,2023-04-29 11:00:00,Asia/Bangkok,72.16754379310348,19.08620689655172,18.08620689655172,32.34553526315791
19303,2023-04-29 12:00:00,Asia/Bangkok,64.5780063392857,16.93965517241379,16.05172413793104,34.552266875
19304,2023-04-29 13:00:00,Asia/Bangkok,62.41705556521741,17.00854700854701,16.12820512820513,34.88186634782607
19305,2023-04-29 14:00:00,Asia/Bangkok,73.88744964912279,13.67241379310345,13.00862068965517,32.33675228070176
19306,2023-04-29 15:00:00,Asia/Bangkok,67.36372298245611,14.85217391304348,14.09565217391304,33.92752415929203
19307,2023-04-29 16:00:00,Asia/Bangkok,64.99031104347826,17.94017094017094,17.04273504273504,33.7085011304348
19308,2023-04-29 17:00:00,Asia/Bangkok,67.52331594827585,16.83620689655172,15.99137931034483,33.3374327586207
19309,2023-04-29 18:00:00,Asia/Bangkok,72.60557156521739,18.97413793103448,17.97413793103448,32.08178078260869
19310,2023-04-29 19:00:00,Asia/Bangkok,73.11019629310346,20.3448275862069,18.91379310344828,31.63109344827586
19311,2023-04-29 20:00:00,Asia/Bangkok,76.98172522123895,30.49137931034483,27.56034482758621,30.41178716814159
19312,2023-04-29 21:00:00,Asia/Bangkok,81.09099210526315,41.00854700854701,35.42735042735043,29.40599710526314
19313,2023-04-29 22:00:00,Asia/Bangkok,81.99763324561408,34.46902654867257,31.53097345132743,29.27109596491226
19314,2023-04-29 23:00:00,Asia/Bangkok,83.50301561403508,35.93103448275862,32.25862068965517,28.85665947368423
19315,2023-04-30 00:00:00,Asia/Bangkok,84.83011155172416,40.51282051282051,34.94871794871795,28.43998241379309
19316,2023-04-30 01:00:00,Asia/Bangkok,85.76860052173912,43.49137931034483,36.81896551724138,28.0532999130435
19317,2023-04-30 02:00:00,Asia/Bangkok,86.70012610619466,41.85840707964602,35.80530973451327,27.72841734513275
19318,2023-04-30 03:00:00,Asia/Bangkok,87.56321526315789,41.42241379310344,35.61206896551724,27.39125815789471
19319,2023-04-30 04:00:00,Asia/Bangkok,88.17642208695649,38.72649572649573,33.96581196581197,27.23425
19320,2023-04-30 05:00:00,Asia/Bangkok,88.56346860869562,37.53448275862069,33.37068965517241,27.09562634782607
19321,2023-04-30 06:00:00,Asia/Bangkok,89.08247946902654,34.85344827586207,31.82758620689655,26.87755159292034
19322,2023-04-30 07:00:00,Asia/Bangkok,88.98630456140353,34.12173913043478,31.39655172413793,26.77451973451328
19323,2023-04-30 08:00:00,Asia/Bangkok,89.55022072727269,33.16521739130435,30.37391304347826,27.44108963963964
19324,2023-04-30 09:00:00,Asia/Bangkok,84.23051504504508,22.20689655172414,20.82758620689655,29.95129845454546
19325,2023-04-30 10:00:00,Asia/Bangkok,74.92510368421051,29.95652173913043,27.20869565217391,31.99843929824561
19326,2023-04-30 11:00:00,Asia/Bangkok,66.86869025862069,13.43103448275862,12.8448275862069,33.92999431034482
19327,2023-04-30 12:00:00,Asia/Bangkok,64.5817535652174,13.28695652173913,12.73275862068965,34.25452417391305
19328,2023-04-30 13:00:00,Asia/Bangkok,60.72123870689656,12.30172413793103,11.73275862068965,35.26488293103449
19329,2023-04-30 14:00:00,Asia/Bangkok,59.93493567567567,11.83620689655172,11.27826086956522,34.92984522522522
19330,2023-04-30 15:00:00,Asia/Bangkok,58.60766741379311,12.15384615384615,11.49137931034483,35.29639767241379
19331,2023-04-30 16:00:00,Asia/Bangkok,62.4030554385965,14.01724137931035,13.30769230769231,34.75477991228069
19332,2023-04-30 17:00:00,Asia/Bangkok,66.54102070175438,13.08695652173913,12.44347826086956,33.3957985840708
19333,2023-04-30 18:00:00,Asia/Bangkok,70.53842218181815,17.5948275862069,16.43965517241379,32.25358318181816
19334,2023-04-30 19:00:00,Asia/Bangkok,74.76427199999996,30.73275862068965,27.62068965517241,31.33171930434783
19335,2023-04-30 20:00:00,Asia/Bangkok,77.13474017391307,46.05128205128205,39.07692307692308,30.99927582608695
19336,2023-04-30 21:00:00,Asia/Bangkok,79.25003447368417,46.13793103448276,39.16379310344828,30.57302166666668
19337,2023-04-30 22:00:00,Asia/Bangkok,81.075965,36.56034482758621,32.38793103448276,30.09944499999997
19338,2023-04-30 23:00:00,Asia/Bangkok,82.90379094827586,39.29059829059829,34.35897435897436,29.56548120689656
19339,2023-05-01 00:00:00,Asia/Bangkok,83.47233203539815,47.58620689655172,39.76724137931034,29.30201769911503
19340,2023-05-01 01:00:00,Asia/Bangkok,85.34236672413789,42.45689655172414,36.22413793103448,28.73857853448276
19341,2023-05-01 02:00:00,Asia/Bangkok,85.49000539823014,37.75,33.30172413793103,28.44144079646017
19342,2023-05-01 03:00:00,Asia/Bangkok,86.705379009009,36.53448275862069,32.54310344827586,28.15924153153152
19343,2023-05-01 04:00:00,Asia/Bangkok,88.44718105263159,38.34188034188034,33.66666666666666,27.83490850877194
19344,2023-05-01 05:00:00,Asia/Bangkok,88.48480036036034,35.27826086956522,31.91304347826087,27.81568477477476
19345,2023-05-01 06:00:00,Asia/Bangkok,88.77361394736846,34.81896551724138,31.50862068965517,27.63325078947367
19346,2023-05-01 07:00:00,Asia/Bangkok,89.57122920353981,34.73275862068966,31.28448275862069,27.49735446428571
19347,2023-05-01 08:00:00,Asia/Bangkok,89.04048469026549,36.53913043478261,32.3448275862069,28.28511920353982
19348,2023-05-01 09:00:00,Asia/Bangkok,82.10551701754386,25.31034482758621,23.04310344827586,30.2665192982456
19349,2023-05-01 10:00:00,Asia/Bangkok,80.49935504504502,13.99137931034483,13.32758620689655,30.8588198198198
19350,2023-05-01 11:00:00,Asia/Bangkok,70.03824773913043,5.752136752136752,5.435897435897436,32.79777869565216
19351,2023-05-01 12:00:00,Asia/Bangkok,67.77820026086957,6.560344827586207,6.120689655172414,33.96313408695652
19352,2023-05-01 13:00:00,Asia/Bangkok,70.76697044642859,6.347826086956522,5.878260869565217,32.80741432432434
19353,2023-05-01 14:00:00,Asia/Bangkok,65.12375818181818,5.922413793103448,5.560344827586207,34.31547882882881
19354,2023-05-01 15:00:00,Asia/Bangkok,65.1138739473684,7.239316239316239,6.811965811965812,34.46222646017699
19355,2023-05-01 16:00:00,Asia/Bangkok,68.09354517543862,6.887931034482759,6.422413793103448,33.21615622807018
19356,2023-05-01 17:00:00,Asia/Bangkok,68.9214507079646,13.61739130434783,12.54310344827586,33.18475
19357,2023-05-01 18:00:00,Asia/Bangkok,68.64244486238532,11.96521739130435,11.4,32.54679351851855
19358,2023-05-01 19:00:00,Asia/Bangkok,74.45524929203539,25.21052631578947,22.89473684210526,31.40027714285712
19359,2023-05-01 20:00:00,Asia/Bangkok,77.67506135135137,28.90350877192983,26.34210526315789,30.92247910714287
19360,2023-05-01 21:00:00,Asia/Bangkok,80.02805844827589,28.20689655172414,26.51724137931035,30.51257094827588
19361,2023-05-01 22:00:00,Asia/Bangkok,80.24413086206894,28.76724137931035,27.24137931034483,30.44924189655171
19362,2023-05-01 23:00:00,Asia/Bangkok,80.08569336283183,13.6695652173913,12.9304347826087,28.98792339285712
19363,2023-05-02 00:00:00,Asia/Bangkok,80.1875646491228,12.69026548672566,11.79646017699115,28.84387140350877
19364,2023-05-02 01:00:00,Asia/Bangkok,86.51627743362833,19.33620689655172,18.31896551724138,28.28581428571431
19365,2023-05-02 02:00:00,Asia/Bangkok,88.0136671304348,20.47863247863248,19.31034482758621,27.92988530434783
19366,2023-05-02 03:00:00,Asia/Bangkok,87.83760212389382,20.26724137931035,19.36752136752137,27.55474920353985
19367,2023-05-02 04:00:00,Asia/Bangkok,87.78504578947368,16.75862068965517,15.97413793103448,27.50814289473686
19368,2023-05-02 05:00:00,Asia/Bangkok,87.03238132743365,17.6551724137931,16.78448275862069,27.64091097345135
19369,2023-05-02 06:00:00,Asia/Bangkok,88.04297654867257,19.57758620689655,18.47413793103448,27.40265867256634
19370,2023-05-02 07:00:00,Asia/Bangkok,91.10491137931031,44.61538461538461,40.42735042735043,27.18897853448274
19371,2023-05-02 08:00:00,Asia/Bangkok,89.65984956521743,21.22413793103448,19.66379310344828,28.02868765217391
19372,2023-05-02 09:00:00,Asia/Bangkok,85.98230026315792,10.93965517241379,10.0,28.79242921052631
19373,2023-05-02 10:00:00,Asia/Bangkok,90.77883769911503,9.439655172413794,8.810344827586206,27.14346142857142
19374,2023-05-02 11:00:00,Asia/Bangkok,91.14728741071437,6.905172413793103,6.258620689655173,27.14845769911505
19375,2023-05-02 12:00:00,Asia/Bangkok,91.10561281818183,8.025862068965518,7.267241379310345,27.40266581818181
19376,2023-05-02 13:00:00,Asia/Bangkok,89.54706513043482,5.119658119658119,4.641025641025641,27.95008756521738
19377,2023-05-02 14:00:00,Asia/Bangkok,89.47326539130437,4.474137931034483,4.146551724137931,27.99427495652175
19378,2023-05-02 15:00:00,Asia/Bangkok,90.0669460869565,6.025862068965517,5.629310344827586,27.78668886956518
19379,2023-05-02 16:00:00,Asia/Bangkok,90.74639794642853,8.431034482758621,7.78448275862069,27.60523297297295
19380,2023-05-02 17:00:00,Asia/Bangkok,91.23222043859654,4.318965517241379,3.681034482758621,27.13783149122806
19381,2023-05-02 18:00:00,Asia/Bangkok,89.93879654545454,5.922413793103448,4.991379310344827,27.50893126126124
19382,2023-05-02 19:00:00,Asia/Bangkok,88.48599877192974,5.615384615384615,4.957264957264957,27.78068298245611
19383,2023-05-02 20:00:00,Asia/Bangkok,90.46199521739132,12.77391304347826,11.81896551724138,27.38441791304345
19384,2023-05-02 21:00:00,Asia/Bangkok,90.80159061946902,16.31034482758621,15.21551724137931,27.16660336283188
19385,2023-05-02 22:00:00,Asia/Bangkok,91.82362947368415,19.7948717948718,18.48275862068965,26.89891052631582
19386,2023-05-02 23:00:00,Asia/Bangkok,91.85056380530976,23.10434782608696,21.67241379310345,26.83331407079646
19387,2023-05-03 00:00:00,Asia/Bangkok,91.77500280701753,21.24137931034483,20.00862068965517,26.89132166666669
19388,2023-05-03 01:00:00,Asia/Bangkok,91.49882882882876,20.68965517241379,19.53448275862069,26.68988639639639
19389,2023-05-03 02:00:00,Asia/Bangkok,91.32477859649129,19.35344827586207,18.33620689655172,26.4687056140351
19390,2023-05-03 03:00:00,Asia/Bangkok,91.59611582608696,16.68103448275862,15.75,26.23968191304349
19391,2023-05-03 04:00:00,Asia/Bangkok,92.28199787610623,17.10344827586207,16.20689655172414,26.22723858407079
19392,2023-05-03 05:00:00,Asia/Bangkok,92.35658909909912,18.0,17.07017543859649,26.15665837837837
19393,2023-05-03 06:00:00,Asia/Bangkok,92.44840392857144,18.74107142857143,17.78571428571428,26.06252830357142
19394,2023-05-03 07:00:00,Asia/Bangkok,92.72697403508776,19.08620689655172,17.81896551724138,25.9026662280702
19395,2023-05-03 08:00:00,Asia/Bangkok,94.26884382608694,13.13793103448276,12.43103448275862,26.441444
19396,2023-05-03 09:00:00,Asia/Bangkok,91.43110317757005,5.901785714285714,5.330357142857143,28.15135925925926
19397,2023-05-03 10:00:00,Asia/Bangkok,84.20447870689655,3.683760683760684,3.205128205128205,29.77457198275861
19398,2023-05-03 11:00:00,Asia/Bangkok,81.65477929203543,4.508620689655173,3.982608695652174,29.99094017699116
19399,2023-05-03 12:00:00,Asia/Bangkok,72.94998044247785,0.6896551724137931,0.5555555555555556,31.88578424778762
19400,2023-05-03 13:00:00,Asia/Bangkok,70.30578035714288,1.486956521739131,1.147826086956522,33.094122920354
19401,2023-05-03 14:00:00,Asia/Bangkok,70.15375130434785,2.273504273504273,1.897435897435897,33.07636333333334
19402,2023-05-03 15:00:00,Asia/Bangkok,65.80847784482756,3.094827586206896,2.637931034482758,33.81636767241377
19403,2023-05-03 16:00:00,Asia/Bangkok,69.98565026086952,3.724137931034483,3.25,32.56271956521741
19404,2023-05-03 17:00:00,Asia/Bangkok,69.6018339473684,2.538461538461538,2.188034188034188,32.86229192982456
19405,2023-05-03 18:00:00,Asia/Bangkok,75.19389525862067,4.948275862068965,4.405172413793103,31.35869646551721
19406,2023-05-03 19:00:00,Asia/Bangkok,78.82968565217391,27.55172413793104,23.78448275862069,30.49502504347828
19407,2023-05-03 20:00:00,Asia/Bangkok,81.52504891891893,29.5,26.5,30.08228954545454
19408,2023-05-03 21:00:00,Asia/Bangkok,83.96452184210527,18.46551724137931,17.0,29.63702719298246
19409,2023-05-03 22:00:00,Asia/Bangkok,86.88819317757009,30.96581196581197,28.25641025641026,28.92501037383177
19410,2023-05-03 23:00:00,Asia/Bangkok,87.86093536363637,48.19827586206897,40.33620689655172,28.65109354545453
19411,2023-05-04 00:00:00,Asia/Bangkok,88.27804849557526,34.15384615384615,30.90598290598291,28.40390607142853
19412,2023-05-04 01:00:00,Asia/Bangkok,88.54722773913048,27.75,26.25862068965517,28.15377226086954
19413,2023-05-04 02:00:00,Asia/Bangkok,88.89873885964916,23.99137931034483,22.51724137931035,27.82663947368421
19414,2023-05-04 03:00:00,Asia/Bangkok,89.20736097345132,22.93162393162393,21.64957264957265,27.69528805309734
19415,2023-05-04 04:00:00,Asia/Bangkok,90.2233887962963,20.11304347826087,18.81739130434783,27.38863296296297
19416,2023-05-04 05:00:00,Asia/Bangkok,90.81483808695653,20.95689655172414,19.5948275862069,27.16064438596491
19417,2023-05-04 06:00:00,Asia/Bangkok,90.97333963963966,26.07758620689655,24.13793103448276,27.04248810810807
19418,2023-05-04 07:00:00,Asia/Bangkok,91.57842312499994,19.5,18.56896551724138,26.93228486486486
19419,2023-05-04 08:00:00,Asia/Bangkok,91.73712035087719,12.35042735042735,11.58974358974359,27.81525307017543
19420,2023-05-04 09:00:00,Asia/Bangkok,85.52094254385966,5.301724137931035,4.75,29.71865745614036
19421,2023-05-04 10:00:00,Asia/Bangkok,80.01540426086957,8.698275862068966,8.0,30.89323
19422,2023-05-04 11:00:00,Asia/Bangkok,70.69367369369371,3.818965517241379,3.5,32.69333738738739
19423,2023-05-04 12:00:00,Asia/Bangkok,64.85676681818181,3.29059829059829,2.965811965811966,34.28267596330276
19424,2023-05-04 13:00:00,Asia/Bangkok,65.09050342105263,3.017241379310345,2.594827586206896,33.25977157894737
19425,2023-05-04 14:00:00,Asia/Bangkok,63.71268513513514,2.373913043478261,2.095652173913043,33.93569153153153
19426,2023-05-04 15:00:00,Asia/Bangkok,62.09829267857145,2.818965517241379,2.46551724137931,35.06077482142855
19427,2023-05-04 16:00:00,Asia/Bangkok,62.76228796460178,19.20689655172414,17.25,35.45429035398232
19428,2023-05-04 17:00:00,Asia/Bangkok,64.52182456140348,6.8,6.347826086956522,34.58893912280703
19429,2023-05-04 18:00:00,Asia/Bangkok,64.80804872727273,6.275862068965517,5.75,33.97235554545455
19430,2023-05-04 19:00:00,Asia/Bangkok,71.50622405405406,12.74137931034483,11.73275862068965,32.49801711711712
19431,2023-05-04 20:00:00,Asia/Bangkok,76.09086552631577,43.25862068965517,36.69827586206897,31.39522535087715
19432,2023-05-04 21:00:00,Asia/Bangkok,80.05503678260864,38.97368421052632,33.7719298245614,30.60017105263157
19433,2023-05-04 22:00:00,Asia/Bangkok,82.88620927927924,38.20689655172414,33.50862068965517,30.08889290909091
19434,2023-05-04 23:00:00,Asia/Bangkok,84.12551389380533,43.18103448275862,36.5,29.59464469026547
19435,2023-05-05 00:00:00,Asia/Bangkok,85.24606469565218,37.93162393162393,33.23076923076923,29.14885147826089
19436,2023-05-05 01:00:00,Asia/Bangkok,86.50995236842103,36.43103448275862,32.64655172413793,28.69203447368423
19437,2023-05-05 02:00:00,Asia/Bangkok,87.0237126126126,35.74137931034483,32.14655172413793,28.42264054054051
19438,2023-05-05 03:00:00,Asia/Bangkok,87.96325736842108,34.45689655172414,31.02586206896552,27.9844446491228
19439,2023-05-05 04:00:00,Asia/Bangkok,88.76735974137927,37.18965517241379,32.70689655172414,27.58081739130435
19440,2023-05-05 05:00:00,Asia/Bangkok,89.44814860869569,25.18965517241379,23.50862068965517,26.98707313043478
19441,2023-05-05 06:00:00,Asia/Bangkok,89.21983330434779,21.41379310344828,20.4051724137931,26.75747286956519
19442,2023-05-05 07:00:00,Asia/Bangkok,89.88665208695654,24.26495726495726,22.67521367521368,26.58039228070176
19443,2023-05-05 08:00:00,Asia/Bangkok,87.66325120370374,20.84347826086956,19.61739130434783,27.62614555555555
19444,2023-05-05 09:00:00,Asia/Bangkok,80.25730982300887,14.46551724137931,13.83478260869565,30.3132921238938
19445,2023-05-05 10:00:00,Asia/Bangkok,66.34189061403512,8.051724137931034,7.543103448275862,32.88307203539824
19446,2023-05-05 11:00:00,Asia/Bangkok,58.82269504273503,5.871794871794871,5.512820512820513,34.77621284482758
19447,2023-05-05 12:00:00,Asia/Bangkok,51.828542,7.156521739130435,6.793103448275862,37.19019166666666
19448,2023-05-05 13:00:00,Asia/Bangkok,52.53494893805309,10.71551724137931,10.20689655172414,36.91963876106192
19449,2023-05-05 14:00:00,Asia/Bangkok,52.80775921739129,12.88793103448276,12.56034482758621,37.01844807017542
19450,2023-05-05 15:00:00,Asia/Bangkok,55.70893765217394,16.55555555555556,15.7948717948718,35.9597952173913
19451,2023-05-05 16:00:00,Asia/Bangkok,59.75635548672569,17.17241379310345,16.76724137931035,35.192266460177
19452,2023-05-05 17:00:00,Asia/Bangkok,66.58429557522123,13.23275862068965,12.71551724137931,33.9005097368421
19453,2023-05-05 18:00:00,Asia/Bangkok,67.21436103448275,15.76724137931035,14.96551724137931,33.10438094827587
19454,2023-05-05 19:00:00,Asia/Bangkok,69.37832586206898,17.87068965517241,16.56034482758621,32.43258362068966
19455,2023-05-05 20:00:00,Asia/Bangkok,73.47140852173914,40.9051724137931,34.68103448275862,31.3474867826087
19456,2023-05-05 21:00:00,Asia/Bangkok,76.54522124999997,47.45689655172414,39.63793103448276,30.55738267857144
19457,2023-05-05 22:00:00,Asia/Bangkok,80.91860645454548,36.36206896551724,31.83620689655172,29.73859618181818
19458,2023-05-05 23:00:00,Asia/Bangkok,84.07230336206901,24.97368421052632,23.95614035087719,29.13242491379312
19459,2023-05-06 00:00:00,Asia/Bangkok,84.63860687500001,24.0948275862069,22.96551724137931,29.25719383928571
19460,2023-05-06 01:00:00,Asia/Bangkok,85.07336136363641,22.7280701754386,21.24561403508772,29.05343718181819
19461,2023-05-06 02:00:00,Asia/Bangkok,84.68595379310347,9.387931034482758,9.008620689655173,28.52980603448274
19462,2023-05-06 03:00:00,Asia/Bangkok,86.71785192982455,10.61206896551724,10.30172413793103,27.80230000000001
19463,2023-05-06 04:00:00,Asia/Bangkok,86.69644095652177,10.0695652173913,9.547826086956523,27.28782199999998
19464,2023-05-06 05:00:00,Asia/Bangkok,84.40970068965517,10.68103448275862,10.14655172413793,27.32300172413792
19465,2023-05-06 06:00:00,Asia/Bangkok,86.09733743119266,8.491379310344827,7.853448275862069,27.04804431192662
19466,2023-05-06 07:00:00,Asia/Bangkok,87.25214027272726,16.03448275862069,14.56896551724138,27.02758063636363
19467,2023-05-06 08:00:00,Asia/Bangkok,84.531769122807,14.91379310344828,13.94782608695652,28.02428894736842
19468,2023-05-06 09:00:00,Asia/Bangkok,77.6314670909091,9.25,8.620689655172415,30.40959972727273
19469,2023-05-06 10:00:00,Asia/Bangkok,73.58186965217395,10.5042735042735,9.982905982905983,31.49683904347826
19470,2023-05-06 11:00:00,Asia/Bangkok,67.54234771929826,11.78448275862069,11.10344827586207,33.49064017543861
19471,2023-05-06 12:00:00,Asia/Bangkok,62.05691657894738,14.24137931034483,13.71551724137931,34.94387946902653
19472,2023-05-06 13:00:00,Asia/Bangkok,57.92245780701751,14.31578947368421,13.56140350877193,35.92941999999999
19473,2023-05-06 14:00:00,Asia/Bangkok,53.58600895652175,14.56896551724138,13.83620689655172,36.69720008695652
19474,2023-05-06 15:00:00,Asia/Bangkok,52.24551482142859,18.93805309734513,17.84070796460177,36.8269808035714
19475,2023-05-06 16:00:00,Asia/Bangkok,63.44203342105265,13.12931034482759,12.74782608695652,35.33358798245614
19476,2023-05-06 17:00:00,Asia/Bangkok,69.11096035398229,12.47413793103448,12.01724137931035,34.31131796460177
19477,2023-05-06 18:00:00,Asia/Bangkok,70.09826258620689,18.39316239316239,17.35897435897436,32.45634025862069
19478,2023-05-06 19:00:00,Asia/Bangkok,69.32871196428572,23.56034482758621,21.5948275862069,32.37003625000001
19479,2023-05-06 20:00:00,Asia/Bangkok,75.53031114035088,25.51724137931035,24.24137931034483,30.99587140350879
19480,2023-05-06 21:00:00,Asia/Bangkok,79.78430205357144,24.75221238938053,23.5575221238938,30.29940919642856
19481,2023-05-06 22:00:00,Asia/Bangkok,83.38301732758626,14.77777777777778,14.07692307692308,29.40383112068963
19482,2023-05-06 23:00:00,Asia/Bangkok,82.58288154545454,9.434782608695652,8.826086956521738,29.11385790909089
19483,2023-05-07 00:00:00,Asia/Bangkok,82.87693735042735,11.64957264957265,10.8974358974359,29.10401957264958
19484,2023-05-07 01:00:00,Asia/Bangkok,84.77121543859647,13.49137931034483,12.56034482758621,28.6737651754386
19485,2023-05-07 02:00:00,Asia/Bangkok,87.96346090909091,10.95652173913044,10.26956521739131,28.14437256880731
19486,2023-05-07 03:00:00,Asia/Bangkok,89.9646210526316,12.75862068965517,11.99137931034483,27.92101079646015
19487,2023-05-07 04:00:00,Asia/Bangkok,90.59430947368426,13.18965517241379,12.30172413793103,27.82167394736842
19488,2023-05-07 05:00:00,Asia/Bangkok,90.86243858407084,13.24786324786325,12.48717948717949,27.79125548672565
19489,2023-05-07 06:00:00,Asia/Bangkok,90.73871000000003,12.98260869565217,12.51304347826087,27.7137430088496
19490,2023-05-07 07:00:00,Asia/Bangkok,89.48828556521734,9.365217391304348,8.930434782608696,27.65679391304349
19491,2023-05-07 08:00:00,Asia/Bangkok,87.64624333333336,9.239316239316238,8.777777777777779,28.12690885964912
19492,2023-05-07 09:00:00,Asia/Bangkok,82.98210452173913,8.025862068965518,7.460869565217391,29.63608565217392
19493,2023-05-07 10:00:00,Asia/Bangkok,77.81861491228071,10.33913043478261,9.634782608695652,31.17967929824561
19494,2023-05-07 11:00:00,Asia/Bangkok,70.81135839285714,10.45689655172414,10.04310344827586,33.19752883928572
19495,2023-05-07 12:00:00,Asia/Bangkok,67.80603017699117,10.16521739130435,9.626086956521739,33.85100530973452
19496,2023-05-07 13:00:00,Asia/Bangkok,63.54903643478263,9.922413793103448,9.517241379310345,34.97658201754385
19497,2023-05-07 14:00:00,Asia/Bangkok,59.26918875,10.80172413793103,10.45689655172414,36.2588938392857
19498,2023-05-07 15:00:00,Asia/Bangkok,57.52072818181816,13.47368421052632,13.13157894736842,36.80454073394495
19499,2023-05-07 16:00:00,Asia/Bangkok,57.58273431034483,11.63793103448276,11.31034482758621,36.94787913793101
19500,2023-05-07 17:00:00,Asia/Bangkok,60.08546436363638,7.431034482758621,7.241379310344827,36.03025472727273
19501,2023-05-07 18:00:00,Asia/Bangkok,66.05386044247786,14.75652173913043,13.92173913043478,33.86024601769912
19502,2023-05-07 19:00:00,Asia/Bangkok,72.86496184210526,18.74137931034483,17.50862068965517,31.83067893805309
19503,2023-05-07 20:00:00,Asia/Bangkok,76.77375130434781,12.81034482758621,12.00862068965517,31.2321512173913
19504,2023-05-07 21:00:00,Asia/Bangkok,79.84276513274335,9.324786324786325,8.649572649572649,30.44860451327435
19505,2023-05-07 22:00:00,Asia/Bangkok,79.88299660869566,3.620689655172414,3.198275862068965,30.12324521739131
19506,2023-05-07 23:00:00,Asia/Bangkok,81.95553848214287,4.695652173913044,4.130434782608695,29.80962468468469
19507,2023-05-08 00:00:00,Asia/Bangkok,84.34424575221242,3.793103448275862,3.25,29.29028678571425
19508,2023-05-08 01:00:00,Asia/Bangkok,85.30598686956526,3.189655172413793,2.818965517241379,28.93513652173912
19509,2023-05-08 02:00:00,Asia/Bangkok,86.50974896551723,3.097345132743363,2.610619469026549,28.57623672413792
19510,2023-05-08 03:00:00,Asia/Bangkok,86.82973071428573,3.692307692307693,3.239316239316239,28.42138357142856
19511,2023-05-08 04:00:00,Asia/Bangkok,87.65830254385959,3.758620689655173,3.301724137931035,28.20251754385966
19512,2023-05-08 05:00:00,Asia/Bangkok,87.32934894736849,3.629310344827586,3.206896551724138,28.0973688596491
19513,2023-05-08 06:00:00,Asia/Bangkok,85.91730963302756,4.146551724137931,3.793103448275862,27.90098284403668
19514,2023-05-08 07:00:00,Asia/Bangkok,84.14526149122811,1.735042735042735,1.521367521367521,27.60668675438595
19515,2023-05-08 08:00:00,Asia/Bangkok,83.56684362831858,2.163793103448276,1.879310344827586,28.34379619469027
19516,2023-05-08 09:00:00,Asia/Bangkok,79.53665163793102,2.870689655172414,2.560344827586207,30.0365622413793
19517,2023-05-08 10:00:00,Asia/Bangkok,74.71507807017545,3.760683760683761,3.426086956521739,31.90486140350877
19518,2023-05-08 11:00:00,Asia/Bangkok,66.74802149122807,3.422413793103448,3.008620689655173,34.45577526315788
19519,2023-05-08 12:00:00,Asia/Bangkok,63.87645928571426,5.53448275862069,5.21551724137931,35.19519678571426
19520,2023-05-08 13:00:00,Asia/Bangkok,61.2547956521739,7.0,6.655172413793103,35.62851278260869
19521,2023-05-08 14:00:00,Asia/Bangkok,56.20222947368419,7.586206896551724,7.258620689655173,37.3830400877193
19522,2023-05-08 15:00:00,Asia/Bangkok,60.56684562500001,7.552631578947368,7.078947368421052,35.60993232142858
19523,2023-05-08 16:00:00,Asia/Bangkok,60.67804460869566,5.698275862068965,5.405172413793103,35.44906573913045
19524,2023-05-08 17:00:00,Asia/Bangkok,60.9405089380531,5.572649572649572,5.333333333333333,35.21009874999998
19525,2023-05-08 18:00:00,Asia/Bangkok,63.18515111111111,7.474137931034483,6.887931034482759,34.36632574074076
19526,2023-05-08 19:00:00,Asia/Bangkok,67.21515371681417,18.6551724137931,16.6551724137931,33.47148902654867
19527,2023-05-08 20:00:00,Asia/Bangkok,76.60192173913043,29.0948275862069,25.58620689655172,31.96433260869563
19528,2023-05-08 21:00:00,Asia/Bangkok,77.21706442477875,18.64655172413793,16.43103448275862,31.96064725663718
19529,2023-05-08 22:00:00,Asia/Bangkok,78.60444761061945,35.57391304347826,30.45217391304348,31.74264902654864
19530,2023-05-08 23:00:00,Asia/Bangkok,80.9105266964286,15.53913043478261,14.69565217391304,31.07721419642856
19531,2023-05-09 00:00:00,Asia/Bangkok,81.26679794642861,12.88793103448276,12.16379310344828,30.9019986607143
19532,2023-05-09 01:00:00,Asia/Bangkok,82.8527871681416,10.89565217391304,10.32173913043478,30.52389132743363
19533,2023-05-09 02:00:00,Asia/Bangkok,87.75512956140352,4.31304347826087,3.617391304347826,27.20904280701752
19534,2023-05-09 03:00:00,Asia/Bangkok,91.14769580357145,0.8620689655172413,0.5775862068965517,25.63787803571429
19535,2023-05-09 04:00:00,Asia/Bangkok,90.81405578947368,0.7241379310344828,0.4741379310344828,26.04138315789474
19536,2023-05-09 05:00:00,Asia/Bangkok,90.15499750000005,0.896551724137931,0.6379310344827587,26.32282724137933
19537,2023-05-09 06:00:00,Asia/Bangkok,91.5528989473684,1.743589743589744,1.418803418803419,26.06332850877192
19538,2023-05-09 07:00:00,Asia/Bangkok,92.92905234234237,3.991379310344827,3.637931034482758,26.01681729729731
19539,2023-05-09 08:00:00,Asia/Bangkok,93.06638292035402,4.586206896551724,4.224137931034483,26.75631375
19540,2023-05-09 09:00:00,Asia/Bangkok,87.67355767857141,4.146551724137931,3.827586206896552,28.06270168141593
19541,2023-05-09 10:00:00,Asia/Bangkok,83.61116274336283,7.310344827586207,6.948275862068965,29.72976663716814
19542,2023-05-09 11:00:00,Asia/Bangkok,73.48008486956519,9.824561403508772,9.380530973451327,32.1553896521739
19543,2023-05-09 12:00:00,Asia/Bangkok,63.97551504424779,6.365217391304347,6.068965517241379,34.129263539823
19544,2023-05-09 13:00:00,Asia/Bangkok,61.23924920353985,6.655172413793103,6.456896551724138,35.16294271929822
19545,2023-05-09 14:00:00,Asia/Bangkok,58.51762705357142,6.076923076923077,5.863247863247863,35.89574181818182
19546,2023-05-09 15:00:00,Asia/Bangkok,57.77077946428572,5.274336283185841,5.097345132743363,36.01894544642856
19547,2023-05-09 16:00:00,Asia/Bangkok,62.3511573214286,5.905172413793103,5.681034482758621,35.42834866071428
19548,2023-05-09 17:00:00,Asia/Bangkok,67.72356227272728,6.931034482758621,6.646551724137931,34.0287468181818
19549,2023-05-09 18:00:00,Asia/Bangkok,70.24947160714288,10.30769230769231,10.01709401709402,32.66927919642857
19550,2023-05-09 19:00:00,Asia/Bangkok,76.11160663793105,9.267241379310345,8.698275862068966,30.37447249999999
19551,2023-05-09 20:00:00,Asia/Bangkok,81.18573254385967,5.853448275862069,5.46551724137931,28.23081692982456
19552,2023-05-09 21:00:00,Asia/Bangkok,80.71194035087721,5.367521367521367,4.965811965811966,28.38756929824564
19553,2023-05-09 22:00:00,Asia/Bangkok,82.0331515652174,4.956896551724138,4.612068965517241,28.31882226086957
19554,2023-05-09 23:00:00,Asia/Bangkok,86.18608666666668,5.451327433628318,5.123893805309734,27.42810867256637
19555,2023-05-10 00:00:00,Asia/Bangkok,87.88765452173911,5.189655172413793,4.844827586206897,27.15922513043478
19556,2023-05-10 01:00:00,Asia/Bangkok,89.2231552631579,8.256410256410257,8.0,26.90364157894739
19557,2023-05-10 02:00:00,Asia/Bangkok,89.62190045045045,12.74137931034483,12.24137931034483,26.8573009009009
19558,2023-05-10 03:00:00,Asia/Bangkok,89.16397684684685,13.62931034482759,13.07758620689655,26.93009567567567
19559,2023-05-10 04:00:00,Asia/Bangkok,91.04040434782613,12.15384615384615,11.56410256410256,26.23065130434782
19560,2023-05-10 05:00:00,Asia/Bangkok,90.68225166666657,7.155172413793103,6.793103448275862,26.00078771929825
19561,2023-05-10 06:00:00,Asia/Bangkok,89.53097469026547,8.370689655172415,8.086206896551724,26.09691256637169
19562,2023-05-10 07:00:00,Asia/Bangkok,89.71983853448272,9.456896551724139,9.068965517241379,26.1476380869565
19563,2023-05-10 08:00:00,Asia/Bangkok,90.26934799999998,11.41379310344828,10.87931034482759,26.42414469565218
19564,2023-05-10 09:00:00,Asia/Bangkok,86.24708423423422,7.31304347826087,6.947826086956522,27.4947854054054
19565,2023-05-10 10:00:00,Asia/Bangkok,83.72667651785711,6.336206896551724,5.869565217391305,28.15120330357144
19566,2023-05-10 11:00:00,Asia/Bangkok,79.93466955752208,10.68695652173913,10.0948275862069,30.06646442477876
19567,2023-05-10 12:00:00,Asia/Bangkok,75.12171719298246,15.17241379310345,14.33620689655172,31.98438368421056
19568,2023-05-10 13:00:00,Asia/Bangkok,74.64510535714287,12.28448275862069,11.88888888888889,32.30120828828829
19569,2023-05-10 14:00:00,Asia/Bangkok,75.74073628318583,9.620689655172415,9.28448275862069,32.03996410714284
19570,2023-05-10 15:00:00,Asia/Bangkok,75.13129413793105,8.512820512820513,8.120689655172415,32.48097103448276
19571,2023-05-10 16:00:00,Asia/Bangkok,75.70678293103448,7.96551724137931,7.632478632478633,32.24844474137932
19572,2023-05-10 17:00:00,Asia/Bangkok,73.81881052631579,7.491379310344827,7.017241379310345,32.70937921052633
19573,2023-05-10 18:00:00,Asia/Bangkok,76.87736946902655,7.837606837606837,7.344827586206897,31.87534132743362
19574,2023-05-10 19:00:00,Asia/Bangkok,79.4500324561403,27.64655172413793,24.66379310344828,31.28710035087718
19575,2023-05-10 20:00:00,Asia/Bangkok,82.80374460869564,57.46551724137931,47.24137931034483,30.34512146551723
19576,2023-05-10 21:00:00,Asia/Bangkok,85.09912974137931,67.80341880341881,57.47863247863248,29.4065767826087
19577,2023-05-10 22:00:00,Asia/Bangkok,86.59059938596492,64.8103448275862,53.1551724137931,28.84361254385966
19578,2023-05-10 23:00:00,Asia/Bangkok,87.17846599999997,44.25,37.64655172413793,28.51921149122806
19579,2023-05-11 00:00:00,Asia/Bangkok,88.21667904347825,63.64102564102564,53.91452991452991,28.0513487826087
19580,2023-05-11 01:00:00,Asia/Bangkok,89.05523842105269,41.51327433628319,35.50442477876106,27.75969342105266
19581,2023-05-11 02:00:00,Asia/Bangkok,90.07614156521734,34.1551724137931,31.31896551724138,27.51013286956522
19582,2023-05-11 03:00:00,Asia/Bangkok,89.70561160714284,34.01739130434783,31.18260869565217,27.49608999999999
19583,2023-05-11 04:00:00,Asia/Bangkok,89.60765763157897,34.41379310344828,31.47413793103448,27.26682798245614
19584,2023-05-11 05:00:00,Asia/Bangkok,89.08422094827584,33.93162393162393,31.18803418803419,27.03757637931035
19585,2023-05-11 06:00:00,Asia/Bangkok,89.06689543859648,31.72413793103448,29.6551724137931,26.91326789473683
19586,2023-05-11 07:00:00,Asia/Bangkok,89.46723254385971,34.06896551724138,31.20689655172414,26.74672798245614
19587,2023-05-11 08:00:00,Asia/Bangkok,90.96254513043483,33.73275862068966,30.95689655172414,27.43136991304348
19588,2023-05-11 09:00:00,Asia/Bangkok,88.14279017543856,17.01709401709402,16.23931623931624,29.21124850877193
19589,2023-05-11 10:00:00,Asia/Bangkok,80.54725419642857,9.456896551724139,9.051724137931034,31.2264669642857
19590,2023-05-11 11:00:00,Asia/Bangkok,73.94514104347824,10.12068965517241,9.525862068965518,32.6056532173913
19591,2023-05-11 12:00:00,Asia/Bangkok,66.14746805309733,6.827586206896552,6.327586206896552,34.13409875000001
19592,2023-05-11 13:00:00,Asia/Bangkok,60.2171230973451,5.793103448275862,5.293103448275862,35.72940451327433
19593,2023-05-11 14:00:00,Asia/Bangkok,56.47261327272725,5.396551724137931,4.956896551724138,36.17984118181818
19594,2023-05-11 15:00:00,Asia/Bangkok,57.64831486725659,6.379310344827586,5.931034482758621,36.86462749999999
19595,2023-05-11 16:00:00,Asia/Bangkok,64.99893794642858,5.112068965517241,4.827586206896552,34.95720769911505
19596,2023-05-11 17:00:00,Asia/Bangkok,66.78887499999999,3.811965811965812,3.52991452991453,34.23125785714287
19597,2023-05-11 18:00:00,Asia/Bangkok,70.56217513274336,4.280701754385965,3.885964912280702,32.90183601769913
19598,2023-05-11 19:00:00,Asia/Bangkok,73.63800081818184,22.10434782608696,19.42608695652174,32.01830436363637
19599,2023-05-11 20:00:00,Asia/Bangkok,76.73958086206898,63.74137931034483,55.12068965517241,31.56502663793102
19600,2023-05-11 21:00:00,Asia/Bangkok,80.51453657894737,37.37719298245614,32.8421052631579,30.66769053097345
19601,2023-05-11 22:00:00,Asia/Bangkok,81.48909114035088,33.72413793103448,30.41379310344828,30.56002192982458
19602,2023-05-11 23:00:00,Asia/Bangkok,83.05224017857141,30.97413793103448,28.94827586206896,30.14076241071428
19603,2023-05-12 00:00:00,Asia/Bangkok,83.9054186725664,33.57758620689656,30.74137931034483,29.6865696460177
19604,2023-05-12 01:00:00,Asia/Bangkok,85.89288209090905,36.45299145299145,32.34188034188034,28.99644009090909
19605,2023-05-12 02:00:00,Asia/Bangkok,85.47335754385962,32.44827586206897,30.01724137931035,28.70546026315794
19606,2023-05-12 03:00:00,Asia/Bangkok,85.08352857142856,25.97391304347826,24.51304347826087,28.50225553571428
19607,2023-05-12 04:00:00,Asia/Bangkok,85.52314182608693,23.45299145299145,22.06837606837607,28.13299095652172
19608,2023-05-12 05:00:00,Asia/Bangkok,85.90791964912285,21.61946902654867,20.52212389380531,27.82708508771931
19609,2023-05-12 06:00:00,Asia/Bangkok,86.33619198275862,21.22413793103448,20.19827586206896,27.45256077586209
19610,2023-05-12 07:00:00,Asia/Bangkok,87.92171313043484,22.51282051282051,21.33333333333333,27.21597573913042
19611,2023-05-12 08:00:00,Asia/Bangkok,89.46303408695651,22.35344827586207,21.11206896551724,27.73190999999998
19612,2023-05-12 09:00:00,Asia/Bangkok,85.52999097345129,8.956896551724139,8.422413793103448,29.47698318584071
19613,2023-05-12 10:00:00,Asia/Bangkok,77.36397754385963,6.008547008547009,5.623931623931623,31.53284245614035
19614,2023-05-12 11:00:00,Asia/Bangkok,66.82537382608697,4.517241379310345,4.112068965517241,33.54249921739132
19615,2023-05-12 12:00:00,Asia/Bangkok,58.33319234234234,4.208695652173913,3.739130434782609,35.43380697247706
19616,2023-05-12 13:00:00,Asia/Bangkok,55.49918767857143,3.75,3.327586206896552,36.18388526785714
19617,2023-05-12 14:00:00,Asia/Bangkok,54.22783919642854,4.198275862068965,3.672413793103448,36.47571455357143
19618,2023-05-12 15:00:00,Asia/Bangkok,52.10510121739128,5.495726495726496,5.145299145299146,37.06893391304346
19619,2023-05-12 16:00:00,Asia/Bangkok,53.71094648648647,6.860869565217391,6.373913043478261,36.46951981981981
19620,2023-05-12 17:00:00,Asia/Bangkok,64.71152267857143,11.63793103448276,10.23275862068965,35.13778473214285
19621,2023-05-12 18:00:00,Asia/Bangkok,69.39915230088496,12.99130434782609,11.30434782608696,33.56405455357142
19622,2023-05-12 19:00:00,Asia/Bangkok,73.79778823008849,29.71794871794872,26.39316239316239,32.00013637168141
19623,2023-05-12 20:00:00,Asia/Bangkok,75.9427190434783,83.68103448275862,71.12068965517241,31.46744217391302
19624,2023-05-12 21:00:00,Asia/Bangkok,77.88060130434782,69.78632478632478,56.83760683760683,31.30917278260869
19625,2023-05-12 22:00:00,Asia/Bangkok,81.27251025862071,73.63793103448276,62.10344827586207,30.38471732758621
19626,2023-05-12 23:00:00,Asia/Bangkok,83.15531313043483,35.78448275862069,31.72413793103448,29.9198155652174
19627,2023-05-13 00:00:00,Asia/Bangkok,83.00143666666668,32.31896551724138,29.93103448275862,29.76752105263158
19628,2023-05-13 01:00:00,Asia/Bangkok,82.34033612612609,34.34188034188034,31.11111111111111,29.58966909909913
19629,2023-05-13 02:00:00,Asia/Bangkok,82.70804947368423,25.44827586206896,23.95689655172414,29.18271710526318
19630,2023-05-13 03:00:00,Asia/Bangkok,83.8446495652174,24.87931034482759,23.67241379310345,28.72894226086958
19631,2023-05-13 04:00:00,Asia/Bangkok,84.51520144144146,23.76724137931035,22.53448275862069,28.40074693693695
19632,2023-05-13 05:00:00,Asia/Bangkok,85.91236298245613,23.5948275862069,22.37068965517241,28.01365350877194
19633,2023-05-13 06:00:00,Asia/Bangkok,86.2877525892857,23.81739130434783,22.65217391304348,27.80854482142858
19634,2023-05-13 07:00:00,Asia/Bangkok,87.7690193913044,21.07758620689655,20.0,27.53453791304348
19635,2023-05-13 08:00:00,Asia/Bangkok,88.52415365217392,20.2280701754386,19.20175438596491,28.18421730434783
19636,2023-05-13 09:00:00,Asia/Bangkok,84.07417160714283,10.14529914529914,9.538461538461538,30.0470880357143
19637,2023-05-13 10:00:00,Asia/Bangkok,79.10681090090087,11.10344827586207,10.41379310344828,31.31666154545453
19638,2023-05-13 11:00:00,Asia/Bangkok,69.80265535714287,8.869565217391305,8.243478260869566,33.35009491071431
19639,2023-05-13 12:00:00,Asia/Bangkok,62.58633773913042,6.273504273504273,5.794871794871795,34.96870991304346
19640,2023-05-13 13:00:00,Asia/Bangkok,57.59604633027524,5.836206896551724,5.396551724137931,35.87255018348622
19641,2023-05-13 14:00:00,Asia/Bangkok,55.24769026086958,6.431034482758621,6.043103448275862,36.4966707826087
19642,2023-05-13 15:00:00,Asia/Bangkok,54.54580389380531,8.568965517241379,8.181034482758621,36.53338385964913
19643,2023-05-13 16:00:00,Asia/Bangkok,60.41127999999997,8.658119658119658,8.222222222222221,35.83698555555554
19644,2023-05-13 17:00:00,Asia/Bangkok,65.84491312499999,14.92241379310345,14.0,34.94699901785713
19645,2023-05-13 18:00:00,Asia/Bangkok,69.41168261261264,11.49137931034483,10.77586206896552,33.38021
19646,2023-05-13 19:00:00,Asia/Bangkok,71.88925596491227,8.491228070175438,7.798245614035087,32.31792628318586
19647,2023-05-13 20:00:00,Asia/Bangkok,73.88217283185838,29.60344827586207,26.31034482758621,32.1662150442478
19648,2023-05-13 21:00:00,Asia/Bangkok,78.01719026086957,36.43103448275862,32.34782608695652,31.31198460869561
19649,2023-05-13 22:00:00,Asia/Bangkok,79.74928899082566,37.89565217391304,33.08695652173913,31.01509880733946
19650,2023-05-13 23:00:00,Asia/Bangkok,81.84359920353985,41.48717948717949,35.34188034188034,30.64060938053097
19651,2023-05-14 00:00:00,Asia/Bangkok,82.49886097345133,35.57758620689656,31.81896551724138,30.44350088495575
19652,2023-05-14 01:00:00,Asia/Bangkok,85.44386530973448,40.14529914529915,34.64957264957265,29.58353814159293
19653,2023-05-14 02:00:00,Asia/Bangkok,84.04591034782605,36.5948275862069,32.57758620689656,29.54241539130435
19654,2023-05-14 03:00:00,Asia/Bangkok,84.23043610619465,31.69230769230769,29.4017094017094,29.29658116071428
19655,2023-05-14 04:00:00,Asia/Bangkok,85.14582438596487,29.16379310344828,27.54310344827586,28.8849289380531
19656,2023-05-14 05:00:00,Asia/Bangkok,86.71701973913049,26.28448275862069,24.89655172413793,28.38602382608696
19657,2023-05-14 06:00:00,Asia/Bangkok,87.4937873214286,25.02564102564103,23.70940170940171,28.08775705357141
19658,2023-05-14 07:00:00,Asia/Bangkok,89.09190096491233,26.38793103448276,24.62931034482759,27.79070771929822
19659,2023-05-14 08:00:00,Asia/Bangkok,88.10064598214282,16.85344827586207,15.87068965517241,28.64971955357144
19660,2023-05-14 09:00:00,Asia/Bangkok,80.03619008849554,9.689655172413794,9.094827586206897,30.53852159292036
19661,2023-05-14 10:00:00,Asia/Bangkok,73.60799591304347,10.12931034482759,9.293103448275861,32.01576600000001
19662,2023-05-14 11:00:00,Asia/Bangkok,62.69252330357144,5.307692307692307,4.846153846153846,33.86396517857144
19663,2023-05-14 12:00:00,Asia/Bangkok,54.82353780701752,5.0,4.543103448275862,35.54735447368422
19664,2023-05-14 13:00:00,Asia/Bangkok,55.0932634259259,8.974137931034482,8.47008547008547,35.83048277777779
19665,2023-05-14 14:00:00,Asia/Bangkok,56.97119348214287,10.85964912280702,10.32456140350877,35.45011741071427
19666,2023-05-14 15:00:00,Asia/Bangkok,54.50660117117121,8.206896551724139,7.637931034482759,36.02761531531532
19667,2023-05-14 16:00:00,Asia/Bangkok,52.30393330434782,7.586206896551724,7.077586206896552,36.13141626086957
19668,2023-05-14 17:00:00,Asia/Bangkok,53.48419504424779,7.4,6.965217391304348,35.64849035398232
19669,2023-05-14 18:00:00,Asia/Bangkok,53.34197938596494,5.362068965517241,4.913793103448276,34.81292026315788
19670,2023-05-14 19:00:00,Asia/Bangkok,55.17156821428571,5.739130434782608,5.252173913043478,33.46448567567569
19671,2023-05-14 20:00:00,Asia/Bangkok,57.72775780701755,10.47008547008547,9.581196581196581,32.71080850877191
19672,2023-05-14 21:00:00,Asia/Bangkok,63.61846369369371,16.0,14.76724137931035,31.54035792792793
19673,2023-05-14 22:00:00,Asia/Bangkok,67.09969526785716,9.767241379310345,8.897435897435898,30.4559099107143
19674,2023-05-14 23:00:00,Asia/Bangkok,70.1658874107143,15.67241379310345,14.23275862068965,29.74336250000002
19675,2023-05-15 00:00:00,Asia/Bangkok,75.21023330434781,14.07758620689655,12.95689655172414,28.88486539130435
19676,2023-05-15 01:00:00,Asia/Bangkok,77.12489460869564,9.58974358974359,8.820512820512821,28.71614913043478
19677,2023-05-15 02:00:00,Asia/Bangkok,79.70234097345131,12.37068965517241,11.52586206896552,28.37985699115043
19678,2023-05-15 03:00:00,Asia/Bangkok,81.47488415929206,12.48275862068965,11.70689655172414,28.00553796460177
19679,2023-05-15 04:00:00,Asia/Bangkok,81.44874365217389,12.42241379310345,11.4051724137931,28.03133330434783
19680,2023-05-15 05:00:00,Asia/Bangkok,83.47868547826087,12.18803418803419,11.45299145299145,27.61181495652174
19681,2023-05-15 06:00:00,Asia/Bangkok,85.36620437499998,13.85344827586207,12.73275862068965,27.24386339285717
19682,2023-05-15 07:00:00,Asia/Bangkok,86.85074918918919,14.8,13.79130434782609,27.08966369369368
19683,2023-05-15 08:00:00,Asia/Bangkok,86.23301292035397,17.17391304347826,16.05217391304348,27.80348830357142
19684,2023-05-15 09:00:00,Asia/Bangkok,78.24586982758622,14.67241379310345,13.54310344827586,30.15299810344827
19685,2023-05-15 10:00:00,Asia/Bangkok,70.73379491071425,10.17241379310345,9.2991452991453,31.99919612612613
19686,2023-05-15 11:00:00,Asia/Bangkok,66.39964819819822,11.32758620689655,10.47413793103448,33.51779684684684
19687,2023-05-15 12:00:00,Asia/Bangkok,61.8473767826087,13.1965811965812,12.41880341880342,35.02576086956524
19688,2023-05-15 13:00:00,Asia/Bangkok,56.48966876106192,14.10344827586207,13.36206896551724,36.75046150442478
19689,2023-05-15 14:00:00,Asia/Bangkok,59.57649917431192,15.81896551724138,15.02608695652174,35.28681688073394
19690,2023-05-15 15:00:00,Asia/Bangkok,63.44558061403508,13.42735042735043,12.7948717948718,33.87451122807019
19691,2023-05-15 16:00:00,Asia/Bangkok,61.16808477876106,15.22413793103448,14.57758620689655,34.589056460177
19692,2023-05-15 17:00:00,Asia/Bangkok,65.5456783783784,18.49565217391304,17.55652173913044,33.1423872072072
19693,2023-05-15 18:00:00,Asia/Bangkok,72.54489365217391,35.03448275862069,31.68965517241379,31.78027
19694,2023-05-15 19:00:00,Asia/Bangkok,75.53683035087717,51.21367521367522,43.60683760683761,31.04515500000001
19695,2023-05-15 20:00:00,Asia/Bangkok,79.50852433628317,81.25862068965517,69.62931034482759,29.68930973451327
19696,2023-05-15 21:00:00,Asia/Bangkok,81.85931699115046,75.67241379310344,65.28448275862068,29.24779937500001
19697,2023-05-15 22:00:00,Asia/Bangkok,82.75948917431195,89.17094017094017,76.16239316239316,29.14003559633027
19698,2023-05-15 23:00:00,Asia/Bangkok,83.37340442477876,69.69827586206897,57.74137931034483,28.82020159292037
19699,2023-05-16 00:00:00,Asia/Bangkok,84.56413448275866,58.62393162393163,49.14529914529915,28.29120025862069
19700,2023-05-16 01:00:00,Asia/Bangkok,85.65896979797981,50.73529411764706,41.8921568627451,27.90788161616162
19701,2023-05-16 02:00:00,Asia/Bangkok,86.6741673195876,39.78,34.33,27.67181845360827
19702,2023-05-16 03:00:00,Asia/Bangkok,86.53906631578948,38.14782608695652,33.55652173913043,27.65906447368421
19703,2023-05-16 04:00:00,Asia/Bangkok,88.05700884955752,34.98260869565217,31.69565217391304,27.12576849557523
19704,2023-05-16 05:00:00,Asia/Bangkok,88.33720045045045,29.7280701754386,28.12280701754386,26.91824354545456
19705,2023-05-16 06:00:00,Asia/Bangkok,88.63009157407413,25.28448275862069,24.08620689655172,26.88755816513761
19706,2023-05-16 07:00:00,Asia/Bangkok,88.89523181034484,26.54700854700855,25.05982905982906,27.15214426086954
19707,2023-05-16 08:00:00,Asia/Bangkok,88.18069675438598,54.24137931034483,49.51724137931034,27.90681719298247
19708,2023-05-16 09:00:00,Asia/Bangkok,84.95593165217392,24.96581196581197,22.95726495726496,29.13905649122807
19709,2023-05-16 10:00:00,Asia/Bangkok,81.5657206956522,21.62068965517241,20.39655172413793,30.45636347826086
19710,2023-05-16 11:00:00,Asia/Bangkok,69.17263591304346,12.6551724137931,11.92241379310345,33.0856154385965
19711,2023-05-16 12:00:00,Asia/Bangkok,59.66288271929825,11.2719298245614,10.67543859649123,35.12663675438594
19712,2023-05-16 13:00:00,Asia/Bangkok,56.57177517857142,13.49565217391304,12.98275862068965,36.18531589285712
19713,2023-05-16 14:00:00,Asia/Bangkok,52.86259909909911,12.53913043478261,12.05217391304348,37.00694178571426
19714,2023-05-16 15:00:00,Asia/Bangkok,51.06160689655168,11.61538461538461,11.1965811965812,37.78233284482759
19715,2023-05-16 16:00:00,Asia/Bangkok,57.01230965517243,15.73275862068965,15.14655172413793,36.2148749137931
19716,2023-05-16 17:00:00,Asia/Bangkok,82.78813149122806,11.46551724137931,10.76724137931035,29.49772438596493
19717,2023-05-16 18:00:00,Asia/Bangkok,87.99104486956524,2.145299145299145,1.923076923076923,27.7559912173913
19718,2023-05-16 19:00:00,Asia/Bangkok,87.00173910714285,6.241379310344827,5.862068965517241,28.18825357142858
19719,2023-05-16 20:00:00,Asia/Bangkok,86.1421847368421,5.793103448275862,5.362068965517241,28.17874526315786
19720,2023-05-16 21:00:00,Asia/Bangkok,87.91981310344828,12.95726495726496,12.27350427350427,27.63573120689654
19721,2023-05-16 22:00:00,Asia/Bangkok,88.43568261261261,14.5948275862069,13.69827586206897,27.42571765765767
19722,2023-05-16 23:00:00,Asia/Bangkok,89.81702947826085,16.75652173913043,15.86086956521739,27.3536987826087
19723,2023-05-17 00:00:00,Asia/Bangkok,91.11716157894729,19.1551724137931,17.92241379310345,27.08901561403507
19724,2023-05-17 01:00:00,Asia/Bangkok,91.49207982456134,17.17948717948718,16.23931623931624,26.93648184210527
19725,2023-05-17 02:00:00,Asia/Bangkok,91.2189727586207,17.00862068965517,16.26724137931035,26.76886698275862
19726,2023-05-17 03:00:00,Asia/Bangkok,91.37903176991145,16.02608695652174,15.3304347826087,26.61777433628319
19727,2023-05-17 04:00:00,Asia/Bangkok,91.85360686956521,17.46551724137931,16.53448275862069,26.38871165217391
19728,2023-05-17 05:00:00,Asia/Bangkok,91.96058315789473,18.72413793103448,17.74137931034483,26.36170345132743
19729,2023-05-17 06:00:00,Asia/Bangkok,92.82428333333331,15.62608695652174,15.06086956521739,26.07963840707965
19730,2023-05-17 07:00:00,Asia/Bangkok,93.34235548672561,14.29203539823009,13.64601769911504,25.9049117699115
19731,2023-05-17 08:00:00,Asia/Bangkok,93.78460689655171,14.77586206896552,14.06896551724138,26.54754853448277
19732,2023-05-17 09:00:00,Asia/Bangkok,88.95584149122806,14.05128205128205,13.33333333333333,27.99500877192983
19733,2023-05-17 10:00:00,Asia/Bangkok,80.7298131858407,9.814159292035399,9.31858407079646,30.26662
19734,2023-05-17 11:00:00,Asia/Bangkok,72.47911473214288,6.956521739130435,6.51304347826087,32.33932660714285
19735,2023-05-17 12:00:00,Asia/Bangkok,64.885831754386,6.104347826086957,5.773913043478261,34.30159947368421
19736,2023-05-17 13:00:00,Asia/Bangkok,63.8838025,7.422413793103448,7.051724137931035,34.4287464347826
19737,2023-05-17 14:00:00,Asia/Bangkok,61.7880764912281,9.504347826086956,9.2,34.9198495614035
19738,2023-05-17 15:00:00,Asia/Bangkok,57.2853121238938,11.24137931034483,10.69827586206897,36.73701716814159
19739,2023-05-17 16:00:00,Asia/Bangkok,58.48427072072071,11.96551724137931,11.48275862068965,36.5699091891892
19740,2023-05-17 17:00:00,Asia/Bangkok,56.70766862068966,6.538461538461538,6.198275862068965,34.91371086206898
19741,2023-05-17 18:00:00,Asia/Bangkok,64.21563017391304,9.051724137931034,8.732758620689655,32.66860339130438
19742,2023-05-17 19:00:00,Asia/Bangkok,77.43601939130438,25.76724137931035,23.82758620689655,30.7950767826087
19743,2023-05-17 20:00:00,Asia/Bangkok,83.91675008771932,23.74137931034483,22.28448275862069,29.16603947368422
19744,2023-05-17 21:00:00,Asia/Bangkok,82.27055678260868,15.32758620689655,14.6551724137931,29.31237060869563
19745,2023-05-17 22:00:00,Asia/Bangkok,84.04797982608696,17.91379310344828,17.01724137931035,28.83702982608694
19746,2023-05-17 23:00:00,Asia/Bangkok,85.48507339130431,27.46551724137931,26.04310344827586,28.39993278260869
19747,2023-05-18 00:00:00,Asia/Bangkok,86.47710640350873,27.62068965517241,26.36206896551724,28.28515736842104
19748,2023-05-18 01:00:00,Asia/Bangkok,88.38869367521364,25.99137931034483,24.73275862068965,27.79088435897441
19749,2023-05-18 02:00:00,Asia/Bangkok,89.28145260869566,27.94017094017094,26.57264957264957,27.45194286956519
19750,2023-05-18 03:00:00,Asia/Bangkok,90.24304194690265,28.83620689655172,27.23275862068965,27.06333672566371
19751,2023-05-18 04:00:00,Asia/Bangkok,89.49430767241378,23.22222222222222,22.18103448275862,26.93486206896552
19752,2023-05-18 05:00:00,Asia/Bangkok,88.33657894736842,19.85344827586207,18.93162393162393,26.97000035087722
19753,2023-05-18 06:00:00,Asia/Bangkok,89.71379956140349,21.81896551724138,20.77586206896552,26.53354307017543
19754,2023-05-18 07:00:00,Asia/Bangkok,91.42842125000006,23.71551724137931,22.58620689655172,26.36747330357141
19755,2023-05-18 08:00:00,Asia/Bangkok,88.1199753043478,23.21367521367521,21.82905982905983,27.6779455652174
19756,2023-05-18 09:00:00,Asia/Bangkok,73.65768867256637,12.13793103448276,11.55172413793103,30.65627610619467
19757,2023-05-18 10:00:00,Asia/Bangkok,66.6323880357143,8.560344827586206,8.137931034482758,32.57705741071427
19758,2023-05-18 11:00:00,Asia/Bangkok,63.64714938053095,8.382608695652173,7.922413793103448,33.52796769911504
19759,2023-05-18 12:00:00,Asia/Bangkok,61.51051008771931,10.56034482758621,10.0948275862069,34.97507336283186
19760,2023-05-18 13:00:00,Asia/Bangkok,57.1291142608696,7.853448275862069,7.491379310344827,36.74201547826085
19761,2023-05-18 14:00:00,Asia/Bangkok,60.61867169642856,4.734513274336283,4.353982300884955,34.95331776785714
19762,2023-05-18 15:00:00,Asia/Bangkok,63.29513724770641,3.31304347826087,2.973913043478261,34.39322824074073
19763,2023-05-18 16:00:00,Asia/Bangkok,80.58269264150945,0.7909090909090909,0.5727272727272728,28.28400198113207
19764,2023-05-18 17:00:00,Asia/Bangkok,83.62884603448276,2.5,2.137931034482758,28.16839094827584
19765,2023-05-18 18:00:00,Asia/Bangkok,86.6793107142857,16.39130434782609,14.31034482758621,28.03068035714283
19766,2023-05-18 19:00:00,Asia/Bangkok,83.58313549549547,4.765217391304348,4.269565217391304,28.53933972972972
19767,2023-05-18 20:00:00,Asia/Bangkok,86.27054053097345,7.321739130434783,6.791304347826087,27.68054008849557
19768,2023-05-18 21:00:00,Asia/Bangkok,88.5392961818182,10.36206896551724,9.689655172413794,27.30765054545454
19769,2023-05-18 22:00:00,Asia/Bangkok,89.79333421052628,12.83620689655172,11.96551724137931,26.89438982456142
19770,2023-05-18 23:00:00,Asia/Bangkok,89.62733991304353,8.525862068965518,7.982758620689655,26.72612817391303
19771,2023-05-19 00:00:00,Asia/Bangkok,87.58026424778761,6.25,5.724137931034483,26.83898469026548
19772,2023-05-19 01:00:00,Asia/Bangkok,87.70320088495578,7.387931034482759,6.879310344827586,26.6440192857143
19773,2023-05-19 02:00:00,Asia/Bangkok,88.92157456140353,9.0,8.508620689655173,26.31696473684207
19774,2023-05-19 03:00:00,Asia/Bangkok,89.05471547826085,9.649572649572649,9.076923076923077,26.24646226086956
19775,2023-05-19 04:00:00,Asia/Bangkok,88.27170582608696,10.24137931034483,9.491379310344827,26.30750973913041
19776,2023-05-19 05:00:00,Asia/Bangkok,88.31137513274332,8.339130434782609,7.887931034482759,26.22700230088494
19777,2023-05-19 06:00:00,Asia/Bangkok,88.12632026086962,8.525862068965518,8.0,26.19598052173916
19778,2023-05-19 07:00:00,Asia/Bangkok,87.5196332478632,9.076923076923077,8.572649572649572,26.4424594017094
19779,2023-05-19 08:00:00,Asia/Bangkok,85.28174912280697,8.78448275862069,8.172413793103448,27.56548385964913
19780,2023-05-19 09:00:00,Asia/Bangkok,78.92053,6.991452991452991,6.572649572649572,29.66455784482761
19781,2023-05-19 10:00:00,Asia/Bangkok,69.80447991071429,4.46551724137931,4.156521739130435,31.84042732142859
19782,2023-05-19 11:00:00,Asia/Bangkok,67.63775905172412,9.043103448275861,8.525862068965518,32.77503068965516
19783,2023-05-19 12:00:00,Asia/Bangkok,63.01154517857143,6.594827586206897,6.241379310344827,34.37070848214285
19784,2023-05-19 13:00:00,Asia/Bangkok,59.23083651785716,7.769230769230769,7.418803418803419,35.6567107142857
19785,2023-05-19 14:00:00,Asia/Bangkok,56.01839053571429,6.105263157894737,5.87719298245614,36.73843142857144
19786,2023-05-19 15:00:00,Asia/Bangkok,65.0129640350877,3.5,3.25,33.36911491228069
19787,2023-05-19 16:00:00,Asia/Bangkok,63.91153773913043,2.198275862068965,1.991379310344828,32.29710330434781
19788,2023-05-19 17:00:00,Asia/Bangkok,63.65310368421055,4.401709401709402,4.085470085470085,32.25138424778761
19789,2023-05-19 18:00:00,Asia/Bangkok,67.37905026086956,8.672413793103448,8.21551724137931,31.54315698275861
19790,2023-05-19 19:00:00,Asia/Bangkok,72.46576429824559,10.04273504273504,9.418803418803419,30.44636929824561
19791,2023-05-19 20:00:00,Asia/Bangkok,74.6425835714286,10.43103448275862,9.78448275862069,29.93607964285713
19792,2023-05-19 21:00:00,Asia/Bangkok,77.15131321739132,10.87068965517241,10.33620689655172,29.60747860869564
19793,2023-05-19 22:00:00,Asia/Bangkok,80.65666027027025,12.55752212389381,12.03539823008849,28.88066981818181
19794,2023-05-19 23:00:00,Asia/Bangkok,82.70380675438594,16.2991452991453,15.65811965811966,28.61211184210525
19795,2023-05-20 00:00:00,Asia/Bangkok,84.2119408695652,15.35344827586207,14.53448275862069,28.2494180869565
19796,2023-05-20 01:00:00,Asia/Bangkok,86.09839356521739,17.41379310344828,16.68103448275862,27.85711504347826
19797,2023-05-20 02:00:00,Asia/Bangkok,87.35942568807334,19.20689655172414,18.24137931034483,27.5626348623853
19798,2023-05-20 03:00:00,Asia/Bangkok,87.56787643478263,19.86206896551724,18.88793103448276,27.41862113043478
19799,2023-05-20 04:00:00,Asia/Bangkok,88.46607739130432,19.97391304347826,19.06086956521739,27.10284808695654
19800,2023-05-20 05:00:00,Asia/Bangkok,88.77429713043479,20.78260869565218,19.83478260869565,26.96337166666669
19801,2023-05-20 06:00:00,Asia/Bangkok,90.55157149122807,22.49137931034483,21.5948275862069,26.56837447368424
19802,2023-05-20 07:00:00,Asia/Bangkok,90.91546699115047,23.24137931034483,22.08620689655172,26.61694407079647
19803,2023-05-20 08:00:00,Asia/Bangkok,86.6424722522522,19.47863247863248,18.48717948717949,27.95076180180179
19804,2023-05-20 09:00:00,Asia/Bangkok,81.88416807017542,18.2,17.42241379310345,29.49737271929823
19805,2023-05-20 10:00:00,Asia/Bangkok,72.79246972727275,13.9304347826087,13.24347826086957,31.5487860909091
19806,2023-05-20 11:00:00,Asia/Bangkok,64.03766330275229,12.69827586206897,12.16379310344828,33.91145110091743
19807,2023-05-20 12:00:00,Asia/Bangkok,60.15380077586207,12.98290598290598,12.42735042735043,34.96778603448275
19808,2023-05-20 13:00:00,Asia/Bangkok,57.39092657657658,12.8141592920354,12.28318584070797,36.20311117117117
19809,2023-05-20 14:00:00,Asia/Bangkok,61.61074522123891,9.594827586206897,9.155172413793103,34.98068767857145
19810,2023-05-20 15:00:00,Asia/Bangkok,62.8433478448276,9.965811965811966,9.495726495726496,34.58839198275862
19811,2023-05-20 16:00:00,Asia/Bangkok,62.50205486956521,12.71551724137931,12.18103448275862,35.09950904347827
19812,2023-05-20 17:00:00,Asia/Bangkok,63.65310345132747,8.5929203539823,8.089285714285714,33.01091433628318
19813,2023-05-20 18:00:00,Asia/Bangkok,69.12679946902658,16.58260869565217,15.64035087719298,31.17989557522122
19814,2023-05-20 19:00:00,Asia/Bangkok,70.79672526785713,34.42982456140351,29.8,30.86404276785715
19815,2023-05-20 20:00:00,Asia/Bangkok,75.81350860869561,56.91452991452991,46.42735042735043,29.70560626086955
19816,2023-05-20 21:00:00,Asia/Bangkok,79.89371463636367,42.93043478260869,36.53043478260869,28.92247154545455
19817,2023-05-20 22:00:00,Asia/Bangkok,81.57181333333332,45.28448275862069,38.3448275862069,28.64827903508771
19818,2023-05-20 23:00:00,Asia/Bangkok,82.50539681415924,27.51282051282051,25.7948717948718,28.39486300884955
19819,2023-05-21 00:00:00,Asia/Bangkok,80.65297302752292,17.29310344827586,16.49137931034483,28.77501394495413
19820,2023-05-21 01:00:00,Asia/Bangkok,81.76197875000004,19.96551724137931,18.64655172413793,28.65356468468467
19821,2023-05-21 02:00:00,Asia/Bangkok,82.38884773913045,18.05172413793104,17.18965517241379,28.54496695652176
19822,2023-05-21 03:00:00,Asia/Bangkok,82.98940307017544,16.33620689655172,15.58620689655172,28.33926859649124
19823,2023-05-21 04:00:00,Asia/Bangkok,83.69215269565214,18.06896551724138,17.07758620689655,28.22303782608696
19824,2023-05-21 05:00:00,Asia/Bangkok,85.41071765217393,17.45689655172414,16.70689655172414,27.82783452173912
19825,2023-05-21 06:00:00,Asia/Bangkok,84.94622596491226,17.76724137931035,16.93965517241379,27.85266999999998
19826,2023-05-21 07:00:00,Asia/Bangkok,86.14647973913044,20.17948717948718,19.16239316239316,27.55658245614035
19827,2023-05-21 08:00:00,Asia/Bangkok,84.46814681818184,20.21739130434782,19.4,28.41836118181818
19828,2023-05-21 09:00:00,Asia/Bangkok,76.84401327586208,15.05982905982906,14.35897435897436,30.35486137931034
19829,2023-05-21 10:00:00,Asia/Bangkok,72.19857964285713,14.04310344827586,13.35344827586207,31.96328732142857
19830,2023-05-21 11:00:00,Asia/Bangkok,67.90076026315789,15.62931034482759,14.82758620689655,33.34560566371682
19831,2023-05-21 12:00:00,Asia/Bangkok,62.48147181034483,21.27350427350427,20.16239316239316,34.57379706896551
19832,2023-05-21 13:00:00,Asia/Bangkok,57.78414654867257,19.8448275862069,19.08620689655172,36.02162778761063
19833,2023-05-21 14:00:00,Asia/Bangkok,65.8405350862069,7.663793103448276,7.327586206896552,33.07707594827587
19834,2023-05-21 15:00:00,Asia/Bangkok,71.52975743362832,5.70940170940171,5.401709401709402,31.00689132743363
19835,2023-05-21 16:00:00,Asia/Bangkok,72.05117044247787,6.172413793103448,5.818965517241379,30.40335123893807
19836,2023-05-21 17:00:00,Asia/Bangkok,77.82781914529913,12.06034482758621,11.42241379310345,29.00709188034187
19837,2023-05-21 18:00:00,Asia/Bangkok,78.62443230088493,12.35042735042735,11.8974358974359,29.02579168141595
19838,2023-05-21 19:00:00,Asia/Bangkok,78.53956144144142,17.38793103448276,16.16379310344828,28.97147738738739
19839,2023-05-21 20:00:00,Asia/Bangkok,81.38602754385961,15.06896551724138,14.27586206896552,28.30804640350875
19840,2023-05-21 21:00:00,Asia/Bangkok,83.09367315789474,13.92241379310345,13.28448275862069,27.96617324561405
19841,2023-05-21 22:00:00,Asia/Bangkok,83.77125310344827,13.46153846153846,12.88034188034188,27.92806258620691
19842,2023-05-21 23:00:00,Asia/Bangkok,84.32485785714289,17.75,16.45689655172414,27.97543919642855
19843,2023-05-22 00:00:00,Asia/Bangkok,85.60697952380951,14.94782608695652,14.18260869565217,27.71898180952384
19844,2023-05-22 01:00:00,Asia/Bangkok,87.1882964912281,14.99137931034483,14.21551724137931,27.35738473684209
19845,2023-05-22 02:00:00,Asia/Bangkok,88.92688594594598,18.1551724137931,17.4051724137931,26.88482036036037
19846,2023-05-22 03:00:00,Asia/Bangkok,89.93442026548678,17.9304347826087,17.13913043478261,26.66350123893804
19847,2023-05-22 04:00:00,Asia/Bangkok,90.00963852173918,18.21551724137931,17.38793103448276,26.65179826086958
19848,2023-05-22 05:00:00,Asia/Bangkok,90.58309359649122,16.72173913043478,16.06086956521739,26.54708280701755
19849,2023-05-22 06:00:00,Asia/Bangkok,91.25946964285711,18.49137931034483,17.5948275862069,26.34014964285715
19850,2023-05-22 07:00:00,Asia/Bangkok,90.02162654867257,11.47826086956522,10.86086956521739,26.28676571428571
19851,2023-05-22 08:00:00,Asia/Bangkok,87.56604043103445,11.58620689655172,10.82758620689655,26.96895482758621
19852,2023-05-22 09:00:00,Asia/Bangkok,81.64488269565214,7.452991452991453,7.0,28.3892506956522
19853,2023-05-22 10:00:00,Asia/Bangkok,74.97425165137615,5.217391304347826,4.904347826086957,30.23756715596329
19854,2023-05-22 11:00:00,Asia/Bangkok,70.87648350877191,8.897435897435898,8.504273504273504,31.74499263157896
19855,2023-05-22 12:00:00,Asia/Bangkok,68.61196044642857,11.44827586206897,10.89655172413793,32.60519035714288
19856,2023-05-22 13:00:00,Asia/Bangkok,63.68316692982457,9.435897435897436,9.094017094017094,34.50946324561403
19857,2023-05-22 14:00:00,Asia/Bangkok,61.20219826086957,6.793103448275862,6.405172413793103,34.98442973913043
19858,2023-05-22 15:00:00,Asia/Bangkok,68.72150771929822,2.077586206896552,1.870689655172414,31.79415894736842
19859,2023-05-22 16:00:00,Asia/Bangkok,71.03280789473685,2.051724137931035,1.870689655172414,30.42917121739131
19860,2023-05-22 17:00:00,Asia/Bangkok,73.65402102564107,4.94017094017094,4.598290598290598,29.45811362068966
19861,2023-05-22 18:00:00,Asia/Bangkok,78.64941072072071,7.939655172413793,7.491379310344827,28.77187810810812
19862,2023-05-22 19:00:00,Asia/Bangkok,83.16566566371684,7.586206896551724,7.112068965517241,28.08243415929203
19863,2023-05-22 20:00:00,Asia/Bangkok,85.71694814159292,9.525862068965518,8.836206896551724,27.18482654867257
19864,2023-05-22 21:00:00,Asia/Bangkok,87.51217867256638,8.831858407079647,8.336283185840708,26.09743592920351
19865,2023-05-22 22:00:00,Asia/Bangkok,88.5371795575221,7.991452991452991,7.521367521367521,25.62240212389379
19866,2023-05-22 23:00:00,Asia/Bangkok,86.35614736363632,5.491379310344827,5.181034482758621,25.93099963636366
19867,2023-05-23 00:00:00,Asia/Bangkok,83.83802891891891,6.310344827586207,5.931034482758621,26.47777675675677
19868,2023-05-23 01:00:00,Asia/Bangkok,84.90486321428567,7.426086956521739,7.043478260869565,26.42066482142858
19869,2023-05-23 02:00:00,Asia/Bangkok,88.04036578947374,6.793103448275862,6.293103448275862,25.46531789473685
19870,2023-05-23 03:00:00,Asia/Bangkok,87.30255937500003,8.0,7.435897435897436,25.6126881081081
19871,2023-05-23 04:00:00,Asia/Bangkok,87.40020628318585,8.217391304347826,7.634782608695653,25.52875053097347
19872,2023-05-23 05:00:00,Asia/Bangkok,88.41401353982299,9.068965517241379,8.53448275862069,25.22321964601772
19873,2023-05-23 06:00:00,Asia/Bangkok,88.79207192982452,9.887931034482758,9.206896551724139,25.13107877192985
19874,2023-05-23 07:00:00,Asia/Bangkok,89.33243269565217,12.85344827586207,12.06034482758621,25.30035443478262
19875,2023-05-23 08:00:00,Asia/Bangkok,86.62846657894737,16.01739130434783,15.18260869565217,26.54003114035088
19876,2023-05-23 09:00:00,Asia/Bangkok,80.83628787610621,10.23275862068965,9.663793103448276,28.48076176991149
19877,2023-05-23 10:00:00,Asia/Bangkok,74.61846191304349,10.47008547008547,9.803418803418804,30.33838217391305
19878,2023-05-23 11:00:00,Asia/Bangkok,67.06614754545456,9.741379310344827,9.112068965517242,32.78519845454546
19879,2023-05-23 12:00:00,Asia/Bangkok,62.88188428571426,10.25,9.551724137931034,33.68395657657658
19880,2023-05-23 13:00:00,Asia/Bangkok,58.72328890109892,9.34020618556701,8.8659793814433,34.84485593406592
19881,2023-05-23 14:00:00,Asia/Bangkok,56.10596530973454,10.80172413793103,10.35344827586207,36.07931247787612
19882,2023-05-23 15:00:00,Asia/Bangkok,53.12920921052634,10.80869565217391,10.4,36.73497070175437
19883,2023-05-23 16:00:00,Asia/Bangkok,54.09334017543863,12.17241379310345,11.56034482758621,36.732534122807
19884,2023-05-23 17:00:00,Asia/Bangkok,55.44463280701751,10.89655172413793,10.26086956521739,35.38338622807017
19885,2023-05-23 18:00:00,Asia/Bangkok,59.53528315789474,10.68965517241379,10.07692307692308,33.81901921052631
19886,2023-05-23 19:00:00,Asia/Bangkok,65.32279765217393,12.01739130434783,11.29565217391304,32.19070730434782
19887,2023-05-23 20:00:00,Asia/Bangkok,69.35769504347827,12.83620689655172,12.12931034482759,30.96906713043481
19888,2023-05-23 21:00:00,Asia/Bangkok,72.71138465517238,12.97435897435897,12.38461538461539,30.15382543103449
19889,2023-05-23 22:00:00,Asia/Bangkok,74.76435156521738,13.68103448275862,12.94827586206897,29.69274460869568
19890,2023-05-23 23:00:00,Asia/Bangkok,77.41734911504425,13.1551724137931,12.42241379310345,29.02458342105265
19891,2023-05-24 00:00:00,Asia/Bangkok,79.66469300884951,15.27586206896552,14.52991452991453,28.51932732142858
19892,2023-05-24 01:00:00,Asia/Bangkok,80.34355964285716,16.37931034482759,15.46551724137931,28.31537803571429
19893,2023-05-24 02:00:00,Asia/Bangkok,81.6835225225225,16.07758620689655,15.18103448275862,27.8936753153153
19894,2023-05-24 03:00:00,Asia/Bangkok,83.0154096491228,16.53448275862069,15.57758620689655,27.4640352631579
19895,2023-05-24 04:00:00,Asia/Bangkok,82.54727181034481,18.45299145299145,17.47413793103448,27.38522663793101
19896,2023-05-24 05:00:00,Asia/Bangkok,83.19928383928568,16.54310344827586,15.76068376068376,27.26064598214287
19897,2023-05-24 06:00:00,Asia/Bangkok,84.09978902654862,16.35344827586207,15.49137931034483,27.15036840707964
19898,2023-05-24 07:00:00,Asia/Bangkok,86.11390783783783,19.14655172413793,18.07758620689655,26.7579227927928
19899,2023-05-24 08:00:00,Asia/Bangkok,84.79398315789473,18.87068965517241,17.75862068965517,27.64111747826085
19900,2023-05-24 09:00:00,Asia/Bangkok,79.24508577586202,17.29310344827586,16.32758620689655,29.51345895652174
19901,2023-05-24 10:00:00,Asia/Bangkok,72.0959594782609,15.07758620689655,14.33620689655172,31.61816452173914
19902,2023-05-24 11:00:00,Asia/Bangkok,67.42463885964916,15.75,14.93103448275862,32.83379911504425
19903,2023-05-24 12:00:00,Asia/Bangkok,61.86014192982456,16.56034482758621,15.80172413793103,34.50123939130436
19904,2023-05-24 13:00:00,Asia/Bangkok,57.56123008849555,17.58260869565217,16.91304347826087,36.16970141592921
19905,2023-05-24 14:00:00,Asia/Bangkok,60.19617175438599,19.94827586206896,19.03448275862069,35.53027798245613
19906,2023-05-24 15:00:00,Asia/Bangkok,63.45803629310345,15.61538461538461,15.01709401709402,34.44912008620688
19907,2023-05-24 16:00:00,Asia/Bangkok,65.41659391304349,15.06896551724138,14.37931034482759,33.9854704347826
19908,2023-05-24 17:00:00,Asia/Bangkok,66.59915201754383,18.25862068965517,17.38793103448276,34.04986280701755
19909,2023-05-24 18:00:00,Asia/Bangkok,68.83787938596491,14.32758620689655,13.54310344827586,32.85355660714287
19910,2023-05-24 19:00:00,Asia/Bangkok,71.60280963963962,17.30172413793104,16.5,31.64687909909908
19911,2023-05-24 20:00:00,Asia/Bangkok,74.7464427272727,21.1965811965812,20.16379310344828,30.61341945454545
19912,2023-05-24 21:00:00,Asia/Bangkok,78.37281385964914,19.56896551724138,18.55555555555556,29.99154815789472
19913,2023-05-24 22:00:00,Asia/Bangkok,79.777473539823,19.89655172413793,18.92241379310345,29.53606265486724
19914,2023-05-24 23:00:00,Asia/Bangkok,80.54383209090905,16.36036036036036,15.41964285714286,29.27536605504586
19915,2023-05-25 00:00:00,Asia/Bangkok,82.02264252173913,17.47413793103448,16.43103448275862,28.87615843478261
19916,2023-05-25 01:00:00,Asia/Bangkok,83.66703657894737,21.13793103448276,20.21551724137931,28.46163701754385
19917,2023-05-25 02:00:00,Asia/Bangkok,84.58771095652176,22.05172413793104,21.03448275862069,28.23541634782607
19918,2023-05-25 03:00:00,Asia/Bangkok,85.39264699115046,21.2,20.27826086956522,27.92616070796461
19919,2023-05-25 04:00:00,Asia/Bangkok,86.97680247787608,22.08620689655172,21.0,27.49413654867258
19920,2023-05-25 05:00:00,Asia/Bangkok,88.96972982608695,22.82051282051282,21.7008547008547,27.03184147826085
19921,2023-05-25 06:00:00,Asia/Bangkok,89.29625063063062,24.53448275862069,23.22413793103448,26.98429387387386
19922,2023-05-25 07:00:00,Asia/Bangkok,87.95735945945945,24.19827586206896,23.06034482758621,27.35787666666668
19923,2023-05-25 08:00:00,Asia/Bangkok,84.12896911504428,21.6551724137931,20.48275862068965,28.58336876106194
19924,2023-05-25 09:00:00,Asia/Bangkok,78.15549201754388,16.08620689655172,15.25,30.28650236842106
19925,2023-05-25 10:00:00,Asia/Bangkok,74.29144418803418,15.00854700854701,14.17094017094017,31.36791085470082
19926,2023-05-25 11:00:00,Asia/Bangkok,66.46001456140353,15.73275862068965,14.97413793103448,33.41446350877192
19927,2023-05-25 12:00:00,Asia/Bangkok,61.81916721739132,16.45217391304348,15.79130434782609,34.81677982608695
19928,2023-05-25 13:00:00,Asia/Bangkok,55.59839060344827,14.51724137931035,13.79310344827586,36.67198396551726
19929,2023-05-25 14:00:00,Asia/Bangkok,55.10003377192982,12.64102564102564,12.04273504273504,36.90809710526317
19930,2023-05-25 15:00:00,Asia/Bangkok,65.25873258620692,9.39655172413793,8.689655172413794,33.2826921551724
19931,2023-05-25 16:00:00,Asia/Bangkok,79.30317517241379,6.615384615384615,6.264957264957265,29.72037356521739
19932,2023-05-25 17:00:00,Asia/Bangkok,81.05229684210526,7.344827586206897,6.551724137931035,28.36529315789471
19933,2023-05-25 18:00:00,Asia/Bangkok,81.36590390909087,9.732758620689655,9.10344827586207,28.36074266055047
19934,2023-05-25 19:00:00,Asia/Bangkok,80.47414166666664,9.767241379310345,8.96551724137931,28.53645114035088
19935,2023-05-25 20:00:00,Asia/Bangkok,80.71578366071427,13.66666666666667,12.30769230769231,28.57814598214286
19936,2023-05-25 21:00:00,Asia/Bangkok,82.63542491071429,12.5948275862069,11.63793103448276,28.24709348214284
19937,2023-05-25 22:00:00,Asia/Bangkok,83.95744043859649,11.6551724137931,10.93103448275862,28.09556605263157
19938,2023-05-25 23:00:00,Asia/Bangkok,86.75506210526315,15.37606837606838,14.28205128205128,27.68108350877195
19939,2023-05-26 00:00:00,Asia/Bangkok,88.21573517241377,18.96551724137931,18.08620689655172,27.59081887931035
19940,2023-05-26 01:00:00,Asia/Bangkok,88.34988513274334,15.4695652173913,14.75862068965517,27.59388371681415
19941,2023-05-26 02:00:00,Asia/Bangkok,89.08196921052634,16.21551724137931,15.37068965517241,27.38228780701751
19942,2023-05-26 03:00:00,Asia/Bangkok,88.4880234782609,13.66379310344828,12.86206896551724,27.33728086956522
19943,2023-05-26 04:00:00,Asia/Bangkok,88.93224896551726,13.06837606837607,12.2991452991453,27.20444586206894
19944,2023-05-26 05:00:00,Asia/Bangkok,89.43979513513511,13.31034482758621,12.55172413793103,26.93146747747746
19945,2023-05-26 06:00:00,Asia/Bangkok,90.36987973214286,14.18965517241379,13.4051724137931,26.62730633928572
19946,2023-05-26 07:00:00,Asia/Bangkok,89.73096231481479,13.74137931034483,12.95689655172414,26.78148453703704
19947,2023-05-26 08:00:00,Asia/Bangkok,88.54906885964911,14.83620689655172,13.91379310344828,27.32512451327433
19948,2023-05-26 09:00:00,Asia/Bangkok,82.77059265486726,11.61739130434783,10.96521739130435,28.99431619469026
19949,2023-05-26 10:00:00,Asia/Bangkok,70.73375473214287,9.732758620689655,9.008620689655173,31.80571321428571
19950,2023-05-26 11:00:00,Asia/Bangkok,66.16399999999997,10.27586206896552,9.64655172413793,32.90935344827586
19951,2023-05-26 12:00:00,Asia/Bangkok,62.49859425925926,9.652173913043478,9.0,34.26314851851851
19952,2023-05-26 13:00:00,Asia/Bangkok,58.39346408695654,9.275862068965518,8.75,35.62349669565216
19953,2023-05-26 14:00:00,Asia/Bangkok,54.30487362831858,9.087719298245615,8.517543859649123,36.39117657894737
19954,2023-05-26 15:00:00,Asia/Bangkok,61.63651017391304,8.862068965517242,8.327586206896552,34.06974850877194
19955,2023-05-26 16:00:00,Asia/Bangkok,79.46315437499997,5.870689655172414,5.405172413793103,29.4052550892857
19956,2023-05-26 17:00:00,Asia/Bangkok,81.29910307692312,7.035087719298246,6.517543859649122,28.67555965811967
19957,2023-05-26 18:00:00,Asia/Bangkok,80.63091327433632,9.068965517241379,8.431034482758621,28.47929455357141
19958,2023-05-26 19:00:00,Asia/Bangkok,83.30078061403508,14.27586206896552,13.37068965517241,28.01744877192982
19959,2023-05-26 20:00:00,Asia/Bangkok,84.4236731858407,15.0695652173913,13.74782608695652,27.70001580357144
19960,2023-05-26 21:00:00,Asia/Bangkok,86.06697300884952,12.41025641025641,11.63247863247863,27.42820548672565
19961,2023-05-26 22:00:00,Asia/Bangkok,86.22184600000003,10.74137931034483,9.991379310344827,27.45029495652175
19962,2023-05-26 23:00:00,Asia/Bangkok,85.41155132743363,8.844827586206897,8.21551724137931,27.57866601769912
19963,2023-05-27 00:00:00,Asia/Bangkok,84.67768699115048,5.758620689655173,5.405172413793103,27.37009309734513
19964,2023-05-27 01:00:00,Asia/Bangkok,84.23665614035083,5.71551724137931,5.232758620689655,27.36268122807018
19965,2023-05-27 02:00:00,Asia/Bangkok,84.11127622807017,5.034188034188034,4.598290598290598,27.37186201754386
19966,2023-05-27 03:00:00,Asia/Bangkok,83.86991508771929,4.956896551724138,4.46551724137931,27.44379596491227
19967,2023-05-27 04:00:00,Asia/Bangkok,86.30689455357141,4.129310344827586,3.681034482758621,27.07877919642858
19968,2023-05-27 05:00:00,Asia/Bangkok,87.21592192982456,4.435897435897436,3.965811965811966,26.91265956140354
19969,2023-05-27 06:00:00,Asia/Bangkok,87.38678732758625,5.086206896551724,4.456896551724138,26.80077215517242
19970,2023-05-27 07:00:00,Asia/Bangkok,88.34270999999998,6.222222222222222,5.743589743589744,26.58418640350877
19971,2023-05-27 08:00:00,Asia/Bangkok,83.31164366071427,4.817391304347826,4.208695652173913,28.02784267857143
19972,2023-05-27 09:00:00,Asia/Bangkok,75.73267230088496,4.887931034482759,4.362068965517241,29.5446863716814
19973,2023-05-27 10:00:00,Asia/Bangkok,71.87795460869563,8.689655172413794,7.801724137931035,30.85256377192981
19974,2023-05-27 11:00:00,Asia/Bangkok,65.4689666956522,4.606837606837606,4.17948717948718,33.07920739130435
19975,2023-05-27 12:00:00,Asia/Bangkok,62.19963426086957,4.46551724137931,4.077586206896552,33.54790965217392
19976,2023-05-27 13:00:00,Asia/Bangkok,58.68696808695651,4.923076923076923,4.572649572649572,34.86756226086956
19977,2023-05-27 14:00:00,Asia/Bangkok,56.79407930434783,5.689655172413793,5.301724137931035,36.34969385964913
19978,2023-05-27 15:00:00,Asia/Bangkok,55.86342631578946,5.826086956521739,5.422413793103448,36.83297649122805
19979,2023-05-27 16:00:00,Asia/Bangkok,58.95066054054054,6.017391304347826,5.591304347826087,35.37617549549549
19980,2023-05-27 17:00:00,Asia/Bangkok,76.86083096491232,4.129310344827586,3.706896551724138,30.0375874336283
19981,2023-05-27 18:00:00,Asia/Bangkok,83.48530617391305,6.103448275862069,5.517241379310345,28.79095473684211
19982,2023-05-27 19:00:00,Asia/Bangkok,84.14305981981981,9.577586206896552,8.913793103448276,28.80870738738739
19983,2023-05-27 20:00:00,Asia/Bangkok,84.49247017391309,14.88793103448276,13.87931034482759,28.73162236842106
19984,2023-05-27 21:00:00,Asia/Bangkok,85.18509821428572,12.06034482758621,11.17241379310345,28.49133696428571
19985,2023-05-27 22:00:00,Asia/Bangkok,85.56645166666668,9.939130434782609,9.208695652173914,27.93555885964913
19986,2023-05-27 23:00:00,Asia/Bangkok,86.40862663716813,9.826086956521738,9.243478260869566,27.69658877192984
19987,2023-05-28 00:00:00,Asia/Bangkok,86.32072850877195,10.67241379310345,10.10344827586207,27.68321035398232
19988,2023-05-28 01:00:00,Asia/Bangkok,86.90129862068959,13.02586206896552,12.25,27.47541948275862
19989,2023-05-28 02:00:00,Asia/Bangkok,88.1943991304348,11.01709401709402,10.36752136752137,27.24674434782608
19990,2023-05-28 03:00:00,Asia/Bangkok,86.9466821929825,11.43103448275862,10.76724137931035,27.21883061403507
19991,2023-05-28 04:00:00,Asia/Bangkok,85.39823276785725,12.37068965517241,11.72413793103448,27.50219473214284
19992,2023-05-28 05:00:00,Asia/Bangkok,85.0212127826087,11.43103448275862,10.75652173913043,27.43185739130433
19993,2023-05-28 06:00:00,Asia/Bangkok,86.89927219298248,14.05128205128205,13.07692307692308,27.02237578947367
19994,2023-05-28 07:00:00,Asia/Bangkok,86.68201921052633,18.77586206896552,17.22413793103448,27.02155578947368
19995,2023-05-28 08:00:00,Asia/Bangkok,85.05584212389383,10.67826086956522,10.02608695652174,27.53953071428571
19996,2023-05-28 09:00:00,Asia/Bangkok,77.6206805714286,11.0,10.02777777777778,29.60433571428571
19997,2023-05-28 10:00:00,Asia/Bangkok,75.4612316964286,11.3304347826087,10.45217391304348,30.34835714285716
19998,2023-05-28 11:00:00,Asia/Bangkok,71.11519706896551,9.89655172413793,9.301724137931034,31.35250499999999
19999,2023-05-28 12:00:00,Asia/Bangkok,67.02831939130435,8.551724137931034,8.129310344827585,32.77771678260869
20000,2023-05-28 13:00:00,Asia/Bangkok,65.04589666666662,9.336206896551724,8.862068965517242,33.56838882882882
20001,2023-05-28 14:00:00,Asia/Bangkok,67.89302857142859,13.9051724137931,12.61206896551724,32.51871607142856
20002,2023-05-28 15:00:00,Asia/Bangkok,79.67935982456135,12.93162393162393,11.30769230769231,28.69103212389382
20003,2023-05-28 16:00:00,Asia/Bangkok,79.55454720720722,6.2,5.669565217391304,29.31527495495495
20004,2023-05-28 17:00:00,Asia/Bangkok,80.02565637168142,9.198275862068966,8.568965517241379,29.43300619469025
20005,2023-05-28 18:00:00,Asia/Bangkok,78.3836182142857,14.82456140350877,14.18260869565217,29.44955607142856
20006,2023-05-28 19:00:00,Asia/Bangkok,81.19757610619467,46.11206896551724,39.56034482758621,28.50354256637167
20007,2023-05-28 20:00:00,Asia/Bangkok,84.27094575221243,13.58260869565217,12.75652173913043,27.46906336283184
20008,2023-05-28 21:00:00,Asia/Bangkok,83.96675318965517,7.586206896551724,7.077586206896552,27.32719120689655
20009,2023-05-28 22:00:00,Asia/Bangkok,86.20949719298238,9.948275862068966,9.39655172413793,27.16203713043479
20010,2023-05-28 23:00:00,Asia/Bangkok,86.40079780701758,10.41025641025641,9.760683760683762,27.12423371681414
20011,2023-05-29 00:00:00,Asia/Bangkok,86.3337661403509,10.61206896551724,10.10344827586207,27.03619587719297
20012,2023-05-29 01:00:00,Asia/Bangkok,87.42600342105266,10.41379310344828,9.775862068965518,26.55743622807018
20013,2023-05-29 02:00:00,Asia/Bangkok,84.06825596491228,7.487179487179487,7.0,27.05601447368421
20014,2023-05-29 03:00:00,Asia/Bangkok,81.97296456140349,7.689655172413793,7.206896551724138,27.46970701754385
20015,2023-05-29 04:00:00,Asia/Bangkok,82.17112696428573,7.931034482758621,7.405172413793103,27.55092848214284
20016,2023-05-29 05:00:00,Asia/Bangkok,83.26898571428573,8.367521367521368,7.786324786324786,27.27843401785715
20017,2023-05-29 06:00:00,Asia/Bangkok,83.49529045045045,8.163793103448276,7.525862068965517,27.27203790909089
20018,2023-05-29 07:00:00,Asia/Bangkok,84.20086415929202,12.5948275862069,11.82758620689655,27.35596221238939
20019,2023-05-29 08:00:00,Asia/Bangkok,80.20025725663717,8.5,7.931034482758621,28.67957044642856
20020,2023-05-29 09:00:00,Asia/Bangkok,76.57762903508772,7.726495726495727,7.085470085470085,29.90305192982457
20021,2023-05-29 10:00:00,Asia/Bangkok,74.14146196428574,7.939655172413793,7.318965517241379,31.03984918918917
20022,2023-05-29 11:00:00,Asia/Bangkok,70.05173946902654,8.129310344827585,7.517241379310345,32.39064247787609
20023,2023-05-29 12:00:00,Asia/Bangkok,68.34510634782607,6.939655172413793,6.422413793103448,32.81537904347826
20024,2023-05-29 13:00:00,Asia/Bangkok,64.93960896551724,6.615384615384615,6.28448275862069,33.86153301724139
20025,2023-05-29 14:00:00,Asia/Bangkok,63.1867185840708,6.252173913043478,5.818965517241379,34.25547831858405
20026,2023-05-29 15:00:00,Asia/Bangkok,64.8858843362832,4.905172413793103,4.681034482758621,33.66538380530974
20027,2023-05-29 16:00:00,Asia/Bangkok,66.66520681034481,6.482758620689655,6.068965517241379,33.25992620689655
20028,2023-05-29 17:00:00,Asia/Bangkok,71.84709194690265,7.444444444444445,7.008547008547009,31.68012407079645
20029,2023-05-29 18:00:00,Asia/Bangkok,71.91599327272728,19.6283185840708,18.00884955752212,30.94167590909092
20030,2023-05-29 19:00:00,Asia/Bangkok,74.27173706896554,16.29310344827586,15.10344827586207,30.02762982758622
20031,2023-05-29 20:00:00,Asia/Bangkok,79.02441421052632,10.14655172413793,9.431034482758621,29.00357315789476
20032,2023-05-29 21:00:00,Asia/Bangkok,77.1837501724138,7.275862068965517,6.810344827586207,28.80835267241381
20033,2023-05-29 22:00:00,Asia/Bangkok,77.62973798245613,5.112068965517241,4.634782608695653,28.1925649122807
20034,2023-05-29 23:00:00,Asia/Bangkok,80.6585611403509,4.947826086956522,4.491379310344827,27.63623141592918
20035,2023-05-30 00:00:00,Asia/Bangkok,81.31469121739134,3.827586206896552,3.379310344827586,27.27446956521738
20036,2023-05-30 01:00:00,Asia/Bangkok,80.14593675675677,2.758620689655173,2.405172413793104,27.40144576576574
20037,2023-05-30 02:00:00,Asia/Bangkok,79.96837371681414,2.663793103448276,2.379310344827586,27.40457327433629
20038,2023-05-30 03:00:00,Asia/Bangkok,82.44060739130435,3.837606837606838,3.512820512820513,26.95519373913044
20039,2023-05-30 04:00:00,Asia/Bangkok,84.64515412280701,4.577586206896552,4.155172413793103,26.55703631578946
20040,2023-05-30 05:00:00,Asia/Bangkok,84.78194360360362,4.646551724137931,4.318965517241379,26.53462360360361
20041,2023-05-30 06:00:00,Asia/Bangkok,87.34754464285713,8.431034482758621,7.724137931034483,26.03495666666667
20042,2023-05-30 07:00:00,Asia/Bangkok,88.61409776785717,7.646551724137931,6.896551724137931,25.89572946428572
20043,2023-05-30 08:00:00,Asia/Bangkok,85.88733827586205,8.17094017094017,7.581196581196581,27.11577586206895
20044,2023-05-30 09:00:00,Asia/Bangkok,77.5557968695652,5.732758620689655,5.112068965517241,29.39536130434782
20045,2023-05-30 10:00:00,Asia/Bangkok,67.98988303571426,4.112068965517241,3.758620689655173,31.57302540540542
20046,2023-05-30 11:00:00,Asia/Bangkok,62.55574043478261,4.318965517241379,3.922413793103448,33.25714408695652
20047,2023-05-30 12:00:00,Asia/Bangkok,61.60769630630629,6.155172413793103,5.672413793103448,34.24026172727272
20048,2023-05-30 13:00:00,Asia/Bangkok,61.81120587719299,9.658119658119658,9.051282051282051,34.41056807017544
20049,2023-05-30 14:00:00,Asia/Bangkok,58.08551920353985,5.629310344827586,5.25,35.18049814159292
20050,2023-05-30 15:00:00,Asia/Bangkok,62.91234438596489,5.863247863247863,5.230769230769231,34.2636753508772
20051,2023-05-30 16:00:00,Asia/Bangkok,87.83153289473685,3.78448275862069,3.396551724137931,27.19871131578947
20052,2023-05-30 17:00:00,Asia/Bangkok,88.76373348214288,5.741379310344827,5.25,27.28913991071427
20053,2023-05-30 18:00:00,Asia/Bangkok,89.72514964912278,6.939655172413793,6.422413793103448,26.99227754385966
20054,2023-05-30 19:00:00,Asia/Bangkok,90.50551990990989,9.78448275862069,9.10344827586207,26.87057918918919
20055,2023-05-30 20:00:00,Asia/Bangkok,90.21348504347829,13.55172413793103,12.48275862068965,26.89503104347825
20056,2023-05-30 21:00:00,Asia/Bangkok,90.80370539130433,12.58620689655172,11.89655172413793,26.72297043478262
20057,2023-05-30 22:00:00,Asia/Bangkok,90.75709182608698,12.06034482758621,11.23275862068965,26.64515808695651
20058,2023-05-30 23:00:00,Asia/Bangkok,91.10034903508773,14.04273504273504,13.08547008547009,26.52386719298246
20059,2023-05-31 00:00:00,Asia/Bangkok,91.95091973684208,17.50862068965517,16.52586206896552,26.31859911504426
20060,2023-05-31 01:00:00,Asia/Bangkok,91.82938385964923,16.76724137931035,15.76724137931035,26.28082219298245
20061,2023-05-31 02:00:00,Asia/Bangkok,91.34532937499999,14.52136752136752,13.63793103448276,26.31285071428571
20062,2023-05-31 03:00:00,Asia/Bangkok,87.277421875,9.442477876106194,8.798245614035087,26.75567133928572
20063,2023-05-31 04:00:00,Asia/Bangkok,89.38073469026541,11.62931034482759,10.94827586206897,26.35232203539825
20064,2023-05-31 05:00:00,Asia/Bangkok,90.86357203539825,12.36206896551724,11.5,26.16322283185841
20065,2023-05-31 06:00:00,Asia/Bangkok,88.08005210526312,10.69565217391304,9.947826086956521,26.42110877192982
20066,2023-05-31 07:00:00,Asia/Bangkok,88.2108272173913,11.99137931034483,11.25862068965517,26.59722982608695
20067,2023-05-31 08:00:00,Asia/Bangkok,85.88979570175437,32.42608695652174,29.32173913043478,27.44656105263158
20068,2023-05-31 09:00:00,Asia/Bangkok,80.8909458181818,8.28448275862069,7.521739130434782,29.1291782727273
20069,2023-05-31 10:00:00,Asia/Bangkok,78.25887536363635,5.582608695652174,4.982758620689655,29.77530045454547
20070,2023-05-31 11:00:00,Asia/Bangkok,73.77425304347825,5.689655172413793,5.232758620689655,31.82118060869565
20071,2023-05-31 12:00:00,Asia/Bangkok,69.68670162162161,6.373913043478261,5.834782608695652,33.21555285714286
20072,2023-05-31 13:00:00,Asia/Bangkok,64.21992991150441,4.017241379310345,3.508620689655173,34.30692371681415
20073,2023-05-31 14:00:00,Asia/Bangkok,72.18356642857144,1.103448275862069,0.8362068965517241,30.95039883928571
20074,2023-05-31 15:00:00,Asia/Bangkok,81.20281610619463,3.758620689655173,3.267241379310345,29.41391053571428
20075,2023-05-31 16:00:00,Asia/Bangkok,77.76983274336283,3.641025641025641,3.153846153846154,30.10328088495576
20076,2023-05-31 17:00:00,Asia/Bangkok,76.56890071428573,5.629310344827586,5.112068965517241,30.52950964285713
20077,2023-05-31 18:00:00,Asia/Bangkok,82.83628069565214,5.163793103448276,4.603448275862069,28.91523643478261
20078,2023-05-31 19:00:00,Asia/Bangkok,88.06792125000003,12.75,11.13793103448276,27.30551946428569
20079,2023-05-31 20:00:00,Asia/Bangkok,85.60429304347828,10.04273504273504,8.675213675213675,27.21393678260871
20080,2023-05-31 21:00:00,Asia/Bangkok,86.93330086956522,1.592920353982301,1.292035398230089,26.67372026086956
20081,2023-05-31 22:00:00,Asia/Bangkok,90.15449625000001,1.684210526315789,1.271929824561403,26.0033050892857
20082,2023-05-31 23:00:00,Asia/Bangkok,89.70390771929827,1.577586206896552,1.310344827586207,26.18398508771932
20083,2023-06-01 00:00:00,Asia/Bangkok,88.05337223214288,1.53448275862069,1.301724137931034,26.52516517857143
20084,2023-06-01 01:00:00,Asia/Bangkok,88.7253103539823,2.232758620689655,1.767241379310345,26.45889929203542
20085,2023-06-01 02:00:00,Asia/Bangkok,88.07487556521743,1.525862068965517,1.068965517241379,26.80077834782608
20086,2023-06-01 03:00:00,Asia/Bangkok,91.19667464285715,3.435897435897436,2.75,26.33669151785714
20087,2023-06-01 04:00:00,Asia/Bangkok,92.14697752212395,2.586206896551724,2.017094017094017,26.33682432432431
20088,2023-06-01 05:00:00,Asia/Bangkok,91.88335955357142,2.801724137931035,2.112068965517242,26.30996455357145
20089,2023-06-01 06:00:00,Asia/Bangkok,91.77761717948717,3.11965811965812,2.358974358974359,26.20436384615383
20090,2023-06-01 07:00:00,Asia/Bangkok,90.91176714285716,3.373913043478261,2.6,26.45967026785714
20091,2023-06-01 08:00:00,Asia/Bangkok,89.71532535087721,4.155172413793103,3.370689655172414,27.18315868421053
20092,2023-06-01 09:00:00,Asia/Bangkok,87.25442230088497,3.93859649122807,3.385964912280702,28.30898539823008
20093,2023-06-01 10:00:00,Asia/Bangkok,82.70545052631583,4.565217391304348,3.947826086956522,29.64911254385965
20094,2023-06-01 11:00:00,Asia/Bangkok,75.87766763157896,6.491228070175438,5.912280701754386,31.41485622807019
20095,2023-06-01 12:00:00,Asia/Bangkok,69.07236513043479,5.026086956521739,4.521739130434782,33.25261704347825
20096,2023-06-01 13:00:00,Asia/Bangkok,66.41562912280699,5.264957264957265,4.777777777777778,33.82391491228069
20097,2023-06-01 14:00:00,Asia/Bangkok,60.71910964285713,5.848214285714286,5.398230088495575,35.26869045045045
20098,2023-06-01 15:00:00,Asia/Bangkok,61.91805955752211,5.862068965517241,5.508620689655173,34.55153150442477
20099,2023-06-01 16:00:00,Asia/Bangkok,71.42708406250001,4.463917525773196,4.010309278350515,31.72945104166667
20100,2023-06-01 17:00:00,Asia/Bangkok,84.22010964912278,3.704347826086956,3.278260869565218,27.93708350877194
20101,2023-06-01 18:00:00,Asia/Bangkok,84.51118157894733,4.008620689655173,3.629310344827586,27.54461561403509
20102,2023-06-01 19:00:00,Asia/Bangkok,84.89993142857145,4.069565217391304,3.730434782608695,27.28687464285715
20103,2023-06-01 20:00:00,Asia/Bangkok,85.62209187500001,6.330434782608696,5.782608695652174,27.1656841964286
20104,2023-06-01 21:00:00,Asia/Bangkok,85.94945141592923,5.793103448275862,5.267241379310345,27.01678353982301
20105,2023-06-01 22:00:00,Asia/Bangkok,83.77013560344824,5.735042735042735,5.196581196581197,27.46715379310346
20106,2023-06-01 23:00:00,Asia/Bangkok,83.96027209090913,5.982758620689655,5.387931034482759,27.35060036697247
20107,2023-06-02 00:00:00,Asia/Bangkok,82.01309805309735,3.017094017094017,2.632478632478632,27.91750249999998
20108,2023-06-02 01:00:00,Asia/Bangkok,80.03667426086955,2.103448275862069,1.836206896551724,28.18175200000001
20109,2023-06-02 02:00:00,Asia/Bangkok,79.6554998214286,3.017241379310345,2.603448275862069,28.27837374999999
20110,2023-06-02 03:00:00,Asia/Bangkok,80.02750605263154,3.387931034482758,3.025862068965517,28.18722228070174
20111,2023-06-02 04:00:00,Asia/Bangkok,81.59044732758622,3.341880341880342,2.982905982905983,27.86979931034485
20112,2023-06-02 05:00:00,Asia/Bangkok,82.1331013513514,2.887931034482758,2.482758620689655,27.82015963963963
20113,2023-06-02 06:00:00,Asia/Bangkok,83.25597293103452,3.384615384615385,2.829059829059829,27.68170275862071
20114,2023-06-02 07:00:00,Asia/Bangkok,85.56312147826091,4.077586206896552,3.439655172413793,27.38054243478259
20115,2023-06-02 08:00:00,Asia/Bangkok,85.30360824561403,5.327586206896552,4.646551724137931,28.06806842105265
20116,2023-06-02 09:00:00,Asia/Bangkok,81.24775089285718,4.146551724137931,3.58974358974359,29.50601294642856
20117,2023-06-02 10:00:00,Asia/Bangkok,74.37001207207207,2.086206896551724,1.629310344827586,31.49787144144144
20118,2023-06-02 11:00:00,Asia/Bangkok,71.60627652173912,2.333333333333333,1.829059829059829,32.39671686956524
20119,2023-06-02 12:00:00,Asia/Bangkok,66.61489336283185,2.634782608695652,2.295652173913044,34.0742982300885
20120,2023-06-02 13:00:00,Asia/Bangkok,69.88771088495574,2.793103448275862,2.422413793103448,33.24415672566372
20121,2023-06-02 14:00:00,Asia/Bangkok,68.41214129310345,2.829059829059829,2.495726495726496,34.03618620689655
20122,2023-06-02 15:00:00,Asia/Bangkok,58.92829499999996,3.31858407079646,2.707964601769912,36.10570831858405
20123,2023-06-02 16:00:00,Asia/Bangkok,58.61685918918916,9.747826086956522,8.982608695652173,35.84059837837836
20124,2023-06-02 17:00:00,Asia/Bangkok,60.65389198113208,7.241379310344827,6.258620689655173,34.77174320754716
20125,2023-06-02 18:00:00,Asia/Bangkok,65.15358580357145,4.548672566371682,4.070175438596491,33.61657946428572
20126,2023-06-02 19:00:00,Asia/Bangkok,73.12087201754389,8.606837606837606,7.735042735042735,30.89964605263159
20127,2023-06-02 20:00:00,Asia/Bangkok,77.3915155652174,10.14655172413793,9.275862068965518,29.88465991304346
20128,2023-06-02 21:00:00,Asia/Bangkok,78.94307070175437,6.793103448275862,6.241379310344827,29.52360824561405
20129,2023-06-02 22:00:00,Asia/Bangkok,82.4352299107143,5.707964601769912,5.157894736842105,28.43440360360361
20130,2023-06-02 23:00:00,Asia/Bangkok,82.51154107142861,4.560344827586207,4.051724137931035,28.50466419642856
20131,2023-06-03 00:00:00,Asia/Bangkok,83.07530833333331,3.87719298245614,3.464912280701754,28.25939157894738
20132,2023-06-03 01:00:00,Asia/Bangkok,85.12160790909093,5.512820512820513,4.863247863247863,27.68455518181818
20133,2023-06-03 02:00:00,Asia/Bangkok,86.568938761062,3.31304347826087,2.843478260869565,27.39916300884957
20134,2023-06-03 03:00:00,Asia/Bangkok,87.26600734513276,3.052173913043478,2.521739130434783,27.2465985840708
20135,2023-06-03 04:00:00,Asia/Bangkok,89.34788706896549,4.594827586206897,4.172413793103448,26.77084663793103
20136,2023-06-03 05:00:00,Asia/Bangkok,89.99092362068964,4.525862068965517,4.103448275862069,26.67800508620689
20137,2023-06-03 06:00:00,Asia/Bangkok,90.5567884347826,4.504347826086956,4.026086956521739,26.55838304347824
20138,2023-06-03 07:00:00,Asia/Bangkok,92.14816140350881,7.206896551724138,6.387931034482759,26.34521526315791
20139,2023-06-03 08:00:00,Asia/Bangkok,90.18882271929826,5.615384615384615,5.017241379310345,26.98421973684209
20140,2023-06-03 09:00:00,Asia/Bangkok,83.63729783783783,4.112068965517241,3.58974358974359,28.82364648648649
20141,2023-06-03 10:00:00,Asia/Bangkok,73.95457973214289,1.120689655172414,0.896551724137931,31.24668437499999
20142,2023-06-03 11:00:00,Asia/Bangkok,67.2632168103448,3.189655172413793,2.827586206896552,33.41241189655172
20143,2023-06-03 12:00:00,Asia/Bangkok,64.65936801724136,3.982905982905983,3.572649572649573,34.36224249999999
20144,2023-06-03 13:00:00,Asia/Bangkok,63.1425621238938,4.905172413793103,4.370689655172414,34.63889557522124
20145,2023-06-03 14:00:00,Asia/Bangkok,61.92054747747746,2.362068965517242,2.068965517241379,34.36520477477477
20146,2023-06-03 15:00:00,Asia/Bangkok,62.60911999999998,3.51304347826087,3.173913043478261,34.30668298245612
20147,2023-06-03 16:00:00,Asia/Bangkok,66.38390631578947,1.965811965811966,1.675213675213675,33.12761491228071
20148,2023-06-03 17:00:00,Asia/Bangkok,80.72642182608696,2.129310344827586,1.810344827586207,29.18421834782608
20149,2023-06-03 18:00:00,Asia/Bangkok,84.00494405405406,5.439655172413793,4.689655172413793,28.77813009009009
20150,2023-06-03 19:00:00,Asia/Bangkok,87.97180357142858,14.1025641025641,12.83760683760684,28.07738651785711
20151,2023-06-03 20:00:00,Asia/Bangkok,89.1224638053097,18.93965517241379,17.52586206896552,27.80888141592917
20152,2023-06-03 21:00:00,Asia/Bangkok,89.13155758928575,18.23275862068965,17.23275862068965,27.60295267857142
20153,2023-06-03 22:00:00,Asia/Bangkok,89.92877834862384,18.24137931034483,16.99137931034483,27.34364440366972
20154,2023-06-03 23:00:00,Asia/Bangkok,88.90305043859654,13.82758620689655,13.0,27.56396201754385
20155,2023-06-04 00:00:00,Asia/Bangkok,88.33316920353982,9.78448275862069,9.017241379310345,27.47674300884957
20156,2023-06-04 01:00:00,Asia/Bangkok,88.09034793103453,6.21551724137931,5.327586206896552,27.34194905172414
20157,2023-06-04 02:00:00,Asia/Bangkok,90.03558690265487,5.025862068965517,4.267241379310345,26.86169451327435
20158,2023-06-04 03:00:00,Asia/Bangkok,89.9736818018018,5.196581196581197,4.52991452991453,26.94241243243244
20159,2023-06-04 04:00:00,Asia/Bangkok,90.99108649122806,6.439655172413793,5.758620689655173,26.70156421052629
20160,2023-06-04 05:00:00,Asia/Bangkok,91.64835776785712,6.163793103448276,5.491379310344827,26.4993413392857
20161,2023-06-04 06:00:00,Asia/Bangkok,91.61202417391299,5.556521739130435,4.913043478260869,26.44046939130435
20162,2023-06-04 07:00:00,Asia/Bangkok,91.87338947826088,9.923076923076923,9.136752136752136,26.42841773913045
20163,2023-06-04 08:00:00,Asia/Bangkok,91.392213364486,6.844827586206897,6.198275862068965,26.76281934579438
20164,2023-06-04 09:00:00,Asia/Bangkok,87.00159008928567,4.336206896551724,3.586206896551724,28.27477669642856
20165,2023-06-04 10:00:00,Asia/Bangkok,78.40065377192987,3.275862068965517,2.508620689655173,30.72436385964911
20166,2023-06-04 11:00:00,Asia/Bangkok,70.09635855855853,3.48695652173913,3.08695652173913,32.28456045045045
20167,2023-06-04 12:00:00,Asia/Bangkok,63.66335098214285,2.801724137931035,2.28448275862069,34.44059124999999
20168,2023-06-04 13:00:00,Asia/Bangkok,60.53159773913041,2.460869565217391,2.121739130434783,34.38109834782608
20169,2023-06-04 14:00:00,Asia/Bangkok,55.89492830357144,1.421052631578947,1.184210526315789,35.41912348214286
20170,2023-06-04 15:00:00,Asia/Bangkok,53.28893599999999,1.75,1.46551724137931,36.06907060869563
20171,2023-06-04 16:00:00,Asia/Bangkok,51.73719868421051,3.269565217391305,2.878260869565217,35.79684315789473
20172,2023-06-04 17:00:00,Asia/Bangkok,54.8580978181818,7.469565217391304,6.826086956521739,35.01565154545455
20173,2023-06-04 18:00:00,Asia/Bangkok,57.13066695652174,5.666666666666667,5.196581196581197,34.30711773913043
20174,2023-06-04 19:00:00,Asia/Bangkok,61.8984156756757,19.8,17.41739130434783,32.84354882882884
20175,2023-06-04 20:00:00,Asia/Bangkok,66.65382765765764,18.07826086956522,16.46956521739131,31.65761036036036
20176,2023-06-04 21:00:00,Asia/Bangkok,70.68567842105263,14.6283185840708,13.54867256637168,30.9470810526316
20177,2023-06-04 22:00:00,Asia/Bangkok,74.57961465517246,12.38793103448276,11.20689655172414,30.35902853448276
20178,2023-06-04 23:00:00,Asia/Bangkok,79.31852368421053,22.82758620689655,21.20689655172414,29.23414787610618
20179,2023-06-05 00:00:00,Asia/Bangkok,80.52770548672564,16.74137931034483,15.55172413793103,28.77013
20180,2023-06-05 01:00:00,Asia/Bangkok,81.64611879310343,12.56896551724138,11.74137931034483,28.41901025862067
20181,2023-06-05 02:00:00,Asia/Bangkok,83.57694035087717,12.2,11.39090909090909,28.03267333333334
20182,2023-06-05 03:00:00,Asia/Bangkok,84.8080101785714,11.30434782608696,10.4695652173913,27.5963232142857
20183,2023-06-05 04:00:00,Asia/Bangkok,85.79179931034493,9.931623931623932,9.205128205128204,27.30549278260871
20184,2023-06-05 05:00:00,Asia/Bangkok,88.27523787610617,10.28448275862069,9.379310344827585,26.63262258928572
20185,2023-06-05 06:00:00,Asia/Bangkok,87.64529351351354,11.93103448275862,11.07758620689655,26.81601873873874
20186,2023-06-05 07:00:00,Asia/Bangkok,88.29556754385963,12.73504273504273,11.76068376068376,26.76661122807019
20187,2023-06-05 08:00:00,Asia/Bangkok,89.4473731896552,11.01724137931035,10.06034482758621,27.03305086956522
20188,2023-06-05 09:00:00,Asia/Bangkok,84.75422089285709,8.46551724137931,7.681034482758621,28.63246540540539
20189,2023-06-05 10:00:00,Asia/Bangkok,79.57203875000002,4.862068965517241,4.336206896551724,29.27004696428572
20190,2023-06-05 11:00:00,Asia/Bangkok,89.5797348672566,2.947368421052631,2.447368421052631,26.0996092920354
20191,2023-06-05 12:00:00,Asia/Bangkok,87.05712495652178,1.681034482758621,1.405172413793103,27.26258234782609
20192,2023-06-05 13:00:00,Asia/Bangkok,76.60365283185841,0.8448275862068966,0.6206896551724138,30.37014973451327
20193,2023-06-05 14:00:00,Asia/Bangkok,68.6524445689655,0.4224137931034483,0.25,31.92320273504272
20194,2023-06-05 15:00:00,Asia/Bangkok,74.09429827586206,0.9914529914529915,0.7692307692307693,30.19863885964912
20195,2023-06-05 16:00:00,Asia/Bangkok,79.38284565217388,2.448275862068965,1.939655172413793,29.13218243478258
20196,2023-06-05 17:00:00,Asia/Bangkok,82.50175736363636,5.732758620689655,5.21551724137931,28.7835153211009
20197,2023-06-05 18:00:00,Asia/Bangkok,83.59737269565217,6.198275862068965,5.629310344827586,28.71935382608696
20198,2023-06-05 19:00:00,Asia/Bangkok,84.40189563636369,7.213675213675214,6.307692307692307,28.55629727272725
20199,2023-06-05 20:00:00,Asia/Bangkok,86.49767711711715,9.391304347826088,8.57391304347826,28.22320477477479
20200,2023-06-05 21:00:00,Asia/Bangkok,87.87190945454546,10.58119658119658,9.666666666666666,27.95632199999999
20201,2023-06-05 22:00:00,Asia/Bangkok,85.28420009009007,10.70434782608696,9.626086956521739,27.93334612612612
20202,2023-06-05 23:00:00,Asia/Bangkok,84.65600991228074,6.226086956521739,5.521739130434782,27.86584573913041
20203,2023-06-06 00:00:00,Asia/Bangkok,86.46230104347829,6.586206896551724,5.827586206896552,27.32691000000003
20204,2023-06-06 01:00:00,Asia/Bangkok,87.27321112068965,6.21551724137931,5.431034482758621,26.99089155172414
20205,2023-06-06 02:00:00,Asia/Bangkok,88.41137939655167,6.28448275862069,5.482758620689655,26.88348129310344
20206,2023-06-06 03:00:00,Asia/Bangkok,88.2647943478261,6.6,5.608695652173913,27.07667834782607
20207,2023-06-06 04:00:00,Asia/Bangkok,88.54772716814155,11.16239316239316,9.914529914529915,27.15552875000001
20208,2023-06-06 05:00:00,Asia/Bangkok,90.1858865217391,8.051724137931034,7.232758620689655,26.82200347826089
20209,2023-06-06 06:00:00,Asia/Bangkok,89.18062371681418,3.379310344827586,2.939655172413793,26.56157761061947
20210,2023-06-06 07:00:00,Asia/Bangkok,91.34276603448271,4.982758620689655,4.146551724137931,26.53767465517243
20211,2023-06-06 08:00:00,Asia/Bangkok,90.01039929824562,5.077586206896552,4.155172413793103,27.61828035087718
20212,2023-06-06 09:00:00,Asia/Bangkok,86.38303194444444,4.31304347826087,3.417391304347826,28.54093055555556
20213,2023-06-06 10:00:00,Asia/Bangkok,82.94691196428569,4.431034482758621,3.439655172413793,29.54144196428571
20214,2023-06-06 11:00:00,Asia/Bangkok,77.64693886956523,4.299145299145299,3.606837606837607,31.04525347826085
20215,2023-06-06 12:00:00,Asia/Bangkok,80.57413275862072,5.594827586206897,4.844827586206897,31.2202636521739
20216,2023-06-06 13:00:00,Asia/Bangkok,77.18116756521742,5.267241379310345,4.439655172413793,31.60441921739132
20217,2023-06-06 14:00:00,Asia/Bangkok,83.46459478260871,3.387931034482758,2.818965517241379,28.62742104347824
20218,2023-06-06 15:00:00,Asia/Bangkok,85.56809629310341,6.603448275862069,5.853448275862069,28.82483129310344
20219,2023-06-06 16:00:00,Asia/Bangkok,84.51453945945943,5.341880341880342,4.692307692307693,28.56243468468469
20220,2023-06-06 17:00:00,Asia/Bangkok,84.46690833333332,4.939655172413793,4.224137931034483,28.76276592592593
20221,2023-06-06 18:00:00,Asia/Bangkok,78.06427769911505,4.543103448275862,4.077586206896552,28.72456575221238
20222,2023-06-06 19:00:00,Asia/Bangkok,79.64920526785716,5.213675213675214,4.646551724137931,28.09257401785714
20223,2023-06-06 20:00:00,Asia/Bangkok,84.19129836206896,6.612068965517241,5.923076923076923,27.52235784482759
20224,2023-06-06 21:00:00,Asia/Bangkok,85.95431732142859,6.913043478260869,6.112068965517241,27.47983
20225,2023-06-06 22:00:00,Asia/Bangkok,87.55613045045045,7.258620689655173,6.405172413793103,27.23078261261262
20226,2023-06-06 23:00:00,Asia/Bangkok,87.41821462962967,7.241379310344827,6.310344827586207,27.34578666666665
20227,2023-06-07 00:00:00,Asia/Bangkok,87.8648900877193,7.741379310344827,6.603448275862069,27.25068649122808
20228,2023-06-07 01:00:00,Asia/Bangkok,88.1937756140351,6.991379310344827,5.948275862068965,27.16890826086959
20229,2023-06-07 02:00:00,Asia/Bangkok,89.13328767857148,6.008620689655173,5.130434782608695,27.10474321428571
20230,2023-06-07 03:00:00,Asia/Bangkok,89.05677850877193,4.732758620689655,3.869565217391304,27.0479547368421
20231,2023-06-07 04:00:00,Asia/Bangkok,88.71411754385964,3.836206896551724,2.887931034482758,26.76024298245616
20232,2023-06-07 05:00:00,Asia/Bangkok,89.26988245614038,4.577586206896552,3.655172413793104,26.61346763157894
20233,2023-06-07 06:00:00,Asia/Bangkok,91.25544548672565,5.267241379310345,4.422413793103448,26.22924769911505
20234,2023-06-07 07:00:00,Asia/Bangkok,92.25675066037728,7.431034482758621,6.172413793103448,26.22275679245283
20235,2023-06-07 08:00:00,Asia/Bangkok,91.51186036036039,8.793103448275861,7.594827586206897,26.79143144144143
20236,2023-06-07 09:00:00,Asia/Bangkok,89.74021446428573,8.219298245614034,7.026315789473684,27.55676901785713
20237,2023-06-07 10:00:00,Asia/Bangkok,83.25818833333332,3.869565217391304,3.052173913043478,29.46005815789474
20238,2023-06-07 11:00:00,Asia/Bangkok,73.28015359649123,2.379310344827586,1.663793103448276,32.14757132743363
20239,2023-06-07 12:00:00,Asia/Bangkok,80.30879491228072,2.939130434782609,2.460869565217391,29.76939552631579
20240,2023-06-07 13:00:00,Asia/Bangkok,88.37509321739134,1.612068965517241,1.413793103448276,26.19830486956522
20241,2023-06-07 14:00:00,Asia/Bangkok,89.13703412280705,1.0,0.8017241379310345,26.16999956140352
20242,2023-06-07 15:00:00,Asia/Bangkok,91.86868256637172,2.112068965517242,1.810344827586207,25.96382371681416
20243,2023-06-07 16:00:00,Asia/Bangkok,91.84178396396399,3.172413793103448,2.767241379310345,26.23448567567566
20244,2023-06-07 17:00:00,Asia/Bangkok,91.6967069642857,3.224137931034483,2.706896551724138,26.35231720720724
20245,2023-06-07 18:00:00,Asia/Bangkok,92.36495521739131,6.051282051282051,5.29059829059829,26.13374947826088
20246,2023-06-07 19:00:00,Asia/Bangkok,92.91375026548678,7.310344827586207,6.53448275862069,25.92693584070797
20247,2023-06-07 20:00:00,Asia/Bangkok,93.23810722222225,7.434782608695652,6.643478260869565,25.86462963636363
20248,2023-06-07 21:00:00,Asia/Bangkok,94.3912702586207,7.129310344827586,6.146551724137931,25.67193784482758
20249,2023-06-07 22:00:00,Asia/Bangkok,94.30972141592922,6.387931034482759,5.53448275862069,25.87357752212388
20250,2023-06-07 23:00:00,Asia/Bangkok,94.29984614035091,6.956896551724138,6.21551724137931,25.88588867256637
20251,2023-06-08 00:00:00,Asia/Bangkok,95.30220810344827,9.517241379310345,8.391304347826088,25.58765879310347
20252,2023-06-08 01:00:00,Asia/Bangkok,95.74280895652174,7.551724137931035,6.75,25.4665435652174
20253,2023-06-08 02:00:00,Asia/Bangkok,95.47257682242987,6.620689655172414,5.758620689655173,25.56286654205607
20254,2023-06-08 03:00:00,Asia/Bangkok,94.53553165217394,7.818965517241379,7.146551724137931,25.5923519130435
20255,2023-06-08 04:00:00,Asia/Bangkok,95.41965982300883,8.085470085470085,7.119658119658119,25.30848274336283
20256,2023-06-08 05:00:00,Asia/Bangkok,95.71552250000003,12.2,11.40869565217391,25.22726303571428
20257,2023-06-08 06:00:00,Asia/Bangkok,95.12575752212389,9.205128205128204,8.448275862068966,25.167275625
20258,2023-06-08 07:00:00,Asia/Bangkok,95.01319078947371,9.732758620689655,9.05982905982906,25.12742421052634
20259,2023-06-08 08:00:00,Asia/Bangkok,95.71116008849555,10.78448275862069,9.931034482758621,25.8651882300885
20260,2023-06-08 09:00:00,Asia/Bangkok,92.82329817391307,7.333333333333333,6.603448275862069,27.6553288695652
20261,2023-06-08 10:00:00,Asia/Bangkok,82.42923577981655,5.035398230088496,4.596491228070176,29.70597605504588
20262,2023-06-08 11:00:00,Asia/Bangkok,73.01631739130434,3.629310344827586,3.301724137931035,31.26898008695651
20263,2023-06-08 12:00:00,Asia/Bangkok,68.15857793103449,3.145299145299145,2.846153846153846,32.51349732758622
20264,2023-06-08 13:00:00,Asia/Bangkok,64.422766460177,4.810344827586207,4.5,33.88449256637169
20265,2023-06-08 14:00:00,Asia/Bangkok,66.21577605263158,5.810344827586207,5.353448275862069,33.00358552631578
20266,2023-06-08 15:00:00,Asia/Bangkok,63.183876875,3.137931034482758,2.818965517241379,33.32515830357143
20267,2023-06-08 16:00:00,Asia/Bangkok,64.8000153097345,3.103448275862069,2.71551724137931,33.09416920353982
20268,2023-06-08 17:00:00,Asia/Bangkok,62.82137982142858,1.991379310344828,1.577586206896552,32.05939562500001
20269,2023-06-08 18:00:00,Asia/Bangkok,66.33250704347827,6.504273504273504,5.743589743589744,31.75179991304346
20270,2023-06-08 19:00:00,Asia/Bangkok,72.09809922222225,17.0,15.41489361702128,30.67587222222223
20271,2023-06-08 20:00:00,Asia/Bangkok,78.5746854,36.0925925925926,30.61111111111111,29.1827825490196
20272,2023-06-08 21:00:00,Asia/Bangkok,82.32679272727269,21.83695652173913,20.04347826086957,28.70408272727271
20273,2023-06-08 22:00:00,Asia/Bangkok,84.40761582608694,35.32173913043479,31.21739130434782,28.27862834782607
20274,2023-06-08 23:00:00,Asia/Bangkok,85.9743853043478,32.75862068965517,28.54310344827586,27.70608878260867
20275,2023-06-09 00:00:00,Asia/Bangkok,86.61406366071428,17.41739130434783,16.09565217391305,27.40467928571428
20276,2023-06-09 01:00:00,Asia/Bangkok,86.85176854700855,17.87179487179487,16.37606837606837,27.38136282051278
20277,2023-06-09 02:00:00,Asia/Bangkok,88.18415690265485,16.04310344827586,14.71551724137931,27.02959106194688
20278,2023-06-09 03:00:00,Asia/Bangkok,89.20537619469027,21.98230088495575,19.72566371681416,26.74001654867259
20279,2023-06-09 04:00:00,Asia/Bangkok,90.23762863247862,15.45299145299145,14.33620689655172,26.39574017094017
20280,2023-06-09 05:00:00,Asia/Bangkok,90.41875241379306,14.10344827586207,12.77586206896552,26.38670741379311
20281,2023-06-09 06:00:00,Asia/Bangkok,90.22720070796451,12.30172413793103,11.47413793103448,26.41447194690268
20282,2023-06-09 07:00:00,Asia/Bangkok,90.71733315789473,18.58119658119658,17.39316239316239,26.42537105263158
20283,2023-06-09 08:00:00,Asia/Bangkok,91.74277805309733,20.22608695652174,19.15652173913044,26.84167646017698
20284,2023-06-09 09:00:00,Asia/Bangkok,79.40898052631577,7.905172413793103,7.474137931034483,29.77757
20285,2023-06-09 10:00:00,Asia/Bangkok,72.43364808695655,6.629310344827586,6.318965517241379,31.58117539130435
20286,2023-06-09 11:00:00,Asia/Bangkok,67.11725767857142,5.615384615384615,5.213675213675214,32.93955428571429
20287,2023-06-09 12:00:00,Asia/Bangkok,63.44503582608694,6.198275862068965,5.793103448275862,34.22594069565218
20288,2023-06-09 13:00:00,Asia/Bangkok,63.50186401785716,8.077586206896552,7.724137931034483,34.60426696428571
20289,2023-06-09 14:00:00,Asia/Bangkok,62.41468580357141,7.094017094017094,6.743589743589744,34.21468464285716
20290,2023-06-09 15:00:00,Asia/Bangkok,58.03631540540539,5.017241379310345,4.71551724137931,34.99008549549549
20291,2023-06-09 16:00:00,Asia/Bangkok,57.34565911504423,5.896551724137931,5.46551724137931,35.67701469026547
20292,2023-06-09 17:00:00,Asia/Bangkok,64.7767836842105,8.64102564102564,8.085470085470085,32.34786681415933
20293,2023-06-09 18:00:00,Asia/Bangkok,70.9133075221239,56.05172413793103,49.80172413793103,31.97652920353981
20294,2023-06-09 19:00:00,Asia/Bangkok,73.43197827586208,48.11965811965812,42.34188034188034,31.36569284482756
20295,2023-06-09 20:00:00,Asia/Bangkok,66.90161655172415,23.11206896551724,21.54310344827586,31.26894060344826
20296,2023-06-09 21:00:00,Asia/Bangkok,69.68741247787611,33.57522123893806,29.07079646017699,30.31378876106195
20297,2023-06-09 22:00:00,Asia/Bangkok,77.86296743362834,58.48275862068966,48.38793103448276,28.49321451327433
20298,2023-06-09 23:00:00,Asia/Bangkok,80.30373517543856,25.13675213675214,22.35897435897436,27.62662236842105
20299,2023-06-10 00:00:00,Asia/Bangkok,77.00961617391303,9.594827586206897,8.931034482758621,28.18238173913044
20300,2023-06-10 01:00:00,Asia/Bangkok,78.18978964285715,8.732758620689655,8.137931034482758,28.08255159292034
20301,2023-06-10 02:00:00,Asia/Bangkok,81.76924965217393,8.897435897435898,8.384615384615385,27.73030799999999
20302,2023-06-10 03:00:00,Asia/Bangkok,83.31669137931037,14.43103448275862,13.21551724137931,27.22588129310346
20303,2023-06-10 04:00:00,Asia/Bangkok,83.05618122807016,10.92241379310345,10.25862068965517,26.95163596491226
20304,2023-06-10 05:00:00,Asia/Bangkok,83.76515600000003,10.8,10.20869565217391,27.0090860869565
20305,2023-06-10 06:00:00,Asia/Bangkok,87.4325332142857,7.773913043478261,7.304347826086956,26.53224054054053
20306,2023-06-10 07:00:00,Asia/Bangkok,89.25135763157897,9.681034482758621,9.129310344827585,26.53731464912279
20307,2023-06-10 08:00:00,Asia/Bangkok,88.46010669642862,7.773913043478261,7.095652173913043,26.71733499999998
20308,2023-06-10 09:00:00,Asia/Bangkok,87.91012714285715,10.19130434782609,9.6,27.39630247787611
20309,2023-06-10 10:00:00,Asia/Bangkok,81.12517330434784,7.452991452991453,6.880341880341881,29.78316754385966
20310,2023-06-10 11:00:00,Asia/Bangkok,76.04976633928571,4.756521739130434,4.130434782608695,31.08162607142855
20311,2023-06-10 12:00:00,Asia/Bangkok,67.04260557522123,1.426086956521739,1.243478260869565,31.82871557522123
20312,2023-06-10 13:00:00,Asia/Bangkok,69.61782860869566,1.810344827586207,1.327586206896552,31.43035921739128
20313,2023-06-10 14:00:00,Asia/Bangkok,66.97954342105265,1.482758620689655,1.068965517241379,32.69715245614034
20314,2023-06-10 15:00:00,Asia/Bangkok,66.41821263157897,2.273504273504273,1.957264957264957,33.2651852631579
20315,2023-06-10 16:00:00,Asia/Bangkok,76.18181486238532,1.241379310344828,0.9396551724137931,29.67314871559632
20316,2023-06-10 17:00:00,Asia/Bangkok,87.13713903508776,1.456140350877193,1.157894736842105,26.45743771929826
20317,2023-06-10 18:00:00,Asia/Bangkok,89.17353407079645,1.68695652173913,1.452173913043478,26.10081168141592
20318,2023-06-10 19:00:00,Asia/Bangkok,89.81553026086956,3.206896551724138,2.922413793103448,25.74887765217395
20319,2023-06-10 20:00:00,Asia/Bangkok,90.80800464285711,5.678571428571429,5.071428571428571,25.38245419642858
20320,2023-06-10 21:00:00,Asia/Bangkok,91.25030221238934,6.615384615384615,6.119658119658119,25.33955769911503
20321,2023-06-10 22:00:00,Asia/Bangkok,89.99811690265486,4.379310344827586,3.96551724137931,25.37971000000002
20322,2023-06-10 23:00:00,Asia/Bangkok,90.82052491071424,4.29059829059829,3.760683760683761,24.91540330357147
20323,2023-06-11 00:00:00,Asia/Bangkok,91.08365500000004,3.612068965517242,3.137931034482758,24.85271481818183
20324,2023-06-11 01:00:00,Asia/Bangkok,91.01096460176997,5.060869565217391,4.582608695652174,25.12082522123892
20325,2023-06-11 02:00:00,Asia/Bangkok,92.39133646017702,8.120689655172415,7.551724137931035,25.22879681415929
20326,2023-06-11 03:00:00,Asia/Bangkok,92.81321252173909,8.844827586206897,8.155172413793103,25.27556052631582
20327,2023-06-11 04:00:00,Asia/Bangkok,93.33343079646016,10.43103448275862,9.732758620689655,25.22657592920354
20328,2023-06-11 05:00:00,Asia/Bangkok,93.04595614035082,8.196581196581196,7.658119658119658,25.48005131578948
20329,2023-06-11 06:00:00,Asia/Bangkok,93.82213715517244,9.258620689655173,8.568965517241379,25.42377775862071
20330,2023-06-11 07:00:00,Asia/Bangkok,94.0574535344828,10.17948717948718,9.598290598290598,25.58565655172416
20331,2023-06-11 08:00:00,Asia/Bangkok,94.64167655172406,12.17241379310345,11.31034482758621,25.80632612068966
20332,2023-06-11 09:00:00,Asia/Bangkok,92.41004356521738,10.03448275862069,9.258620689655173,27.11752530434782
20333,2023-06-11 10:00:00,Asia/Bangkok,85.78898060869561,5.439655172413793,4.836206896551724,29.09609974137932
20334,2023-06-11 11:00:00,Asia/Bangkok,76.375040625,2.051282051282051,1.649572649572649,31.31516018018019
20335,2023-06-11 12:00:00,Asia/Bangkok,70.69467026548672,2.620689655172414,2.206896551724138,32.59472371681414
20336,2023-06-11 13:00:00,Asia/Bangkok,66.05439576576578,3.234782608695652,2.782608695652174,33.63314890909091
20337,2023-06-11 14:00:00,Asia/Bangkok,66.25356946428572,3.043103448275862,2.663793103448276,33.54517196428571
20338,2023-06-11 15:00:00,Asia/Bangkok,64.22102105263161,1.491379310344828,1.112068965517241,33.21147271929821
20339,2023-06-11 16:00:00,Asia/Bangkok,61.84203175438596,0.8260869565217391,0.5739130434782609,33.01457114035086
20340,2023-06-11 17:00:00,Asia/Bangkok,60.77451044247786,0.5217391304347826,0.2869565217391304,33.44985850877192
20341,2023-06-11 18:00:00,Asia/Bangkok,61.71981200000001,0.9137931034482759,0.6637931034482759,32.84455877192983
20342,2023-06-11 19:00:00,Asia/Bangkok,67.30701920353981,7.982608695652174,7.069565217391304,31.318641875
20343,2023-06-11 20:00:00,Asia/Bangkok,72.28741592920356,5.525862068965517,4.896551724137931,30.30835380530971
20344,2023-06-11 21:00:00,Asia/Bangkok,76.26374624999998,3.71551724137931,3.172413793103448,29.41596035714287
20345,2023-06-11 22:00:00,Asia/Bangkok,80.50443052631576,10.20689655172414,9.318965517241379,28.89851684210529
20346,2023-06-11 23:00:00,Asia/Bangkok,82.04837456140353,9.88888888888889,9.034188034188034,28.42774192982457
20347,2023-06-12 00:00:00,Asia/Bangkok,84.75633241071425,9.801724137931034,9.008620689655173,27.66832741071428
20348,2023-06-12 01:00:00,Asia/Bangkok,86.00134771929822,7.922413793103448,7.112068965517241,27.2275205263158
20349,2023-06-12 02:00:00,Asia/Bangkok,86.85447184210523,7.293103448275862,6.612068965517241,26.99413982142855
20350,2023-06-12 03:00:00,Asia/Bangkok,86.74008131578945,4.769230769230769,4.401709401709402,26.97226274336284
20351,2023-06-12 04:00:00,Asia/Bangkok,89.2039262162162,6.330357142857143,5.553571428571429,26.65398285714284
20352,2023-06-12 05:00:00,Asia/Bangkok,89.85338931623932,6.965811965811966,6.188034188034188,26.52338739130435
20353,2023-06-12 06:00:00,Asia/Bangkok,88.8151520353982,5.869565217391305,5.181034482758621,26.54872185840708
20354,2023-06-12 07:00:00,Asia/Bangkok,88.53029695652175,6.086206896551724,5.448275862068965,26.98477486956521
20355,2023-06-12 08:00:00,Asia/Bangkok,88.2554243859649,5.396551724137931,4.75,27.40566271929825
20356,2023-06-12 09:00:00,Asia/Bangkok,85.80866224137935,4.137931034482759,3.525862068965517,28.44449396551726
20357,2023-06-12 10:00:00,Asia/Bangkok,79.00926589285719,2.698275862068965,2.146551724137931,30.38102160714284
20358,2023-06-12 11:00:00,Asia/Bangkok,71.84339728070177,2.922413793103448,2.551724137931035,31.98117473684211
20359,2023-06-12 12:00:00,Asia/Bangkok,66.84198267857144,4.156521739130435,3.827586206896552,32.92854089285714
20360,2023-06-12 13:00:00,Asia/Bangkok,64.4315137719298,5.315789473684211,4.868421052631579,33.56690692982457
20361,2023-06-12 14:00:00,Asia/Bangkok,59.09166598214285,3.370689655172414,3.094827586206896,34.54771383928572
20362,2023-06-12 15:00:00,Asia/Bangkok,57.3527624778761,5.974137931034483,5.603448275862069,34.66470053097345
20363,2023-06-12 16:00:00,Asia/Bangkok,58.25836234782608,5.606837606837606,5.17948717948718,35.51652208695651
20364,2023-06-12 17:00:00,Asia/Bangkok,59.90759747826086,6.870689655172414,6.491379310344827,34.78556973913043
20365,2023-06-12 18:00:00,Asia/Bangkok,62.76774587719299,13.0,12.41880341880342,33.92438061403509
20366,2023-06-12 19:00:00,Asia/Bangkok,66.63395385964913,24.16379310344828,22.89655172413793,32.69682368421055
20367,2023-06-12 20:00:00,Asia/Bangkok,72.14887892857142,38.96551724137931,34.38793103448276,31.16738482142855
20368,2023-06-12 21:00:00,Asia/Bangkok,79.22099839285715,62.98290598290598,52.11965811965812,29.79915437500001
20369,2023-06-12 22:00:00,Asia/Bangkok,82.5364106140351,58.53448275862069,50.52586206896552,29.18995692982456
20370,2023-06-12 23:00:00,Asia/Bangkok,84.4524385964912,43.54310344827586,36.68965517241379,28.52958956140353
20371,2023-06-13 00:00:00,Asia/Bangkok,84.75797617391306,41.61206896551724,35.61538461538461,28.2788613043478
20372,2023-06-13 01:00:00,Asia/Bangkok,86.30184672413789,43.3448275862069,36.3448275862069,27.86842754385966
20373,2023-06-13 02:00:00,Asia/Bangkok,87.13369903508773,40.62280701754386,34.50877192982456,27.75082150442477
20374,2023-06-13 03:00:00,Asia/Bangkok,87.62934068965518,36.08620689655172,32.13793103448276,27.69070560344827
20375,2023-06-13 04:00:00,Asia/Bangkok,88.59862947826089,35.21551724137931,31.68695652173913,27.42879530434784
20376,2023-06-13 05:00:00,Asia/Bangkok,89.26509008771929,35.79824561403509,32.06086956521739,27.21332701754386
20377,2023-06-13 06:00:00,Asia/Bangkok,90.0072342241379,27.91379310344828,26.37931034482759,27.05131844827587
20378,2023-06-13 07:00:00,Asia/Bangkok,90.37431443478259,28.0,26.63793103448276,27.09962034782608
20379,2023-06-13 08:00:00,Asia/Bangkok,90.443594,28.46551724137931,26.94827586206896,27.64559190909089
20380,2023-06-13 09:00:00,Asia/Bangkok,84.85677228070175,23.46551724137931,21.98275862068965,29.29920631578947
20381,2023-06-13 10:00:00,Asia/Bangkok,76.51486584070798,14.1025641025641,13.52136752136752,31.4751924778761
20382,2023-06-13 11:00:00,Asia/Bangkok,72.40504990990992,15.5,14.93859649122807,32.50726427272728
20383,2023-06-13 12:00:00,Asia/Bangkok,87.58249646551724,12.17391304347826,11.2280701754386,28.75834974137932
20384,2023-06-13 13:00:00,Asia/Bangkok,83.53765113043477,10.83620689655172,10.34188034188034,28.16141426086956
20385,2023-06-13 14:00:00,Asia/Bangkok,84.82056063636362,9.043103448275861,8.224137931034482,27.42451354545453
20386,2023-06-13 15:00:00,Asia/Bangkok,88.00136686956526,13.99137931034483,12.79310344827586,27.41416330434783
20387,2023-06-13 16:00:00,Asia/Bangkok,87.82881910714288,10.64655172413793,9.956896551724139,27.85703812499998
20388,2023-06-13 17:00:00,Asia/Bangkok,85.79433663716809,14.61206896551724,13.74137931034483,28.51878451327435
20389,2023-06-13 18:00:00,Asia/Bangkok,86.16409432432437,15.98275862068965,15.0948275862069,28.53789702702704
20390,2023-06-13 19:00:00,Asia/Bangkok,87.07649823008852,23.87068965517241,22.46551724137931,28.38712403508771
20391,2023-06-13 20:00:00,Asia/Bangkok,87.64891628318587,25.32478632478632,23.91452991452991,28.08828232142857
20392,2023-06-13 21:00:00,Asia/Bangkok,88.77502168224298,29.48275862068965,27.61206896551724,27.82842869158879
20393,2023-06-13 22:00:00,Asia/Bangkok,90.21003911504424,26.88034188034188,25.38461538461538,27.35903592920349
20394,2023-06-13 23:00:00,Asia/Bangkok,90.04690398230089,23.56034482758621,22.38793103448276,27.29735716814162
20395,2023-06-14 00:00:00,Asia/Bangkok,89.9055029824561,21.55555555555556,20.7008547008547,27.20027807017545
20396,2023-06-14 01:00:00,Asia/Bangkok,90.68606719298242,22.0948275862069,21.22413793103448,26.98325789473685
20397,2023-06-14 02:00:00,Asia/Bangkok,92.49688972727272,24.07079646017699,22.98230088495575,26.45436090909092
20398,2023-06-14 03:00:00,Asia/Bangkok,93.0131088596491,25.12068965517241,24.06896551724138,26.25200938596491
20399,2023-06-14 04:00:00,Asia/Bangkok,93.46697878260878,28.46551724137931,27.12068965517241,26.03051637931034
20400,2023-06-14 05:00:00,Asia/Bangkok,93.98428974137926,30.46153846153846,28.81196581196581,25.85269652173913
20401,2023-06-14 06:00:00,Asia/Bangkok,94.18896199999995,27.58771929824561,26.37719298245614,25.73516972727274
20402,2023-06-14 07:00:00,Asia/Bangkok,94.42755298245618,33.06837606837607,30.45299145299145,25.6713348245614
20403,2023-06-14 08:00:00,Asia/Bangkok,95.14790070175434,31.08620689655172,29.13793103448276,26.20291429824563
20404,2023-06-14 09:00:00,Asia/Bangkok,89.55972469565212,16.68965517241379,15.92241379310345,28.07912147826087
20405,2023-06-14 10:00:00,Asia/Bangkok,77.24578707964598,3.556521739130435,3.060869565217391,30.71043840707963
20406,2023-06-14 11:00:00,Asia/Bangkok,70.8345739285714,4.803418803418803,4.162393162393163,32.32492633928571
20407,2023-06-14 12:00:00,Asia/Bangkok,67.06785833333332,7.754385964912281,7.184210526315789,33.27088327433628
20408,2023-06-14 13:00:00,Asia/Bangkok,62.2256680869565,7.887931034482759,7.379310344827586,34.38653139130435
20409,2023-06-14 14:00:00,Asia/Bangkok,60.26091608695653,8.278260869565218,7.739130434782608,35.30048182608694
20410,2023-06-14 15:00:00,Asia/Bangkok,59.1965995614035,6.826086956521739,6.426086956521739,35.23729359649122
20411,2023-06-14 16:00:00,Asia/Bangkok,55.77481794642857,5.560344827586207,5.043103448275862,35.9311001801802
20412,2023-06-14 17:00:00,Asia/Bangkok,52.35087559633026,2.293103448275862,1.931034482758621,35.40139605504588
20413,2023-06-14 18:00:00,Asia/Bangkok,54.15559017857147,3.213675213675214,2.829059829059829,33.77436776785714
20414,2023-06-14 19:00:00,Asia/Bangkok,59.21349721739127,8.913793103448276,7.948275862068965,32.39629921739131
20415,2023-06-14 20:00:00,Asia/Bangkok,64.371134122807,7.801724137931035,7.077586206896552,31.13983491228068
20416,2023-06-14 21:00:00,Asia/Bangkok,69.60105716814158,12.75,11.62931034482759,30.59362392857144
20417,2023-06-14 22:00:00,Asia/Bangkok,75.5311500869565,19.47008547008547,17.99137931034483,29.36870365217391
20418,2023-06-14 23:00:00,Asia/Bangkok,77.99407910714284,16.31896551724138,15.29059829059829,28.51744357142856
20419,2023-06-15 00:00:00,Asia/Bangkok,81.048186754386,13.68965517241379,12.74137931034483,28.04281587719298
20420,2023-06-15 01:00:00,Asia/Bangkok,83.61029981981983,21.48275862068965,20.10344827586207,27.42511594594596
20421,2023-06-15 02:00:00,Asia/Bangkok,84.70236061946899,18.67826086956522,17.11304347826087,27.01784566371683
20422,2023-06-15 03:00:00,Asia/Bangkok,85.15732504347825,18.87068965517241,17.27586206896552,26.4375912173913
20423,2023-06-15 04:00:00,Asia/Bangkok,87.53226469565216,17.61538461538462,16.2051282051282,25.88957228070176
20424,2023-06-15 05:00:00,Asia/Bangkok,87.70181885964908,14.62068965517241,13.74137931034483,25.82248763157894
20425,2023-06-15 06:00:00,Asia/Bangkok,87.96237678571428,17.5625,16.42857142857143,25.66632303571429
20426,2023-06-15 07:00:00,Asia/Bangkok,89.48606956521743,20.18965517241379,18.8448275862069,25.30787965217391
20427,2023-06-15 08:00:00,Asia/Bangkok,88.17074699115041,15.82905982905983,14.87931034482759,26.41236911504425
20428,2023-06-15 09:00:00,Asia/Bangkok,81.21785556521746,5.353448275862069,4.641025641025641,29.01157730434783
20429,2023-06-15 10:00:00,Asia/Bangkok,73.45280982456141,3.086206896551724,2.629310344827586,31.16782614035086
20430,2023-06-15 11:00:00,Asia/Bangkok,68.57423052173911,5.358974358974359,4.726495726495727,32.39214252173914
20431,2023-06-15 12:00:00,Asia/Bangkok,65.12140189655177,5.767241379310345,5.198275862068965,33.47808862068966
20432,2023-06-15 13:00:00,Asia/Bangkok,60.63922172413795,6.735042735042735,6.324786324786325,34.50890336206898
20433,2023-06-15 14:00:00,Asia/Bangkok,58.33798456140353,6.163793103448276,5.801724137931035,35.27430114035089
20434,2023-06-15 15:00:00,Asia/Bangkok,62.17516683760685,5.760683760683761,5.401709401709402,34.07973461538462
20435,2023-06-15 16:00:00,Asia/Bangkok,59.75445061403506,6.508620689655173,6.068965517241379,34.68689815789472
20436,2023-06-15 17:00:00,Asia/Bangkok,58.57498122807016,5.376068376068377,4.982905982905983,34.48226640350879
20437,2023-06-15 18:00:00,Asia/Bangkok,60.77871888888891,5.344827586206897,4.862068965517241,33.28809830188678
20438,2023-06-15 19:00:00,Asia/Bangkok,65.11083774774775,10.46551724137931,9.75,32.21094576576577
20439,2023-06-15 20:00:00,Asia/Bangkok,69.22631394736845,12.44736842105263,11.66666666666667,31.1834484210526
20440,2023-06-15 21:00:00,Asia/Bangkok,72.39054401785714,23.94827586206896,21.23275862068965,30.58933116071427
20441,2023-06-15 22:00:00,Asia/Bangkok,77.37712636363634,23.57758620689655,21.63793103448276,29.24096754545453
20442,2023-06-15 23:00:00,Asia/Bangkok,80.44483982456136,19.07758620689655,18.04310344827586,28.4980843859649
20443,2023-06-16 00:00:00,Asia/Bangkok,83.09507079646016,21.78260869565218,20.39130434782609,27.81100823008852
20444,2023-06-16 01:00:00,Asia/Bangkok,84.36325215517243,24.96551724137931,23.69827586206896,27.52838706896549
20445,2023-06-16 02:00:00,Asia/Bangkok,85.69727185840706,24.4051724137931,23.11206896551724,27.18399637168143
20446,2023-06-16 03:00:00,Asia/Bangkok,86.24711238938055,23.33620689655172,22.08620689655172,26.98100584070796
20447,2023-06-16 04:00:00,Asia/Bangkok,86.90115017857147,23.62068965517241,22.45689655172414,26.769263125
20448,2023-06-16 05:00:00,Asia/Bangkok,88.01782106194688,26.06034482758621,24.69827586206896,26.39863929203541
20449,2023-06-16 06:00:00,Asia/Bangkok,90.42725791304348,23.48717948717949,22.27350427350427,25.91982478260868
20450,2023-06-16 07:00:00,Asia/Bangkok,91.66570844827586,23.57758620689655,22.02586206896552,25.9764355652174
20451,2023-06-16 08:00:00,Asia/Bangkok,89.084306,15.02586206896552,14.12068965517241,27.28097234782608
20452,2023-06-16 09:00:00,Asia/Bangkok,80.52047773913043,7.275862068965517,6.525862068965517,29.48759182608696
20453,2023-06-16 10:00:00,Asia/Bangkok,71.73502693693693,4.112068965517241,3.460869565217391,31.4143462162162
20454,2023-06-16 11:00:00,Asia/Bangkok,69.31132767857144,4.267241379310345,3.568965517241379,31.71353982142853
20455,2023-06-16 12:00:00,Asia/Bangkok,68.81174778761061,8.076923076923077,7.487179487179487,32.47176893805309
20456,2023-06-16 13:00:00,Asia/Bangkok,62.27217619469024,6.28448275862069,5.78448275862069,34.27641690265487
20457,2023-06-16 14:00:00,Asia/Bangkok,65.15995060869561,8.28448275862069,7.525862068965517,32.8766743859649
20458,2023-06-16 15:00:00,Asia/Bangkok,65.15729587719298,12.02564102564103,10.87179487179487,33.49300464912281
20459,2023-06-16 16:00:00,Asia/Bangkok,59.55712728070174,20.37068965517241,18.21551724137931,34.82887254385965
20460,2023-06-16 17:00:00,Asia/Bangkok,62.28919693693692,10.70175438596491,9.921739130434782,33.90985324324325
20461,2023-06-16 18:00:00,Asia/Bangkok,62.74804018018018,8.405172413793103,7.637931034482759,33.29678405405405
20462,2023-06-16 19:00:00,Asia/Bangkok,66.5337392173913,25.74137931034483,22.80172413793104,32.29036826086955
20463,2023-06-16 20:00:00,Asia/Bangkok,71.5300678761062,30.50862068965517,26.71551724137931,31.42299088495575
20464,2023-06-16 21:00:00,Asia/Bangkok,75.5933711504425,20.06034482758621,18.49137931034483,30.15732389380532
20465,2023-06-16 22:00:00,Asia/Bangkok,77.41433929203548,18.67241379310345,17.30172413793104,29.84837407079644
20466,2023-06-16 23:00:00,Asia/Bangkok,79.35518775862067,18.86324786324786,17.41025641025641,29.57959189655173
20467,2023-06-17 00:00:00,Asia/Bangkok,82.32242417391308,27.70689655172414,25.98275862068965,29.12215060869567
20468,2023-06-17 01:00:00,Asia/Bangkok,83.04060678260872,25.6551724137931,23.77586206896552,29.00180234782611
20469,2023-06-17 02:00:00,Asia/Bangkok,84.56696172413791,21.60344827586207,20.27586206896552,28.52672189655173
20470,2023-06-17 03:00:00,Asia/Bangkok,84.47122547826086,16.65217391304348,15.57391304347826,28.2912373043478
20471,2023-06-17 04:00:00,Asia/Bangkok,87.40831026315792,20.78448275862069,19.62931034482759,27.72261192982456
20472,2023-06-17 05:00:00,Asia/Bangkok,87.80416639639644,20.28448275862069,18.6551724137931,27.666569
20473,2023-06-17 06:00:00,Asia/Bangkok,88.54626526785712,18.24137931034483,17.18103448275862,27.41910535714285
20474,2023-06-17 07:00:00,Asia/Bangkok,88.5828583928571,21.73913043478261,20.19130434782609,27.43257535714287
20475,2023-06-17 08:00:00,Asia/Bangkok,89.21880473684209,48.13157894736842,40.02631578947368,27.75224412280701
20476,2023-06-17 09:00:00,Asia/Bangkok,87.98982456140348,28.37068965517241,25.39655172413793,28.4724345614035
20477,2023-06-17 10:00:00,Asia/Bangkok,80.87823701754388,10.12068965517241,9.267241379310345,30.45330254385965
20478,2023-06-17 11:00:00,Asia/Bangkok,72.21455547826092,8.843478260869565,8.130434782608695,32.39058686956521
20479,2023-06-17 12:00:00,Asia/Bangkok,68.38064342105264,8.862068965517242,8.301724137931034,33.20273456140352
20480,2023-06-17 13:00:00,Asia/Bangkok,70.10306745454545,7.258620689655173,6.551724137931035,31.50747018181818
20481,2023-06-17 14:00:00,Asia/Bangkok,80.51901529914528,4.538461538461538,4.136752136752137,28.34140384615385
20482,2023-06-17 15:00:00,Asia/Bangkok,86.24136842105264,8.387931034482758,7.75,27.65575903508771
20483,2023-06-17 16:00:00,Asia/Bangkok,87.89996017699114,12.58620689655172,11.27586206896552,27.5931977876106
20484,2023-06-17 17:00:00,Asia/Bangkok,89.9809402702702,10.26724137931035,9.586206896551724,27.40137198198197
20485,2023-06-17 18:00:00,Asia/Bangkok,91.25759424778767,12.75,11.88793103448276,27.35967247787611
20486,2023-06-17 19:00:00,Asia/Bangkok,91.769417652174,20.99137931034483,19.75,27.30837060869565
20487,2023-06-17 20:00:00,Asia/Bangkok,92.53452210526318,27.30172413793104,25.18103448275862,26.94620192982458
20488,2023-06-17 21:00:00,Asia/Bangkok,92.76735448275865,18.05128205128205,16.90598290598291,26.50213017241379
20489,2023-06-17 22:00:00,Asia/Bangkok,93.30819150442477,15.92241379310345,15.0,26.35177725663716
20490,2023-06-17 23:00:00,Asia/Bangkok,93.43245267241379,17.93162393162393,16.8034188034188,26.34570896551725
20491,2023-06-18 00:00:00,Asia/Bangkok,93.50399657894738,17.45217391304348,16.59130434782609,26.25472631578947
20492,2023-06-18 01:00:00,Asia/Bangkok,93.54033232758624,15.22413793103448,14.39655172413793,25.95006206896552
20493,2023-06-18 02:00:00,Asia/Bangkok,90.34815566371685,5.232758620689655,4.78448275862069,25.84288079646017
20494,2023-06-18 03:00:00,Asia/Bangkok,90.69692389380532,3.301724137931035,2.818965517241379,25.44601830357143
20495,2023-06-18 04:00:00,Asia/Bangkok,89.47289491228071,1.732758620689655,1.370689655172414,25.50644212389382
20496,2023-06-18 05:00:00,Asia/Bangkok,84.89462649122811,0.4347826086956522,0.2434782608695652,25.65772394736844
20497,2023-06-18 06:00:00,Asia/Bangkok,83.18439637168143,1.982758620689655,1.568965517241379,25.34754910714285
20498,2023-06-18 07:00:00,Asia/Bangkok,82.93562,2.698275862068965,2.112068965517242,25.03551672566372
20499,2023-06-18 08:00:00,Asia/Bangkok,80.58100640350877,3.162393162393162,2.555555555555555,25.30189212389381
20500,2023-06-18 09:00:00,Asia/Bangkok,79.49077116071427,3.612068965517242,2.948275862068965,25.75558428571428
20501,2023-06-18 10:00:00,Asia/Bangkok,80.89899789473685,5.508620689655173,4.689655172413793,26.31682769911505
20502,2023-06-18 11:00:00,Asia/Bangkok,82.240184,8.2991452991453,7.247863247863248,26.84313754385963
20503,2023-06-18 12:00:00,Asia/Bangkok,75.45801309090906,8.0,7.008695652173913,29.28250281818181
20504,2023-06-18 13:00:00,Asia/Bangkok,68.52723232142858,5.663793103448276,4.801724137931035,31.94566758928571
20505,2023-06-18 14:00:00,Asia/Bangkok,69.07155605263158,4.586206896551724,3.594827586206896,31.65696552631577
20506,2023-06-18 15:00:00,Asia/Bangkok,67.60940999999998,4.017094017094017,3.256410256410256,32.24891956521741
20507,2023-06-18 16:00:00,Asia/Bangkok,67.0541653097345,4.25,3.362068965517242,32.26877557522125
20508,2023-06-18 17:00:00,Asia/Bangkok,68.84764956140349,13.56034482758621,12.11206896551724,31.5834268695652
20509,2023-06-18 18:00:00,Asia/Bangkok,71.39451621621622,9.275862068965518,8.198275862068966,30.83884309090909
20510,2023-06-18 19:00:00,Asia/Bangkok,74.28255008695653,13.75652173913043,12.19130434782609,29.88918565217391
20511,2023-06-18 20:00:00,Asia/Bangkok,78.56750577586206,17.21551724137931,15.19130434782609,28.85802173913043
20512,2023-06-18 21:00:00,Asia/Bangkok,82.58088274336284,30.93859649122807,27.46491228070175,27.99658238938051
20513,2023-06-18 22:00:00,Asia/Bangkok,84.50868705357145,24.76724137931035,22.83620689655172,27.38274464285715
20514,2023-06-18 23:00:00,Asia/Bangkok,86.98367842105266,23.10344827586207,21.47413793103448,26.99775728070175
20515,2023-06-19 00:00:00,Asia/Bangkok,87.92707558558561,22.5948275862069,20.87931034482759,26.79044378378378
20516,2023-06-19 01:00:00,Asia/Bangkok,89.22673805309729,21.10526315789474,19.33333333333333,26.37392256637168
20517,2023-06-19 02:00:00,Asia/Bangkok,88.26056675438599,17.04310344827586,15.57758620689655,26.32450824561403
20518,2023-06-19 03:00:00,Asia/Bangkok,88.47264756756755,16.32758620689655,14.98275862068965,26.38148454545459
20519,2023-06-19 04:00:00,Asia/Bangkok,88.44917964285722,13.14655172413793,11.85344827586207,26.2546485714286
20520,2023-06-19 05:00:00,Asia/Bangkok,87.8830863247863,12.00854700854701,10.93162393162393,26.2943118803419
20521,2023-06-19 06:00:00,Asia/Bangkok,87.73886398230084,12.48275862068965,11.4051724137931,26.4181811504425
20522,2023-06-19 07:00:00,Asia/Bangkok,88.65239371681422,12.05172413793103,10.80172413793103,26.16981687500001
20523,2023-06-19 08:00:00,Asia/Bangkok,87.01884504347827,12.63793103448276,11.0948275862069,26.90879508771929
20524,2023-06-19 09:00:00,Asia/Bangkok,79.13255796460182,5.307692307692307,4.461538461538462,29.09491345132744
20525,2023-06-19 10:00:00,Asia/Bangkok,71.55532591304348,3.706896551724138,2.974137931034483,31.28360791304346
20526,2023-06-19 11:00:00,Asia/Bangkok,63.53109973451328,3.75,3.060344827586207,33.17999628318585
20527,2023-06-19 12:00:00,Asia/Bangkok,59.52861823008848,3.560344827586207,2.931034482758621,34.65227026548672
20528,2023-06-19 13:00:00,Asia/Bangkok,59.38603991452992,5.461538461538462,4.743589743589744,34.79960555555554
20529,2023-06-19 14:00:00,Asia/Bangkok,58.70163034782609,7.801724137931035,7.103448275862069,35.48782130434783
20530,2023-06-19 15:00:00,Asia/Bangkok,55.93948944444449,5.948275862068965,5.293103448275862,36.24099648148147
20531,2023-06-19 16:00:00,Asia/Bangkok,61.88452811965811,6.982905982905983,6.239316239316239,34.02541572649572
20532,2023-06-19 17:00:00,Asia/Bangkok,66.48123704347826,6.353448275862069,5.612068965517241,32.48070382608697
20533,2023-06-19 18:00:00,Asia/Bangkok,64.8751075,8.709401709401709,7.811965811965812,31.7445114285714
20534,2023-06-19 19:00:00,Asia/Bangkok,68.22854921052632,12.58620689655172,11.12068965517241,31.07736298245614
20535,2023-06-19 20:00:00,Asia/Bangkok,72.49796226086953,30.18103448275862,25.55172413793104,30.23781408695652
20536,2023-06-19 21:00:00,Asia/Bangkok,76.8855404385965,24.20689655172414,22.02586206896552,29.5122949122807
20537,2023-06-19 22:00:00,Asia/Bangkok,80.49908732758617,28.54700854700855,26.21367521367521,28.63139499999999
20538,2023-06-19 23:00:00,Asia/Bangkok,82.94109637931032,26.96551724137931,25.07758620689655,28.21651539130433
20539,2023-06-20 00:00:00,Asia/Bangkok,84.37145345132743,41.08620689655172,35.75862068965517,27.73810442477874
20540,2023-06-20 01:00:00,Asia/Bangkok,86.50972769911507,23.64655172413793,21.87931034482759,27.00666929203541
20541,2023-06-20 02:00:00,Asia/Bangkok,89.10240241071425,27.85344827586207,25.97413793103448,26.13837151785715
20542,2023-06-20 03:00:00,Asia/Bangkok,90.24396651785709,29.04310344827586,27.17241379310345,25.84895027027024
20543,2023-06-20 04:00:00,Asia/Bangkok,91.02522910714288,25.67521367521368,23.97413793103448,25.52681999999999
20544,2023-06-20 05:00:00,Asia/Bangkok,90.74512955357145,20.65486725663717,19.34210526315789,25.36240946902653
20545,2023-06-20 06:00:00,Asia/Bangkok,90.30806391304344,20.12931034482759,18.74137931034483,25.31336614035089
20546,2023-06-20 07:00:00,Asia/Bangkok,90.76479433628317,22.18965517241379,20.19827586206896,25.13895185840708
20547,2023-06-20 08:00:00,Asia/Bangkok,88.23942121739125,15.2,14.10434782608696,26.42033721739132
20548,2023-06-20 09:00:00,Asia/Bangkok,81.06208324324325,10.00869565217391,9.043478260869565,28.5375846846847
20549,2023-06-20 10:00:00,Asia/Bangkok,66.44689739130435,5.205128205128205,4.410256410256411,31.87853443478262
20550,2023-06-20 11:00:00,Asia/Bangkok,59.86276353982299,5.565217391304348,4.730434782608696,33.45177982300886
20551,2023-06-20 12:00:00,Asia/Bangkok,59.02317459459459,8.085470085470085,7.393162393162394,34.55951243243243
20552,2023-06-20 13:00:00,Asia/Bangkok,59.19935269565215,9.017241379310345,8.267241379310345,34.32237347826086
20553,2023-06-20 14:00:00,Asia/Bangkok,54.72156045045045,8.681034482758621,7.862068965517241,34.76789544642858
20554,2023-06-20 15:00:00,Asia/Bangkok,51.75730342105263,9.35897435897436,8.555555555555555,35.55311598214285
20555,2023-06-20 16:00:00,Asia/Bangkok,48.82665434782609,8.85344827586207,8.25,36.2604253508772
20556,2023-06-20 17:00:00,Asia/Bangkok,50.50527947826087,8.439655172413794,7.672413793103448,35.55469591304348
20557,2023-06-20 18:00:00,Asia/Bangkok,52.86493447368422,12.23275862068965,11.22413793103448,34.23641087719299
20558,2023-06-20 19:00:00,Asia/Bangkok,54.84049274336285,14.66666666666667,13.41025641025641,33.03161080357144
20559,2023-06-20 20:00:00,Asia/Bangkok,58.37430990990988,24.5,22.36206896551724,32.14719459459459
20560,2023-06-20 21:00:00,Asia/Bangkok,66.27394238938054,51.26724137931034,43.06034482758621,30.27931044247786
20561,2023-06-20 22:00:00,Asia/Bangkok,71.97818312499997,66.46551724137932,55.18103448275862,29.02001410714287
20562,2023-06-20 23:00:00,Asia/Bangkok,76.22047286956524,52.91452991452991,42.52991452991453,27.82439591304348
20563,2023-06-21 00:00:00,Asia/Bangkok,78.92448720720722,59.12173913043478,47.11304347826087,27.27288333333333
20564,2023-06-21 01:00:00,Asia/Bangkok,80.97413591304348,46.18103448275862,38.35344827586207,26.49961313043478
20565,2023-06-21 02:00:00,Asia/Bangkok,82.32796937500002,38.71551724137931,33.56034482758621,26.24909366071428
20566,2023-06-21 03:00:00,Asia/Bangkok,83.33659649122802,34.85344827586207,31.43965517241379,26.10258728070175
20567,2023-06-21 04:00:00,Asia/Bangkok,84.567065877193,32.87931034482759,30.10344827586207,25.63788350877193
20568,2023-06-21 05:00:00,Asia/Bangkok,85.64907893805307,35.70434782608696,31.53913043478261,25.27017219298247
20569,2023-06-21 06:00:00,Asia/Bangkok,85.85504652173911,26.03418803418803,24.60683760683761,25.10809885964915
20570,2023-06-21 07:00:00,Asia/Bangkok,85.99892629310341,25.76724137931035,24.11206896551724,25.12835939655173
20571,2023-06-21 08:00:00,Asia/Bangkok,85.35387716814157,21.10344827586207,19.81896551724138,26.32228672566372
20572,2023-06-21 09:00:00,Asia/Bangkok,76.9912127826087,12.61206896551724,11.63793103448276,29.09249930434781
20573,2023-06-21 10:00:00,Asia/Bangkok,68.66501434782607,7.452991452991453,6.606837606837606,31.2372848695652
20574,2023-06-21 11:00:00,Asia/Bangkok,62.60189801801799,8.663793103448276,7.767241379310345,32.74494054054054
20575,2023-06-21 12:00:00,Asia/Bangkok,57.22813693693692,8.482758620689655,7.5,34.11606663636363
20576,2023-06-21 13:00:00,Asia/Bangkok,53.85101893805309,9.431034482758621,8.560344827586206,35.14074089285714
20577,2023-06-21 14:00:00,Asia/Bangkok,49.19939666666665,9.017391304347827,8.173913043478262,35.99578157894737
20578,2023-06-21 15:00:00,Asia/Bangkok,47.63049681415929,10.13913043478261,9.31304347826087,37.0426897368421
20579,2023-06-21 16:00:00,Asia/Bangkok,46.57835069565218,10.07758620689655,9.163793103448276,37.46406456140351
20580,2023-06-21 17:00:00,Asia/Bangkok,47.88136543859647,9.39655172413793,8.577586206896552,36.25574122807017
20581,2023-06-21 18:00:00,Asia/Bangkok,51.34966060869569,8.810344827586206,7.939655172413793,35.31093631578948
20582,2023-06-21 19:00:00,Asia/Bangkok,65.03639260869565,14.19130434782609,12.91304347826087,31.95666973913039
20583,2023-06-21 20:00:00,Asia/Bangkok,68.94724265486725,34.60869565217391,29.53913043478261,31.29458258928569
20584,2023-06-21 21:00:00,Asia/Bangkok,73.13585408695653,94.9396551724138,80.82758620689656,30.4651404347826
20585,2023-06-21 22:00:00,Asia/Bangkok,76.70180350877196,103.7008547008547,86.86324786324786,29.79724605263158
20586,2023-06-21 23:00:00,Asia/Bangkok,78.8291645614035,39.46551724137931,33.75862068965517,29.12596131578949
20587,2023-06-22 00:00:00,Asia/Bangkok,80.43053131578945,41.97413793103448,35.46551724137931,28.56542850877193
20588,2023-06-22 01:00:00,Asia/Bangkok,79.98653243478262,45.53846153846154,37.7948717948718,28.44088254385965
20589,2023-06-22 02:00:00,Asia/Bangkok,81.0619057894737,45.8448275862069,38.06034482758621,28.0610942477876
20590,2023-06-22 03:00:00,Asia/Bangkok,82.45999598130837,41.16379310344828,35.0,27.67841682242988
20591,2023-06-22 04:00:00,Asia/Bangkok,83.52099166666667,32.31034482758621,29.62068965517241,27.35544575221238
20592,2023-06-22 05:00:00,Asia/Bangkok,83.81799566371676,24.61206896551724,23.24347826086957,27.07931079646015
20593,2023-06-22 06:00:00,Asia/Bangkok,84.34571684210528,20.85217391304348,19.62608695652174,26.83423789473685
20594,2023-06-22 07:00:00,Asia/Bangkok,85.91107817391305,21.66379310344828,20.54782608695652,26.77134561403509
20595,2023-06-22 08:00:00,Asia/Bangkok,85.96508893805314,22.43965517241379,21.10344827586207,27.22287283185841
20596,2023-06-22 09:00:00,Asia/Bangkok,78.65169422413794,16.43103448275862,15.18103448275862,29.44783852173914
20597,2023-06-22 10:00:00,Asia/Bangkok,70.0409092035398,12.94871794871795,11.84615384615385,31.65598526785715
20598,2023-06-22 11:00:00,Asia/Bangkok,62.69999224137933,13.01724137931035,12.1551724137931,33.83879000000001
20599,2023-06-22 12:00:00,Asia/Bangkok,60.60354892857144,14.96581196581197,13.96581196581197,34.17610830357141
20600,2023-06-22 13:00:00,Asia/Bangkok,56.51246309734515,17.85344827586207,17.0,35.35239265486727
20601,2023-06-22 14:00:00,Asia/Bangkok,53.14024713043477,17.74137931034483,16.86206896551724,35.9827377391304
20602,2023-06-22 15:00:00,Asia/Bangkok,53.89782151785717,17.11111111111111,16.16239316239316,36.04653071428572
20603,2023-06-22 16:00:00,Asia/Bangkok,65.0726030357143,12.31896551724138,11.43965517241379,34.04631321428572
20604,2023-06-22 17:00:00,Asia/Bangkok,69.12066754385967,16.1551724137931,14.68965517241379,33.07069657894738
20605,2023-06-22 18:00:00,Asia/Bangkok,72.08553104347824,15.12068965517241,13.71551724137931,32.28990365217391
20606,2023-06-22 19:00:00,Asia/Bangkok,74.36331741379313,37.60344827586207,33.0,31.43719525862067
20607,2023-06-22 20:00:00,Asia/Bangkok,76.23865175438594,62.72413793103448,51.42241379310344,30.59679991304349
20608,2023-06-22 21:00:00,Asia/Bangkok,78.09036657657656,159.3504273504273,134.7264957264957,29.9018259090909
20609,2023-06-22 22:00:00,Asia/Bangkok,80.781248,58.37931034482759,47.4051724137931,29.40824508771929
20610,2023-06-22 23:00:00,Asia/Bangkok,80.46006103448275,60.02564102564103,49.01709401709402,29.4528311304348
20611,2023-06-23 00:00:00,Asia/Bangkok,80.95504855855857,58.12173913043478,46.84347826086957,29.16883729729727
20612,2023-06-23 01:00:00,Asia/Bangkok,81.06303126126122,55.36521739130435,45.08695652173913,29.21511136363638
20613,2023-06-23 02:00:00,Asia/Bangkok,83.22348087719297,49.19130434782609,40.58260869565218,28.76289385964911
20614,2023-06-23 03:00:00,Asia/Bangkok,84.20814464912281,44.46551724137931,37.12931034482759,28.38494728070172
20615,2023-06-23 04:00:00,Asia/Bangkok,84.73142910714283,37.34782608695652,32.81739130434783,28.1956108108108
20616,2023-06-23 05:00:00,Asia/Bangkok,86.27913939130435,33.12068965517241,30.5948275862069,27.71988295652176
20617,2023-06-23 06:00:00,Asia/Bangkok,86.88272230088494,31.14912280701754,29.30701754385965,27.41064610619468
20618,2023-06-23 07:00:00,Asia/Bangkok,87.42304070796462,32.75862068965517,30.37068965517241,27.21358256637167
20619,2023-06-23 08:00:00,Asia/Bangkok,86.95998044642859,38.04273504273505,33.06837606837607,27.90572000000001
20620,2023-06-23 09:00:00,Asia/Bangkok,81.44476339130433,18.06034482758621,17.04310344827586,29.58572095652174
20621,2023-06-23 10:00:00,Asia/Bangkok,72.90092256637168,17.47413793103448,16.49137931034483,31.52675610619469
20622,2023-06-23 11:00:00,Asia/Bangkok,66.83597717948714,18.28205128205128,17.43589743589743,33.27936649572648
20623,2023-06-23 12:00:00,Asia/Bangkok,60.92673078947369,15.68103448275862,14.71551724137931,33.56793929824563
20624,2023-06-23 13:00:00,Asia/Bangkok,48.17216199999999,10.39655172413793,9.612068965517242,37.06517191304348
20625,2023-06-23 14:00:00,Asia/Bangkok,42.91467234782611,7.410256410256411,6.880341880341881,38.31054278260869
20626,2023-06-23 15:00:00,Asia/Bangkok,43.26882439655171,8.025862068965518,7.543103448275862,37.3576595689655
20627,2023-06-23 16:00:00,Asia/Bangkok,43.08571947826083,9.629310344827585,9.03448275862069,37.75344269565218
20628,2023-06-23 17:00:00,Asia/Bangkok,46.37651312500002,12.41379310344828,11.72413793103448,37.41955651785715
20629,2023-06-23 18:00:00,Asia/Bangkok,62.62240991228072,9.957264957264957,9.094017094017094,33.79484535087719
20630,2023-06-23 19:00:00,Asia/Bangkok,65.80466596491229,15.62068965517241,14.28448275862069,32.75997631578949
20631,2023-06-23 20:00:00,Asia/Bangkok,67.90702300884956,23.58620689655172,21.14655172413793,32.03629241071429
20632,2023-06-23 21:00:00,Asia/Bangkok,66.77715654545457,24.42608695652174,22.74782608695652,31.13750736363636
20633,2023-06-23 22:00:00,Asia/Bangkok,69.12886295652171,21.16379310344828,19.83620689655172,30.28639069565216
20634,2023-06-23 23:00:00,Asia/Bangkok,73.29103356521743,20.32758620689655,19.05172413793104,29.38824818965516
20635,2023-06-24 00:00:00,Asia/Bangkok,77.97000876106196,12.47008547008547,11.56410256410256,28.77640198198199
20636,2023-06-24 01:00:00,Asia/Bangkok,79.25015869565222,10.76724137931035,9.982758620689655,28.5407397368421
20637,2023-06-24 02:00:00,Asia/Bangkok,81.06941499999998,11.92241379310345,11.06034482758621,27.95537587719295
20638,2023-06-24 03:00:00,Asia/Bangkok,81.2744638938053,11.5,10.78448275862069,27.78463619469024
20639,2023-06-24 04:00:00,Asia/Bangkok,79.90918105263158,11.44444444444444,10.66666666666667,28.06553614035085
20640,2023-06-24 05:00:00,Asia/Bangkok,80.61170902654871,12.81896551724138,12.06896551724138,27.95442389380528
20641,2023-06-24 06:00:00,Asia/Bangkok,82.2644817431193,14.47413793103448,13.43103448275862,27.5460010091743
20642,2023-06-24 07:00:00,Asia/Bangkok,83.6640826548672,16.91379310344828,15.60344827586207,27.26701486725665
20643,2023-06-24 08:00:00,Asia/Bangkok,82.81990769911506,16.16379310344828,15.17241379310345,27.71856026548672
20644,2023-06-24 09:00:00,Asia/Bangkok,75.20005230088495,10.83620689655172,9.965811965811966,29.70530867256638
20645,2023-06-24 10:00:00,Asia/Bangkok,67.6524410810811,8.28448275862069,7.655172413793103,31.74415609090909
20646,2023-06-24 11:00:00,Asia/Bangkok,62.23432601769908,7.634782608695653,7.052173913043478,33.32797681415929
20647,2023-06-24 12:00:00,Asia/Bangkok,61.88747504347828,10.57758620689655,9.78448275862069,33.88193252173914
20648,2023-06-24 13:00:00,Asia/Bangkok,60.74633921739131,13.94782608695652,13.23478260869565,33.9814738053097
20649,2023-06-24 14:00:00,Asia/Bangkok,59.18898342105261,12.74358974358974,11.97435897435897,34.31886342105264
20650,2023-06-24 15:00:00,Asia/Bangkok,79.60947846846847,16.91304347826087,16.06086956521739,30.37818657657657
20651,2023-06-24 16:00:00,Asia/Bangkok,87.5565597391304,10.69565217391304,9.706896551724139,27.91483991304348
20652,2023-06-24 17:00:00,Asia/Bangkok,90.44715180180177,3.301724137931035,2.887931034482758,25.81613657657657
20653,2023-06-24 18:00:00,Asia/Bangkok,88.3762539473684,2.629310344827586,2.336206896551724,27.03472026315788
20654,2023-06-24 19:00:00,Asia/Bangkok,88.88551301724137,4.75,4.362068965517241,27.00214504347828
20655,2023-06-24 20:00:00,Asia/Bangkok,90.24305477876109,10.15929203539823,9.380530973451327,26.69835619469031
20656,2023-06-24 21:00:00,Asia/Bangkok,89.87537201754381,29.98290598290598,27.66666666666667,26.43760778761063
20657,2023-06-24 22:00:00,Asia/Bangkok,90.04464526785718,46.3448275862069,38.81896551724138,26.1181254464286
20658,2023-06-24 23:00:00,Asia/Bangkok,90.14328357142861,39.95689655172414,34.39655172413793,26.16286549549549
20659,2023-06-25 00:00:00,Asia/Bangkok,90.85188052631582,34.75213675213675,31.47863247863248,25.98814061946901
20660,2023-06-25 01:00:00,Asia/Bangkok,91.66639973913045,29.13793103448276,27.29310344827586,25.78164313043478
20661,2023-06-25 02:00:00,Asia/Bangkok,92.15375577586207,24.48275862068965,23.25862068965517,25.59283974137933
20662,2023-06-25 03:00:00,Asia/Bangkok,93.13609758620689,24.58620689655172,23.43103448275862,25.66242913793102
20663,2023-06-25 04:00:00,Asia/Bangkok,93.31684931623933,23.4017094017094,22.03418803418803,25.75422205128205
20664,2023-06-25 05:00:00,Asia/Bangkok,93.06417973451325,35.62068965517241,31.44827586206896,25.50245133928573
20665,2023-06-25 06:00:00,Asia/Bangkok,93.0689538738739,22.19827586206896,20.92241379310345,25.44310657657659
20666,2023-06-25 07:00:00,Asia/Bangkok,92.88750333333329,20.08547008547009,19.14529914529914,25.45173131578951
20667,2023-06-25 08:00:00,Asia/Bangkok,92.96160228070174,20.81034482758621,19.82758620689655,26.24144692982457
20668,2023-06-25 09:00:00,Asia/Bangkok,87.8877691964286,19.03478260869565,18.09565217391305,27.92675312500001
20669,2023-06-25 10:00:00,Asia/Bangkok,79.32759017241379,16.64957264957265,15.64102564102564,29.76308448275863
20670,2023-06-25 11:00:00,Asia/Bangkok,71.9716207964602,9.482758620689655,8.818965517241379,31.21902946902656
20671,2023-06-25 12:00:00,Asia/Bangkok,65.30591939130437,9.318965517241379,8.767241379310345,32.86323573913043
20672,2023-06-25 13:00:00,Asia/Bangkok,59.35702991379309,8.179487179487179,7.675213675213675,34.84660689655172
20673,2023-06-25 14:00:00,Asia/Bangkok,56.18885833333332,8.793103448275861,8.344827586206897,36.37344964601771
20674,2023-06-25 15:00:00,Asia/Bangkok,57.96623098214285,8.699115044247788,8.106194690265486,35.14195716814159
20675,2023-06-25 16:00:00,Asia/Bangkok,66.27972212389378,9.025862068965518,8.482758620689655,32.61575357142858
20676,2023-06-25 17:00:00,Asia/Bangkok,90.7861685344828,4.512820512820513,4.094017094017094,25.34244698275863
20677,2023-06-25 18:00:00,Asia/Bangkok,90.0636354867257,5.258620689655173,4.765217391304348,25.91819212389381
20678,2023-06-25 19:00:00,Asia/Bangkok,92.15675294642857,2.120689655172414,1.683760683760684,25.17848285714286
20679,2023-06-25 20:00:00,Asia/Bangkok,91.42837168141595,3.551724137931035,3.163793103448276,25.22246371681416
20680,2023-06-25 21:00:00,Asia/Bangkok,91.77534705357142,6.495652173913044,5.982608695652174,25.33648544642858
20681,2023-06-25 22:00:00,Asia/Bangkok,93.29388739130437,5.568965517241379,5.21551724137931,24.83362373913043
20682,2023-06-25 23:00:00,Asia/Bangkok,93.46381342105265,7.130434782608695,6.608695652173913,24.9406645614035
20683,2023-06-26 00:00:00,Asia/Bangkok,92.44868069565213,7.339130434782609,6.71304347826087,25.01843582608696
20684,2023-06-26 01:00:00,Asia/Bangkok,92.30077780701752,6.6,6.043478260869565,24.89393377192981
20685,2023-06-26 02:00:00,Asia/Bangkok,92.75932817391306,6.543103448275862,5.974137931034483,24.65777669565221
20686,2023-06-26 03:00:00,Asia/Bangkok,92.7811089090909,6.5,6.008620689655173,24.59243272727273
20687,2023-06-26 04:00:00,Asia/Bangkok,92.85512954545447,8.73913043478261,8.0,24.41998154545456
20688,2023-06-26 05:00:00,Asia/Bangkok,93.39248473684209,23.63793103448276,19.95689655172414,24.33131921052632
20689,2023-06-26 06:00:00,Asia/Bangkok,93.49521657894738,23.67241379310345,21.25862068965517,24.29829114035089
20690,2023-06-26 07:00:00,Asia/Bangkok,93.64522122807014,16.14529914529914,14.85470085470086,24.34467000000002
20691,2023-06-26 08:00:00,Asia/Bangkok,94.84435118181815,14.12068965517241,13.18103448275862,25.04879372727273
20692,2023-06-26 09:00:00,Asia/Bangkok,91.29838787610618,8.221238938053098,7.725663716814159,27.02366150442477
20693,2023-06-26 10:00:00,Asia/Bangkok,80.41130477876105,8.89655172413793,8.293103448275861,29.70036964601772
20694,2023-06-26 11:00:00,Asia/Bangkok,71.51762878260871,5.224137931034483,4.801724137931035,31.8467926956522
20695,2023-06-26 12:00:00,Asia/Bangkok,63.40285460869565,3.931623931623931,3.547008547008547,33.57087443478261
20696,2023-06-26 13:00:00,Asia/Bangkok,55.30847469565215,3.344827586206896,2.982758620689655,35.68801429824562
20697,2023-06-26 14:00:00,Asia/Bangkok,53.13234192982453,4.336206896551724,4.025862068965517,36.29457771929822
20698,2023-06-26 15:00:00,Asia/Bangkok,54.1016782758621,4.957264957264957,4.64957264957265,35.48628905172413
20699,2023-06-26 16:00:00,Asia/Bangkok,55.19308869565219,6.051724137931035,5.681034482758621,34.72693973913046
20700,2023-06-26 17:00:00,Asia/Bangkok,55.90032693693693,7.810344827586207,7.336206896551724,34.61599702702704
20701,2023-06-26 18:00:00,Asia/Bangkok,66.32779739130433,7.836206896551724,7.422413793103448,32.97754921739131
20702,2023-06-26 19:00:00,Asia/Bangkok,79.81984796460179,9.931034482758621,9.35344827586207,30.22661274336284
20703,2023-06-26 20:00:00,Asia/Bangkok,85.53564598214291,9.367521367521368,8.709401709401709,28.45972124999998
20704,2023-06-26 21:00:00,Asia/Bangkok,87.40505433628317,10.00862068965517,9.293103448275861,28.00615345132743
20705,2023-06-26 22:00:00,Asia/Bangkok,88.75804371681416,15.27826086956522,14.31304347826087,27.776454375
20706,2023-06-26 23:00:00,Asia/Bangkok,89.97297756521739,14.95689655172414,14.07758620689655,27.45284817391303
20707,2023-06-27 00:00:00,Asia/Bangkok,84.21910637168146,1.165217391304348,0.9478260869565217,26.52643690265487
20708,2023-06-27 01:00:00,Asia/Bangkok,86.16812086956523,2.811965811965812,2.358974358974359,26.2017859130435
20709,2023-06-27 02:00:00,Asia/Bangkok,88.57509392857148,3.823008849557522,3.292035398230088,25.78993819819822
20710,2023-06-27 03:00:00,Asia/Bangkok,90.73866269565222,6.53448275862069,5.974137931034483,25.44329765217394
20711,2023-06-27 04:00:00,Asia/Bangkok,91.3729044642857,11.95689655172414,11.11206896551724,25.6692308035714
20712,2023-06-27 05:00:00,Asia/Bangkok,90.3981236607143,9.461538461538462,8.760683760683762,25.66787223214288
20713,2023-06-27 06:00:00,Asia/Bangkok,90.70322133928575,6.732758620689655,6.086206896551724,25.13089249999999
20714,2023-06-27 07:00:00,Asia/Bangkok,91.9975153571429,8.46551724137931,7.577586206896552,24.7761649107143
20715,2023-06-27 08:00:00,Asia/Bangkok,92.77094254545456,14.96521739130435,13.96521739130435,25.55812366972478
20716,2023-06-27 09:00:00,Asia/Bangkok,87.2497610434783,13.0,12.29565217391304,27.4551348245614
20717,2023-06-27 10:00:00,Asia/Bangkok,78.67718715517245,8.887931034482758,8.318965517241379,29.66856362068966
20718,2023-06-27 11:00:00,Asia/Bangkok,71.47816525862069,5.767241379310345,5.172413793103448,31.60936275862068
20719,2023-06-27 12:00:00,Asia/Bangkok,65.44154336283185,9.810344827586206,8.96551724137931,33.61582946902655
20720,2023-06-27 13:00:00,Asia/Bangkok,68.72431956896553,5.913793103448276,5.206896551724138,32.85297767241382
20721,2023-06-27 14:00:00,Asia/Bangkok,76.40617077586207,5.222222222222222,4.589743589743589,30.37746156521741
20722,2023-06-27 15:00:00,Asia/Bangkok,75.51347368421054,6.46551724137931,5.870689655172414,31.69713771929825
20723,2023-06-27 16:00:00,Asia/Bangkok,71.1109582300885,3.948275862068965,3.612068965517242,31.6274015044248
20724,2023-06-27 17:00:00,Asia/Bangkok,86.5318105405405,2.060869565217391,1.663793103448276,27.46812366071429
20725,2023-06-27 18:00:00,Asia/Bangkok,89.87545217391305,3.008547008547009,2.606837606837607,26.70398168141594
20726,2023-06-27 19:00:00,Asia/Bangkok,90.66948870689656,5.793103448275862,5.28448275862069,26.22925120689656
20727,2023-06-27 20:00:00,Asia/Bangkok,90.5035109174311,4.620689655172414,4.146551724137931,25.63030074074077
20728,2023-06-27 21:00:00,Asia/Bangkok,89.72781295652172,3.068965517241379,2.767241379310345,25.39783443478259
20729,2023-06-27 22:00:00,Asia/Bangkok,88.22160208695655,3.316239316239316,2.931623931623931,25.54340156521742
20730,2023-06-27 23:00:00,Asia/Bangkok,90.57229198275859,4.448275862068965,4.189655172413793,25.0753894827586
20731,2023-06-28 00:00:00,Asia/Bangkok,92.16621539130433,5.396551724137931,4.870689655172414,24.8645987826087
20732,2023-06-28 01:00:00,Asia/Bangkok,91.83177770642199,4.695652173913044,4.382608695652173,24.94225541284404
20733,2023-06-28 02:00:00,Asia/Bangkok,90.90107026548672,3.666666666666667,3.256410256410256,25.22860840707963
20734,2023-06-28 03:00:00,Asia/Bangkok,89.99117044642857,4.267241379310345,3.870689655172414,25.43402437500004
20735,2023-06-28 04:00:00,Asia/Bangkok,89.60757027522936,4.362068965517241,3.991379310344827,25.57441990740743
20736,2023-06-28 05:00:00,Asia/Bangkok,91.1430481578948,3.71551724137931,3.310344827586207,25.27504596491226
20737,2023-06-28 06:00:00,Asia/Bangkok,92.02628426086955,5.146551724137931,4.681034482758621,25.05071243478259
20738,2023-06-28 07:00:00,Asia/Bangkok,93.01246913043472,8.0,7.495726495726496,24.90904382608697
20739,2023-06-28 08:00:00,Asia/Bangkok,91.31480408695658,4.060344827586207,3.474137931034483,26.07286886956521
20740,2023-06-28 09:00:00,Asia/Bangkok,82.30791383928572,1.914529914529915,1.47008547008547,28.59195044642857
20741,2023-06-28 10:00:00,Asia/Bangkok,74.03144672413796,0.8620689655172413,0.6120689655172413,31.04499660869565
20742,2023-06-28 11:00:00,Asia/Bangkok,66.95287295652177,0.3275862068965517,0.2068965517241379,33.10310182608696
20743,2023-06-28 12:00:00,Asia/Bangkok,64.86339789473686,1.598290598290598,1.358974358974359,33.64945078947368
20744,2023-06-28 13:00:00,Asia/Bangkok,62.9435183478261,3.129310344827586,2.827586206896552,34.28290095652174
20745,2023-06-28 14:00:00,Asia/Bangkok,63.5017398198198,4.931034482758621,4.543103448275862,34.33691333333332
20746,2023-06-28 15:00:00,Asia/Bangkok,60.30715449541285,3.741379310344827,3.482758620689655,34.75698871559633
20747,2023-06-28 16:00:00,Asia/Bangkok,63.2499856521739,4.82051282051282,4.521367521367521,34.44240053097345
20748,2023-06-28 17:00:00,Asia/Bangkok,70.54904893805312,4.086206896551724,3.724137931034483,32.68291318584073
20749,2023-06-28 18:00:00,Asia/Bangkok,73.00345666666662,2.850877192982456,2.456140350877193,31.29642491228069
20750,2023-06-28 19:00:00,Asia/Bangkok,77.16755000000003,1.956521739130435,1.634782608695652,30.02150596491227
20751,2023-06-28 20:00:00,Asia/Bangkok,81.32367238938052,35.99130434782609,31.08695652173913,29.62831690265487
20752,2023-06-28 21:00:00,Asia/Bangkok,84.36296285714283,28.72413793103448,24.8448275862069,28.7413457142857
20753,2023-06-28 22:00:00,Asia/Bangkok,85.3462828695652,4.226086956521739,3.626086956521739,28.25543130434783
20754,2023-06-28 23:00:00,Asia/Bangkok,85.41039263157897,3.517241379310345,3.025862068965517,28.08071508771927
20755,2023-06-29 00:00:00,Asia/Bangkok,85.75741692982464,2.939655172413793,2.491379310344827,27.87694573913043
20756,2023-06-29 01:00:00,Asia/Bangkok,86.60850780701757,3.094827586206896,2.629310344827586,27.45892912280697
20757,2023-06-29 02:00:00,Asia/Bangkok,87.38859738738738,3.603448275862069,3.163793103448276,27.15014405405407
20758,2023-06-29 03:00:00,Asia/Bangkok,87.68369342105264,4.232758620689655,3.791304347826087,26.94964535087722
20759,2023-06-29 04:00:00,Asia/Bangkok,89.98043313043476,5.431034482758621,5.025641025641026,26.44834182608697
20760,2023-06-29 05:00:00,Asia/Bangkok,90.29864991150443,4.913793103448276,4.508620689655173,26.32248882882885
20761,2023-06-29 06:00:00,Asia/Bangkok,90.05845210526316,5.565217391304348,5.165217391304348,26.1304142105263
20762,2023-06-29 07:00:00,Asia/Bangkok,88.99914192982453,6.008620689655173,5.568965517241379,26.08696394736843
20763,2023-06-29 08:00:00,Asia/Bangkok,86.83863649122806,9.208695652173914,8.504347826086956,26.77174061403508
20764,2023-06-29 09:00:00,Asia/Bangkok,84.80389878260866,10.60344827586207,9.913793103448276,27.84297121739131
20765,2023-06-29 10:00:00,Asia/Bangkok,77.83820123893805,2.923076923076923,2.538461538461538,29.35525902654868
20766,2023-06-29 11:00:00,Asia/Bangkok,70.1995424347826,1.25,1.017241379310345,31.61602765217392
20767,2023-06-29 12:00:00,Asia/Bangkok,69.62296789473683,3.136752136752137,2.794871794871795,32.16887122807017
20768,2023-06-29 13:00:00,Asia/Bangkok,69.51174417391304,5.224137931034483,4.836206896551724,32.56560263157898
20769,2023-06-29 14:00:00,Asia/Bangkok,66.1689812280702,4.629310344827586,4.387931034482759,33.32521947368421
20770,2023-06-29 15:00:00,Asia/Bangkok,66.94903784482756,3.922413793103448,3.586206896551724,33.47619606837608
20771,2023-06-29 16:00:00,Asia/Bangkok,69.8593503418803,4.512820512820513,4.196581196581197,32.85113904347826
20772,2023-06-29 17:00:00,Asia/Bangkok,71.30294173913043,2.551724137931035,2.310344827586207,32.1532064347826
20773,2023-06-29 18:00:00,Asia/Bangkok,73.26484799999999,3.487179487179487,3.11965811965812,31.12627293577983
20774,2023-06-29 19:00:00,Asia/Bangkok,75.41674892857145,5.052173913043478,4.491379310344827,30.14438705357142
20775,2023-06-29 20:00:00,Asia/Bangkok,77.6753599130435,5.387931034482759,4.75,29.63388113043478
20776,2023-06-29 21:00:00,Asia/Bangkok,79.95311928571427,3.991379310344827,3.551724137931035,28.87770098214286
20777,2023-06-29 22:00:00,Asia/Bangkok,81.41277201754393,3.982608695652174,3.478260869565217,28.4693887719298
20778,2023-06-29 23:00:00,Asia/Bangkok,83.37498982608699,2.78448275862069,2.310344827586207,28.08199999999998
20779,2023-06-30 00:00:00,Asia/Bangkok,84.5429054385965,2.043103448275862,1.663793103448276,27.73046052631578
20780,2023-06-30 01:00:00,Asia/Bangkok,86.06723504504501,2.189655172413793,1.810344827586207,27.384005045045
20781,2023-06-30 02:00:00,Asia/Bangkok,87.13399000000001,2.594827586206896,2.353448275862069,27.16798
20782,2023-06-30 03:00:00,Asia/Bangkok,88.07400147826088,4.5,3.974137931034483,26.88903965217391
20783,2023-06-30 04:00:00,Asia/Bangkok,88.96168965217394,4.077586206896552,3.672413793103448,26.57092182608695
20784,2023-06-30 05:00:00,Asia/Bangkok,89.63531486956524,4.112068965517241,3.663793103448276,26.50256121739131
20785,2023-06-30 06:00:00,Asia/Bangkok,91.07466115044242,6.669565217391304,6.156521739130435,26.13209849557521
20786,2023-06-30 07:00:00,Asia/Bangkok,91.2671156140351,6.68695652173913,6.121739130434783,26.20691850877195
20787,2023-06-30 08:00:00,Asia/Bangkok,87.94474146551723,5.836206896551724,5.181034482758621,27.39431896551725
20788,2023-06-30 09:00:00,Asia/Bangkok,81.8501363478261,2.956896551724138,2.448275862068965,29.18380173913044
20789,2023-06-30 10:00:00,Asia/Bangkok,76.00608108108108,3.382608695652174,2.895652173913044,30.78400297297296
20790,2023-06-30 11:00:00,Asia/Bangkok,70.71084288288289,3.769911504424779,3.495575221238938,32.38109981981983
20791,2023-06-30 12:00:00,Asia/Bangkok,64.28050699115045,3.353448275862069,2.931034482758621,34.27084280701753
20792,2023-06-30 13:00:00,Asia/Bangkok,61.60221096491227,4.170940170940171,3.914529914529914,35.2769853982301
20793,2023-06-30 14:00:00,Asia/Bangkok,60.19539716814158,3.008620689655173,2.801724137931035,35.87276839285714
20794,2023-06-30 15:00:00,Asia/Bangkok,77.70573339130434,2.836206896551724,2.560344827586207,31.16228191304348
20795,2023-06-30 16:00:00,Asia/Bangkok,85.69615276785714,5.521367521367521,4.931623931623932,30.15840526785714
20796,2023-06-30 17:00:00,Asia/Bangkok,82.88711429824562,17.07758620689655,15.30172413793103,29.61191561403511
20797,2023-06-30 18:00:00,Asia/Bangkok,83.32700149122813,10.80172413793103,9.629310344827585,28.76673359649122
20798,2023-06-30 19:00:00,Asia/Bangkok,83.5764595614035,4.310344827586207,3.71551724137931,27.96038824561403
20799,2023-06-30 20:00:00,Asia/Bangkok,84.95032981981981,6.777777777777778,6.068965517241379,27.51372054054053
20800,2023-06-30 21:00:00,Asia/Bangkok,87.83559000000007,9.043103448275861,8.247863247863247,27.03850035398232
20801,2023-06-30 22:00:00,Asia/Bangkok,88.68370243243244,3.96551724137931,3.586206896551724,27.00111045045046
20802,2023-06-30 23:00:00,Asia/Bangkok,90.3988461061947,6.434782608695652,5.921739130434783,26.80946964601771
20803,2023-07-01 00:00:00,Asia/Bangkok,91.13256,8.301724137931034,7.801724137931035,26.72971071428572
20804,2023-07-01 01:00:00,Asia/Bangkok,90.77751208695655,6.293103448275862,5.818965517241379,26.79400431034484
20805,2023-07-01 02:00:00,Asia/Bangkok,91.1809146491228,5.273504273504273,4.82051282051282,26.57472369369369
20806,2023-07-01 03:00:00,Asia/Bangkok,91.0184061061947,6.344827586206897,5.853448275862069,26.58381380530975
20807,2023-07-01 04:00:00,Asia/Bangkok,86.06452920353982,1.448275862068966,1.232758620689655,26.89820362831856
20808,2023-07-01 05:00:00,Asia/Bangkok,85.08401175438597,0.5726495726495726,0.4017094017094017,27.032923539823
20809,2023-07-01 06:00:00,Asia/Bangkok,87.05852982456142,0.6896551724137931,0.3793103448275862,26.5939546902655
20810,2023-07-01 07:00:00,Asia/Bangkok,88.7811990517241,1.844827586206897,1.456896551724138,26.3774998275862
20811,2023-07-01 08:00:00,Asia/Bangkok,90.57205333333332,1.232758620689655,0.7844827586206896,26.27321131578946
20812,2023-07-01 09:00:00,Asia/Bangkok,94.37365495495496,0.4035087719298245,0.1403508771929824,25.5986381081081
20813,2023-07-01 10:00:00,Asia/Bangkok,94.9689089189189,0.04310344827586207,0.008620689655172414,25.06391909909908
20814,2023-07-01 11:00:00,Asia/Bangkok,94.94000210526313,0.07758620689655173,0.0,25.18331421052631
20815,2023-07-01 12:00:00,Asia/Bangkok,92.84083792792796,0.2307692307692308,0.1282051282051282,25.41753522522526
20816,2023-07-01 13:00:00,Asia/Bangkok,92.11685730434785,0.1551724137931035,0.06896551724137931,25.73638904347828
20817,2023-07-01 14:00:00,Asia/Bangkok,91.78628513274339,0.7391304347826086,0.6260869565217392,26.00673736842106
20818,2023-07-01 15:00:00,Asia/Bangkok,89.27834817391309,0.1810344827586207,0.05172413793103448,25.96396652173913
20819,2023-07-01 16:00:00,Asia/Bangkok,88.32640798245622,0.2,0.08695652173913043,25.71052139130434
20820,2023-07-01 17:00:00,Asia/Bangkok,88.32590094827587,0.3793103448275862,0.2155172413793103,25.7090112173913
20821,2023-07-01 18:00:00,Asia/Bangkok,86.19071109090905,0.4196428571428572,0.2053571428571428,26.09998190909091
20822,2023-07-01 19:00:00,Asia/Bangkok,86.87113535714286,1.208695652173913,0.782608695652174,26.0303862162162
20823,2023-07-01 20:00:00,Asia/Bangkok,89.35578294642856,1.773109243697479,1.285714285714286,25.5776598198198
20824,2023-07-01 21:00:00,Asia/Bangkok,88.29797946902656,1.273504273504273,0.8793103448275862,25.91353725663718
20825,2023-07-01 22:00:00,Asia/Bangkok,89.85064964285714,1.741379310344828,1.273504273504273,25.66410401785719
20826,2023-07-01 23:00:00,Asia/Bangkok,90.70143651785715,2.767241379310345,2.172413793103448,25.5630848214286
20827,2023-07-02 00:00:00,Asia/Bangkok,93.40075473684215,4.405172413793103,3.844827586206896,25.19832973684211
20828,2023-07-02 01:00:00,Asia/Bangkok,93.8860272413793,2.939655172413793,2.456896551724138,25.45549939655178
20829,2023-07-02 02:00:00,Asia/Bangkok,91.86929612068967,1.275862068965517,0.853448275862069,25.47274103448278
20830,2023-07-02 03:00:00,Asia/Bangkok,89.40385739130437,0.4017094017094017,0.05982905982905983,25.73037513043479
20831,2023-07-02 04:00:00,Asia/Bangkok,89.68572965517247,0.5948275862068966,0.1982758620689655,25.76806827586208
20832,2023-07-02 05:00:00,Asia/Bangkok,90.98354956521736,0.6410256410256411,0.2051282051282051,25.55154131578949
20833,2023-07-02 06:00:00,Asia/Bangkok,91.51833592920353,0.8793103448275862,0.1982758620689655,25.4366582300885
20834,2023-07-02 07:00:00,Asia/Bangkok,91.91694745614036,1.725663716814159,0.9292035398230089,25.31894298245614
20835,2023-07-02 08:00:00,Asia/Bangkok,92.72667518181821,1.931034482758621,1.112068965517241,25.44186818181819
20836,2023-07-02 09:00:00,Asia/Bangkok,90.86833285714285,1.896551724137931,1.068965517241379,26.85967071428571
20837,2023-07-02 10:00:00,Asia/Bangkok,78.99732382608694,0.7692307692307693,0.1111111111111111,29.07796736842105
20838,2023-07-02 11:00:00,Asia/Bangkok,71.90660141592925,0.7130434782608696,0.2782608695652174,30.76774561403508
20839,2023-07-02 12:00:00,Asia/Bangkok,67.45990833333329,0.7094017094017094,0.2991452991452991,31.67248867256636
20840,2023-07-02 13:00:00,Asia/Bangkok,70.02024165217392,0.3793103448275862,0.1551724137931035,31.05491113043479
20841,2023-07-02 14:00:00,Asia/Bangkok,68.27752947826089,0.7672413793103449,0.456896551724138,32.11528678260871
20842,2023-07-02 15:00:00,Asia/Bangkok,79.36162225225227,0.8803418803418803,0.5213675213675214,29.34426468468468
20843,2023-07-02 16:00:00,Asia/Bangkok,75.1245694736842,1.612068965517241,1.224137931034483,31.00364719298246
20844,2023-07-02 17:00:00,Asia/Bangkok,77.85034965217393,4.256410256410256,3.606837606837607,30.63794634782608
20845,2023-07-02 18:00:00,Asia/Bangkok,75.65843782608694,3.327586206896552,2.741379310344827,30.8549423478261
20846,2023-07-02 19:00:00,Asia/Bangkok,78.66083840707964,19.95689655172414,16.33620689655172,30.10409348214284
20847,2023-07-02 20:00:00,Asia/Bangkok,83.61598509090909,20.49137931034483,18.01724137931035,28.68835563636364
20848,2023-07-02 21:00:00,Asia/Bangkok,86.50428557522125,17.91452991452991,16.29059829059829,27.65036238938052
20849,2023-07-02 22:00:00,Asia/Bangkok,85.02057276785713,18.86206896551724,17.48275862068965,27.23313249999999
20850,2023-07-02 23:00:00,Asia/Bangkok,85.04377060869562,14.85344827586207,13.58620689655172,27.30528486956521
20851,2023-07-03 00:00:00,Asia/Bangkok,88.39283382608697,14.25862068965517,13.10344827586207,26.65314443478261
20852,2023-07-03 01:00:00,Asia/Bangkok,90.09854078947367,17.51304347826087,16.06194690265487,26.15567043478262
20853,2023-07-03 02:00:00,Asia/Bangkok,91.25068904347823,18.26086956521739,16.82758620689655,25.83674417391304
20854,2023-07-03 03:00:00,Asia/Bangkok,91.23592956896553,17.81739130434783,16.27826086956522,25.82372931034483
20855,2023-07-03 04:00:00,Asia/Bangkok,91.680543245614,14.66379310344828,13.31896551724138,25.72666122807017
20856,2023-07-03 05:00:00,Asia/Bangkok,91.97376812499998,14.1551724137931,12.96551724137931,25.69674580357141
20857,2023-07-03 06:00:00,Asia/Bangkok,92.20779913043481,11.62931034482759,10.67241379310345,25.61057991304351
20858,2023-07-03 07:00:00,Asia/Bangkok,93.50908194690271,13.1025641025641,11.90598290598291,25.31694292035399
20859,2023-07-03 08:00:00,Asia/Bangkok,94.42990265486728,12.93103448275862,11.56034482758621,25.83564858407081
20860,2023-07-03 09:00:00,Asia/Bangkok,89.0269319130435,5.96551724137931,5.198275862068965,27.55822243478261
20861,2023-07-03 10:00:00,Asia/Bangkok,75.10548930434783,3.316239316239316,2.88034188034188,30.05806617391304
20862,2023-07-03 11:00:00,Asia/Bangkok,70.93289830357142,3.775862068965517,3.396551724137931,31.33046678571427
20863,2023-07-03 12:00:00,Asia/Bangkok,65.628985877193,4.655172413793103,4.172413793103448,32.66686596491227
20864,2023-07-03 13:00:00,Asia/Bangkok,61.98433034482757,4.422413793103448,4.068965517241379,33.75653724137933
20865,2023-07-03 14:00:00,Asia/Bangkok,58.94841228070175,4.64957264957265,4.273504273504273,35.12867394736843
20866,2023-07-03 15:00:00,Asia/Bangkok,58.22004877192985,9.612068965517242,8.818965517241379,34.80108912280699
20867,2023-07-03 16:00:00,Asia/Bangkok,56.3502910909091,6.017094017094017,5.615384615384615,34.95946834862384
20868,2023-07-03 17:00:00,Asia/Bangkok,58.17545921739129,7.224137931034483,6.879310344827586,34.72208608695652
20869,2023-07-03 18:00:00,Asia/Bangkok,61.2894268695652,9.293103448275861,8.767241379310345,33.84301434782611
20870,2023-07-03 19:00:00,Asia/Bangkok,65.29121421052633,11.78448275862069,11.0,32.94823377192983
20871,2023-07-03 20:00:00,Asia/Bangkok,73.89534719298246,30.16239316239316,27.28205128205128,31.18640219298247
20872,2023-07-03 21:00:00,Asia/Bangkok,82.53741464912281,43.5948275862069,36.69827586206897,29.45963842105263
20873,2023-07-03 22:00:00,Asia/Bangkok,85.16865196428576,46.71551724137931,38.63793103448276,29.06249901785713
20874,2023-07-03 23:00:00,Asia/Bangkok,86.67112586206895,40.30769230769231,34.60683760683761,28.55552043103448
20875,2023-07-04 00:00:00,Asia/Bangkok,87.46821061946905,42.77586206896552,36.07758620689656,28.02893256637165
20876,2023-07-04 01:00:00,Asia/Bangkok,85.78385026785713,37.44827586206897,32.91379310344828,27.87861598214288
20877,2023-07-04 02:00:00,Asia/Bangkok,86.79274617391306,32.13793103448276,29.43103448275862,27.26139852173914
20878,2023-07-04 03:00:00,Asia/Bangkok,87.93322105263161,26.23275862068965,24.75862068965517,26.62480394736842
20879,2023-07-04 04:00:00,Asia/Bangkok,88.2792287826087,24.06034482758621,22.77586206896552,26.38796913043479
20880,2023-07-04 05:00:00,Asia/Bangkok,88.04167655172407,22.00854700854701,20.64102564102564,26.09920629310345
20881,2023-07-04 06:00:00,Asia/Bangkok,87.33232026315791,17.35344827586207,16.45689655172414,25.88355271929826
20882,2023-07-04 07:00:00,Asia/Bangkok,88.06822991150437,20.87931034482759,19.41379310344828,25.79885619469027
20883,2023-07-04 08:00:00,Asia/Bangkok,89.4741105309734,18.52136752136752,17.58119658119658,26.26921026548673
20884,2023-07-04 09:00:00,Asia/Bangkok,88.45928549549548,15.24137931034483,14.36206896551724,27.88893567567568
20885,2023-07-04 10:00:00,Asia/Bangkok,80.77761873873874,10.50862068965517,9.75,30.01670576576575
20886,2023-07-04 11:00:00,Asia/Bangkok,68.50287223214288,8.464912280701755,7.87719298245614,31.47177794642854
20887,2023-07-04 12:00:00,Asia/Bangkok,60.34595140350878,5.913043478260869,5.339130434782609,33.64598631578947
20888,2023-07-04 13:00:00,Asia/Bangkok,54.68017026315786,6.810344827586207,6.353448275862069,35.21778902654867
20889,2023-07-04 14:00:00,Asia/Bangkok,53.95636626086958,5.413793103448276,5.051724137931035,34.86175634782608
20890,2023-07-04 15:00:00,Asia/Bangkok,50.00364990990992,4.634782608695653,4.113043478260869,35.286885
20891,2023-07-04 16:00:00,Asia/Bangkok,54.44064388888891,9.141592920353983,8.43362831858407,34.38966777777779
20892,2023-07-04 17:00:00,Asia/Bangkok,56.26057078260868,11.70689655172414,11.06896551724138,34.51863069565218
20893,2023-07-04 18:00:00,Asia/Bangkok,59.49744219298243,15.12068965517241,14.26724137931035,34.0140007894737
20894,2023-07-04 19:00:00,Asia/Bangkok,68.63465280701755,23.76068376068376,21.73275862068965,31.95765868421053
20895,2023-07-04 20:00:00,Asia/Bangkok,77.96369079646018,28.06896551724138,25.52991452991453,30.3588507964602
20896,2023-07-04 21:00:00,Asia/Bangkok,80.53750117117116,55.29310344827586,45.54310344827586,29.97590522522523
20897,2023-07-04 22:00:00,Asia/Bangkok,82.97293508928571,67.25862068965517,57.43965517241379,29.26129428571426
20898,2023-07-04 23:00:00,Asia/Bangkok,85.25083149122807,38.71794871794872,33.55555555555556,28.59550526315789
20899,2023-07-05 00:00:00,Asia/Bangkok,86.77608763157893,38.88888888888889,33.72413793103448,28.12135482456138
20900,2023-07-05 01:00:00,Asia/Bangkok,86.55346619469026,45.51304347826087,38.18103448275862,27.97630681415928
20901,2023-07-05 02:00:00,Asia/Bangkok,85.97325645454544,44.04385964912281,36.85964912280702,27.79816763636365
20902,2023-07-05 03:00:00,Asia/Bangkok,86.34248599999998,41.48275862068966,34.99137931034483,27.47377947368419
20903,2023-07-05 04:00:00,Asia/Bangkok,86.6928987719298,35.63247863247863,31.95689655172414,27.09658087719297
20904,2023-07-05 05:00:00,Asia/Bangkok,87.51193535087717,42.12068965517241,35.69230769230769,26.7907146491228
20905,2023-07-05 06:00:00,Asia/Bangkok,88.18517223214288,34.30172413793103,31.21551724137931,26.29277294642857
20906,2023-07-05 07:00:00,Asia/Bangkok,89.38330214285713,34.24347826086957,31.08695652173913,26.01651303571428
20907,2023-07-05 08:00:00,Asia/Bangkok,91.61000672727276,29.41880341880342,27.33333333333333,26.85595245454545
20908,2023-07-05 09:00:00,Asia/Bangkok,86.60891357142853,14.11206896551724,13.22413793103448,28.76111053571428
20909,2023-07-05 10:00:00,Asia/Bangkok,67.58516236363634,9.931034482758621,9.068965517241379,31.26643554545455
20910,2023-07-05 11:00:00,Asia/Bangkok,58.52453576576578,6.655172413793103,6.129310344827586,33.17034072072072
20911,2023-07-05 12:00:00,Asia/Bangkok,54.68195234782606,6.663793103448276,6.077586206896552,34.70144452173913
20912,2023-07-05 13:00:00,Asia/Bangkok,52.16727614035089,5.28448275862069,4.698275862068965,35.63868350877193
20913,2023-07-05 14:00:00,Asia/Bangkok,50.63481649122807,7.145299145299146,6.598290598290598,36.76291412280701
20914,2023-07-05 15:00:00,Asia/Bangkok,53.02070107142857,9.775862068965518,9.120689655172415,35.94911053571428
20915,2023-07-05 16:00:00,Asia/Bangkok,50.90383465517242,10.66666666666667,9.820512820512821,36.65992112068966
20916,2023-07-05 17:00:00,Asia/Bangkok,52.35192421052631,12.48695652173913,11.74782608695652,36.48538780701755
20917,2023-07-05 18:00:00,Asia/Bangkok,56.92512819819822,18.82758620689655,17.27586206896552,35.06184774774775
20918,2023-07-05 19:00:00,Asia/Bangkok,68.29999833333333,28.88034188034188,26.2991452991453,32.73805000000003
20919,2023-07-05 20:00:00,Asia/Bangkok,72.24176094827585,88.66379310344827,77.12931034482759,31.83079112068965
20920,2023-07-05 21:00:00,Asia/Bangkok,76.99713184210528,94.83620689655173,80.15517241379311,30.58742780701755
20921,2023-07-05 22:00:00,Asia/Bangkok,80.71363113043483,52.34782608695652,42.60869565217391,29.62874704347823
20922,2023-07-05 23:00:00,Asia/Bangkok,82.9061002608696,45.06896551724138,37.5,29.07524530434784
20923,2023-07-06 00:00:00,Asia/Bangkok,84.62735982608697,46.10344827586207,38.0948275862069,28.28566573913042
20924,2023-07-06 01:00:00,Asia/Bangkok,85.0123853571429,39.06956521739131,33.81739130434783,27.68229955357142
20925,2023-07-06 02:00:00,Asia/Bangkok,84.84163403508772,31.83620689655172,29.45689655172414,27.50818921052633
20926,2023-07-06 03:00:00,Asia/Bangkok,84.46396869565221,33.1025641025641,30.08547008547009,27.21960000000001
20927,2023-07-06 04:00:00,Asia/Bangkok,84.80664517543852,29.5948275862069,27.91379310344828,26.7501445614035
20928,2023-07-06 05:00:00,Asia/Bangkok,87.00582310344832,25.87179487179487,24.30769230769231,26.04327008620689
20929,2023-07-06 06:00:00,Asia/Bangkok,88.13932307017548,21.25217391304348,20.01724137931035,25.56903938596492
20930,2023-07-06 07:00:00,Asia/Bangkok,89.31465526315793,19.78448275862069,18.58620689655172,25.30610605263156
20931,2023-07-06 08:00:00,Asia/Bangkok,89.85269610619468,19.5948275862069,18.18103448275862,25.89770415929205
20932,2023-07-06 09:00:00,Asia/Bangkok,84.34373921739129,14.5948275862069,13.31034482758621,27.72292347826087
20933,2023-07-06 10:00:00,Asia/Bangkok,71.58876823008849,7.341880341880342,6.452991452991453,30.79286469026548
20934,2023-07-06 11:00:00,Asia/Bangkok,62.48534327433632,4.887931034482759,4.327586206896552,33.30933053097346
20935,2023-07-06 12:00:00,Asia/Bangkok,60.01282324561401,3.491379310344827,3.043103448275862,34.3079944736842
20936,2023-07-06 13:00:00,Asia/Bangkok,56.7167976724138,3.811965811965812,3.376068376068376,35.40636474137931
20937,2023-07-06 14:00:00,Asia/Bangkok,53.44540544642855,4.304347826086956,3.843478260869565,36.76117651785713
20938,2023-07-06 15:00:00,Asia/Bangkok,51.83867116071429,4.732758620689655,4.275862068965517,37.61758910714285
20939,2023-07-06 16:00:00,Asia/Bangkok,58.63431794642857,7.224137931034483,6.758620689655173,35.2946913392857
20940,2023-07-06 17:00:00,Asia/Bangkok,58.94573587719298,7.310344827586207,6.741379310344827,35.09332371681415
20941,2023-07-06 18:00:00,Asia/Bangkok,61.45394626086959,7.47008547008547,6.880341880341881,34.10849165217392
20942,2023-07-06 19:00:00,Asia/Bangkok,69.4207496551724,28.05172413793104,24.62068965517241,32.24114896551723
20943,2023-07-06 20:00:00,Asia/Bangkok,76.09093130434782,60.57264957264957,52.73504273504273,31.06617547826087
20944,2023-07-06 21:00:00,Asia/Bangkok,79.56712585585582,83.95689655172414,75.17241379310344,30.46296243243243
20945,2023-07-06 22:00:00,Asia/Bangkok,79.74943131578945,36.5982905982906,31.87179487179487,30.20186824561405
20946,2023-07-06 23:00:00,Asia/Bangkok,83.30539495652172,43.66379310344828,36.6551724137931,29.46228263157892
20947,2023-07-07 00:00:00,Asia/Bangkok,83.86789380530976,33.71681415929203,30.27678571428572,29.14278884955752
20948,2023-07-07 01:00:00,Asia/Bangkok,84.06876508771927,24.77586206896552,23.02586206896552,28.86841552631579
20949,2023-07-07 02:00:00,Asia/Bangkok,86.62736321739133,20.01724137931035,18.44827586206896,27.95424400000002
20950,2023-07-07 03:00:00,Asia/Bangkok,86.42101008849559,12.43859649122807,11.55263157894737,27.63339433628316
20951,2023-07-07 04:00:00,Asia/Bangkok,84.7709016521739,8.043103448275861,7.431034482758621,27.44321199999996
20952,2023-07-07 05:00:00,Asia/Bangkok,84.5400954385965,7.767241379310345,7.043103448275862,27.39409096491226
20953,2023-07-07 06:00:00,Asia/Bangkok,86.6011224074074,11.26724137931035,10.32758620689655,26.7826462962963
20954,2023-07-07 07:00:00,Asia/Bangkok,87.05850871794871,10.65811965811966,9.735042735042734,26.66670025641026
20955,2023-07-07 08:00:00,Asia/Bangkok,85.02474247787609,7.173913043478261,6.530434782608696,27.6711807079646
20956,2023-07-07 09:00:00,Asia/Bangkok,76.7069382882883,3.356521739130435,2.808695652173913,29.77781945945948
20957,2023-07-07 10:00:00,Asia/Bangkok,68.21215382608696,3.198275862068965,2.594827586206896,31.95246634782609
20958,2023-07-07 11:00:00,Asia/Bangkok,63.3518621428571,2.956140350877193,2.342105263157895,33.6165561607143
20959,2023-07-07 12:00:00,Asia/Bangkok,59.33124616071427,3.382608695652174,2.860869565217391,35.08084637168141
20960,2023-07-07 13:00:00,Asia/Bangkok,54.58725948717951,4.034188034188034,3.555555555555555,36.98625448275863
20961,2023-07-07 14:00:00,Asia/Bangkok,51.41031858407082,3.991379310344827,3.517241379310345,37.98975486725662
20962,2023-07-07 15:00:00,Asia/Bangkok,51.92570189655173,5.017241379310345,4.53448275862069,37.83465836206896
20963,2023-07-07 16:00:00,Asia/Bangkok,52.88287365217391,8.487179487179487,7.581196581196581,37.4450544347826
20964,2023-07-07 17:00:00,Asia/Bangkok,56.79826830188677,8.672413793103448,8.077586206896552,36.18474584905658
20965,2023-07-07 18:00:00,Asia/Bangkok,79.36763229357804,10.82758620689655,9.836206896551724,30.90181807339451
20966,2023-07-07 19:00:00,Asia/Bangkok,80.44545713043475,44.53846153846154,39.46153846153846,31.08646843478261
20967,2023-07-07 20:00:00,Asia/Bangkok,82.39535885964912,35.02654867256637,30.99115044247788,30.28577157894737
20968,2023-07-07 21:00:00,Asia/Bangkok,84.49379660714287,43.08695652173913,36.57391304347826,29.51500098214284
20969,2023-07-07 22:00:00,Asia/Bangkok,82.897594122807,33.60344827586207,29.71551724137931,29.01912499999998
20970,2023-07-07 23:00:00,Asia/Bangkok,81.23466991150441,10.78632478632479,9.982905982905983,28.76771796460179
20971,2023-07-08 00:00:00,Asia/Bangkok,83.07045274336282,8.96551724137931,8.224137931034482,28.48156628318583
20972,2023-07-08 01:00:00,Asia/Bangkok,84.03088578947366,9.551724137931034,8.879310344827585,28.53937947368421
20973,2023-07-08 02:00:00,Asia/Bangkok,85.29117293103444,9.0,8.224137931034482,28.36058456896551
20974,2023-07-08 03:00:00,Asia/Bangkok,86.8545757391304,5.474137931034483,4.939655172413793,27.82790304347827
20975,2023-07-08 04:00:00,Asia/Bangkok,85.09520495575221,0.8034188034188035,0.5726495726495726,27.36114061946902
20976,2023-07-08 05:00:00,Asia/Bangkok,86.47537828828823,1.112068965517241,0.9396551724137931,26.80350954954953
20977,2023-07-08 06:00:00,Asia/Bangkok,86.55332732142855,2.146551724137931,1.793103448275862,26.76191955357145
20978,2023-07-08 07:00:00,Asia/Bangkok,85.29478424778765,1.042735042735043,0.8461538461538461,27.02734601769911
20979,2023-07-08 08:00:00,Asia/Bangkok,84.10552864864864,2.017241379310345,1.724137931034483,27.95102702702702
20980,2023-07-08 09:00:00,Asia/Bangkok,79.54911603603601,0.9482758620689655,0.7327586206896551,29.28525297297298
20981,2023-07-08 10:00:00,Asia/Bangkok,73.41892135135137,1.269565217391304,1.017391304347826,31.01776558558558
20982,2023-07-08 11:00:00,Asia/Bangkok,69.65442385964913,1.626086956521739,1.226086956521739,32.47692122807015
20983,2023-07-08 12:00:00,Asia/Bangkok,65.36966336206898,2.577586206896552,2.077586206896552,33.51379232758623
20984,2023-07-08 13:00:00,Asia/Bangkok,62.44516855855856,3.280701754385965,2.921052631578947,34.37285531531533
20985,2023-07-08 14:00:00,Asia/Bangkok,60.88946504424779,4.043103448275862,3.560344827586207,35.00383053097342
20986,2023-07-08 15:00:00,Asia/Bangkok,60.35633221238935,2.643478260869565,2.278260869565218,35.15157566371681
20987,2023-07-08 16:00:00,Asia/Bangkok,63.35682283185839,4.905172413793103,4.517241379310345,32.83490850877195
20988,2023-07-08 17:00:00,Asia/Bangkok,70.75520930434784,9.68421052631579,8.850877192982455,31.65819150442476
20989,2023-07-08 18:00:00,Asia/Bangkok,72.00708245614038,7.46551724137931,6.75,30.87896219298247
20990,2023-07-08 19:00:00,Asia/Bangkok,74.09217796460177,4.786324786324786,4.431034482758621,29.54319938053095
20991,2023-07-08 20:00:00,Asia/Bangkok,74.43353347826086,5.068965517241379,4.52991452991453,29.37488130434781
20992,2023-07-08 21:00:00,Asia/Bangkok,75.84578570175437,8.086206896551724,7.491379310344827,29.37139789473681
20993,2023-07-08 22:00:00,Asia/Bangkok,79.15358431034484,18.31034482758621,16.64655172413793,28.91311456896552
20994,2023-07-08 23:00:00,Asia/Bangkok,81.15022452173912,20.75,19.26724137931035,28.12493565217389
20995,2023-07-09 00:00:00,Asia/Bangkok,83.03368201754391,4.879310344827586,4.293103448275862,27.32644210526313
20996,2023-07-09 01:00:00,Asia/Bangkok,85.27788321739128,3.256410256410256,2.837606837606838,27.03099500000001
20997,2023-07-09 02:00:00,Asia/Bangkok,86.65244089285719,5.25,4.913793103448276,26.80528973214286
20998,2023-07-09 03:00:00,Asia/Bangkok,87.75706477876108,6.301724137931035,5.724137931034483,26.58005778761062
20999,2023-07-09 04:00:00,Asia/Bangkok,88.78031652173912,5.71551724137931,5.318965517241379,26.36493539130434
21000,2023-07-09 05:00:00,Asia/Bangkok,88.4085535714286,6.051282051282051,5.512820512820513,26.76420830357145
21001,2023-07-09 06:00:00,Asia/Bangkok,89.91728371681417,6.991304347826087,6.373913043478261,26.79273991150442
21002,2023-07-09 07:00:00,Asia/Bangkok,91.10304826086958,10.33333333333333,9.76923076923077,26.64529843478261
21003,2023-07-09 08:00:00,Asia/Bangkok,92.0758977586207,11.63793103448276,11.0,26.52492263157895
21004,2023-07-09 09:00:00,Asia/Bangkok,93.0972202631579,7.818965517241379,7.301724137931035,26.21984265486728
21005,2023-07-09 10:00:00,Asia/Bangkok,92.25096521739134,6.096491228070176,5.43859649122807,26.68734385964909
21006,2023-07-09 11:00:00,Asia/Bangkok,86.30663451327429,0.9137931034482759,0.7068965517241379,27.32760646017699
21007,2023-07-09 12:00:00,Asia/Bangkok,80.91202087719297,1.112068965517241,0.8879310344827587,28.28776566371682
21008,2023-07-09 13:00:00,Asia/Bangkok,76.66300151785711,0.9572649572649573,0.7948717948717948,29.61848945945944
21009,2023-07-09 14:00:00,Asia/Bangkok,72.41176946428573,8.068965517241379,7.232758620689655,31.286049375
21010,2023-07-09 15:00:00,Asia/Bangkok,67.93540878260869,10.5948275862069,8.974137931034482,32.40419530434782
21011,2023-07-09 16:00:00,Asia/Bangkok,67.83962947368418,60.83760683760683,53.05982905982906,32.04772210526314
21012,2023-07-09 17:00:00,Asia/Bangkok,71.02133904347828,18.94017094017094,16.96581196581197,30.57107113043478
21013,2023-07-09 18:00:00,Asia/Bangkok,73.39365387387386,5.405172413793103,4.931034482758621,30.02798837837838
21014,2023-07-09 19:00:00,Asia/Bangkok,76.21699342105263,5.939655172413793,5.336206896551724,29.77773342105263
21015,2023-07-09 20:00:00,Asia/Bangkok,78.80356660550463,9.824561403508772,8.956140350877194,28.80927163636364
21016,2023-07-09 21:00:00,Asia/Bangkok,79.90263920353983,19.13793103448276,17.45689655172414,28.07664642857139
21017,2023-07-09 22:00:00,Asia/Bangkok,81.99911860869567,13.8,12.62608695652174,27.68779286956522
21018,2023-07-09 23:00:00,Asia/Bangkok,83.83775217391306,19.18103448275862,17.44827586206896,27.06314217391306
21019,2023-07-10 00:00:00,Asia/Bangkok,84.78094099099097,16.52173913043478,15.46086956521739,26.67944954954955
21020,2023-07-10 01:00:00,Asia/Bangkok,84.62210575221236,4.370689655172414,4.043103448275862,26.32500238938054
21021,2023-07-10 02:00:00,Asia/Bangkok,85.98507817391302,4.53448275862069,4.094827586206897,26.10216570175438
21022,2023-07-10 03:00:00,Asia/Bangkok,88.25612157894736,5.905172413793103,5.431034482758621,25.62064228070179
21023,2023-07-10 04:00:00,Asia/Bangkok,89.36022973913045,5.025862068965517,4.732758620689655,25.43486991304349
21024,2023-07-10 05:00:00,Asia/Bangkok,90.17090557522124,4.675213675213675,4.17948717948718,25.12706433628318
21025,2023-07-10 06:00:00,Asia/Bangkok,91.01353782608693,3.655172413793104,3.336206896551724,24.95495429824563
21026,2023-07-10 07:00:00,Asia/Bangkok,91.18070043859646,3.655172413793104,3.258620689655173,25.02290789473685
21027,2023-07-10 08:00:00,Asia/Bangkok,87.93469087719298,2.482758620689655,1.913793103448276,26.37187105263157
21028,2023-07-10 09:00:00,Asia/Bangkok,81.4170854782609,0.6324786324786325,0.3275862068965517,28.16517686956523
21029,2023-07-10 10:00:00,Asia/Bangkok,75.43370452173912,2.0,1.683760683760684,29.91150104347826
21030,2023-07-10 11:00:00,Asia/Bangkok,69.33475451327435,1.974137931034483,1.629310344827586,31.86390265486725
21031,2023-07-10 12:00:00,Asia/Bangkok,70.40029482456141,5.103448275862069,4.620689655172414,31.38829175438597
21032,2023-07-10 13:00:00,Asia/Bangkok,67.56903763157895,2.379310344827586,2.137931034482758,32.57052280701754
21033,2023-07-10 14:00:00,Asia/Bangkok,63.79102819819816,1.923076923076923,1.700854700854701,33.5822934234234
21034,2023-07-10 15:00:00,Asia/Bangkok,63.22980796460176,0.6293103448275862,0.3448275862068966,33.41999566371682
21035,2023-07-10 16:00:00,Asia/Bangkok,74.34227666666665,2.017094017094017,1.752136752136752,29.90169210526316
21036,2023-07-10 17:00:00,Asia/Bangkok,82.86440792792793,0.9051724137931034,0.6293103448275862,28.46024464285713
21037,2023-07-10 18:00:00,Asia/Bangkok,81.88684447368423,2.675213675213675,2.179487179487179,28.86115539823009
21038,2023-07-10 19:00:00,Asia/Bangkok,79.60298231481485,3.342342342342342,2.945945945945946,28.88349972222222
21039,2023-07-10 20:00:00,Asia/Bangkok,78.3248879439252,3.532110091743119,2.944954128440367,28.24554542056075
21040,2023-07-10 21:00:00,Asia/Bangkok,79.0491013793103,3.0,2.379310344827586,28.06424844827587
21041,2023-07-10 22:00:00,Asia/Bangkok,80.44074660869563,1.681034482758621,1.206896551724138,27.81910391304348
21042,2023-07-10 23:00:00,Asia/Bangkok,83.67098773913045,2.551724137931035,2.025862068965517,27.23679982456142
21043,2023-07-11 00:00:00,Asia/Bangkok,87.55453241379308,3.517241379310345,2.982758620689655,26.30305155172413
21044,2023-07-11 01:00:00,Asia/Bangkok,87.60459303571427,3.025641025641026,2.538461538461538,26.05609125000001
21045,2023-07-11 02:00:00,Asia/Bangkok,88.51292499999998,3.241379310344827,2.758620689655173,25.76216409090908
21046,2023-07-11 03:00:00,Asia/Bangkok,89.18309918918922,6.879310344827586,5.706896551724138,25.65416252252251
21047,2023-07-11 04:00:00,Asia/Bangkok,89.49654026548673,8.258620689655173,6.982758620689655,25.66245901785718
21048,2023-07-11 05:00:00,Asia/Bangkok,90.18513633928569,4.591304347826087,3.973913043478261,25.47035955357146
21049,2023-07-11 06:00:00,Asia/Bangkok,90.6579218348624,6.678260869565217,5.930434782608696,25.36914174311928
21050,2023-07-11 07:00:00,Asia/Bangkok,92.83721258928567,6.086956521739131,5.382608695652173,24.9519318584071
21051,2023-07-11 08:00:00,Asia/Bangkok,91.58169130434787,4.46551724137931,3.646551724137931,26.11601122807018
21052,2023-07-11 09:00:00,Asia/Bangkok,83.56701530434785,1.947826086956522,1.486956521739131,28.34949791304347
21053,2023-07-11 10:00:00,Asia/Bangkok,75.82871426086956,1.196428571428571,0.7946428571428571,30.3738867826087
21054,2023-07-11 11:00:00,Asia/Bangkok,73.68893805555555,2.663793103448276,2.232758620689655,31.0817355140187
21055,2023-07-11 12:00:00,Asia/Bangkok,69.91975374999998,1.876106194690266,1.584070796460177,31.97175000000001
21056,2023-07-11 13:00:00,Asia/Bangkok,63.91934053097345,1.226086956521739,0.9739130434782609,33.5635324778761
21057,2023-07-11 14:00:00,Asia/Bangkok,60.15688111111114,0.8888888888888888,0.6923076923076923,34.98821692307693
21058,2023-07-11 15:00:00,Asia/Bangkok,59.0821628318584,1.525862068965517,1.344827586206897,35.08242955752213
21059,2023-07-11 16:00:00,Asia/Bangkok,60.55234928571426,1.139130434782609,0.9565217391304348,34.29163783783782
21060,2023-07-11 17:00:00,Asia/Bangkok,58.29370710526318,1.094017094017094,0.9743589743589743,34.8764697368421
21061,2023-07-11 18:00:00,Asia/Bangkok,60.26423743362832,1.939655172413793,1.663793103448276,33.60883292035398
21062,2023-07-11 19:00:00,Asia/Bangkok,65.08745232142857,8.695652173913043,8.043478260869565,32.26098080357141
21063,2023-07-11 20:00:00,Asia/Bangkok,68.44829695652176,15.14655172413793,13.85344827586207,31.41598035087718
21064,2023-07-11 21:00:00,Asia/Bangkok,72.60129517241378,14.41025641025641,13.05128205128205,30.42138741379313
21065,2023-07-11 22:00:00,Asia/Bangkok,76.51402965217387,7.293103448275862,6.568965517241379,29.77095086956523
21066,2023-07-11 23:00:00,Asia/Bangkok,79.23403660869566,8.827586206896552,8.224137931034482,29.0482887826087
21067,2023-07-12 00:00:00,Asia/Bangkok,80.45019469565213,7.560344827586207,6.905172413793103,28.37074391304346
21068,2023-07-12 01:00:00,Asia/Bangkok,80.33093035714285,5.384615384615385,4.641025641025641,28.00581357142856
21069,2023-07-12 02:00:00,Asia/Bangkok,80.94264721739133,3.758620689655173,3.293103448275862,27.72438782608699
21070,2023-07-12 03:00:00,Asia/Bangkok,81.72285070175442,4.487179487179487,3.991452991452991,27.62448956140349
21071,2023-07-12 04:00:00,Asia/Bangkok,85.51012692982455,6.293103448275862,5.517241379310345,26.64164535087719
21072,2023-07-12 05:00:00,Asia/Bangkok,85.97512203539821,6.474137931034483,5.663793103448276,26.57373133928571
21073,2023-07-12 06:00:00,Asia/Bangkok,87.05725560344825,7.521367521367521,6.606837606837606,26.34048232758621
21074,2023-07-12 07:00:00,Asia/Bangkok,88.72697232142853,11.20689655172414,10.11206896551724,25.99398187500001
21075,2023-07-12 08:00:00,Asia/Bangkok,87.32937692982456,6.586206896551724,5.913793103448276,26.84318368421051
21076,2023-07-12 09:00:00,Asia/Bangkok,75.59064730434785,2.787610619469027,2.247787610619469,29.40585634782609
21077,2023-07-12 10:00:00,Asia/Bangkok,68.73599122807018,1.974137931034483,1.568965517241379,31.56078552631578
21078,2023-07-12 11:00:00,Asia/Bangkok,64.99539577586205,2.025862068965517,1.629310344827586,32.79197256410256
21079,2023-07-12 12:00:00,Asia/Bangkok,59.07159000000002,2.008547008547009,1.692307692307692,34.8139575892857
21080,2023-07-12 13:00:00,Asia/Bangkok,56.23961866071428,3.396551724137931,2.948275862068965,35.39048812499998
21081,2023-07-12 14:00:00,Asia/Bangkok,53.42977785714285,3.413793103448276,3.077586206896552,36.20274598214284
21082,2023-07-12 15:00:00,Asia/Bangkok,52.09920973913042,4.379310344827586,3.78448275862069,36.27865704347826
21083,2023-07-12 16:00:00,Asia/Bangkok,52.60844738738738,3.931034482758621,3.431034482758621,36.17190891891893
21084,2023-07-12 17:00:00,Asia/Bangkok,53.64066547008546,3.991452991452991,3.581196581196581,35.86759940170939
21085,2023-07-12 18:00:00,Asia/Bangkok,56.44284078947371,5.982608695652174,5.460869565217391,34.7374946491228
21086,2023-07-12 19:00:00,Asia/Bangkok,68.83091954954955,12.17391304347826,11.15652173913043,32.52427151785714
21087,2023-07-12 20:00:00,Asia/Bangkok,73.32510166666665,47.28448275862069,39.35344827586207,31.34715592920352
21088,2023-07-12 21:00:00,Asia/Bangkok,74.96814168141594,20.30172413793104,18.29310344827586,30.89806366071429
21089,2023-07-12 22:00:00,Asia/Bangkok,75.7640155357143,9.344827586206897,8.456896551724139,30.48051553571431
21090,2023-07-12 23:00:00,Asia/Bangkok,76.70921200000002,13.50862068965517,12.30172413793103,30.24925754545453
21091,2023-07-13 00:00:00,Asia/Bangkok,78.52165129310343,14.58620689655172,13.56896551724138,29.48318224137929
21092,2023-07-13 01:00:00,Asia/Bangkok,80.50291396396396,12.17094017094017,11.2051282051282,28.73266351351351
21093,2023-07-13 02:00:00,Asia/Bangkok,83.4575853982301,11.30172413793103,10.51724137931035,27.88371920353982
21094,2023-07-13 03:00:00,Asia/Bangkok,84.3645493859649,9.293103448275861,8.482758620689655,27.6057711504425
21095,2023-07-13 04:00:00,Asia/Bangkok,83.17898103448277,8.222222222222221,7.495726495726496,27.64236137931034
21096,2023-07-13 05:00:00,Asia/Bangkok,82.89614937499998,8.434782608695652,7.826086956521739,27.73365633928574
21097,2023-07-13 06:00:00,Asia/Bangkok,84.99384275862066,9.206896551724139,8.387931034482758,27.17146408695653
21098,2023-07-13 07:00:00,Asia/Bangkok,86.23187850877196,11.42241379310345,10.62068965517241,26.95903789473684
21099,2023-07-13 08:00:00,Asia/Bangkok,84.37230914529914,16.82905982905983,14.7948717948718,27.43230521367521
21100,2023-07-13 09:00:00,Asia/Bangkok,76.69615438596493,9.78448275862069,8.767241379310345,29.32457403508772
21101,2023-07-13 10:00:00,Asia/Bangkok,65.95226150442478,6.444444444444445,5.615384615384615,31.64656469026549
21102,2023-07-13 11:00:00,Asia/Bangkok,61.90044163636363,17.31896551724138,14.89655172413793,32.72171663636363
21103,2023-07-13 12:00:00,Asia/Bangkok,62.89725601769909,7.504273504273504,6.717948717948718,33.26325079646018
21104,2023-07-13 13:00:00,Asia/Bangkok,59.40793695652174,5.163793103448276,4.629310344827586,34.59484017391302
21105,2023-07-13 14:00:00,Asia/Bangkok,59.13273104347824,5.487179487179487,4.794871794871795,34.58251
21106,2023-07-13 15:00:00,Asia/Bangkok,56.85582464912281,14.5,12.81034482758621,34.50480140350878
21107,2023-07-13 16:00:00,Asia/Bangkok,57.79844681415933,5.732758620689655,5.094827586206897,34.78841008849557
21108,2023-07-13 17:00:00,Asia/Bangkok,60.62610210526319,26.31623931623932,23.84615384615385,34.10015385964913
21109,2023-07-13 18:00:00,Asia/Bangkok,61.95107637931033,9.28448275862069,8.637931034482758,33.53533887931034
21110,2023-07-13 19:00:00,Asia/Bangkok,67.05386104347828,51.26724137931034,44.9051724137931,31.98880817391303
21111,2023-07-13 20:00:00,Asia/Bangkok,70.93177736842104,43.91379310344828,38.88793103448276,31.05630380530974
21112,2023-07-13 21:00:00,Asia/Bangkok,74.36331704347825,41.34188034188034,36.75213675213675,30.11463139130433
21113,2023-07-13 22:00:00,Asia/Bangkok,75.3084484347826,22.79310344827586,21.44827586206896,29.67725643478261
21114,2023-07-13 23:00:00,Asia/Bangkok,77.61980416666667,15.52586206896552,14.63793103448276,29.24997342592594
21115,2023-07-14 00:00:00,Asia/Bangkok,78.77630448275862,13.37931034482759,12.33620689655172,28.89813
21116,2023-07-14 01:00:00,Asia/Bangkok,81.86991783783786,19.91452991452991,18.92307692307692,28.03541846846848
21117,2023-07-14 02:00:00,Asia/Bangkok,82.99011499999996,12.08620689655172,11.12068965517241,27.60497857142855
21118,2023-07-14 03:00:00,Asia/Bangkok,84.56087990909087,10.39473684210526,9.429824561403509,27.20494099999999
21119,2023-07-14 04:00:00,Asia/Bangkok,86.02387704347821,10.09565217391304,9.373913043478261,26.77647368421053
21120,2023-07-14 05:00:00,Asia/Bangkok,87.7478743965518,11.77586206896552,10.73275862068965,26.37489974137933
21121,2023-07-14 06:00:00,Asia/Bangkok,87.41954451327435,12.21052631578947,11.28070175438597,26.42255336283186
21122,2023-07-14 07:00:00,Asia/Bangkok,88.27623589285714,13.01739130434783,12.06086956521739,26.07342348214283
21123,2023-07-14 08:00:00,Asia/Bangkok,85.51058654867256,11.22413793103448,10.26495726495727,27.03037141592921
21124,2023-07-14 09:00:00,Asia/Bangkok,75.1114506140351,7.991379310344827,7.103448275862069,29.43227292035399
21125,2023-07-14 10:00:00,Asia/Bangkok,67.56239859649122,7.068376068376068,6.17948717948718,31.48988289473684
21126,2023-07-14 11:00:00,Asia/Bangkok,63.17526580357141,30.05172413793104,25.81896551724138,32.79251973214284
21127,2023-07-14 12:00:00,Asia/Bangkok,60.97817125000002,16.96551724137931,15.38793103448276,33.92060666666666
21128,2023-07-14 13:00:00,Asia/Bangkok,57.07402226086955,11.44444444444444,10.47008547008547,35.21300956521739
21129,2023-07-14 14:00:00,Asia/Bangkok,55.47454868421053,10.92241379310345,9.862068965517242,36.0842305263158
21130,2023-07-14 15:00:00,Asia/Bangkok,55.07612911504425,8.504424778761061,7.805309734513274,36.47111849557521
21131,2023-07-14 16:00:00,Asia/Bangkok,55.51517586206894,11.74137931034483,10.62931034482759,36.25817543103449
21132,2023-07-14 17:00:00,Asia/Bangkok,61.26226591304348,9.649572649572649,8.743589743589743,34.27639817391305
21133,2023-07-14 18:00:00,Asia/Bangkok,60.71876728070175,9.793103448275861,8.982758620689655,33.86403991228068
21134,2023-07-14 19:00:00,Asia/Bangkok,63.91517114035088,11.58974358974359,10.44444444444444,32.50840184210526
21135,2023-07-14 20:00:00,Asia/Bangkok,71.44483901785716,13.01724137931035,11.95689655172414,30.87481785714286
21136,2023-07-14 21:00:00,Asia/Bangkok,74.00384410714284,15.14655172413793,13.5,30.11975732142859
21137,2023-07-14 22:00:00,Asia/Bangkok,76.62374017543858,12.29310344827586,11.31034482758621,29.4681396491228
21138,2023-07-14 23:00:00,Asia/Bangkok,79.1039273214286,17.45689655172414,15.48275862068965,28.9052367857143
21139,2023-07-15 00:00:00,Asia/Bangkok,81.27592140350875,13.51282051282051,12.37606837606838,28.36606684210525
21140,2023-07-15 01:00:00,Asia/Bangkok,80.5665475652174,9.913793103448276,8.879310344827585,28.42691408695652
21141,2023-07-15 02:00:00,Asia/Bangkok,82.02858660869562,9.863247863247864,8.923076923076923,27.93722313043476
21142,2023-07-15 03:00:00,Asia/Bangkok,82.18336062499998,9.594827586206897,8.672413793103448,27.82315991071428
21143,2023-07-15 04:00:00,Asia/Bangkok,82.85111584070798,9.663793103448276,8.517241379310345,27.54966858407078
21144,2023-07-15 05:00:00,Asia/Bangkok,83.47821421052632,10.77777777777778,9.649572649572649,27.42918061403505
21145,2023-07-15 06:00:00,Asia/Bangkok,84.28912000000003,9.956896551724139,8.887931034482758,27.24451720720718
21146,2023-07-15 07:00:00,Asia/Bangkok,84.54684626086956,10.27586206896552,9.120689655172415,27.28025156521739
21147,2023-07-15 08:00:00,Asia/Bangkok,84.30762351351355,10.91379310344828,9.71551724137931,27.60352486486483
21148,2023-07-15 09:00:00,Asia/Bangkok,81.48922550458714,10.78260869565217,9.652173913043478,28.75947620370369
21149,2023-07-15 10:00:00,Asia/Bangkok,75.13604809090911,9.0,7.808695652173913,30.46550781818183
21150,2023-07-15 11:00:00,Asia/Bangkok,67.08488486725662,7.681034482758621,6.827586206896552,32.74782008771931
21151,2023-07-15 12:00:00,Asia/Bangkok,58.75079017391307,6.551724137931035,5.732758620689655,35.23164684210527
21152,2023-07-15 13:00:00,Asia/Bangkok,56.16409955357145,6.860869565217391,6.0,36.092521875
21153,2023-07-15 14:00:00,Asia/Bangkok,61.58785062500002,6.293103448275862,5.586206896551724,34.51535973214287
21154,2023-07-15 15:00:00,Asia/Bangkok,65.52560732758624,16.72413793103448,14.41379310344828,33.11327191304348
21155,2023-07-15 16:00:00,Asia/Bangkok,80.09836651785716,4.657894736842105,4.087719298245614,28.43843035714285
21156,2023-07-15 17:00:00,Asia/Bangkok,86.63274807017545,2.547826086956522,2.113043478260869,26.54216385964913
21157,2023-07-15 18:00:00,Asia/Bangkok,87.54456903508772,3.198275862068965,2.75,26.52520728070176
21158,2023-07-15 19:00:00,Asia/Bangkok,88.81584517543861,3.878260869565217,3.408695652173913,26.36922359649121
21159,2023-07-15 20:00:00,Asia/Bangkok,88.3683007826087,4.623931623931623,4.042735042735043,26.39590895652173
21160,2023-07-15 21:00:00,Asia/Bangkok,88.60292535714291,5.234782608695652,4.556521739130435,26.17656482142857
21161,2023-07-15 22:00:00,Asia/Bangkok,87.23539903508777,4.175438596491228,3.517543859649123,26.42293482456142
21162,2023-07-15 23:00:00,Asia/Bangkok,87.84486163793102,4.316239316239316,3.717948717948718,26.35187931034481
21163,2023-07-16 00:00:00,Asia/Bangkok,87.79224370689653,3.732758620689655,3.094827586206896,26.52333327586208
21164,2023-07-16 01:00:00,Asia/Bangkok,88.60968842105264,4.491379310344827,3.78448275862069,26.42931371681417
21165,2023-07-16 02:00:00,Asia/Bangkok,89.0069752173913,5.538461538461538,4.692307692307693,26.40361773913043
21166,2023-07-16 03:00:00,Asia/Bangkok,87.60550551724135,4.681034482758621,3.870689655172414,26.72457663793104
21167,2023-07-16 04:00:00,Asia/Bangkok,87.97064413793102,5.267241379310345,4.474137931034483,26.61103870689654
21168,2023-07-16 05:00:00,Asia/Bangkok,89.00665052631578,6.53448275862069,5.775862068965517,26.35746570175436
21169,2023-07-16 06:00:00,Asia/Bangkok,87.6765258558559,5.620689655172414,4.991379310344827,26.51345758928571
21170,2023-07-16 07:00:00,Asia/Bangkok,88.6097725663717,6.188034188034188,5.444444444444445,26.45149178571427
21171,2023-07-16 08:00:00,Asia/Bangkok,88.82631787610617,6.663793103448276,5.78448275862069,26.90862610619469
21172,2023-07-16 09:00:00,Asia/Bangkok,84.8673848672566,6.260869565217392,5.28695652173913,28.21606149122809
21173,2023-07-16 10:00:00,Asia/Bangkok,80.72543965217389,5.870689655172414,5.181034482758621,29.2384153043478
21174,2023-07-16 11:00:00,Asia/Bangkok,77.37544874999999,7.495652173913044,6.365217391304347,30.54379303571429
21175,2023-07-16 12:00:00,Asia/Bangkok,75.21501837606839,7.965811965811966,6.931623931623932,31.13666623931624
21176,2023-07-16 13:00:00,Asia/Bangkok,76.50917522522522,9.232758620689655,8.198275862068966,31.04295423423422
21177,2023-07-16 14:00:00,Asia/Bangkok,70.48581184210525,7.732758620689655,6.603448275862069,32.81773807017544
21178,2023-07-16 15:00:00,Asia/Bangkok,65.33246155172412,6.034188034188034,5.162393162393163,33.16234336206896
21179,2023-07-16 16:00:00,Asia/Bangkok,65.36956884955751,5.603448275862069,4.853448275862069,32.60263761061947
21180,2023-07-16 17:00:00,Asia/Bangkok,67.05120761061944,6.474137931034483,5.603448275862069,31.97622283185843
21181,2023-07-16 18:00:00,Asia/Bangkok,68.16430078947369,7.017241379310345,6.051724137931035,31.29571938596488
21182,2023-07-16 19:00:00,Asia/Bangkok,68.97467570175439,10.67826086956522,9.234782608695653,30.56351298245615
21183,2023-07-16 20:00:00,Asia/Bangkok,72.45300765217392,24.75213675213675,21.05128205128205,30.03284939130433
21184,2023-07-16 21:00:00,Asia/Bangkok,74.5197550442478,7.422413793103448,6.53448275862069,29.59896884955754
21185,2023-07-16 22:00:00,Asia/Bangkok,75.51029373913046,7.422413793103448,6.46551724137931,29.40952713043478
21186,2023-07-16 23:00:00,Asia/Bangkok,76.05709486956523,6.226086956521739,5.165217391304348,29.27598226086954
21187,2023-07-17 00:00:00,Asia/Bangkok,77.98672187499996,7.060869565217391,6.060869565217391,28.94951432432434
21188,2023-07-17 01:00:00,Asia/Bangkok,78.49799870689657,6.198275862068965,5.431034482758621,28.61115784482758
21189,2023-07-17 02:00:00,Asia/Bangkok,77.10915169642854,5.373913043478261,4.617391304347827,28.57919348214284
21190,2023-07-17 03:00:00,Asia/Bangkok,76.05245199999999,5.318965517241379,4.387931034482759,28.66476147826087
21191,2023-07-17 04:00:00,Asia/Bangkok,78.16205026785711,5.094827586206897,4.120689655172414,28.33911315315315
21192,2023-07-17 05:00:00,Asia/Bangkok,80.12054669724769,5.905172413793103,4.896551724137931,27.98687458715595
21193,2023-07-17 06:00:00,Asia/Bangkok,82.47607052631577,6.112068965517241,5.206896551724138,27.49947517543857
21194,2023-07-17 07:00:00,Asia/Bangkok,85.00485474137929,7.358974358974359,6.589743589743589,27.15062586206896
21195,2023-07-17 08:00:00,Asia/Bangkok,85.71120163636364,21.75862068965517,19.03448275862069,27.47573499999999
21196,2023-07-17 09:00:00,Asia/Bangkok,80.17013171171172,5.146551724137931,4.120689655172414,29.11302810810811
21197,2023-07-17 10:00:00,Asia/Bangkok,76.10495068965518,5.264957264957265,4.444444444444445,29.97443129310345
21198,2023-07-17 11:00:00,Asia/Bangkok,72.61910626086957,5.810344827586207,4.905172413793103,30.57286017391305
21199,2023-07-17 12:00:00,Asia/Bangkok,68.9481035652174,4.724137931034483,3.948275862068965,31.4781016521739
21200,2023-07-17 13:00:00,Asia/Bangkok,65.62744666666669,16.71551724137931,14.22413793103448,32.50737149122806
21201,2023-07-17 14:00:00,Asia/Bangkok,64.86681860869567,19.97413793103448,17.49137931034483,32.76336504347825
21202,2023-07-17 15:00:00,Asia/Bangkok,66.54440437499997,15.00862068965517,13.41379310344828,32.28379750000001
21203,2023-07-17 16:00:00,Asia/Bangkok,72.34535184210526,6.818965517241379,5.939655172413793,31.60964824561403
21204,2023-07-17 17:00:00,Asia/Bangkok,71.08543798245616,6.0,5.196581196581197,31.77317219298247
21205,2023-07-17 18:00:00,Asia/Bangkok,72.57099304347827,5.008620689655173,4.025862068965517,30.65774587719298
21206,2023-07-17 19:00:00,Asia/Bangkok,75.95734637168144,7.417391304347826,6.417391304347826,29.49543982300888
21207,2023-07-17 20:00:00,Asia/Bangkok,77.83755044642855,10.85344827586207,9.577586206896552,29.25373723214285
21208,2023-07-17 21:00:00,Asia/Bangkok,79.1154503539823,10.83620689655172,9.46551724137931,28.98408350877192
21209,2023-07-17 22:00:00,Asia/Bangkok,80.18020095652176,22.87068965517241,20.22413793103448,28.63460035087716
21210,2023-07-17 23:00:00,Asia/Bangkok,83.32525982608692,10.20689655172414,9.181034482758621,27.65319365217387
21211,2023-07-18 00:00:00,Asia/Bangkok,82.99386078947369,4.862068965517241,4.155172413793103,27.32845815789473
21212,2023-07-18 01:00:00,Asia/Bangkok,83.6235298275862,4.145299145299146,3.452991452991453,26.99231948275863
21213,2023-07-18 02:00:00,Asia/Bangkok,84.91812938596497,5.189655172413793,4.482758620689655,26.7029250877193
21214,2023-07-18 03:00:00,Asia/Bangkok,86.71127859649118,5.336206896551724,4.681034482758621,26.24584859649121
21215,2023-07-18 04:00:00,Asia/Bangkok,87.71334271929824,5.336206896551724,4.612068965517241,25.93858601769908
21216,2023-07-18 05:00:00,Asia/Bangkok,87.39934035087717,6.410256410256411,5.589743589743589,26.11127982300886
21217,2023-07-18 06:00:00,Asia/Bangkok,88.94672526315793,8.206896551724139,7.206896551724138,25.74434578947372
21218,2023-07-18 07:00:00,Asia/Bangkok,89.29929227272723,8.843478260869565,7.739130434782608,25.9015617117117
21219,2023-07-18 08:00:00,Asia/Bangkok,90.16160928571428,12.24786324786325,10.93162393162393,26.46014108108108
21220,2023-07-18 09:00:00,Asia/Bangkok,84.3021861607143,7.592920353982301,6.575221238938053,28.16032306306306
21221,2023-07-18 10:00:00,Asia/Bangkok,78.06560704347828,6.163793103448276,5.052173913043478,29.94341008771929
21222,2023-07-18 11:00:00,Asia/Bangkok,80.32405307017545,5.336206896551724,4.543103448275862,29.42232096491228
21223,2023-07-18 12:00:00,Asia/Bangkok,88.48585544642854,2.252173913043478,1.730434782608696,27.24739205357142
21224,2023-07-18 13:00:00,Asia/Bangkok,85.60015275862071,3.775862068965517,3.03448275862069,28.54601284482755
21225,2023-07-18 14:00:00,Asia/Bangkok,81.64183008695646,3.887931034482758,3.043103448275862,29.50071208695653
21226,2023-07-18 15:00:00,Asia/Bangkok,86.58731926605508,5.79646017699115,5.097345132743363,28.74029990825689
21227,2023-07-18 16:00:00,Asia/Bangkok,82.54332858407084,3.75,3.043103448275862,29.52925646017698
21228,2023-07-18 17:00:00,Asia/Bangkok,79.81540522123895,3.663793103448276,2.793103448275862,30.06613750000001
21229,2023-07-18 18:00:00,Asia/Bangkok,86.92974803571427,3.598290598290598,2.829059829059829,27.59360500000001
21230,2023-07-18 19:00:00,Asia/Bangkok,89.84693612068969,6.172413793103448,5.637931034482759,26.60362663793105
21231,2023-07-18 20:00:00,Asia/Bangkok,90.62408654867258,5.655172413793103,5.043103448275862,26.33896964601771
21232,2023-07-18 21:00:00,Asia/Bangkok,90.36173219298246,2.560344827586207,2.163793103448276,25.71921184210525
21233,2023-07-18 22:00:00,Asia/Bangkok,89.75263198275867,2.043103448275862,1.5,25.31876773913044
21234,2023-07-18 23:00:00,Asia/Bangkok,90.44618527272733,2.239316239316239,1.700854700854701,25.14713345454544
21235,2023-07-19 00:00:00,Asia/Bangkok,91.02283860869564,1.612068965517241,1.330434782608696,25.25509878260872
21236,2023-07-19 01:00:00,Asia/Bangkok,91.41154409090912,0.8947368421052632,0.7130434782608696,24.68742354545456
21237,2023-07-19 02:00:00,Asia/Bangkok,92.97916424778765,0.3017241379310345,0.1379310344827586,24.45558758928573
21238,2023-07-19 03:00:00,Asia/Bangkok,93.50795633928576,0.8290598290598291,0.4871794871794872,24.27875009009012
21239,2023-07-19 04:00:00,Asia/Bangkok,92.05348576576577,0.4655172413793103,0.2068965517241379,24.78117477477478
21240,2023-07-19 05:00:00,Asia/Bangkok,90.26513937499998,0.4051724137931034,0.1896551724137931,25.12147651785716
21241,2023-07-19 06:00:00,Asia/Bangkok,91.6485879464286,0.6521739130434783,0.3826086956521739,24.91194937500001
21242,2023-07-19 07:00:00,Asia/Bangkok,92.09366576576578,1.095652173913043,0.808695652173913,24.83162142857145
21243,2023-07-19 08:00:00,Asia/Bangkok,89.56574601769913,1.11965811965812,0.6410256410256411,25.51758774774775
21244,2023-07-19 09:00:00,Asia/Bangkok,87.5108789473684,1.260869565217391,0.6347826086956522,26.32227669565216
21245,2023-07-19 10:00:00,Asia/Bangkok,86.17961191304343,1.888888888888889,1.290598290598291,26.83976429824562
21246,2023-07-19 11:00:00,Asia/Bangkok,84.19450403508775,2.370689655172414,1.5,28.09697263157895
21247,2023-07-19 12:00:00,Asia/Bangkok,84.11858377192979,2.974137931034483,2.405172413793104,28.85484415929203
21248,2023-07-19 13:00:00,Asia/Bangkok,81.12742477876104,1.732758620689655,1.224137931034483,29.87876070796461
21249,2023-07-19 14:00:00,Asia/Bangkok,79.21069280701755,2.2,1.565217391304348,30.49919061403509
21250,2023-07-19 15:00:00,Asia/Bangkok,81.6643467567568,1.568965517241379,1.0,29.27805972972973
21251,2023-07-19 16:00:00,Asia/Bangkok,86.70488159292034,1.293103448275862,0.7758620689655172,27.87663008849556
21252,2023-07-19 17:00:00,Asia/Bangkok,89.76547842105262,1.93859649122807,1.43859649122807,27.38451070175437
21253,2023-07-19 18:00:00,Asia/Bangkok,90.10292818181816,1.422413793103448,0.9741379310344828,26.94271309090909
21254,2023-07-19 19:00:00,Asia/Bangkok,90.3831824778761,0.5043478260869565,0.2869565217391304,25.94163451327432
21255,2023-07-19 20:00:00,Asia/Bangkok,90.56194353982296,1.767241379310345,1.206896551724138,25.74908849557524
21256,2023-07-19 21:00:00,Asia/Bangkok,92.36707747826085,1.310344827586207,0.853448275862069,25.52364113043481
21257,2023-07-19 22:00:00,Asia/Bangkok,93.6670636842105,2.147826086956522,1.443478260869565,25.44477464912282
21258,2023-07-19 23:00:00,Asia/Bangkok,94.44623807017538,2.398230088495575,1.699115044247788,25.40080771929824
21259,2023-07-20 00:00:00,Asia/Bangkok,94.94238464912286,3.21551724137931,2.456896551724138,25.4589457017544
21260,2023-07-20 01:00:00,Asia/Bangkok,94.42120495495497,2.594827586206896,1.879310344827586,25.60534918918918
21261,2023-07-20 02:00:00,Asia/Bangkok,94.25135383928577,2.612068965517242,1.922413793103448,25.59801232142861
21262,2023-07-20 03:00:00,Asia/Bangkok,94.61352481818183,2.887931034482758,2.206896551724138,25.40148128440365
21263,2023-07-20 04:00:00,Asia/Bangkok,92.16341596330277,0.808695652173913,0.5258620689655172,25.37053954128441
21264,2023-07-20 05:00:00,Asia/Bangkok,92.7403368965517,0.7672413793103449,0.4310344827586207,25.27866634782608
21265,2023-07-20 06:00:00,Asia/Bangkok,92.51884921052635,0.853448275862069,0.4137931034482759,25.54528745614034
21266,2023-07-20 07:00:00,Asia/Bangkok,93.46134921052636,1.584070796460177,1.097345132743363,25.57714605263162
21267,2023-07-20 08:00:00,Asia/Bangkok,95.11207269565215,3.318965517241379,2.71551724137931,25.78997721739131
21268,2023-07-20 09:00:00,Asia/Bangkok,92.27796704347827,3.810344827586207,2.931034482758621,27.07375504347825
21269,2023-07-20 10:00:00,Asia/Bangkok,83.4736453846154,3.923076923076923,2.743589743589744,29.12024709401707
21270,2023-07-20 11:00:00,Asia/Bangkok,77.19747159292035,4.551724137931035,3.474137931034483,30.83849504424779
21271,2023-07-20 12:00:00,Asia/Bangkok,73.31557517241379,3.741379310344827,2.870689655172414,31.30054810344827
21272,2023-07-20 13:00:00,Asia/Bangkok,71.48946362831857,3.486725663716814,2.63716814159292,31.95989221238937
21273,2023-07-20 14:00:00,Asia/Bangkok,66.6361760909091,3.474137931034483,2.508620689655173,32.91220936363636
21274,2023-07-20 15:00:00,Asia/Bangkok,65.68883429906542,3.310344827586207,2.448275862068965,32.9196976635514
21275,2023-07-20 16:00:00,Asia/Bangkok,64.58416808695652,2.905982905982906,2.085470085470086,33.09140078260868
21276,2023-07-20 17:00:00,Asia/Bangkok,66.87060192982456,3.146551724137931,2.293103448275862,32.37956991228071
21277,2023-07-20 18:00:00,Asia/Bangkok,69.03504114035088,4.181034482758621,3.121739130434783,31.23228522123891
21278,2023-07-20 19:00:00,Asia/Bangkok,72.79644289473681,5.862068965517241,4.870689655172414,30.32397973684211
21279,2023-07-20 20:00:00,Asia/Bangkok,77.23259371681416,8.256410256410257,6.82051282051282,29.34538053097345
21280,2023-07-20 21:00:00,Asia/Bangkok,81.17922921739135,8.181034482758621,6.810344827586207,28.59790799999997
21281,2023-07-20 22:00:00,Asia/Bangkok,84.28093982608694,7.413793103448276,6.232758620689655,28.00384121739132
21282,2023-07-20 23:00:00,Asia/Bangkok,85.96643461538466,27.83760683760684,24.63247863247863,27.66225188034188
21283,2023-07-21 00:00:00,Asia/Bangkok,87.20336771929824,10.21551724137931,8.78448275862069,27.39203122807017
21284,2023-07-21 01:00:00,Asia/Bangkok,87.83928982300885,6.678260869565217,5.31304347826087,27.24803982456141
21285,2023-07-21 02:00:00,Asia/Bangkok,88.38357805309732,6.491379310344827,5.094827586206897,27.15840132743364
21286,2023-07-21 03:00:00,Asia/Bangkok,88.41347401709403,6.692307692307693,5.491379310344827,27.23400215517242
21287,2023-07-21 04:00:00,Asia/Bangkok,90.11057303571421,6.525862068965517,5.508620689655173,26.90227776785714
21288,2023-07-21 05:00:00,Asia/Bangkok,89.03113876106194,5.913793103448276,4.663793103448276,27.0556563716814
21289,2023-07-21 06:00:00,Asia/Bangkok,87.23311292035405,4.460869565217391,3.556521739130435,27.12705830357142
21290,2023-07-21 07:00:00,Asia/Bangkok,86.72555964912281,6.896551724137931,5.922413793103448,27.25895710526315
21291,2023-07-21 08:00:00,Asia/Bangkok,87.12224805309731,7.417391304347826,6.434782608695652,27.46081619469029
21292,2023-07-21 09:00:00,Asia/Bangkok,86.65950104347824,6.163793103448276,5.025862068965517,27.94144930434781
21293,2023-07-21 10:00:00,Asia/Bangkok,85.90243318584072,6.8,5.617391304347827,28.60409327433629
21294,2023-07-21 11:00:00,Asia/Bangkok,80.9505284955752,6.543103448275862,5.362068965517241,30.07468761061948
21295,2023-07-21 12:00:00,Asia/Bangkok,72.69424599999998,4.666666666666667,3.683760683760684,31.89601704347828
21296,2023-07-21 13:00:00,Asia/Bangkok,82.82037981818175,5.991150442477876,5.106194690265487,28.88246554545455
21297,2023-07-21 14:00:00,Asia/Bangkok,91.1820227586207,3.675213675213675,3.102564102564103,26.83428715517239
21298,2023-07-21 15:00:00,Asia/Bangkok,91.09080630630628,4.344827586206897,3.689655172413793,27.49177855855856
21299,2023-07-21 16:00:00,Asia/Bangkok,89.25433946902652,4.114035087719298,3.596491228070176,27.80018557522122
21300,2023-07-21 17:00:00,Asia/Bangkok,89.41256815789474,4.129310344827586,3.663793103448276,27.58551823008849
21301,2023-07-21 18:00:00,Asia/Bangkok,89.3509105128205,5.897435897435898,5.162393162393163,27.8210782051282
21302,2023-07-21 19:00:00,Asia/Bangkok,89.92130637168142,3.939655172413793,3.362068965517242,26.78921619469025
21303,2023-07-21 20:00:00,Asia/Bangkok,91.68424060344827,0.853448275862069,0.5086206896551724,25.44318301724138
21304,2023-07-21 21:00:00,Asia/Bangkok,93.52045828828827,0.7739130434782608,0.5826086956521739,25.32969160714286
21305,2023-07-21 22:00:00,Asia/Bangkok,93.46248398230088,0.7068965517241379,0.5,25.24576486725664
21306,2023-07-21 23:00:00,Asia/Bangkok,93.67127747826088,1.11965811965812,0.9658119658119658,25.01690339130436
21307,2023-07-22 00:00:00,Asia/Bangkok,93.59199779816511,1.086206896551724,0.8362068965517241,24.86596175925926
21308,2023-07-22 01:00:00,Asia/Bangkok,93.09754271929833,0.8879310344827587,0.6896551724137931,24.69243894736841
21309,2023-07-22 02:00:00,Asia/Bangkok,91.85136313043479,0.6666666666666666,0.4444444444444444,24.93289069565219
21310,2023-07-22 03:00:00,Asia/Bangkok,91.446911875,0.8017241379310345,0.6120689655172413,25.03647830357142
21311,2023-07-22 04:00:00,Asia/Bangkok,92.43661131578948,1.931034482758621,1.577586206896552,24.81213684210526
21312,2023-07-22 05:00:00,Asia/Bangkok,92.0212626785714,1.365217391304348,1.086206896551724,25.01070607142857
21313,2023-07-22 06:00:00,Asia/Bangkok,92.84045499999993,1.487179487179487,1.213675213675214,24.86800120689653
21314,2023-07-22 07:00:00,Asia/Bangkok,93.04921705357141,2.678260869565217,2.286956521739131,24.66618142857144
21315,2023-07-22 08:00:00,Asia/Bangkok,93.06200304347826,3.008620689655173,2.637931034482758,24.97863626086956
21316,2023-07-22 09:00:00,Asia/Bangkok,90.6114107692307,2.427350427350427,2.025641025641026,26.32286376068376
21317,2023-07-22 10:00:00,Asia/Bangkok,88.10811285714284,3.181034482758621,2.672413793103448,27.49949937499999
21318,2023-07-22 11:00:00,Asia/Bangkok,81.08495599999996,1.741379310344828,1.344827586206897,28.95475513043478
21319,2023-07-22 12:00:00,Asia/Bangkok,78.4147696330275,2.230769230769231,1.846153846153846,29.56961880733945
21320,2023-07-22 13:00:00,Asia/Bangkok,74.08808348214286,3.586206896551724,3.155172413793104,31.45795258928571
21321,2023-07-22 14:00:00,Asia/Bangkok,76.16709295652176,2.79646017699115,2.451327433628319,30.5441815652174
21322,2023-07-22 15:00:00,Asia/Bangkok,84.93281412280703,2.008620689655173,1.637931034482759,28.24829061403508
21323,2023-07-22 16:00:00,Asia/Bangkok,83.99185426086954,3.034782608695652,2.426086956521739,28.79741782608696
21324,2023-07-22 17:00:00,Asia/Bangkok,83.69802535087726,1.973913043478261,1.68695652173913,28.51705824561404
21325,2023-07-22 18:00:00,Asia/Bangkok,83.6861446551724,2.698275862068965,2.362068965517242,28.44981103448273
21326,2023-07-22 19:00:00,Asia/Bangkok,84.91277097345136,6.556521739130435,5.652173913043478,27.69093619469025
21327,2023-07-22 20:00:00,Asia/Bangkok,86.85540053571428,5.068965517241379,4.474137931034483,26.63281151785713
21328,2023-07-22 21:00:00,Asia/Bangkok,86.91665972477062,3.678260869565217,3.260869565217391,26.41347827272728
21329,2023-07-22 22:00:00,Asia/Bangkok,88.2491726956522,3.547008547008547,3.11965811965812,26.23397333333331
21330,2023-07-22 23:00:00,Asia/Bangkok,89.49539663636362,3.643478260869565,3.137931034482758,26.0791501818182
21331,2023-07-23 00:00:00,Asia/Bangkok,89.68375309734513,2.827586206896552,2.508620689655173,25.85760353982303
21332,2023-07-23 01:00:00,Asia/Bangkok,89.03459366071426,2.698275862068965,2.405172413793104,25.88838669642859
21333,2023-07-23 02:00:00,Asia/Bangkok,89.06286553571431,3.008620689655173,2.612068965517242,25.85388723214286
21334,2023-07-23 03:00:00,Asia/Bangkok,87.45250663793104,2.196581196581197,1.777777777777778,25.96654336206898
21335,2023-07-23 04:00:00,Asia/Bangkok,87.16614139130435,1.78448275862069,1.422413793103448,25.9649872173913
21336,2023-07-23 05:00:00,Asia/Bangkok,88.31419575221236,2.4,2.129310344827586,25.65189794642857
21337,2023-07-23 06:00:00,Asia/Bangkok,88.44949017391298,2.2,1.826086956521739,25.54560025862072
21338,2023-07-23 07:00:00,Asia/Bangkok,89.95258434782609,3.606837606837607,3.128205128205128,25.47157157894738
21339,2023-07-23 08:00:00,Asia/Bangkok,90.07177765217395,9.870689655172415,8.801724137931034,25.91133342105264
21340,2023-07-23 09:00:00,Asia/Bangkok,84.7548306956522,3.629310344827586,3.137931034482758,27.44191260869563
21341,2023-07-23 10:00:00,Asia/Bangkok,77.58000321100917,3.629310344827586,3.060344827586207,29.44176055045872
21342,2023-07-23 11:00:00,Asia/Bangkok,70.95081929203538,2.637931034482758,2.077586206896552,31.28689831858406
21343,2023-07-23 12:00:00,Asia/Bangkok,69.46588654867253,4.836206896551724,4.146551724137931,31.75307053571426
21344,2023-07-23 13:00:00,Asia/Bangkok,69.6188594736842,4.525862068965517,3.905172413793104,32.39276965217389
21345,2023-07-23 14:00:00,Asia/Bangkok,67.07436342105265,2.581196581196581,2.188034188034188,32.04350053097344
21346,2023-07-23 15:00:00,Asia/Bangkok,74.87134894736845,2.862068965517242,2.387931034482758,29.95495833333333
21347,2023-07-23 16:00:00,Asia/Bangkok,69.76374876106198,3.198275862068965,2.758620689655173,31.52564433628319
21348,2023-07-23 17:00:00,Asia/Bangkok,71.90702362068969,3.405172413793104,2.672413793103448,30.68768344827587
21349,2023-07-23 18:00:00,Asia/Bangkok,75.060866,8.393162393162394,7.170940170940171,30.02469826086954
21350,2023-07-23 19:00:00,Asia/Bangkok,78.5193252631579,3.370689655172414,2.741379310344827,29.00453219298247
21351,2023-07-23 20:00:00,Asia/Bangkok,81.78808008620692,5.896551724137931,5.258620689655173,28.0648473275862
21352,2023-07-23 21:00:00,Asia/Bangkok,83.41695185840707,5.025641025641026,4.273504273504273,27.68692106194693
21353,2023-07-23 22:00:00,Asia/Bangkok,86.58475930434788,17.06896551724138,15.63793103448276,27.16004165217393
21354,2023-07-23 23:00:00,Asia/Bangkok,88.44924974137928,9.39655172413793,8.405172413793103,26.66820181034483
21355,2023-07-24 00:00:00,Asia/Bangkok,89.7930827102804,7.786324786324786,6.758620689655173,26.38220831775702
21356,2023-07-24 01:00:00,Asia/Bangkok,90.11408009090906,6.612068965517241,5.692307692307693,26.45261127272726
21357,2023-07-24 02:00:00,Asia/Bangkok,89.77810051724137,5.767241379310345,4.862068965517241,26.5636646551724
21358,2023-07-24 03:00:00,Asia/Bangkok,91.6991332743363,9.817391304347826,8.747826086956522,25.93123619469026
21359,2023-07-24 04:00:00,Asia/Bangkok,92.7094536842105,9.336283185840708,8.256637168141593,25.61565473684215
21360,2023-07-24 05:00:00,Asia/Bangkok,93.20769752212388,10.57391304347826,9.6,25.48188884955754
21361,2023-07-24 06:00:00,Asia/Bangkok,93.81025459459464,11.73275862068965,10.6551724137931,25.47235873873873
21362,2023-07-24 07:00:00,Asia/Bangkok,94.57160267857144,8.5,7.28448275862069,25.51401562500002
21363,2023-07-24 08:00:00,Asia/Bangkok,93.6969555263158,9.318965517241379,8.051724137931034,26.17375078947369
21364,2023-07-24 09:00:00,Asia/Bangkok,87.12220210526313,6.896551724137931,5.551724137931035,28.17899165217391
21365,2023-07-24 10:00:00,Asia/Bangkok,77.76319409090908,6.230769230769231,4.957264957264957,30.1672576146789
21366,2023-07-24 11:00:00,Asia/Bangkok,71.63094408695652,5.938053097345133,4.858407079646017,31.71076895652173
21367,2023-07-24 12:00:00,Asia/Bangkok,66.99985910714287,4.344827586206897,3.474137931034483,33.66073526785716
21368,2023-07-24 13:00:00,Asia/Bangkok,64.3862532743363,4.775862068965517,3.818965517241379,33.87530017699116
21369,2023-07-24 14:00:00,Asia/Bangkok,59.34763017699115,3.299145299145299,2.572649572649573,34.79436477876106
21370,2023-07-24 15:00:00,Asia/Bangkok,58.55754443478263,3.275862068965517,2.551724137931035,34.98222408695651
21371,2023-07-24 16:00:00,Asia/Bangkok,63.63223924731184,3.619565217391304,2.869565217391304,33.69593999999999
21372,2023-07-24 17:00:00,Asia/Bangkok,69.25537982608697,3.417391304347826,2.71551724137931,31.73096808695649
21373,2023-07-24 18:00:00,Asia/Bangkok,72.6313509649123,4.327586206896552,3.413793103448276,30.67373938053098
21374,2023-07-24 19:00:00,Asia/Bangkok,75.7905451754386,6.854700854700854,5.794871794871795,29.87063333333334
21375,2023-07-24 20:00:00,Asia/Bangkok,78.84870026086958,7.577586206896552,6.560344827586207,29.12249826086957
21376,2023-07-24 21:00:00,Asia/Bangkok,80.22487398230088,8.181034482758621,7.163793103448276,28.88415807017545
21377,2023-07-24 22:00:00,Asia/Bangkok,82.77627791304351,6.888888888888889,5.897435897435898,28.17935368421049
21378,2023-07-24 23:00:00,Asia/Bangkok,84.34546982142855,7.767241379310345,6.698275862068965,27.92944723214284
21379,2023-07-25 00:00:00,Asia/Bangkok,86.61973080357144,8.179487179487179,7.05982905982906,27.51499794642858
21380,2023-07-25 01:00:00,Asia/Bangkok,88.10364165217395,11.12068965517241,9.991379310344827,27.14928956521739
21381,2023-07-25 02:00:00,Asia/Bangkok,88.66287422413791,10.97413793103448,9.89655172413793,26.95693758620688
21382,2023-07-25 03:00:00,Asia/Bangkok,89.44695469026549,9.89655172413793,8.870689655172415,26.61784619469027
21383,2023-07-25 04:00:00,Asia/Bangkok,90.47798295652174,8.629310344827585,7.525862068965517,26.34341201754384
21384,2023-07-25 05:00:00,Asia/Bangkok,90.75279061403502,8.575221238938052,7.380530973451328,26.31018584070795
21385,2023-07-25 06:00:00,Asia/Bangkok,90.98473224137932,8.594827586206897,7.387931034482759,26.33760568965516
21386,2023-07-25 07:00:00,Asia/Bangkok,92.20797342342341,10.5,9.137931034482758,26.25647279279278
21387,2023-07-25 08:00:00,Asia/Bangkok,90.99187000000003,9.96551724137931,8.724137931034482,27.10800132743364
21388,2023-07-25 09:00:00,Asia/Bangkok,85.09579823008848,7.341880341880342,5.974358974358974,28.92519442477876
21389,2023-07-25 10:00:00,Asia/Bangkok,76.66222863636361,5.247787610619469,4.070796460176991,30.80119218181818
21390,2023-07-25 11:00:00,Asia/Bangkok,70.94195454545451,5.637931034482759,4.456896551724138,32.55746699999999
21391,2023-07-25 12:00:00,Asia/Bangkok,65.19531651785712,6.385964912280702,5.140350877192983,34.49905178571429
21392,2023-07-25 13:00:00,Asia/Bangkok,63.75142360360363,10.79130434782609,9.078260869565218,34.61036747747747
21393,2023-07-25 14:00:00,Asia/Bangkok,61.6976119130435,6.095652173913043,5.113043478260869,34.93164965217392
21394,2023-07-25 15:00:00,Asia/Bangkok,64.24048150442479,6.252173913043478,5.156521739130435,33.71928424778759
21395,2023-07-25 16:00:00,Asia/Bangkok,63.49034913043478,6.582608695652174,5.382608695652173,34.28259886956524
21396,2023-07-25 17:00:00,Asia/Bangkok,66.09028410714288,11.27826086956522,9.91304347826087,33.84209761061946
21397,2023-07-25 18:00:00,Asia/Bangkok,74.58273252252252,10.78632478632479,9.444444444444445,31.11643581818182
21398,2023-07-25 19:00:00,Asia/Bangkok,78.26775965517243,14.00862068965517,12.31896551724138,29.84961577586208
21399,2023-07-25 20:00:00,Asia/Bangkok,80.17131286956521,7.887931034482759,6.810344827586207,28.87068982758624
21400,2023-07-25 21:00:00,Asia/Bangkok,79.71486904347822,7.598290598290598,6.615384615384615,28.49749336283187
21401,2023-07-25 22:00:00,Asia/Bangkok,80.59513036363637,6.353448275862069,5.474137931034483,28.02858909090905
21402,2023-07-25 23:00:00,Asia/Bangkok,81.10036854545453,5.150442477876106,4.380530973451328,27.85051779816511
21403,2023-07-26 00:00:00,Asia/Bangkok,80.63992991228072,4.05982905982906,3.256410256410256,27.76531692982453
21404,2023-07-26 01:00:00,Asia/Bangkok,82.99115649122805,4.886956521739131,3.973913043478261,27.35476035087719
21405,2023-07-26 02:00:00,Asia/Bangkok,85.41479060869568,6.301724137931035,5.405172413793103,27.01702678260868
21406,2023-07-26 03:00:00,Asia/Bangkok,86.42242686956521,6.427350427350428,5.435897435897436,26.85235234782606
21407,2023-07-26 04:00:00,Asia/Bangkok,87.37585260869567,6.689655172413793,5.810344827586207,26.62161052173912
21408,2023-07-26 05:00:00,Asia/Bangkok,88.4608270535714,7.181034482758621,6.293103448275862,26.43811776785716
21409,2023-07-26 06:00:00,Asia/Bangkok,89.80941469565215,9.293103448275861,8.172413793103448,26.25099156521736
21410,2023-07-26 07:00:00,Asia/Bangkok,90.85366173913042,13.41025641025641,12.26495726495727,26.16128710526318
21411,2023-07-26 08:00:00,Asia/Bangkok,87.2648468141593,7.870689655172414,6.844827586206897,27.62188522123893
21412,2023-07-26 09:00:00,Asia/Bangkok,81.63196525862071,5.310344827586207,4.379310344827586,29.32788974137932
21413,2023-07-26 10:00:00,Asia/Bangkok,75.46585556521738,5.655172413793103,4.793103448275862,30.66397513043477
21414,2023-07-26 11:00:00,Asia/Bangkok,71.19693640350879,4.189655172413793,3.379310344827586,31.10685464912281
21415,2023-07-26 12:00:00,Asia/Bangkok,75.68441070796462,3.752136752136752,3.333333333333333,30.11188362831858
21416,2023-07-26 13:00:00,Asia/Bangkok,71.32646132743365,6.818965517241379,6.405172413793103,31.70555357142858
21417,2023-07-26 14:00:00,Asia/Bangkok,67.77899631578948,6.307692307692307,5.862068965517241,33.19247412280702
21418,2023-07-26 15:00:00,Asia/Bangkok,63.5935263478261,4.78448275862069,4.170940170940171,34.20933765217391
21419,2023-07-26 16:00:00,Asia/Bangkok,66.75210465517242,5.689655172413793,5.189655172413793,33.44919672413793
21420,2023-07-26 17:00:00,Asia/Bangkok,70.07673675438598,6.655172413793103,5.844827586206897,32.61352807017544
21421,2023-07-26 18:00:00,Asia/Bangkok,66.58604144144142,4.743589743589744,3.982905982905983,32.63516756756754
21422,2023-07-26 19:00:00,Asia/Bangkok,71.62322414414412,6.71551724137931,5.75,31.01872900900901
21423,2023-07-26 20:00:00,Asia/Bangkok,74.31476745454543,11.27586206896552,10.1551724137931,30.45654800000001
21424,2023-07-26 21:00:00,Asia/Bangkok,76.36629616071433,9.71551724137931,8.663793103448276,29.68792892857143
21425,2023-07-26 22:00:00,Asia/Bangkok,77.8042402654867,7.732758620689655,6.78448275862069,29.1607478761062
21426,2023-07-26 23:00:00,Asia/Bangkok,78.80347769911506,6.666666666666667,5.684210526315789,28.98209814159293
21427,2023-07-27 00:00:00,Asia/Bangkok,81.36684309734514,11.38260869565217,10.12173913043478,28.47468849557524
21428,2023-07-27 01:00:00,Asia/Bangkok,83.58589780701757,10.48275862068965,9.28448275862069,28.04679807017544
21429,2023-07-27 02:00:00,Asia/Bangkok,84.86957035087718,8.60344827586207,7.577586206896552,27.7959307894737
21430,2023-07-27 03:00:00,Asia/Bangkok,85.39303298245616,7.930434782608696,6.982608695652174,27.56328
21431,2023-07-27 04:00:00,Asia/Bangkok,86.42726061403508,7.456896551724138,6.301724137931035,27.46464438596491
21432,2023-07-27 05:00:00,Asia/Bangkok,87.45171701754383,6.862068965517241,5.71551724137931,27.4666109649123
21433,2023-07-27 06:00:00,Asia/Bangkok,88.47486131578945,6.637931034482759,5.724137931034483,27.40948271929824
21434,2023-07-27 07:00:00,Asia/Bangkok,89.43833724137933,7.82051282051282,6.504273504273504,27.34931784482757
21435,2023-07-27 08:00:00,Asia/Bangkok,89.06999079646019,9.086206896551724,7.827586206896552,27.71456840707964
21436,2023-07-27 09:00:00,Asia/Bangkok,85.9106638392857,7.982300884955753,6.495575221238938,28.85683767857142
21437,2023-07-27 10:00:00,Asia/Bangkok,79.82789147826087,8.14655172413793,6.853448275862069,30.38763017391305
21438,2023-07-27 11:00:00,Asia/Bangkok,75.03691129310347,8.008620689655173,6.801724137931035,31.66047226086958
21439,2023-07-27 12:00:00,Asia/Bangkok,68.969684017094,6.444444444444445,5.367521367521367,33.19480726495727
21440,2023-07-27 13:00:00,Asia/Bangkok,66.35404234782608,5.75,4.801724137931035,33.85070104347826
21441,2023-07-27 14:00:00,Asia/Bangkok,65.32354095652174,6.232758620689655,5.206896551724138,34.08346139130433
21442,2023-07-27 15:00:00,Asia/Bangkok,66.89762792792791,6.547826086956522,5.620689655172414,33.8800472972973
21443,2023-07-27 16:00:00,Asia/Bangkok,70.17522981308412,7.413793103448276,6.232758620689655,32.6334463551402
21444,2023-07-27 17:00:00,Asia/Bangkok,67.40804175438593,7.324786324786325,6.273504273504273,32.81352236842105
21445,2023-07-27 18:00:00,Asia/Bangkok,69.32870567567568,6.543103448275862,5.517241379310345,32.05613864864866
21446,2023-07-27 19:00:00,Asia/Bangkok,71.45382965517243,6.629310344827586,5.594827586206897,31.35344862068964
21447,2023-07-27 20:00:00,Asia/Bangkok,75.41378052631578,7.146551724137931,6.103448275862069,30.29779122807017
21448,2023-07-27 21:00:00,Asia/Bangkok,78.33463833333334,7.119658119658119,5.931034482758621,29.53457157894738
21449,2023-07-27 22:00:00,Asia/Bangkok,80.17971069565218,6.758620689655173,5.589743589743589,29.11848060869566
21450,2023-07-27 23:00:00,Asia/Bangkok,82.22098486725662,6.956896551724138,6.0,28.7628507964602
21451,2023-07-28 00:00:00,Asia/Bangkok,83.79335219298245,7.422413793103448,6.198275862068965,28.51661342105268
21452,2023-07-28 01:00:00,Asia/Bangkok,85.51977754385969,7.965217391304348,6.791304347826087,28.13199052631579
21453,2023-07-28 02:00:00,Asia/Bangkok,86.90484035087715,8.293103448275861,7.017241379310345,27.83291692982457
21454,2023-07-28 03:00:00,Asia/Bangkok,87.67928784482761,7.879310344827586,6.724137931034483,27.64807137931036
21455,2023-07-28 04:00:00,Asia/Bangkok,87.85432859649126,7.758620689655173,6.5,27.5556946902655
21456,2023-07-28 05:00:00,Asia/Bangkok,86.79743221238935,6.129310344827586,5.163793103448276,27.76550535087718
21457,2023-07-28 06:00:00,Asia/Bangkok,87.0341187387387,6.47008547008547,5.410256410256411,27.68465572727274
21458,2023-07-28 07:00:00,Asia/Bangkok,87.71665409090909,7.129310344827586,6.258620689655173,27.58791299999999
21459,2023-07-28 08:00:00,Asia/Bangkok,87.98445495495491,9.129310344827585,8.017241379310345,27.76268585585586
21460,2023-07-28 09:00:00,Asia/Bangkok,85.45065608695653,8.163793103448276,7.094827586206897,28.57545582608696
21461,2023-07-28 10:00:00,Asia/Bangkok,83.20022185840705,7.473684210526316,6.342105263157895,29.34136433628318
21462,2023-07-28 11:00:00,Asia/Bangkok,76.70205163793105,6.681034482758621,5.862068965517241,31.283215
21463,2023-07-28 12:00:00,Asia/Bangkok,69.47837734513276,5.886956521739131,5.043478260869565,33.34508398230088
21464,2023-07-28 13:00:00,Asia/Bangkok,68.83544298245613,6.413793103448276,5.46551724137931,33.3956796460177
21465,2023-07-28 14:00:00,Asia/Bangkok,65.48832427272725,5.258620689655173,4.387931034482759,34.2178299090909
21466,2023-07-28 15:00:00,Asia/Bangkok,78.31084036363637,4.758620689655173,4.129310344827586,31.66628027272726
21467,2023-07-28 16:00:00,Asia/Bangkok,77.76130226086957,4.232758620689655,3.594827586206896,31.16704347826088
21468,2023-07-28 17:00:00,Asia/Bangkok,83.91330442477874,4.435897435897436,3.726495726495727,28.81471946902656
21469,2023-07-28 18:00:00,Asia/Bangkok,83.50379628318586,6.495575221238938,5.743362831858407,29.36941362831859
21470,2023-07-28 19:00:00,Asia/Bangkok,85.80222964285714,6.730434782608696,6.026086956521739,28.94078642857143
21471,2023-07-28 20:00:00,Asia/Bangkok,85.52790252252254,7.637931034482759,6.767241379310345,28.73642036036036
21472,2023-07-28 21:00:00,Asia/Bangkok,85.85709561403505,6.905982905982906,5.931623931623932,28.50131499999999
21473,2023-07-28 22:00:00,Asia/Bangkok,86.02429035087722,6.591304347826087,5.582608695652174,28.21479219298243
21474,2023-07-28 23:00:00,Asia/Bangkok,85.54953499999995,6.060344827586207,5.172413793103448,27.98441508620693
21475,2023-07-29 00:00:00,Asia/Bangkok,86.30968803571429,5.632478632478633,4.854700854700854,27.79209491071429
21476,2023-07-29 01:00:00,Asia/Bangkok,87.30117530434781,7.482758620689655,6.646551724137931,27.49608443478259
21477,2023-07-29 02:00:00,Asia/Bangkok,88.9666185840708,6.094827586206897,5.206896551724138,27.00749610619467
21478,2023-07-29 03:00:00,Asia/Bangkok,89.46289569230774,7.045454545454546,6.0,26.97604446153846
21479,2023-07-29 04:00:00,Asia/Bangkok,89.77917429824562,6.931623931623932,6.119658119658119,26.83227078947369
21480,2023-07-29 05:00:00,Asia/Bangkok,90.03382788990828,6.608695652173913,5.791304347826087,26.76773844036698
21481,2023-07-29 06:00:00,Asia/Bangkok,90.17403140350872,6.008620689655173,5.293103448275862,26.75848570175437
21482,2023-07-29 07:00:00,Asia/Bangkok,90.94284147826086,6.181034482758621,5.267241379310345,26.5921668695652
21483,2023-07-29 08:00:00,Asia/Bangkok,90.40596226086954,7.181034482758621,6.155172413793103,27.13951495652174
21484,2023-07-29 09:00:00,Asia/Bangkok,87.05001596491226,6.629310344827586,5.706896551724138,28.48522902654867
21485,2023-07-29 10:00:00,Asia/Bangkok,80.75262034188037,6.512820512820513,5.341880341880342,30.25230700854702
21486,2023-07-29 11:00:00,Asia/Bangkok,75.75286848214283,5.560344827586207,4.663793103448276,31.39867973214285
21487,2023-07-29 12:00:00,Asia/Bangkok,71.16747614035091,4.829059829059829,4.102564102564102,32.43330342105262
21488,2023-07-29 13:00:00,Asia/Bangkok,66.03213245614036,4.391304347826087,3.756521739130435,33.45044350877193
21489,2023-07-29 14:00:00,Asia/Bangkok,62.54218428571431,4.71,3.97,34.7647926530612
21490,2023-07-29 15:00:00,Asia/Bangkok,63.09548043859648,4.801724137931035,4.103448275862069,34.16489692982456
21491,2023-07-29 16:00:00,Asia/Bangkok,65.08690468468465,6.698275862068965,5.887931034482759,33.57019297297298
21492,2023-07-29 17:00:00,Asia/Bangkok,66.64376438596489,6.224137931034483,5.413793103448276,33.05261359649122
21493,2023-07-29 18:00:00,Asia/Bangkok,68.54266018018016,5.25,4.5,32.03674855855852
21494,2023-07-29 19:00:00,Asia/Bangkok,70.65285478260871,5.948275862068965,5.318965517241379,31.09601034782609
21495,2023-07-29 20:00:00,Asia/Bangkok,75.16925312500003,6.495652173913044,5.573913043478261,30.24166339285715
21496,2023-07-29 21:00:00,Asia/Bangkok,77.86238628318583,5.885964912280702,5.026315789473684,29.66081238938054
21497,2023-07-29 22:00:00,Asia/Bangkok,80.14672521739129,7.947826086956522,6.843478260869565,29.10411017391306
21498,2023-07-29 23:00:00,Asia/Bangkok,81.95507535714282,6.710526315789473,5.868421052631579,28.63796750000001
21499,2023-07-30 00:00:00,Asia/Bangkok,83.4007230088496,6.564102564102564,5.439655172413793,28.29561044247788
21500,2023-07-30 01:00:00,Asia/Bangkok,85.68383878260869,12.27586206896552,11.16239316239316,27.77779373913044
21501,2023-07-30 02:00:00,Asia/Bangkok,86.23869858407085,6.633928571428571,5.660714285714286,27.59761654867258
21502,2023-07-30 03:00:00,Asia/Bangkok,85.90635730434778,5.051724137931035,4.25,27.70139254385965
21503,2023-07-30 04:00:00,Asia/Bangkok,87.07880901785715,5.043103448275862,4.28448275862069,27.46011419642855
21504,2023-07-30 05:00:00,Asia/Bangkok,87.27422695652179,4.103448275862069,3.491379310344827,27.43288078260869
21505,2023-07-30 06:00:00,Asia/Bangkok,88.0054405357143,4.153846153846154,3.435897435897436,27.37878616071428
21506,2023-07-30 07:00:00,Asia/Bangkok,89.08625087719302,4.793103448275862,4.03448275862069,27.14769201754386
21507,2023-07-30 08:00:00,Asia/Bangkok,86.4834266086957,3.767241379310345,3.017241379310345,28.14495165217391
21508,2023-07-30 09:00:00,Asia/Bangkok,81.87789853448274,3.333333333333333,2.675213675213675,29.57959
21509,2023-07-30 10:00:00,Asia/Bangkok,78.38533687500001,2.46551724137931,1.853448275862069,30.28391267857144
21510,2023-07-30 11:00:00,Asia/Bangkok,74.03302649122806,1.521739130434783,1.052173913043478,31.51132982608696
21511,2023-07-30 12:00:00,Asia/Bangkok,80.0799740178572,2.061946902654867,1.743362831858407,29.70161464285713
21512,2023-07-30 13:00:00,Asia/Bangkok,80.70468292035402,1.853448275862069,1.456896551724138,30.52039672566371
21513,2023-07-30 14:00:00,Asia/Bangkok,71.51697803571427,1.157894736842105,0.7894736842105263,32.74557375
21514,2023-07-30 15:00:00,Asia/Bangkok,79.60825460869567,2.658119658119658,2.213675213675214,30.7389780869565
21515,2023-07-30 16:00:00,Asia/Bangkok,81.04459522123892,1.577586206896552,1.181034482758621,29.85761097345132
21516,2023-07-30 17:00:00,Asia/Bangkok,77.33480794642857,2.068376068376069,1.572649572649573,31.16123491071427
21517,2023-07-30 18:00:00,Asia/Bangkok,74.91930900900898,3.060869565217391,2.530434782608696,31.12171540540541
21518,2023-07-30 19:00:00,Asia/Bangkok,76.66443185840707,7.103448275862069,6.353448275862069,30.52578345132742
21519,2023-07-30 20:00:00,Asia/Bangkok,79.4887400892857,14.11206896551724,13.01724137931035,29.68327982142858
21520,2023-07-30 21:00:00,Asia/Bangkok,83.47411854545454,14.93965517241379,13.98275862068965,28.73358318181818
21521,2023-07-30 22:00:00,Asia/Bangkok,82.80459469565217,4.362068965517241,3.879310344827586,27.65003486956521
21522,2023-07-30 23:00:00,Asia/Bangkok,83.47188239316242,1.675213675213675,1.353448275862069,27.1217688034188
21523,2023-07-31 00:00:00,Asia/Bangkok,85.265887079646,2.327586206896552,1.948275862068966,26.82537026548671
21524,2023-07-31 01:00:00,Asia/Bangkok,87.08240544642862,3.626086956521739,3.120689655172414,26.40266392857142
21525,2023-07-31 02:00:00,Asia/Bangkok,88.13073619469031,3.447368421052631,2.780701754385965,26.31881256637166
21526,2023-07-31 03:00:00,Asia/Bangkok,89.08823165137618,5.551724137931035,4.913793103448276,26.23053110091744
21527,2023-07-31 04:00:00,Asia/Bangkok,90.18045160714287,5.758620689655173,4.78448275862069,26.26418553571428
21528,2023-07-31 05:00:00,Asia/Bangkok,91.33480418181819,4.964912280701754,4.350877192982456,26.24495536363636
21529,2023-07-31 06:00:00,Asia/Bangkok,91.47785060344826,9.379310344827585,8.46551724137931,26.23534853448277
21530,2023-07-31 07:00:00,Asia/Bangkok,92.10691159292037,9.104347826086956,8.217391304347826,26.24267159292037
21531,2023-07-31 08:00:00,Asia/Bangkok,92.77729478260868,11.16379310344828,10.04310344827586,26.52278652173914
21532,2023-07-31 09:00:00,Asia/Bangkok,90.23866513513512,9.139130434782608,8.121739130434783,27.56746108108107
21533,2023-07-31 10:00:00,Asia/Bangkok,85.37526191304346,6.53448275862069,5.620689655172414,28.96908347826088
21534,2023-07-31 11:00:00,Asia/Bangkok,79.03022,3.741379310344827,2.96551724137931,30.65096392857142
21535,2023-07-31 12:00:00,Asia/Bangkok,83.44014649122806,4.017094017094017,3.52991452991453,30.53565938596492
21536,2023-07-31 13:00:00,Asia/Bangkok,83.73087162162165,3.879310344827586,3.327586206896552,30.91588288288288
21537,2023-07-31 14:00:00,Asia/Bangkok,75.0805846491228,1.871794871794872,1.401709401709402,32.75571184210527
21538,2023-07-31 15:00:00,Asia/Bangkok,77.66734643478259,1.137931034482759,0.8189655172413793,32.04053175438597
21539,2023-07-31 16:00:00,Asia/Bangkok,69.62601230088495,1.301724137931034,0.9051724137931034,34.13503192982456
21540,2023-07-31 17:00:00,Asia/Bangkok,68.24245017241383,1.136752136752137,0.8017241379310345,33.67048895652174
21541,2023-07-31 18:00:00,Asia/Bangkok,82.1406516814159,1.931034482758621,1.427350427350427,29.71230539823009
21542,2023-07-31 19:00:00,Asia/Bangkok,84.63907460869565,15.12931034482759,13.21551724137931,29.44407678260868
21543,2023-07-31 20:00:00,Asia/Bangkok,86.24159410714283,10.79130434782609,9.808695652173913,29.04473678571429
21544,2023-07-31 21:00:00,Asia/Bangkok,89.23311775862065,13.0,12.08547008547009,28.48153491379306
21545,2023-07-31 22:00:00,Asia/Bangkok,88.45193256637172,11.18103448275862,10.29310344827586,28.01617159292033
21546,2023-07-31 23:00:00,Asia/Bangkok,88.00465703703703,5.21551724137931,4.637931034482759,27.50379579439251
21547,2023-08-01 00:00:00,Asia/Bangkok,89.7991433333334,5.191304347826087,4.767241379310345,27.18125424778763
21548,2023-08-01 01:00:00,Asia/Bangkok,90.63002061403508,4.456896551724138,4.03448275862069,27.02485868421054
21549,2023-08-01 02:00:00,Asia/Bangkok,92.51315408695656,5.189655172413793,4.724137931034483,26.84723692982456
21550,2023-08-01 03:00:00,Asia/Bangkok,92.35735121739128,4.051282051282051,3.641025641025641,27.14536295652173
21551,2023-08-01 04:00:00,Asia/Bangkok,91.90983180180176,3.801724137931035,3.370689655172414,27.05004207207207
21552,2023-08-01 05:00:00,Asia/Bangkok,91.88723495726495,4.495726495726496,4.136752136752137,26.07162299145297
21553,2023-08-01 06:00:00,Asia/Bangkok,92.37172714285715,3.905172413793104,3.663793103448276,25.81786223214284
21554,2023-08-01 07:00:00,Asia/Bangkok,92.50166053097344,3.681034482758621,3.310344827586207,25.93086297297299
21555,2023-08-01 08:00:00,Asia/Bangkok,93.23395982142856,5.905172413793103,5.146551724137931,26.15091169642858
21556,2023-08-01 09:00:00,Asia/Bangkok,90.46232131578951,3.724137931034483,3.362068965517242,27.10939628318583
21557,2023-08-01 10:00:00,Asia/Bangkok,83.87967752136753,4.683760683760684,4.307692307692307,29.10822179487179
21558,2023-08-01 11:00:00,Asia/Bangkok,78.05736469026549,3.810344827586207,3.543103448275862,30.56472955752214
21559,2023-08-01 12:00:00,Asia/Bangkok,75.35746991071429,4.612068965517241,4.163793103448276,31.42948428571427
21560,2023-08-01 13:00:00,Asia/Bangkok,73.99485991150442,4.318965517241379,3.887931034482758,32.20844513274338
21561,2023-08-01 14:00:00,Asia/Bangkok,74.94799927927927,1.769230769230769,1.487179487179487,31.27746126126125
21562,2023-08-01 15:00:00,Asia/Bangkok,83.18453063063063,0.1551724137931035,0.03448275862068965,28.77572436363637
21563,2023-08-01 16:00:00,Asia/Bangkok,83.42788052173908,0.06086956521739131,0.03478260869565217,27.61390391304349
21564,2023-08-01 17:00:00,Asia/Bangkok,85.18037097345129,0.1826086956521739,0.1217391304347826,26.84619309734513
21565,2023-08-01 18:00:00,Asia/Bangkok,85.6492244736842,0.1379310344827586,0.03448275862068965,26.57071868421051
21566,2023-08-01 19:00:00,Asia/Bangkok,85.09209710526318,0.2,0.1043478260869565,26.3241095614035
21567,2023-08-01 20:00:00,Asia/Bangkok,86.01567730434786,0.8362068965517241,0.5,26.1781455652174
21568,2023-08-01 21:00:00,Asia/Bangkok,87.64915893805312,1.801724137931034,1.508620689655172,26.10430911504426
21569,2023-08-01 22:00:00,Asia/Bangkok,89.45913408695654,3.362068965517242,2.991379310344827,25.92688356521739
21570,2023-08-01 23:00:00,Asia/Bangkok,90.19008956896548,3.427350427350427,3.102564102564103,25.74631465517239
21571,2023-08-02 00:00:00,Asia/Bangkok,89.84725654867262,5.094827586206897,4.637931034482759,25.69759805309733
21572,2023-08-02 01:00:00,Asia/Bangkok,89.84233491379317,5.629310344827586,5.137931034482759,25.86060706896552
21573,2023-08-02 02:00:00,Asia/Bangkok,90.20801561403513,3.948275862068965,3.551724137931035,25.85237561403508
21574,2023-08-02 03:00:00,Asia/Bangkok,91.21047837606835,3.965811965811966,3.401709401709402,25.64804589743594
21575,2023-08-02 04:00:00,Asia/Bangkok,90.282312920354,3.5,3.060344827586207,25.88591274336281
21576,2023-08-02 05:00:00,Asia/Bangkok,90.1134388695652,4.396551724137931,3.905172413793104,25.95054330434785
21577,2023-08-02 06:00:00,Asia/Bangkok,90.13143620689652,5.896551724137931,5.367521367521367,25.88802422413793
21578,2023-08-02 07:00:00,Asia/Bangkok,91.08769194690268,7.706896551724138,7.068965517241379,25.8567289380531
21579,2023-08-02 08:00:00,Asia/Bangkok,91.71050380530974,9.077586206896552,8.551724137931034,26.19299938053097
21580,2023-08-02 09:00:00,Asia/Bangkok,88.94161963636364,11.08547008547009,10.18803418803419,27.43359354545453
21581,2023-08-02 10:00:00,Asia/Bangkok,83.73994308411213,12.02586206896552,11.37931034482759,29.30831299065421
21582,2023-08-02 11:00:00,Asia/Bangkok,74.64362954954956,10.74137931034483,10.20689655172414,31.36623036036036
21583,2023-08-02 12:00:00,Asia/Bangkok,69.54462705357143,9.258620689655173,8.775862068965518,32.16868696428573
21584,2023-08-02 13:00:00,Asia/Bangkok,71.04579469565219,11.2991452991453,10.72649572649573,32.01146991304348
21585,2023-08-02 14:00:00,Asia/Bangkok,69.04381684684684,9.982758620689655,9.362068965517242,32.91911378378379
21586,2023-08-02 15:00:00,Asia/Bangkok,62.39887868421051,6.198275862068965,5.646551724137931,33.86701578947368
21587,2023-08-02 16:00:00,Asia/Bangkok,61.57936254385965,5.700854700854701,5.076923076923077,33.84148342105264
21588,2023-08-02 17:00:00,Asia/Bangkok,65.39178921052628,6.48695652173913,5.895652173913043,32.59073710526317
21589,2023-08-02 18:00:00,Asia/Bangkok,72.68248867256636,8.129310344827585,7.293103448275862,31.77975062499997
21590,2023-08-02 19:00:00,Asia/Bangkok,77.31182824561402,9.444444444444445,8.71551724137931,29.86868842105263
21591,2023-08-02 20:00:00,Asia/Bangkok,80.78294973451328,9.344827586206897,8.692307692307692,28.74756247787611
21592,2023-08-02 21:00:00,Asia/Bangkok,81.571360990991,10.89655172413793,10.0948275862069,28.90142531531533
21593,2023-08-02 22:00:00,Asia/Bangkok,84.10202026785714,9.128205128205128,8.393162393162394,28.36974107142857
21594,2023-08-02 23:00:00,Asia/Bangkok,84.90324250000002,7.353448275862069,6.603448275862069,28.04145651785716
21595,2023-08-03 00:00:00,Asia/Bangkok,86.22916389380528,9.706896551724139,8.85344827586207,27.90723238938053
21596,2023-08-03 01:00:00,Asia/Bangkok,88.808653539823,14.22222222222222,13.1965811965812,27.30858336283185
21597,2023-08-03 02:00:00,Asia/Bangkok,88.84055788990828,9.876106194690266,9.035398230088495,27.01600055045871
21598,2023-08-03 03:00:00,Asia/Bangkok,87.49754044247787,7.756521739130434,7.017391304347826,27.17194415929208
21599,2023-08-03 04:00:00,Asia/Bangkok,86.3889656521739,5.844827586206897,5.120689655172414,27.08663939130436
21600,2023-08-03 05:00:00,Asia/Bangkok,88.2025420909091,6.114035087719298,5.298245614035087,26.65893245454546
21601,2023-08-03 06:00:00,Asia/Bangkok,87.67115433628317,4.826086956521739,3.973913043478261,26.67042522123893
21602,2023-08-03 07:00:00,Asia/Bangkok,89.03764396396396,5.137931034482759,4.301724137931035,26.44092054054055
21603,2023-08-03 08:00:00,Asia/Bangkok,85.44321863247866,4.974358974358974,4.136752136752137,27.68737743589743
21604,2023-08-03 09:00:00,Asia/Bangkok,80.58895904347824,3.008620689655173,2.336206896551724,29.08010026086955
21605,2023-08-03 10:00:00,Asia/Bangkok,75.51935452173912,3.431034482758621,2.818965517241379,30.62257495652173
21606,2023-08-03 11:00:00,Asia/Bangkok,70.18312808695649,4.52991452991453,3.863247863247863,31.99716704347826
21607,2023-08-03 12:00:00,Asia/Bangkok,67.53176069565218,4.293103448275862,3.663793103448276,32.84270991304346
21608,2023-08-03 13:00:00,Asia/Bangkok,62.24732226086956,4.03448275862069,3.362068965517242,33.96336626086957
21609,2023-08-03 14:00:00,Asia/Bangkok,58.43365556521739,3.444444444444445,2.948717948717949,34.52750165217391
21610,2023-08-03 15:00:00,Asia/Bangkok,58.07816017699114,3.905172413793104,3.275862068965517,34.67337123893804
21611,2023-08-03 16:00:00,Asia/Bangkok,58.27228413793105,4.508620689655173,3.767241379310345,34.73019370689655
21612,2023-08-03 17:00:00,Asia/Bangkok,59.68975121739133,3.681034482758621,3.094827586206896,34.01725728070176
21613,2023-08-03 18:00:00,Asia/Bangkok,65.25665054545456,5.732758620689655,4.879310344827586,32.24142136363636
21614,2023-08-03 19:00:00,Asia/Bangkok,69.27958182608695,8.71551724137931,7.801724137931035,31.0447883478261
21615,2023-08-03 20:00:00,Asia/Bangkok,72.09091999999998,6.913793103448276,5.982758620689655,30.29172297297298
21616,2023-08-03 21:00:00,Asia/Bangkok,74.70452991228068,14.35897435897436,12.86324786324786,29.71519350877195
21617,2023-08-03 22:00:00,Asia/Bangkok,78.2560147368421,11.50862068965517,10.3448275862069,28.93269315789474
21618,2023-08-03 23:00:00,Asia/Bangkok,80.2064226126126,13.45689655172414,12.06896551724138,28.62772837837838
21619,2023-08-04 00:00:00,Asia/Bangkok,83.05113999999999,16.67241379310345,15.14655172413793,28.07420359649126
21620,2023-08-04 01:00:00,Asia/Bangkok,84.43058783783778,6.391304347826087,5.530434782608696,27.47445855855856
21621,2023-08-04 02:00:00,Asia/Bangkok,85.76503165217386,5.564102564102564,4.914529914529915,27.16187252173914
21622,2023-08-04 03:00:00,Asia/Bangkok,87.54934200000002,6.25,5.431034482758621,26.75610504347825
21623,2023-08-04 04:00:00,Asia/Bangkok,88.2833493859649,6.871794871794871,5.982905982905983,26.82861561403508
21624,2023-08-04 05:00:00,Asia/Bangkok,88.77302156521746,6.939655172413793,6.094827586206897,26.77804860869564
21625,2023-08-04 06:00:00,Asia/Bangkok,89.10946295652175,7.852173913043479,7.017391304347826,26.72927666666666
21626,2023-08-04 07:00:00,Asia/Bangkok,88.78373241071426,7.517241379310345,6.655172413793103,26.80476743362833
21627,2023-08-04 08:00:00,Asia/Bangkok,87.48253827272724,8.517241379310345,7.568965517241379,27.6330687037037
21628,2023-08-04 09:00:00,Asia/Bangkok,83.57166301724136,6.589743589743589,5.692307692307693,28.75365284482756
21629,2023-08-04 10:00:00,Asia/Bangkok,77.16246160714289,4.181034482758621,3.543103448275862,30.49708660714285
21630,2023-08-04 11:00:00,Asia/Bangkok,71.63342486956522,4.64957264957265,4.153846153846154,31.9587364347826
21631,2023-08-04 12:00:00,Asia/Bangkok,65.73086017543856,6.517543859649122,5.921052631578948,33.97221166666667
21632,2023-08-04 13:00:00,Asia/Bangkok,62.02619780701757,5.724137931034483,5.189655172413793,35.01195385964912
21633,2023-08-04 14:00:00,Asia/Bangkok,61.55211292035398,5.991304347826087,5.417391304347826,34.80861017543859
21634,2023-08-04 15:00:00,Asia/Bangkok,59.49024131578946,5.362068965517241,4.853448275862069,34.92686504424778
21635,2023-08-04 16:00:00,Asia/Bangkok,56.05287277777778,4.278260869565218,3.765217391304348,35.20903805555553
21636,2023-08-04 17:00:00,Asia/Bangkok,55.04361974137931,5.620689655172414,4.896551724137931,34.66813155172412
21637,2023-08-04 18:00:00,Asia/Bangkok,56.76575318181817,7.112068965517241,6.370689655172414,33.96179454545455
21638,2023-08-04 19:00:00,Asia/Bangkok,62.01243548672564,13.71551724137931,12.76724137931035,32.52947619469025
21639,2023-08-04 20:00:00,Asia/Bangkok,64.73697818965518,18.82051282051282,16.94017094017094,31.47448689655171
21640,2023-08-04 21:00:00,Asia/Bangkok,66.75094,15.23008849557522,14.15929203539823,30.45540991228072
21641,2023-08-04 22:00:00,Asia/Bangkok,71.16116450450448,14.14655172413793,13.47413793103448,29.84111245454546
21642,2023-08-04 23:00:00,Asia/Bangkok,77.07961283185841,17.68965517241379,16.38793103448276,29.08484566371682
21643,2023-08-05 00:00:00,Asia/Bangkok,81.17526226086954,20.79310344827586,19.3448275862069,28.28519991304347
21644,2023-08-05 01:00:00,Asia/Bangkok,84.01929477876111,17.03418803418803,16.12820512820513,27.92736734513271
21645,2023-08-05 02:00:00,Asia/Bangkok,86.2630653508772,19.78448275862069,18.78448275862069,27.53133359649122
21646,2023-08-05 03:00:00,Asia/Bangkok,87.12022230088499,14.87068965517241,14.04310344827586,27.42101991150444
21647,2023-08-05 04:00:00,Asia/Bangkok,89.73718879310348,14.96581196581197,14.12820512820513,26.81207362068966
21648,2023-08-05 05:00:00,Asia/Bangkok,89.94390830357145,15.26724137931035,14.32758620689655,26.79236562500002
21649,2023-08-05 06:00:00,Asia/Bangkok,89.58706858407083,16.74137931034483,15.92241379310345,26.89536761061948
21650,2023-08-05 07:00:00,Asia/Bangkok,90.4563303539823,20.1551724137931,18.97413793103448,26.73285876106196
21651,2023-08-05 08:00:00,Asia/Bangkok,89.53894947368421,18.94017094017094,17.7948717948718,27.3318536842105
21652,2023-08-05 09:00:00,Asia/Bangkok,83.59275008620689,15.87931034482759,14.66379310344828,29.12814456896553
21653,2023-08-05 10:00:00,Asia/Bangkok,74.65424741071426,9.698275862068966,9.163793103448276,30.86137098214285
21654,2023-08-05 11:00:00,Asia/Bangkok,64.56741045045042,8.443478260869565,7.930434782608696,32.77424117117116
21655,2023-08-05 12:00:00,Asia/Bangkok,58.55800912280699,8.820512820512821,8.318965517241379,34.41757184210524
21656,2023-08-05 13:00:00,Asia/Bangkok,55.72474342105262,8.155172413793103,7.512820512820513,35.21079973684211
21657,2023-08-05 14:00:00,Asia/Bangkok,51.80485265486727,6.974358974358974,6.393162393162394,35.99050601769912
21658,2023-08-05 15:00:00,Asia/Bangkok,49.68402982142857,6.678260869565217,6.052173913043478,36.2511432142857
21659,2023-08-05 16:00:00,Asia/Bangkok,50.01283879310343,7.923076923076923,7.05982905982906,36.02203491379311
21660,2023-08-05 17:00:00,Asia/Bangkok,53.1556807079646,10.28448275862069,9.413793103448276,35.34528132743361
21661,2023-08-05 18:00:00,Asia/Bangkok,56.35337366972475,9.956896551724139,9.094827586206897,34.43370935779819
21662,2023-08-05 19:00:00,Asia/Bangkok,61.71728017857142,13.64655172413793,12.62931034482759,33.045701875
21663,2023-08-05 20:00:00,Asia/Bangkok,65.6623523893805,40.36206896551724,33.93965517241379,32.04732849557521
21664,2023-08-05 21:00:00,Asia/Bangkok,70.6320786607143,49.85344827586207,43.19827586206897,30.66600687499999
21665,2023-08-05 22:00:00,Asia/Bangkok,71.19582769911501,19.15652173913044,17.9304347826087,29.79759097345135
21666,2023-08-05 23:00:00,Asia/Bangkok,73.47554695652173,15.5,14.35344827586207,29.29412052173915
21667,2023-08-06 00:00:00,Asia/Bangkok,79.43924973913046,32.0,28.50862068965517,28.08966464912282
21668,2023-08-06 01:00:00,Asia/Bangkok,81.08477910714286,23.5,21.51724137931035,27.60984419642857
21669,2023-08-06 02:00:00,Asia/Bangkok,81.33681000000001,15.83478260869565,14.67826086956522,27.40105318584072
21670,2023-08-06 03:00:00,Asia/Bangkok,81.49666859649125,19.56410256410257,18.26495726495726,27.31077131578949
21671,2023-08-06 04:00:00,Asia/Bangkok,84.2668784210526,19.82758620689655,18.81034482758621,26.49102868421052
21672,2023-08-06 05:00:00,Asia/Bangkok,85.4992976106195,19.50862068965517,18.37068965517241,25.79635212389382
21673,2023-08-06 06:00:00,Asia/Bangkok,84.21253817391305,21.85344827586207,19.24137931034483,25.85594634782609
21674,2023-08-06 07:00:00,Asia/Bangkok,84.31887929824558,16.88793103448276,15.73275862068965,25.76629412280702
21675,2023-08-06 08:00:00,Asia/Bangkok,84.08552333333333,14.81034482758621,14.0,26.58182
21676,2023-08-06 09:00:00,Asia/Bangkok,76.69098763157893,7.78448275862069,7.206896551724138,29.17025719298244
21677,2023-08-06 10:00:00,Asia/Bangkok,70.9230052173913,4.577586206896552,4.112068965517241,31.2422205263158
21678,2023-08-06 11:00:00,Asia/Bangkok,63.60746035087721,5.922413793103448,5.327586206896552,33.57625368421052
21679,2023-08-06 12:00:00,Asia/Bangkok,61.51228773913044,5.589743589743589,5.076923076923077,34.1886503478261
21680,2023-08-06 13:00:00,Asia/Bangkok,59.00396000000001,5.422413793103448,4.939655172413793,35.10115149122807
21681,2023-08-06 14:00:00,Asia/Bangkok,56.30036391304347,6.17948717948718,5.64957264957265,36.14114600000001
21682,2023-08-06 15:00:00,Asia/Bangkok,58.49023286956523,5.46551724137931,5.077586206896552,34.96320573913044
21683,2023-08-06 16:00:00,Asia/Bangkok,56.10922468468467,5.139130434782609,4.565217391304348,35.689016875
21684,2023-08-06 17:00:00,Asia/Bangkok,58.03082377192984,6.370689655172414,5.793103448275862,34.92001203539822
21685,2023-08-06 18:00:00,Asia/Bangkok,60.42595883928571,6.46551724137931,5.96551724137931,33.63853892857143
21686,2023-08-06 19:00:00,Asia/Bangkok,63.48877071428569,6.706896551724138,6.172413793103448,32.4417042857143
21687,2023-08-06 20:00:00,Asia/Bangkok,67.46171714285713,6.732758620689655,6.103448275862069,31.52478151785715
21688,2023-08-06 21:00:00,Asia/Bangkok,70.90707068965517,5.128205128205129,4.717948717948718,30.59219836206895
21689,2023-08-06 22:00:00,Asia/Bangkok,74.07097439655173,6.318965517241379,5.836206896551724,30.05442560344829
21690,2023-08-06 23:00:00,Asia/Bangkok,76.38780784482762,7.525862068965517,6.956896551724138,29.64443853448275
21691,2023-08-07 00:00:00,Asia/Bangkok,79.28154245614036,8.382608695652173,7.730434782608696,28.79798096491227
21692,2023-08-07 01:00:00,Asia/Bangkok,80.98107300884958,5.886956521739131,5.48695652173913,28.07317
21693,2023-08-07 02:00:00,Asia/Bangkok,81.76187418181817,5.913793103448276,5.439655172413793,27.85730207207205
21694,2023-08-07 03:00:00,Asia/Bangkok,82.85836709401711,7.162393162393163,6.461538461538462,27.68520336206898
21695,2023-08-07 04:00:00,Asia/Bangkok,83.76375955357149,5.887931034482759,5.379310344827586,27.56721330357143
21696,2023-08-07 05:00:00,Asia/Bangkok,85.466625,8.104347826086956,7.434782608695652,27.24893035087721
21697,2023-08-07 06:00:00,Asia/Bangkok,85.2535742477876,5.982758620689655,5.431034482758621,27.21623185840705
21698,2023-08-07 07:00:00,Asia/Bangkok,86.4126839473684,9.717948717948717,8.777777777777779,27.04692429824563
21699,2023-08-07 08:00:00,Asia/Bangkok,86.42708581818182,9.238938053097344,8.539823008849558,27.64928209090909
21700,2023-08-07 09:00:00,Asia/Bangkok,79.98396474137934,6.844827586206897,6.051724137931035,29.58582982758622
21701,2023-08-07 10:00:00,Asia/Bangkok,73.90006721739131,5.669565217391304,5.052173913043478,31.32472965217391
21702,2023-08-07 11:00:00,Asia/Bangkok,69.84738359649121,6.198275862068965,5.646551724137931,32.66745149122808
21703,2023-08-07 12:00:00,Asia/Bangkok,62.986676460177,5.556521739130435,5.052173913043478,34.7874642477876
21704,2023-08-07 13:00:00,Asia/Bangkok,61.52073301724137,5.584070796460177,5.079646017699115,34.90305232758619
21705,2023-08-07 14:00:00,Asia/Bangkok,60.06525324561404,4.801724137931035,4.137931034482759,35.02617192982456
21706,2023-08-07 15:00:00,Asia/Bangkok,60.0619275221239,5.82051282051282,5.341880341880342,34.81423805309733
21707,2023-08-07 16:00:00,Asia/Bangkok,59.19385181818185,3.194690265486726,2.699115044247788,34.82256190909091
21708,2023-08-07 17:00:00,Asia/Bangkok,62.32947549549547,3.922413793103448,3.517241379310345,33.75440590909091
21709,2023-08-07 18:00:00,Asia/Bangkok,67.96903061946901,4.658119658119658,4.128205128205129,31.79645805309735
21710,2023-08-07 19:00:00,Asia/Bangkok,71.19599419642854,10.5948275862069,9.448275862068966,30.61841936936936
21711,2023-08-07 20:00:00,Asia/Bangkok,75.07623796460179,8.695652173913043,7.948275862068965,29.29878053097346
21712,2023-08-07 21:00:00,Asia/Bangkok,77.54688473684212,7.353448275862069,6.491379310344827,28.98937807017546
21713,2023-08-07 22:00:00,Asia/Bangkok,78.19632895652174,6.060344827586207,5.482758620689655,28.91872095652175
21714,2023-08-07 23:00:00,Asia/Bangkok,79.37427373913044,5.698275862068965,5.068965517241379,28.6416803478261
21715,2023-08-08 00:00:00,Asia/Bangkok,80.60005535087723,7.25,6.482758620689655,28.3807052631579
21716,2023-08-08 01:00:00,Asia/Bangkok,81.4289144736842,7.853448275862069,7.112068965517241,28.17750274336282
21717,2023-08-08 02:00:00,Asia/Bangkok,83.46608106194688,8.538461538461538,7.786324786324786,27.76298814159294
21718,2023-08-08 03:00:00,Asia/Bangkok,84.64628191304342,7.371681415929204,6.716814159292035,27.40954399999999
21719,2023-08-08 04:00:00,Asia/Bangkok,85.27930812500003,8.982758620689655,8.051724137931034,27.29087919642859
21720,2023-08-08 05:00:00,Asia/Bangkok,87.05195026548678,7.905172413793103,7.077586206896552,26.90612053097345
21721,2023-08-08 06:00:00,Asia/Bangkok,86.84388707964604,7.615384615384615,6.846153846153846,26.81343982300886
21722,2023-08-08 07:00:00,Asia/Bangkok,86.61559442477879,8.0,7.275862068965517,26.78784769911505
21723,2023-08-08 08:00:00,Asia/Bangkok,83.26318765217394,5.612068965517241,4.956896551724138,27.84760551724138
21724,2023-08-08 09:00:00,Asia/Bangkok,77.63778525862072,2.641025641025641,2.153846153846154,29.11795
21725,2023-08-08 10:00:00,Asia/Bangkok,73.2517784210526,1.75,1.36283185840708,30.24073184210527
21726,2023-08-08 11:00:00,Asia/Bangkok,66.79128228070174,1.829059829059829,1.401709401709402,32.21649350877193
21727,2023-08-08 12:00:00,Asia/Bangkok,63.33425617391303,2.25,1.767241379310345,33.91887543859649
21728,2023-08-08 13:00:00,Asia/Bangkok,62.92426530434783,2.241379310344827,1.879310344827586,33.82211782608695
21729,2023-08-08 14:00:00,Asia/Bangkok,62.60900301724137,1.521367521367521,1.213675213675214,33.08928530434784
21730,2023-08-08 15:00:00,Asia/Bangkok,63.52146055045873,1.339130434782609,1.165217391304348,32.2908285321101
21731,2023-08-08 16:00:00,Asia/Bangkok,61.70944018181818,0.1565217391304348,0.02586206896551724,32.4946411818182
21732,2023-08-08 17:00:00,Asia/Bangkok,63.66554947826087,0.4224137931034483,0.1896551724137931,31.66718295652171
21733,2023-08-08 18:00:00,Asia/Bangkok,68.76923894736838,1.719298245614035,1.421052631578947,30.07118921052633
21734,2023-08-08 19:00:00,Asia/Bangkok,72.35885499999999,7.189655172413793,5.913793103448276,29.14262592920354
21735,2023-08-08 20:00:00,Asia/Bangkok,75.14574730434782,6.482758620689655,5.905172413793103,28.39780438596489
21736,2023-08-08 21:00:00,Asia/Bangkok,76.11494791304348,13.77586206896552,12.26724137931035,28.4964584347826
21737,2023-08-08 22:00:00,Asia/Bangkok,77.96833531531531,5.517543859649122,4.903508771929824,27.97352018018019
21738,2023-08-08 23:00:00,Asia/Bangkok,81.27555783783787,8.543103448275861,7.724137931034483,27.38751558558558
21739,2023-08-09 00:00:00,Asia/Bangkok,85.26203370689656,8.818965517241379,8.10344827586207,26.49736594827587
21740,2023-08-09 01:00:00,Asia/Bangkok,86.25799714285718,8.637931034482758,7.974137931034483,26.28481035714283
21741,2023-08-09 02:00:00,Asia/Bangkok,86.39427807017543,6.112068965517241,5.491379310344827,26.32675526315789
21742,2023-08-09 03:00:00,Asia/Bangkok,87.5162132142857,7.111111111111111,6.418803418803419,26.03780250000002
21743,2023-08-09 04:00:00,Asia/Bangkok,88.57188217391308,6.637931034482759,6.017241379310345,25.81599850877193
21744,2023-08-09 05:00:00,Asia/Bangkok,88.75992456140348,7.275862068965517,6.46551724137931,25.80210947368418
21745,2023-08-09 06:00:00,Asia/Bangkok,89.82264146551718,6.293103448275862,5.577586206896552,25.64680417391305
21746,2023-08-09 07:00:00,Asia/Bangkok,91.02505807017539,13.62608695652174,12.61206896551724,25.44725815789475
21747,2023-08-09 08:00:00,Asia/Bangkok,86.54707973451328,11.11304347826087,10.24347826086957,27.05769026548673
21748,2023-08-09 09:00:00,Asia/Bangkok,78.12721849557519,4.888888888888889,4.256410256410256,29.40303785714287
21749,2023-08-09 10:00:00,Asia/Bangkok,70.46632421052631,2.252173913043478,1.704347826086956,31.47156438596491
21750,2023-08-09 11:00:00,Asia/Bangkok,62.72886517241379,1.700854700854701,1.418803418803419,33.35628698275863
21751,2023-08-09 12:00:00,Asia/Bangkok,57.94027263157891,1.327586206896552,1.043103448275862,35.05020315789474
21752,2023-08-09 13:00:00,Asia/Bangkok,55.41297127272728,2.189655172413793,1.827586206896552,36.02593605504587
21753,2023-08-09 14:00:00,Asia/Bangkok,59.08698783783782,0.2413793103448276,0.1206896551724138,34.07478765765767
21754,2023-08-09 15:00:00,Asia/Bangkok,57.6811944827586,0.3620689655172414,0.2155172413793103,34.17891817391305
21755,2023-08-09 16:00:00,Asia/Bangkok,52.70802687500001,0.4786324786324787,0.188034188034188,35.71159535714286
21756,2023-08-09 17:00:00,Asia/Bangkok,54.54512556521738,0.6896551724137931,0.396551724137931,35.22594486956521
21757,2023-08-09 18:00:00,Asia/Bangkok,59.87958543103447,2.299145299145299,2.076923076923077,33.39625103448276
21758,2023-08-09 19:00:00,Asia/Bangkok,67.90327972972973,3.713043478260869,3.304347826086957,31.64141562499998
21759,2023-08-09 20:00:00,Asia/Bangkok,72.79833122807018,14.2,13.26315789473684,30.77228407079646
21760,2023-08-09 21:00:00,Asia/Bangkok,75.79059918918918,12.85344827586207,12.16239316239316,29.81955756756757
21761,2023-08-09 22:00:00,Asia/Bangkok,76.62921568965518,3.732758620689655,3.370689655172414,29.17095939655172
21762,2023-08-09 23:00:00,Asia/Bangkok,79.00448999999996,2.844827586206896,2.456896551724138,28.35837380530971
21763,2023-08-10 00:00:00,Asia/Bangkok,80.57981669642858,2.560344827586207,2.344827586206896,28.10735482142856
21764,2023-08-10 01:00:00,Asia/Bangkok,80.1087585321101,3.181034482758621,2.905172413793104,28.39761256880732
21765,2023-08-10 02:00:00,Asia/Bangkok,83.03470842592598,1.870689655172414,1.637931034482759,27.03679435185186
21766,2023-08-10 03:00:00,Asia/Bangkok,81.43115839285711,0.5172413793103449,0.3620689655172414,26.72626315315315
21767,2023-08-10 04:00:00,Asia/Bangkok,81.96818587719295,1.130434782608696,1.0,26.60798447368419
21768,2023-08-10 05:00:00,Asia/Bangkok,82.11372803571432,0.9224137931034483,0.6810344827586207,26.61354875
21769,2023-08-10 06:00:00,Asia/Bangkok,82.70416701754388,1.330434782608696,0.9826086956521739,26.44694517543862
21770,2023-08-10 07:00:00,Asia/Bangkok,84.69334061403504,2.026086956521739,1.739130434782609,25.87057530434784
21771,2023-08-10 08:00:00,Asia/Bangkok,82.75391172413794,3.112068965517242,2.655172413793104,26.81914504347825
21772,2023-08-10 09:00:00,Asia/Bangkok,77.5643811304348,2.362068965517242,1.956896551724138,28.79407365217391
21773,2023-08-10 10:00:00,Asia/Bangkok,71.54723070796462,1.301724137931034,1.017241379310345,30.76970424778759
21774,2023-08-10 11:00:00,Asia/Bangkok,67.01045767857138,2.017241379310345,1.793103448275862,32.25087160714286
21775,2023-08-10 12:00:00,Asia/Bangkok,63.75385051724137,2.803418803418803,2.564102564102564,33.60619456896551
21776,2023-08-10 13:00:00,Asia/Bangkok,60.11143123893805,4.620689655172414,4.21551724137931,35.02006681415929
21777,2023-08-10 14:00:00,Asia/Bangkok,56.29829812499997,1.660869565217391,1.4,36.39606557522123
21778,2023-08-10 15:00:00,Asia/Bangkok,60.25878763157897,0.9743589743589743,0.8290598290598291,34.7636217699115
21779,2023-08-10 16:00:00,Asia/Bangkok,65.86281061403508,1.632478632478632,1.324786324786325,33.62565377192983
21780,2023-08-10 17:00:00,Asia/Bangkok,86.39430640350878,0.293103448275862,0.1724137931034483,27.0255855263158
21781,2023-08-10 18:00:00,Asia/Bangkok,88.32435304347828,0.6896551724137931,0.5172413793103449,26.32727000000002
21782,2023-08-10 19:00:00,Asia/Bangkok,86.97717394736846,1.086206896551724,0.7068965517241379,26.65054596491228
21783,2023-08-10 20:00:00,Asia/Bangkok,87.0375774137931,1.008547008547009,0.7863247863247863,26.45889836206898
21784,2023-08-10 21:00:00,Asia/Bangkok,87.4607453913044,1.78448275862069,1.422413793103448,26.48918530434783
21785,2023-08-10 22:00:00,Asia/Bangkok,89.74537999999998,3.418803418803419,3.017094017094017,26.12866669565219
21786,2023-08-10 23:00:00,Asia/Bangkok,89.40148618181821,2.721739130434782,2.31304347826087,26.23449200000002
21787,2023-08-11 00:00:00,Asia/Bangkok,88.4046708695653,1.560344827586207,1.353448275862069,26.23603669565218
21788,2023-08-11 01:00:00,Asia/Bangkok,89.08512815789476,1.21551724137931,0.9741379310344828,25.9654412280702
21789,2023-08-11 02:00:00,Asia/Bangkok,91.07766887931038,1.58974358974359,1.264957264957265,25.42504405172416
21790,2023-08-11 03:00:00,Asia/Bangkok,90.91831539823008,2.241379310344827,1.939655172413793,25.49495601769913
21791,2023-08-11 04:00:00,Asia/Bangkok,92.01675800000004,2.811965811965812,2.444444444444445,25.22189243478264
21792,2023-08-11 05:00:00,Asia/Bangkok,92.30808763157903,1.930434782608696,1.634782608695652,25.19444192982457
21793,2023-08-11 06:00:00,Asia/Bangkok,93.22014991228068,3.28448275862069,2.853448275862069,24.97003991228072
21794,2023-08-11 07:00:00,Asia/Bangkok,93.38579078947366,4.560344827586207,4.112068965517241,25.096108
21795,2023-08-11 08:00:00,Asia/Bangkok,90.47054379310345,4.094017094017094,3.683760683760684,26.39335513043478
21796,2023-08-11 09:00:00,Asia/Bangkok,85.76116642857143,3.275862068965517,2.78448275862069,28.00149669642859
21797,2023-08-11 10:00:00,Asia/Bangkok,80.06021221238939,2.620689655172414,2.318965517241379,29.6025124778761
21798,2023-08-11 11:00:00,Asia/Bangkok,73.25082754385964,2.675213675213675,2.379310344827586,31.16389008771928
21799,2023-08-11 12:00:00,Asia/Bangkok,66.8683664912281,3.147826086956522,2.75,33.13977131578949
21800,2023-08-11 13:00:00,Asia/Bangkok,63.54841741071429,1.836206896551724,1.551724137931034,33.73868747747746
21801,2023-08-11 14:00:00,Asia/Bangkok,62.24818938596491,0.6637168141592921,0.5663716814159292,33.92128885964915
21802,2023-08-11 15:00:00,Asia/Bangkok,60.72974263157895,0.4608695652173913,0.3043478260869565,34.05185385964913
21803,2023-08-11 16:00:00,Asia/Bangkok,63.80883991228072,1.362068965517241,1.008620689655172,33.56955814159291
21804,2023-08-11 17:00:00,Asia/Bangkok,67.76745657894737,1.6,1.417391304347826,31.90193965217392
21805,2023-08-11 18:00:00,Asia/Bangkok,73.13598830357145,2.887931034482758,2.620689655172414,30.72684324324324
21806,2023-08-11 19:00:00,Asia/Bangkok,75.34375778761058,5.191304347826087,4.608695652173913,29.85775318584071
21807,2023-08-11 20:00:00,Asia/Bangkok,76.82740780701755,9.452991452991453,8.709401709401709,29.17803254385965
21808,2023-08-11 21:00:00,Asia/Bangkok,80.29221646017697,13.7787610619469,12.49557522123894,28.53906115044246
21809,2023-08-11 22:00:00,Asia/Bangkok,83.109924159292,9.905172413793103,9.043103448275861,28.06674185840706
21810,2023-08-11 23:00:00,Asia/Bangkok,84.47182241071427,5.387931034482759,4.836206896551724,27.75750743362833
21811,2023-08-12 00:00:00,Asia/Bangkok,85.41156521739131,5.0,4.495726495726496,27.44639710526313
21812,2023-08-12 01:00:00,Asia/Bangkok,85.75132434782608,5.060344827586207,4.482758620689655,27.20705895652176
21813,2023-08-12 02:00:00,Asia/Bangkok,85.22170631578952,4.391304347826087,3.91304347826087,27.07177666666669
21814,2023-08-12 03:00:00,Asia/Bangkok,87.94858356521743,5.508620689655173,5.043103448275862,26.47732596491228
21815,2023-08-12 04:00:00,Asia/Bangkok,87.93288834782612,4.362068965517241,3.767241379310345,26.29657252173914
21816,2023-08-12 05:00:00,Asia/Bangkok,89.2198537606837,5.034188034188034,4.495726495726496,25.99377316239316
21817,2023-08-12 06:00:00,Asia/Bangkok,89.47030643478263,4.681034482758621,4.379310344827586,25.84963173913044
21818,2023-08-12 07:00:00,Asia/Bangkok,88.5798537719298,3.448275862068965,3.077586206896552,25.92297517543859
21819,2023-08-12 08:00:00,Asia/Bangkok,84.53620964601768,2.353448275862069,2.0,27.33930371681416
21820,2023-08-12 09:00:00,Asia/Bangkok,80.17819101851855,1.603448275862069,1.241379310344828,28.66561916666664
21821,2023-08-12 10:00:00,Asia/Bangkok,76.97047391304348,2.034188034188034,1.606837606837607,30.10749649122807
21822,2023-08-12 11:00:00,Asia/Bangkok,71.7547604385965,2.646551724137931,2.362068965517242,31.85239008771931
21823,2023-08-12 12:00:00,Asia/Bangkok,67.50369867256636,1.615384615384615,1.384615384615385,32.98600920353984
21824,2023-08-12 13:00:00,Asia/Bangkok,62.24490747826088,0.5431034482758621,0.4051724137931034,34.30755965217391
21825,2023-08-12 14:00:00,Asia/Bangkok,59.34156639639639,0.6521739130434783,0.4869565217391305,34.87405774774776
21826,2023-08-12 15:00:00,Asia/Bangkok,57.98952426086955,0.8205128205128205,0.5641025641025641,35.13011584070795
21827,2023-08-12 16:00:00,Asia/Bangkok,58.94757895652173,1.379310344827586,1.146551724137931,34.71760426086957
21828,2023-08-12 17:00:00,Asia/Bangkok,64.97941053097347,1.525862068965517,1.206896551724138,32.97345938053095
21829,2023-08-12 18:00:00,Asia/Bangkok,71.7568107826087,3.504273504273504,3.162393162393162,30.35542530434781
21830,2023-08-12 19:00:00,Asia/Bangkok,74.79520232142859,6.474137931034483,6.0,29.15846482142859
21831,2023-08-12 20:00:00,Asia/Bangkok,78.247645,5.396551724137931,4.887931034482759,28.5351693965517
21832,2023-08-12 21:00:00,Asia/Bangkok,81.07332508771933,6.922413793103448,6.387931034482759,27.9431949122807
21833,2023-08-12 22:00:00,Asia/Bangkok,81.9010030973451,4.94017094017094,4.512820512820513,27.75430410714283
21834,2023-08-12 23:00:00,Asia/Bangkok,83.49480203539825,6.181034482758621,5.612068965517241,27.44576168141593
21835,2023-08-13 00:00:00,Asia/Bangkok,85.13032447368421,5.043103448275862,4.508620689655173,27.11695938596489
21836,2023-08-13 01:00:00,Asia/Bangkok,85.78708729729735,5.043103448275862,4.586206896551724,26.89374567567569
21837,2023-08-13 02:00:00,Asia/Bangkok,85.82458398230091,4.793103448275862,4.226086956521739,26.96826955752212
21838,2023-08-13 03:00:00,Asia/Bangkok,84.583155877193,4.62280701754386,4.095652173913043,27.11991236842105
21839,2023-08-13 04:00:00,Asia/Bangkok,84.38647456140356,3.094827586206896,2.698275862068965,27.1928745614035
21840,2023-08-13 05:00:00,Asia/Bangkok,86.56587263636366,3.732758620689655,3.293103448275862,26.7247419090909
21841,2023-08-13 06:00:00,Asia/Bangkok,88.0614485964913,4.28695652173913,3.878260869565217,26.40140894736841
21842,2023-08-13 07:00:00,Asia/Bangkok,89.33967521739127,8.112068965517242,7.387931034482759,26.25157147826087
21843,2023-08-13 08:00:00,Asia/Bangkok,85.53446132743363,11.54310344827586,10.17241379310345,27.37626265486725
21844,2023-08-13 09:00:00,Asia/Bangkok,79.21669862068966,4.367521367521367,3.769230769230769,29.25473155172415
21845,2023-08-13 10:00:00,Asia/Bangkok,72.42889357798165,2.666666666666667,2.226086956521739,31.11908342592592
21846,2023-08-13 11:00:00,Asia/Bangkok,68.50695859649122,2.456896551724138,2.094827586206896,32.44850824561402
21847,2023-08-13 12:00:00,Asia/Bangkok,62.923418362069,2.78448275862069,2.456896551724138,34.30285120689655
21848,2023-08-13 13:00:00,Asia/Bangkok,64.0655026548672,2.339130434782609,2.034782608695652,33.92293902654866
21849,2023-08-13 14:00:00,Asia/Bangkok,60.8108044144144,1.333333333333333,1.188034188034188,34.76154306306307
21850,2023-08-13 15:00:00,Asia/Bangkok,60.08578893805308,1.120689655172414,0.9137931034482759,34.78778142857142
21851,2023-08-13 16:00:00,Asia/Bangkok,60.49816017699115,1.982300884955752,1.663716814159292,34.77250495575223
21852,2023-08-13 17:00:00,Asia/Bangkok,60.24595415929203,3.660869565217391,3.417391304347826,34.20970469026548
21853,2023-08-13 18:00:00,Asia/Bangkok,67.61043657894737,9.572649572649572,8.94017094017094,32.5339105263158
21854,2023-08-13 19:00:00,Asia/Bangkok,71.7841910619469,2.448275862068965,2.112068965517242,30.42275176991151
21855,2023-08-13 20:00:00,Asia/Bangkok,78.48135377192985,11.49137931034483,9.974137931034482,29.03416991304349
21856,2023-08-13 21:00:00,Asia/Bangkok,81.11935723214286,4.905982905982906,4.367521367521367,28.58211414414412
21857,2023-08-13 22:00:00,Asia/Bangkok,85.47873063063062,1.913793103448276,1.672413793103448,27.6100191891892
21858,2023-08-13 23:00:00,Asia/Bangkok,85.66734877192984,1.603448275862069,1.258620689655172,27.38111403508772
21859,2023-08-14 00:00:00,Asia/Bangkok,86.94236260869567,0.6982758620689655,0.5172413793103449,26.77521599999999
21860,2023-08-14 01:00:00,Asia/Bangkok,87.20674122807016,1.905172413793103,1.577586206896552,26.72409929824561
21861,2023-08-14 02:00:00,Asia/Bangkok,86.04898147826087,0.8103448275862069,0.646551724137931,26.80458791304349
21862,2023-08-14 03:00:00,Asia/Bangkok,88.54120495652168,2.853448275862069,2.53448275862069,26.346426
21863,2023-08-14 04:00:00,Asia/Bangkok,89.41022573913042,3.017094017094017,2.692307692307693,26.22031591304349
21864,2023-08-14 05:00:00,Asia/Bangkok,90.40663877192988,4.318965517241379,3.793103448275862,26.08305061403508
21865,2023-08-14 06:00:00,Asia/Bangkok,90.29852486956517,4.589743589743589,4.008547008547009,26.15625104347827
21866,2023-08-14 07:00:00,Asia/Bangkok,90.06039836363635,7.060344827586207,6.422413793103448,26.24859827272727
21867,2023-08-14 08:00:00,Asia/Bangkok,87.6792526785715,11.46551724137931,10.23275862068965,26.87447669642857
21868,2023-08-14 09:00:00,Asia/Bangkok,80.64400965517243,1.672413793103448,1.344827586206897,28.64562232758621
21869,2023-08-14 10:00:00,Asia/Bangkok,75.79842833333336,2.517241379310345,2.008620689655173,29.83446596491229
21870,2023-08-14 11:00:00,Asia/Bangkok,70.59701963963963,2.234782608695652,1.782608695652174,31.9971754054054
21871,2023-08-14 12:00:00,Asia/Bangkok,66.45607858407078,1.844827586206897,1.396551724137931,33.41916929203538
21872,2023-08-14 13:00:00,Asia/Bangkok,70.86868486486486,2.886956521739131,2.556521739130435,31.90794774774774
21873,2023-08-14 14:00:00,Asia/Bangkok,75.64518130434782,3.112068965517242,2.801724137931035,31.51392895652172
21874,2023-08-14 15:00:00,Asia/Bangkok,72.09693728070175,1.894736842105263,1.582608695652174,31.50669238938051
21875,2023-08-14 16:00:00,Asia/Bangkok,81.27512260869565,0.7256637168141593,0.5929203539823009,28.4183687826087
21876,2023-08-14 17:00:00,Asia/Bangkok,88.23559176991144,0.1896551724137931,0.1120689655172414,26.08623238938053
21877,2023-08-14 18:00:00,Asia/Bangkok,88.69448133928576,0.8362068965517241,0.7068965517241379,26.27493874999999
21878,2023-08-14 19:00:00,Asia/Bangkok,88.79657026548675,4.581196581196581,4.17948717948718,26.25866973451328
21879,2023-08-14 20:00:00,Asia/Bangkok,88.02425382608696,2.052173913043478,1.724137931034483,26.38931547826087
21880,2023-08-14 21:00:00,Asia/Bangkok,87.31589897435897,0.4567901234567901,0.3580246913580247,26.4345561038961
21881,2023-08-14 22:00:00,Asia/Bangkok,89.810144,1.556521739130435,1.189655172413793,26.0055056521739
21882,2023-08-14 23:00:00,Asia/Bangkok,88.00803044642858,0.8547008547008547,0.5299145299145299,25.96755745454545
21883,2023-08-15 00:00:00,Asia/Bangkok,86.02440885964913,0.5344827586206896,0.2413793103448276,26.34516815789475
21884,2023-08-15 01:00:00,Asia/Bangkok,86.53035219298245,0.5344827586206896,0.146551724137931,26.29419614035087
21885,2023-08-15 02:00:00,Asia/Bangkok,87.07231141592922,1.147826086956522,0.782608695652174,26.12567061946903
21886,2023-08-15 03:00:00,Asia/Bangkok,86.93258649122808,1.234782608695652,0.7586206896551724,26.17264789473684
21887,2023-08-15 04:00:00,Asia/Bangkok,86.89882620689659,1.267241379310345,0.9051724137931034,26.09994069565217
21888,2023-08-15 05:00:00,Asia/Bangkok,85.42581473684213,1.4,0.8869565217391304,26.32598210526316
21889,2023-08-15 06:00:00,Asia/Bangkok,84.58595205357142,1.452991452991453,0.8974358974358975,26.59838419642856
21890,2023-08-15 07:00:00,Asia/Bangkok,85.54721321428573,1.405172413793103,0.8017241379310345,26.58767866071431
21891,2023-08-15 08:00:00,Asia/Bangkok,85.21273587719294,1.491379310344828,0.9396551724137931,26.88333315789471
21892,2023-08-15 09:00:00,Asia/Bangkok,81.42426061946904,1.543103448275862,0.8793103448275862,28.31387946902656
21893,2023-08-15 10:00:00,Asia/Bangkok,79.87543598290597,1.316239316239316,0.7264957264957265,28.7731088034188
21894,2023-08-15 11:00:00,Asia/Bangkok,76.92163182608691,1.862068965517241,1.155172413793103,30.06832947826086
21895,2023-08-15 12:00:00,Asia/Bangkok,71.23675725663716,2.353448275862069,1.810344827586207,31.9962378761062
21896,2023-08-15 13:00:00,Asia/Bangkok,66.45747017699115,2.182608695652174,1.678260869565217,33.11890982300883
21897,2023-08-15 14:00:00,Asia/Bangkok,66.59686688073394,0.9203539823008849,0.6194690265486725,32.65647018348623
21898,2023-08-15 15:00:00,Asia/Bangkok,77.32861225225227,1.365217391304348,1.121739130434783,28.39134036036034
21899,2023-08-15 16:00:00,Asia/Bangkok,73.78582313043482,4.658119658119658,4.170940170940171,28.57707973913044
21900,2023-08-15 17:00:00,Asia/Bangkok,73.70749383928573,3.112068965517242,2.71551724137931,28.27151026785713
21901,2023-08-15 18:00:00,Asia/Bangkok,77.73323245614031,74.00869565217391,67.95652173913044,27.92609150442478
21902,2023-08-15 19:00:00,Asia/Bangkok,80.75016675438594,127.5344827586207,111.4568965517241,27.56051610619468
21903,2023-08-15 20:00:00,Asia/Bangkok,80.98658292035402,10.8448275862069,9.46551724137931,26.85656486725665
21904,2023-08-15 21:00:00,Asia/Bangkok,84.29018363636365,1.560344827586207,1.198275862068966,26.06196390909092
21905,2023-08-15 22:00:00,Asia/Bangkok,83.42003904347825,8.956521739130435,7.765217391304348,26.39834704347826
21906,2023-08-15 23:00:00,Asia/Bangkok,81.7399492857143,0.3565217391304348,0.1304347826086956,26.77152821428572
21907,2023-08-16 00:00:00,Asia/Bangkok,81.47388715517245,0.1724137931034483,0.008620689655172414,26.79314226086955
21908,2023-08-16 01:00:00,Asia/Bangkok,85.41609482142857,0.782608695652174,0.5565217391304348,26.11135812500001
21909,2023-08-16 02:00:00,Asia/Bangkok,86.0809372321429,0.2894736842105263,0.1666666666666667,25.74242812499998
21910,2023-08-16 03:00:00,Asia/Bangkok,87.68344869565217,0.2586206896551724,0.1120689655172414,25.39876373913046
21911,2023-08-16 04:00:00,Asia/Bangkok,86.94523663793103,0.2758620689655172,0.1206896551724138,25.5049744347826
21912,2023-08-16 05:00:00,Asia/Bangkok,87.4577486956522,0.4782608695652174,0.2434782608695652,25.46814573913043
21913,2023-08-16 06:00:00,Asia/Bangkok,87.38872017241376,0.5086206896551724,0.2758620689655172,25.5016782758621
21914,2023-08-16 07:00:00,Asia/Bangkok,88.84321017699114,0.7241379310344828,0.5,25.40546699115044
21915,2023-08-16 08:00:00,Asia/Bangkok,88.66318776785708,1.724137931034483,1.482758620689655,25.94949276785714
21916,2023-08-16 09:00:00,Asia/Bangkok,85.24582478260872,1.068965517241379,0.7241379310344828,27.22385043478262
21917,2023-08-16 10:00:00,Asia/Bangkok,79.09105321739132,1.896551724137931,1.482758620689655,29.01552460869565
21918,2023-08-16 11:00:00,Asia/Bangkok,75.09984605263159,1.239316239316239,0.8974358974358975,30.20362763157896
21919,2023-08-16 12:00:00,Asia/Bangkok,70.28828894736847,1.137931034482759,0.9051724137931034,31.78665265486728
21920,2023-08-16 13:00:00,Asia/Bangkok,62.44944504347826,1.508620689655172,1.241379310344828,34.07654139130434
21921,2023-08-16 14:00:00,Asia/Bangkok,72.98559750000003,0.6788990825688074,0.4954128440366973,30.6209674074074
21922,2023-08-16 15:00:00,Asia/Bangkok,65.71459675438598,0.4434782608695652,0.2521739130434782,31.7663989380531
21923,2023-08-16 16:00:00,Asia/Bangkok,68.2673513392857,15.28695652173913,13.52173913043478,31.58379008928569
21924,2023-08-16 17:00:00,Asia/Bangkok,72.40002434782606,36.4,32.47826086956522,30.44198657894736
21925,2023-08-16 18:00:00,Asia/Bangkok,74.83478159292036,9.228070175438596,8.526315789473685,29.69560973684212
21926,2023-08-16 19:00:00,Asia/Bangkok,79.39492517543862,25.39655172413793,22.5,28.35244336283185
21927,2023-08-16 20:00:00,Asia/Bangkok,79.37567725663722,7.258620689655173,6.405172413793103,27.81606433628318
21928,2023-08-16 21:00:00,Asia/Bangkok,81.66190358974356,3.367521367521368,3.0,27.19690188034187
21929,2023-08-16 22:00:00,Asia/Bangkok,82.37709982300886,0.853448275862069,0.6206896551724138,27.11338699115042
21930,2023-08-16 23:00:00,Asia/Bangkok,83.0454740350877,0.5862068965517241,0.3275862068965517,26.94606157894737
21931,2023-08-17 00:00:00,Asia/Bangkok,81.87413230769232,1.299145299145299,1.153846153846154,26.97611188034188
21932,2023-08-17 01:00:00,Asia/Bangkok,83.24857693693698,1.086206896551724,0.8793103448275862,26.63323342342342
21933,2023-08-17 02:00:00,Asia/Bangkok,85.10776556521736,2.310344827586207,1.939655172413793,26.2753724347826
21934,2023-08-17 03:00:00,Asia/Bangkok,87.01225000000001,2.948717948717949,2.547008547008547,25.74175156521739
21935,2023-08-17 04:00:00,Asia/Bangkok,87.57484657894733,3.741379310344827,3.258620689655173,25.62913849557522
21936,2023-08-17 05:00:00,Asia/Bangkok,88.34399973451326,3.429824561403509,2.956521739130435,25.46623517857146
21937,2023-08-17 06:00:00,Asia/Bangkok,88.27047159292029,3.577586206896552,3.198275862068965,25.51110812500002
21938,2023-08-17 07:00:00,Asia/Bangkok,88.88721526315787,4.379310344827586,3.931034482758621,25.43826254385968
21939,2023-08-17 08:00:00,Asia/Bangkok,88.40051669565213,4.568965517241379,4.060344827586207,25.88657304347827
21940,2023-08-17 09:00:00,Asia/Bangkok,86.49307716814162,5.130434782608695,4.556521739130435,26.94032901785713
21941,2023-08-17 10:00:00,Asia/Bangkok,82.07396608695653,5.843478260869565,5.310344827586207,28.53809269565217
21942,2023-08-17 11:00:00,Asia/Bangkok,76.6761304385965,8.310344827586206,7.586206896551724,30.00621087719299
21943,2023-08-17 12:00:00,Asia/Bangkok,72.52116526315788,5.379310344827586,4.586206896551724,31.19001115044247
21944,2023-08-17 13:00:00,Asia/Bangkok,69.0998878761062,8.836206896551724,7.931034482758621,32.19998451327432
21945,2023-08-17 14:00:00,Asia/Bangkok,66.77930373913043,5.957264957264957,5.504273504273504,32.85624782608696
21946,2023-08-17 15:00:00,Asia/Bangkok,64.20791123893805,6.077586206896552,5.5,33.83552876106197
21947,2023-08-17 16:00:00,Asia/Bangkok,63.84234482142859,5.888888888888889,5.273504273504273,33.93921169642856
21948,2023-08-17 17:00:00,Asia/Bangkok,66.2572304385965,7.181034482758621,6.543103448275862,33.23693570175439
21949,2023-08-17 18:00:00,Asia/Bangkok,67.57899142857143,11.5948275862069,10.62068965517241,31.96555116071426
21950,2023-08-17 19:00:00,Asia/Bangkok,72.03200189655172,10.64102564102564,9.487179487179487,30.61082017241381
21951,2023-08-17 20:00:00,Asia/Bangkok,76.71516442477878,5.741379310344827,5.060344827586207,29.65317929203539
21952,2023-08-17 21:00:00,Asia/Bangkok,79.27779154545459,7.663716814159292,6.690265486725663,29.11723290909092
21953,2023-08-17 22:00:00,Asia/Bangkok,80.28973547826085,5.258620689655173,4.620689655172414,28.64969052173914
21954,2023-08-17 23:00:00,Asia/Bangkok,81.4698293859649,4.956896551724138,4.396551724137931,28.2288942982456
21955,2023-08-18 00:00:00,Asia/Bangkok,82.0300133333333,4.852173913043479,4.31304347826087,27.87647558558559
21956,2023-08-18 01:00:00,Asia/Bangkok,83.54528482142858,4.113043478260869,3.669565217391304,27.35577830357142
21957,2023-08-18 02:00:00,Asia/Bangkok,85.27824173913046,4.836206896551724,4.156521739130435,26.93030130434783
21958,2023-08-18 03:00:00,Asia/Bangkok,87.11400686956519,5.365217391304347,4.817391304347826,26.53674243478264
21959,2023-08-18 04:00:00,Asia/Bangkok,88.23694236842105,6.068965517241379,5.551724137931035,26.30522495575221
21960,2023-08-18 05:00:00,Asia/Bangkok,89.49908621621618,5.869565217391305,5.278260869565218,26.01414729729729
21961,2023-08-18 06:00:00,Asia/Bangkok,90.33398412280698,7.008547008547009,6.401709401709402,25.87242710526317
21962,2023-08-18 07:00:00,Asia/Bangkok,90.86016099099093,7.310344827586207,6.655172413793103,25.84704963963965
21963,2023-08-18 08:00:00,Asia/Bangkok,89.70573707964601,6.043103448275862,5.310344827586207,26.45046185840708
21964,2023-08-18 09:00:00,Asia/Bangkok,83.40090110091744,3.948275862068965,3.448275862068965,28.22066183486239
21965,2023-08-18 10:00:00,Asia/Bangkok,73.87428643478258,3.769230769230769,3.239316239316239,30.74315773913042
21966,2023-08-18 11:00:00,Asia/Bangkok,64.2852067256637,2.655172413793104,2.198275862068965,32.86565407079645
21967,2023-08-18 12:00:00,Asia/Bangkok,60.46579909909909,2.706896551724138,2.267241379310345,33.99566423423423
21968,2023-08-18 13:00:00,Asia/Bangkok,54.81679345132742,2.365217391304348,2.017391304347826,35.67632831858406
21969,2023-08-18 14:00:00,Asia/Bangkok,55.11867879310344,3.948717948717949,3.41025641025641,35.31962336206896
21970,2023-08-18 15:00:00,Asia/Bangkok,57.30518910714288,4.191304347826087,3.721739130434782,35.3125238392857
21971,2023-08-18 16:00:00,Asia/Bangkok,55.5122420869565,4.269565217391304,3.878260869565217,36.01452643478261
21972,2023-08-18 17:00:00,Asia/Bangkok,56.79389115044251,3.837606837606838,3.384615384615385,35.03918309734511
21973,2023-08-18 18:00:00,Asia/Bangkok,62.83734444444443,4.870689655172414,4.353448275862069,33.22911175925925
21974,2023-08-18 19:00:00,Asia/Bangkok,66.49990504504505,7.408695652173913,6.721739130434782,32.18929495495494
21975,2023-08-18 20:00:00,Asia/Bangkok,68.82503643478262,5.786324786324786,5.205128205128205,31.09457252173912
21976,2023-08-18 21:00:00,Asia/Bangkok,71.68320072072075,4.095652173913043,3.434782608695652,30.41910549549548
21977,2023-08-18 22:00:00,Asia/Bangkok,75.55552815789473,4.887931034482759,4.422413793103448,29.74550324561402
21978,2023-08-18 23:00:00,Asia/Bangkok,78.29013702702703,3.956896551724138,3.46551724137931,28.81897954954956
21979,2023-08-19 00:00:00,Asia/Bangkok,79.68693535087718,4.094017094017094,3.700854700854701,28.38974833333334
21980,2023-08-19 01:00:00,Asia/Bangkok,81.13335552631582,4.735042735042735,4.230769230769231,27.92098947368423
21981,2023-08-19 02:00:00,Asia/Bangkok,82.57996791304345,4.71551724137931,4.241379310344827,27.51931675438594
21982,2023-08-19 03:00:00,Asia/Bangkok,84.45474353982301,6.301724137931035,5.775862068965517,27.11924796460173
21983,2023-08-19 04:00:00,Asia/Bangkok,85.67959339130437,6.155172413793103,5.586206896551724,26.7876374782609
21984,2023-08-19 05:00:00,Asia/Bangkok,85.33125769911508,5.53448275862069,4.853448275862069,26.83862946902656
21985,2023-08-19 06:00:00,Asia/Bangkok,86.0055016521739,5.586206896551724,5.0,26.69974904347828
21986,2023-08-19 07:00:00,Asia/Bangkok,86.27476883928568,6.818965517241379,6.146551724137931,26.60122026785714
21987,2023-08-19 08:00:00,Asia/Bangkok,86.3945232075472,8.112068965517242,7.379310344827586,26.78564518867924
21988,2023-08-19 09:00:00,Asia/Bangkok,78.85365575221239,5.439655172413793,4.689655172413793,28.91092132743363
21989,2023-08-19 10:00:00,Asia/Bangkok,69.53510850877194,4.555555555555555,3.863247863247863,31.51916210526316
21990,2023-08-19 11:00:00,Asia/Bangkok,65.4140747368421,5.391304347826087,4.660869565217391,32.49587078947368
21991,2023-08-19 12:00:00,Asia/Bangkok,61.25514283185838,6.6,5.695652173913044,33.63858610619469
21992,2023-08-19 13:00:00,Asia/Bangkok,56.70516617391303,6.767857142857143,5.901785714285714,35.17539295652175
21993,2023-08-19 14:00:00,Asia/Bangkok,56.68587473684211,7.652173913043478,6.921739130434783,35.13297743362831
21994,2023-08-19 15:00:00,Asia/Bangkok,55.11960254385966,8.060344827586206,7.206896551724138,36.00644513043478
21995,2023-08-19 16:00:00,Asia/Bangkok,61.36167705357144,12.13793103448276,10.93103448275862,34.07597160714286
21996,2023-08-19 17:00:00,Asia/Bangkok,74.22344699115044,20.9304347826087,18.83478260869565,31.13053168141593
21997,2023-08-19 18:00:00,Asia/Bangkok,69.21587939130438,14.41025641025641,13.32478632478633,32.13400243478259
21998,2023-08-19 19:00:00,Asia/Bangkok,71.88471736842105,12.57758620689655,11.44827586206897,31.35207885964912
21999,2023-08-19 20:00:00,Asia/Bangkok,73.41917566371681,14.74137931034483,13.55172413793103,30.86283849557521
22000,2023-08-19 21:00:00,Asia/Bangkok,79.78426295652176,11.68103448275862,10.73275862068965,29.67739556521741
22001,2023-08-19 22:00:00,Asia/Bangkok,81.93139279279279,13.28448275862069,12.21551724137931,29.15431108108109
22002,2023-08-19 23:00:00,Asia/Bangkok,84.05733451327433,12.57758620689655,11.5948275862069,28.14930823008848
22003,2023-08-20 00:00:00,Asia/Bangkok,83.84924371681413,9.922413793103448,8.922413793103448,27.92483867256637
22004,2023-08-20 01:00:00,Asia/Bangkok,82.98413814159295,9.826086956521738,9.017391304347827,28.02163017699113
22005,2023-08-20 02:00:00,Asia/Bangkok,83.30692821428572,10.73275862068965,9.706896551724139,27.85622848214285
22006,2023-08-20 03:00:00,Asia/Bangkok,83.7780928318584,11.3304347826087,10.32173913043478,27.57549840707965
22007,2023-08-20 04:00:00,Asia/Bangkok,84.76959561403508,9.808695652173913,8.765217391304347,27.29976315789477
22008,2023-08-20 05:00:00,Asia/Bangkok,85.15040946428567,8.46551724137931,7.396551724137931,27.19335362831862
22009,2023-08-20 06:00:00,Asia/Bangkok,83.53823819819821,6.64957264957265,5.726495726495727,27.36902009090908
22010,2023-08-20 07:00:00,Asia/Bangkok,82.77832061403502,5.844827586206897,5.051724137931035,27.47326385964912
22011,2023-08-20 08:00:00,Asia/Bangkok,80.9694736283186,4.165217391304348,3.508620689655173,28.12383276785715
22012,2023-08-20 09:00:00,Asia/Bangkok,75.18264557522124,4.068965517241379,3.293103448275862,29.62813088495575
22013,2023-08-20 10:00:00,Asia/Bangkok,70.61479878260867,4.230769230769231,3.478632478632479,30.96521243478261
22014,2023-08-20 11:00:00,Asia/Bangkok,64.30821405172412,3.896551724137931,3.146551724137931,32.88564336206896
22015,2023-08-20 12:00:00,Asia/Bangkok,62.37354087719298,7.172413793103448,6.431034482758621,33.46657292035399
22016,2023-08-20 13:00:00,Asia/Bangkok,59.87974362068968,7.224137931034483,6.456896551724138,34.11252189655173
22017,2023-08-20 14:00:00,Asia/Bangkok,58.68685594827586,8.129310344827585,7.439655172413793,34.64856646551723
22018,2023-08-20 15:00:00,Asia/Bangkok,59.96838368421049,7.794871794871795,7.196581196581197,34.76185710526318
22019,2023-08-20 16:00:00,Asia/Bangkok,66.37064228070174,7.043478260869565,6.304347826086956,32.49687789473684
22020,2023-08-20 17:00:00,Asia/Bangkok,66.84606115044247,7.172413793103448,6.431034482758621,32.58267053097346
22021,2023-08-20 18:00:00,Asia/Bangkok,69.92570934579437,5.843478260869565,5.234782608695652,30.67077925233645
22022,2023-08-20 19:00:00,Asia/Bangkok,72.23934486486486,6.350877192982456,5.763157894736842,29.95738216216217
22023,2023-08-20 20:00:00,Asia/Bangkok,75.35751478260866,48.20869565217392,41.8,29.28746586206897
22024,2023-08-20 21:00:00,Asia/Bangkok,78.54703591304346,12.12068965517241,11.03448275862069,28.36981385964915
22025,2023-08-20 22:00:00,Asia/Bangkok,81.29193008771925,14.85344827586207,13.58620689655172,27.9117842982456
22026,2023-08-20 23:00:00,Asia/Bangkok,82.31114573913045,14.27826086956522,12.96521739130435,27.81459869565219
22027,2023-08-21 00:00:00,Asia/Bangkok,82.74419857142858,13.04273504273504,11.92307692307692,27.63168303571428
22028,2023-08-21 01:00:00,Asia/Bangkok,82.69327184210528,8.612068965517242,7.862068965517241,27.48802052631578
22029,2023-08-21 02:00:00,Asia/Bangkok,82.56403348214288,12.56521739130435,11.17391304347826,27.3140304464286
22030,2023-08-21 03:00:00,Asia/Bangkok,83.91719140350875,40.12068965517241,34.67241379310344,26.98363499999999
22031,2023-08-21 04:00:00,Asia/Bangkok,86.1207290350877,53.24786324786325,43.36752136752137,26.4196554385965
22032,2023-08-21 05:00:00,Asia/Bangkok,87.81445508771934,21.56896551724138,19.9051724137931,25.91693131578946
22033,2023-08-21 06:00:00,Asia/Bangkok,87.59016724137928,13.39655172413793,12.33620689655172,25.78804974137932
22034,2023-08-21 07:00:00,Asia/Bangkok,87.28236629310342,17.79310344827586,16.3448275862069,25.73480577586205
22035,2023-08-21 08:00:00,Asia/Bangkok,86.58362035398235,12.46551724137931,11.47413793103448,26.21984584070797
22036,2023-08-21 09:00:00,Asia/Bangkok,79.43081150442477,10.21551724137931,9.206896551724139,28.35858805309734
22037,2023-08-21 10:00:00,Asia/Bangkok,72.45592657894737,7.076923076923077,6.401709401709402,30.60858061403508
22038,2023-08-21 11:00:00,Asia/Bangkok,65.0686861403509,5.652173913043478,5.060869565217391,33.15431780701753
22039,2023-08-21 12:00:00,Asia/Bangkok,62.203562,6.913793103448276,6.379310344827586,33.80827713043479
22040,2023-08-21 13:00:00,Asia/Bangkok,58.08902686956522,7.396551724137931,6.853448275862069,35.20295426086955
22041,2023-08-21 14:00:00,Asia/Bangkok,55.47547781818182,5.155172413793103,4.491379310344827,35.44618063636362
22042,2023-08-21 15:00:00,Asia/Bangkok,54.04619085470085,3.811965811965812,3.358974358974359,35.63806581196581
22043,2023-08-21 16:00:00,Asia/Bangkok,51.22659846846845,4.069565217391304,3.391304347826087,36.08499243243243
22044,2023-08-21 17:00:00,Asia/Bangkok,56.86693150442478,4.405172413793103,3.758620689655173,34.15641548672566
22045,2023-08-21 18:00:00,Asia/Bangkok,63.35147225225227,5.28448275862069,4.803418803418803,32.67671414414414
22046,2023-08-21 19:00:00,Asia/Bangkok,66.82953701754386,39.28448275862069,35.11206896551724,31.3494095614035
22047,2023-08-21 20:00:00,Asia/Bangkok,71.50136719298244,150.034188034188,131.3589743589744,30.21159175438594
22048,2023-08-21 21:00:00,Asia/Bangkok,74.7520175221239,28.62931034482759,25.24137931034483,29.38548274336283
22049,2023-08-21 22:00:00,Asia/Bangkok,77.17915482456142,9.10344827586207,8.431034482758621,28.85429385964913
22050,2023-08-21 23:00:00,Asia/Bangkok,78.69903456140352,12.25641025641026,11.5042735042735,28.70185096491228
22051,2023-08-22 00:00:00,Asia/Bangkok,81.32996208695658,10.04310344827586,9.370689655172415,28.13903008695654
22052,2023-08-22 01:00:00,Asia/Bangkok,83.21334601769915,6.293103448275862,5.758620689655173,27.79028504424777
22053,2023-08-22 02:00:00,Asia/Bangkok,84.2939850909091,5.146551724137931,4.560344827586207,27.46093990990991
22054,2023-08-22 03:00:00,Asia/Bangkok,85.69368608695653,9.213675213675213,8.598290598290598,27.16181824561404
22055,2023-08-22 04:00:00,Asia/Bangkok,86.87050531531534,12.71551724137931,11.87931034482759,26.74334135135136
22056,2023-08-22 05:00:00,Asia/Bangkok,89.72995009009009,13.5,12.69827586206897,26.07436126126127
22057,2023-08-22 06:00:00,Asia/Bangkok,89.08262663716816,11.51724137931035,10.77586206896552,26.25687451327434
22058,2023-08-22 07:00:00,Asia/Bangkok,89.11142850877194,13.41739130434783,12.56521739130435,26.13758035087719
22059,2023-08-22 08:00:00,Asia/Bangkok,88.76565765217396,14.37931034482759,13.39655172413793,26.68107817391303
22060,2023-08-22 09:00:00,Asia/Bangkok,78.00496271929826,6.741379310344827,6.094827586206897,29.17360710526314
22061,2023-08-22 10:00:00,Asia/Bangkok,64.30636165217392,5.422413793103448,4.456896551724138,32.53088373913042
22062,2023-08-22 11:00:00,Asia/Bangkok,59.631204,7.939655172413793,7.198275862068965,33.34706127272728
22063,2023-08-22 12:00:00,Asia/Bangkok,59.25805705357141,5.28448275862069,4.775862068965517,34.38780321428569
22064,2023-08-22 13:00:00,Asia/Bangkok,57.6626500869565,4.837606837606837,4.52991452991453,34.74267096491229
22065,2023-08-22 14:00:00,Asia/Bangkok,51.75014801801803,5.382608695652173,4.782608695652174,37.25716972972974
22066,2023-08-22 15:00:00,Asia/Bangkok,66.59620411214955,5.356521739130435,4.904347826086957,33.62820672897195
22067,2023-08-22 16:00:00,Asia/Bangkok,79.85411578947371,9.689655172413794,8.732758620689655,30.46901921052633
22068,2023-08-22 17:00:00,Asia/Bangkok,76.53406087719299,14.5,13.31034482758621,30.70827280701754
22069,2023-08-22 18:00:00,Asia/Bangkok,76.34822749999998,13.16379310344828,11.97413793103448,30.88029543103448
22070,2023-08-22 19:00:00,Asia/Bangkok,79.07655095652177,21.53846153846154,20.1965811965812,30.30998400000001
22071,2023-08-22 20:00:00,Asia/Bangkok,87.12950938596494,11.21551724137931,10.39655172413793,28.54516526315788
22072,2023-08-22 21:00:00,Asia/Bangkok,90.45648578947367,6.094827586206897,5.672413793103448,27.88779780701752
22073,2023-08-22 22:00:00,Asia/Bangkok,89.65731238938046,10.36206896551724,9.775862068965518,28.06411831858407
22074,2023-08-22 23:00:00,Asia/Bangkok,89.94063441441442,12.37931034482759,11.85344827586207,27.94645630630632
22075,2023-08-23 00:00:00,Asia/Bangkok,90.45778803418807,10.69230769230769,9.89655172413793,27.6515929059829
22076,2023-08-23 01:00:00,Asia/Bangkok,90.0531163716814,11.75862068965517,11.2991452991453,27.56179026548671
22077,2023-08-23 02:00:00,Asia/Bangkok,89.6025837168142,11.0,10.5,27.23161451327433
22078,2023-08-23 03:00:00,Asia/Bangkok,89.22419903508774,11.41025641025641,10.47008547008547,26.86667868421051
22079,2023-08-23 04:00:00,Asia/Bangkok,88.78118104347823,6.525862068965517,6.146551724137931,26.51293843478263
22080,2023-08-23 05:00:00,Asia/Bangkok,89.75948663793108,7.672413793103448,7.353448275862069,26.24033191304348
22081,2023-08-23 06:00:00,Asia/Bangkok,90.87163371681415,7.103448275862069,6.71551724137931,25.84299920353982
22082,2023-08-23 07:00:00,Asia/Bangkok,91.4877224324324,8.672413793103448,8.094827586206897,25.67533270270271
22083,2023-08-23 08:00:00,Asia/Bangkok,91.05015097345134,10.16379310344828,9.612068965517242,26.10660247787612
22084,2023-08-23 09:00:00,Asia/Bangkok,86.49125336206899,8.89655172413793,8.439655172413794,27.75467534482758
22085,2023-08-23 10:00:00,Asia/Bangkok,74.35562147826087,4.196581196581197,3.863247863247863,30.53898208695651
22086,2023-08-23 11:00:00,Asia/Bangkok,66.63709389380534,4.172413793103448,3.956896551724138,32.49832955752211
22087,2023-08-23 12:00:00,Asia/Bangkok,60.42980043478262,4.112068965517241,3.741379310344827,33.83349495652175
22088,2023-08-23 13:00:00,Asia/Bangkok,57.20453366071428,5.905172413793103,5.629310344827586,35.56222214285716
22089,2023-08-23 14:00:00,Asia/Bangkok,53.80862455357145,4.318965517241379,4.077586206896552,36.32796267857142
22090,2023-08-23 15:00:00,Asia/Bangkok,52.07568738738738,3.672566371681416,3.424778761061947,36.8568136936937
22091,2023-08-23 16:00:00,Asia/Bangkok,50.97917113043479,3.482758620689655,3.181034482758621,35.98752130434782
22092,2023-08-23 17:00:00,Asia/Bangkok,51.03768035087721,3.078260869565217,2.843478260869565,35.68972438596494
22093,2023-08-23 18:00:00,Asia/Bangkok,53.32615146551723,3.905172413793104,3.568965517241379,34.73205982758621
22094,2023-08-23 19:00:00,Asia/Bangkok,60.30477592920351,8.948275862068966,8.206896551724139,33.09097867256634
22095,2023-08-23 20:00:00,Asia/Bangkok,66.50504383928573,12.75221238938053,11.72566371681416,31.93688765765766
22096,2023-08-23 21:00:00,Asia/Bangkok,70.95145540540541,13.2051282051282,12.1965811965812,30.5581082882883
22097,2023-08-23 22:00:00,Asia/Bangkok,72.88246990740735,8.85344827586207,8.293103448275861,29.81198416666664
22098,2023-08-23 23:00:00,Asia/Bangkok,74.16587307017546,9.120689655172415,8.46551724137931,29.27620131578946
22099,2023-08-24 00:00:00,Asia/Bangkok,76.15441366071434,7.379310344827586,6.706896551724138,28.412655
22100,2023-08-24 01:00:00,Asia/Bangkok,76.78103504424777,5.491379310344827,4.870689655172414,28.08304752212391
22101,2023-08-24 02:00:00,Asia/Bangkok,78.17608217391307,4.834782608695652,4.321739130434783,27.68154669565216
22102,2023-08-24 03:00:00,Asia/Bangkok,79.93718368421052,5.606837606837606,4.991379310344827,27.33707789473682
22103,2023-08-24 04:00:00,Asia/Bangkok,81.51222114035093,6.387931034482759,5.82051282051282,26.8933351754386
22104,2023-08-24 05:00:00,Asia/Bangkok,80.35614452173915,5.672413793103448,5.103448275862069,26.72343365217392
22105,2023-08-24 06:00:00,Asia/Bangkok,81.05747669565216,5.905172413793103,5.267241379310345,26.46550130434783
22106,2023-08-24 07:00:00,Asia/Bangkok,82.31587495575222,7.068965517241379,6.370689655172414,26.35978867256638
22107,2023-08-24 08:00:00,Asia/Bangkok,80.50715137931033,5.224137931034483,4.663793103448276,27.39355999999999
22108,2023-08-24 09:00:00,Asia/Bangkok,74.55717391304346,3.077586206896552,2.706896551724138,29.54503869565218
22109,2023-08-24 10:00:00,Asia/Bangkok,67.13266132743361,1.846153846153846,1.487179487179487,31.58344672566372
22110,2023-08-24 11:00:00,Asia/Bangkok,61.90885035087719,3.870689655172414,3.474137931034483,33.43479543859651
22111,2023-08-24 12:00:00,Asia/Bangkok,57.94503495652172,4.71551724137931,4.362068965517241,34.74173217391304
22112,2023-08-24 13:00:00,Asia/Bangkok,53.47530885964911,4.358974358974359,4.085470085470085,36.54621991228068
22113,2023-08-24 14:00:00,Asia/Bangkok,50.68195771929824,2.836206896551724,2.594827586206896,37.30201859649122
22114,2023-08-24 15:00:00,Asia/Bangkok,49.65346477876109,2.758620689655173,2.547826086956522,37.23577778761064
22115,2023-08-24 16:00:00,Asia/Bangkok,48.35206570175439,1.660869565217391,1.405172413793103,37.29771292035397
22116,2023-08-24 17:00:00,Asia/Bangkok,49.42251215517239,1.512820512820513,1.264957264957265,36.46204103448277
22117,2023-08-24 18:00:00,Asia/Bangkok,52.57442904347828,1.862068965517241,1.71551724137931,34.62797573913045
22118,2023-08-24 19:00:00,Asia/Bangkok,56.43641333333331,1.896551724137931,1.71551724137931,33.02010576576576
22119,2023-08-24 20:00:00,Asia/Bangkok,61.94872601769913,57.63247863247863,43.0,32.11401557522124
22120,2023-08-24 21:00:00,Asia/Bangkok,71.0264969642857,140.3879310344828,121.1120689655172,31.04016473214288
22121,2023-08-24 22:00:00,Asia/Bangkok,74.4562454954955,35.60344827586207,31.23275862068965,30.08738495495498
22122,2023-08-24 23:00:00,Asia/Bangkok,79.02977098214285,32.98290598290598,29.56410256410257,29.00108187500001
22123,2023-08-25 00:00:00,Asia/Bangkok,81.5535167256637,24.64347826086956,23.21052631578947,28.50233787610619
22124,2023-08-25 01:00:00,Asia/Bangkok,84.20315920353981,17.56034482758621,16.74358974358974,27.83355256637165
22125,2023-08-25 02:00:00,Asia/Bangkok,83.9189430630631,8.486725663716815,8.079646017699115,27.84178522522523
22126,2023-08-25 03:00:00,Asia/Bangkok,83.66997921739132,7.008620689655173,6.568965517241379,27.82123913043478
22127,2023-08-25 04:00:00,Asia/Bangkok,85.999201981982,8.417391304347825,7.956521739130435,27.05959369369367
22128,2023-08-25 05:00:00,Asia/Bangkok,87.3574696460177,8.669565217391304,8.130434782608695,26.57275460176993
22129,2023-08-25 06:00:00,Asia/Bangkok,87.69894008771935,10.31896551724138,9.810344827586206,26.34280070175438
22130,2023-08-25 07:00:00,Asia/Bangkok,88.71229318584075,14.3448275862069,13.55172413793103,25.89009539823009
22131,2023-08-25 08:00:00,Asia/Bangkok,87.37450901785711,12.6551724137931,11.94827586206897,26.7533094642857
22132,2023-08-25 09:00:00,Asia/Bangkok,75.6721399122807,5.379310344827586,4.931034482758621,29.51650991228071
22133,2023-08-25 10:00:00,Asia/Bangkok,63.22408359649123,1.461538461538461,1.290598290598291,32.23382675438594
22134,2023-08-25 11:00:00,Asia/Bangkok,53.35044792792794,1.094017094017094,1.0,34.59648873873874
22135,2023-08-25 12:00:00,Asia/Bangkok,49.67735375000001,2.905172413793104,2.405172413793104,36.51667419642855
22136,2023-08-25 13:00:00,Asia/Bangkok,51.07391350877192,4.68141592920354,4.486725663716814,36.82798675438597
22137,2023-08-25 14:00:00,Asia/Bangkok,48.63051649122807,3.721739130434782,3.573913043478261,37.35931149122806
22138,2023-08-25 15:00:00,Asia/Bangkok,46.14950413793102,3.188034188034188,2.846153846153846,38.35003249999997
22139,2023-08-25 16:00:00,Asia/Bangkok,45.83071130434784,2.839285714285714,2.383928571428572,38.07887565217394
22140,2023-08-25 17:00:00,Asia/Bangkok,48.12190486725663,3.413793103448276,3.172413793103448,36.89261910714286
22141,2023-08-25 18:00:00,Asia/Bangkok,52.66964587719298,3.612068965517242,3.344827586206896,35.52521815789471
22142,2023-08-25 19:00:00,Asia/Bangkok,62.15989389380533,12.81896551724138,11.93965517241379,33.23919274336282
22143,2023-08-25 20:00:00,Asia/Bangkok,67.28377840707964,14.05172413793103,12.81034482758621,31.78060973214285
22144,2023-08-25 21:00:00,Asia/Bangkok,75.91334290909091,9.870689655172415,9.008620689655173,30.41292572727273
22145,2023-08-25 22:00:00,Asia/Bangkok,88.84886617391301,12.77586206896552,12.0,28.11364913043477
22146,2023-08-25 23:00:00,Asia/Bangkok,87.06984715517237,9.042735042735043,8.564102564102564,28.52901469565217
22147,2023-08-26 00:00:00,Asia/Bangkok,89.32561185840706,10.28448275862069,9.706896551724139,27.97155743362832
22148,2023-08-26 01:00:00,Asia/Bangkok,89.56716018018017,9.017391304347827,8.565217391304348,27.68316706422018
22149,2023-08-26 02:00:00,Asia/Bangkok,88.527362920354,6.991379310344827,6.577586206896552,27.28856539823007
22150,2023-08-26 03:00:00,Asia/Bangkok,87.202883125,6.818965517241379,6.344827586206897,27.24338194690264
22151,2023-08-26 04:00:00,Asia/Bangkok,87.80534586206892,10.88888888888889,10.47008547008547,27.00026252173911
22152,2023-08-26 05:00:00,Asia/Bangkok,87.8690907826087,11.30434782608696,10.92173913043478,26.63489313043478
22153,2023-08-26 06:00:00,Asia/Bangkok,89.41877637931034,12.62931034482759,12.04310344827586,26.0364324137931
22154,2023-08-26 07:00:00,Asia/Bangkok,89.32881754385967,14.00862068965517,13.3448275862069,25.92704903508772
22155,2023-08-26 08:00:00,Asia/Bangkok,87.20648539823011,12.93965517241379,12.4,26.68667938053098
22156,2023-08-26 09:00:00,Asia/Bangkok,76.7708064864865,5.376068376068377,5.085470085470085,29.0760764864865
22157,2023-08-26 10:00:00,Asia/Bangkok,66.00515405405405,1.043103448275862,0.8706896551724138,31.6147400900901
22158,2023-08-26 11:00:00,Asia/Bangkok,62.54697616071426,2.086206896551724,1.836206896551724,32.60230589285715
22159,2023-08-26 12:00:00,Asia/Bangkok,59.01759908256882,4.178571428571429,4.008928571428571,34.09612091743119
22160,2023-08-26 13:00:00,Asia/Bangkok,55.2262212173913,3.956896551724138,3.775862068965517,36.01041504347827
22161,2023-08-26 14:00:00,Asia/Bangkok,52.24599350877193,3.878260869565217,3.730434782608695,37.32593350877193
22162,2023-08-26 15:00:00,Asia/Bangkok,52.37498464285711,4.408695652173913,4.173913043478261,37.26649610619471
22163,2023-08-26 16:00:00,Asia/Bangkok,53.56715452173915,1.452991452991453,1.310344827586207,35.7371078761062
22164,2023-08-26 17:00:00,Asia/Bangkok,62.61883938053101,3.301724137931035,3.017094017094017,33.75775805309733
22165,2023-08-26 18:00:00,Asia/Bangkok,69.62674333333335,2.818965517241379,2.560344827586207,31.08469491228071
22166,2023-08-26 19:00:00,Asia/Bangkok,75.16351265486722,3.413793103448276,3.051724137931035,29.38047247787609
22167,2023-08-26 20:00:00,Asia/Bangkok,78.79011826086958,4.162393162393163,3.794871794871795,28.53981173913041
22168,2023-08-26 21:00:00,Asia/Bangkok,81.210343826087,5.706896551724138,5.155172413793103,28.00430678260868
22169,2023-08-26 22:00:00,Asia/Bangkok,83.97269407079645,5.870689655172414,5.362068965517241,27.29941274336284
22170,2023-08-26 23:00:00,Asia/Bangkok,86.16581252252251,8.818965517241379,8.129310344827585,26.96202500000001
22171,2023-08-27 00:00:00,Asia/Bangkok,86.31890669565217,7.025862068965517,6.474137931034483,26.75450333333336
22172,2023-08-27 01:00:00,Asia/Bangkok,86.99884112068968,5.769230769230769,5.273504273504273,26.46635844827587
22173,2023-08-27 02:00:00,Asia/Bangkok,86.25108999999999,4.646551724137931,4.068965517241379,26.52845069565216
22174,2023-08-27 03:00:00,Asia/Bangkok,86.25061936936936,4.672413793103448,4.068965517241379,26.43663891891894
22175,2023-08-27 04:00:00,Asia/Bangkok,86.42628920353981,4.732758620689655,4.370689655172414,26.37793920353982
22176,2023-08-27 05:00:00,Asia/Bangkok,87.18016752212391,5.663793103448276,5.206896551724138,26.19536168141593
22177,2023-08-27 06:00:00,Asia/Bangkok,88.7501903571429,6.336206896551724,5.913793103448276,25.89565830357142
22178,2023-08-27 07:00:00,Asia/Bangkok,89.31375178571432,8.521367521367521,8.008547008547009,25.90886732142858
22179,2023-08-27 08:00:00,Asia/Bangkok,87.36150947826086,7.53448275862069,7.008620689655173,26.98361391304347
22180,2023-08-27 09:00:00,Asia/Bangkok,80.43137973913042,4.836206896551724,4.232758620689655,28.93557686956521
22181,2023-08-27 10:00:00,Asia/Bangkok,72.46187756756756,3.068965517241379,2.741379310344827,30.95880171171172
22182,2023-08-27 11:00:00,Asia/Bangkok,66.70649869565217,2.78448275862069,2.431034482758621,32.52709886956522
22183,2023-08-27 12:00:00,Asia/Bangkok,59.96749594827585,3.41025641025641,3.034188034188034,34.6001544827586
22184,2023-08-27 13:00:00,Asia/Bangkok,54.26917428571429,2.930434782608696,2.539130434782609,36.27756981981981
22185,2023-08-27 14:00:00,Asia/Bangkok,51.51804125,2.095652173913043,1.921739130434783,37.15181557522124
22186,2023-08-27 15:00:00,Asia/Bangkok,51.00180758620689,2.275862068965517,2.008620689655173,37.20721182608695
22187,2023-08-27 16:00:00,Asia/Bangkok,52.46290513043478,3.717948717948718,3.41025641025641,37.08955391304346
22188,2023-08-27 17:00:00,Asia/Bangkok,52.77350078947368,3.189655172413793,2.862068965517242,36.83761230088494
22189,2023-08-27 18:00:00,Asia/Bangkok,57.95838436363638,4.282051282051282,3.957264957264957,34.78194963636364
22190,2023-08-27 19:00:00,Asia/Bangkok,63.30862203703701,14.99137931034483,13.48275862068965,31.27445722222222
22191,2023-08-27 20:00:00,Asia/Bangkok,69.76598608695652,13.31304347826087,12.11206896551724,30.2129712173913
22192,2023-08-27 21:00:00,Asia/Bangkok,74.0984042477876,35.0,30.52136752136752,29.79026442477877
22193,2023-08-27 22:00:00,Asia/Bangkok,77.04590927927927,22.8695652173913,21.14782608695652,29.28284666666667
22194,2023-08-27 23:00:00,Asia/Bangkok,79.27702159292032,18.87068965517241,17.54310344827586,29.05946690265487
22195,2023-08-28 00:00:00,Asia/Bangkok,80.76633938053094,17.14655172413793,16.31034482758621,28.94384159292039
22196,2023-08-28 01:00:00,Asia/Bangkok,83.12124616071428,7.236363636363636,6.6,28.58519567567568
22197,2023-08-28 02:00:00,Asia/Bangkok,86.02435382608697,3.810344827586207,3.362068965517242,27.85497747826088
22198,2023-08-28 03:00:00,Asia/Bangkok,87.25592160714287,4.948275862068965,4.543103448275862,27.42082160714284
22199,2023-08-28 04:00:00,Asia/Bangkok,87.29385157894735,5.698275862068965,5.198275862068965,27.2318057894737
22200,2023-08-28 05:00:00,Asia/Bangkok,87.32774910714284,6.232758620689655,5.870689655172414,27.11628205357143
22201,2023-08-28 06:00:00,Asia/Bangkok,87.3322425663717,6.637931034482759,6.103448275862069,26.99428548672565
22202,2023-08-28 07:00:00,Asia/Bangkok,87.90022190909087,7.5,6.896551724137931,26.82141018181816
22203,2023-08-28 08:00:00,Asia/Bangkok,86.09471594827582,8.155172413793103,7.612068965517241,27.27765284482759
22204,2023-08-28 09:00:00,Asia/Bangkok,80.88946913793103,4.155172413793103,3.698275862068965,28.60029431034483
22205,2023-08-28 10:00:00,Asia/Bangkok,72.58789035087717,3.206896551724138,2.758620689655173,30.90768017543857
22206,2023-08-28 11:00:00,Asia/Bangkok,65.8486505217391,2.632478632478632,2.367521367521368,32.88448269565217
22207,2023-08-28 12:00:00,Asia/Bangkok,58.84716763157895,2.198275862068965,1.948275862068966,35.17556842105264
22208,2023-08-28 13:00:00,Asia/Bangkok,55.62729521739129,1.189655172413793,1.0,36.36192434782609
22209,2023-08-28 14:00:00,Asia/Bangkok,54.57334210526319,2.318965517241379,1.991379310344828,36.71435389380531
22210,2023-08-28 15:00:00,Asia/Bangkok,65.30139172413793,0.6837606837606838,0.5128205128205128,33.0995487826087
22211,2023-08-28 16:00:00,Asia/Bangkok,75.36087580357142,0.6379310344827587,0.3362068965517241,30.20397017857144
22212,2023-08-28 17:00:00,Asia/Bangkok,73.63157407079646,28.18965517241379,24.23275862068965,30.8111792920354
22213,2023-08-28 18:00:00,Asia/Bangkok,74.10164495575223,2.991379310344827,2.586206896551724,29.83473672566375
22214,2023-08-28 19:00:00,Asia/Bangkok,76.12387203539822,30.05172413793104,25.57758620689655,29.29750336283182
22215,2023-08-28 20:00:00,Asia/Bangkok,78.2215993859649,10.27586206896552,9.301724137931034,29.00689850877194
22216,2023-08-28 21:00:00,Asia/Bangkok,79.18167061946903,7.410256410256411,6.64957264957265,28.73914734513277
22217,2023-08-28 22:00:00,Asia/Bangkok,82.28011377192976,8.206896551724139,7.681034482758621,28.1129701754386
22218,2023-08-28 23:00:00,Asia/Bangkok,83.65762695652171,10.18965517241379,9.543103448275861,27.86092330434782
22219,2023-08-29 00:00:00,Asia/Bangkok,84.64212495495495,9.401785714285714,8.70796460176991,27.58673198198199
22220,2023-08-29 01:00:00,Asia/Bangkok,86.48567448275861,9.474137931034482,8.775862068965518,27.07827689655172
22221,2023-08-29 02:00:00,Asia/Bangkok,86.97329008849555,10.08620689655172,9.275862068965518,26.86635008849558
22222,2023-08-29 03:00:00,Asia/Bangkok,87.15985628318586,6.852173913043479,6.234782608695652,26.58832796460177
22223,2023-08-29 04:00:00,Asia/Bangkok,88.00463,5.666666666666667,5.162393162393163,26.47599852173916
22224,2023-08-29 05:00:00,Asia/Bangkok,88.85324201834858,6.417391304347826,5.913043478260869,26.2748003669725
22225,2023-08-29 06:00:00,Asia/Bangkok,89.52878972727275,10.01724137931035,9.267241379310345,26.10201872727271
22226,2023-08-29 07:00:00,Asia/Bangkok,89.38458398230082,20.82758620689655,18.18965517241379,26.05099743362831
22227,2023-08-29 08:00:00,Asia/Bangkok,87.96434468468468,7.353982300884955,6.752212389380531,26.70748616071429
22228,2023-08-29 09:00:00,Asia/Bangkok,79.71326438596493,4.706896551724138,4.198275862068965,28.90404451327434
22229,2023-08-29 10:00:00,Asia/Bangkok,71.96872166666668,4.03448275862069,3.620689655172414,31.22985192982457
22230,2023-08-29 11:00:00,Asia/Bangkok,65.93355052631578,3.447368421052631,3.114035087719298,33.381975
22231,2023-08-29 12:00:00,Asia/Bangkok,63.9538280701754,2.807017543859649,2.421052631578947,33.94166692982456
22232,2023-08-29 13:00:00,Asia/Bangkok,59.3555608108108,1.556521739130435,1.260869565217391,34.40177153153153
22233,2023-08-29 14:00:00,Asia/Bangkok,57.93076929824564,1.931623931623932,1.452991452991453,34.14353473684211
22234,2023-08-29 15:00:00,Asia/Bangkok,55.41524442477877,2.422413793103448,2.112068965517242,34.63754849557522
22235,2023-08-29 16:00:00,Asia/Bangkok,57.14305327272727,4.447368421052632,3.964912280701754,34.57801018181819
22236,2023-08-29 17:00:00,Asia/Bangkok,61.94747973684211,2.512820512820513,2.128205128205128,33.26108385964913
22237,2023-08-29 18:00:00,Asia/Bangkok,68.95962098214287,5.353448275862069,4.879310344827586,31.7112745535714
22238,2023-08-29 19:00:00,Asia/Bangkok,72.3566620353982,9.163793103448276,8.39655172413793,30.95407681415927
22239,2023-08-29 20:00:00,Asia/Bangkok,76.26820614035087,14.24137931034483,12.94827586206897,30.01534578947368
22240,2023-08-29 21:00:00,Asia/Bangkok,78.88432543859648,13.84615384615385,12.8034188034188,29.41838701754386
22241,2023-08-29 22:00:00,Asia/Bangkok,79.74129584070796,6.896551724137931,6.293103448275862,29.09167513274337
22242,2023-08-29 23:00:00,Asia/Bangkok,79.1204611504425,5.474137931034483,4.887931034482759,29.08156159292038
22243,2023-08-30 00:00:00,Asia/Bangkok,80.59811347826088,5.393162393162394,4.837606837606837,28.68317417391305
22244,2023-08-30 01:00:00,Asia/Bangkok,82.72674617391303,6.008620689655173,5.560344827586207,28.06630486956522
22245,2023-08-30 02:00:00,Asia/Bangkok,84.2008233333333,6.948275862068965,6.379310344827586,27.60738767857143
22246,2023-08-30 03:00:00,Asia/Bangkok,83.9861787387388,5.589743589743589,5.222222222222222,27.37666727272725
22247,2023-08-30 04:00:00,Asia/Bangkok,83.81478256637169,4.629310344827586,4.232758620689655,27.33554743362829
22248,2023-08-30 05:00:00,Asia/Bangkok,85.39140451327435,5.603448275862069,5.043103448275862,27.03188389380531
22249,2023-08-30 06:00:00,Asia/Bangkok,86.89209309734511,6.905172413793103,6.405172413793103,26.808832920354
22250,2023-08-30 07:00:00,Asia/Bangkok,87.97591938596496,15.86324786324786,14.72649572649573,26.50873614035088
22251,2023-08-30 08:00:00,Asia/Bangkok,86.05489956521735,6.103448275862069,5.681034482758621,27.34088060869566
22252,2023-08-30 09:00:00,Asia/Bangkok,80.86346946428573,4.827586206896552,4.275862068965517,29.260915
22253,2023-08-30 10:00:00,Asia/Bangkok,73.43809008695654,4.025641025641026,3.299145299145299,31.42025886956522
22254,2023-08-30 11:00:00,Asia/Bangkok,65.4518764347826,4.310344827586207,3.793103448275862,33.70884921739133
22255,2023-08-30 12:00:00,Asia/Bangkok,63.85857486725665,3.879310344827586,3.396551724137931,34.16506424778761
22256,2023-08-30 13:00:00,Asia/Bangkok,60.28443438596491,3.162393162393162,2.820512820512821,34.53855421052631
22257,2023-08-30 14:00:00,Asia/Bangkok,57.15307499999999,1.646551724137931,1.353448275862069,34.78320151785714
22258,2023-08-30 15:00:00,Asia/Bangkok,55.95797885964912,1.413793103448276,1.051724137931034,35.17137517543857
22259,2023-08-30 16:00:00,Asia/Bangkok,57.42941,2.094827586206896,1.646551724137931,34.71526254545453
22260,2023-08-30 17:00:00,Asia/Bangkok,62.15694359649125,2.623931623931624,2.196581196581197,33.64312973684211
22261,2023-08-30 18:00:00,Asia/Bangkok,66.68695276785716,3.852173913043478,3.347826086956522,32.48853125000001
22262,2023-08-30 19:00:00,Asia/Bangkok,71.54753289473686,5.452173913043478,4.895652173913043,31.46254596491228
22263,2023-08-30 20:00:00,Asia/Bangkok,74.85378173913044,7.163793103448276,6.362068965517241,30.32967347826088
22264,2023-08-30 21:00:00,Asia/Bangkok,77.20963307017549,5.504347826086956,4.765217391304348,29.60062300884956
22265,2023-08-30 22:00:00,Asia/Bangkok,79.63468999999999,5.525862068965517,4.844827586206897,29.19833573913046
22266,2023-08-30 23:00:00,Asia/Bangkok,80.19684088495575,6.043103448275862,5.275862068965517,29.22270814159289
22267,2023-08-31 00:00:00,Asia/Bangkok,82.07327866071431,7.25,6.629310344827586,28.76094267857143
22268,2023-08-31 01:00:00,Asia/Bangkok,84.63380747826086,6.129310344827586,5.560344827586207,28.11179034782606
22269,2023-08-31 02:00:00,Asia/Bangkok,84.58228429824565,4.79646017699115,4.247787610619469,28.09814254385965
22270,2023-08-31 03:00:00,Asia/Bangkok,83.77972487179485,3.923076923076923,3.376068376068376,27.96269658119656
22271,2023-08-31 04:00:00,Asia/Bangkok,85.28988824561401,4.78448275862069,4.137931034482759,27.56075350877193
22272,2023-08-31 05:00:00,Asia/Bangkok,86.30268553571432,4.586206896551724,4.051724137931035,27.28630357142854
22273,2023-08-31 06:00:00,Asia/Bangkok,85.81715734513271,8.393162393162394,7.672413793103448,27.37496477876104
22274,2023-08-31 07:00:00,Asia/Bangkok,86.51700482142857,5.767241379310345,4.94017094017094,27.18947830357141
22275,2023-08-31 08:00:00,Asia/Bangkok,85.45713535087722,7.362068965517241,6.577586206896552,27.96638517543861
22276,2023-08-31 09:00:00,Asia/Bangkok,78.54029185840707,5.0,4.353448275862069,29.76845657894737
22277,2023-08-31 10:00:00,Asia/Bangkok,71.37509254385967,2.735042735042735,2.307692307692307,31.62002831858406
22278,2023-08-31 11:00:00,Asia/Bangkok,66.6756174107143,2.71551724137931,2.370689655172414,33.27360848214287
22279,2023-08-31 12:00:00,Asia/Bangkok,60.93963194690265,1.905982905982906,1.487179487179487,34.94607716814158
22280,2023-08-31 13:00:00,Asia/Bangkok,59.09418825688073,2.185840707964602,1.858407079646018,35.4665633944954
22281,2023-08-31 14:00:00,Asia/Bangkok,60.42108254385966,2.145299145299145,1.743589743589744,35.19461280701753
22282,2023-08-31 15:00:00,Asia/Bangkok,67.66557070175439,2.353448275862069,1.931034482758621,32.65885447368419
22283,2023-08-31 16:00:00,Asia/Bangkok,66.60221818181817,1.241379310344828,0.9827586206896551,32.4424236036036
22284,2023-08-31 17:00:00,Asia/Bangkok,71.59785637168139,2.598290598290598,2.094017094017094,31.4014213392857
22285,2023-08-31 18:00:00,Asia/Bangkok,73.5615971681416,3.060344827586207,2.637931034482758,30.63134169642857
22286,2023-08-31 19:00:00,Asia/Bangkok,75.02511371681415,4.051724137931035,3.620689655172414,29.55911815789474
22287,2023-08-31 20:00:00,Asia/Bangkok,77.4683006956522,4.256410256410256,3.803418803418803,28.98659008771929
22288,2023-08-31 21:00:00,Asia/Bangkok,79.3851443362832,4.741379310344827,4.25,28.67106637168141
22289,2023-08-31 22:00:00,Asia/Bangkok,80.60381526315788,4.655172413793103,4.258620689655173,28.43865868421054
22290,2023-08-31 23:00:00,Asia/Bangkok,80.53090834782608,2.689655172413793,2.396551724137931,28.16986504347827
22291,2023-09-01 00:00:00,Asia/Bangkok,79.50043330434781,1.196581196581197,1.017094017094017,28.0280368695652
22292,2023-09-01 01:00:00,Asia/Bangkok,80.2782813274336,1.11304347826087,0.8362068965517241,27.76894424778765
22293,2023-09-01 02:00:00,Asia/Bangkok,80.80127836363634,0.75,0.396551724137931,27.62486118181822
22294,2023-09-01 03:00:00,Asia/Bangkok,80.80112827272723,0.7068965517241379,0.4655172413793103,27.72412727272727
22295,2023-09-01 04:00:00,Asia/Bangkok,81.31907410714288,1.017241379310345,0.7327586206896551,27.55486831858406
22296,2023-09-01 05:00:00,Asia/Bangkok,84.7408546846847,2.321428571428572,1.901785714285714,26.97733063636366
22297,2023-09-01 06:00:00,Asia/Bangkok,85.68813965217389,2.31304347826087,1.91304347826087,26.69538565217391
22298,2023-09-01 07:00:00,Asia/Bangkok,85.83560860869571,3.21551724137931,2.775862068965517,26.73658385964915
22299,2023-09-01 08:00:00,Asia/Bangkok,85.87062815789476,4.086956521739131,3.695652173913043,27.27640859649122
22300,2023-09-01 09:00:00,Asia/Bangkok,78.21161517543857,2.206896551724138,1.793103448275862,29.33488087719299
22301,2023-09-01 10:00:00,Asia/Bangkok,70.7377327927928,2.948275862068965,2.370689655172414,31.83264792792794
22302,2023-09-01 11:00:00,Asia/Bangkok,63.91240008695654,1.504347826086956,1.121739130434783,33.91376660869565
22303,2023-09-01 12:00:00,Asia/Bangkok,60.30360122807016,2.269565217391305,1.91304347826087,34.80615017543858
22304,2023-09-01 13:00:00,Asia/Bangkok,60.90922150442476,0.7672413793103449,0.5948275862068966,34.4570296460177
22305,2023-09-01 14:00:00,Asia/Bangkok,63.07925709090906,0.9827586206896551,0.7327586206896551,34.05115090909093
22306,2023-09-01 15:00:00,Asia/Bangkok,68.90921699115046,1.295652173913044,0.991304347826087,32.4592910619469
22307,2023-09-01 16:00:00,Asia/Bangkok,80.17990705357144,0.7692307692307693,0.5213675213675214,28.98675285714285
22308,2023-09-01 17:00:00,Asia/Bangkok,83.68540504424774,0.8,0.6608695652173913,27.91003901785716
22309,2023-09-01 18:00:00,Asia/Bangkok,87.00113767857144,7.517543859649122,6.605263157894737,27.28062803571428
22310,2023-09-01 19:00:00,Asia/Bangkok,86.2933190265487,0.7435897435897436,0.5982905982905983,27.16334619469027
22311,2023-09-01 20:00:00,Asia/Bangkok,89.71563289473681,0.6434782608695652,0.4869565217391305,26.33776543859649
22312,2023-09-01 21:00:00,Asia/Bangkok,90.59797903508773,0.1206896551724138,0.04310344827586207,25.95536921052632
22313,2023-09-01 22:00:00,Asia/Bangkok,89.97558605263156,0.008620689655172414,0.0,25.5209738596491
22314,2023-09-01 23:00:00,Asia/Bangkok,89.94254000000002,0.05172413793103448,0.0,25.24383539130433
22315,2023-09-02 00:00:00,Asia/Bangkok,91.25745157894733,0.05172413793103448,0.0,24.98107140350877
22316,2023-09-02 01:00:00,Asia/Bangkok,91.34903660869568,0.01724137931034483,0.0,24.83081321739129
22317,2023-09-02 02:00:00,Asia/Bangkok,91.64321486725669,0.01739130434782609,0.0,24.69179707964604
22318,2023-09-02 03:00:00,Asia/Bangkok,91.41030912280706,0.05217391304347826,0.01739130434782609,24.56105877192984
22319,2023-09-02 04:00:00,Asia/Bangkok,91.4873671052632,0.05982905982905983,0.0,24.5108339823009
22320,2023-09-02 05:00:00,Asia/Bangkok,89.94861421052632,0.1896551724137931,0.05172413793103448,24.73729622807019
22321,2023-09-02 06:00:00,Asia/Bangkok,91.16455433628322,0.3103448275862069,0.0603448275862069,24.57834707964602
22322,2023-09-02 07:00:00,Asia/Bangkok,90.61945451327433,0.5213675213675214,0.2051282051282051,24.83572383928573
22323,2023-09-02 08:00:00,Asia/Bangkok,89.53696784482756,0.7758620689655172,0.353448275862069,25.73243060344829
22324,2023-09-02 09:00:00,Asia/Bangkok,87.58368114035085,1.267241379310345,0.6379310344827587,26.67085500000001
22325,2023-09-02 10:00:00,Asia/Bangkok,82.67460893805307,1.25,0.6120689655172413,28.2889000884956
22326,2023-09-02 11:00:00,Asia/Bangkok,78.90503149122804,1.05982905982906,0.717948717948718,29.37397362831858
22327,2023-09-02 12:00:00,Asia/Bangkok,74.58225147826087,0.4310344827586207,0.25,30.37776078260869
22328,2023-09-02 13:00:00,Asia/Bangkok,76.10040741071427,1.290598290598291,1.085470085470085,30.16639303571428
22329,2023-09-02 14:00:00,Asia/Bangkok,74.96994464912284,2.104347826086956,1.88695652173913,30.86497736842106
22330,2023-09-02 15:00:00,Asia/Bangkok,74.04378238938054,2.344827586206896,2.017241379310345,30.99141415929204
22331,2023-09-02 16:00:00,Asia/Bangkok,72.85603090909092,1.226086956521739,0.8434782608695652,31.08946563636363
22332,2023-09-02 17:00:00,Asia/Bangkok,74.83888542056073,1.658119658119658,1.239316239316239,30.55053897196261
22333,2023-09-02 18:00:00,Asia/Bangkok,81.12053858407077,3.387931034482758,2.853448275862069,29.13350336283187
22334,2023-09-02 19:00:00,Asia/Bangkok,88.23669758928575,1.956896551724138,1.620689655172414,26.94473875000002
22335,2023-09-02 20:00:00,Asia/Bangkok,89.54372330434784,0.5603448275862069,0.3706896551724138,26.19449426086956
22336,2023-09-02 21:00:00,Asia/Bangkok,90.69698530434785,1.026086956521739,0.7652173913043478,25.86581504347827
22337,2023-09-02 22:00:00,Asia/Bangkok,90.90115060869567,1.043478260869565,0.7913043478260869,25.89156591304348
22338,2023-09-02 23:00:00,Asia/Bangkok,90.67308730434782,1.295652173913044,1.08695652173913,25.89284226086955
22339,2023-09-03 00:00:00,Asia/Bangkok,90.73857616071429,1.896551724137931,1.525862068965517,25.8418470535714
22340,2023-09-03 01:00:00,Asia/Bangkok,90.48511482456142,2.586206896551724,2.155172413793104,25.8501505263158
22341,2023-09-03 02:00:00,Asia/Bangkok,91.91364799999997,2.913793103448276,2.53448275862069,25.57610284482758
22342,2023-09-03 03:00:00,Asia/Bangkok,93.15014562499998,2.120689655172414,1.862068965517241,25.22582207207206
22343,2023-09-03 04:00:00,Asia/Bangkok,90.89223373913042,0.9568965517241379,0.75,25.35664147826085
22344,2023-09-03 05:00:00,Asia/Bangkok,91.70456912280704,1.666666666666667,1.324786324786325,25.15234675438598
22345,2023-09-03 06:00:00,Asia/Bangkok,91.31605150442472,1.137931034482759,0.7844827586206896,25.23065053571428
22346,2023-09-03 07:00:00,Asia/Bangkok,90.20207149122805,0.8103448275862069,0.5470085470085471,25.4577752631579
22347,2023-09-03 08:00:00,Asia/Bangkok,90.74858868421049,0.7217391304347827,0.4,25.85010324561405
22348,2023-09-03 09:00:00,Asia/Bangkok,90.48146696969697,0.1666666666666667,0.01515151515151515,26.35187363636362
22349,2023-09-03 10:00:00,Asia/Bangkok,86.55455533742327,0.108433734939759,0.0,27.14362116564418
22350,2023-09-03 11:00:00,Asia/Bangkok,85.84074260869563,0.1478260869565217,0.02586206896551724,27.12801869565217
22351,2023-09-03 12:00:00,Asia/Bangkok,82.01150749999996,1.829059829059829,1.418803418803419,28.71569379310344
22352,2023-09-03 13:00:00,Asia/Bangkok,78.15414525862066,0.9137931034482759,0.6551724137931034,30.28706706896553
22353,2023-09-03 14:00:00,Asia/Bangkok,84.66917901785716,1.068965517241379,0.8448275862068966,28.78933866071427
22354,2023-09-03 15:00:00,Asia/Bangkok,86.37659580357142,1.224137931034483,0.9913793103448276,29.13471785714287
22355,2023-09-03 16:00:00,Asia/Bangkok,81.10749169642861,0.5344827586206896,0.3362068965517241,29.38150955357145
22356,2023-09-03 17:00:00,Asia/Bangkok,79.89152333333328,0.5948275862068966,0.3189655172413793,29.41246675675675
22357,2023-09-03 18:00:00,Asia/Bangkok,80.17224130434788,1.256410256410256,0.9568965517241379,28.8028512173913
22358,2023-09-03 19:00:00,Asia/Bangkok,82.57592442477875,2.120689655172414,1.735042735042735,28.10377973214286
22359,2023-09-03 20:00:00,Asia/Bangkok,86.11731508771928,2.758620689655173,2.448275862068965,27.48427473684211
22360,2023-09-03 21:00:00,Asia/Bangkok,90.0173317699115,3.551724137931035,3.232758620689655,26.73866991150443
22361,2023-09-03 22:00:00,Asia/Bangkok,85.08258919642859,1.06140350877193,0.8,26.75002223214285
22362,2023-09-03 23:00:00,Asia/Bangkok,83.34574122807018,0.08620689655172414,0.01724137931034483,26.61456982456141
22363,2023-09-04 00:00:00,Asia/Bangkok,87.62423086956518,0.3504273504273504,0.1709401709401709,25.95725617391304
22364,2023-09-04 01:00:00,Asia/Bangkok,87.84390131578945,0.5652173913043478,0.2956521739130435,25.67072999999998
22365,2023-09-04 02:00:00,Asia/Bangkok,88.2237822807018,0.1982758620689655,0.02586206896551724,25.54161122807019
22366,2023-09-04 03:00:00,Asia/Bangkok,89.23849964601771,0.7777777777777778,0.3760683760683761,25.49812265486727
22367,2023-09-04 04:00:00,Asia/Bangkok,91.92388500000003,0.5086206896551724,0.2155172413793103,25.14417418181817
22368,2023-09-04 05:00:00,Asia/Bangkok,93.24590228070178,0.9130434782608695,0.6379310344827587,25.10971535087722
22369,2023-09-04 06:00:00,Asia/Bangkok,92.80272307017546,0.2327586206896552,0.1120689655172414,25.10205754385964
22370,2023-09-04 07:00:00,Asia/Bangkok,92.7037792105263,0.4224137931034483,0.1810344827586207,25.06439061403512
22371,2023-09-04 08:00:00,Asia/Bangkok,93.38663556521735,0.7130434782608696,0.4,25.35451034482759
22372,2023-09-04 09:00:00,Asia/Bangkok,91.18780672566375,1.275862068965517,0.7758620689655172,26.19981276785716
22373,2023-09-04 10:00:00,Asia/Bangkok,89.50980956140353,1.413793103448276,1.094827586206897,26.88361447368419
22374,2023-09-04 11:00:00,Asia/Bangkok,85.08288875000001,1.224137931034483,0.8189655172413793,28.14226169642858
22375,2023-09-04 12:00:00,Asia/Bangkok,78.40383991304348,2.330434782608696,1.836206896551724,29.93702130434783
22376,2023-09-04 13:00:00,Asia/Bangkok,84.75025330434784,1.732758620689655,1.508620689655172,28.82105504347823
22377,2023-09-04 14:00:00,Asia/Bangkok,89.65659913043476,0.2307692307692308,0.1538461538461539,27.48851547826086
22378,2023-09-04 15:00:00,Asia/Bangkok,87.41051043478262,0.4741379310344828,0.2758620689655172,27.90244008695653
22379,2023-09-04 16:00:00,Asia/Bangkok,84.04381769911505,0.9655172413793104,0.7068965517241379,28.62843433628317
22380,2023-09-04 17:00:00,Asia/Bangkok,89.17848868421048,0.5299145299145299,0.4444444444444444,27.21510728070173
22381,2023-09-04 18:00:00,Asia/Bangkok,86.5822831858407,0.5517241379310345,0.25,27.47336274336282
22382,2023-09-04 19:00:00,Asia/Bangkok,86.76845824561401,0.7241379310344828,0.4913793103448276,27.11698526315788
22383,2023-09-04 20:00:00,Asia/Bangkok,88.15105396551725,2.299145299145299,1.948717948717949,26.81898008620691
22384,2023-09-04 21:00:00,Asia/Bangkok,87.07425275862064,1.043103448275862,0.7327586206896551,26.66368913043477
22385,2023-09-04 22:00:00,Asia/Bangkok,86.32481069565218,0.8793103448275862,0.5517241379310345,26.69967860869566
22386,2023-09-04 23:00:00,Asia/Bangkok,87.16653730434783,0.5689655172413793,0.25,26.45577234782609
22387,2023-09-05 00:00:00,Asia/Bangkok,88.13443894736847,1.181034482758621,0.8017241379310345,26.31195271929824
22388,2023-09-05 01:00:00,Asia/Bangkok,89.31425714285714,1.551724137931034,1.103448275862069,26.17467946428572
22389,2023-09-05 02:00:00,Asia/Bangkok,91.03767380530977,2.775862068965517,2.224137931034483,25.91540903508771
22390,2023-09-05 03:00:00,Asia/Bangkok,92.28327581818183,4.70940170940171,4.051282051282051,25.74701000000001
22391,2023-09-05 04:00:00,Asia/Bangkok,92.29100614035083,4.198275862068965,3.724137931034483,25.87064552631579
22392,2023-09-05 05:00:00,Asia/Bangkok,92.21936878260871,3.948275862068965,3.482758620689655,25.84278026086958
22393,2023-09-05 06:00:00,Asia/Bangkok,92.79457129310342,3.58974358974359,3.179487179487179,25.6981575
22394,2023-09-05 07:00:00,Asia/Bangkok,92.56482303571431,4.206896551724138,3.560344827586207,25.74223580357143
22395,2023-09-05 08:00:00,Asia/Bangkok,88.32186798245614,0.9396551724137931,0.7155172413793104,26.38039530973452
22396,2023-09-05 09:00:00,Asia/Bangkok,84.40664965811968,1.205128205128205,0.9316239316239316,26.80338589743589
22397,2023-09-05 10:00:00,Asia/Bangkok,83.23191557522122,2.617391304347826,2.03448275862069,27.63691548672566
22398,2023-09-05 11:00:00,Asia/Bangkok,79.07811539130434,2.267241379310345,1.905172413793103,28.94804608695653
22399,2023-09-05 12:00:00,Asia/Bangkok,77.45530315789473,1.517241379310345,1.232758620689655,29.22761999999999
22400,2023-09-05 13:00:00,Asia/Bangkok,74.12053752212388,1.112068965517241,0.8362068965517241,29.77865876106194
22401,2023-09-05 14:00:00,Asia/Bangkok,72.38244061946904,0.4188034188034188,0.188034188034188,29.9973657522124
22402,2023-09-05 15:00:00,Asia/Bangkok,72.30985570175437,0.2844827586206897,0.1120689655172414,30.06636271929824
22403,2023-09-05 16:00:00,Asia/Bangkok,78.46163063063064,2.182608695652174,1.765217391304348,28.7857563963964
22404,2023-09-05 17:00:00,Asia/Bangkok,79.4191593636364,2.256637168141593,1.991150442477876,28.34412563636362
22405,2023-09-05 18:00:00,Asia/Bangkok,79.73352417391307,1.982758620689655,1.439655172413793,28.12472850877193
22406,2023-09-05 19:00:00,Asia/Bangkok,80.79221318584071,2.791304347826087,2.243478260869565,27.82603707964603
22407,2023-09-05 20:00:00,Asia/Bangkok,83.09487000000001,2.862068965517242,2.301724137931035,27.32595241071423
22408,2023-09-05 21:00:00,Asia/Bangkok,84.8165932142857,3.28448275862069,2.652173913043478,26.98081250000001
22409,2023-09-05 22:00:00,Asia/Bangkok,86.69658078947366,2.336206896551724,1.863247863247863,26.65721539823009
22410,2023-09-05 23:00:00,Asia/Bangkok,87.80574711711715,2.03448275862069,1.53448275862069,26.48236909909911
22411,2023-09-06 00:00:00,Asia/Bangkok,89.26475549549549,2.530434782608696,2.08695652173913,26.18589009009008
22412,2023-09-06 01:00:00,Asia/Bangkok,90.40409000000004,3.336206896551724,2.862068965517242,25.98439921739131
22413,2023-09-06 02:00:00,Asia/Bangkok,90.829366,3.956896551724138,3.396551724137931,25.88209078260868
22414,2023-09-06 03:00:00,Asia/Bangkok,91.82994508771931,4.267241379310345,3.706896551724138,25.74490868421049
22415,2023-09-06 04:00:00,Asia/Bangkok,91.974295221239,2.931034482758621,2.474137931034483,25.76863300884956
22416,2023-09-06 05:00:00,Asia/Bangkok,91.38079561403511,3.798245614035088,3.245614035087719,25.76859252173915
22417,2023-09-06 06:00:00,Asia/Bangkok,92.47170468468465,4.241379310344827,3.681034482758621,25.42270666666668
22418,2023-09-06 07:00:00,Asia/Bangkok,93.04565469565217,9.05982905982906,8.2991452991453,25.36163391304345
22419,2023-09-06 08:00:00,Asia/Bangkok,92.45991910714285,7.991304347826087,7.28695652173913,26.02805410714286
22420,2023-09-06 09:00:00,Asia/Bangkok,85.65432018018016,4.695652173913044,3.947826086956522,28.02399198198198
22421,2023-09-06 10:00:00,Asia/Bangkok,76.05326827272731,3.121739130434783,2.495652173913043,30.38275090909091
22422,2023-09-06 11:00:00,Asia/Bangkok,66.60830780701752,2.555555555555555,2.05982905982906,32.62664543859648
22423,2023-09-06 12:00:00,Asia/Bangkok,62.28252228070173,3.103448275862069,2.646551724137931,34.04550517543859
22424,2023-09-06 13:00:00,Asia/Bangkok,59.86513660869565,3.431034482758621,3.068965517241379,35.01476412280701
22425,2023-09-06 14:00:00,Asia/Bangkok,60.38214715596332,4.034782608695652,3.521739130434783,34.63276601851851
22426,2023-09-06 15:00:00,Asia/Bangkok,62.45891791304351,4.974137931034483,4.456896551724138,34.16809886956521
22427,2023-09-06 16:00:00,Asia/Bangkok,62.76068878260872,4.247863247863248,3.726495726495727,34.08216121739132
22428,2023-09-06 17:00:00,Asia/Bangkok,65.82281557522123,4.879310344827586,4.28448275862069,33.25696504424779
22429,2023-09-06 18:00:00,Asia/Bangkok,71.57882771929822,4.956896551724138,4.362068965517241,31.70983280701752
22430,2023-09-06 19:00:00,Asia/Bangkok,84.56787452173911,2.517241379310345,2.102564102564103,28.12205643478262
22431,2023-09-06 20:00:00,Asia/Bangkok,87.58258017391307,4.396551724137931,3.982758620689655,28.06528008771931
22432,2023-09-06 21:00:00,Asia/Bangkok,87.76629403508771,11.76724137931035,11.02586206896552,28.20355782608694
22433,2023-09-06 22:00:00,Asia/Bangkok,88.4364839823009,12.58974358974359,11.86324786324786,27.69457812499999
22434,2023-09-06 23:00:00,Asia/Bangkok,86.76151553571428,8.422413793103448,7.801724137931035,27.62479205357143
22435,2023-09-07 00:00:00,Asia/Bangkok,87.49224734513265,9.318965517241379,8.474137931034482,27.25852893805308
22436,2023-09-07 01:00:00,Asia/Bangkok,87.8712742105263,8.051724137931034,7.293103448275862,27.02813745614033
22437,2023-09-07 02:00:00,Asia/Bangkok,89.28265157894732,6.956896551724138,6.336206896551724,26.82728140350877
22438,2023-09-07 03:00:00,Asia/Bangkok,90.56673366071432,9.121739130434783,8.391304347826088,26.66655276785715
22439,2023-09-07 04:00:00,Asia/Bangkok,91.13804681818185,8.043859649122806,7.578947368421052,26.59792481818182
22440,2023-09-07 05:00:00,Asia/Bangkok,91.20293359649123,8.556521739130435,8.008695652173913,26.63499394736843
22441,2023-09-07 06:00:00,Asia/Bangkok,92.00911608695655,8.982758620689655,8.344827586206897,26.44876000000001
22442,2023-09-07 07:00:00,Asia/Bangkok,92.31393543859652,8.130434782608695,7.339130434782609,26.37057730434782
22443,2023-09-07 08:00:00,Asia/Bangkok,91.26227920353978,42.12820512820513,38.87179487179487,26.91236160714285
22444,2023-09-07 09:00:00,Asia/Bangkok,86.85049081081075,10.17241379310345,8.931034482758621,28.37602427272726
22445,2023-09-07 10:00:00,Asia/Bangkok,77.47799407079644,3.008695652173913,2.517543859649123,30.56794043859649
22446,2023-09-07 11:00:00,Asia/Bangkok,71.08352947826089,5.456896551724138,4.853448275862069,31.83707245614035
22447,2023-09-07 12:00:00,Asia/Bangkok,71.04215053571431,7.842105263157895,7.12280701754386,31.41198276785714
22448,2023-09-07 13:00:00,Asia/Bangkok,71.11968651785716,7.706896551724138,7.181034482758621,31.63138855855856
22449,2023-09-07 14:00:00,Asia/Bangkok,70.16730149122807,6.232758620689655,5.844827586206897,31.93222166666668
22450,2023-09-07 15:00:00,Asia/Bangkok,70.97403307017545,8.663793103448276,8.137931034482758,31.80453771929825
22451,2023-09-07 16:00:00,Asia/Bangkok,70.67173034188036,10.5042735042735,9.786324786324787,32.06393188034188
22452,2023-09-07 17:00:00,Asia/Bangkok,72.66238283185841,8.230088495575222,7.787610619469026,31.57635716814159
22453,2023-09-07 18:00:00,Asia/Bangkok,75.1985804424779,9.905172413793103,9.206896551724139,30.94211849557522
22454,2023-09-07 19:00:00,Asia/Bangkok,76.65777017391304,12.69230769230769,12.01709401709402,30.37102817391303
22455,2023-09-07 20:00:00,Asia/Bangkok,78.59847149122807,12.98275862068965,12.10344827586207,29.80727228070176
22456,2023-09-07 21:00:00,Asia/Bangkok,80.96638241379311,24.61206896551724,21.70689655172414,29.14133439655172
22457,2023-09-07 22:00:00,Asia/Bangkok,83.45152615384617,26.55555555555556,23.82051282051282,28.62829213675213
22458,2023-09-07 23:00:00,Asia/Bangkok,85.40210077586207,10.51282051282051,9.913793103448276,28.24932689655172
22459,2023-09-08 00:00:00,Asia/Bangkok,86.02007254385964,7.310344827586207,6.803418803418803,28.05672956140348
22460,2023-09-08 01:00:00,Asia/Bangkok,86.35255582608696,6.724137931034483,6.25,27.86062086956519
22461,2023-09-08 02:00:00,Asia/Bangkok,86.52909954545457,7.482758620689655,7.043103448275862,27.71847163636361
22462,2023-09-08 03:00:00,Asia/Bangkok,86.51155607142856,8.077586206896552,7.577586206896552,27.66801910714286
22463,2023-09-08 04:00:00,Asia/Bangkok,86.78451608695659,9.64102564102564,9.128205128205128,27.59401464912279
22464,2023-09-08 05:00:00,Asia/Bangkok,87.56924380530967,15.11206896551724,13.85344827586207,27.30078327433631
22465,2023-09-08 06:00:00,Asia/Bangkok,89.01260761467887,14.48695652173913,13.11304347826087,26.85884254545456
22466,2023-09-08 07:00:00,Asia/Bangkok,89.85706681818182,12.60344827586207,11.33620689655172,26.724326146789
22467,2023-09-08 08:00:00,Asia/Bangkok,90.14397113043475,16.13793103448276,15.0948275862069,27.13619373913042
22468,2023-09-08 09:00:00,Asia/Bangkok,86.59337034782612,10.82905982905983,10.18803418803419,28.3696303478261
22469,2023-09-08 10:00:00,Asia/Bangkok,74.700743539823,4.931034482758621,4.5,31.131783539823
22470,2023-09-08 11:00:00,Asia/Bangkok,66.09067165217391,4.646551724137931,4.21551724137931,33.48103339130434
22471,2023-09-08 12:00:00,Asia/Bangkok,59.01028181034483,4.256410256410256,3.794871794871795,35.09502686956521
22472,2023-09-08 13:00:00,Asia/Bangkok,57.76515052173914,5.241379310344827,4.887931034482759,35.38228478260871
22473,2023-09-08 14:00:00,Asia/Bangkok,59.46273793103447,6.196581196581197,5.803418803418803,34.92510655172414
22474,2023-09-08 15:00:00,Asia/Bangkok,54.01631017857145,5.28448275862069,4.793103448275862,36.50341874999999
22475,2023-09-08 16:00:00,Asia/Bangkok,52.48057869565216,6.35042735042735,5.905982905982906,36.79730330434781
22476,2023-09-08 17:00:00,Asia/Bangkok,69.5036189285714,10.68965517241379,10.04310344827586,32.08340500000001
22477,2023-09-08 18:00:00,Asia/Bangkok,73.81036570175438,14.81896551724138,13.57758620689655,30.89062850877193
22478,2023-09-08 19:00:00,Asia/Bangkok,75.62301088495576,25.05982905982906,22.74358974358974,30.47367637168142
22479,2023-09-08 20:00:00,Asia/Bangkok,72.26937947368421,8.756521739130434,8.02608695652174,29.8774944736842
22480,2023-09-08 21:00:00,Asia/Bangkok,73.28821184210524,6.219298245614035,5.640350877192983,28.97553368421054
22481,2023-09-08 22:00:00,Asia/Bangkok,76.7053709009009,5.692982456140351,5.131578947368421,28.1744389090909
22482,2023-09-08 23:00:00,Asia/Bangkok,79.40339823008846,6.163793103448276,5.491379310344827,27.83827902654865
22483,2023-09-09 00:00:00,Asia/Bangkok,86.06477894736841,4.573913043478261,4.130434782608695,27.02080771929827
22484,2023-09-09 01:00:00,Asia/Bangkok,88.34600982300886,3.655172413793104,3.301724137931035,26.34898796460176
22485,2023-09-09 02:00:00,Asia/Bangkok,89.51589826086958,4.504273504273504,4.196581196581197,25.98239956140353
22486,2023-09-09 03:00:00,Asia/Bangkok,88.79663734513268,5.756521739130434,5.391304347826087,26.04336477876107
22487,2023-09-09 04:00:00,Asia/Bangkok,88.09823821428573,5.172413793103448,4.793103448275862,26.16686194690265
22488,2023-09-09 05:00:00,Asia/Bangkok,88.69558399999997,5.741379310344827,5.293103448275862,26.15030826086956
22489,2023-09-09 06:00:00,Asia/Bangkok,88.10212675438598,6.46551724137931,5.982758620689655,26.46870491228068
22490,2023-09-09 07:00:00,Asia/Bangkok,89.92242844827585,11.04310344827586,10.21551724137931,26.13398226086955
22491,2023-09-09 08:00:00,Asia/Bangkok,87.59586026315783,7.777777777777778,7.102564102564102,26.63974736842104
22492,2023-09-09 09:00:00,Asia/Bangkok,78.78856608695651,5.112068965517241,4.482758620689655,28.80849269565218
22493,2023-09-09 10:00:00,Asia/Bangkok,70.62413394736842,4.474137931034483,3.991379310344827,31.15887973684209
22494,2023-09-09 11:00:00,Asia/Bangkok,66.55723956521739,6.181034482758621,5.689655172413793,32.5225720869565
22495,2023-09-09 12:00:00,Asia/Bangkok,62.61016947826086,5.191304347826087,4.878260869565217,33.80667608695653
22496,2023-09-09 13:00:00,Asia/Bangkok,58.02935756521737,4.603448275862069,4.198275862068965,35.32418860869566
22497,2023-09-09 14:00:00,Asia/Bangkok,56.46114414414415,4.008620689655173,3.836206896551724,35.75175423423422
22498,2023-09-09 15:00:00,Asia/Bangkok,57.07184695652175,4.155172413793103,3.974137931034483,35.75299210526316
22499,2023-09-09 16:00:00,Asia/Bangkok,65.50885761467887,2.365217391304348,2.208695652173913,32.77474798165137
22500,2023-09-09 17:00:00,Asia/Bangkok,72.45698053097344,8.162393162393162,7.760683760683761,30.11065318584069
22501,2023-09-09 18:00:00,Asia/Bangkok,82.80906701754391,6.517241379310345,6.051724137931035,28.84311815789474
22502,2023-09-09 19:00:00,Asia/Bangkok,87.42084666666665,18.38793103448276,16.97413793103448,28.19084733944955
22503,2023-09-09 20:00:00,Asia/Bangkok,87.61014307017545,13.68103448275862,12.66379310344828,27.8194250877193
22504,2023-09-09 21:00:00,Asia/Bangkok,88.6143096396396,22.64655172413793,20.21551724137931,27.61218477477478
22505,2023-09-09 22:00:00,Asia/Bangkok,86.74558578947367,13.39316239316239,12.4957264957265,27.77377166666668
22506,2023-09-09 23:00:00,Asia/Bangkok,86.99606301724138,13.88793103448276,12.99137931034483,27.72192808695654
22507,2023-09-10 00:00:00,Asia/Bangkok,87.16983628318586,9.39655172413793,8.905172413793103,27.26502681415928
22508,2023-09-10 01:00:00,Asia/Bangkok,85.9084006956522,6.801724137931035,6.25,27.04013078260868
22509,2023-09-10 02:00:00,Asia/Bangkok,85.97111819819824,5.827586206896552,5.267241379310345,26.73925459459457
22510,2023-09-10 03:00:00,Asia/Bangkok,86.1790730357143,5.782608695652174,5.243478260869566,26.5355119642857
22511,2023-09-10 04:00:00,Asia/Bangkok,83.7957489473684,4.085470085470085,3.666666666666667,26.667345
22512,2023-09-10 05:00:00,Asia/Bangkok,83.75681176991147,3.03448275862069,2.706896551724138,26.36040230088496
22513,2023-09-10 06:00:00,Asia/Bangkok,86.46626843478258,6.008695652173913,5.582608695652174,25.99208513043481
22514,2023-09-10 07:00:00,Asia/Bangkok,86.8588744347826,5.775862068965517,5.336206896551724,25.76940669565218
22515,2023-09-10 08:00:00,Asia/Bangkok,86.74497773913039,5.172413793103448,4.626086956521739,26.14582886956522
22516,2023-09-10 09:00:00,Asia/Bangkok,80.55737633928572,3.860869565217391,3.387931034482758,28.20141455357144
22517,2023-09-10 10:00:00,Asia/Bangkok,72.44718955752212,3.330434782608696,2.886956521739131,30.13237176991151
22518,2023-09-10 11:00:00,Asia/Bangkok,70.89608260869568,4.543103448275862,4.086206896551724,30.93096191304349
22519,2023-09-10 12:00:00,Asia/Bangkok,73.47857901785713,5.672413793103448,5.241379310344827,30.48339909090911
22520,2023-09-10 13:00:00,Asia/Bangkok,84.45093631578946,1.888888888888889,1.572649572649573,26.90518780701753
22521,2023-09-10 14:00:00,Asia/Bangkok,89.2209714545455,4.181034482758621,3.586206896551724,25.20214363636363
22522,2023-09-10 15:00:00,Asia/Bangkok,90.15877377192982,3.810344827586207,3.327586206896552,25.278968
22523,2023-09-10 16:00:00,Asia/Bangkok,90.34535026086954,4.410256410256411,4.025641025641026,25.59553368421055
22524,2023-09-10 17:00:00,Asia/Bangkok,91.8431141284403,6.991304347826087,6.373913043478261,25.22072880733945
22525,2023-09-10 18:00:00,Asia/Bangkok,92.21371203539832,6.818965517241379,6.172413793103448,25.19195734513276
22526,2023-09-10 19:00:00,Asia/Bangkok,92.35939009090907,7.732758620689655,7.120689655172414,25.05233699999999
22527,2023-09-10 20:00:00,Asia/Bangkok,91.4854939823009,8.869565217391305,8.043103448275861,25.22503991150442
22528,2023-09-10 21:00:00,Asia/Bangkok,92.40922867256639,10.16379310344828,9.10344827586207,25.23243619469025
22529,2023-09-10 22:00:00,Asia/Bangkok,93.05851000000004,9.043103448275861,8.224137931034482,25.17248415929204
22530,2023-09-10 23:00:00,Asia/Bangkok,92.84837596330277,11.00862068965517,10.24137931034483,24.98775064220182
22531,2023-09-11 00:00:00,Asia/Bangkok,92.28059165217388,8.735042735042734,7.957264957264957,25.08210547826086
22532,2023-09-11 01:00:00,Asia/Bangkok,92.25617055555557,8.448275862068966,7.827586206896552,24.88420824074073
22533,2023-09-11 02:00:00,Asia/Bangkok,92.00005216216215,7.758620689655173,7.172413793103448,24.98893360360361
22534,2023-09-11 03:00:00,Asia/Bangkok,91.79145281818185,6.75,6.172413793103448,25.007137
22535,2023-09-11 04:00:00,Asia/Bangkok,91.79841585585584,7.265486725663717,6.63716814159292,24.93044909909912
22536,2023-09-11 05:00:00,Asia/Bangkok,91.0607605357143,5.808695652173913,5.347826086956522,24.99295207207208
22537,2023-09-11 06:00:00,Asia/Bangkok,90.99901212389378,5.902654867256637,5.256637168141593,24.98243000000001
22538,2023-09-11 07:00:00,Asia/Bangkok,91.54335631578947,7.042735042735043,6.222222222222222,24.76087185840706
22539,2023-09-11 08:00:00,Asia/Bangkok,91.47359245614034,6.310344827586207,5.474137931034483,25.10048745614035
22540,2023-09-11 09:00:00,Asia/Bangkok,87.29420070175433,5.46551724137931,4.681034482758621,26.47261631578946
22541,2023-09-11 10:00:00,Asia/Bangkok,81.81233867256637,5.508620689655173,4.887931034482759,28.1896261061947
22542,2023-09-11 11:00:00,Asia/Bangkok,75.15981166666668,4.974137931034483,4.491379310344827,30.7644893859649
22543,2023-09-11 12:00:00,Asia/Bangkok,71.69733261261264,5.886956521739131,5.382608695652173,31.50076963636361
22544,2023-09-11 13:00:00,Asia/Bangkok,69.77044927272726,6.163793103448276,5.700854700854701,32.31388321100918
22545,2023-09-11 14:00:00,Asia/Bangkok,69.46649442477879,4.805309734513274,4.486725663716814,32.26253902654868
22546,2023-09-11 15:00:00,Asia/Bangkok,65.51419826086958,5.675213675213675,5.307692307692307,33.41873591304348
22547,2023-09-11 16:00:00,Asia/Bangkok,71.59121660714285,5.710526315789473,5.105263157894737,31.563215
22548,2023-09-11 17:00:00,Asia/Bangkok,72.84884017391299,7.094827586206897,6.525862068965517,31.56756713043477
22549,2023-09-11 18:00:00,Asia/Bangkok,74.4942913157895,7.646551724137931,6.974137931034483,31.36981008771929
22550,2023-09-11 19:00:00,Asia/Bangkok,79.45315669565221,14.27586206896552,13.2,29.89441052173913
22551,2023-09-11 20:00:00,Asia/Bangkok,83.84235491228067,37.13913043478261,32.86206896551724,28.73387210526316
22552,2023-09-11 21:00:00,Asia/Bangkok,86.0166049122807,34.33628318584071,31.06194690265487,28.36587919642856
22553,2023-09-11 22:00:00,Asia/Bangkok,88.80661945454543,32.72413793103448,29.13793103448276,27.57805781818181
22554,2023-09-11 23:00:00,Asia/Bangkok,89.22765180180177,16.67521367521368,15.69230769230769,27.38106990990986
22555,2023-09-12 00:00:00,Asia/Bangkok,89.54202964912281,18.12068965517241,17.01724137931035,27.20365245614036
22556,2023-09-12 01:00:00,Asia/Bangkok,88.29912401785718,18.11965811965812,17.12820512820513,26.94121089285716
22557,2023-09-12 02:00:00,Asia/Bangkok,88.38991155172414,18.46551724137931,17.54310344827586,26.91023034482759
22558,2023-09-12 03:00:00,Asia/Bangkok,89.21240226086958,18.83620689655172,17.75862068965517,26.64037391304349
22559,2023-09-12 04:00:00,Asia/Bangkok,88.78870504347827,18.66666666666667,17.68376068376068,26.49236565217393
22560,2023-09-12 05:00:00,Asia/Bangkok,88.95334486725662,17.69827586206896,16.9051724137931,26.35338398230086
22561,2023-09-12 06:00:00,Asia/Bangkok,90.53501460869562,20.51724137931035,19.5,26.02554469565218
22562,2023-09-12 07:00:00,Asia/Bangkok,91.34152826086958,23.20689655172414,22.03448275862069,25.91946070175439
22563,2023-09-12 08:00:00,Asia/Bangkok,91.57425741071428,22.91304347826087,21.80869565217391,26.27582646017699
22564,2023-09-12 09:00:00,Asia/Bangkok,88.16684008695651,18.01709401709402,17.16379310344828,27.34330912280701
22565,2023-09-12 10:00:00,Asia/Bangkok,78.99602694444441,16.8448275862069,16.30769230769231,29.29586675925927
22566,2023-09-12 11:00:00,Asia/Bangkok,71.77962707964603,16.47413793103448,16.06896551724138,31.55048168141593
22567,2023-09-12 12:00:00,Asia/Bangkok,65.17109775862068,14.69230769230769,14.35042735042735,33.01865284482757
22568,2023-09-12 13:00:00,Asia/Bangkok,64.57545141592918,17.85344827586207,17.31896551724138,33.42099008849556
22569,2023-09-12 14:00:00,Asia/Bangkok,64.3737260714286,20.41379310344828,19.88793103448276,34.3211510619469
22570,2023-09-12 15:00:00,Asia/Bangkok,61.17749681034484,22.65811965811966,22.11111111111111,35.54621999999998
22571,2023-09-12 16:00:00,Asia/Bangkok,68.73470089285713,13.70689655172414,13.14655172413793,31.77667482142858
22572,2023-09-12 17:00:00,Asia/Bangkok,82.0810875221239,9.224137931034482,8.672413793103448,26.98708079646016
22573,2023-09-12 18:00:00,Asia/Bangkok,87.94327902654865,14.94017094017094,14.1025641025641,26.53574663716812
22574,2023-09-12 19:00:00,Asia/Bangkok,88.9470545217391,11.11206896551724,10.57758620689655,26.11793843478262
22575,2023-09-12 20:00:00,Asia/Bangkok,89.55095831858407,31.18965517241379,27.93965517241379,26.10728867256637
22576,2023-09-12 21:00:00,Asia/Bangkok,89.37708121739132,25.79310344827586,24.06034482758621,26.13481817391305
22577,2023-09-12 22:00:00,Asia/Bangkok,90.19903575221241,21.33620689655172,20.44827586206896,25.97797814159291
22578,2023-09-12 23:00:00,Asia/Bangkok,91.15766330434779,34.69230769230769,31.09401709401709,25.81735617391306
22579,2023-09-13 00:00:00,Asia/Bangkok,91.82177172413792,21.1025641025641,20.13675213675214,25.69256362068963
22580,2023-09-13 01:00:00,Asia/Bangkok,92.56449571428568,18.08620689655172,17.25,25.51797053571432
22581,2023-09-13 02:00:00,Asia/Bangkok,93.18695630630627,21.39655172413793,20.3448275862069,25.33865081081084
22582,2023-09-13 03:00:00,Asia/Bangkok,94.40462243478254,24.00862068965517,22.85217391304348,25.15067556521738
22583,2023-09-13 04:00:00,Asia/Bangkok,94.0616251304348,26.00869565217391,24.81034482758621,25.3075992173913
22584,2023-09-13 05:00:00,Asia/Bangkok,93.90743252173918,27.81896551724138,26.27586206896552,25.26622200000002
22585,2023-09-13 06:00:00,Asia/Bangkok,93.62513140350875,28.8695652173913,27.54782608695652,25.31482026315787
22586,2023-09-13 07:00:00,Asia/Bangkok,93.99127850877198,34.17857142857143,31.375,25.37405912280705
22587,2023-09-13 08:00:00,Asia/Bangkok,94.06838165217395,37.45299145299145,33.16239316239317,26.12596728070175
22588,2023-09-13 09:00:00,Asia/Bangkok,90.54058891891886,38.50434782608696,34.04347826086956,27.65620819819819
22589,2023-09-13 10:00:00,Asia/Bangkok,83.28451088495578,40.16814159292036,35.00884955752213,29.60310247787611
22590,2023-09-13 11:00:00,Asia/Bangkok,76.59549034188032,43.44444444444444,37.22222222222222,31.15273316239315
22591,2023-09-13 12:00:00,Asia/Bangkok,70.93571866071427,44.58620689655172,38.05172413793103,32.70676017857144
22592,2023-09-13 13:00:00,Asia/Bangkok,67.90821585585589,41.51724137931034,36.06896551724138,33.4319863963964
22593,2023-09-13 14:00:00,Asia/Bangkok,61.11535345132744,33.70940170940171,31.25641025641026,34.95694805309736
22594,2023-09-13 15:00:00,Asia/Bangkok,60.01935429824561,30.27586206896552,28.98275862068965,35.22857780701753
22595,2023-09-13 16:00:00,Asia/Bangkok,63.97149965217394,30.64957264957265,29.1965811965812,34.58838426086957
22596,2023-09-13 17:00:00,Asia/Bangkok,65.08656728070176,27.19827586206896,26.25,34.02262114035089
22597,2023-09-13 18:00:00,Asia/Bangkok,67.87801491071428,29.6551724137931,28.22413793103448,32.86538062499999
22598,2023-09-13 19:00:00,Asia/Bangkok,71.82266408695648,38.53448275862069,33.85344827586207,31.60569643478261
22599,2023-09-13 20:00:00,Asia/Bangkok,73.64956157407406,42.06034482758621,35.89655172413793,31.11067481481482
22600,2023-09-13 21:00:00,Asia/Bangkok,75.79206163793104,40.50427350427351,35.12820512820513,30.38225258620691
22601,2023-09-13 22:00:00,Asia/Bangkok,78.26164761061945,40.51754385964912,35.20869565217392,29.86675761061946
22602,2023-09-13 23:00:00,Asia/Bangkok,81.39549756756755,41.98260869565217,35.93043478260869,29.25147405405409
22603,2023-09-14 00:00:00,Asia/Bangkok,81.03088214285711,38.0948275862069,33.70689655172414,28.92588375000001
22604,2023-09-14 01:00:00,Asia/Bangkok,80.32767339285715,31.56410256410257,29.7008547008547,28.50609455357143
22605,2023-09-14 02:00:00,Asia/Bangkok,83.04438817391308,32.25,30.18965517241379,28.07586886956522
22606,2023-09-14 03:00:00,Asia/Bangkok,86.67487566371682,33.21551724137931,30.72413793103448,27.29511256637167
22607,2023-09-14 04:00:00,Asia/Bangkok,88.40433203539824,33.22222222222222,30.73504273504274,26.66727814159294
22608,2023-09-14 05:00:00,Asia/Bangkok,88.88353070796458,33.9051724137931,31.13793103448276,26.46631884955753
22609,2023-09-14 06:00:00,Asia/Bangkok,88.9016757142857,31.62931034482759,29.6551724137931,26.43346660714288
22610,2023-09-14 07:00:00,Asia/Bangkok,89.46925946428576,33.37931034482759,30.60344827586207,26.51686508928571
22611,2023-09-14 08:00:00,Asia/Bangkok,89.78748953703698,37.87179487179487,33.56034482758621,27.15871555555554
22612,2023-09-14 09:00:00,Asia/Bangkok,83.93053522123894,27.61206896551724,26.26495726495726,29.34044221238938
22613,2023-09-14 10:00:00,Asia/Bangkok,73.47707666666666,34.95689655172414,31.97413793103448,31.60871026548672
22614,2023-09-14 11:00:00,Asia/Bangkok,66.68539610619472,32.05128205128205,30.25641025641026,32.82257504424778
22615,2023-09-14 12:00:00,Asia/Bangkok,60.73211648648648,30.02608695652174,28.57391304347826,34.04385099099099
22616,2023-09-14 13:00:00,Asia/Bangkok,56.68157859649124,31.46956521739131,29.0,34.23516868421053
22617,2023-09-14 14:00:00,Asia/Bangkok,61.32736413793102,34.33913043478261,31.62608695652174,34.1696575862069
22618,2023-09-14 15:00:00,Asia/Bangkok,73.74563236363635,22.49137931034483,21.0,29.86791236363637
22619,2023-09-14 16:00:00,Asia/Bangkok,87.48084834782614,23.93103448275862,22.89655172413793,27.90599234782607
22620,2023-09-14 17:00:00,Asia/Bangkok,87.35741372727276,41.62931034482759,36.11206896551724,28.38510118181815
22621,2023-09-14 18:00:00,Asia/Bangkok,85.7121693043478,24.20689655172414,22.57758620689655,27.47569773913047
22622,2023-09-14 19:00:00,Asia/Bangkok,85.95068088495577,25.36206896551724,23.31896551724138,26.54486946902655
22623,2023-09-14 20:00:00,Asia/Bangkok,87.62683429824564,19.14655172413793,18.16379310344828,26.38562140350878
22624,2023-09-14 21:00:00,Asia/Bangkok,88.17777745614036,20.25641025641026,19.29059829059829,26.34371421052633
22625,2023-09-14 22:00:00,Asia/Bangkok,89.25778113043478,21.12931034482759,20.12068965517241,26.34115617391305
22626,2023-09-14 23:00:00,Asia/Bangkok,90.30372008771931,30.76724137931035,28.48275862068965,25.90758570175438
22627,2023-09-15 00:00:00,Asia/Bangkok,89.91527087719298,20.13675213675214,19.24786324786325,25.76999587719298
22628,2023-09-15 01:00:00,Asia/Bangkok,90.20219535714284,21.30434782608696,19.54782608695652,25.62762500000002
22629,2023-09-15 02:00:00,Asia/Bangkok,90.67548194690268,15.38793103448276,14.56896551724138,25.21854053097344
22630,2023-09-15 03:00:00,Asia/Bangkok,89.2612042608696,14.22413793103448,13.49137931034483,25.20199252173913
22631,2023-09-15 04:00:00,Asia/Bangkok,88.50612903508771,11.58620689655172,10.98275862068965,25.34309342105264
22632,2023-09-15 05:00:00,Asia/Bangkok,88.6453400862069,10.99137931034483,10.55172413793103,25.19744362068966
22633,2023-09-15 06:00:00,Asia/Bangkok,88.84131761061948,11.87068965517241,11.20689655172414,25.07009044247791
22634,2023-09-15 07:00:00,Asia/Bangkok,87.68728855855854,8.241379310344827,7.818965517241379,25.41888126126126
22635,2023-09-15 08:00:00,Asia/Bangkok,84.79035879310341,3.310344827586207,3.03448275862069,25.87821999999999
22636,2023-09-15 09:00:00,Asia/Bangkok,80.72865230088499,0.8034188034188035,0.6239316239316239,26.89386044642857
22637,2023-09-15 10:00:00,Asia/Bangkok,74.70167912280701,0.1810344827586207,0.103448275862069,28.86874385964915
22638,2023-09-15 11:00:00,Asia/Bangkok,71.69701238938053,0.1538461538461539,0.05982905982905983,30.40044362831859
22639,2023-09-15 12:00:00,Asia/Bangkok,65.11485122807018,0.3706896551724138,0.2758620689655172,32.88594582608692
22640,2023-09-15 13:00:00,Asia/Bangkok,63.21568309734516,1.82051282051282,1.598290598290598,33.7295235135135
22641,2023-09-15 14:00:00,Asia/Bangkok,67.82347830357146,2.342105263157895,2.175438596491228,31.95820910714285
22642,2023-09-15 15:00:00,Asia/Bangkok,65.50390256637168,2.775862068965517,2.577586206896552,32.90124513274334
22643,2023-09-15 16:00:00,Asia/Bangkok,76.0518325,1.836206896551724,1.603448275862069,29.04863284482759
22644,2023-09-15 17:00:00,Asia/Bangkok,74.24198078947369,1.376068376068376,1.017094017094017,29.04906087719297
22645,2023-09-15 18:00:00,Asia/Bangkok,79.06020046728973,19.01724137931035,16.37931034482759,28.78852457943925
22646,2023-09-15 19:00:00,Asia/Bangkok,87.57038594594594,11.0948275862069,10.32758620689655,27.38550172727269
22647,2023-09-15 20:00:00,Asia/Bangkok,88.53360842105263,12.4017094017094,11.47863247863248,26.83095798245616
22648,2023-09-15 21:00:00,Asia/Bangkok,89.44858719298243,16.47413793103448,15.45689655172414,26.80397377192984
22649,2023-09-15 22:00:00,Asia/Bangkok,91.10660562499996,26.56896551724138,24.32758620689655,26.52974116071428
22650,2023-09-15 23:00:00,Asia/Bangkok,86.57489108108106,8.068965517241379,7.474137931034483,26.29619297297297
22651,2023-09-16 00:00:00,Asia/Bangkok,85.74845756521741,5.956521739130435,5.521739130434782,26.14299146551723
22652,2023-09-16 01:00:00,Asia/Bangkok,87.52836741379306,7.439655172413793,6.887931034482759,25.91413556521737
22653,2023-09-16 02:00:00,Asia/Bangkok,85.25520732142861,6.168141592920354,5.690265486725663,26.03949669642857
22654,2023-09-16 03:00:00,Asia/Bangkok,88.29995191304357,7.836206896551724,7.21551724137931,25.55144789473685
22655,2023-09-16 04:00:00,Asia/Bangkok,84.84970807339445,5.594827586206897,5.172413793103448,25.83973357798166
22656,2023-09-16 05:00:00,Asia/Bangkok,83.56733581818185,4.767241379310345,4.362068965517241,26.06652736363636
22657,2023-09-16 06:00:00,Asia/Bangkok,83.07079687500003,6.21551724137931,5.758620689655173,26.01803283185842
22658,2023-09-16 07:00:00,Asia/Bangkok,84.71162578947371,7.025641025641026,6.632478632478633,25.60337814159295
22659,2023-09-16 08:00:00,Asia/Bangkok,84.18116387387383,7.336206896551724,6.827586206896552,26.32958504504504
22660,2023-09-16 09:00:00,Asia/Bangkok,77.4617534482759,4.793103448275862,4.405172413793103,28.8255226724138
22661,2023-09-16 10:00:00,Asia/Bangkok,76.45173330434785,3.25,2.922413793103448,29.40685382608696
22662,2023-09-16 11:00:00,Asia/Bangkok,69.30171586206895,3.793103448275862,3.53448275862069,31.4800350862069
22663,2023-09-16 12:00:00,Asia/Bangkok,64.098505,5.914529914529915,5.615384615384615,33.165381
22664,2023-09-16 13:00:00,Asia/Bangkok,60.80170947826087,5.137931034482759,4.827586206896552,34.30830400000001
22665,2023-09-16 14:00:00,Asia/Bangkok,62.14893434782609,5.956896551724138,5.603448275862069,33.86054617391304
22666,2023-09-16 15:00:00,Asia/Bangkok,64.90874736842106,4.4,4.060869565217391,33.07762815789474
22667,2023-09-16 16:00:00,Asia/Bangkok,74.1382399115044,1.948717948717949,1.615384615384615,29.80320616071429
22668,2023-09-16 17:00:00,Asia/Bangkok,80.55355412280703,2.137931034482758,1.767241379310345,27.51587149122807
22669,2023-09-16 18:00:00,Asia/Bangkok,79.69407592920356,4.758620689655173,4.120689655172414,27.92963539823007
22670,2023-09-16 19:00:00,Asia/Bangkok,80.04830379310346,4.965811965811966,4.675213675213675,27.61255094827587
22671,2023-09-16 20:00:00,Asia/Bangkok,82.62022445454544,5.008620689655173,4.646551724137931,27.12058127272727
22672,2023-09-16 21:00:00,Asia/Bangkok,83.30819422413789,5.700854700854701,5.205128205128205,26.7757954310345
22673,2023-09-16 22:00:00,Asia/Bangkok,85.01020553571426,7.077586206896552,6.724137931034483,26.50361324324326
22674,2023-09-16 23:00:00,Asia/Bangkok,86.65192088495577,8.434782608695652,7.921739130434783,26.10715464912282
22675,2023-09-17 00:00:00,Asia/Bangkok,86.26097299145307,9.811965811965813,9.341880341880342,26.2595442241379
22676,2023-09-17 01:00:00,Asia/Bangkok,87.94662344827587,15.85344827586207,14.87068965517241,25.81617853448279
22677,2023-09-17 02:00:00,Asia/Bangkok,88.9331430088496,16.79310344827586,15.33620689655172,25.5503031858407
22678,2023-09-17 03:00:00,Asia/Bangkok,89.13808778761059,14.33620689655172,13.41379310344828,25.44262149122804
22679,2023-09-17 04:00:00,Asia/Bangkok,90.51266747747744,8.75,8.25,25.02980954545454
22680,2023-09-17 05:00:00,Asia/Bangkok,90.62602805555552,7.862068965517241,7.405172413793103,24.94577703703705
22681,2023-09-17 06:00:00,Asia/Bangkok,90.38436955752212,18.06034482758621,16.6551724137931,25.01481530973454
22682,2023-09-17 07:00:00,Asia/Bangkok,91.30709599999994,12.19827586206897,11.56034482758621,24.83044234782609
22683,2023-09-17 08:00:00,Asia/Bangkok,88.64691368421055,9.837606837606838,9.316239316239317,25.96309956140352
22684,2023-09-17 09:00:00,Asia/Bangkok,80.67946169642856,5.243478260869566,4.904347826086957,28.36561571428571
22685,2023-09-17 10:00:00,Asia/Bangkok,74.20162601769914,4.429824561403509,4.0,30.38851026548673
22686,2023-09-17 11:00:00,Asia/Bangkok,69.72165719298243,5.672413793103448,5.318965517241379,32.00762743362834
22687,2023-09-17 12:00:00,Asia/Bangkok,65.17378570175438,4.260869565217392,4.060869565217391,33.30837649122807
22688,2023-09-17 13:00:00,Asia/Bangkok,61.81152946902653,3.818965517241379,3.655172413793104,34.45277339285716
22689,2023-09-17 14:00:00,Asia/Bangkok,59.9339557272727,3.732758620689655,3.439655172413793,35.18371154545454
22690,2023-09-17 15:00:00,Asia/Bangkok,64.82998034482758,2.47008547008547,2.206896551724138,33.64226560344827
22691,2023-09-17 16:00:00,Asia/Bangkok,66.41522452173916,2.46551724137931,2.29059829059829,33.10990382608695
22692,2023-09-17 17:00:00,Asia/Bangkok,70.14096078260872,7.198275862068965,6.732758620689655,32.41526973913044
22693,2023-09-17 18:00:00,Asia/Bangkok,75.34745531531532,7.085470085470085,6.683760683760684,31.22042207207208
22694,2023-09-17 19:00:00,Asia/Bangkok,80.02983491228069,5.336206896551724,5.0,29.48762771929824
22695,2023-09-17 20:00:00,Asia/Bangkok,79.22544375,11.98275862068965,11.07758620689655,29.38902035714284
22696,2023-09-17 21:00:00,Asia/Bangkok,79.21113736842109,10.77586206896552,10.0,29.21635701754387
22697,2023-09-17 22:00:00,Asia/Bangkok,81.42243130434784,10.41025641025641,9.854700854700855,28.21215017391306
22698,2023-09-17 23:00:00,Asia/Bangkok,82.69416815789474,11.32758620689655,10.75862068965517,28.03494429824557
22699,2023-09-18 00:00:00,Asia/Bangkok,83.71754852173908,12.31896551724138,11.68103448275862,27.83447400000003
22700,2023-09-18 01:00:00,Asia/Bangkok,85.45343796460182,11.02586206896552,10.5948275862069,27.46296566371678
22701,2023-09-18 02:00:00,Asia/Bangkok,87.42154504273506,14.44827586206897,13.73275862068965,27.07573495726491
22702,2023-09-18 03:00:00,Asia/Bangkok,88.72269088495574,19.05128205128205,17.93162393162393,26.79028132743361
22703,2023-09-18 04:00:00,Asia/Bangkok,89.61666315315316,15.42608695652174,14.6695652173913,26.63624018018018
22704,2023-09-18 05:00:00,Asia/Bangkok,88.60654394736841,17.93103448275862,16.73275862068965,26.7838306140351
22705,2023-09-18 06:00:00,Asia/Bangkok,89.24913060869572,16.47008547008547,15.72649572649573,26.47564913043479
22706,2023-09-18 07:00:00,Asia/Bangkok,90.52589062499997,17.25862068965517,16.31034482758621,26.14707089285717
22707,2023-09-18 08:00:00,Asia/Bangkok,90.99217157894738,21.08620689655172,19.74137931034483,26.35390377192982
22708,2023-09-18 09:00:00,Asia/Bangkok,87.8986080172414,20.91452991452991,19.92307692307692,27.66627853448276
22709,2023-09-18 10:00:00,Asia/Bangkok,73.65573999999998,8.243478260869566,7.791304347826087,31.04133649122808
22710,2023-09-18 11:00:00,Asia/Bangkok,64.85295234782606,11.68376068376068,11.18803418803419,33.12527184210526
22711,2023-09-18 12:00:00,Asia/Bangkok,61.64208330434786,12.19130434782609,11.69827586206897,34.15374904347826
22712,2023-09-18 13:00:00,Asia/Bangkok,64.11521396551723,11.93103448275862,11.3448275862069,33.56112137931034
22713,2023-09-18 14:00:00,Asia/Bangkok,79.39340112068963,13.29059829059829,12.7008547008547,31.54799043103447
22714,2023-09-18 15:00:00,Asia/Bangkok,62.08212707964605,27.70689655172414,25.88793103448276,33.72278203539822
22715,2023-09-18 16:00:00,Asia/Bangkok,68.71465464912279,8.612068965517242,8.241379310344827,32.72406614035086
22716,2023-09-18 17:00:00,Asia/Bangkok,81.13172808695656,11.52586206896552,11.03448275862069,28.99260669565217
22717,2023-09-18 18:00:00,Asia/Bangkok,84.23879539823007,15.22413793103448,14.53448275862069,28.67876142857143
22718,2023-09-18 19:00:00,Asia/Bangkok,82.81254831858409,14.16379310344828,13.39655172413793,28.44829469026551
22719,2023-09-18 20:00:00,Asia/Bangkok,86.83405982456136,2.939130434782609,2.426086956521739,25.00114692982456
22720,2023-09-18 21:00:00,Asia/Bangkok,91.82401090090089,4.974137931034483,4.439655172413793,25.08559306306308
22721,2023-09-18 22:00:00,Asia/Bangkok,89.82948930434785,2.121739130434783,1.895652173913043,24.64089634782606
22722,2023-09-18 23:00:00,Asia/Bangkok,90.7779151754386,2.817391304347826,2.469565217391304,24.41042131578946
22723,2023-09-19 00:00:00,Asia/Bangkok,90.95825254385964,3.396551724137931,2.96551724137931,24.44131631578946
22724,2023-09-19 01:00:00,Asia/Bangkok,90.87355103448272,3.871794871794872,3.41025641025641,24.54705681034485
22725,2023-09-19 02:00:00,Asia/Bangkok,91.53177044247786,4.318965517241379,3.767241379310345,24.39539681415932
22726,2023-09-19 03:00:00,Asia/Bangkok,92.12867419642859,4.672413793103448,4.232758620689655,24.4132501801802
22727,2023-09-19 04:00:00,Asia/Bangkok,91.39620129310349,7.293103448275862,6.689655172413793,24.56245560344828
22728,2023-09-19 05:00:00,Asia/Bangkok,92.00959964912282,7.836206896551724,7.293103448275862,24.38505385964913
22729,2023-09-19 06:00:00,Asia/Bangkok,92.19106782608701,8.267241379310345,7.543103448275862,24.22242521739132
22730,2023-09-19 07:00:00,Asia/Bangkok,92.60397849557526,9.914529914529915,9.264957264957266,24.1232325663717
22731,2023-09-19 08:00:00,Asia/Bangkok,93.9707059649123,9.362068965517242,8.78448275862069,24.63760859649123
22732,2023-09-19 09:00:00,Asia/Bangkok,93.91450263157891,15.1551724137931,14.08620689655172,26.84215307017543
22733,2023-09-19 10:00:00,Asia/Bangkok,83.07552878260869,6.801724137931035,6.431034482758621,30.05562947826087
22734,2023-09-19 11:00:00,Asia/Bangkok,77.09296562500002,5.870689655172414,5.53448275862069,30.99452964285713
22735,2023-09-19 12:00:00,Asia/Bangkok,74.33917265486724,5.282051282051282,5.025641025641026,31.73931205357144
22736,2023-09-19 13:00:00,Asia/Bangkok,82.24140333333331,6.301724137931035,5.775862068965517,30.3005797368421
22737,2023-09-19 14:00:00,Asia/Bangkok,86.77973223214288,5.765217391304348,5.48695652173913,29.58884071428573
22738,2023-09-19 15:00:00,Asia/Bangkok,79.20724626086955,4.224137931034483,3.844827586206896,31.17651695652172
22739,2023-09-19 16:00:00,Asia/Bangkok,82.75656955357142,3.0,2.612068965517242,29.17937482142858
22740,2023-09-19 17:00:00,Asia/Bangkok,88.43806846938776,2.939393939393939,2.646464646464647,27.84676319587628
22741,2023-09-19 18:00:00,Asia/Bangkok,86.5957061061947,4.947826086956522,4.71304347826087,28.34613442477873
22742,2023-09-19 19:00:00,Asia/Bangkok,88.23545539823012,8.922413793103448,8.362068965517242,28.01250982300883
22743,2023-09-19 20:00:00,Asia/Bangkok,90.01133634782614,34.93965517241379,30.72413793103448,27.40097728070175
22744,2023-09-19 21:00:00,Asia/Bangkok,91.28519112068967,28.82758620689655,26.1551724137931,26.81695370689657
22745,2023-09-19 22:00:00,Asia/Bangkok,92.33202651785719,30.75652173913043,28.21551724137931,26.44396371681415
22746,2023-09-19 23:00:00,Asia/Bangkok,92.28557610619465,17.32758620689655,16.4051724137931,26.21266017699115
22747,2023-09-20 00:00:00,Asia/Bangkok,92.3477021551724,13.33333333333333,12.64957264957265,25.93248
22748,2023-09-20 01:00:00,Asia/Bangkok,92.4257356034483,17.4051724137931,16.28448275862069,25.75844724137928
22749,2023-09-20 02:00:00,Asia/Bangkok,92.06132713043482,11.28205128205128,10.54700854700855,25.6227246956522
22750,2023-09-20 03:00:00,Asia/Bangkok,91.81511734513275,9.137931034482758,8.586206896551724,25.47056831858405
22751,2023-09-20 04:00:00,Asia/Bangkok,92.0592184821429,7.008620689655173,6.612068965517241,25.18608848214286
22752,2023-09-20 05:00:00,Asia/Bangkok,92.10578518181818,9.939655172413794,9.482758620689655,24.89692245454547
22753,2023-09-20 06:00:00,Asia/Bangkok,92.15216405172421,12.95689655172414,12.3448275862069,24.77251172413791
22754,2023-09-20 07:00:00,Asia/Bangkok,92.44042686956514,17.09565217391305,16.20869565217391,24.75899278260869
22755,2023-09-20 08:00:00,Asia/Bangkok,93.87237582608698,9.35344827586207,9.0,25.49331504347828
22756,2023-09-20 09:00:00,Asia/Bangkok,91.10664660714289,6.2,5.834782608695652,27.53726705357143
22757,2023-09-20 10:00:00,Asia/Bangkok,78.03642159292033,3.801724137931035,3.560344827586207,30.57351911504426
22758,2023-09-20 11:00:00,Asia/Bangkok,70.41324309734513,3.232758620689655,2.922413793103448,32.85697403508771
22759,2023-09-20 12:00:00,Asia/Bangkok,63.2069642105263,2.743589743589744,2.572649572649573,34.63062309734514
22760,2023-09-20 13:00:00,Asia/Bangkok,65.25842141592919,2.286956521739131,2.043478260869565,33.25063017699114
22761,2023-09-20 14:00:00,Asia/Bangkok,67.77830699115043,2.487179487179487,2.153846153846154,32.31823407079648
22762,2023-09-20 15:00:00,Asia/Bangkok,76.13100061946902,4.612068965517241,4.155172413793103,31.57784725663715
22763,2023-09-20 16:00:00,Asia/Bangkok,78.4218089655172,3.88034188034188,3.581196581196581,30.90253043103449
22764,2023-09-20 17:00:00,Asia/Bangkok,80.22336705357142,9.913793103448276,9.060344827586206,30.15549687500001
22765,2023-09-20 18:00:00,Asia/Bangkok,81.04258791304348,23.30172413793104,20.63793103448276,29.72801591304348
22766,2023-09-20 19:00:00,Asia/Bangkok,83.3365857017544,52.0,46.37068965517241,29.32075640350878
22767,2023-09-20 20:00:00,Asia/Bangkok,86.10780562500005,35.75862068965517,30.36206896551724,28.43308848214285
22768,2023-09-20 21:00:00,Asia/Bangkok,87.53167850877192,37.87179487179487,32.68376068376068,28.09214570175439
22769,2023-09-20 22:00:00,Asia/Bangkok,88.94288026548675,22.35344827586207,21.11206896551724,27.67406513274337
22770,2023-09-20 23:00:00,Asia/Bangkok,89.4786096491228,21.08620689655172,19.85344827586207,27.42510491228067
22771,2023-09-21 00:00:00,Asia/Bangkok,90.30404443478261,19.17241379310345,18.03448275862069,27.30622999999997
22772,2023-09-21 01:00:00,Asia/Bangkok,90.61647526315791,23.71794871794872,22.47863247863248,27.25812964601771
22773,2023-09-21 02:00:00,Asia/Bangkok,90.98981637168144,23.4051724137931,22.20689655172414,27.0192643362832
22774,2023-09-21 03:00:00,Asia/Bangkok,90.94244456140353,19.57264957264957,18.56896551724138,26.79059956140353
22775,2023-09-21 04:00:00,Asia/Bangkok,90.72892699115044,17.38260869565217,16.51724137931035,26.54732814159292
22776,2023-09-21 05:00:00,Asia/Bangkok,90.99509241071429,17.34188034188034,16.57264957264957,26.45654589285713
22777,2023-09-21 06:00:00,Asia/Bangkok,91.37311405405403,23.88695652173913,22.94782608695652,26.30278405405405
22778,2023-09-21 07:00:00,Asia/Bangkok,91.96794640350876,24.68103448275862,23.35344827586207,26.07452517543859
22779,2023-09-21 08:00:00,Asia/Bangkok,93.00798547826089,19.51724137931035,18.62068965517241,26.52464304347827
22780,2023-09-21 09:00:00,Asia/Bangkok,87.97637228070177,13.37931034482759,12.78448275862069,27.97092850877193
22781,2023-09-21 10:00:00,Asia/Bangkok,77.93797938053099,10.75862068965517,10.25862068965517,30.64256876106194
22782,2023-09-21 11:00:00,Asia/Bangkok,71.08431846846844,10.05982905982906,9.521367521367521,32.44210981981981
22783,2023-09-21 12:00:00,Asia/Bangkok,64.15274963963961,10.63793103448276,10.24137931034483,34.46051738738738
22784,2023-09-21 13:00:00,Asia/Bangkok,70.88149455357144,12.52136752136752,11.94871794871795,32.61472857142856
22785,2023-09-21 14:00:00,Asia/Bangkok,88.42840372727275,5.28448275862069,4.75,26.65842348623853
22786,2023-09-21 15:00:00,Asia/Bangkok,92.5716418421053,2.025862068965517,1.689655172413793,25.01206114035089
22787,2023-09-21 16:00:00,Asia/Bangkok,92.23653201754388,1.956140350877193,1.719298245614035,25.62155754385965
22788,2023-09-21 17:00:00,Asia/Bangkok,92.95250791304348,2.68695652173913,2.469565217391304,25.66180530434782
22789,2023-09-21 18:00:00,Asia/Bangkok,93.13139696428574,1.896551724137931,1.732758620689655,25.74111553571428
22790,2023-09-21 19:00:00,Asia/Bangkok,92.37803675438593,1.695652173913043,1.469565217391304,25.6107354385965
22791,2023-09-21 20:00:00,Asia/Bangkok,92.23900850877196,8.844827586206897,8.232758620689655,25.45615964912281
22792,2023-09-21 21:00:00,Asia/Bangkok,93.51359669642855,5.03448275862069,4.663793103448276,24.89361348214285
22793,2023-09-21 22:00:00,Asia/Bangkok,93.57751929824562,3.448275862068965,3.129310344827586,24.93026561403511
22794,2023-09-21 23:00:00,Asia/Bangkok,93.08171904347822,4.689655172413793,4.293103448275862,24.93765208695652
22795,2023-09-22 00:00:00,Asia/Bangkok,92.84994857142854,5.232758620689655,4.844827586206897,24.97126955357143
22796,2023-09-22 01:00:00,Asia/Bangkok,93.27063778761068,4.939655172413793,4.482758620689655,24.68299982456143
22797,2023-09-22 02:00:00,Asia/Bangkok,93.20513300884959,5.905982905982906,5.435897435897436,24.61551767857148
22798,2023-09-22 03:00:00,Asia/Bangkok,92.86107243478267,6.206896551724138,5.706896551724138,24.71756826086953
22799,2023-09-22 04:00:00,Asia/Bangkok,92.86410724137932,5.862068965517241,5.448275862068965,24.73996232758619
22800,2023-09-22 05:00:00,Asia/Bangkok,93.09749634782605,6.431034482758621,6.163793103448276,24.64313931034482
22801,2023-09-22 06:00:00,Asia/Bangkok,93.6405955172414,8.232758620689655,7.724137931034483,24.56690051724141
22802,2023-09-22 07:00:00,Asia/Bangkok,93.59379258620689,8.41025641025641,7.871794871794871,24.57653060869566
22803,2023-09-22 08:00:00,Asia/Bangkok,94.47266417391303,8.601769911504425,8.017699115044248,25.0434432173913
22804,2023-09-22 09:00:00,Asia/Bangkok,93.57485769911507,6.46551724137931,5.974137931034483,25.85776716814159
22805,2023-09-22 10:00:00,Asia/Bangkok,87.64271844827586,4.880341880341881,4.547008547008547,27.62636129310344
22806,2023-09-22 11:00:00,Asia/Bangkok,82.46942336363634,4.247787610619469,3.902654867256637,28.80534154545457
22807,2023-09-22 12:00:00,Asia/Bangkok,79.63476858407081,4.03448275862069,3.724137931034483,29.91567230088496
22808,2023-09-22 13:00:00,Asia/Bangkok,76.94361831858409,5.17948717948718,4.735042735042735,30.51529079646018
22809,2023-09-22 14:00:00,Asia/Bangkok,72.43739732142859,5.172413793103448,4.853448275862069,31.813868125
22810,2023-09-22 15:00:00,Asia/Bangkok,67.3863268103448,7.615384615384615,7.410256410256411,33.81477801724139
22811,2023-09-22 16:00:00,Asia/Bangkok,66.101655,7.267241379310345,6.974137931034483,33.97478734513275
22812,2023-09-22 17:00:00,Asia/Bangkok,75.57463830357142,4.698275862068965,4.482758620689655,30.54751285714286
22813,2023-09-22 18:00:00,Asia/Bangkok,87.90207730434778,2.887931034482758,2.603448275862069,26.93917182608695
22814,2023-09-22 19:00:00,Asia/Bangkok,89.8379131896552,3.136752136752137,2.948717948717949,26.52621000000001
22815,2023-09-22 20:00:00,Asia/Bangkok,90.31140617391308,3.336206896551724,3.051724137931035,26.46758982608696
22816,2023-09-22 21:00:00,Asia/Bangkok,90.56446122807016,4.922413793103448,4.517241379310345,26.55146263157894
22817,2023-09-22 22:00:00,Asia/Bangkok,91.22501410714285,3.28448275862069,3.068965517241379,26.36326324324324
22818,2023-09-22 23:00:00,Asia/Bangkok,91.19219339285716,2.939655172413793,2.655172413793104,26.33108901785713
22819,2023-09-23 00:00:00,Asia/Bangkok,91.74795120370369,2.422413793103448,2.172413793103448,25.92322449541285
22820,2023-09-23 01:00:00,Asia/Bangkok,92.16008239316237,3.555555555555555,3.230769230769231,25.80865120689657
22821,2023-09-23 02:00:00,Asia/Bangkok,92.77448437499996,6.301724137931035,6.094827586206897,25.66782491071428
22822,2023-09-23 03:00:00,Asia/Bangkok,92.79193140350874,8.357142857142858,8.0,25.60010289473688
22823,2023-09-23 04:00:00,Asia/Bangkok,92.18681168141592,6.482758620689655,6.189655172413793,25.55713070796464
22824,2023-09-23 05:00:00,Asia/Bangkok,91.4953652252252,4.965217391304348,4.660869565217391,25.58771531531529
22825,2023-09-23 06:00:00,Asia/Bangkok,91.10529078260869,4.336206896551724,3.956896551724138,25.69225245614034
22826,2023-09-23 07:00:00,Asia/Bangkok,91.94012928571432,4.560344827586207,4.258620689655173,25.49663517857142
22827,2023-09-23 08:00:00,Asia/Bangkok,91.19146201754381,4.568965517241379,4.198275862068965,26.33612614035088
22828,2023-09-23 09:00:00,Asia/Bangkok,85.98245495575222,2.982758620689655,2.732758620689655,27.78709097345131
22829,2023-09-23 10:00:00,Asia/Bangkok,77.36412447368419,1.508620689655172,1.241379310344828,29.91993999999999
22830,2023-09-23 11:00:00,Asia/Bangkok,72.41504521739131,2.887931034482758,2.663793103448276,31.52411939655174
22831,2023-09-23 12:00:00,Asia/Bangkok,66.1816928448276,2.025862068965517,1.75,33.75809826086957
22832,2023-09-23 13:00:00,Asia/Bangkok,62.87533142857143,2.052173913043478,1.895652173913043,34.41429312500001
22833,2023-09-23 14:00:00,Asia/Bangkok,61.50974827586207,2.991452991452991,2.820512820512821,34.91875224137931
22834,2023-09-23 15:00:00,Asia/Bangkok,63.35432451327434,1.704347826086956,1.582608695652174,33.98916125
22835,2023-09-23 16:00:00,Asia/Bangkok,75.08189640350875,1.46551724137931,1.258620689655172,29.84062745614035
22836,2023-09-23 17:00:00,Asia/Bangkok,80.55119249999996,2.29059829059829,1.94017094017094,29.05100456896551
22837,2023-09-23 18:00:00,Asia/Bangkok,80.31089194690266,2.456896551724138,2.129310344827586,29.13225194690266
22838,2023-09-23 19:00:00,Asia/Bangkok,81.51747324324323,4.543103448275862,4.103448275862069,28.5030186607143
22839,2023-09-23 20:00:00,Asia/Bangkok,82.75086939130438,11.82905982905983,10.56410256410256,27.4456698245614
22840,2023-09-23 21:00:00,Asia/Bangkok,84.39434922413801,19.75862068965517,17.13793103448276,26.97569896551724
22841,2023-09-23 22:00:00,Asia/Bangkok,85.51661183486246,22.21551724137931,20.3448275862069,26.98264672727274
22842,2023-09-23 23:00:00,Asia/Bangkok,87.60093931034484,12.84615384615385,12.01709401709402,26.86729793103449
22843,2023-09-24 00:00:00,Asia/Bangkok,90.21152208695655,2.689655172413793,2.439655172413793,26.62177417391304
22844,2023-09-24 01:00:00,Asia/Bangkok,90.18235796460174,4.956896551724138,4.474137931034483,26.6898732743363
22845,2023-09-24 02:00:00,Asia/Bangkok,90.3791593913044,12.38793103448276,11.41379310344828,26.5361623478261
22846,2023-09-24 03:00:00,Asia/Bangkok,92.33974298245613,3.28448275862069,2.913793103448276,25.8730351754386
22847,2023-09-24 04:00:00,Asia/Bangkok,92.11939587719301,4.504347826086956,4.173913043478261,25.71754964912278
22848,2023-09-24 05:00:00,Asia/Bangkok,91.72229380530975,4.111111111111111,3.726495726495727,25.63466840707969
22849,2023-09-24 06:00:00,Asia/Bangkok,91.99680278260865,4.043103448275862,3.767241379310345,25.57226556521741
22850,2023-09-24 07:00:00,Asia/Bangkok,91.98917260869567,3.241379310344827,2.956896551724138,25.51774382608697
22851,2023-09-24 08:00:00,Asia/Bangkok,90.81083803571426,2.491379310344827,2.198275862068965,26.02559557522123
22852,2023-09-24 09:00:00,Asia/Bangkok,90.70536675438593,1.700854700854701,1.393162393162393,26.28230141592919
22853,2023-09-24 10:00:00,Asia/Bangkok,92.06104576576578,0.2413793103448276,0.06896551724137931,25.94397423423424
22854,2023-09-24 11:00:00,Asia/Bangkok,91.38999566371685,0.1965811965811966,0.1367521367521368,26.8095153097345
22855,2023-09-24 12:00:00,Asia/Bangkok,86.45383864864866,0.5526315789473685,0.412280701754386,28.05945063063063
22856,2023-09-24 13:00:00,Asia/Bangkok,84.24153344827586,2.232758620689655,1.948275862068966,28.92437043103447
22857,2023-09-24 14:00:00,Asia/Bangkok,79.3072942105263,2.017391304347826,1.782608695652174,30.48998517543859
22858,2023-09-24 15:00:00,Asia/Bangkok,73.96696437499999,0.8782608695652174,0.6782608695652174,31.44576580357142
22859,2023-09-24 16:00:00,Asia/Bangkok,75.12856991228074,1.551724137931034,1.318965517241379,30.92220333333335
22860,2023-09-24 17:00:00,Asia/Bangkok,76.96918720720724,5.862068965517241,5.267241379310345,30.42783747747747
22861,2023-09-24 18:00:00,Asia/Bangkok,76.56809938596494,3.974358974358974,3.504273504273504,30.13019166666666
22862,2023-09-24 19:00:00,Asia/Bangkok,80.40903678571429,4.429824561403509,3.991228070175439,29.18733794642859
22863,2023-09-24 20:00:00,Asia/Bangkok,81.61644573913043,2.862068965517242,2.422413793103448,28.44528130434779
22864,2023-09-24 21:00:00,Asia/Bangkok,81.78988283185839,5.913793103448276,5.336206896551724,28.18987205357142
22865,2023-09-24 22:00:00,Asia/Bangkok,83.22918063063062,0.9224137931034483,0.6982758620689655,28.02403801801802
22866,2023-09-24 23:00:00,Asia/Bangkok,84.31182657894738,1.879310344827586,1.491379310344828,27.84722938596493
22867,2023-09-25 00:00:00,Asia/Bangkok,84.63656834782607,2.629310344827586,2.310344827586207,27.66910069565217
22868,2023-09-25 01:00:00,Asia/Bangkok,85.7322130701755,2.469565217391304,2.034782608695652,27.2900631578947
22869,2023-09-25 02:00:00,Asia/Bangkok,84.83356895652176,1.786324786324786,1.230769230769231,27.36101547826086
22870,2023-09-25 03:00:00,Asia/Bangkok,83.96713157894735,1.637931034482759,1.163793103448276,27.3757052631579
22871,2023-09-25 04:00:00,Asia/Bangkok,85.45891508771936,1.491379310344828,1.198275862068966,27.07479973684212
22872,2023-09-25 05:00:00,Asia/Bangkok,87.66105947368423,2.88034188034188,2.512820512820513,26.6835044736842
22873,2023-09-25 06:00:00,Asia/Bangkok,87.94971612612609,2.304347826086957,1.905172413793103,26.45843297297296
22874,2023-09-25 07:00:00,Asia/Bangkok,86.67962999999997,1.683760683760684,1.393162393162393,26.55389947826087
22875,2023-09-25 08:00:00,Asia/Bangkok,86.16514910714288,1.586206896551724,1.267241379310345,26.91941928571429
22876,2023-09-25 09:00:00,Asia/Bangkok,83.60649741071427,1.370689655172414,1.060344827586207,27.60428705357142
22877,2023-09-25 10:00:00,Asia/Bangkok,79.46802491379313,2.085470085470086,1.709401709401709,29.0671181896552
22878,2023-09-25 11:00:00,Asia/Bangkok,74.22456831858408,3.586206896551724,3.28448275862069,30.80191469026546
22879,2023-09-25 12:00:00,Asia/Bangkok,66.33428798245616,1.448275862068966,1.310344827586207,33.41092719298246
22880,2023-09-25 13:00:00,Asia/Bangkok,84.49541356521739,0.1982758620689655,0.05172413793103448,27.74530695652174
22881,2023-09-25 14:00:00,Asia/Bangkok,89.49165044247783,0.3097345132743363,0.1769911504424779,27.14383070175439
22882,2023-09-25 15:00:00,Asia/Bangkok,84.10398547008545,0.7692307692307693,0.5128205128205128,28.20080336206897
22883,2023-09-25 16:00:00,Asia/Bangkok,84.14275824561403,0.4655172413793103,0.3448275862068966,28.00227787610622
22884,2023-09-25 17:00:00,Asia/Bangkok,86.4243401739131,1.293103448275862,1.043103448275862,27.62879034782608
22885,2023-09-25 18:00:00,Asia/Bangkok,89.24237715596333,1.844827586206897,1.594827586206897,26.86332825688073
22886,2023-09-25 19:00:00,Asia/Bangkok,88.36175841121492,1.637931034482759,1.353448275862069,26.68845196261682
22887,2023-09-25 20:00:00,Asia/Bangkok,88.40776098214283,4.675213675213675,4.247863247863248,26.63495839285713
22888,2023-09-25 21:00:00,Asia/Bangkok,88.08625610619472,2.224137931034483,1.922413793103448,26.48758628318583
22889,2023-09-25 22:00:00,Asia/Bangkok,86.71274339285709,0.7345132743362832,0.5752212389380531,26.46102919642858
22890,2023-09-25 23:00:00,Asia/Bangkok,89.21287552631583,2.965217391304348,2.539130434782609,26.09169631578948
22891,2023-09-26 00:00:00,Asia/Bangkok,89.27624999999999,1.232758620689655,0.8448275862068966,25.91220773913042
22892,2023-09-26 01:00:00,Asia/Bangkok,88.27814772727274,1.0,0.7155172413793104,26.09335309090909
22893,2023-09-26 02:00:00,Asia/Bangkok,89.96687035087714,1.852173913043478,1.495652173913044,25.90697614035086
22894,2023-09-26 03:00:00,Asia/Bangkok,91.39415758928574,2.146551724137931,1.655172413793103,25.66659954954959
22895,2023-09-26 04:00:00,Asia/Bangkok,91.54296557522122,3.086206896551724,2.568965517241379,25.69050938053096
22896,2023-09-26 05:00:00,Asia/Bangkok,90.84555836206901,2.136752136752137,1.837606837606838,25.87750362068966
22897,2023-09-26 06:00:00,Asia/Bangkok,91.39612450450456,5.474137931034483,4.827586206896552,25.85696144144144
22898,2023-09-26 07:00:00,Asia/Bangkok,93.42466551724137,7.206896551724138,6.508620689655173,25.60998793103452
22899,2023-09-26 08:00:00,Asia/Bangkok,91.43971663716816,3.974358974358974,3.316239316239316,26.29789991150443
22900,2023-09-26 09:00:00,Asia/Bangkok,86.191474173913,3.672413793103448,3.051724137931035,27.46424878260869
22901,2023-09-26 10:00:00,Asia/Bangkok,83.59710782608694,3.801724137931035,3.129310344827586,28.12142756521738
22902,2023-09-26 11:00:00,Asia/Bangkok,84.21234132743362,1.224137931034483,0.9568965517241379,28.14592982300883
22903,2023-09-26 12:00:00,Asia/Bangkok,83.06490086956526,1.25,1.0,28.18329052631579
22904,2023-09-26 13:00:00,Asia/Bangkok,87.92803474137934,0.4188034188034188,0.1965811965811966,27.00555603448276
22905,2023-09-26 14:00:00,Asia/Bangkok,93.0823302654867,0.2241379310344828,0.146551724137931,26.1924553982301
22906,2023-09-26 15:00:00,Asia/Bangkok,92.90472885964911,0.5603448275862069,0.4310344827586207,26.59608640350876
22907,2023-09-26 16:00:00,Asia/Bangkok,92.49633499999999,0.3879310344827586,0.2758620689655172,26.64673184210527
22908,2023-09-26 17:00:00,Asia/Bangkok,92.44882415929204,1.043103448275862,0.6982758620689655,26.81870982300885
22909,2023-09-26 18:00:00,Asia/Bangkok,89.99175408695648,2.333333333333333,1.649572649572649,26.98210991228073
22910,2023-09-26 19:00:00,Asia/Bangkok,89.61291548672571,2.448275862068965,1.836206896551724,26.86041699115046
22911,2023-09-26 20:00:00,Asia/Bangkok,90.04517714285713,3.887931034482758,3.068965517241379,26.6477382142857
22912,2023-09-26 21:00:00,Asia/Bangkok,89.71377504347826,2.017241379310345,1.318965517241379,26.63076052173913
22913,2023-09-26 22:00:00,Asia/Bangkok,93.03948327433625,3.612068965517242,2.974137931034483,26.18198513274338
22914,2023-09-26 23:00:00,Asia/Bangkok,92.39210163793102,2.196581196581197,1.555555555555556,26.08844704347827
22915,2023-09-27 00:00:00,Asia/Bangkok,91.32452473684215,2.301724137931035,1.913793103448276,26.22767078947364
22916,2023-09-27 01:00:00,Asia/Bangkok,91.23877972972974,2.948275862068965,2.396551724137931,26.16305774774775
22917,2023-09-27 02:00:00,Asia/Bangkok,91.58319217391309,2.752136752136752,2.299145299145299,26.04899739130433
22918,2023-09-27 03:00:00,Asia/Bangkok,92.77941800000002,6.637931034482759,5.53448275862069,25.91288313043479
22919,2023-09-27 04:00:00,Asia/Bangkok,93.40238669565218,7.741379310344827,6.818965517241379,25.73176808695651
22920,2023-09-27 05:00:00,Asia/Bangkok,92.44728765217388,3.273504273504273,2.726495726495727,25.92233278260866
22921,2023-09-27 06:00:00,Asia/Bangkok,91.7141543478261,3.478260869565217,2.791304347826087,26.11782043478263
22922,2023-09-27 07:00:00,Asia/Bangkok,92.22332339130436,3.379310344827586,2.724137931034483,26.07460852173911
22923,2023-09-27 08:00:00,Asia/Bangkok,91.24236120689658,2.698275862068965,2.172413793103448,26.6286499137931
22924,2023-09-27 09:00:00,Asia/Bangkok,88.74332321428572,2.651785714285714,1.767857142857143,27.34738756756756
22925,2023-09-27 10:00:00,Asia/Bangkok,84.82305587719297,2.51304347826087,1.773913043478261,27.93757412280702
22926,2023-09-27 11:00:00,Asia/Bangkok,77.95238805309732,2.852173913043478,2.217391304347826,30.17065433628317
22927,2023-09-27 12:00:00,Asia/Bangkok,73.24733086206896,11.78448275862069,11.26724137931035,31.52411913793102
22928,2023-09-27 13:00:00,Asia/Bangkok,88.86462184210524,7.208695652173913,6.704347826086956,26.50991592920355
22929,2023-09-27 14:00:00,Asia/Bangkok,93.30694544642854,1.139130434782609,0.9130434782608695,25.22292508928572
22930,2023-09-27 15:00:00,Asia/Bangkok,92.18090333333328,1.431034482758621,1.336206896551724,25.99485221238939
22931,2023-09-27 16:00:00,Asia/Bangkok,90.28345025862069,4.793103448275862,4.543103448275862,26.2987697413793
22932,2023-09-27 17:00:00,Asia/Bangkok,93.0488786956522,2.956521739130435,2.782608695652174,25.62109660869568
22933,2023-09-27 18:00:00,Asia/Bangkok,92.78877522123896,2.767241379310345,2.508620689655173,25.10485115044249
22934,2023-09-27 19:00:00,Asia/Bangkok,93.33736203703702,1.666666666666667,1.376068376068376,24.8538464814815
22935,2023-09-27 20:00:00,Asia/Bangkok,93.09241787610623,4.2,3.617391304347826,24.7067987719298
22936,2023-09-27 21:00:00,Asia/Bangkok,92.1069542241379,1.568965517241379,1.310344827586207,24.70670113043476
22937,2023-09-27 22:00:00,Asia/Bangkok,92.44990087719304,2.094827586206896,1.758620689655172,24.74764999999998
22938,2023-09-27 23:00:00,Asia/Bangkok,92.963295826087,2.923076923076923,2.521367521367521,24.87558243478264
22939,2023-09-28 00:00:00,Asia/Bangkok,92.40502652173915,3.293103448275862,3.025862068965517,25.07114652173912
22940,2023-09-28 01:00:00,Asia/Bangkok,91.92286035398232,2.629310344827586,2.224137931034483,25.23964539823008
22941,2023-09-28 02:00:00,Asia/Bangkok,92.71889875000002,2.551724137931035,2.181034482758621,24.96819223214284
22942,2023-09-28 03:00:00,Asia/Bangkok,93.3352318260869,2.681034482758621,2.241379310344827,24.82844426086957
22943,2023-09-28 04:00:00,Asia/Bangkok,93.19228377192978,2.658119658119658,2.316239316239316,24.92087289473685
22944,2023-09-28 05:00:00,Asia/Bangkok,93.25927490909092,2.603448275862069,2.318965517241379,24.90707109090908
22945,2023-09-28 06:00:00,Asia/Bangkok,93.13689880733946,3.301724137931035,3.008620689655173,24.93069256880736
22946,2023-09-28 07:00:00,Asia/Bangkok,93.4320718965517,5.504273504273504,4.948717948717949,24.92769189655173
22947,2023-09-28 08:00:00,Asia/Bangkok,93.24140614035086,4.879310344827586,4.46551724137931,25.32158754385966
22948,2023-09-28 09:00:00,Asia/Bangkok,89.93770605263161,3.077586206896552,2.75,26.75934566371682
22949,2023-09-28 10:00:00,Asia/Bangkok,79.64011508771931,1.076923076923077,0.8632478632478633,29.28360587719298
22950,2023-09-28 11:00:00,Asia/Bangkok,74.19062236842109,0.8793103448275862,0.7758620689655172,30.88568499999999
22951,2023-09-28 12:00:00,Asia/Bangkok,71.25867241379311,2.179487179487179,1.974358974358974,31.87091672413795
22952,2023-09-28 13:00:00,Asia/Bangkok,68.90433517543863,8.008620689655173,7.689655172413793,33.18317596491228
22953,2023-09-28 14:00:00,Asia/Bangkok,64.71381695652177,14.03448275862069,13.71551724137931,34.54347721739129
22954,2023-09-28 15:00:00,Asia/Bangkok,62.0965089380531,15.70940170940171,15.18803418803419,34.95565366071427
22955,2023-09-28 16:00:00,Asia/Bangkok,65.39226840707965,15.94782608695652,15.41739130434783,33.78068044247787
22956,2023-09-28 17:00:00,Asia/Bangkok,74.32696513274337,9.672413793103448,9.241379310344827,30.87583451327435
22957,2023-09-28 18:00:00,Asia/Bangkok,78.08966576576576,18.26724137931035,17.37931034482759,30.02368144144147
22958,2023-09-28 19:00:00,Asia/Bangkok,79.41009681415927,23.67826086956522,22.75652173913043,29.64037123893808
22959,2023-09-28 20:00:00,Asia/Bangkok,81.99134295652178,33.70434782608696,30.99130434782609,28.9867083478261
22960,2023-09-28 21:00:00,Asia/Bangkok,85.7278780869565,41.55652173913043,35.94782608695652,28.19160139130435
22961,2023-09-28 22:00:00,Asia/Bangkok,87.76771315789473,50.94827586206897,42.5948275862069,27.56820175438595
22962,2023-09-28 23:00:00,Asia/Bangkok,90.27263547826087,64.12068965517241,54.91379310344828,26.88862130434784
22963,2023-09-29 00:00:00,Asia/Bangkok,90.52095594594596,57.97413793103448,47.55172413793103,26.88303990990994
22964,2023-09-29 01:00:00,Asia/Bangkok,91.00823955357141,49.05982905982906,41.23076923076923,26.97568544642857
22965,2023-09-29 02:00:00,Asia/Bangkok,90.37089130434781,48.02586206896552,40.43103448275862,26.74173252173914
22966,2023-09-29 03:00:00,Asia/Bangkok,90.2292036842105,45.12820512820513,38.28205128205128,26.54143780701754
22967,2023-09-29 04:00:00,Asia/Bangkok,91.1350786956522,43.32758620689656,36.94827586206897,26.37294634782608
22968,2023-09-29 05:00:00,Asia/Bangkok,91.52012853211012,42.11206896551724,36.14655172413793,26.26789645454544
22969,2023-09-29 06:00:00,Asia/Bangkok,92.08648954545451,37.89655172413793,33.78448275862069,26.00216738738737
22970,2023-09-29 07:00:00,Asia/Bangkok,92.35023463636362,36.69230769230769,32.9059829059829,25.99586290909091
22971,2023-09-29 08:00:00,Asia/Bangkok,93.21682226086958,43.25862068965517,37.12931034482759,26.72401139130433
22972,2023-09-29 09:00:00,Asia/Bangkok,87.51630812499998,33.06194690265487,30.8495575221239,28.87799081081083
22973,2023-09-29 10:00:00,Asia/Bangkok,75.24552964912283,38.1551724137931,34.0,31.61067991228072
22974,2023-09-29 11:00:00,Asia/Bangkok,69.11748321428573,42.76724137931034,36.85344827586207,33.470999375
22975,2023-09-29 12:00:00,Asia/Bangkok,64.15651763157896,49.13675213675214,41.43589743589744,34.68633622807017
22976,2023-09-29 13:00:00,Asia/Bangkok,63.39934241071429,52.14655172413793,43.63793103448276,34.87051276785715
22977,2023-09-29 14:00:00,Asia/Bangkok,69.33849513043482,60.22222222222222,49.26495726495727,33.84136782608695
22978,2023-09-29 15:00:00,Asia/Bangkok,60.7091992173913,55.1551724137931,45.74137931034483,35.20137608695651
22979,2023-09-29 16:00:00,Asia/Bangkok,59.02212848214288,53.23931623931624,44.41880341880342,35.23281839285714
22980,2023-09-29 17:00:00,Asia/Bangkok,64.43153936363635,47.5575221238938,40.27433628318584,33.51558190909093
22981,2023-09-29 18:00:00,Asia/Bangkok,73.68162423423422,59.32478632478632,50.68376068376068,31.10995162162163
22982,2023-09-29 19:00:00,Asia/Bangkok,80.84941407079643,58.02586206896552,47.43103448275862,29.57956654867253
22983,2023-09-29 20:00:00,Asia/Bangkok,83.59502578947371,59.2051282051282,48.2991452991453,28.8981904385965
22984,2023-09-29 21:00:00,Asia/Bangkok,87.2807883333333,50.99137931034483,42.39655172413793,27.89775210526312
22985,2023-09-29 22:00:00,Asia/Bangkok,90.13522695652176,57.2991452991453,47.34188034188034,27.42503086956521
22986,2023-09-29 23:00:00,Asia/Bangkok,90.5958359090909,59.14655172413793,48.86206896551724,27.25747163636364
22987,2023-09-30 00:00:00,Asia/Bangkok,91.05794791304349,64.23275862068965,54.0948275862069,26.98131486956524
22988,2023-09-30 01:00:00,Asia/Bangkok,91.96370639639636,61.26495726495727,50.2051282051282,26.77678405405404
22989,2023-09-30 02:00:00,Asia/Bangkok,92.03702944954131,57.47413793103448,47.00862068965517,26.81286220183486
22990,2023-09-30 03:00:00,Asia/Bangkok,92.42584187499996,55.78448275862069,45.93965517241379,26.75243062499998
22991,2023-09-30 04:00:00,Asia/Bangkok,92.51951828828831,56.68965517241379,46.43103448275862,26.73752315315313
22992,2023-09-30 05:00:00,Asia/Bangkok,92.43926232142857,57.08771929824562,46.80701754385965,26.51651017857144
22993,2023-09-30 06:00:00,Asia/Bangkok,93.1984476106195,54.9051724137931,45.27586206896552,26.2192522123894
22994,2023-09-30 07:00:00,Asia/Bangkok,93.32171789473684,55.96521739130435,46.00869565217391,26.28208426086957
22995,2023-09-30 08:00:00,Asia/Bangkok,94.73941245614037,56.02586206896552,46.11206896551724,26.57587460176991
22996,2023-09-30 09:00:00,Asia/Bangkok,92.02864610619469,51.60869565217391,43.09565217391305,27.7766456637168
22997,2023-09-30 10:00:00,Asia/Bangkok,82.16752336283186,39.92241379310344,35.11206896551724,29.96316410714285
22998,2023-09-30 11:00:00,Asia/Bangkok,70.47771982608695,26.07692307692308,24.86324786324786,31.78483736842105
22999,2023-09-30 12:00:00,Asia/Bangkok,61.57986203539824,18.38260869565217,17.77391304347826,33.64007389380532
23000,2023-09-30 13:00:00,Asia/Bangkok,58.6778124347826,16.74137931034483,16.12931034482759,35.6591094736842
23001,2023-09-30 14:00:00,Asia/Bangkok,56.8707103508772,15.58974358974359,15.0,36.18867771929822
23002,2023-09-30 15:00:00,Asia/Bangkok,54.28945017391305,14.58620689655172,14.0948275862069,36.6453033043478
23003,2023-09-30 16:00:00,Asia/Bangkok,53.35825142857142,14.98260869565217,14.46086956521739,36.49302330357143
23004,2023-09-30 17:00:00,Asia/Bangkok,56.89145886956522,14.23275862068965,13.61206896551724,34.59832252173914
23005,2023-09-30 18:00:00,Asia/Bangkok,62.264386,16.02564102564103,15.27350427350427,33.18669426086956
23006,2023-09-30 19:00:00,Asia/Bangkok,71.59932426086958,110.2155172413793,99.87068965517241,31.06612921739129
23007,2023-09-30 20:00:00,Asia/Bangkok,75.39895278260869,59.77586206896552,49.4051724137931,30.29519278260869
23008,2023-09-30 21:00:00,Asia/Bangkok,80.40366069565218,59.47787610619469,48.36283185840708,29.35148649122804
23009,2023-09-30 22:00:00,Asia/Bangkok,83.50534743362834,55.38793103448276,45.37931034482759,28.88164362831859
23010,2023-09-30 23:00:00,Asia/Bangkok,85.60263061403509,44.54700854700855,37.97413793103448,28.36793903508773
23011,2023-10-01 00:00:00,Asia/Bangkok,86.55889442477876,89.26724137931035,72.99145299145299,28.03365911504423
23012,2023-10-01 01:00:00,Asia/Bangkok,85.17941608695652,118.9741379310345,100.551724137931,27.96687513043479
23013,2023-10-01 02:00:00,Asia/Bangkok,85.4045801801802,44.61206896551724,38.05172413793103,27.64187207207206
23014,2023-10-01 03:00:00,Asia/Bangkok,85.35372704347823,31.66379310344828,28.88793103448276,27.38801808695649
23015,2023-10-01 04:00:00,Asia/Bangkok,85.30279336283186,23.3448275862069,22.45689655172414,27.43948570175437
23016,2023-10-01 05:00:00,Asia/Bangkok,85.6150339285714,23.5948275862069,22.51724137931035,27.29273117117116
23017,2023-10-01 06:00:00,Asia/Bangkok,87.569645862069,38.33333333333334,33.51282051282051,26.90174008695653
23018,2023-10-01 07:00:00,Asia/Bangkok,88.88697456896558,26.83620689655172,25.49137931034483,26.35279818965517
23019,2023-10-01 08:00:00,Asia/Bangkok,88.77488371681413,29.33620689655172,27.43103448275862,26.70232495575221
23020,2023-10-01 09:00:00,Asia/Bangkok,76.98998377192977,16.00854700854701,15.08547008547009,29.89138622807017
23021,2023-10-01 10:00:00,Asia/Bangkok,65.62111570175438,12.24137931034483,11.57758620689655,32.93666368421052
23022,2023-10-01 11:00:00,Asia/Bangkok,62.02507819819821,9.474137931034482,8.905172413793103,33.97302801801803
23023,2023-10-01 12:00:00,Asia/Bangkok,56.98188785714283,9.206896551724139,8.732758620689655,35.27969410714287
23024,2023-10-01 13:00:00,Asia/Bangkok,53.14879477477478,6.508620689655173,6.155172413793103,35.65901531531531
23025,2023-10-01 14:00:00,Asia/Bangkok,51.18941429824559,8.897435897435898,8.41025641025641,36.34004359649122
23026,2023-10-01 15:00:00,Asia/Bangkok,49.74280119266051,10.87826086956522,10.45217391304348,37.4026709174312
23027,2023-10-01 16:00:00,Asia/Bangkok,50.83125199999998,10.25217391304348,9.826086956521738,37.04231657894737
23028,2023-10-01 17:00:00,Asia/Bangkok,56.06910149122806,9.672413793103448,9.155172413793103,35.06208000000003
23029,2023-10-01 18:00:00,Asia/Bangkok,58.26088269565216,10.91379310344828,10.24137931034483,33.92660860869567
23030,2023-10-01 19:00:00,Asia/Bangkok,59.3739892920354,13.53448275862069,12.85344827586207,32.73889707964602
23031,2023-10-01 20:00:00,Asia/Bangkok,61.81602394736844,15.23275862068965,14.41379310344828,31.77617157894734
23032,2023-10-01 21:00:00,Asia/Bangkok,65.67343893805311,17.60344827586207,16.67241379310345,31.00483557522124
23033,2023-10-01 22:00:00,Asia/Bangkok,69.94973345132745,18.11206896551724,17.27586206896552,30.43723513274337
23034,2023-10-01 23:00:00,Asia/Bangkok,72.75195133928568,21.80172413793104,20.92241379310345,29.92706821428569
23035,2023-10-02 00:00:00,Asia/Bangkok,74.69126793103443,22.21551724137931,21.11206896551724,29.6618676724138
23036,2023-10-02 01:00:00,Asia/Bangkok,77.6437233333333,23.45689655172414,22.55172413793104,28.85951649122807
23037,2023-10-02 02:00:00,Asia/Bangkok,78.23476765217393,23.77586206896552,22.69827586206896,28.52269756521739
23038,2023-10-02 03:00:00,Asia/Bangkok,79.10841859649123,23.10344827586207,22.07758620689655,28.15110298245612
23039,2023-10-02 04:00:00,Asia/Bangkok,80.78487307692308,23.5982905982906,22.55555555555556,27.78132102564104
23040,2023-10-02 05:00:00,Asia/Bangkok,83.08778500000001,24.79310344827586,23.82758620689655,27.24629526785716
23041,2023-10-02 06:00:00,Asia/Bangkok,85.58773256637167,27.35344827586207,26.11206896551724,26.74757982300887
23042,2023-10-02 07:00:00,Asia/Bangkok,87.7401864347826,30.8974358974359,29.05128205128205,26.23882217391305
23043,2023-10-02 08:00:00,Asia/Bangkok,86.99459900900897,27.10344827586207,26.0,26.48155117117117
23044,2023-10-02 09:00:00,Asia/Bangkok,83.4028039285714,25.91452991452991,24.76923076923077,27.95588785714284
23045,2023-10-02 10:00:00,Asia/Bangkok,73.77813350877192,18.38793103448276,17.57758620689655,30.91726026315791
23046,2023-10-02 11:00:00,Asia/Bangkok,64.2278968141593,17.0948275862069,16.12931034482759,33.40361867256638
23047,2023-10-02 12:00:00,Asia/Bangkok,64.430189009009,18.33620689655172,17.51724137931035,33.13305270270271
23048,2023-10-02 13:00:00,Asia/Bangkok,64.86322846846846,16.87068965517241,16.28448275862069,33.23548891891894
23049,2023-10-02 14:00:00,Asia/Bangkok,65.86644209090909,17.26785714285714,16.625,33.16181436363636
23050,2023-10-02 15:00:00,Asia/Bangkok,65.85626616438356,25.37662337662338,24.06493506493506,33.46743013698629
23051,2023-10-02 16:00:00,Asia/Bangkok,69.08234592920354,18.18965517241379,17.37068965517241,33.11761228070176
23052,2023-10-02 17:00:00,Asia/Bangkok,73.27176289473685,14.22413793103448,13.43965517241379,31.81184415929205
23053,2023-10-02 18:00:00,Asia/Bangkok,73.68133103448277,9.939655172413794,9.370689655172415,30.38057456896552
23054,2023-10-02 19:00:00,Asia/Bangkok,77.59955403508773,4.854700854700854,4.504273504273504,28.63991815789473
23055,2023-10-02 20:00:00,Asia/Bangkok,80.2583743478261,17.7578947368421,16.7578947368421,28.15804086956522
23056,2023-10-02 21:00:00,Asia/Bangkok,85.01383428571431,16.62745098039216,15.55339805825243,27.49323525773195
23057,2023-10-02 22:00:00,Asia/Bangkok,87.24549182795694,24.02040816326531,21.80612244897959,27.35045627659574
23058,2023-10-02 23:00:00,Asia/Bangkok,89.62141324324327,23.04,21.64,26.93222150684932
23059,2023-10-03 00:00:00,Asia/Bangkok,90.82507705357146,24.75675675675676,22.76363636363636,26.59788401785714
23060,2023-10-03 01:00:00,Asia/Bangkok,90.46392999999999,26.46491228070175,23.49565217391304,26.70731518181817
23061,2023-10-03 02:00:00,Asia/Bangkok,89.39847778761064,15.11304347826087,14.15652173913043,26.87313115044249
23062,2023-10-03 03:00:00,Asia/Bangkok,89.14362389380534,18.9051724137931,17.69827586206896,26.70315398230088
23063,2023-10-03 04:00:00,Asia/Bangkok,91.19185981981981,18.94782608695652,18.03478260869565,26.12704603603603
23064,2023-10-03 05:00:00,Asia/Bangkok,91.3572908695652,18.28448275862069,17.25862068965517,25.8916375652174
23065,2023-10-03 06:00:00,Asia/Bangkok,92.25758594827583,18.95689655172414,18.07758620689655,25.54028241379313
23066,2023-10-03 07:00:00,Asia/Bangkok,92.81899791304349,19.24137931034483,18.27586206896552,25.66456782608697
23067,2023-10-03 08:00:00,Asia/Bangkok,93.43923141592921,21.30172413793104,20.13793103448276,26.19094380530974
23068,2023-10-03 09:00:00,Asia/Bangkok,88.15616201754388,15.93965517241379,15.11206896551724,27.82652043859649
23069,2023-10-03 10:00:00,Asia/Bangkok,76.08776522522521,6.914529914529915,6.508620689655173,30.32177225225225
23070,2023-10-03 11:00:00,Asia/Bangkok,68.88445894736842,7.120689655172414,6.837606837606837,32.15048605263158
23071,2023-10-03 12:00:00,Asia/Bangkok,63.04528622807019,6.103448275862069,5.78448275862069,33.90779605263157
23072,2023-10-03 13:00:00,Asia/Bangkok,60.69053919642857,7.474137931034483,7.103448275862069,35.1070294642857
23073,2023-10-03 14:00:00,Asia/Bangkok,59.53994078947365,6.896551724137931,6.672413793103448,35.16331929824561
23074,2023-10-03 15:00:00,Asia/Bangkok,60.95431824561405,7.606837606837606,7.247863247863248,34.86023631578947
23075,2023-10-03 16:00:00,Asia/Bangkok,61.14743814159293,6.181034482758621,5.870689655172414,34.64806442477877
23076,2023-10-03 17:00:00,Asia/Bangkok,62.09036285714285,5.617391304347827,5.165217391304348,34.12651678571429
23077,2023-10-03 18:00:00,Asia/Bangkok,65.22989793103451,5.914529914529915,5.589743589743589,32.65530353448278
23078,2023-10-03 19:00:00,Asia/Bangkok,68.67771254385966,12.18103448275862,11.45689655172414,32.00300596491227
23079,2023-10-03 20:00:00,Asia/Bangkok,69.90754293577982,7.155172413793103,6.53448275862069,30.9023814678899
23080,2023-10-03 21:00:00,Asia/Bangkok,74.6908245614035,5.681034482758621,5.28448275862069,29.79139017543861
23081,2023-10-03 22:00:00,Asia/Bangkok,76.96685412280699,7.344827586206897,6.939655172413793,29.2557304385965
23082,2023-10-03 23:00:00,Asia/Bangkok,80.42175628318586,8.871794871794872,8.444444444444445,28.75096274336284
23083,2023-10-04 00:00:00,Asia/Bangkok,85.50688719298245,11.43103448275862,10.9051724137931,27.93520692982456
23084,2023-10-04 01:00:00,Asia/Bangkok,88.60360327433627,11.63793103448276,11.02586206896552,27.29206398230089
23085,2023-10-04 02:00:00,Asia/Bangkok,90.98830451327429,11.61206896551724,10.99137931034483,27.05598654867254
23086,2023-10-04 03:00:00,Asia/Bangkok,90.51682955357147,11.53982300884956,10.88495575221239,26.89469571428573
23087,2023-10-04 04:00:00,Asia/Bangkok,89.93167957264959,11.05982905982906,10.54310344827586,26.60728681034483
23088,2023-10-04 05:00:00,Asia/Bangkok,89.63923327433626,11.48275862068965,10.96581196581197,26.26894911504425
23089,2023-10-04 06:00:00,Asia/Bangkok,89.39520018018017,10.06034482758621,9.560344827586206,26.23564027027027
23090,2023-10-04 07:00:00,Asia/Bangkok,91.02420723214284,10.29310344827586,9.732758620689655,25.92927491071429
23091,2023-10-04 08:00:00,Asia/Bangkok,89.21026294642863,8.129310344827585,7.551724137931035,26.59416297297297
23092,2023-10-04 09:00:00,Asia/Bangkok,82.19284069565215,4.5,4.094827586206897,28.75033913793104
23093,2023-10-04 10:00:00,Asia/Bangkok,77.04474827586206,2.905982905982906,2.606837606837607,30.42764147826087
23094,2023-10-04 11:00:00,Asia/Bangkok,67.99354758928577,2.862068965517242,2.663793103448276,33.33812562500002
23095,2023-10-04 12:00:00,Asia/Bangkok,62.37383017241379,1.922413793103448,1.75,35.11007310344826
23096,2023-10-04 13:00:00,Asia/Bangkok,59.00728834782609,2.758620689655173,2.517241379310345,35.98102017391303
23097,2023-10-04 14:00:00,Asia/Bangkok,61.99040043478264,3.660869565217391,3.434782608695652,34.34522321739132
23098,2023-10-04 15:00:00,Asia/Bangkok,63.86342582608693,4.422413793103448,4.068965517241379,33.94692573913046
23099,2023-10-04 16:00:00,Asia/Bangkok,64.57758451327433,6.551724137931035,6.301724137931035,33.89985292035398
23100,2023-10-04 17:00:00,Asia/Bangkok,65.82751477876108,6.206896551724138,5.956896551724138,33.07790938053096
23101,2023-10-04 18:00:00,Asia/Bangkok,80.69943434782611,5.760683760683761,5.35042735042735,28.73042591304347
23102,2023-10-04 19:00:00,Asia/Bangkok,86.60919910714286,5.129310344827586,4.818965517241379,27.67531482142857
23103,2023-10-04 20:00:00,Asia/Bangkok,86.89283165217391,8.508620689655173,8.025862068965518,27.88144730434782
23104,2023-10-04 21:00:00,Asia/Bangkok,88.90777684684686,10.87068965517241,10.0948275862069,27.29359801801801
23105,2023-10-04 22:00:00,Asia/Bangkok,88.49011965517248,8.827586206896552,8.35344827586207,27.25198482758617
23106,2023-10-04 23:00:00,Asia/Bangkok,88.88510339130437,8.487179487179487,8.008547008547009,27.1309217391304
23107,2023-10-05 00:00:00,Asia/Bangkok,90.457845045045,15.68965517241379,14.91379310344828,26.78933936936938
23108,2023-10-05 01:00:00,Asia/Bangkok,90.50827920353979,13.12931034482759,12.5,26.59985973451328
23109,2023-10-05 02:00:00,Asia/Bangkok,90.29779775862075,14.0,13.14655172413793,26.52363163793104
23110,2023-10-05 03:00:00,Asia/Bangkok,90.85507750000001,15.8695652173913,15.10434782608696,26.23605169642857
23111,2023-10-05 04:00:00,Asia/Bangkok,91.30791765217397,22.8448275862069,21.37931034482759,26.03839051724134
23112,2023-10-05 05:00:00,Asia/Bangkok,91.41188912280704,26.53846153846154,24.55555555555556,25.80561469026548
23113,2023-10-05 06:00:00,Asia/Bangkok,91.30468061946901,21.92241379310345,20.75862068965517,25.62963371681419
23114,2023-10-05 07:00:00,Asia/Bangkok,91.71541796460173,17.23275862068965,16.10344827586207,25.39234982300884
23115,2023-10-05 08:00:00,Asia/Bangkok,92.0053711711712,10.03418803418803,9.401709401709402,25.92990709090911
23116,2023-10-05 09:00:00,Asia/Bangkok,82.6983498181818,5.608695652173913,5.165217391304348,28.62742318181818
23117,2023-10-05 10:00:00,Asia/Bangkok,68.80141710526314,2.672413793103448,2.474137931034483,32.40407157894737
23118,2023-10-05 11:00:00,Asia/Bangkok,62.90814954954953,3.310344827586207,2.974137931034483,34.25417072727273
23119,2023-10-05 12:00:00,Asia/Bangkok,62.52242260869563,4.70940170940171,4.379310344827586,34.27544669565219
23120,2023-10-05 13:00:00,Asia/Bangkok,60.87909504424777,6.03448275862069,5.717948717948718,34.93147300884957
23121,2023-10-05 14:00:00,Asia/Bangkok,56.01013079646019,4.63716814159292,4.504424778761062,36.73080079646017
23122,2023-10-05 15:00:00,Asia/Bangkok,59.67845939130433,6.474137931034483,6.189655172413793,35.88692965217391
23123,2023-10-05 16:00:00,Asia/Bangkok,64.65890758620688,5.478632478632479,5.239316239316239,34.28653060344828
23124,2023-10-05 17:00:00,Asia/Bangkok,67.5532564347826,5.362068965517241,5.051724137931035,32.1477736521739
23125,2023-10-05 18:00:00,Asia/Bangkok,71.0650389090909,5.717948717948718,5.35042735042735,31.45085845454545
23126,2023-10-05 19:00:00,Asia/Bangkok,75.93075130434784,7.982758620689655,7.568965517241379,30.24984417391303
23127,2023-10-05 20:00:00,Asia/Bangkok,76.50725098214288,4.387931034482759,3.96551724137931,29.50763357142855
23128,2023-10-05 21:00:00,Asia/Bangkok,80.03718082568807,12.42241379310345,11.31896551724138,28.73767678899081
23129,2023-10-05 22:00:00,Asia/Bangkok,84.57748909909908,2.965217391304348,2.573913043478261,27.62844648648647
23130,2023-10-05 23:00:00,Asia/Bangkok,84.98055891891894,2.8,2.617391304347826,27.53421423423424
23131,2023-10-06 00:00:00,Asia/Bangkok,84.85825964912279,3.577586206896552,3.293103448275862,27.47347473684211
23132,2023-10-06 01:00:00,Asia/Bangkok,84.06996730434781,3.6,3.330434782608696,27.5302876521739
23133,2023-10-06 02:00:00,Asia/Bangkok,87.11596526315792,4.293103448275862,3.982758620689655,26.80641184210527
23134,2023-10-06 03:00:00,Asia/Bangkok,88.36693339130434,7.310344827586207,6.974137931034483,26.59999339130434
23135,2023-10-06 04:00:00,Asia/Bangkok,89.0700854054054,9.232758620689655,8.801724137931034,26.58004243243244
23136,2023-10-06 05:00:00,Asia/Bangkok,89.09118955752214,10.06896551724138,9.491379310344827,26.55200637168142
23137,2023-10-06 06:00:00,Asia/Bangkok,89.8528833913043,10.5,10.02586206896552,26.28324573913044
23138,2023-10-06 07:00:00,Asia/Bangkok,89.84985721739133,11.47413793103448,10.87068965517241,26.30521052173914
23139,2023-10-06 08:00:00,Asia/Bangkok,88.3048497391305,11.97413793103448,11.37931034482759,26.97161034782609
23140,2023-10-06 09:00:00,Asia/Bangkok,81.31267347826086,10.33620689655172,9.594827586206897,29.1453399137931
23141,2023-10-06 10:00:00,Asia/Bangkok,72.90542284482757,8.905982905982906,8.23076923076923,31.23054947826087
23142,2023-10-06 11:00:00,Asia/Bangkok,69.04743226086956,8.543103448275861,7.896551724137931,32.78013113043478
23143,2023-10-06 12:00:00,Asia/Bangkok,68.08274429824559,2.913793103448276,2.655172413793104,32.5485039473684
23144,2023-10-06 13:00:00,Asia/Bangkok,69.47854626086956,1.05982905982906,0.8717948717948718,32.01205043478262
23145,2023-10-06 14:00:00,Asia/Bangkok,72.94519280701755,4.594827586206897,4.336206896551724,30.49984535087721
23146,2023-10-06 15:00:00,Asia/Bangkok,69.89185646017702,3.922413793103448,3.646551724137931,32.04766383928569
23147,2023-10-06 16:00:00,Asia/Bangkok,70.35401642201838,5.547826086956522,5.156521739130435,31.97609834862386
23148,2023-10-06 17:00:00,Asia/Bangkok,70.89784491228068,6.721739130434782,6.382608695652173,31.78352649122807
23149,2023-10-06 18:00:00,Asia/Bangkok,73.09807495575222,5.846153846153846,5.495726495726496,30.77589616071427
23150,2023-10-06 19:00:00,Asia/Bangkok,79.01407769911503,11.67241379310345,10.93103448275862,29.05462362831859
23151,2023-10-06 20:00:00,Asia/Bangkok,79.37075153153154,9.269565217391305,8.730434782608695,28.66828774774775
23152,2023-10-06 21:00:00,Asia/Bangkok,80.61595232758616,16.41025641025641,15.17094017094017,28.21809172413793
23153,2023-10-06 22:00:00,Asia/Bangkok,83.505082962963,7.086956521739131,6.543103448275862,27.46122870370369
23154,2023-10-06 23:00:00,Asia/Bangkok,85.10926877192979,5.316239316239316,5.0,27.12302692982455
23155,2023-10-07 00:00:00,Asia/Bangkok,85.54186438596491,4.765217391304348,4.460869565217391,26.92399640350878
23156,2023-10-07 01:00:00,Asia/Bangkok,86.60079451327434,4.862068965517241,4.448275862068965,26.66879477876106
23157,2023-10-07 02:00:00,Asia/Bangkok,86.63445589285713,5.137931034482759,4.810344827586207,26.72664353982302
23158,2023-10-07 03:00:00,Asia/Bangkok,87.41117391304354,6.683760683760684,6.307692307692307,26.46591701754385
23159,2023-10-07 04:00:00,Asia/Bangkok,89.17188787610615,7.775862068965517,6.939655172413793,25.88399884955753
23160,2023-10-07 05:00:00,Asia/Bangkok,89.61107626086951,10.49137931034483,9.827586206896552,25.73183736842103
23161,2023-10-07 06:00:00,Asia/Bangkok,89.4526148623853,11.64957264957265,10.94871794871795,25.73213908256881
23162,2023-10-07 07:00:00,Asia/Bangkok,89.08751008771928,9.02608695652174,8.387931034482758,25.85223456140349
23163,2023-10-07 08:00:00,Asia/Bangkok,89.46029526785716,13.70689655172414,12.72413793103448,26.46906276785715
23164,2023-10-07 09:00:00,Asia/Bangkok,82.02818930434783,7.843478260869565,7.104347826086957,28.73943530434783
23165,2023-10-07 10:00:00,Asia/Bangkok,72.30399947826085,3.922413793103448,3.586206896551724,31.26154869565217
23166,2023-10-07 11:00:00,Asia/Bangkok,64.83059149122805,4.573913043478261,4.017391304347826,34.14868754385964
23167,2023-10-07 12:00:00,Asia/Bangkok,59.75714114035085,3.852173913043478,3.339130434782609,34.85651149122808
23168,2023-10-07 13:00:00,Asia/Bangkok,56.70996947826087,4.052173913043478,3.695652173913043,35.77854745614036
23169,2023-10-07 14:00:00,Asia/Bangkok,54.1341645614035,4.222222222222222,4.0,36.65914798245613
23170,2023-10-07 15:00:00,Asia/Bangkok,59.27858548672563,6.079646017699115,5.716814159292035,35.44290000000002
23171,2023-10-07 16:00:00,Asia/Bangkok,70.06684423423422,11.07964601769912,10.35398230088496,32.05662009009006
23172,2023-10-07 17:00:00,Asia/Bangkok,82.21822681034483,11.83760683760684,11.03418803418803,29.18201137931035
23173,2023-10-07 18:00:00,Asia/Bangkok,88.56001555555558,9.008620689655173,8.275862068965518,28.00842212962963
23174,2023-10-07 19:00:00,Asia/Bangkok,87.87839412280695,18.1551724137931,17.31034482758621,27.96209833333331
23175,2023-10-07 20:00:00,Asia/Bangkok,88.66640713043479,14.8448275862069,13.98275862068965,27.47221478260871
23176,2023-10-07 21:00:00,Asia/Bangkok,88.8832058181818,12.91379310344828,12.30434782608696,27.30473599999999
23177,2023-10-07 22:00:00,Asia/Bangkok,90.11026185840706,13.73684210526316,13.18260869565217,26.85032973684213
23178,2023-10-07 23:00:00,Asia/Bangkok,90.25593252173913,13.81196581196581,13.19827586206897,26.64174234782607
23179,2023-10-08 00:00:00,Asia/Bangkok,91.4241265217391,14.82758620689655,14.05982905982906,26.49392295652177
23180,2023-10-08 01:00:00,Asia/Bangkok,91.66068776785713,15.50862068965517,14.68965517241379,26.4355799099099
23181,2023-10-08 02:00:00,Asia/Bangkok,91.7419662280702,13.37931034482759,12.74137931034483,26.40421947368424
23182,2023-10-08 03:00:00,Asia/Bangkok,90.91483169642854,12.98245614035088,12.20175438596491,26.45723687499997
23183,2023-10-08 04:00:00,Asia/Bangkok,90.55527651785712,14.50862068965517,13.79310344827586,26.41799348214287
23184,2023-10-08 05:00:00,Asia/Bangkok,91.24457628318584,17.0948275862069,16.18965517241379,26.16497714285714
23185,2023-10-08 06:00:00,Asia/Bangkok,91.58741830357135,16.39655172413793,15.6551724137931,26.05848929203541
23186,2023-10-08 07:00:00,Asia/Bangkok,91.9985633035714,18.11111111111111,17.15384615384615,25.8070681081081
23187,2023-10-08 08:00:00,Asia/Bangkok,92.46586266055043,16.28448275862069,15.44827586206897,26.16928513761468
23188,2023-10-08 09:00:00,Asia/Bangkok,88.8458734821429,12.72413793103448,12.10344827586207,27.40072205357141
23189,2023-10-08 10:00:00,Asia/Bangkok,78.59240885964908,9.241379310344827,8.620689655172415,29.98313868421053
23190,2023-10-08 11:00:00,Asia/Bangkok,71.79193175438596,10.88888888888889,10.35897435897436,32.29990447368421
23191,2023-10-08 12:00:00,Asia/Bangkok,63.85188649122807,13.92241379310345,13.26724137931035,34.39672159292034
23192,2023-10-08 13:00:00,Asia/Bangkok,60.06460607142861,24.99130434782609,23.82758620689655,35.01881249999999
23193,2023-10-08 14:00:00,Asia/Bangkok,58.71975437499999,30.09401709401709,28.65811965811966,35.61895855855856
23194,2023-10-08 15:00:00,Asia/Bangkok,57.08874070796459,30.69827586206896,29.1551724137931,36.26597433628318
23195,2023-10-08 16:00:00,Asia/Bangkok,59.16963884955755,28.82758620689655,27.63793103448276,35.64359876106194
23196,2023-10-08 17:00:00,Asia/Bangkok,58.94611025641026,21.06837606837607,20.1965811965812,33.87352683760685
23197,2023-10-08 18:00:00,Asia/Bangkok,67.43145073394493,41.08849557522124,36.04424778761062,31.23768944444445
23198,2023-10-08 19:00:00,Asia/Bangkok,81.54962617391304,42.60344827586207,36.66379310344828,28.89549973913045
23199,2023-10-08 20:00:00,Asia/Bangkok,85.4004752631579,35.42241379310344,31.45689655172414,28.6901611403509
23200,2023-10-08 21:00:00,Asia/Bangkok,87.77830773913037,37.54310344827586,33.00862068965517,28.43186095652175
23201,2023-10-08 22:00:00,Asia/Bangkok,89.14694817391303,31.60344827586207,29.24137931034483,27.77918626086957
23202,2023-10-08 23:00:00,Asia/Bangkok,89.49174716814161,31.61607142857143,29.33928571428572,27.42147447368417
23203,2023-10-09 00:00:00,Asia/Bangkok,88.66115042735045,27.75213675213675,26.42735042735043,27.45987538461536
23204,2023-10-09 01:00:00,Asia/Bangkok,88.4740498198198,26.97413793103448,25.57758620689655,27.38892627272728
23205,2023-10-09 02:00:00,Asia/Bangkok,89.95589561403509,27.82905982905983,26.23931623931624,26.96918184210527
23206,2023-10-09 03:00:00,Asia/Bangkok,90.89215745614041,31.93965517241379,29.52586206896552,26.69264236842106
23207,2023-10-09 04:00:00,Asia/Bangkok,91.2822939473684,35.05172413793103,31.42241379310345,26.71398201754384
23208,2023-10-09 05:00:00,Asia/Bangkok,91.3879428695652,36.29310344827586,32.28448275862069,26.65553591304349
23209,2023-10-09 06:00:00,Asia/Bangkok,91.71161758620688,40.11965811965812,34.67521367521368,26.57220293103448
23210,2023-10-09 07:00:00,Asia/Bangkok,91.3907676315789,40.13793103448276,34.75862068965517,26.5737163157895
23211,2023-10-09 08:00:00,Asia/Bangkok,91.25437258620686,37.38793103448276,33.08620689655172,26.94439189655173
23212,2023-10-09 09:00:00,Asia/Bangkok,88.92095017241381,31.13793103448276,29.13793103448276,27.58427999999999
23213,2023-10-09 10:00:00,Asia/Bangkok,81.82325330434787,27.41025641025641,26.06837606837607,30.26700304347826
23214,2023-10-09 11:00:00,Asia/Bangkok,71.96678672566374,21.55172413793104,20.56034482758621,32.7526746017699
23215,2023-10-09 12:00:00,Asia/Bangkok,68.357339375,19.54310344827586,18.74137931034483,33.49634348214284
23216,2023-10-09 13:00:00,Asia/Bangkok,61.5277521238938,18.9051724137931,18.16379310344828,35.5878778761062
23217,2023-10-09 14:00:00,Asia/Bangkok,60.05218678260866,20.13793103448276,19.39655172413793,35.33777226086956
23218,2023-10-09 15:00:00,Asia/Bangkok,66.72295199999999,29.29310344827586,27.13793103448276,33.36281939130435
23219,2023-10-09 16:00:00,Asia/Bangkok,65.32557633928569,19.95652173913043,19.16379310344828,33.99283428571428
23220,2023-10-09 17:00:00,Asia/Bangkok,77.34484783783783,14.99137931034483,14.31034482758621,30.22425536363636
23221,2023-10-09 18:00:00,Asia/Bangkok,84.89472035087714,11.53448275862069,11.02586206896552,28.46166070175439
23222,2023-10-09 19:00:00,Asia/Bangkok,86.93353929824562,56.13793103448276,49.99137931034483,28.07172236842105
23223,2023-10-09 20:00:00,Asia/Bangkok,88.0498846491228,51.07692307692308,42.49572649572649,27.79302561403509
23224,2023-10-09 21:00:00,Asia/Bangkok,88.47605210526318,35.87068965517241,32.79310344827586,27.56349271929827
23225,2023-10-09 22:00:00,Asia/Bangkok,89.09822603603607,48.12931034482759,40.63793103448276,27.45619801801801
23226,2023-10-09 23:00:00,Asia/Bangkok,87.94608991150443,31.33043478260869,27.62068965517241,27.37045675438596
23227,2023-10-10 00:00:00,Asia/Bangkok,88.76448460176991,7.370689655172414,6.844827586206897,26.54012543859649
23228,2023-10-10 01:00:00,Asia/Bangkok,90.15185372727272,5.572649572649572,5.222222222222222,26.18562555555555
23229,2023-10-10 02:00:00,Asia/Bangkok,90.99026247787614,6.362068965517241,6.0,25.85453080357144
23230,2023-10-10 03:00:00,Asia/Bangkok,91.63451054054057,8.46551724137931,7.913793103448276,25.80920855855856
23231,2023-10-10 04:00:00,Asia/Bangkok,92.20394778761063,10.80530973451327,10.17699115044248,25.68677964285712
23232,2023-10-10 05:00:00,Asia/Bangkok,91.78019584070803,12.84347826086957,12.17391304347826,25.72706610619469
23233,2023-10-10 06:00:00,Asia/Bangkok,92.37561775862072,13.5948275862069,12.86206896551724,25.38984646551727
23234,2023-10-10 07:00:00,Asia/Bangkok,92.62500353982296,18.32142857142857,17.26785714285714,25.396982920354
23235,2023-10-10 08:00:00,Asia/Bangkok,92.7002366363636,16.03448275862069,15.51724137931035,26.016305
23236,2023-10-10 09:00:00,Asia/Bangkok,86.50821429824559,11.6695652173913,11.04347826086956,28.16819486956524
23237,2023-10-10 10:00:00,Asia/Bangkok,76.22657634782604,10.56034482758621,10.10344827586207,31.49573877192983
23238,2023-10-10 11:00:00,Asia/Bangkok,71.55708522935781,10.37068965517241,9.96551724137931,32.99098398148148
23239,2023-10-10 12:00:00,Asia/Bangkok,63.91469557522125,7.767241379310345,7.387931034482759,34.54649752212387
23240,2023-10-10 13:00:00,Asia/Bangkok,65.45021482456141,7.508620689655173,7.137931034482759,33.97889947826085
23241,2023-10-10 14:00:00,Asia/Bangkok,78.79387592920352,10.02586206896552,9.551724137931034,30.45158115044248
23242,2023-10-10 15:00:00,Asia/Bangkok,80.58335318584072,10.91379310344828,10.49137931034483,29.95553716814157
23243,2023-10-10 16:00:00,Asia/Bangkok,77.92647104347822,8.256410256410257,7.931623931623932,30.94243278260868
23244,2023-10-10 17:00:00,Asia/Bangkok,74.37857570175441,5.782608695652174,5.495652173913044,31.86548359649122
23245,2023-10-10 18:00:00,Asia/Bangkok,78.676016460177,23.51304347826087,20.78260869565218,30.74860345132743
23246,2023-10-10 19:00:00,Asia/Bangkok,79.77407495726494,6.256410256410256,5.897435897435898,29.0183439316239
23247,2023-10-10 20:00:00,Asia/Bangkok,83.73185655172412,9.568965517241379,9.094827586206897,28.2019521551724
23248,2023-10-10 21:00:00,Asia/Bangkok,84.56137921052633,18.76724137931035,17.14655172413793,28.15443601769912
23249,2023-10-10 22:00:00,Asia/Bangkok,86.56211345454547,30.13793103448276,28.05172413793104,27.84205718181817
23250,2023-10-10 23:00:00,Asia/Bangkok,87.66140860869562,12.00854700854701,11.30172413793103,27.77109460176995
23251,2023-10-11 00:00:00,Asia/Bangkok,89.28464982608698,13.8448275862069,12.67241379310345,27.30340208695654
23252,2023-10-11 01:00:00,Asia/Bangkok,89.9867188495575,11.80172413793103,11.0948275862069,27.06690451327432
23253,2023-10-11 02:00:00,Asia/Bangkok,90.11674378378385,11.28318584070797,10.53982300884956,27.12218801801803
23254,2023-10-11 03:00:00,Asia/Bangkok,90.29923973913046,13.69827586206897,12.79310344827586,27.03258391304349
23255,2023-10-11 04:00:00,Asia/Bangkok,90.79213312499995,24.33620689655172,21.67241379310345,26.90921491071427
23256,2023-10-11 05:00:00,Asia/Bangkok,90.99814867256637,20.22608695652174,18.75652173913043,26.5507315044248
23257,2023-10-11 06:00:00,Asia/Bangkok,91.78322854700859,22.34188034188034,21.26495726495726,26.39881863247861
23258,2023-10-11 07:00:00,Asia/Bangkok,92.35061017699115,18.02586206896552,17.00862068965517,26.32344522123895
23259,2023-10-11 08:00:00,Asia/Bangkok,93.45113573913041,16.93103448275862,16.31896551724138,26.55670930434783
23260,2023-10-11 09:00:00,Asia/Bangkok,87.06316199999999,13.41880341880342,12.84615384615385,28.70973695652173
23261,2023-10-11 10:00:00,Asia/Bangkok,77.48837807017544,9.130434782608695,8.617391304347827,30.68158566371681
23262,2023-10-11 11:00:00,Asia/Bangkok,76.07950982758622,8.120689655172415,7.706896551724138,31.5725144347826
23263,2023-10-11 12:00:00,Asia/Bangkok,82.99125875000001,9.913793103448276,9.405172413793103,30.00247964285714
23264,2023-10-11 13:00:00,Asia/Bangkok,88.54366026315788,8.482758620689655,8.094827586206897,29.15958156521738
23265,2023-10-11 14:00:00,Asia/Bangkok,84.8120135087719,5.663793103448276,5.28448275862069,29.31896017699112
23266,2023-10-11 15:00:00,Asia/Bangkok,84.97997443478263,7.051282051282051,6.666666666666667,29.23806434782606
23267,2023-10-11 16:00:00,Asia/Bangkok,80.07809177570095,9.02608695652174,8.382608695652173,30.93596560747662
23268,2023-10-11 17:00:00,Asia/Bangkok,75.39929549549552,11.86725663716814,11.23008849557522,32.17904585585588
23269,2023-10-11 18:00:00,Asia/Bangkok,78.28322791304348,13.76991150442478,13.15044247787611,30.9332615652174
23270,2023-10-11 19:00:00,Asia/Bangkok,82.97350974137929,35.87931034482759,31.91379310344828,29.9285748275862
23271,2023-10-11 20:00:00,Asia/Bangkok,86.49575226086958,45.32173913043479,39.83478260869565,29.07392226086957
23272,2023-10-11 21:00:00,Asia/Bangkok,87.55691000000003,39.91379310344828,34.43965517241379,28.57245552631579
23273,2023-10-11 22:00:00,Asia/Bangkok,88.73856286956524,39.04310344827586,33.96551724137931,28.05799069565218
23274,2023-10-11 23:00:00,Asia/Bangkok,89.86698860869559,40.20689655172414,34.79310344827586,27.65126660869565
23275,2023-10-12 00:00:00,Asia/Bangkok,90.62921885964909,40.69827586206897,35.18103448275862,27.48860614035085
23276,2023-10-12 01:00:00,Asia/Bangkok,90.78994206896553,35.58974358974359,32.1965811965812,27.34001465517241
23277,2023-10-12 02:00:00,Asia/Bangkok,90.92145212121214,30.91089108910891,29.22772277227723,27.01531515151516
23278,2023-10-12 03:00:00,Asia/Bangkok,91.30183640350876,29.32758620689655,27.87068965517241,26.63440736842104
23279,2023-10-12 04:00:00,Asia/Bangkok,91.970716754386,35.46086956521739,32.21739130434783,26.24961886956523
23280,2023-10-12 05:00:00,Asia/Bangkok,92.16595165217389,40.15384615384615,34.91452991452991,26.00780582608698
23281,2023-10-12 06:00:00,Asia/Bangkok,92.31772684684687,36.56896551724138,32.75862068965517,25.81668572727271
23282,2023-10-12 07:00:00,Asia/Bangkok,92.4582799122807,26.21367521367521,24.92307692307692,25.83597991150444
23283,2023-10-12 08:00:00,Asia/Bangkok,93.03949808695646,25.63793103448276,24.46551724137931,26.43519817391305
23284,2023-10-12 09:00:00,Asia/Bangkok,87.10393799999996,17.75862068965517,16.81034482758621,29.00019947826087
23285,2023-10-12 10:00:00,Asia/Bangkok,78.72694626086962,14.47413793103448,13.87931034482759,31.20105474137928
23286,2023-10-12 11:00:00,Asia/Bangkok,70.69165651785717,11.04273504273504,10.61538461538461,33.56586144144144
23287,2023-10-12 12:00:00,Asia/Bangkok,67.74256104347828,9.620689655172415,9.120689655172415,34.25451692982458
23288,2023-10-12 13:00:00,Asia/Bangkok,69.22588236363636,10.82608695652174,10.11304347826087,33.13278720720722
23289,2023-10-12 14:00:00,Asia/Bangkok,78.80696285714285,34.57142857142857,31.14285714285714,30.25253333333333
23290,2023-10-12 16:00:00,Asia/Bangkok,84.43972095238095,6.96875,6.265625,28.94369428571429
23291,2023-10-12 17:00:00,Asia/Bangkok,90.4146380172414,5.008695652173913,4.539130434782609,27.16766293103448
23292,2023-10-12 18:00:00,Asia/Bangkok,89.60479107142855,5.252173913043478,4.843478260869565,27.26891306306306
23293,2023-10-12 19:00:00,Asia/Bangkok,89.96219628318585,27.42241379310345,25.0,27.39623088495575
23294,2023-10-12 20:00:00,Asia/Bangkok,89.99913052631577,12.73913043478261,12.0,27.33105415929202
23295,2023-10-12 21:00:00,Asia/Bangkok,90.398205,16.08620689655172,15.13793103448276,27.08475063636364
23296,2023-10-12 22:00:00,Asia/Bangkok,92.2419444642857,19.25862068965517,18.1551724137931,26.62260946428573
23297,2023-10-12 23:00:00,Asia/Bangkok,92.06856176991151,17.77777777777778,17.02564102564103,26.67820964285713
23298,2023-10-13 00:00:00,Asia/Bangkok,92.13467565217387,17.9051724137931,17.20689655172414,26.50281495652176
23299,2023-10-13 01:00:00,Asia/Bangkok,92.58135684210527,18.33620689655172,17.4051724137931,26.28897271929823
23300,2023-10-13 02:00:00,Asia/Bangkok,93.63198834782605,17.95689655172414,17.19827586206896,25.78932982608694
23301,2023-10-13 03:00:00,Asia/Bangkok,93.5945894690266,16.43965517241379,15.73275862068965,25.70622300884956
23302,2023-10-13 04:00:00,Asia/Bangkok,92.9851262068966,15.70689655172414,15.06896551724138,25.67437767241379
23303,2023-10-13 05:00:00,Asia/Bangkok,93.11627823008858,23.15384615384615,22.18965517241379,25.47283911504423
23304,2023-10-13 06:00:00,Asia/Bangkok,93.43059263157897,17.71551724137931,16.99145299145299,25.38185840707963
23305,2023-10-13 07:00:00,Asia/Bangkok,93.42438913793107,13.12931034482759,12.55172413793103,25.40356655172415
23306,2023-10-13 08:00:00,Asia/Bangkok,94.31485586206898,12.17241379310345,11.72413793103448,26.00290878260869
23307,2023-10-13 09:00:00,Asia/Bangkok,91.75590594827585,9.786324786324787,9.25,28.00050612068966
23308,2023-10-13 10:00:00,Asia/Bangkok,81.76831036697247,9.525862068965518,9.0,30.68802036697248
23309,2023-10-13 11:00:00,Asia/Bangkok,73.53480649122803,8.370689655172415,7.956896551724138,32.93347570175438
23310,2023-10-13 12:00:00,Asia/Bangkok,68.01935228070177,6.758620689655173,6.482758620689655,34.20649798245614
23311,2023-10-13 13:00:00,Asia/Bangkok,65.461405,5.923076923076923,5.726495726495727,34.88084885964913
23312,2023-10-13 14:00:00,Asia/Bangkok,60.69365910714283,4.370689655172414,4.112068965517241,36.330705625
23313,2023-10-13 15:00:00,Asia/Bangkok,66.11938973684212,5.82051282051282,5.478632478632479,35.07690728070176
23314,2023-10-13 16:00:00,Asia/Bangkok,76.38351642857141,4.060344827586207,3.775862068965517,30.99445621621624
23315,2023-10-13 17:00:00,Asia/Bangkok,85.89088187500002,6.810344827586207,6.310344827586207,28.69289982142856
23316,2023-10-13 18:00:00,Asia/Bangkok,88.43255219298247,17.51724137931035,16.68103448275862,28.11339114035087
23317,2023-10-13 19:00:00,Asia/Bangkok,90.06738426086953,11.84615384615385,11.12068965517241,27.48992991304349
23318,2023-10-13 20:00:00,Asia/Bangkok,90.00686709090911,17.80530973451327,16.53508771929825,27.67593963636362
23319,2023-10-13 21:00:00,Asia/Bangkok,90.51731234782612,23.91379310344828,22.11206896551724,27.67153843478261
23320,2023-10-13 22:00:00,Asia/Bangkok,91.31393821428571,35.12931034482759,31.78448275862069,27.45725116071424
23321,2023-10-13 23:00:00,Asia/Bangkok,92.78927704347824,40.7948717948718,34.66379310344828,27.03014886956522
23322,2023-10-14 00:00:00,Asia/Bangkok,93.78036781818184,8.663793103448276,8.290598290598291,26.55442645454547
23323,2023-10-14 01:00:00,Asia/Bangkok,91.25591392857143,0.3448275862068966,0.25,26.42483624999999
23324,2023-10-14 02:00:00,Asia/Bangkok,90.9275487387387,2.405172413793104,2.163793103448276,26.68822855855858
23325,2023-10-14 03:00:00,Asia/Bangkok,90.46397173913044,2.379310344827586,2.241379310344827,26.56618417391303
23326,2023-10-14 04:00:00,Asia/Bangkok,90.29073543859649,5.669565217391304,4.939130434782609,26.36111894736842
23327,2023-10-14 05:00:00,Asia/Bangkok,91.11670116071426,1.217391304347826,1.017391304347826,25.96580151785713
23328,2023-10-14 06:00:00,Asia/Bangkok,92.0140223893805,2.121739130434783,1.860869565217391,25.80024964601771
23329,2023-10-14 07:00:00,Asia/Bangkok,92.6068858119658,2.145299145299145,1.897435897435897,25.80801700854702
23330,2023-10-14 08:00:00,Asia/Bangkok,92.5824421739131,4.739130434782608,4.260869565217392,26.14550078260869
23331,2023-10-14 09:00:00,Asia/Bangkok,87.97110901785712,3.741379310344827,3.551724137931035,28.26516910714286
23332,2023-10-14 10:00:00,Asia/Bangkok,77.6988419090909,4.785714285714286,4.616071428571429,31.1448870909091
23333,2023-10-14 11:00:00,Asia/Bangkok,70.8483951304348,6.965811965811966,6.794871794871795,34.01544791304348
23334,2023-10-14 12:00:00,Asia/Bangkok,63.96639614035087,6.75,6.525862068965517,34.68137052631578
23335,2023-10-14 13:00:00,Asia/Bangkok,65.04884539823011,7.974358974358974,7.675213675213675,34.5324121238938
23336,2023-10-14 14:00:00,Asia/Bangkok,64.18640728070174,7.094827586206897,6.922413793103448,34.78542096491226
23337,2023-10-14 15:00:00,Asia/Bangkok,81.0335484955752,11.99137931034483,11.4051724137931,31.39905230088495
23338,2023-10-14 16:00:00,Asia/Bangkok,82.83432280701753,13.42735042735043,12.42735042735043,30.90898955752212
23339,2023-10-14 17:00:00,Asia/Bangkok,89.94231452173915,7.301724137931035,6.836206896551724,27.41908547826087
23340,2023-10-14 18:00:00,Asia/Bangkok,91.52896928571427,8.895652173913044,8.543103448275861,27.90009767857142
23341,2023-10-14 19:00:00,Asia/Bangkok,92.24000434782609,18.35344827586207,17.42241379310345,27.79613817391307
23342,2023-10-14 20:00:00,Asia/Bangkok,92.79980228070178,16.96581196581197,16.13675213675214,27.56474557522125
23343,2023-10-14 21:00:00,Asia/Bangkok,93.3166053153153,12.98275862068965,12.37931034482759,27.38869504504504
23344,2023-10-14 22:00:00,Asia/Bangkok,92.55955333333334,11.04273504273504,10.48717948717949,27.41568815789472
23345,2023-10-14 23:00:00,Asia/Bangkok,91.60729072727277,7.275862068965517,6.931034482758621,27.038237
23346,2023-10-15 00:00:00,Asia/Bangkok,92.05955513274331,8.275862068965518,7.810344827586207,27.08963884955752
23347,2023-10-15 01:00:00,Asia/Bangkok,93.18686219298239,10.28695652173913,9.73913043478261,26.75302736842106
23348,2023-10-15 02:00:00,Asia/Bangkok,93.65738194690262,9.517241379310345,8.922413793103448,26.53146964601768
23349,2023-10-15 03:00:00,Asia/Bangkok,93.53585905172413,11.32758620689655,10.36206896551724,26.34425948275866
23350,2023-10-15 04:00:00,Asia/Bangkok,93.6518157758621,10.71794871794872,10.13675213675214,26.25942870689655
23351,2023-10-15 05:00:00,Asia/Bangkok,94.10376732758616,9.879310344827585,9.35344827586207,26.16851853448275
23352,2023-10-15 06:00:00,Asia/Bangkok,93.87472245614038,12.3448275862069,11.78448275862069,26.14856745614038
23353,2023-10-15 07:00:00,Asia/Bangkok,93.881469122807,18.71304347826087,17.80869565217391,26.09438701754387
23354,2023-10-15 08:00:00,Asia/Bangkok,94.89434688073396,12.57758620689655,12.06896551724138,26.39959651376146
23355,2023-10-15 09:00:00,Asia/Bangkok,94.11531099099096,11.03448275862069,10.47413793103448,27.24165801801802
23356,2023-10-15 10:00:00,Asia/Bangkok,89.1554266071429,9.275862068965518,8.939655172413794,28.85175883928571
23357,2023-10-15 11:00:00,Asia/Bangkok,77.65603849557523,5.827586206896552,5.663793103448276,31.18056868421051
23358,2023-10-15 12:00:00,Asia/Bangkok,69.80168758928569,4.852173913043479,4.68695652173913,33.79649567567566
23359,2023-10-15 13:00:00,Asia/Bangkok,67.72047088495576,4.844827586206897,4.698275862068965,34.08393858407081
23360,2023-10-15 14:00:00,Asia/Bangkok,65.91147730434781,4.530434782608696,4.321739130434783,34.84787130434785
23361,2023-10-15 15:00:00,Asia/Bangkok,71.12875584070798,6.267241379310345,5.96551724137931,32.78594654867257
23362,2023-10-15 16:00:00,Asia/Bangkok,91.54764675925927,4.643478260869565,4.2,26.29545740740741
23363,2023-10-15 17:00:00,Asia/Bangkok,93.400421754386,3.396551724137931,3.112068965517242,25.90524280701755
23364,2023-10-15 18:00:00,Asia/Bangkok,93.11132964912282,2.379310344827586,2.198275862068965,25.88474666666665
23365,2023-10-15 19:00:00,Asia/Bangkok,92.71451275862073,3.811965811965812,3.52991452991453,26.0556073275862
23366,2023-10-15 20:00:00,Asia/Bangkok,92.1749839823009,3.612068965517242,3.396551724137931,25.89623831858407
23367,2023-10-15 21:00:00,Asia/Bangkok,92.70734456896552,3.681034482758621,3.5,25.68141905172417
23368,2023-10-15 22:00:00,Asia/Bangkok,91.9375744144144,2.504347826086957,2.330434782608696,25.76959190909091
23369,2023-10-15 23:00:00,Asia/Bangkok,91.53273112068969,3.310344827586207,2.982758620689655,25.99962327586206
23370,2023-10-16 00:00:00,Asia/Bangkok,92.71235728070171,3.870689655172414,3.46551724137931,25.71218394736845
23371,2023-10-16 01:00:00,Asia/Bangkok,94.09335412280701,2.896551724137931,2.681034482758621,25.42029701754387
23372,2023-10-16 02:00:00,Asia/Bangkok,94.2487010434783,3.05982905982906,2.846153846153846,25.40229234782612
23373,2023-10-16 03:00:00,Asia/Bangkok,94.03434556521731,4.224137931034483,3.896551724137931,25.52373365217394
23374,2023-10-16 04:00:00,Asia/Bangkok,94.00557198275861,3.818965517241379,3.517241379310345,25.45151775862069
23375,2023-10-16 05:00:00,Asia/Bangkok,93.68663741071431,5.837606837606837,5.589743589743589,25.35236535714287
23376,2023-10-16 06:00:00,Asia/Bangkok,94.54109991071428,6.827586206896552,6.344827586206897,25.08511660714286
23377,2023-10-16 07:00:00,Asia/Bangkok,94.70798482456136,6.948275862068965,6.53448275862069,25.18884245614036
23378,2023-10-16 08:00:00,Asia/Bangkok,94.09095017391303,7.094827586206897,6.612068965517241,26.16807269565218
23379,2023-10-16 09:00:00,Asia/Bangkok,86.80739763157894,5.307692307692307,4.914529914529915,28.51544087719297
23380,2023-10-16 10:00:00,Asia/Bangkok,79.84978931034483,5.78448275862069,5.456896551724138,30.43840060344827
23381,2023-10-16 11:00:00,Asia/Bangkok,75.18008956140348,6.282051282051282,5.982905982905983,31.73267902654868
23382,2023-10-16 12:00:00,Asia/Bangkok,69.94113236842102,6.103448275862069,5.939655172413793,33.04659105263157
23383,2023-10-16 13:00:00,Asia/Bangkok,66.77693743362835,7.543103448275862,7.336206896551724,34.22296185840706
23384,2023-10-16 14:00:00,Asia/Bangkok,64.6391248275862,17.87179487179487,16.29059829059829,34.20607465517242
23385,2023-10-16 15:00:00,Asia/Bangkok,69.08252543103448,5.181034482758621,4.956896551724138,34.16595232758621
23386,2023-10-16 16:00:00,Asia/Bangkok,78.05925469026549,8.612068965517242,8.137931034482758,31.13223300884956
23387,2023-10-16 17:00:00,Asia/Bangkok,89.52435615384617,1.649572649572649,1.318965517241379,26.47861059829062
23388,2023-10-16 18:00:00,Asia/Bangkok,91.75255390909086,3.893805309734513,3.614035087719298,26.99645945454546
23389,2023-10-16 19:00:00,Asia/Bangkok,92.45473830357147,17.10344827586207,15.60344827586207,27.04342098214286
23390,2023-10-16 20:00:00,Asia/Bangkok,92.58792168141595,16.32758620689655,15.48275862068965,26.94292732142859
23391,2023-10-16 21:00:00,Asia/Bangkok,93.65147184210522,29.53846153846154,26.52991452991453,26.69032122807018
23392,2023-10-16 22:00:00,Asia/Bangkok,94.0963384347826,20.37068965517241,19.24137931034483,26.76033139130434
23393,2023-10-16 23:00:00,Asia/Bangkok,93.69484219298242,18.52173913043478,17.27826086956522,26.67434617391305
23394,2023-10-17 00:00:00,Asia/Bangkok,94.04815716814159,24.92105263157895,23.62608695652174,26.67251160714284
23395,2023-10-17 01:00:00,Asia/Bangkok,94.1329459482759,11.62068965517241,10.95689655172414,26.55381034482757
23396,2023-10-17 02:00:00,Asia/Bangkok,93.9732503603604,6.243478260869566,5.930434782608696,26.29140459459458
23397,2023-10-17 03:00:00,Asia/Bangkok,94.16516245614041,4.939130434782609,4.565217391304348,25.96876745614036
23398,2023-10-17 04:00:00,Asia/Bangkok,94.44046629310344,6.293103448275862,5.922413793103448,25.80593525862072
23399,2023-10-17 05:00:00,Asia/Bangkok,93.975712,8.086206896551724,7.706896551724138,25.72619478260868
23400,2023-10-17 06:00:00,Asia/Bangkok,94.08762818965518,10.11206896551724,9.801724137931034,25.74361051282051
23401,2023-10-17 07:00:00,Asia/Bangkok,94.87366438596494,9.598290598290598,9.324786324786325,25.59338256637172
23402,2023-10-17 08:00:00,Asia/Bangkok,96.48422736842103,11.87826086956522,11.38260869565217,25.84155377192981
23403,2023-10-17 09:00:00,Asia/Bangkok,93.46005035714288,8.077586206896552,7.568965517241379,27.29157657657657
23404,2023-10-17 10:00:00,Asia/Bangkok,86.24127086956521,4.6,4.4,29.15375347826087
23405,2023-10-18 14:00:00,Asia/Bangkok,88.563556984127,2.73015873015873,2.46031746031746,30.06729306451613
23406,2023-10-18 15:00:00,Asia/Bangkok,76.84237254385965,2.379310344827586,2.181034482758621,32.27200165217393
23407,2023-10-18 16:00:00,Asia/Bangkok,76.78555849557522,0.9487179487179487,0.8632478632478633,31.7185
23408,2023-10-18 17:00:00,Asia/Bangkok,85.36270448275857,0.672566371681416,0.415929203539823,27.7504625
23409,2023-10-18 18:00:00,Asia/Bangkok,91.08153043859652,1.025862068965517,0.8275862068965517,25.84115666666668
23410,2023-10-18 19:00:00,Asia/Bangkok,91.96657123893804,2.560344827586207,2.241379310344827,26.04648187500001
23411,2023-10-18 20:00:00,Asia/Bangkok,92.52557008928575,2.683760683760684,2.350427350427351,25.95266428571428
23412,2023-10-18 21:00:00,Asia/Bangkok,93.43519939130435,2.879310344827586,2.474137931034483,25.82093147826088
23413,2023-10-18 22:00:00,Asia/Bangkok,93.45393557522128,3.155172413793104,2.870689655172414,25.79153097345134
23414,2023-10-18 23:00:00,Asia/Bangkok,93.15580353982307,4.491379310344827,4.094827586206897,25.90065725663715
23415,2023-10-19 00:00:00,Asia/Bangkok,93.28476991379313,6.051282051282051,5.743589743589744,25.89363991379312
23416,2023-10-19 01:00:00,Asia/Bangkok,93.74339171171172,7.2,6.68695652173913,25.78580144144146
23417,2023-10-19 02:00:00,Asia/Bangkok,93.98401423423422,7.939655172413793,7.431034482758621,25.64843693693696
23418,2023-10-19 03:00:00,Asia/Bangkok,94.37608774774779,8.982758620689655,8.431034482758621,25.538683963964
23419,2023-10-19 04:00:00,Asia/Bangkok,94.35699796460179,9.034188034188034,8.478632478632479,25.51527681415934
23420,2023-10-19 05:00:00,Asia/Bangkok,94.28683115044245,7.591304347826087,7.226086956521739,25.45998256637167
23421,2023-10-19 06:00:00,Asia/Bangkok,94.45357052173904,11.5948275862069,10.82758620689655,25.34744704347825
23422,2023-10-19 07:00:00,Asia/Bangkok,94.38006026315792,14.68965517241379,13.88793103448276,25.37712736842102
23423,2023-10-19 08:00:00,Asia/Bangkok,95.78712834782611,8.517241379310345,8.03448275862069,25.70478465517241
23424,2023-10-19 09:00:00,Asia/Bangkok,95.04592292035399,6.836206896551724,6.474137931034483,26.79017035714284
23425,2023-10-19 10:00:00,Asia/Bangkok,84.15070108108112,3.752136752136752,3.521367521367521,29.94135882882882
23426,2023-10-19 11:00:00,Asia/Bangkok,75.08203060869569,3.356521739130435,3.130434782608696,32.76009147826085
23427,2023-10-19 12:00:00,Asia/Bangkok,67.96838336283186,2.871794871794872,2.717948717948718,33.65902654867258
23428,2023-10-19 13:00:00,Asia/Bangkok,62.96177637168141,2.491379310344827,2.301724137931035,34.84966035398229
23429,2023-10-19 14:00:00,Asia/Bangkok,60.62655991071428,3.318965517241379,3.146551724137931,35.4652813392857
23430,2023-10-19 15:00:00,Asia/Bangkok,59.15636723214283,5.358974358974359,5.085470085470085,35.56873410714282
23431,2023-10-19 16:00:00,Asia/Bangkok,59.36071424778761,6.0,5.619469026548672,35.94272675438599
23432,2023-10-19 17:00:00,Asia/Bangkok,70.2879819266055,5.623931623931623,5.29059829059829,32.99348055555555
23433,2023-10-19 18:00:00,Asia/Bangkok,80.58125875,5.327586206896552,5.008620689655173,29.41102589285714
23434,2023-10-19 19:00:00,Asia/Bangkok,87.5006421818182,35.64601769911504,30.43362831858407,28.06772300000001
23435,2023-10-19 20:00:00,Asia/Bangkok,89.50046824561404,25.86206896551724,23.81034482758621,27.91073008771928
23436,2023-10-19 21:00:00,Asia/Bangkok,89.5995967241379,25.12931034482759,23.13793103448276,27.89127767241378
23437,2023-10-19 22:00:00,Asia/Bangkok,89.90116713043476,17.64347826086956,16.66956521739131,27.66459254385967
23438,2023-10-19 23:00:00,Asia/Bangkok,90.29802876106197,17.72173913043478,16.73913043478261,27.4005320353982
23439,2023-10-20 00:00:00,Asia/Bangkok,89.46895230088494,15.4957264957265,14.8034188034188,27.37328530973449
23440,2023-10-20 01:00:00,Asia/Bangkok,90.52834716814155,16.2695652173913,15.40869565217391,27.04178451327431
23441,2023-10-20 02:00:00,Asia/Bangkok,91.01851187499994,17.37931034482759,16.26724137931035,26.882655
23442,2023-10-20 03:00:00,Asia/Bangkok,92.08276858407078,17.16239316239316,16.16239316239316,26.58038849557522
23443,2023-10-20 04:00:00,Asia/Bangkok,92.18972157894737,20.43965517241379,19.19827586206896,26.57676043859649
23444,2023-10-20 05:00:00,Asia/Bangkok,92.0846400869565,19.23275862068965,18.13793103448276,26.4092143478261
23445,2023-10-20 06:00:00,Asia/Bangkok,92.3722801754386,20.38793103448276,19.22413793103448,26.06662130434782
23446,2023-10-20 07:00:00,Asia/Bangkok,93.03398956140349,23.51282051282051,22.35897435897436,25.88211544642857
23447,2023-10-20 08:00:00,Asia/Bangkok,93.11386939130435,17.6551724137931,16.93965517241379,26.1069551304348
23448,2023-10-20 09:00:00,Asia/Bangkok,86.66470330434782,11.00862068965517,10.5,27.86556573913042
23449,2023-10-20 10:00:00,Asia/Bangkok,75.8546863157895,6.310344827586207,5.870689655172414,30.92482692982455
23450,2023-10-20 11:00:00,Asia/Bangkok,70.3060363478261,4.64957264957265,4.341880341880342,32.98186817391305
23451,2023-10-20 12:00:00,Asia/Bangkok,67.86997491228071,4.156521739130435,3.843478260869565,33.73038298245616
23452,2023-10-20 13:00:00,Asia/Bangkok,63.91757696428569,3.422413793103448,3.120689655172414,34.79920920353981
23453,2023-10-20 14:00:00,Asia/Bangkok,56.60618910714286,2.060344827586207,1.870689655172414,36.87146468468468
23454,2023-10-20 15:00:00,Asia/Bangkok,58.55784699115046,3.634782608695652,3.460869565217391,35.84895451327434
23455,2023-10-20 16:00:00,Asia/Bangkok,71.00041699115043,1.592920353982301,1.433628318584071,32.22862725663716
23456,2023-10-20 17:00:00,Asia/Bangkok,74.97919201754385,6.829059829059829,6.35042735042735,31.92994675438597
23457,2023-10-20 18:00:00,Asia/Bangkok,78.13680535714288,8.844827586206897,8.267241379310345,30.44983124999998
23458,2023-10-20 19:00:00,Asia/Bangkok,82.92172495575223,12.65811965811966,11.92307692307692,28.7245421238938
23459,2023-10-20 20:00:00,Asia/Bangkok,85.36130603603603,13.6,12.40869565217391,27.65404504504506
23460,2023-10-20 21:00:00,Asia/Bangkok,86.46701619469023,6.060344827586207,5.568965517241379,27.36449380530972
23461,2023-10-20 22:00:00,Asia/Bangkok,87.01300695652175,17.91150442477876,15.82300884955752,27.521070173913
23462,2023-10-20 23:00:00,Asia/Bangkok,89.04163921052634,31.45299145299145,28.33333333333333,27.12541508771928
23463,2023-10-21 00:00:00,Asia/Bangkok,89.85129147826088,17.00862068965517,15.41379310344828,27.10855105263159
23464,2023-10-21 01:00:00,Asia/Bangkok,90.39072678571428,12.26724137931035,11.66379310344828,26.92034955357143
23465,2023-10-21 02:00:00,Asia/Bangkok,91.0740305217391,15.43103448275862,14.37931034482759,26.66301339130435
23466,2023-10-21 03:00:00,Asia/Bangkok,91.02269929203538,11.48275862068965,10.71551724137931,26.55313716814158
23467,2023-10-21 04:00:00,Asia/Bangkok,91.42124276785721,13.91379310344828,13.07758620689655,26.36909330357144
23468,2023-10-21 05:00:00,Asia/Bangkok,91.1594047368421,15.20869565217391,14.47826086956522,26.42743201754386
23469,2023-10-21 06:00:00,Asia/Bangkok,91.75568771929827,14.91304347826087,14.23478260869565,26.32280699115044
23470,2023-10-21 07:00:00,Asia/Bangkok,92.17181599999999,14.64655172413793,13.71551724137931,26.20215808695653
23471,2023-10-21 08:00:00,Asia/Bangkok,92.15599184210522,11.08695652173913,10.28695652173913,26.83371407079646
23472,2023-10-21 09:00:00,Asia/Bangkok,86.46161130434781,7.948275862068965,7.448275862068965,28.67476773913044
23473,2023-10-21 10:00:00,Asia/Bangkok,80.43619123893805,8.224137931034482,7.767241379310345,30.36115432432431
23474,2023-10-21 11:00:00,Asia/Bangkok,71.59733478260868,8.793103448275861,8.379310344827585,32.32848271929825
23475,2023-10-21 12:00:00,Asia/Bangkok,65.18624469026547,9.551724137931034,9.241379310344827,34.46359741071428
23476,2023-10-21 13:00:00,Asia/Bangkok,60.99708178571429,9.508620689655173,9.232758620689655,35.68434276785714
23477,2023-10-21 14:00:00,Asia/Bangkok,77.2160725,7.939655172413793,7.603448275862069,30.87648758928572
23478,2023-10-21 15:00:00,Asia/Bangkok,79.25618877192987,7.655172413793103,7.293103448275862,30.47682043859649
23479,2023-10-21 16:00:00,Asia/Bangkok,74.85922146551725,8.560344827586206,8.129310344827585,31.37016034482757
23480,2023-10-21 17:00:00,Asia/Bangkok,72.54522469565217,5.726495726495727,5.478632478632479,32.11605286956521
23481,2023-10-21 18:00:00,Asia/Bangkok,75.8147629464286,11.70689655172414,11.06896551724138,31.66759571428571
23482,2023-10-21 19:00:00,Asia/Bangkok,80.19571034482757,12.91379310344828,12.31034482758621,30.50656258620689
23483,2023-10-21 20:00:00,Asia/Bangkok,82.67005129310338,28.85470085470086,26.22222222222222,29.71771103448277
23484,2023-10-21 21:00:00,Asia/Bangkok,85.06156681415928,26.44827586206896,25.0,29.12707628318583
23485,2023-10-21 22:00:00,Asia/Bangkok,88.27411198275861,21.75862068965517,20.70689655172414,28.5104698275862
23486,2023-10-21 23:00:00,Asia/Bangkok,88.50210828828827,23.01724137931035,22.10344827586207,28.50710468468466
23487,2023-10-22 00:00:00,Asia/Bangkok,89.8516459821428,17.87068965517241,16.99137931034483,27.93223785714284
23488,2023-10-22 01:00:00,Asia/Bangkok,88.74619095652172,10.77777777777778,10.21367521367521,27.78018799999997
23489,2023-10-22 02:00:00,Asia/Bangkok,88.44460276785712,10.94827586206897,10.31034482758621,27.75094258928572
23490,2023-10-22 03:00:00,Asia/Bangkok,89.53671508771934,11.71551724137931,10.83620689655172,27.32786999999999
23491,2023-10-22 04:00:00,Asia/Bangkok,90.35828633928567,12.55652173913044,11.87826086956522,26.85118401785716
23492,2023-10-22 05:00:00,Asia/Bangkok,90.81438850877191,13.03448275862069,12.27586206896552,26.6832955263158
23493,2023-10-22 06:00:00,Asia/Bangkok,90.80918495652173,12.34188034188034,11.65811965811966,26.53562460869565
23494,2023-10-22 07:00:00,Asia/Bangkok,91.6552392173913,17.01724137931035,16.14655172413793,26.30265826086957
23495,2023-10-22 08:00:00,Asia/Bangkok,93.17713884955752,17.06896551724138,16.33620689655172,26.74058398230088
23496,2023-10-22 09:00:00,Asia/Bangkok,86.52442652173913,13.06837606837607,12.52991452991453,28.77173530434783
23497,2023-10-22 10:00:00,Asia/Bangkok,79.31918234782606,12.79310344827586,12.26724137931035,30.9128736521739
23498,2023-10-22 11:00:00,Asia/Bangkok,73.47621873873872,9.956896551724139,9.448275862068966,32.32747756756757
23499,2023-10-22 12:00:00,Asia/Bangkok,66.4594629090909,5.5,5.258620689655173,33.95706009090909
23500,2023-10-22 13:00:00,Asia/Bangkok,59.07297401785716,3.641025641025641,3.367521367521368,35.63517441441441
23501,2023-10-22 14:00:00,Asia/Bangkok,69.17547728070177,7.112068965517241,6.663793103448276,32.9419092105263
23502,2023-10-22 15:00:00,Asia/Bangkok,81.69690903508774,3.775862068965517,3.543103448275862,29.19232166666666
23503,2023-10-22 16:00:00,Asia/Bangkok,77.19654236842104,6.826086956521739,6.4,30.63975780701754
23504,2023-10-22 17:00:00,Asia/Bangkok,74.82282301724143,10.63793103448276,10.14655172413793,31.87275887931036
23505,2023-10-22 18:00:00,Asia/Bangkok,75.29912069565219,7.456896551724138,7.0,31.48943605263158
23506,2023-10-22 19:00:00,Asia/Bangkok,79.45798368421049,72.18260869565218,68.0695652173913,29.37802649122807
23507,2023-10-22 20:00:00,Asia/Bangkok,87.07237964285709,45.03448275862069,41.05172413793103,27.57136017857144
23508,2023-10-22 21:00:00,Asia/Bangkok,89.5074982882883,22.12389380530973,19.16814159292035,27.3754154054054
23509,2023-10-22 22:00:00,Asia/Bangkok,91.13525794642854,15.43965517241379,14.38793103448276,27.07324741071429
23510,2023-10-22 23:00:00,Asia/Bangkok,90.68380947826084,14.31578947368421,13.58771929824561,26.95117582608695
23511,2023-10-23 00:00:00,Asia/Bangkok,90.40782935779811,12.58407079646018,11.78761061946903,26.80387211009175
23512,2023-10-23 01:00:00,Asia/Bangkok,90.92373298245616,9.094827586206897,8.362068965517242,26.45711359649122
23513,2023-10-23 02:00:00,Asia/Bangkok,91.03420723214286,11.89655172413793,11.17241379310345,26.26759616071428
23514,2023-10-23 03:00:00,Asia/Bangkok,90.3380385840708,13.19827586206897,12.43965517241379,26.11891309734514
23515,2023-10-23 04:00:00,Asia/Bangkok,90.90911396396397,16.52586206896552,15.67241379310345,25.95216321428571
23516,2023-10-23 05:00:00,Asia/Bangkok,91.95304286956515,12.98290598290598,12.44444444444444,25.71848736842102
23517,2023-10-23 06:00:00,Asia/Bangkok,93.12636513274339,8.275862068965518,7.689655172413793,25.35079276785714
23518,2023-10-23 07:00:00,Asia/Bangkok,93.1537604385965,7.522123893805309,7.079646017699115,25.39239921052634
23519,2023-10-23 08:00:00,Asia/Bangkok,92.81078630630631,8.591304347826087,8.060869565217391,26.03416441441441
23520,2023-10-23 09:00:00,Asia/Bangkok,89.65754228070176,5.130434782608695,4.773913043478261,27.81099017543859
23521,2023-10-23 10:00:00,Asia/Bangkok,81.75783931034482,5.042735042735043,4.829059829059829,29.90122706896552
23522,2023-10-23 11:00:00,Asia/Bangkok,77.72598027027027,4.295652173913044,4.043478260869565,30.58250207207206
23523,2023-10-23 12:00:00,Asia/Bangkok,75.23299955357142,7.146551724137931,6.793103448275862,31.61020830357143
23524,2023-10-23 13:00:00,Asia/Bangkok,70.93935669642859,3.974137931034483,3.767241379310345,33.17815810810811
23525,2023-10-23 14:00:00,Asia/Bangkok,68.08519741071429,3.103448275862069,2.853448275862069,33.58753982142857
23526,2023-10-23 15:00:00,Asia/Bangkok,63.28271539823009,6.551724137931035,5.982758620689655,34.71075769911504
23527,2023-10-23 16:00:00,Asia/Bangkok,62.36223017543861,7.256410256410256,6.82051282051282,34.50583271929825
23528,2023-10-23 17:00:00,Asia/Bangkok,70.5723075,17.75862068965517,15.89655172413793,32.31565223214284
23529,2023-10-23 18:00:00,Asia/Bangkok,78.59986973451329,30.34782608695652,27.26086956521739,30.89409920353981
23530,2023-10-23 19:00:00,Asia/Bangkok,82.33992947368421,78.12931034482759,68.67241379310344,30.04010289473682
23531,2023-10-23 20:00:00,Asia/Bangkok,83.67066956521735,58.28448275862069,49.41379310344828,29.48403869565217
23532,2023-10-23 21:00:00,Asia/Bangkok,86.61023566371681,34.21367521367522,30.06837606837607,28.53232566371681
23533,2023-10-23 22:00:00,Asia/Bangkok,88.45243230088494,35.06896551724138,31.07758620689655,28.41008044247787
23534,2023-10-23 23:00:00,Asia/Bangkok,88.65676794642857,37.47863247863248,32.92307692307692,28.69328169642856
23535,2023-10-24 00:00:00,Asia/Bangkok,89.02299964285723,33.14655172413793,29.75862068965517,28.34298973214285
23536,2023-10-24 01:00:00,Asia/Bangkok,89.81539122807021,3.931034482758621,3.594827586206896,27.15579728070176
23537,2023-10-24 02:00:00,Asia/Bangkok,90.31801261261266,5.929203539823009,5.504424778761062,27.02307414414415
23538,2023-10-24 03:00:00,Asia/Bangkok,91.0605083478261,15.0695652173913,14.24347826086957,27.1922677586207
23539,2023-10-24 04:00:00,Asia/Bangkok,91.15178400000008,15.43965517241379,14.50862068965517,27.19153973684212
23540,2023-10-24 05:00:00,Asia/Bangkok,91.87141271929826,16.14655172413793,15.25,27.01553543859647
23541,2023-10-24 06:00:00,Asia/Bangkok,93.59603228070175,21.19130434782609,20.21739130434782,26.69960008771931
23542,2023-10-24 07:00:00,Asia/Bangkok,93.68024318584068,20.74137931034483,19.79310344827586,26.72787122807017
23543,2023-10-24 08:00:00,Asia/Bangkok,94.02006999999999,23.78448275862069,22.61206896551724,27.01222283185841
23544,2023-10-24 09:00:00,Asia/Bangkok,89.30156756521743,10.97413793103448,10.49137931034483,28.5581323478261
23545,2023-10-24 10:00:00,Asia/Bangkok,75.95641301724142,4.777777777777778,4.517241379310345,31.13089043103446
23546,2023-10-24 11:00:00,Asia/Bangkok,68.71757300884956,3.612068965517242,3.367521367521368,33.07455398230088
23547,2023-10-24 12:00:00,Asia/Bangkok,65.5823895535714,2.491379310344827,2.353448275862069,33.66654999999999
23548,2023-10-24 13:00:00,Asia/Bangkok,70.80568339130433,4.051282051282051,3.836206896551724,32.31605104347828
23549,2023-10-24 14:00:00,Asia/Bangkok,70.9452033913044,4.21551724137931,3.948717948717949,32.93828260869566
23550,2023-10-24 15:00:00,Asia/Bangkok,65.48390000000003,3.347826086956522,3.173913043478261,34.11286981981982
23551,2023-10-24 16:00:00,Asia/Bangkok,67.64696170940172,2.786324786324786,2.598290598290598,33.1409664957265
23552,2023-10-24 17:00:00,Asia/Bangkok,69.32524280701752,6.75,6.431034482758621,32.03729991228068
23553,2023-10-24 18:00:00,Asia/Bangkok,74.25985792792791,5.810344827586207,5.362068965517241,30.27219171171172
23554,2023-10-24 19:00:00,Asia/Bangkok,80.4574339473684,10.56896551724138,9.844827586206897,28.74195149122807
23555,2023-10-24 20:00:00,Asia/Bangkok,83.70508563636365,36.98290598290598,31.52991452991453,28.35305718181817
23556,2023-10-24 21:00:00,Asia/Bangkok,85.49884714285714,40.38793103448276,35.28448275862069,28.15539678571428
23557,2023-10-24 22:00:00,Asia/Bangkok,86.98844196428574,30.29310344827586,27.93965517241379,27.85985044247787
23558,2023-10-24 23:00:00,Asia/Bangkok,87.79829127272731,19.42241379310345,18.37068965517241,27.53774348623854
23559,2023-10-25 00:00:00,Asia/Bangkok,89.55408842105264,21.28070175438597,20.23931623931624,27.00724464912281
23560,2023-10-25 01:00:00,Asia/Bangkok,90.2775177272727,21.24778761061947,20.27433628318584,26.76642527272726
23561,2023-10-25 02:00:00,Asia/Bangkok,89.53994102564103,21.97435897435897,20.90598290598291,26.69080205128204
23562,2023-10-25 03:00:00,Asia/Bangkok,90.87415938053095,19.73275862068965,18.67241379310345,26.26944610619469
23563,2023-10-25 04:00:00,Asia/Bangkok,90.98731263157896,18.97435897435897,17.97435897435897,26.22753140350877
23564,2023-10-25 05:00:00,Asia/Bangkok,90.69156137931034,20.81896551724138,19.87931034482759,26.09303905172415
23565,2023-10-25 06:00:00,Asia/Bangkok,92.08746628318583,17.87068965517241,17.0948275862069,25.84044681415928
23566,2023-10-25 07:00:00,Asia/Bangkok,91.89910608695648,21.18103448275862,20.31034482758621,25.77674434782607
23567,2023-10-25 08:00:00,Asia/Bangkok,93.1453239823009,16.52991452991453,15.91452991452991,26.15344274336284
23568,2023-10-25 09:00:00,Asia/Bangkok,87.75768640350881,16.81034482758621,15.87068965517241,28.57306473684211
23569,2023-10-25 10:00:00,Asia/Bangkok,78.40317713043481,7.655172413793103,7.275862068965517,30.7108804347826
23570,2023-10-25 11:00:00,Asia/Bangkok,70.37807745454546,5.464912280701754,5.105263157894737,33.08289127272728
23571,2023-10-25 12:00:00,Asia/Bangkok,63.29062160714287,3.539823008849558,3.398230088495575,34.52887964285713
23572,2023-10-25 13:00:00,Asia/Bangkok,64.54354238938056,4.637931034482759,4.431034482758621,33.99203805309734
23573,2023-10-25 14:00:00,Asia/Bangkok,58.96857052631579,6.612068965517241,6.327586206896552,35.15549543859647
23574,2023-10-25 15:00:00,Asia/Bangkok,58.21261130434785,8.181034482758621,7.948275862068965,36.08448982608695
23575,2023-10-25 16:00:00,Asia/Bangkok,59.47674938596492,10.71304347826087,10.29565217391304,36.03300114035088
23576,2023-10-25 17:00:00,Asia/Bangkok,61.59650163793102,12.01709401709402,11.42735042735043,35.48771508620691
23577,2023-10-25 18:00:00,Asia/Bangkok,68.55615508620693,33.43103448275862,28.91379310344828,33.31694655172413
23578,2023-10-25 19:00:00,Asia/Bangkok,74.70766271929826,43.01724137931034,36.06034482758621,31.0553838938053
23579,2023-10-25 20:00:00,Asia/Bangkok,78.32369575221237,91.70434782608696,78.15517241379311,30.53143141592921
23580,2023-10-25 21:00:00,Asia/Bangkok,82.31075860869564,56.46153846153846,46.91452991452991,29.77494408695654
23581,2023-10-25 22:00:00,Asia/Bangkok,86.30821298245615,48.60344827586207,40.83620689655172,29.19079807017545
23582,2023-10-25 23:00:00,Asia/Bangkok,86.06335243478259,30.03448275862069,28.31896551724138,28.8787352173913
23583,2023-10-26 00:00:00,Asia/Bangkok,85.93415447368426,14.42735042735043,13.97435897435897,28.54359728070174
23584,2023-10-26 01:00:00,Asia/Bangkok,85.94814096491228,8.46551724137931,8.129310344827585,28.356134122807
23585,2023-10-26 02:00:00,Asia/Bangkok,86.24879643478262,7.243478260869566,6.982608695652174,28.04538208695651
23586,2023-10-26 03:00:00,Asia/Bangkok,87.09607359649121,6.301724137931035,5.913793103448276,27.77363201754383
23587,2023-10-26 04:00:00,Asia/Bangkok,89.25015025641025,7.410256410256411,6.897435897435898,27.40142333333333
23588,2023-10-26 05:00:00,Asia/Bangkok,90.56743963636362,11.22608695652174,10.60869565217391,27.18658372727274
23589,2023-10-26 06:00:00,Asia/Bangkok,90.65149765765766,11.75862068965517,11.11206896551724,27.18884846846847
23590,2023-10-26 07:00:00,Asia/Bangkok,92.49709955357142,15.21739130434783,14.4695652173913,26.8838131858407
23591,2023-10-26 08:00:00,Asia/Bangkok,90.44186982300886,15.88034188034188,15.29059829059829,27.75651901785714
23592,2023-10-26 09:00:00,Asia/Bangkok,81.30132666666667,10.68965517241379,10.17241379310345,30.11841096491226
23593,2023-10-26 10:00:00,Asia/Bangkok,75.85696321739127,5.786324786324786,5.521367521367521,31.38816895652174
23594,2023-10-26 11:00:00,Asia/Bangkok,72.35798789473684,5.560344827586207,5.275862068965517,32.21803921052634
23595,2023-10-26 12:00:00,Asia/Bangkok,66.8251869298246,6.431034482758621,6.120689655172414,33.93609263157896
23596,2023-10-26 13:00:00,Asia/Bangkok,64.88101263157893,10.72649572649573,9.76923076923077,34.4299478761062
23597,2023-10-26 14:00:00,Asia/Bangkok,63.67596552631577,7.96551724137931,7.620689655172414,34.79994289473684
23598,2023-10-26 15:00:00,Asia/Bangkok,77.5759594827586,18.6140350877193,16.31858407079646,31.0891325
23599,2023-10-26 16:00:00,Asia/Bangkok,90.45201438596493,0.4310344827586207,0.2564102564102564,27.17816877192981
23600,2023-10-26 17:00:00,Asia/Bangkok,88.55495212389383,1.786324786324786,1.564102564102564,27.39008575221238
23601,2023-10-26 18:00:00,Asia/Bangkok,90.12620554545457,4.172413793103448,3.870689655172414,26.94900163636364
23602,2023-10-26 19:00:00,Asia/Bangkok,90.66278288288291,7.301724137931035,6.836206896551724,26.82191297297298
23603,2023-10-26 20:00:00,Asia/Bangkok,91.20281931034481,19.88034188034188,18.34188034188034,26.46619646551723
23604,2023-10-26 21:00:00,Asia/Bangkok,92.14788585585582,21.78448275862069,20.47413793103448,26.3955973873874
23605,2023-10-26 22:00:00,Asia/Bangkok,92.05639971698112,27.03508771929825,24.17543859649123,26.43544333333334
23606,2023-10-26 23:00:00,Asia/Bangkok,92.85711824561405,16.93103448275862,16.03478260869565,26.31463168141593
23607,2023-10-27 00:00:00,Asia/Bangkok,92.84675721739127,18.29565217391304,17.36206896551724,26.23162460869567
23608,2023-10-27 01:00:00,Asia/Bangkok,92.95175258620692,20.42241379310345,19.20869565217391,26.0631117241379
23609,2023-10-27 02:00:00,Asia/Bangkok,93.17431646017705,17.625,16.69911504424779,25.98485008928571
23610,2023-10-27 03:00:00,Asia/Bangkok,93.68284999999999,16.25,15.37931034482759,25.9457932743363
23611,2023-10-27 04:00:00,Asia/Bangkok,93.79582026548671,15.51724137931035,14.66379310344828,25.81717017699115
23612,2023-10-27 05:00:00,Asia/Bangkok,93.32809295652173,13.71551724137931,13.01724137931035,25.63294052173916
23613,2023-10-27 06:00:00,Asia/Bangkok,92.81081868421056,15.93965517241379,15.12068965517241,25.46180307017543
23614,2023-10-27 07:00:00,Asia/Bangkok,92.87317741071426,12.83760683760684,12.17094017094017,25.34492776785713
23615,2023-10-27 08:00:00,Asia/Bangkok,94.37089526315789,12.31896551724138,11.82758620689655,25.85209377192985
23616,2023-10-27 09:00:00,Asia/Bangkok,90.67357376146785,8.422413793103448,7.956896551724138,27.83123550458714
23617,2023-10-27 10:00:00,Asia/Bangkok,78.53669895652176,3.752136752136752,3.521367521367521,30.31657730434782
23618,2023-10-27 11:00:00,Asia/Bangkok,72.60003087719298,2.594827586206896,2.456896551724138,31.90834973684212
23619,2023-10-27 12:00:00,Asia/Bangkok,66.63956887931033,2.452991452991453,2.264957264957265,33.58363387931035
23620,2023-10-27 13:00:00,Asia/Bangkok,62.01782626086957,2.946428571428572,2.785714285714286,34.51438217391305
23621,2023-10-27 14:00:00,Asia/Bangkok,58.18412230088499,3.155172413793104,3.0,35.6970310619469
23622,2023-10-27 15:00:00,Asia/Bangkok,58.22487173913045,4.120689655172414,3.948275862068965,35.40448504347825
23623,2023-10-27 16:00:00,Asia/Bangkok,59.73556799999999,2.376068376068376,2.264957264957265,34.74003634782608
23624,2023-10-27 17:00:00,Asia/Bangkok,63.72373303571426,2.241379310344827,1.974137931034483,33.58763526785717
23625,2023-10-27 18:00:00,Asia/Bangkok,73.27952939130434,7.146551724137931,6.732758620689655,31.27603730434783
23626,2023-10-27 19:00:00,Asia/Bangkok,78.7154986842105,7.478632478632479,7.085470085470085,29.7160600877193
23627,2023-10-27 20:00:00,Asia/Bangkok,80.40176684210525,8.71551724137931,8.318965517241379,29.1758997368421
23628,2023-10-27 21:00:00,Asia/Bangkok,82.60455125000001,10.85344827586207,10.31896551724138,28.96081321428572
23629,2023-10-27 22:00:00,Asia/Bangkok,82.68263318181822,7.931623931623932,7.461538461538462,28.53358055045871
23630,2023-10-27 23:00:00,Asia/Bangkok,82.08794699115043,5.260869565217392,4.947826086956522,28.5481814159292
23631,2023-10-28 00:00:00,Asia/Bangkok,83.51107443478259,8.448275862068966,7.931034482758621,28.49464817391304
23632,2023-10-28 01:00:00,Asia/Bangkok,86.73830382608696,8.422413793103448,7.905172413793103,27.95078499999999
23633,2023-10-28 02:00:00,Asia/Bangkok,88.62390913043484,9.128205128205128,8.615384615384615,27.29427686956523
23634,2023-10-28 03:00:00,Asia/Bangkok,89.86980628318585,12.55172413793103,11.73275862068965,27.09242477876105
23635,2023-10-28 04:00:00,Asia/Bangkok,90.41359009259257,17.99137931034483,17.18103448275862,26.68670935185183
23636,2023-10-28 05:00:00,Asia/Bangkok,90.35724648648646,12.06034482758621,11.43103448275862,26.33490099099099
23637,2023-10-28 06:00:00,Asia/Bangkok,89.20505297297296,7.008547008547009,6.487179487179487,26.15143819819819
23638,2023-10-28 07:00:00,Asia/Bangkok,90.85163548672564,10.33913043478261,9.878260869565217,25.96845460176992
23639,2023-10-28 08:00:00,Asia/Bangkok,92.02665643478257,20.11304347826087,18.78260869565218,26.60751539130434
23640,2023-10-28 09:00:00,Asia/Bangkok,87.07480473214285,13.37391304347826,12.6695652173913,28.5644607142857
23641,2023-10-28 10:00:00,Asia/Bangkok,78.45200556521738,9.086206896551724,8.810344827586206,31.05094086956521
23642,2023-10-28 11:00:00,Asia/Bangkok,72.0570291304348,7.336206896551724,7.077586206896552,32.93196895652174
23643,2023-10-28 12:00:00,Asia/Bangkok,69.82702208695652,6.543103448275862,6.318965517241379,33.37322513043478
23644,2023-10-28 13:00:00,Asia/Bangkok,70.23658236842108,6.232758620689655,6.043103448275862,33.57220026315789
23645,2023-10-28 14:00:00,Asia/Bangkok,83.01253910714284,7.525862068965517,7.103448275862069,30.11558714285716
23646,2023-10-28 15:00:00,Asia/Bangkok,84.94289681818184,9.817391304347826,9.310344827586206,29.83067363636365
23647,2023-10-28 16:00:00,Asia/Bangkok,76.64370530434782,8.043103448275861,7.629310344827586,32.17226895652175
23648,2023-10-28 17:00:00,Asia/Bangkok,78.60228652173913,10.7008547008547,10.23931623931624,31.35308252173913
23649,2023-10-28 18:00:00,Asia/Bangkok,82.56876939130433,42.06034482758621,38.78448275862069,29.90648573913043
23650,2023-10-28 19:00:00,Asia/Bangkok,87.22774307017544,24.27586206896552,22.56896551724138,29.05512885964912
23651,2023-10-28 20:00:00,Asia/Bangkok,87.5068117857143,24.55555555555556,23.36752136752137,28.27029517857143
23652,2023-10-28 21:00:00,Asia/Bangkok,88.35400991304348,12.07758620689655,11.60344827586207,27.51672704347823
23653,2023-10-28 22:00:00,Asia/Bangkok,88.83681704347828,7.827586206896552,7.353448275862069,27.07644678260868
23654,2023-10-28 23:00:00,Asia/Bangkok,90.14749070175439,8.897435897435898,8.23076923076923,27.05455947368421
23655,2023-10-29 00:00:00,Asia/Bangkok,90.70476456140352,9.129310344827585,8.689655172413794,26.97660640350878
23656,2023-10-29 01:00:00,Asia/Bangkok,89.89974747826088,6.801724137931035,6.491379310344827,27.01212695652172
23657,2023-10-29 02:00:00,Asia/Bangkok,89.97490499999996,7.836206896551724,7.362068965517241,26.87943598214287
23658,2023-10-29 03:00:00,Asia/Bangkok,90.13848973913043,7.974137931034483,7.53448275862069,26.64350895652175
23659,2023-10-29 04:00:00,Asia/Bangkok,90.36171863636363,7.230769230769231,6.923076923076923,26.35191754545458
23660,2023-10-29 05:00:00,Asia/Bangkok,90.60781442477872,7.551724137931035,7.198275862068965,26.27462008849557
23661,2023-10-29 06:00:00,Asia/Bangkok,91.12246963302753,10.94827586206897,10.37068965517241,25.98417596330275
23662,2023-10-29 07:00:00,Asia/Bangkok,92.65360347826085,15.22413793103448,14.47413793103448,25.70104739130434
23663,2023-10-29 08:00:00,Asia/Bangkok,93.46865451327432,18.78632478632479,17.69230769230769,25.98265734513276
23664,2023-10-29 09:00:00,Asia/Bangkok,92.87227269565219,14.51304347826087,13.8,26.38704034782608
23665,2023-10-29 10:00:00,Asia/Bangkok,90.49414327586206,9.913793103448276,9.448275862068966,27.72951422413794
23666,2023-10-29 11:00:00,Asia/Bangkok,84.04444394736839,9.474137931034482,9.094827586206897,29.27280831858405
23667,2023-10-29 12:00:00,Asia/Bangkok,81.90537473214283,11.69230769230769,11.05128205128205,29.91049714285716
23668,2023-10-29 13:00:00,Asia/Bangkok,80.05907734513278,5.931034482758621,5.603448275862069,30.37652867256637
23669,2023-10-29 14:00:00,Asia/Bangkok,78.18331339130437,4.94017094017094,4.666666666666667,31.31298
23670,2023-10-29 15:00:00,Asia/Bangkok,74.52619277777778,3.956896551724138,3.775862068965517,32.21391620370372
23671,2023-10-29 16:00:00,Asia/Bangkok,72.07667973451328,3.426086956521739,3.173913043478261,32.33336070796459
23672,2023-10-29 17:00:00,Asia/Bangkok,74.11198378378378,3.094827586206896,2.879310344827586,31.62929621621619
23673,2023-10-29 18:00:00,Asia/Bangkok,77.4607774336283,10.93965517241379,10.5,30.84624920353986
23674,2023-10-29 19:00:00,Asia/Bangkok,81.1195898214286,30.81739130434783,27.79130434782609,29.90758571428569
23675,2023-10-29 20:00:00,Asia/Bangkok,84.683715625,25.95652173913043,24.1304347826087,28.81962098214288
23676,2023-10-29 21:00:00,Asia/Bangkok,87.0790703478261,20.76724137931035,19.58620689655172,28.33746965217391
23677,2023-10-29 22:00:00,Asia/Bangkok,88.03178086956521,20.27433628318584,19.24778761061947,28.13800652173914
23678,2023-10-29 23:00:00,Asia/Bangkok,89.34887026086962,33.53043478260869,30.54782608695652,27.91599973913043
23679,2023-10-30 00:00:00,Asia/Bangkok,90.94167743362833,45.59649122807018,38.87826086956522,27.49495517543859
23680,2023-10-30 01:00:00,Asia/Bangkok,91.40873660714284,43.94871794871795,37.42735042735043,27.45925517857145
23681,2023-10-30 02:00:00,Asia/Bangkok,91.22087743362827,27.26724137931035,25.86206896551724,27.36220168141594
23682,2023-10-30 03:00:00,Asia/Bangkok,91.6002256756757,22.97435897435897,21.94871794871795,27.01602612612615
23683,2023-10-30 04:00:00,Asia/Bangkok,92.08931052173912,18.91379310344828,18.01724137931035,26.46450217391305
23684,2023-10-30 05:00:00,Asia/Bangkok,92.45742392857142,15.04385964912281,13.89473684210526,26.50032008928573
23685,2023-10-30 06:00:00,Asia/Bangkok,93.06698568965517,17.50862068965517,16.5,26.39172586206896
23686,2023-10-30 07:00:00,Asia/Bangkok,93.90281728070175,15.61739130434783,14.77391304347826,26.14252965217391
23687,2023-10-30 08:00:00,Asia/Bangkok,93.9856634513275,9.956896551724139,9.560344827586206,26.06572285714287
23688,2023-10-30 09:00:00,Asia/Bangkok,92.5981412173913,4.96551724137931,4.732758620689655,26.71820669565217
23689,2023-10-30 10:00:00,Asia/Bangkok,90.00812062499999,16.76724137931035,15.97413793103448,27.96037
23690,2023-10-30 11:00:00,Asia/Bangkok,88.57953526785708,5.655172413793103,5.327586206896552,28.67210741071427
23691,2023-10-30 12:00:00,Asia/Bangkok,91.33311761061945,2.913793103448276,2.594827586206896,26.32124584070797
23692,2023-10-30 13:00:00,Asia/Bangkok,90.75019646017698,1.612068965517241,1.405172413793103,26.64369504424779
23693,2023-10-30 14:00:00,Asia/Bangkok,91.88105431034482,2.384615384615385,2.136752136752137,27.96781818965518
23694,2023-10-30 15:00:00,Asia/Bangkok,86.38602157894732,3.36283185840708,3.221238938053097,29.81804666666666
23695,2023-10-30 16:00:00,Asia/Bangkok,80.49488205357143,3.155172413793104,3.051724137931035,30.04005464285715
23696,2023-10-30 17:00:00,Asia/Bangkok,85.14278098214287,2.777777777777778,2.401709401709402,28.12123054054055
23697,2023-10-30 18:00:00,Asia/Bangkok,88.10779300884958,4.887931034482759,4.508620689655173,27.51448265486724
23698,2023-10-30 19:00:00,Asia/Bangkok,89.29868745614033,10.50862068965517,9.870689655172415,26.98667728070176
23699,2023-10-30 20:00:00,Asia/Bangkok,91.17912061403509,10.97391304347826,10.43965517241379,26.66132315789472
23700,2023-10-30 21:00:00,Asia/Bangkok,93.32292221238939,8.663793103448276,8.068965517241379,26.35286451327434
23701,2023-10-30 22:00:00,Asia/Bangkok,94.39247824074073,5.086206896551724,4.517241379310345,26.37044953703702
23702,2023-10-30 23:00:00,Asia/Bangkok,94.07080598214283,4.482758620689655,4.008620689655173,26.26431778761061
23703,2023-10-31 00:00:00,Asia/Bangkok,94.38608655172412,7.887931034482759,7.163793103448276,26.02171373913045
23704,2023-10-31 01:00:00,Asia/Bangkok,94.7365785714286,5.538461538461538,5.017094017094017,26.01987517857142
23705,2023-10-31 02:00:00,Asia/Bangkok,94.2495687719298,5.71551724137931,5.275862068965517,26.01855176991153
23706,2023-10-31 03:00:00,Asia/Bangkok,94.08712739130432,5.96551724137931,5.525862068965517,25.7516436521739
23707,2023-10-31 04:00:00,Asia/Bangkok,94.20109525862073,9.974137931034482,9.267241379310345,25.55487663793109
23708,2023-10-31 05:00:00,Asia/Bangkok,94.51932999999998,6.752136752136752,6.384615384615385,25.54481669565222
23709,2023-10-31 06:00:00,Asia/Bangkok,95.11645433628318,6.426086956521739,5.852173913043479,25.66137168141592
23710,2023-10-31 07:00:00,Asia/Bangkok,94.69793131578942,14.81896551724138,13.92241379310345,25.83843991228071
23711,2023-10-31 08:00:00,Asia/Bangkok,95.31910132743361,12.01724137931035,11.43103448275862,26.42222194690266
23712,2023-10-31 09:00:00,Asia/Bangkok,92.97521324324325,8.448275862068966,7.982758620689655,27.87432392857144
23713,2023-10-31 10:00:00,Asia/Bangkok,84.71925403508772,5.704347826086956,5.330434782608696,30.34712403508772
23714,2023-10-31 11:00:00,Asia/Bangkok,79.65953782608692,6.128205128205129,5.863247863247863,31.13797043478259
23715,2023-10-31 12:00:00,Asia/Bangkok,83.80527267857146,9.517241379310345,8.64655172413793,29.41507866071428
23716,2023-10-31 13:00:00,Asia/Bangkok,84.43086491071429,6.905172413793103,6.646551724137931,29.62183776785715
23717,2023-10-31 14:00:00,Asia/Bangkok,84.97390468468467,9.525862068965518,9.198275862068966,30.47321162162162
23718,2023-10-31 15:00:00,Asia/Bangkok,84.57630428571431,9.730434782608695,9.365217391304348,29.75411321428572
23719,2023-10-31 16:00:00,Asia/Bangkok,91.2082566956522,9.405172413793103,8.862068965517242,27.41207339130438
23720,2023-10-31 17:00:00,Asia/Bangkok,91.55777324561404,9.605263157894736,9.017543859649123,27.72468424778759
23721,2023-10-31 18:00:00,Asia/Bangkok,91.96146782608695,14.06896551724138,13.30172413793103,27.49659608695649
23722,2023-10-31 19:00:00,Asia/Bangkok,92.64633370689651,18.12931034482759,16.93965517241379,26.87459594827587
23723,2023-10-31 20:00:00,Asia/Bangkok,92.94758973684208,17.49137931034483,16.5,26.63185631578947
23724,2023-10-31 21:00:00,Asia/Bangkok,93.3396047272727,25.36206896551724,23.86206896551724,26.44656609090909
23725,2023-10-31 22:00:00,Asia/Bangkok,93.8860325438596,31.92241379310345,29.57758620689655,26.32097236842105
23726,2023-10-31 23:00:00,Asia/Bangkok,93.85334675438597,25.97413793103448,24.38793103448276,26.24116298245615
23727,2023-11-01 00:00:00,Asia/Bangkok,94.84375017391305,18.8695652173913,17.88695652173913,26.04052234782607
23728,2023-11-01 01:00:00,Asia/Bangkok,95.39235105263157,13.61538461538461,12.94871794871795,26.08970315789475
23729,2023-11-01 02:00:00,Asia/Bangkok,94.75434991228069,13.55172413793103,13.05172413793103,25.82279140350878
23730,2023-11-01 03:00:00,Asia/Bangkok,94.86819008849551,14.30172413793103,13.51724137931035,25.63729185840709
23731,2023-11-01 04:00:00,Asia/Bangkok,94.82977221238934,6.508620689655173,6.094827586206897,25.56067584070799
23732,2023-11-01 05:00:00,Asia/Bangkok,94.67483956521741,6.094827586206897,5.689655172413793,25.54823060869566
23733,2023-11-01 06:00:00,Asia/Bangkok,95.13230931623929,6.282051282051282,5.726495726495727,25.43727444444444
23734,2023-11-01 07:00:00,Asia/Bangkok,95.05569858407075,7.669642857142857,6.991150442477876,25.46092761061949
23735,2023-11-01 08:00:00,Asia/Bangkok,95.34227738317757,7.318965517241379,6.689655172413793,25.64434990654206
23736,2023-11-01 09:00:00,Asia/Bangkok,95.19093690265485,7.521739130434782,6.6,26.85219221238938
23737,2023-11-01 10:00:00,Asia/Bangkok,88.49472446428567,3.191304347826087,2.713043478260869,29.08123821428571
23738,2023-11-01 11:00:00,Asia/Bangkok,86.52947400000004,3.773913043478261,3.539130434782609,29.22822400000001
23739,2023-11-01 12:00:00,Asia/Bangkok,88.00854250000005,4.905172413793103,4.560344827586207,28.85281490740741
23740,2023-11-01 13:00:00,Asia/Bangkok,93.21530552631577,5.922413793103448,5.551724137931035,26.04573754385963
23741,2023-11-01 14:00:00,Asia/Bangkok,93.51247408695652,4.829059829059829,4.52991452991453,26.66714521739128
23742,2023-11-01 15:00:00,Asia/Bangkok,91.7910464347826,4.387931034482759,4.120689655172414,27.09295669565216
23743,2023-11-01 16:00:00,Asia/Bangkok,91.43533834862383,4.801724137931035,4.379310344827586,27.32519559633026
23744,2023-11-01 17:00:00,Asia/Bangkok,91.88389879310344,4.362068965517241,3.905172413793104,27.32864413793101
23745,2023-11-01 18:00:00,Asia/Bangkok,91.97163798245614,6.564102564102564,6.119658119658119,26.91914824561402
23746,2023-11-01 19:00:00,Asia/Bangkok,92.30373778761067,14.28695652173913,13.4695652173913,26.59374035398231
23747,2023-11-01 20:00:00,Asia/Bangkok,93.69447728070173,37.87068965517241,33.45689655172414,26.3031692982456
23748,2023-11-01 21:00:00,Asia/Bangkok,95.04900626086956,13.45689655172414,12.66379310344828,26.22900069565218
23749,2023-11-01 22:00:00,Asia/Bangkok,94.85562843478263,15.93965517241379,14.95689655172414,26.39314573913042
23750,2023-11-01 23:00:00,Asia/Bangkok,95.11349749999994,14.58620689655172,13.75,26.34667594827585
23751,2023-11-02 00:00:00,Asia/Bangkok,95.98183131578946,8.387931034482758,7.844827586206897,25.88390398230089
23752,2023-11-02 01:00:00,Asia/Bangkok,96.17636885964912,5.982758620689655,5.672413793103448,25.75261570175438
23753,2023-11-02 02:00:00,Asia/Bangkok,95.56639818965516,5.422413793103448,5.112068965517241,25.83604577586208
23754,2023-11-02 03:00:00,Asia/Bangkok,94.91337973684213,7.695652173913044,7.217391304347826,25.65496166666668
23755,2023-11-02 04:00:00,Asia/Bangkok,94.76562982300888,7.643478260869565,7.017391304347826,25.3929896460177
23756,2023-11-02 05:00:00,Asia/Bangkok,95.15344254385961,6.356521739130435,5.826086956521739,25.14051877192982
23757,2023-11-02 06:00:00,Asia/Bangkok,95.11547864864869,5.827586206896552,5.577586206896552,25.09090981981981
23758,2023-11-02 07:00:00,Asia/Bangkok,94.97449508771929,6.145299145299146,5.863247863247863,24.99595955752213
23759,2023-11-02 08:00:00,Asia/Bangkok,95.51353646017701,6.25,5.982758620689655,25.26530743362833
23760,2023-11-02 09:00:00,Asia/Bangkok,95.92532601769906,8.267241379310345,7.974137931034483,26.17435318584072
23761,2023-11-02 10:00:00,Asia/Bangkok,94.07426413793101,8.17094017094017,7.837606837606837,26.79612043103449
23762,2023-11-02 11:00:00,Asia/Bangkok,88.2595732743363,3.870689655172414,3.525862068965517,28.1771478761062
23763,2023-11-02 12:00:00,Asia/Bangkok,80.22881798245612,2.530434782608696,2.339130434782609,30.92250833333333
23764,2023-11-02 13:00:00,Asia/Bangkok,83.16499603603604,2.051724137931035,1.758620689655172,29.18887990990991
23765,2023-11-02 14:00:00,Asia/Bangkok,92.92254578947363,2.612068965517242,2.362068965517242,26.66841728070176
23766,2023-11-02 15:00:00,Asia/Bangkok,88.23406785714283,1.982758620689655,1.629310344827586,28.64771705357141
23767,2023-11-02 16:00:00,Asia/Bangkok,88.90165424778765,4.427350427350428,4.025641025641026,28.17239884955752
23768,2023-11-02 17:00:00,Asia/Bangkok,91.1684024778761,3.922413793103448,3.370689655172414,27.310664159292
23769,2023-11-02 18:00:00,Asia/Bangkok,90.61447070796464,4.693693693693693,3.981981981981982,26.98915911504425
23770,2023-11-02 19:00:00,Asia/Bangkok,90.84133486956522,12.84347826086957,11.69565217391304,26.71744269565216
23771,2023-11-02 20:00:00,Asia/Bangkok,91.82278580357142,58.07826086956522,49.91304347826087,26.30095116071428
23772,2023-11-02 21:00:00,Asia/Bangkok,92.92781151785717,57.99130434782609,48.87826086956522,26.09211392857142
23773,2023-11-02 22:00:00,Asia/Bangkok,93.32517087719299,47.93043478260869,39.37391304347826,26.11446228070177
23774,2023-11-02 23:00:00,Asia/Bangkok,93.53305713043478,28.48717948717949,26.41025641025641,25.9229824347826
23775,2023-11-03 00:00:00,Asia/Bangkok,93.66025858407082,18.79310344827586,17.57758620689655,25.69894469026551
23776,2023-11-03 01:00:00,Asia/Bangkok,93.53624123893805,16.18965517241379,15.24137931034483,25.34879761061947
23777,2023-11-03 02:00:00,Asia/Bangkok,93.54892215517242,13.37068965517241,12.5,24.99854844827588
23778,2023-11-03 03:00:00,Asia/Bangkok,93.77825185840712,16.60683760683761,15.32758620689655,24.79036238938052
23779,2023-11-03 04:00:00,Asia/Bangkok,93.96067053571426,28.01724137931035,25.04273504273504,24.65106598214288
23780,2023-11-03 05:00:00,Asia/Bangkok,94.0693659649123,32.05172413793103,29.38793103448276,24.59755271929826
23781,2023-11-03 06:00:00,Asia/Bangkok,94.33844581196578,27.27586206896552,25.32758620689655,24.40718922413794
23782,2023-11-03 07:00:00,Asia/Bangkok,94.63187551724137,28.43589743589743,26.64957264957265,24.40578396551724
23783,2023-11-03 08:00:00,Asia/Bangkok,95.96904701754383,11.49137931034483,10.82758620689655,25.2866844736842
23784,2023-11-03 09:00:00,Asia/Bangkok,91.8190625438597,13.68103448275862,13.12931034482759,27.89337219298246
23785,2023-11-03 10:00:00,Asia/Bangkok,79.87472743362831,3.247863247863248,3.034188034188034,30.9471521238938
23786,2023-11-03 11:00:00,Asia/Bangkok,76.95842991379311,2.758620689655173,2.603448275862069,31.51451905172413
23787,2023-11-03 12:00:00,Asia/Bangkok,79.01539423423421,3.275862068965517,3.137931034482758,30.80892621621622
23788,2023-11-03 13:00:00,Asia/Bangkok,72.98125866071429,3.008620689655173,2.870689655172414,32.71627285714283
23789,2023-11-03 14:00:00,Asia/Bangkok,77.93562885964913,3.818965517241379,3.560344827586207,31.03269324561406
23790,2023-11-03 15:00:00,Asia/Bangkok,89.40658112068964,2.508620689655173,2.232758620689655,28.20734112068967
23791,2023-11-03 16:00:00,Asia/Bangkok,87.89390640350882,15.72413793103448,14.37931034482759,29.31012192982458
23792,2023-11-03 17:00:00,Asia/Bangkok,86.11735495575222,11.65811965811966,10.66666666666667,29.47608486725662
23793,2023-11-03 18:00:00,Asia/Bangkok,87.52750557522123,42.78448275862069,35.06896551724138,29.11934619469028
23794,2023-11-03 19:00:00,Asia/Bangkok,87.9930079130435,22.43965517241379,21.06034482758621,28.68516982608696
23795,2023-11-03 20:00:00,Asia/Bangkok,89.53516226086961,37.03448275862069,32.43103448275862,27.9336244347826
23796,2023-11-03 21:00:00,Asia/Bangkok,90.48445939655173,30.3448275862069,26.99137931034483,27.48340818965515
23797,2023-11-03 22:00:00,Asia/Bangkok,91.06462473684208,51.28448275862069,42.06034482758621,27.09812675438592
23798,2023-11-03 23:00:00,Asia/Bangkok,91.94956695652176,64.85470085470085,52.02564102564103,26.79574173913044
23799,2023-11-04 00:00:00,Asia/Bangkok,92.48156234234226,54.78448275862069,44.53448275862069,26.62968172727273
23800,2023-11-04 01:00:00,Asia/Bangkok,92.85013105263157,35.01709401709402,31.41880341880342,26.50365263157894
23801,2023-11-04 02:00:00,Asia/Bangkok,93.01706672566365,29.02586206896552,26.85344827586207,26.31775000000001
23802,2023-11-04 03:00:00,Asia/Bangkok,93.21386642857138,26.4051724137931,24.9051724137931,26.1521494642857
23803,2023-11-04 04:00:00,Asia/Bangkok,93.18650990740737,21.93805309734513,20.75221238938053,25.98777592592594
23804,2023-11-04 05:00:00,Asia/Bangkok,92.89344265486723,16.05217391304348,15.3304347826087,25.81257053571429
23805,2023-11-04 06:00:00,Asia/Bangkok,92.68743464912284,13.4695652173913,12.79130434782609,25.65348622807018
23806,2023-11-04 07:00:00,Asia/Bangkok,93.14009315789477,16.25862068965517,15.52586206896552,25.5683593859649
23807,2023-11-04 08:00:00,Asia/Bangkok,94.68774866071428,17.58771929824561,16.98260869565217,26.16040241071429
23808,2023-11-04 09:00:00,Asia/Bangkok,91.11489207207211,9.741379310344827,9.25,28.49313330275228
23809,2023-11-04 10:00:00,Asia/Bangkok,79.00323763157897,5.871794871794871,5.572649572649572,31.61330236842107
23810,2023-11-04 11:00:00,Asia/Bangkok,74.4520353097345,5.25,5.060344827586207,32.36464690265486
23811,2023-11-04 12:00:00,Asia/Bangkok,74.34796620689653,5.487179487179487,5.172413793103448,32.36267250000001
23812,2023-11-04 13:00:00,Asia/Bangkok,78.71726089285717,6.672413793103448,6.230769230769231,31.27963616071429
23813,2023-11-04 14:00:00,Asia/Bangkok,91.36158649122804,5.293103448275862,4.741379310344827,26.53508894736844
23814,2023-11-04 15:00:00,Asia/Bangkok,89.68445178571423,4.456896551724138,4.137931034482759,28.00810071428572
23815,2023-11-04 16:00:00,Asia/Bangkok,86.84993587719299,4.269565217391304,4.043103448275862,28.9130859649123
23816,2023-11-04 17:00:00,Asia/Bangkok,87.23997407079646,7.758620689655173,7.362068965517241,28.7999496460177
23817,2023-11-04 18:00:00,Asia/Bangkok,87.58602336206896,9.974358974358974,9.478632478632479,28.81783594827587
23818,2023-11-04 19:00:00,Asia/Bangkok,88.82133828828826,21.03448275862069,19.54310344827586,28.31014972972971
23819,2023-11-04 20:00:00,Asia/Bangkok,91.33650280701755,38.43103448275862,33.97413793103448,27.57070912280701
23820,2023-11-04 21:00:00,Asia/Bangkok,92.35952044642859,36.18103448275862,32.38793103448276,27.29984607142857
23821,2023-11-04 22:00:00,Asia/Bangkok,92.64557018348623,44.17948717948718,37.58974358974359,26.97447605504588
23822,2023-11-04 23:00:00,Asia/Bangkok,93.00631486238534,44.21551724137931,37.49137931034483,26.80739972477064
23823,2023-11-05 00:00:00,Asia/Bangkok,93.09989877192986,37.36206896551724,33.00862068965517,26.68559184210527
23824,2023-11-05 01:00:00,Asia/Bangkok,93.3362094642857,29.61206896551724,28.29310344827586,26.39982633928573
23825,2023-11-05 02:00:00,Asia/Bangkok,93.5417992857143,22.81034482758621,21.76724137931035,26.23526375000002
23826,2023-11-05 03:00:00,Asia/Bangkok,93.55009491228063,20.68103448275862,19.79310344827586,26.01887087719299
23827,2023-11-05 04:00:00,Asia/Bangkok,93.41608192982456,21.06837606837607,19.93162393162393,25.87783692982458
23828,2023-11-05 05:00:00,Asia/Bangkok,93.37977353982302,32.37391304347826,28.41228070175439,25.63320256637172
23829,2023-11-05 06:00:00,Asia/Bangkok,93.67211293103455,20.25862068965517,19.18965517241379,25.41661810344825
23830,2023-11-05 07:00:00,Asia/Bangkok,93.83772044247782,17.21551724137931,16.47008547008547,25.34199176991151
23831,2023-11-05 08:00:00,Asia/Bangkok,95.19176122807018,30.36206896551724,27.52586206896552,25.9484601754386
23832,2023-11-05 09:00:00,Asia/Bangkok,93.00768379310342,18.9051724137931,18.11206896551724,28.19039347826087
23833,2023-11-05 10:00:00,Asia/Bangkok,82.99916690265486,6.728070175438597,6.4,30.53148964285715
23834,2023-11-05 11:00:00,Asia/Bangkok,83.39180217391306,5.03448275862069,4.75,29.85855869565218
23835,2023-11-05 12:00:00,Asia/Bangkok,86.13952909909904,1.447368421052632,1.096491228070176,27.366008018018
23836,2023-11-05 13:00:00,Asia/Bangkok,84.94647086956526,1.663793103448276,1.077586206896552,28.66945333333334
23837,2023-11-05 14:00:00,Asia/Bangkok,81.95980774774772,1.513274336283186,1.070796460176991,30.04434765765765
23838,2023-11-05 15:00:00,Asia/Bangkok,78.54127796460176,2.560344827586207,2.224137931034483,31.14078610619466
23839,2023-11-05 16:00:00,Asia/Bangkok,80.64637353982302,4.130434782608695,3.713043478260869,30.29003734513275
23840,2023-11-05 17:00:00,Asia/Bangkok,81.72449241379309,5.922413793103448,5.474137931034483,29.96971336206896
23841,2023-11-05 18:00:00,Asia/Bangkok,83.38596285714284,9.02608695652174,8.486956521739131,29.49671437499999
23842,2023-11-05 19:00:00,Asia/Bangkok,87.07433206896549,32.2051282051282,27.97435897435897,28.48052051724137
23843,2023-11-05 20:00:00,Asia/Bangkok,89.51480991304348,39.08620689655172,33.83620689655172,27.79871486956522
23844,2023-11-05 21:00:00,Asia/Bangkok,90.95797557522121,41.56034482758621,35.20689655172414,27.44247778761063
23845,2023-11-05 22:00:00,Asia/Bangkok,91.57611769911506,47.42241379310344,41.41379310344828,27.33287557522121
23846,2023-11-05 23:00:00,Asia/Bangkok,92.06578900900897,48.24137931034483,39.63793103448276,26.95528854545456
23847,2023-11-06 00:00:00,Asia/Bangkok,92.6337464912281,52.21551724137931,41.43103448275862,26.57425491228071
23848,2023-11-06 01:00:00,Asia/Bangkok,93.0103920720721,40.10434782608696,34.50434782608696,26.39376846846849
23849,2023-11-06 02:00:00,Asia/Bangkok,92.67317464285716,29.75862068965517,28.17241379310345,26.25021864864865
23850,2023-11-06 03:00:00,Asia/Bangkok,92.1204678947368,21.27586206896552,20.19827586206896,25.98649912280703
23851,2023-11-06 04:00:00,Asia/Bangkok,92.22647631578945,21.47413793103448,20.43965517241379,25.73290203539823
23852,2023-11-06 05:00:00,Asia/Bangkok,92.91884643478257,15.57264957264957,14.72649572649573,25.55461695652177
23853,2023-11-06 06:00:00,Asia/Bangkok,93.43905575221238,23.64655172413793,20.43103448275862,25.59145678571428
23854,2023-11-06 07:00:00,Asia/Bangkok,94.21261557522121,44.99137931034483,36.36206896551724,25.69043796460174
23855,2023-11-06 08:00:00,Asia/Bangkok,94.98349646017697,10.23275862068965,9.568965517241379,26.5568014159292
23856,2023-11-06 09:00:00,Asia/Bangkok,89.56031743362837,5.82051282051282,5.384615384615385,29.05015592920354
23857,2023-11-06 10:00:00,Asia/Bangkok,81.23917036036033,3.336206896551724,2.982758620689655,30.99815882882881
23858,2023-11-06 11:00:00,Asia/Bangkok,78.26457974358978,3.128205128205128,2.854700854700855,31.8051158974359
23859,2023-11-06 12:00:00,Asia/Bangkok,75.17107857142857,2.283185840707965,2.070796460176991,32.36981821428574
23860,2023-11-06 13:00:00,Asia/Bangkok,70.43465964601769,2.474137931034483,2.181034482758621,33.29342160714285
23861,2023-11-06 14:00:00,Asia/Bangkok,75.89141042735041,3.965811965811966,3.58974358974359,32.24962205128205
23862,2023-11-06 15:00:00,Asia/Bangkok,70.84198617391304,1.568965517241379,1.379310344827586,33.26253200000001
23863,2023-11-06 16:00:00,Asia/Bangkok,72.05111208695652,3.03448275862069,2.681034482758621,32.63140672413792
23864,2023-11-06 17:00:00,Asia/Bangkok,71.71380316239315,2.735042735042735,2.41025641025641,32.30857456896551
23865,2023-11-06 18:00:00,Asia/Bangkok,77.47203156521736,3.068965517241379,2.818965517241379,31.07370964912282
23866,2023-11-06 19:00:00,Asia/Bangkok,81.69380464912281,30.13793103448276,27.53448275862069,30.19942947826089
23867,2023-11-06 20:00:00,Asia/Bangkok,85.14867537037036,29.1025641025641,26.68376068376068,29.36311616822431
23868,2023-11-06 21:00:00,Asia/Bangkok,86.54237499999999,43.06194690265487,37.34513274336283,29.22681527272728
23869,2023-11-06 22:00:00,Asia/Bangkok,88.10475504504504,36.75652173913043,32.16521739130435,28.68310567567567
23870,2023-11-06 23:00:00,Asia/Bangkok,89.08919871794876,40.51282051282051,34.93103448275862,28.3165475862069
23871,2023-11-07 00:00:00,Asia/Bangkok,89.60633333333334,27.71929824561403,26.46956521739131,28.16129592592592
23872,2023-11-07 01:00:00,Asia/Bangkok,90.0719753913043,28.07758620689655,26.55172413793104,27.91207669565215
23873,2023-11-07 02:00:00,Asia/Bangkok,90.97770087719299,32.51327433628319,30.20353982300885,27.44131403508771
23874,2023-11-07 03:00:00,Asia/Bangkok,91.30763271929827,26.74782608695652,25.34782608695652,27.16835333333331
23875,2023-11-07 04:00:00,Asia/Bangkok,91.99363315789473,21.04347826086957,20.05217391304348,26.86377394736841
23876,2023-11-07 05:00:00,Asia/Bangkok,92.49856840707966,19.38793103448276,18.29310344827586,26.72621849557523
23877,2023-11-07 06:00:00,Asia/Bangkok,92.27147684210529,30.23893805309735,27.9646017699115,26.46814236842107
23878,2023-11-07 07:00:00,Asia/Bangkok,92.65379281818184,37.54545454545455,32.57272727272727,26.4412737272727
23879,2023-11-07 08:00:00,Asia/Bangkok,93.45439026315793,13.52991452991453,12.87179487179487,27.17367289473684
23880,2023-11-07 09:00:00,Asia/Bangkok,86.92373362831859,5.876106194690266,5.36283185840708,29.53925097345133
23881,2023-11-07 10:00:00,Asia/Bangkok,78.87587434782611,2.646551724137931,2.456896551724138,31.39720191304346
23882,2023-11-07 11:00:00,Asia/Bangkok,74.33143068376069,2.991452991452991,2.649572649572649,32.83113974358973
23883,2023-11-07 12:00:00,Asia/Bangkok,83.21040144144146,4.068965517241379,3.594827586206896,31.13913324324325
23884,2023-11-07 13:00:00,Asia/Bangkok,82.87852791304351,2.71551724137931,2.448275862068965,31.5590684347826
23885,2023-11-07 14:00:00,Asia/Bangkok,84.09439426086958,2.387931034482758,2.232758620689655,31.23092104347825
23886,2023-11-07 15:00:00,Asia/Bangkok,77.33085669642858,2.896551724137931,2.71551724137931,33.07831669642857
23887,2023-11-07 16:00:00,Asia/Bangkok,74.68436660869567,3.28448275862069,3.137931034482758,33.37886730434784
23888,2023-11-07 17:00:00,Asia/Bangkok,76.03456137931038,5.64957264957265,5.324786324786325,32.69581913793103
23889,2023-11-07 18:00:00,Asia/Bangkok,82.09001129310343,7.163793103448276,6.793103448275862,30.33900034482759
23890,2023-11-07 19:00:00,Asia/Bangkok,84.38247203539824,14.53448275862069,13.75,29.27016318584072
23891,2023-11-07 20:00:00,Asia/Bangkok,85.99652108108107,13.32173913043478,12.67826086956522,28.78588437500002
23892,2023-11-07 21:00:00,Asia/Bangkok,86.1776078378379,12.84615384615385,12.31623931623932,28.31761609090911
23893,2023-11-07 22:00:00,Asia/Bangkok,89.18395946902652,18.87068965517241,17.70689655172414,27.65090433628317
23894,2023-11-07 23:00:00,Asia/Bangkok,90.62481495575221,23.93965517241379,22.63793103448276,27.62684902654871
23895,2023-11-08 00:00:00,Asia/Bangkok,91.49044313043478,22.55555555555556,21.52136752136752,27.54851626086956
23896,2023-11-08 01:00:00,Asia/Bangkok,91.07913756521732,24.05172413793104,22.82758620689655,27.3974209565217
23897,2023-11-08 02:00:00,Asia/Bangkok,90.69636026086955,22.52586206896552,21.33620689655172,27.27164422413789
23898,2023-11-08 03:00:00,Asia/Bangkok,91.17307477876103,20.69230769230769,19.88888888888889,27.11404035714283
23899,2023-11-08 04:00:00,Asia/Bangkok,91.26307896551727,18.88034188034188,18.11111111111111,26.83739594827588
23900,2023-11-08 05:00:00,Asia/Bangkok,91.0638175221239,15.36206896551724,14.83620689655172,26.65336106194688
23901,2023-11-08 06:00:00,Asia/Bangkok,91.35953279279279,14.80172413793103,14.20689655172414,26.57075630630629
23902,2023-11-08 07:00:00,Asia/Bangkok,91.89850826086955,16.3448275862069,15.6551724137931,26.41207130434783
23903,2023-11-08 08:00:00,Asia/Bangkok,92.76284796460176,14.28205128205128,13.67521367521367,26.74788530973449
23904,2023-11-08 09:00:00,Asia/Bangkok,86.60458692982455,12.66379310344828,12.18965517241379,29.11129947368421
23905,2023-11-08 10:00:00,Asia/Bangkok,76.66647460869562,6.172413793103448,6.008620689655173,31.77778252173912
23906,2023-11-08 11:00:00,Asia/Bangkok,72.03533973684212,6.904347826086957,6.565217391304348,33.1178710619469
23907,2023-11-08 12:00:00,Asia/Bangkok,70.493144,6.330434782608696,6.121739130434783,33.27669639639641
23908,2023-11-08 13:00:00,Asia/Bangkok,71.99178913793105,11.10619469026549,10.2212389380531,32.78863560344827
23909,2023-11-08 14:00:00,Asia/Bangkok,81.95264578947366,10.39655172413793,10.12068965517241,31.26220407079645
23910,2023-11-08 15:00:00,Asia/Bangkok,71.81979485981307,8.859649122807017,8.675438596491228,33.07537420560748
23911,2023-11-08 16:00:00,Asia/Bangkok,76.53779477876103,10.1551724137931,9.827586206896552,30.99689433628319
23912,2023-11-08 17:00:00,Asia/Bangkok,80.44629313043474,11.04310344827586,10.57758620689655,30.17414460869566
23913,2023-11-08 18:00:00,Asia/Bangkok,79.6227082142857,11.0948275862069,10.43103448275862,29.69329464285716
23914,2023-11-08 19:00:00,Asia/Bangkok,82.32477199999997,15.43103448275862,14.66379310344828,29.07671017391306
23915,2023-11-08 20:00:00,Asia/Bangkok,84.98980629310346,13.08547008547009,12.41025641025641,28.42637594827586
23916,2023-11-08 21:00:00,Asia/Bangkok,87.65752631578947,22.62931034482759,21.5,27.90698228070175
23917,2023-11-08 22:00:00,Asia/Bangkok,88.76283139130433,26.20689655172414,25.08620689655172,27.62063808695655
23918,2023-11-08 23:00:00,Asia/Bangkok,88.8136218421053,24.31623931623932,23.29059829059829,27.47684754385962
23919,2023-11-09 00:00:00,Asia/Bangkok,89.0259554464286,15.35652173913043,14.68695652173913,27.13774080357143
23920,2023-11-09 01:00:00,Asia/Bangkok,89.81129763157897,15.37068965517241,14.80172413793103,26.83121631578949
23921,2023-11-09 02:00:00,Asia/Bangkok,90.32058999999998,14.31896551724138,13.66379310344828,26.53331848214284
23922,2023-11-09 03:00:00,Asia/Bangkok,90.69404769911506,16.15652173913044,15.3304347826087,26.29553460176993
23923,2023-11-09 04:00:00,Asia/Bangkok,91.43982278260872,15.96581196581197,15.29059829059829,26.18973278260872
23924,2023-11-09 05:00:00,Asia/Bangkok,91.47909816513761,17.62608695652174,16.66086956521739,26.12795495412843
23925,2023-11-09 06:00:00,Asia/Bangkok,92.12428192982458,17.82758620689655,16.85344827586207,25.98746008771931
23926,2023-11-09 07:00:00,Asia/Bangkok,92.3846792920354,16.50862068965517,15.8448275862069,25.8466149557522
23927,2023-11-09 08:00:00,Asia/Bangkok,93.11569359649124,17.22413793103448,16.51724137931035,26.28887894736842
23928,2023-11-09 09:00:00,Asia/Bangkok,92.92816741071432,16.06896551724138,15.39655172413793,27.63501955357143
23929,2023-11-09 10:00:00,Asia/Bangkok,82.00975843478258,6.794871794871795,6.560344827586207,30.60448713043479
23930,2023-11-09 11:00:00,Asia/Bangkok,75.2798669642857,4.560344827586207,4.333333333333333,32.37411133928573
23931,2023-11-09 12:00:00,Asia/Bangkok,74.7280212037037,4.517857142857143,4.330357142857143,32.23210908256881
23932,2023-11-09 13:00:00,Asia/Bangkok,74.49689982758626,12.0,11.22413793103448,31.85993655172411
23933,2023-11-09 14:00:00,Asia/Bangkok,78.56877140350872,7.155172413793103,6.767241379310345,30.52118605263162
23934,2023-11-09 15:00:00,Asia/Bangkok,76.68341175438596,3.504424778761062,3.247787610619469,31.00566263157894
23935,2023-11-09 16:00:00,Asia/Bangkok,72.24758060869564,4.410256410256411,4.188034188034188,32.74873791304346
23936,2023-11-09 17:00:00,Asia/Bangkok,73.66558884955752,1.379310344827586,1.21551724137931,31.72511575221239
23937,2023-11-09 18:00:00,Asia/Bangkok,79.8203946956522,10.73043478260869,10.0,30.03900547826092
23938,2023-11-09 19:00:00,Asia/Bangkok,81.538830877193,16.96551724137931,15.86206896551724,29.60399582608695
23939,2023-11-09 20:00:00,Asia/Bangkok,84.04857088495572,25.63247863247863,23.2991452991453,28.67847428571428
23940,2023-11-09 21:00:00,Asia/Bangkok,86.64557105263158,46.19130434782609,38.78947368421053,28.20796265486724
23941,2023-11-09 22:00:00,Asia/Bangkok,88.64440686956516,57.83478260869565,49.06034482758621,27.78657217391303
23942,2023-11-09 23:00:00,Asia/Bangkok,88.85786035714285,30.66086956521739,27.12173913043478,27.78305362831855
23943,2023-11-10 00:00:00,Asia/Bangkok,88.27710747826085,13.8448275862069,13.23275862068965,27.55121850877193
23944,2023-11-10 01:00:00,Asia/Bangkok,88.40837044247792,18.83478260869565,17.90434782608695,27.37528140350875
23945,2023-11-10 02:00:00,Asia/Bangkok,89.07088869158878,15.03448275862069,14.21551724137931,27.04219669811319
23946,2023-11-10 03:00:00,Asia/Bangkok,91.56523625,15.96521739130435,15.11304347826087,26.37650866071429
23947,2023-11-10 04:00:00,Asia/Bangkok,91.14479629310345,17.48717948717949,15.97435897435897,26.31251362068966
23948,2023-11-10 05:00:00,Asia/Bangkok,90.93519061403511,13.83185840707965,12.98230088495575,26.14535833333334
23949,2023-11-10 06:00:00,Asia/Bangkok,91.06046080357144,11.78448275862069,11.30434782608696,26.10539272727272
23950,2023-11-10 07:00:00,Asia/Bangkok,91.29782175438598,12.46551724137931,11.73504273504273,26.06393754385964
23951,2023-11-10 08:00:00,Asia/Bangkok,91.92847243243249,12.53448275862069,11.87931034482759,26.2700891891892
23952,2023-11-10 09:00:00,Asia/Bangkok,90.82082758928571,12.79130434782609,12.16521739130435,27.29419927927928
23953,2023-11-10 10:00:00,Asia/Bangkok,86.39788964285712,12.77586206896552,12.13793103448276,28.87872473214285
23954,2023-11-10 11:00:00,Asia/Bangkok,82.95594922413794,11.01724137931035,10.52586206896552,29.96577603448278
23955,2023-11-10 12:00:00,Asia/Bangkok,82.99688554545453,11.64655172413793,11.12068965517241,30.15463327272726
23956,2023-11-10 13:00:00,Asia/Bangkok,84.79631298245612,19.63793103448276,17.93965517241379,29.89637447368422
23957,2023-11-10 14:00:00,Asia/Bangkok,80.8541862727273,8.102564102564102,7.743589743589744,31.02705363636363
23958,2023-11-10 15:00:00,Asia/Bangkok,74.19362621621622,4.991379310344827,4.818965517241379,32.65111693693695
23959,2023-11-10 16:00:00,Asia/Bangkok,76.78263517543859,5.387931034482759,5.051724137931035,31.91146824561403
23960,2023-11-10 17:00:00,Asia/Bangkok,77.76923901785712,5.5,5.146551724137931,31.51637153153152
23961,2023-11-10 18:00:00,Asia/Bangkok,80.3212348695652,68.13675213675214,65.11965811965813,30.77647895652175
23962,2023-11-10 19:00:00,Asia/Bangkok,83.52270596491233,99.17241379310344,94.00862068965517,29.90726824561402
23963,2023-11-10 20:00:00,Asia/Bangkok,86.34217663636365,105.7913043478261,101.1739130434783,29.07810081818184
23964,2023-11-10 21:00:00,Asia/Bangkok,87.22551000000001,33.99145299145299,31.09401709401709,28.59230168141592
23965,2023-11-10 22:00:00,Asia/Bangkok,87.03669578947371,26.1551724137931,24.96551724137931,28.4975877876106
23966,2023-11-10 23:00:00,Asia/Bangkok,88.40262573913043,29.12931034482759,27.73275862068965,28.13612669565216
23967,2023-11-11 00:00:00,Asia/Bangkok,89.27362252252254,28.02608695652174,26.24347826086957,28.01674999999998
23968,2023-11-11 01:00:00,Asia/Bangkok,89.15654956140345,25.42241379310345,24.14655172413793,27.90422817391304
23969,2023-11-11 02:00:00,Asia/Bangkok,89.53753307017543,25.81034482758621,24.5,27.78137469026549
23970,2023-11-11 03:00:00,Asia/Bangkok,89.74286009433969,19.95726495726496,18.93162393162393,27.56908424528305
23971,2023-11-11 04:00:00,Asia/Bangkok,91.70847657894734,14.27586206896552,13.51724137931035,27.03847140350879
23972,2023-11-11 05:00:00,Asia/Bangkok,93.3562938181819,4.362068965517241,3.922413793103448,26.70212072727272
23973,2023-11-11 06:00:00,Asia/Bangkok,92.42102008928568,2.146551724137931,1.870689655172414,26.40061241071428
23974,2023-11-11 07:00:00,Asia/Bangkok,92.22693217391301,1.782608695652174,1.573913043478261,26.2168314782609
23975,2023-11-11 08:00:00,Asia/Bangkok,92.55186964912285,4.060344827586207,3.741379310344827,26.36388289473685
23976,2023-11-11 09:00:00,Asia/Bangkok,94.68633223214285,2.634782608695652,2.478260869565217,26.81780973451327
23977,2023-11-11 10:00:00,Asia/Bangkok,87.88265182608697,0.6637931034482759,0.5689655172413793,29.64461464912279
23978,2023-11-11 11:00:00,Asia/Bangkok,76.9021078761062,1.146551724137931,1.0,32.28631106194693
23979,2023-11-11 12:00:00,Asia/Bangkok,89.62804669642854,0.6695652173913044,0.4608695652173913,27.43908303571428
23980,2023-11-11 13:00:00,Asia/Bangkok,88.93909675438596,0.3275862068965517,0.1637931034482759,28.33083710526314
23981,2023-11-11 14:00:00,Asia/Bangkok,82.36047441441438,0.4224137931034483,0.3189655172413793,29.90416693693695
23982,2023-11-11 15:00:00,Asia/Bangkok,87.5417435714286,1.241379310344828,1.03448275862069,27.99732544642858
23983,2023-11-11 16:00:00,Asia/Bangkok,93.85386162393162,0.282051282051282,0.1538461538461539,25.78083136752138
23984,2023-11-11 17:00:00,Asia/Bangkok,91.83422353982297,0.6120689655172413,0.5172413793103449,26.51043672566373
23985,2023-11-11 18:00:00,Asia/Bangkok,91.79341477876105,1.413793103448276,1.232758620689655,26.43365973451327
23986,2023-11-11 19:00:00,Asia/Bangkok,92.24579810344828,5.163793103448276,4.672413793103448,26.19483215517243
23987,2023-11-11 20:00:00,Asia/Bangkok,92.64666267241383,6.629310344827586,6.146551724137931,26.05890017241376
23988,2023-11-11 21:00:00,Asia/Bangkok,92.75114453703702,6.617391304347827,6.191304347826087,26.03403555555554
23989,2023-11-11 22:00:00,Asia/Bangkok,93.21460652173911,26.21551724137931,24.00862068965517,25.99338547826085
23990,2023-11-11 23:00:00,Asia/Bangkok,93.66955208695654,15.42241379310345,14.81034482758621,25.80792799999998
23991,2023-11-12 00:00:00,Asia/Bangkok,94.53368669565208,9.327586206896552,8.801724137931034,25.44232573913045
23992,2023-11-12 01:00:00,Asia/Bangkok,95.19452696428571,8.543103448275861,8.051724137931034,25.31588821428572
23993,2023-11-12 02:00:00,Asia/Bangkok,94.73133294642857,8.922413793103448,8.39655172413793,25.3950432142857
23994,2023-11-12 03:00:00,Asia/Bangkok,94.72540571428571,8.730434782608695,8.278260869565218,25.36415920353979
23995,2023-11-12 04:00:00,Asia/Bangkok,94.67045919642855,7.658119658119658,7.205128205128205,25.40355517857143
23996,2023-11-12 05:00:00,Asia/Bangkok,94.83434624999995,9.434782608695652,8.956521739130435,25.30964107142857
23997,2023-11-12 06:00:00,Asia/Bangkok,95.49954707964602,7.232758620689655,6.931034482758621,25.06628451327433
23998,2023-11-12 07:00:00,Asia/Bangkok,95.17116447368423,2.568965517241379,2.387931034482758,24.99278649122808
23999,2023-11-12 08:00:00,Asia/Bangkok,95.2176183035714,4.356521739130435,4.28695652173913,25.14915571428573
24000,2023-11-12 09:00:00,Asia/Bangkok,96.14408486486491,2.339130434782609,2.182608695652174,24.98643117117116
24001,2023-11-12 10:00:00,Asia/Bangkok,96.12467526315788,0.5603448275862069,0.4224137931034483,24.70504280701753
24002,2023-11-12 11:00:00,Asia/Bangkok,96.33381026548679,2.603448275862069,2.189655172413793,24.61211477876108
24003,2023-11-12 12:00:00,Asia/Bangkok,96.75469870689656,0.9310344827586207,0.6637931034482759,24.85128784482758
24004,2023-11-12 13:00:00,Asia/Bangkok,97.08242238938051,1.025862068965517,0.6810344827586207,25.46355097345134
24005,2023-11-12 14:00:00,Asia/Bangkok,96.51736445454547,1.370689655172414,0.8448275862068966,26.77375454545455
24006,2023-11-12 15:00:00,Asia/Bangkok,95.44017043103446,0.6923076923076923,0.3247863247863248,26.82736747826087
24007,2023-11-12 16:00:00,Asia/Bangkok,96.60153345132746,1.155172413793103,0.896551724137931,26.87171353982301
24008,2023-11-12 17:00:00,Asia/Bangkok,96.74422981651377,2.378378378378379,1.837837837837838,26.89711073394495
24009,2023-11-12 18:00:00,Asia/Bangkok,96.65116408695654,2.206896551724138,1.706896551724138,26.75847339130436
24010,2023-11-12 19:00:00,Asia/Bangkok,96.16597250000001,5.422413793103448,5.03448275862069,26.86914137931036
24011,2023-11-12 20:00:00,Asia/Bangkok,95.53098043859649,43.11304347826087,39.64347826086956,26.92214666666664
24012,2023-11-12 21:00:00,Asia/Bangkok,95.21430561403507,23.89565217391304,22.30434782608696,26.75236608695652
24013,2023-11-12 22:00:00,Asia/Bangkok,95.1040001801802,16.00854700854701,14.56410256410256,26.44426063636363
24014,2023-11-12 23:00:00,Asia/Bangkok,95.37630412280704,11.9051724137931,11.18965517241379,26.20035833333336
24015,2023-11-13 00:00:00,Asia/Bangkok,95.44186827586205,13.8448275862069,13.14655172413793,26.05093456896552
24016,2023-11-13 01:00:00,Asia/Bangkok,95.31091834782606,11.41379310344828,10.82758620689655,25.80904243478259
24017,2023-11-13 02:00:00,Asia/Bangkok,95.71251398230095,11.17241379310345,10.56896551724138,25.56686831858408
24018,2023-11-13 03:00:00,Asia/Bangkok,96.99420433628315,5.905982905982906,5.439655172413793,25.64064690265486
24019,2023-11-13 04:00:00,Asia/Bangkok,96.28466773913041,8.495652173913044,7.775862068965517,25.50333447368422
24020,2023-11-13 05:00:00,Asia/Bangkok,96.67500666666665,5.517241379310345,5.172413793103448,25.490215877193
24021,2023-11-13 06:00:00,Asia/Bangkok,96.63429904347826,7.146551724137931,6.879310344827586,25.53473956521744
24022,2023-11-13 07:00:00,Asia/Bangkok,96.71862139130432,19.8448275862069,18.77586206896552,25.59123739130438
24023,2023-11-13 08:00:00,Asia/Bangkok,97.22801999999999,5.71304347826087,5.434782608695652,25.83690168141596
24024,2023-11-13 09:00:00,Asia/Bangkok,97.29769473684209,3.586206896551724,3.318965517241379,27.04158210526316
24025,2023-11-13 10:00:00,Asia/Bangkok,93.07328525862067,1.060344827586207,0.9396551724137931,27.67276999999999
24026,2023-11-13 11:00:00,Asia/Bangkok,88.65254226086958,1.474137931034483,1.241379310344828,28.53793295652175
24027,2023-11-13 12:00:00,Asia/Bangkok,94.65711816513762,0.9914529914529915,0.7521367521367521,25.7661904587156
24028,2023-11-13 13:00:00,Asia/Bangkok,94.80383558558559,3.577586206896552,3.301724137931035,25.88618954954956
24029,2023-11-13 14:00:00,Asia/Bangkok,95.44049850877194,4.974137931034483,4.46551724137931,25.66861631578947
24030,2023-11-13 15:00:00,Asia/Bangkok,95.6010878260869,1.145299145299145,1.017094017094017,25.59937456140353
24031,2023-11-13 16:00:00,Asia/Bangkok,95.82422763636362,1.275862068965517,1.112068965517241,25.4083908181818
24032,2023-11-13 17:00:00,Asia/Bangkok,96.41189914529913,3.051282051282051,2.863247863247863,25.24087854700854
24033,2023-11-13 18:00:00,Asia/Bangkok,96.5049416814159,4.112068965517241,3.741379310344827,25.1863546902655
24034,2023-11-13 19:00:00,Asia/Bangkok,96.6364999130434,5.077586206896552,4.767241379310345,24.98829826086957
24035,2023-11-13 20:00:00,Asia/Bangkok,96.66268052173906,6.316239316239316,5.991452991452991,25.02422017543863
24036,2023-11-13 21:00:00,Asia/Bangkok,96.46658303571425,7.198275862068965,6.75,25.16217160714283
24037,2023-11-13 22:00:00,Asia/Bangkok,96.29728955357145,7.973451327433628,7.601769911504425,25.14472089285715
24038,2023-11-13 23:00:00,Asia/Bangkok,96.24250250000003,4.634782608695653,4.318965517241379,25.21502948275862
24039,2023-11-14 00:00:00,Asia/Bangkok,96.60065149122808,5.206896551724138,4.758620689655173,25.2241895614035
24040,2023-11-14 01:00:00,Asia/Bangkok,97.66777306306305,3.878260869565217,3.565217391304348,24.91736153153153
24041,2023-11-14 02:00:00,Asia/Bangkok,97.21821626086954,1.139130434782609,0.9478260869565217,24.4258339130435
24042,2023-11-14 03:00:00,Asia/Bangkok,96.66270336283188,1.094827586206897,0.8103448275862069,24.61958292035399
24043,2023-11-14 04:00:00,Asia/Bangkok,96.8225686086957,1.362068965517241,1.163793103448276,24.50720807017544
24044,2023-11-14 05:00:00,Asia/Bangkok,96.86991348214288,0.5,0.3362068965517241,24.49242419642857
24045,2023-11-14 06:00:00,Asia/Bangkok,96.52471182608694,4.706896551724138,4.379310344827586,24.45341886956523
24046,2023-11-14 07:00:00,Asia/Bangkok,96.25405787610626,9.273504273504274,8.965811965811966,24.34125840707966
24047,2023-11-14 08:00:00,Asia/Bangkok,97.5307394690266,9.11504424778761,8.63716814159292,25.1061268141593
24048,2023-11-14 09:00:00,Asia/Bangkok,94.76321026086956,1.96551724137931,1.732758620689655,26.97411591304347
24049,2023-11-14 10:00:00,Asia/Bangkok,88.39255465517238,2.094017094017094,1.846153846153846,28.83199206896552
24050,2023-11-14 11:00:00,Asia/Bangkok,85.85707643478254,1.525862068965517,1.327586206896552,29.67665017391305
24051,2023-11-14 12:00:00,Asia/Bangkok,83.0258899137931,1.681034482758621,1.387931034482759,30.801175
24052,2023-11-14 13:00:00,Asia/Bangkok,78.58657730434778,2.452991452991453,2.094017094017094,31.0805248245614
24053,2023-11-14 14:00:00,Asia/Bangkok,82.61847607142862,3.275862068965517,2.922413793103448,30.00834473214284
24054,2023-11-14 15:00:00,Asia/Bangkok,75.02002137931034,4.111111111111111,3.689655172413793,31.7553350862069
24055,2023-11-14 16:00:00,Asia/Bangkok,75.75046036697246,6.173913043478261,5.681034482758621,31.39394376146789
24056,2023-11-14 17:00:00,Asia/Bangkok,85.93448599999999,5.077586206896552,4.431034482758621,28.82960210526315
24057,2023-11-14 18:00:00,Asia/Bangkok,90.27513321739129,9.88034188034188,8.931623931623932,28.34694417391306
24058,2023-11-14 19:00:00,Asia/Bangkok,90.3399275454546,20.48275862068965,19.48275862068965,27.92954599999999
24059,2023-11-14 20:00:00,Asia/Bangkok,92.12124441441443,21.94827586206896,20.52586206896552,27.35470153153154
24060,2023-11-14 21:00:00,Asia/Bangkok,93.29911309090909,7.275862068965517,6.681034482758621,26.83279563636366
24061,2023-11-14 22:00:00,Asia/Bangkok,93.35974464912277,7.086206896551724,6.362068965517241,26.90865394736845
24062,2023-11-14 23:00:00,Asia/Bangkok,93.95219241379304,6.085470085470085,5.504273504273504,26.38772051724138
24063,2023-11-15 00:00:00,Asia/Bangkok,94.83163596491232,4.594827586206897,4.172413793103448,25.91817228070174
24064,2023-11-15 01:00:00,Asia/Bangkok,95.27505226086956,4.767241379310345,4.353448275862069,25.65927339130436
24065,2023-11-15 02:00:00,Asia/Bangkok,96.14442921739125,2.672413793103448,2.267241379310345,25.40626313043479
24066,2023-11-15 03:00:00,Asia/Bangkok,95.71290165217395,0.9827586206896551,0.6206896551724138,25.23409159292035
24067,2023-11-15 04:00:00,Asia/Bangkok,96.28497303571429,0.3189655172413793,0.1896551724137931,24.80277357142858
24068,2023-11-15 05:00:00,Asia/Bangkok,96.13490052173913,0.9401709401709402,0.6752136752136753,25.0327408695652
24069,2023-11-15 06:00:00,Asia/Bangkok,96.09070715596329,0.6982758620689655,0.4913793103448276,24.89916146788991
24070,2023-11-15 07:00:00,Asia/Bangkok,95.99953045871555,5.068376068376068,4.803418803418803,24.92787504587155
24071,2023-11-15 08:00:00,Asia/Bangkok,96.21674223214286,10.27433628318584,9.920353982300885,25.26578225225224
24072,2023-11-15 09:00:00,Asia/Bangkok,96.22663455357142,20.63478260869565,19.07826086956522,26.06267089285716
24073,2023-11-15 10:00:00,Asia/Bangkok,95.19884324561399,3.919642857142857,3.678571428571428,26.27731628318584
24074,2023-11-15 11:00:00,Asia/Bangkok,95.54394405172417,5.887931034482759,5.491379310344827,26.27107612068965
24075,2023-11-15 12:00:00,Asia/Bangkok,96.06748122807016,6.765217391304348,6.530434782608696,26.65769140350878
24076,2023-11-15 13:00:00,Asia/Bangkok,92.48752789473684,5.310344827586207,5.137931034482759,28.24518256637168
24077,2023-11-15 14:00:00,Asia/Bangkok,81.38898570175436,3.512820512820513,3.405172413793104,30.96408631578946
24078,2023-11-15 15:00:00,Asia/Bangkok,81.94142819819824,5.775862068965517,5.478632478632479,30.30370585585586
24079,2023-11-15 16:00:00,Asia/Bangkok,83.31694982456142,5.486725663716814,5.238938053097345,29.7294111403509
24080,2023-11-15 17:00:00,Asia/Bangkok,83.76234844827589,6.371681415929204,6.123893805309734,29.21101594827585
24081,2023-11-15 18:00:00,Asia/Bangkok,86.51854522123894,10.47413793103448,9.836206896551724,28.63148230088495
24082,2023-11-15 19:00:00,Asia/Bangkok,90.16287817391303,46.3421052631579,41.87719298245614,27.91158904347824
24083,2023-11-15 20:00:00,Asia/Bangkok,91.82977626086956,22.00862068965517,20.25862068965517,27.400186
24084,2023-11-15 21:00:00,Asia/Bangkok,93.05159747826085,16.05172413793104,15.07758620689655,27.05631495652174
24085,2023-11-15 22:00:00,Asia/Bangkok,93.13594812500003,9.89655172413793,9.448275862068966,26.98465026785713
24086,2023-11-15 23:00:00,Asia/Bangkok,94.10510939655177,12.36206896551724,11.81896551724138,26.79556913793106
24087,2023-11-16 00:00:00,Asia/Bangkok,94.16030405172413,14.23275862068965,13.5948275862069,26.65330681034483
24088,2023-11-16 01:00:00,Asia/Bangkok,94.1522950442478,15.35042735042735,14.83760683760684,26.44127026548672
24089,2023-11-16 02:00:00,Asia/Bangkok,94.32627486725663,16.78448275862069,16.19827586206896,26.1502492035398
24090,2023-11-16 03:00:00,Asia/Bangkok,94.80840922413799,13.82758620689655,13.29310344827586,26.0330040517241
24091,2023-11-16 04:00:00,Asia/Bangkok,96.07345600000002,3.655172413793104,3.336206896551724,25.22879586206896
24092,2023-11-16 05:00:00,Asia/Bangkok,96.17017078260871,1.623931623931624,1.350427350427351,25.34062176991148
24093,2023-11-16 06:00:00,Asia/Bangkok,95.54115228070177,3.387931034482758,2.982758620689655,25.46056166666668
24094,2023-11-16 07:00:00,Asia/Bangkok,95.86188373913035,4.491379310344827,4.120689655172414,25.35334443478258
24095,2023-11-16 08:00:00,Asia/Bangkok,96.44748834782611,6.275862068965517,5.956896551724138,25.57965201754385
24096,2023-11-16 09:00:00,Asia/Bangkok,96.92643324561405,3.525862068965517,3.310344827586207,25.37101324561402
24097,2023-11-16 10:00:00,Asia/Bangkok,96.99139271929829,1.551724137931034,1.318965517241379,25.50104678571431
24098,2023-11-16 11:00:00,Asia/Bangkok,96.34123191304347,3.543103448275862,3.275862068965517,25.5307077586207
24099,2023-11-16 12:00:00,Asia/Bangkok,97.31465051724142,1.051282051282051,0.8461538461538461,24.84827617391304
24100,2023-11-16 13:00:00,Asia/Bangkok,96.9630653982301,0.8103448275862069,0.5517241379310345,24.84915929203539
24101,2023-11-16 14:00:00,Asia/Bangkok,97.32613155963301,8.155172413793103,7.620689655172414,24.59082605504587
24102,2023-11-16 15:00:00,Asia/Bangkok,97.26786858407075,1.362068965517241,1.120689655172414,24.66814442477875
24103,2023-11-16 16:00:00,Asia/Bangkok,97.13439756521731,3.153846153846154,2.820512820512821,25.18183895652174
24104,2023-11-16 17:00:00,Asia/Bangkok,95.69398295652178,9.017241379310345,8.21551724137931,25.46787166666666
24105,2023-11-16 18:00:00,Asia/Bangkok,94.857103539823,4.756521739130434,4.2,25.613989380531
24106,2023-11-16 19:00:00,Asia/Bangkok,95.19166947368424,5.491379310344827,5.03448275862069,25.34042324561404
24107,2023-11-16 20:00:00,Asia/Bangkok,95.8032564035088,6.669565217391304,6.165217391304348,25.30308578947366
24108,2023-11-16 21:00:00,Asia/Bangkok,95.74238901785718,8.655172413793103,7.974137931034483,25.3900119642857
24109,2023-11-16 22:00:00,Asia/Bangkok,96.15770903508772,7.025862068965517,6.5,25.3812257017544
24110,2023-11-16 23:00:00,Asia/Bangkok,96.36139254385965,7.112068965517241,6.387931034482759,25.48449830357148
24111,2023-11-17 00:00:00,Asia/Bangkok,96.19554663716815,7.008620689655173,6.482758620689655,25.5374915929204
24112,2023-11-17 01:00:00,Asia/Bangkok,96.47687903508779,5.017241379310345,4.53448275862069,25.5406478070176
24113,2023-11-17 02:00:00,Asia/Bangkok,96.2214836607143,5.353448275862069,4.836206896551724,25.48356530973452
24114,2023-11-17 03:00:00,Asia/Bangkok,96.2617489655173,4.111111111111111,3.752136752136752,25.4410011304348
24115,2023-11-17 04:00:00,Asia/Bangkok,96.32921622807022,3.946428571428572,3.544642857142857,25.50989236842108
24116,2023-11-17 05:00:00,Asia/Bangkok,96.45321605263159,4.224137931034483,3.844827586206896,25.51593473684215
24117,2023-11-17 06:00:00,Asia/Bangkok,97.44180380530969,4.310344827586207,3.836206896551724,25.4196671681416
24118,2023-11-17 07:00:00,Asia/Bangkok,97.90819853448274,0.9230769230769231,0.6324786324786325,25.00170362068965
24119,2023-11-17 08:00:00,Asia/Bangkok,98.13254747826092,0.6551724137931034,0.4310344827586207,25.08698147826086
24120,2023-11-17 09:00:00,Asia/Bangkok,97.78677245614041,3.663793103448276,3.310344827586207,26.33472061403509
24121,2023-11-17 10:00:00,Asia/Bangkok,95.64608767241383,1.370689655172414,1.172413793103448,26.3680377586207
24122,2023-11-17 11:00:00,Asia/Bangkok,95.23941147826086,1.854700854700855,1.41025641025641,26.05524565217391
24123,2023-11-17 12:00:00,Asia/Bangkok,96.78919159292037,1.405172413793103,1.163793103448276,25.40995628318585
24124,2023-11-17 13:00:00,Asia/Bangkok,97.03875730434781,3.482758620689655,3.017241379310345,26.2954596521739
24125,2023-11-17 14:00:00,Asia/Bangkok,94.08148362831858,2.96551724137931,2.396551724137931,27.08984929203539
24126,2023-11-17 15:00:00,Asia/Bangkok,96.10698771428574,0.4380952380952381,0.2571428571428571,25.78980904761906
24127,2023-11-17 16:00:00,Asia/Bangkok,95.89829413793103,0.8879310344827587,0.7241379310344828,26.26910269565217
24128,2023-11-17 17:00:00,Asia/Bangkok,95.54114095652172,2.612068965517242,2.28448275862069,26.23554192982456
24129,2023-11-17 18:00:00,Asia/Bangkok,96.01796469565221,6.905172413793103,6.370689655172414,25.92082269565219
24130,2023-11-17 19:00:00,Asia/Bangkok,96.39462408695655,7.75,7.155172413793103,25.82093104347826
24131,2023-11-17 20:00:00,Asia/Bangkok,97.01844387387386,6.612068965517241,5.931034482758621,25.86927765765768
24132,2023-11-17 21:00:00,Asia/Bangkok,96.98728765217393,5.353448275862069,4.913793103448276,26.0131916521739
24133,2023-11-17 22:00:00,Asia/Bangkok,96.80184324561402,4.769230769230769,4.008547008547009,26.09783219298245
24134,2023-11-17 23:00:00,Asia/Bangkok,97.27976114035084,2.051724137931035,1.663793103448276,25.86127578947368
24135,2023-11-18 00:00:00,Asia/Bangkok,98.15558252173918,1.482758620689655,0.9741379310344828,25.1973951304348
24136,2023-11-18 01:00:00,Asia/Bangkok,98.0601132173913,2.491379310344827,1.75,25.3197203478261
24137,2023-11-18 02:00:00,Asia/Bangkok,97.3893587610619,1.854700854700855,1.341880341880342,25.54767752212394
24138,2023-11-18 03:00:00,Asia/Bangkok,96.95770131578948,0.3706896551724138,0.2068965517241379,24.42501271929824
24139,2023-11-18 04:00:00,Asia/Bangkok,96.81046834782609,0.07758620689655173,0.01724137931034483,23.93795631578947
24140,2023-11-18 05:00:00,Asia/Bangkok,97.01307456896554,0.0170940170940171,0.0,24.0606196551724
24141,2023-11-18 06:00:00,Asia/Bangkok,96.83517417391302,0.1724137931034483,0.05982905982905983,24.16827547826087
24142,2023-11-18 07:00:00,Asia/Bangkok,97.24180379310339,0.01724137931034483,0.0,24.19027000000001
24143,2023-11-18 08:00:00,Asia/Bangkok,97.27904678571424,0.03448275862068965,0.0,24.35170741071428
24144,2023-11-18 09:00:00,Asia/Bangkok,98.00615800000004,0.2758620689655172,0.1120689655172414,25.29206172727274
24145,2023-11-18 10:00:00,Asia/Bangkok,96.79342939130433,0.8803418803418803,0.7435897435897436,26.25428956521739
24146,2023-11-18 11:00:00,Asia/Bangkok,94.32493527272729,0.9482758620689655,0.7844827586206896,27.19212327272726
24147,2023-11-18 12:00:00,Asia/Bangkok,89.25717241071429,1.71551724137931,1.318965517241379,28.62533920353983
24148,2023-11-18 13:00:00,Asia/Bangkok,85.35016758620692,3.663793103448276,2.939655172413793,29.36417043103449
24149,2023-11-18 14:00:00,Asia/Bangkok,88.98157081818184,5.495726495726496,4.829059829059829,28.24721772727271
24150,2023-11-18 15:00:00,Asia/Bangkok,94.31820036036036,8.568965517241379,7.991379310344827,26.53758036036036
24151,2023-11-18 16:00:00,Asia/Bangkok,93.0841906034483,12.41025641025641,11.54700854700855,27.81310137931035
24152,2023-11-18 17:00:00,Asia/Bangkok,90.4923447368421,7.086206896551724,6.301724137931035,28.03101035087719
24153,2023-11-18 18:00:00,Asia/Bangkok,90.25638362831859,7.724137931034483,6.793103448275862,27.73304920353982
24154,2023-11-18 19:00:00,Asia/Bangkok,91.33870130434786,14.91150442477876,14.04424778761062,27.52915139130433
24155,2023-11-18 20:00:00,Asia/Bangkok,92.46847370689659,21.16379310344828,20.12068965517241,27.03559672413794
24156,2023-11-18 21:00:00,Asia/Bangkok,93.0734806956522,20.71794871794872,19.73504273504274,26.38680765217391
24157,2023-11-18 22:00:00,Asia/Bangkok,93.8559340707965,16.02586206896552,15.04310344827586,25.90476651785715
24158,2023-11-18 23:00:00,Asia/Bangkok,94.30852956140346,11.96551724137931,11.11206896551724,25.82754684210526
24159,2023-11-19 00:00:00,Asia/Bangkok,94.34218184210529,12.31034482758621,11.61206896551724,25.75472315789471
24160,2023-11-19 01:00:00,Asia/Bangkok,94.50823793103451,12.95689655172414,12.18965517241379,25.58397551724141
24161,2023-11-19 02:00:00,Asia/Bangkok,94.67372362831858,13.60869565217391,12.8695652173913,25.48621159292038
24162,2023-11-19 03:00:00,Asia/Bangkok,94.84954293103452,10.71304347826087,10.02608695652174,25.35135715517241
24163,2023-11-19 04:00:00,Asia/Bangkok,95.07418209090903,9.827586206896552,9.25,25.22209645454543
24164,2023-11-19 05:00:00,Asia/Bangkok,95.2164908035714,9.68141592920354,9.044247787610619,25.25723535714285
24165,2023-11-19 06:00:00,Asia/Bangkok,95.68955539823006,10.53913043478261,9.97391304347826,25.28395345132742
24166,2023-11-19 07:00:00,Asia/Bangkok,95.80364887931029,19.72413793103448,18.45689655172414,25.32486146551723
24167,2023-11-19 08:00:00,Asia/Bangkok,96.33316408695651,18.71304347826087,17.69565217391304,25.75540295652175
24168,2023-11-19 09:00:00,Asia/Bangkok,95.0390920175438,11.72413793103448,10.94827586206897,27.10061307017543
24169,2023-11-19 10:00:00,Asia/Bangkok,84.88008912280709,8.206896551724139,7.612068965517241,29.79996289473683
24170,2023-11-19 11:00:00,Asia/Bangkok,83.57204345132739,7.96551724137931,7.28448275862069,29.72220610619469
24171,2023-11-19 12:00:00,Asia/Bangkok,84.32534412280701,8.810344827586206,8.025862068965518,29.54721859649124
24172,2023-11-19 13:00:00,Asia/Bangkok,84.7598505263158,8.735042735042734,7.905982905982906,29.93099719298247
24173,2023-11-19 14:00:00,Asia/Bangkok,82.34281830357145,6.482758620689655,5.741379310344827,29.62920508928573
24174,2023-11-19 15:00:00,Asia/Bangkok,80.20449678260869,7.119658119658119,6.637931034482759,29.66578504347826
24175,2023-11-19 16:00:00,Asia/Bangkok,80.43826903508773,10.25,9.632478632478632,29.69914640350878
24176,2023-11-19 17:00:00,Asia/Bangkok,83.42396265486725,11.02586206896552,10.37068965517241,29.01241513274337
24177,2023-11-19 18:00:00,Asia/Bangkok,87.5919475652174,9.03448275862069,8.517241379310345,27.4389942105263
24178,2023-11-19 19:00:00,Asia/Bangkok,89.71897556521738,17.92307692307692,17.0,27.34023026086954
24179,2023-11-19 20:00:00,Asia/Bangkok,90.49064327433629,18.52586206896552,17.51724137931035,27.20413203539823
24180,2023-11-19 21:00:00,Asia/Bangkok,91.85779964912278,19.0948275862069,18.17241379310345,26.89921543859652
24181,2023-11-19 22:00:00,Asia/Bangkok,92.29924669565219,24.95726495726496,23.68376068376068,26.90118330434784
24182,2023-11-19 23:00:00,Asia/Bangkok,92.0262342857143,23.87068965517241,22.86206896551724,26.57068
24183,2023-11-20 00:00:00,Asia/Bangkok,92.32665741071428,23.12931034482759,22.14655172413793,26.04850910714287
24184,2023-11-20 01:00:00,Asia/Bangkok,92.5550951785714,23.42241379310345,22.29310344827586,25.81273553571426
24185,2023-11-20 02:00:00,Asia/Bangkok,92.94677126126129,21.35897435897436,20.35042735042735,25.71189099999998
24186,2023-11-20 03:00:00,Asia/Bangkok,93.5132117272727,16.65789473684211,15.93859649122807,25.66122627272726
24187,2023-11-20 04:00:00,Asia/Bangkok,93.54806416666673,15.71052631578947,14.90350877192983,25.62211666666669
24188,2023-11-20 05:00:00,Asia/Bangkok,93.16765151785718,15.96551724137931,15.12931034482759,25.47752927272727
24189,2023-11-20 06:00:00,Asia/Bangkok,92.10709614035089,17.12931034482759,16.25,25.48220456140355
24190,2023-11-20 07:00:00,Asia/Bangkok,91.1849827826087,18.46551724137931,17.60344827586207,25.43753675438595
24191,2023-11-20 08:00:00,Asia/Bangkok,90.45966130434782,19.06837606837607,18.24786324786325,25.68047095652176
24192,2023-11-20 09:00:00,Asia/Bangkok,86.53918736842103,17.60344827586207,16.89655172413793,27.12218587719298
24193,2023-11-20 10:00:00,Asia/Bangkok,81.23043877192984,18.81896551724138,18.02586206896552,28.89783789473685
24194,2023-11-20 11:00:00,Asia/Bangkok,80.22106592920352,16.52586206896552,15.64655172413793,29.55673867256638
24195,2023-11-20 12:00:00,Asia/Bangkok,77.02502121739128,12.94017094017094,11.99145299145299,30.40096095652174
24196,2023-11-20 13:00:00,Asia/Bangkok,73.94025785046729,11.30973451327434,10.53097345132743,31.28984663551402
24197,2023-11-20 14:00:00,Asia/Bangkok,72.73552771929822,10.73913043478261,9.91304347826087,31.91268359649122
24198,2023-11-20 15:00:00,Asia/Bangkok,72.7847441818182,11.47826086956522,10.73913043478261,32.16152909090908
24199,2023-11-20 16:00:00,Asia/Bangkok,77.82286150442478,12.87068965517241,12.00862068965517,30.71653318584071
24200,2023-11-20 17:00:00,Asia/Bangkok,81.3820196551724,14.72413793103448,13.76724137931035,29.76428146551725
24201,2023-11-20 18:00:00,Asia/Bangkok,84.0503743859649,21.61739130434783,20.1304347826087,28.97684640350878
24202,2023-11-20 19:00:00,Asia/Bangkok,85.62079126126127,18.35344827586207,17.28448275862069,28.52313554545454
24203,2023-11-20 20:00:00,Asia/Bangkok,86.91650623853211,16.39130434782609,15.36521739130435,28.08256284403668
24204,2023-11-20 21:00:00,Asia/Bangkok,87.389903539823,18.87068965517241,17.85344827586207,28.02278849557522
24205,2023-11-20 22:00:00,Asia/Bangkok,88.1276688372093,28.66279069767442,27.16279069767442,27.55393599999999
24206,2023-11-20 23:00:00,Asia/Bangkok,87.88253344086017,21.86315789473684,20.52631578947368,26.98052258064518
24207,2023-11-21 00:00:00,Asia/Bangkok,87.88629184210525,20.39130434782609,19.17391304347826,26.77202464912279
24208,2023-11-21 01:00:00,Asia/Bangkok,87.86347543103449,19.70689655172414,18.64655172413793,26.52128396551726
24209,2023-11-21 02:00:00,Asia/Bangkok,87.91959714285724,17.67241379310345,16.64655172413793,26.21771584070797
24210,2023-11-21 03:00:00,Asia/Bangkok,88.35767769911504,18.62393162393163,17.52991452991453,26.00528348214285
24211,2023-11-21 04:00:00,Asia/Bangkok,89.25166379310345,18.63793103448276,17.61206896551724,25.70824077586206
24212,2023-11-21 05:00:00,Asia/Bangkok,88.96775373913042,22.0,20.89655172413793,25.60716626086959
24213,2023-11-21 06:00:00,Asia/Bangkok,87.05343486956524,19.31896551724138,18.3448275862069,25.65184339130433
24214,2023-11-21 07:00:00,Asia/Bangkok,86.73261377192982,21.0948275862069,19.92241379310345,25.72729526315788
24215,2023-11-21 08:00:00,Asia/Bangkok,87.11557570175435,24.87179487179487,23.47008547008547,26.19476166666668
24216,2023-11-21 09:00:00,Asia/Bangkok,83.80373743362836,22.56896551724138,21.63793103448276,27.55224469026547
24217,2023-11-21 10:00:00,Asia/Bangkok,80.62918782608695,21.60344827586207,20.49137931034483,28.35558086956521
24218,2023-11-21 11:00:00,Asia/Bangkok,78.32571414414411,21.13675213675214,19.94017094017094,29.34135333333333
24219,2023-11-21 12:00:00,Asia/Bangkok,76.84026526785718,24.1551724137931,23.0,30.40920339285713
24220,2023-11-21 13:00:00,Asia/Bangkok,73.66076707964602,20.07758620689655,19.1551724137931,31.21056964601769
24221,2023-11-21 14:00:00,Asia/Bangkok,75.05143141592922,15.69230769230769,14.85470085470086,31.01568300884955
24222,2023-11-21 15:00:00,Asia/Bangkok,75.49137403508774,12.70689655172414,11.75862068965517,30.57969850877195
24223,2023-11-21 16:00:00,Asia/Bangkok,77.82734113043483,13.01709401709402,12.09401709401709,30.01805826086958
24224,2023-11-21 17:00:00,Asia/Bangkok,77.48003850877194,14.77586206896552,13.74137931034483,30.04108780701752
24225,2023-11-21 18:00:00,Asia/Bangkok,79.67338937500003,19.03448275862069,17.86206896551724,29.43648866071429
24226,2023-11-21 19:00:00,Asia/Bangkok,82.98943232142858,32.5982905982906,29.29059829059829,28.87209899999999
24227,2023-11-21 20:00:00,Asia/Bangkok,84.54550236842104,36.87931034482759,32.71551724137931,28.51999017699114
24228,2023-11-21 21:00:00,Asia/Bangkok,86.04523719298248,35.06896551724138,31.70689655172414,27.97474701754387
24229,2023-11-21 22:00:00,Asia/Bangkok,87.52965964285714,39.65811965811966,34.31623931623932,27.49165723214282
24230,2023-11-21 23:00:00,Asia/Bangkok,87.57950063063062,34.68103448275862,31.39655172413793,27.26803917431192
24231,2023-11-22 00:00:00,Asia/Bangkok,88.71454692982456,32.03448275862069,29.85344827586207,26.97684008771931
24232,2023-11-22 01:00:00,Asia/Bangkok,91.0107646086956,29.08547008547009,27.60683760683761,26.78018330434783
24233,2023-11-22 02:00:00,Asia/Bangkok,91.66992118181822,27.58181818181818,26.36363636363636,26.87085918181818
24234,2023-11-22 03:00:00,Asia/Bangkok,91.68369078260874,25.76923076923077,24.76068376068376,26.66749800000003
24235,2023-11-22 04:00:00,Asia/Bangkok,92.04848196428573,24.47368421052632,23.54385964912281,26.57568330357142
24236,2023-11-22 05:00:00,Asia/Bangkok,92.3055084347826,23.60344827586207,22.75862068965517,26.37343217391306
24237,2023-11-22 06:00:00,Asia/Bangkok,92.27336254385968,23.38793103448276,22.4051724137931,26.12643070175437
24238,2023-11-22 07:00:00,Asia/Bangkok,92.57431640350885,47.81896551724138,41.48275862068966,25.90671824561406
24239,2023-11-22 08:00:00,Asia/Bangkok,93.58152099099101,43.20353982300885,37.45132743362832,26.36879657657659
24240,2023-11-22 09:00:00,Asia/Bangkok,88.29525513043475,24.56896551724138,22.92241379310345,28.0608935652174
24241,2023-11-22 10:00:00,Asia/Bangkok,82.03509310344829,16.41880341880342,15.47008547008547,29.93453715517241
24242,2023-11-22 11:00:00,Asia/Bangkok,77.69061508928569,13.58407079646018,12.85840707964602,31.38346892857142
24243,2023-11-22 12:00:00,Asia/Bangkok,82.29652357142858,9.08849557522124,8.539823008849558,29.31577589285714
24244,2023-11-22 13:00:00,Asia/Bangkok,91.70298410256412,2.316455696202532,2.025316455696203,26.47600833333334
24245,2023-11-22 14:00:00,Asia/Bangkok,91.65610271604939,6.777777777777778,6.444444444444445,27.07494617283948
24246,2023-11-22 15:00:00,Asia/Bangkok,89.23419017391306,9.191304347826087,8.565217391304348,28.05926860869565
24247,2023-11-22 16:00:00,Asia/Bangkok,84.40279396551723,9.413793103448276,8.879310344827585,28.42264655172414
24248,2023-11-22 17:00:00,Asia/Bangkok,85.60277903508775,27.60869565217391,24.43859649122807,28.29012640350876
24249,2023-11-22 18:00:00,Asia/Bangkok,87.50476785714288,21.6,19.91379310344828,27.93757566371679
24250,2023-11-22 19:00:00,Asia/Bangkok,88.81707295652173,91.08620689655173,81.83620689655173,27.64084078947369
24251,2023-11-22 20:00:00,Asia/Bangkok,90.51699464285714,66.63793103448276,55.81034482758621,27.21367785714286
24252,2023-11-22 21:00:00,Asia/Bangkok,91.91077771929822,69.18103448275862,58.37068965517241,26.88820394736841
24253,2023-11-22 22:00:00,Asia/Bangkok,93.24305637931039,52.07692307692308,43.22222222222222,26.65233373913042
24254,2023-11-22 23:00:00,Asia/Bangkok,93.87879860869566,31.76106194690265,29.65486725663717,26.6769936521739
24255,2023-11-23 00:00:00,Asia/Bangkok,94.08683608695652,24.8974358974359,23.76923076923077,26.52044086956523
24256,2023-11-23 01:00:00,Asia/Bangkok,94.31788921052633,11.31034482758621,10.75862068965517,25.98440849557525
24257,2023-11-23 02:00:00,Asia/Bangkok,95.49108196428574,9.706896551724139,9.14655172413793,25.52467410714288
24258,2023-11-23 03:00:00,Asia/Bangkok,94.89964508771926,9.03448275862069,8.474137931034482,25.69850657894736
24259,2023-11-23 04:00:00,Asia/Bangkok,94.93417782608698,14.68376068376068,13.63247863247863,25.60124486956525
24260,2023-11-23 05:00:00,Asia/Bangkok,95.11147008849557,11.28448275862069,10.6551724137931,25.59827557522125
24261,2023-11-23 06:00:00,Asia/Bangkok,95.21324666666666,10.17391304347826,9.724137931034482,25.22168666666668
24262,2023-11-23 07:00:00,Asia/Bangkok,95.8570776991151,7.52991452991453,7.119658119658119,24.92263044247789
24263,2023-11-23 08:00:00,Asia/Bangkok,96.14416589285713,6.478260869565218,6.2,24.95944258928573
24264,2023-11-23 09:00:00,Asia/Bangkok,95.40027732142855,8.11965811965812,7.931623931623932,25.24264267857141
24265,2023-11-23 10:00:00,Asia/Bangkok,95.3839971681416,9.241379310344827,8.89655172413793,25.74412522123894
24266,2023-11-23 11:00:00,Asia/Bangkok,92.8582514655172,9.085470085470085,8.658119658119658,26.4996679310345
24267,2023-11-23 12:00:00,Asia/Bangkok,90.77316991071432,20.92241379310345,19.5948275862069,27.22219160714285
24268,2023-11-23 13:00:00,Asia/Bangkok,87.6627337719299,43.38793103448276,38.78448275862069,27.96701666666666
24269,2023-11-23 14:00:00,Asia/Bangkok,83.35096605504587,14.6578947368421,13.16379310344828,28.92239504587156
24270,2023-11-23 15:00:00,Asia/Bangkok,82.62989324561404,4.162393162393163,3.905982905982906,29.0296655263158
24271,2023-11-23 16:00:00,Asia/Bangkok,82.03780236842101,6.086956521739131,5.765217391304348,28.95686508771928
24272,2023-11-23 17:00:00,Asia/Bangkok,81.40119707964607,6.46551724137931,6.155172413793103,28.96784642857143
24273,2023-11-23 18:00:00,Asia/Bangkok,85.58732313043474,14.48275862068965,13.86206896551724,28.15191417391301
24274,2023-11-23 19:00:00,Asia/Bangkok,89.40965052631574,26.54700854700855,24.7008547008547,27.48101789473684
24275,2023-11-23 20:00:00,Asia/Bangkok,90.70861576576573,16.87068965517241,16.18103448275862,26.7819518018018
24276,2023-11-23 21:00:00,Asia/Bangkok,90.90939789473686,15.32478632478633,14.64655172413793,26.47482548672567
24277,2023-11-23 22:00:00,Asia/Bangkok,92.195935,20.04347826086957,19.35344827586207,26.30235794642858
24278,2023-11-23 23:00:00,Asia/Bangkok,92.63730223214286,21.66086956521739,20.81739130434783,26.44457750000001
24279,2023-11-24 00:00:00,Asia/Bangkok,92.73974297297298,16.07826086956522,15.42608695652174,26.49855963963962
24280,2023-11-24 01:00:00,Asia/Bangkok,92.85853692982458,20.28070175438597,19.69298245614035,26.41850929824562
24281,2023-11-24 02:00:00,Asia/Bangkok,92.46572482758621,25.26724137931035,24.35344827586207,26.19218568965515
24282,2023-11-24 03:00:00,Asia/Bangkok,92.75623591304345,32.93043478260869,30.22608695652174,25.91987121739133
24283,2023-11-24 04:00:00,Asia/Bangkok,93.35930224137934,23.75862068965517,23.06034482758621,25.93631827586208
24284,2023-11-24 05:00:00,Asia/Bangkok,93.5424254054054,33.18965517241379,30.25,25.85448342342341
24285,2023-11-24 06:00:00,Asia/Bangkok,94.16146654545456,46.10344827586207,39.19827586206897,25.79777609090908
24286,2023-11-24 07:00:00,Asia/Bangkok,94.75921522123892,37.60344827586207,33.42241379310344,25.68174106194692
24287,2023-11-24 08:00:00,Asia/Bangkok,95.75673557522121,13.42241379310345,12.78448275862069,24.98228223214285
24288,2023-11-24 09:00:00,Asia/Bangkok,95.87460761061949,8.726495726495726,8.350427350427351,25.04477929203538
24289,2023-11-24 10:00:00,Asia/Bangkok,95.12325756521734,10.18965517241379,9.620689655172415,25.31828208695651
24290,2023-11-24 11:00:00,Asia/Bangkok,95.05431399999999,10.80172413793103,10.37068965517241,25.49080307017544
24291,2023-11-24 12:00:00,Asia/Bangkok,94.37984938596492,8.487179487179487,8.196581196581196,25.90807675438596
24292,2023-11-24 13:00:00,Asia/Bangkok,92.81003249999996,6.946902654867257,6.743362831858407,26.65121776785713
24293,2023-11-24 14:00:00,Asia/Bangkok,87.55890438596492,6.78448275862069,6.551724137931035,28.23407307017546
24294,2023-11-24 15:00:00,Asia/Bangkok,82.52849991150437,8.982300884955752,8.805309734513274,29.34464920353982
24295,2023-11-24 16:00:00,Asia/Bangkok,85.8543691304348,9.965811965811966,9.560344827586206,28.21619121739133
24296,2023-11-24 17:00:00,Asia/Bangkok,87.46654780701753,11.58620689655172,11.04273504273504,27.48052570175439
24297,2023-11-24 18:00:00,Asia/Bangkok,87.66664252252248,10.25663716814159,9.734513274336283,27.99168252252251
24298,2023-11-24 19:00:00,Asia/Bangkok,89.17512884955755,30.52991452991453,26.84615384615385,27.64532902654865
24299,2023-11-24 20:00:00,Asia/Bangkok,90.79616773913042,32.58620689655172,30.21551724137931,26.99064895652176
24300,2023-11-24 21:00:00,Asia/Bangkok,91.87251271844659,30.5575221238938,28.61061946902655,26.55449611650486
24301,2023-11-24 22:00:00,Asia/Bangkok,93.44353000000004,27.51724137931035,26.5,26.2273144827586
24302,2023-11-24 23:00:00,Asia/Bangkok,93.93637342105262,31.38461538461538,29.74358974358974,26.17754333333334
24303,2023-11-25 00:00:00,Asia/Bangkok,94.18074473684209,18.03478260869565,17.19130434782609,25.75127614035089
24304,2023-11-25 01:00:00,Asia/Bangkok,92.50611672566373,2.396551724137931,2.043103448275862,24.96237858407081
24305,2023-11-25 02:00:00,Asia/Bangkok,92.75363701754385,3.632478632478632,3.239316239316239,24.81423274336284
24306,2023-11-25 03:00:00,Asia/Bangkok,93.7022133628319,1.756521739130435,1.460869565217391,24.64193769911505
24307,2023-11-25 04:00:00,Asia/Bangkok,93.69307631578954,3.46551724137931,2.869565217391304,24.91424
24308,2023-11-25 05:00:00,Asia/Bangkok,93.57697280701758,3.344827586206896,3.025641025641026,24.89242752212387
24309,2023-11-25 06:00:00,Asia/Bangkok,93.2166723214286,4.948275862068965,4.543103448275862,24.76636562500002
24310,2023-11-25 07:00:00,Asia/Bangkok,93.73624241071431,6.96551724137931,6.491379310344827,24.56773973214288
24311,2023-11-25 08:00:00,Asia/Bangkok,94.98429304347826,8.41025641025641,7.897435897435898,25.08937382608697
24312,2023-11-25 09:00:00,Asia/Bangkok,90.54051745614031,8.137931034482758,7.741379310344827,27.52289938596491
24313,2023-11-25 10:00:00,Asia/Bangkok,82.79200225225226,7.191304347826087,6.643478260869565,29.95204072072072
24314,2023-11-25 11:00:00,Asia/Bangkok,81.09002544642858,8.034782608695652,7.330434782608696,29.85189250000001
24315,2023-11-25 12:00:00,Asia/Bangkok,89.17143525862075,6.163793103448276,5.689655172413793,27.31775543103448
24316,2023-11-25 13:00:00,Asia/Bangkok,91.82461223214291,4.387931034482759,3.956896551724138,26.79420249999999
24317,2023-11-25 14:00:00,Asia/Bangkok,92.56757166666665,4.241379310344827,3.741379310344827,26.21197929824562
24318,2023-11-25 15:00:00,Asia/Bangkok,91.17330386792457,3.353448275862069,3.112068965517242,26.78536905660379
24319,2023-11-25 16:00:00,Asia/Bangkok,92.20577052173913,5.370689655172414,5.077586206896552,26.62314608695653
24320,2023-11-25 17:00:00,Asia/Bangkok,93.31543991228071,14.39655172413793,13.58620689655172,26.36526412280703
24321,2023-11-25 18:00:00,Asia/Bangkok,93.14166800000002,12.79130434782609,12.0,26.42261182608696
24322,2023-11-25 19:00:00,Asia/Bangkok,93.34995785714285,5.854700854700854,5.418803418803419,25.56210625
24323,2023-11-25 20:00:00,Asia/Bangkok,93.42243265486725,6.827586206896552,6.379310344827586,25.34409743362831
24324,2023-11-25 21:00:00,Asia/Bangkok,94.51584098214282,11.03448275862069,10.53448275862069,25.11553785714287
24325,2023-11-25 22:00:00,Asia/Bangkok,95.39224243243248,6.46551724137931,6.008620689655173,24.9678342342342
24326,2023-11-25 23:00:00,Asia/Bangkok,95.67793913043478,2.649572649572649,2.47008547008547,24.83512088495576
24327,2023-11-26 00:00:00,Asia/Bangkok,95.36281238938054,2.767241379310345,2.491379310344827,24.95639982300883
24328,2023-11-26 01:00:00,Asia/Bangkok,95.57549991228072,2.862068965517242,2.629310344827586,24.92187353982299
24329,2023-11-26 02:00:00,Asia/Bangkok,96.26291366071425,5.086206896551724,4.71551724137931,24.85768142857147
24330,2023-11-26 03:00:00,Asia/Bangkok,96.2475883035714,5.521739130434782,5.113043478260869,24.86533526785714
24331,2023-11-26 04:00:00,Asia/Bangkok,95.97125790909092,4.878260869565217,4.573913043478261,24.70621330357142
24332,2023-11-26 05:00:00,Asia/Bangkok,95.77546269565214,7.282051282051282,6.888888888888889,24.77723508771929
24333,2023-11-26 06:00:00,Asia/Bangkok,96.00807181818183,5.46551724137931,5.181034482758621,24.60554136363638
24334,2023-11-26 07:00:00,Asia/Bangkok,96.46122477477476,4.793103448275862,4.568965517241379,24.40297774774776
24335,2023-11-26 08:00:00,Asia/Bangkok,96.60186780701757,24.74137931034483,21.66379310344828,24.53046605263162
24336,2023-11-26 09:00:00,Asia/Bangkok,96.655551637931,11.63793103448276,11.16379310344828,24.70573103448276
24337,2023-11-26 10:00:00,Asia/Bangkok,96.48587438596493,12.05172413793103,11.64655172413793,24.88826104347829
24338,2023-11-26 11:00:00,Asia/Bangkok,96.56944651785713,9.897435897435898,9.452991452991453,24.89048909909912
24339,2023-11-26 12:00:00,Asia/Bangkok,96.56775446428574,8.198275862068966,7.810344827586207,25.01285017857141
24340,2023-11-26 13:00:00,Asia/Bangkok,96.41677734513277,5.78448275862069,5.439655172413793,25.12205380530974
24341,2023-11-26 14:00:00,Asia/Bangkok,96.634838245614,4.706896551724138,4.353448275862069,24.93851122807017
24342,2023-11-26 15:00:00,Asia/Bangkok,97.11896469026554,2.923076923076923,2.675213675213675,24.74958205357141
24343,2023-11-26 16:00:00,Asia/Bangkok,96.95995017543856,1.327586206896552,1.077586206896552,24.32431184210528
24344,2023-11-26 17:00:00,Asia/Bangkok,97.34360884955748,0.1637931034482759,0.008620689655172414,23.98115044642859
24345,2023-11-26 18:00:00,Asia/Bangkok,96.97620917431193,0.6379310344827587,0.3706896551724138,23.99776853211009
24346,2023-11-26 19:00:00,Asia/Bangkok,96.38419573913039,7.612068965517241,7.043103448275862,23.95341721739131
24347,2023-11-26 20:00:00,Asia/Bangkok,96.31355678571431,3.245614035087719,2.956140350877193,23.79329348214286
24348,2023-11-26 21:00:00,Asia/Bangkok,96.31738131578948,3.4,3.069565217391304,23.85913517543862
24349,2023-11-26 22:00:00,Asia/Bangkok,96.20160382608698,2.137931034482758,1.818965517241379,23.8950407826087
24350,2023-11-26 23:00:00,Asia/Bangkok,96.22471241071425,1.973913043478261,1.591304347826087,23.910312972973
24351,2023-11-27 00:00:00,Asia/Bangkok,96.46367513043475,2.198275862068965,1.758620689655172,23.96375000000003
24352,2023-11-27 01:00:00,Asia/Bangkok,96.64202578947372,2.434782608695652,2.060869565217391,24.01916991228073
24353,2023-11-27 02:00:00,Asia/Bangkok,96.39032460176985,2.726495726495727,2.384615384615385,24.03712123893805
24354,2023-11-27 03:00:00,Asia/Bangkok,97.01702163793104,3.336206896551724,2.922413793103448,24.23916568965518
24355,2023-11-27 04:00:00,Asia/Bangkok,97.35141954954953,2.5,2.043103448275862,24.36347729729733
24356,2023-11-27 05:00:00,Asia/Bangkok,97.96456675438598,1.741379310344828,1.456896551724138,24.47797342105263
24357,2023-11-27 06:00:00,Asia/Bangkok,97.45145821428571,1.758620689655172,1.577586206896552,24.56442884955754
24358,2023-11-27 07:00:00,Asia/Bangkok,97.5243290517242,1.068376068376068,0.7521367521367521,23.29052513043477
24359,2023-11-27 08:00:00,Asia/Bangkok,97.81369612068963,0.6896551724137931,0.4051724137931034,23.59646508620689
24360,2023-11-27 09:00:00,Asia/Bangkok,97.70634173913038,0.8448275862068966,0.5344827586206896,24.62580539130436
24361,2023-11-27 10:00:00,Asia/Bangkok,96.94584044642855,3.344827586206896,2.818965517241379,24.40151232142859
24362,2023-11-27 11:00:00,Asia/Bangkok,97.17115714285715,1.786324786324786,1.5,24.31997321428573
24363,2023-11-27 12:00:00,Asia/Bangkok,97.15954883928576,1.318965517241379,1.085470085470085,24.73809089285712
24364,2023-11-27 13:00:00,Asia/Bangkok,97.46250543859655,2.634782608695652,2.353448275862069,24.27741894736844
24365,2023-11-27 14:00:00,Asia/Bangkok,97.55864672413796,0.6581196581196581,0.5555555555555556,24.38096965517242
24366,2023-11-27 15:00:00,Asia/Bangkok,97.62859859649127,1.474137931034483,1.258620689655172,24.38997245614035
24367,2023-11-27 16:00:00,Asia/Bangkok,97.7681748214286,0.8275862068965517,0.6120689655172413,24.32870133928572
24368,2023-11-27 17:00:00,Asia/Bangkok,97.44167850877194,2.163793103448276,1.931034482758621,24.41295105263158
24369,2023-11-27 18:00:00,Asia/Bangkok,97.08412438596493,2.46551724137931,2.275862068965517,24.41167034782611
24370,2023-11-27 19:00:00,Asia/Bangkok,96.89798938596493,5.491379310344827,5.129310344827586,24.21747824561405
24371,2023-11-27 20:00:00,Asia/Bangkok,96.93230885964915,4.172413793103448,3.775862068965517,23.97276649122806
24372,2023-11-27 21:00:00,Asia/Bangkok,96.8978162393162,3.418803418803419,3.042735042735043,23.98360871794874
24373,2023-11-27 22:00:00,Asia/Bangkok,96.82400539823007,23.24137931034483,21.93965517241379,23.95077389380531
24374,2023-11-27 23:00:00,Asia/Bangkok,96.90319607142855,41.24137931034483,36.39130434782609,23.95239678571428
24375,2023-11-28 00:00:00,Asia/Bangkok,97.02915061946902,17.96551724137931,17.17241379310345,24.05912230088494
24376,2023-11-28 01:00:00,Asia/Bangkok,97.00090763157898,6.213675213675214,5.863247863247863,24.15455868421054
24377,2023-11-28 02:00:00,Asia/Bangkok,97.71448870689653,1.862068965517241,1.646551724137931,23.6570999137931
24378,2023-11-28 03:00:00,Asia/Bangkok,98.30901526785715,0.2586206896551724,0.008620689655172414,23.62985714285713
24379,2023-11-28 04:00:00,Asia/Bangkok,97.75915669642858,0.2155172413793103,0.0,23.83332285714285
24380,2023-11-28 05:00:00,Asia/Bangkok,97.43985565217389,1.102564102564103,0.9051724137931034,23.890976
24381,2023-11-28 06:00:00,Asia/Bangkok,97.54797238532113,0.6551724137931034,0.3076923076923077,24.04546660550458
24382,2023-11-28 07:00:00,Asia/Bangkok,97.21378857142857,0.6,0.3130434782608696,24.18758194690265
24383,2023-11-28 08:00:00,Asia/Bangkok,97.239392631579,10.02586206896552,9.310344827586206,24.47592446428572
24384,2023-11-28 09:00:00,Asia/Bangkok,97.83256166666666,12.3304347826087,11.49565217391304,25.53003657894738
24385,2023-11-28 10:00:00,Asia/Bangkok,97.02627157894737,21.10344827586207,18.54310344827586,26.20961192982457
24386,2023-11-28 11:00:00,Asia/Bangkok,93.72063937499999,22.18260869565217,19.86086956521739,26.83716401785714
24387,2023-11-28 12:00:00,Asia/Bangkok,93.05194098214282,10.11206896551724,9.25,26.63982071428572
24388,2023-11-28 13:00:00,Asia/Bangkok,83.83611747747746,8.444444444444445,7.735042735042735,28.81599639639641
24389,2023-11-28 14:00:00,Asia/Bangkok,84.57226686956523,9.39655172413793,8.456896551724139,28.68034173913043
24390,2023-11-28 15:00:00,Asia/Bangkok,90.0370039285714,12.01724137931035,10.81896551724138,27.29243026785713
24391,2023-11-28 16:00:00,Asia/Bangkok,89.61288868421053,13.00854700854701,11.63247863247863,27.45668070175439
24392,2023-11-28 17:00:00,Asia/Bangkok,85.89685495652176,8.681034482758621,7.724137931034483,27.36649243478261
24393,2023-11-28 18:00:00,Asia/Bangkok,84.21531801724136,5.572649572649572,4.846153846153846,27.05741965517241
24394,2023-11-28 19:00:00,Asia/Bangkok,87.42636686956524,8.741379310344827,7.948275862068965,26.67060808695651
24395,2023-11-28 20:00:00,Asia/Bangkok,90.17416265486725,12.11206896551724,11.14655172413793,26.11806495575223
24396,2023-11-28 21:00:00,Asia/Bangkok,92.11803678260873,15.23275862068965,14.3448275862069,25.88513408695653
24397,2023-11-28 22:00:00,Asia/Bangkok,92.88695810810808,13.46551724137931,12.56896551724138,25.51588272727275
24398,2023-11-28 23:00:00,Asia/Bangkok,93.51956122807023,12.49137931034483,11.85344827586207,25.43978517543857
24399,2023-11-29 00:00:00,Asia/Bangkok,94.78280155963301,10.89655172413793,10.30172413793103,25.28337321100916
24400,2023-11-29 01:00:00,Asia/Bangkok,96.58281707964602,5.478632478632479,4.786324786324786,25.0977382300885
24401,2023-11-29 02:00:00,Asia/Bangkok,96.06900035714285,3.887931034482758,3.482758620689655,25.11122276785715
24402,2023-11-29 03:00:00,Asia/Bangkok,96.18588060869565,8.339130434782609,7.808695652173913,25.10033313043479
24403,2023-11-29 04:00:00,Asia/Bangkok,96.15339035714285,8.922413793103448,8.232758620689655,25.08642687500003
24404,2023-11-29 05:00:00,Asia/Bangkok,96.23382911504422,7.129310344827586,6.275862068965517,25.02724628318586
24405,2023-11-29 06:00:00,Asia/Bangkok,96.6921556637168,8.732758620689655,7.870689655172414,25.08620513274339
24406,2023-11-29 07:00:00,Asia/Bangkok,96.75406861111117,12.30434782608696,11.49565217391304,25.08633907407407
24407,2023-11-29 08:00:00,Asia/Bangkok,96.9952897413793,26.07758620689655,24.80172413793104,25.33059120689656
24408,2023-11-29 09:00:00,Asia/Bangkok,97.31927104347828,16.02586206896552,15.06896551724138,25.83804443478261
24409,2023-11-29 10:00:00,Asia/Bangkok,97.5350587826087,17.53448275862069,16.64655172413793,26.49974939130434
24410,2023-11-29 11:00:00,Asia/Bangkok,96.04893495652178,16.12820512820513,15.1025641025641,27.40481859649126
24411,2023-11-29 12:00:00,Asia/Bangkok,92.62064377192978,14.0,13.07758620689655,27.94694342105264
24412,2023-11-29 13:00:00,Asia/Bangkok,91.9841589090909,13.27826086956522,12.6,27.9980518181818
24413,2023-11-29 14:00:00,Asia/Bangkok,93.54173716814157,14.05454545454545,13.09090909090909,27.60118672566371
24414,2023-11-29 15:00:00,Asia/Bangkok,94.73709634782608,15.55172413793103,14.51724137931035,26.71087818965516
24415,2023-11-29 16:00:00,Asia/Bangkok,94.89137356521739,16.12931034482759,15.25641025641026,26.95121377192982
24416,2023-11-29 17:00:00,Asia/Bangkok,95.00641045045047,17.75438596491228,16.64912280701754,26.97541810810812
24417,2023-11-29 18:00:00,Asia/Bangkok,95.24108224137929,20.75,19.61206896551724,26.86234965517242
24418,2023-11-29 19:00:00,Asia/Bangkok,95.86078526785717,22.10434782608696,20.86086956521739,26.34758625
24419,2023-11-29 20:00:00,Asia/Bangkok,96.62251043859646,21.12173913043478,19.94782608695652,26.04365254385963
24420,2023-11-29 21:00:00,Asia/Bangkok,96.6146536206896,18.05172413793104,16.99137931034483,25.97236862068968
24421,2023-11-29 22:00:00,Asia/Bangkok,96.77214473684208,18.25,17.28448275862069,25.90582605263159
24422,2023-11-29 23:00:00,Asia/Bangkok,96.56482295652177,17.61206896551724,16.60344827586207,25.95419008695653
24423,2023-11-30 00:00:00,Asia/Bangkok,96.44433310344829,22.48275862068965,21.37068965517241,26.02289860869562
24424,2023-11-30 01:00:00,Asia/Bangkok,96.35784422413798,20.82051282051282,19.96581196581197,25.93650379310347
24425,2023-11-30 02:00:00,Asia/Bangkok,96.67388548672558,18.10344827586207,17.19827586206896,25.81031601769911
24426,2023-11-30 03:00:00,Asia/Bangkok,97.04630097345134,16.22608695652174,15.23478260869565,25.76889345132745
24427,2023-11-30 04:00:00,Asia/Bangkok,96.7373870940171,2.888888888888889,2.615384615384615,24.62768572649574
24428,2023-11-30 05:00:00,Asia/Bangkok,96.83263812499995,0.06896551724137931,0.0,24.20812901785715
24429,2023-11-30 06:00:00,Asia/Bangkok,96.31593826086956,0.05172413793103448,0.0,24.67045539130433
24430,2023-11-30 07:00:00,Asia/Bangkok,96.26425869565219,0.1025641025641026,0.0,24.82802530434785
24431,2023-11-30 08:00:00,Asia/Bangkok,96.94401491071427,0.3275862068965517,0.07758620689655173,25.12612437500001
24432,2023-11-30 09:00:00,Asia/Bangkok,97.1367688392857,1.732758620689655,1.232758620689655,25.46048982142857
24433,2023-11-30 10:00:00,Asia/Bangkok,97.4117117391304,1.008547008547009,0.353448275862069,25.8882452173913
24434,2023-11-30 11:00:00,Asia/Bangkok,90.57755451327432,0.6982758620689655,0.1896551724137931,26.66427725663716
24435,2023-11-30 12:00:00,Asia/Bangkok,84.53167578947365,1.379310344827586,0.853448275862069,27.9766838938053
24436,2023-11-30 13:00:00,Asia/Bangkok,83.670761875,0.8793103448275862,0.3620689655172414,28.41756723214285
24437,2023-11-30 14:00:00,Asia/Bangkok,83.65420157894738,1.560344827586207,1.258620689655172,29.15461000000003
24438,2023-11-30 15:00:00,Asia/Bangkok,82.61262068965515,2.905982905982906,2.581196581196581,29.77878431034484
24439,2023-11-30 16:00:00,Asia/Bangkok,83.70317557522127,4.025862068965517,3.629310344827586,29.54818424778759
24440,2023-11-30 17:00:00,Asia/Bangkok,86.26853672413795,6.777777777777778,6.316239316239316,28.84214147826086
24441,2023-11-30 18:00:00,Asia/Bangkok,89.01984982300881,29.85344827586207,26.28448275862069,28.27784044247786
24442,2023-11-30 19:00:00,Asia/Bangkok,90.44463633928574,13.55172413793103,12.73275862068965,27.7122930357143
24443,2023-11-30 20:00:00,Asia/Bangkok,91.40652245614037,15.12931034482759,14.42241379310345,27.35945556521735
24444,2023-11-30 21:00:00,Asia/Bangkok,93.00232974137933,15.51282051282051,14.66666666666667,26.85130304347825
24445,2023-11-30 22:00:00,Asia/Bangkok,94.19068672566365,8.365217391304348,8.0,26.36548407079647
24446,2023-11-30 23:00:00,Asia/Bangkok,94.57341477064217,10.20689655172414,9.887931034482758,26.36532394495414
24447,2023-12-01 00:00:00,Asia/Bangkok,94.88549859649123,10.02631578947368,9.578947368421053,26.32328859649122
24448,2023-12-01 01:00:00,Asia/Bangkok,95.59815921052628,10.93103448275862,10.46551724137931,26.11099561403508
24449,2023-12-01 02:00:00,Asia/Bangkok,95.77243639639642,11.78448275862069,11.25,26.04530018018016
24450,2023-12-01 03:00:00,Asia/Bangkok,95.776205,8.422413793103448,7.931034482758621,25.53654482142858
24451,2023-12-01 04:00:00,Asia/Bangkok,97.33585565217393,0.9043478260869565,0.6695652173913044,24.1444727826087
24452,2023-12-01 05:00:00,Asia/Bangkok,96.28681096491228,0.191304347826087,0.04347826086956522,24.499314122807
24453,2023-12-01 06:00:00,Asia/Bangkok,95.6530575,0.896551724137931,0.7586206896551724,24.47291060344826
24454,2023-12-01 07:00:00,Asia/Bangkok,95.51703208695652,2.069565217391304,1.730434782608696,24.43345060869565
24455,2023-12-01 08:00:00,Asia/Bangkok,96.51880553571429,3.439655172413793,3.129310344827586,24.80759044642857
24456,2023-12-01 09:00:00,Asia/Bangkok,96.38610114035092,4.461538461538462,3.982758620689655,25.54317982456141
24457,2023-12-01 10:00:00,Asia/Bangkok,94.07128946902652,3.172413793103448,2.88034188034188,26.55746469026549
24458,2023-12-01 11:00:00,Asia/Bangkok,88.66108858407081,2.21551724137931,1.793103448275862,28.03313814159291
24459,2023-12-01 12:00:00,Asia/Bangkok,85.98677017543855,2.974137931034483,2.551724137931035,28.96105921052631
24460,2023-12-01 13:00:00,Asia/Bangkok,85.66619173913048,3.871794871794872,3.478632478632479,29.38270539130432
24461,2023-12-01 14:00:00,Asia/Bangkok,86.97990517543859,5.086206896551724,4.577586206896552,29.27081394736842
24462,2023-12-01 15:00:00,Asia/Bangkok,91.29239304347831,7.931034482758621,7.267241379310345,28.44154313043478
24463,2023-12-01 16:00:00,Asia/Bangkok,92.54879443478264,6.461538461538462,5.871794871794871,27.37524504347825
24464,2023-12-01 17:00:00,Asia/Bangkok,96.12446424778767,2.75,2.431034482758621,25.44996415929204
24465,2023-12-01 18:00:00,Asia/Bangkok,95.94603284482758,4.267241379310345,3.956896551724138,25.95330834782608
24466,2023-12-01 19:00:00,Asia/Bangkok,94.58763883928569,3.21551724137931,2.96551724137931,25.68947142857142
24467,2023-12-01 20:00:00,Asia/Bangkok,95.12165176991152,6.401709401709402,5.905982905982906,25.46928732142859
24468,2023-12-01 21:00:00,Asia/Bangkok,95.63562565217393,9.551724137931034,8.956896551724139,25.49208347826089
24469,2023-12-01 22:00:00,Asia/Bangkok,95.44288035087716,8.129310344827585,7.612068965517241,25.42341140350877
24470,2023-12-01 23:00:00,Asia/Bangkok,95.74818666666667,11.75862068965517,11.12931034482759,25.29434117117117
24471,2023-12-02 00:00:00,Asia/Bangkok,95.90239133928576,15.96491228070176,15.05263157894737,25.39587115044248
24472,2023-12-02 01:00:00,Asia/Bangkok,96.30989465517247,15.68965517241379,14.99137931034483,25.4447723275862
24473,2023-12-02 02:00:00,Asia/Bangkok,96.14128578947368,14.56034482758621,14.0,25.4173692105263
24474,2023-12-02 03:00:00,Asia/Bangkok,96.03518421052632,13.76724137931035,13.18103448275862,25.33776286956522
24475,2023-12-02 04:00:00,Asia/Bangkok,96.47248249999998,12.66666666666667,12.06837606837607,25.14138045045044
24476,2023-12-02 05:00:00,Asia/Bangkok,96.50291592920355,15.35652173913043,14.4,25.2391703539823
24477,2023-12-02 06:00:00,Asia/Bangkok,96.66407114035093,17.63247863247863,16.72649572649573,25.17649640350878
24478,2023-12-02 07:00:00,Asia/Bangkok,97.1440678181818,18.03448275862069,17.51304347826087,25.12929000000002
24479,2023-12-02 08:00:00,Asia/Bangkok,97.7394262280702,18.18103448275862,17.47863247863248,25.59827184210528
24480,2023-12-02 09:00:00,Asia/Bangkok,97.91908536363627,16.71304347826087,16.09565217391305,26.50118800000001
24481,2023-12-02 10:00:00,Asia/Bangkok,94.20491868421047,13.23275862068965,12.49137931034483,27.99529652173912
24482,2023-12-02 11:00:00,Asia/Bangkok,87.65524876106191,10.67521367521367,10.0,29.03760874999999
24483,2023-12-02 12:00:00,Asia/Bangkok,83.8477119642857,9.03448275862069,8.525862068965518,30.24113982142857
24484,2023-12-02 13:00:00,Asia/Bangkok,78.38125090090091,9.017391304347827,8.339130434782609,31.45707144144145
24485,2023-12-02 14:00:00,Asia/Bangkok,77.75776785714284,8.803418803418804,8.085470085470085,31.27336220183487
24486,2023-12-02 15:00:00,Asia/Bangkok,89.63238584070795,3.182608695652174,2.791304347826087,26.67217159292035
24487,2023-12-02 16:00:00,Asia/Bangkok,91.15797184210524,5.28448275862069,4.887931034482759,27.13061903508771
24488,2023-12-02 17:00:00,Asia/Bangkok,89.71059351351349,3.568965517241379,3.189655172413793,27.36603108108105
24489,2023-12-02 18:00:00,Asia/Bangkok,89.87939398230095,9.347826086956522,8.852173913043478,27.17624752212389
24490,2023-12-02 19:00:00,Asia/Bangkok,91.22226817391308,13.37068965517241,12.73275862068965,26.49366826086957
24491,2023-12-02 20:00:00,Asia/Bangkok,91.96257381818182,12.94871794871795,12.23931623931624,26.11624550458717
24492,2023-12-02 21:00:00,Asia/Bangkok,93.06323517857142,12.97413793103448,12.38793103448276,26.1143591964286
24493,2023-12-02 22:00:00,Asia/Bangkok,94.19492382608695,14.56896551724138,13.77586206896552,26.10432947826088
24494,2023-12-02 23:00:00,Asia/Bangkok,95.06374752212388,15.41228070175439,14.58771929824561,26.06983115044246
24495,2023-12-03 00:00:00,Asia/Bangkok,96.17456234782608,6.689655172413793,6.155172413793103,25.00775443478262
24496,2023-12-03 01:00:00,Asia/Bangkok,96.02005666666665,5.146551724137931,4.732758620689655,25.25302675438598
24497,2023-12-03 02:00:00,Asia/Bangkok,97.09305318965518,1.017241379310345,0.7241379310344828,24.72716232758619
24498,2023-12-03 03:00:00,Asia/Bangkok,96.4903859130435,1.417391304347826,1.008695652173913,24.52236192982455
24499,2023-12-03 04:00:00,Asia/Bangkok,96.26886500000003,1.136752136752137,0.8803418803418803,24.31485646551728
24500,2023-12-03 05:00:00,Asia/Bangkok,96.24710815789477,0.9482758620689655,0.7155172413793104,24.4662157017544
24501,2023-12-03 06:00:00,Asia/Bangkok,96.21539258928568,2.698275862068965,2.21551724137931,24.65476196428569
24502,2023-12-03 07:00:00,Asia/Bangkok,96.17330359649121,4.03448275862069,3.629310344827586,24.84407707964602
24503,2023-12-03 08:00:00,Asia/Bangkok,96.55139513043478,5.991379310344827,5.560344827586207,25.38060417391306
24504,2023-12-03 09:00:00,Asia/Bangkok,96.84826999999999,6.341880341880342,5.603448275862069,25.86795265486727
24505,2023-12-03 10:00:00,Asia/Bangkok,97.07959756521736,5.353448275862069,4.880341880341881,24.83481017391304
24506,2023-12-03 11:00:00,Asia/Bangkok,96.78013230088494,7.913793103448276,7.275862068965517,25.55725079646018
24507,2023-12-03 12:00:00,Asia/Bangkok,96.9073228318584,12.3448275862069,11.5948275862069,26.13763300884955
24508,2023-12-03 13:00:00,Asia/Bangkok,93.39306315315316,8.370689655172415,7.741379310344827,28.08817495495496
24509,2023-12-03 14:00:00,Asia/Bangkok,91.74792008849553,9.767241379310345,9.051724137931034,28.15001876106194
24510,2023-12-03 15:00:00,Asia/Bangkok,92.74080105263158,8.0,7.444444444444445,27.65039692982458
24511,2023-12-03 16:00:00,Asia/Bangkok,93.63512868421053,6.905172413793103,6.396551724137931,27.47987017543857
24512,2023-12-03 17:00:00,Asia/Bangkok,94.54218939655175,10.83620689655172,10.14655172413793,27.03481318965517
24513,2023-12-03 18:00:00,Asia/Bangkok,95.41166478260868,6.275862068965517,5.879310344827586,26.18825252173915
24514,2023-12-03 19:00:00,Asia/Bangkok,95.05668584070798,12.0695652173913,10.82608695652174,25.41576911504425
24515,2023-12-03 20:00:00,Asia/Bangkok,95.27718460176995,8.341880341880342,7.786324786324786,25.26649061946903
24516,2023-12-03 21:00:00,Asia/Bangkok,96.58916545454544,6.301724137931035,5.887931034482759,25.28184118181816
24517,2023-12-03 22:00:00,Asia/Bangkok,96.91097000000009,8.487179487179487,7.974358974358974,25.34298297297296
24518,2023-12-03 23:00:00,Asia/Bangkok,97.18072621621621,3.75,3.379310344827586,25.03476162162162
24519,2023-12-04 00:00:00,Asia/Bangkok,96.80179034782601,3.798245614035088,3.508771929824561,25.15132443478262
24520,2023-12-04 01:00:00,Asia/Bangkok,96.82268904347825,5.078260869565217,4.68695652173913,25.17950905172413
24521,2023-12-04 02:00:00,Asia/Bangkok,96.64332043478264,5.843478260869565,5.391304347826087,25.15181191304351
24522,2023-12-04 03:00:00,Asia/Bangkok,96.79413741071428,6.408695652173913,6.026086956521739,25.0538105357143
24523,2023-12-04 04:00:00,Asia/Bangkok,96.61439241071425,7.347826086956522,6.826086956521739,25.03063776785714
24524,2023-12-04 05:00:00,Asia/Bangkok,96.4091770175438,7.273504273504273,6.70940170940171,24.88568833333334
24525,2023-12-04 06:00:00,Asia/Bangkok,96.53715544642856,10.24137931034483,9.568965517241379,24.92389321428571
24526,2023-12-04 07:00:00,Asia/Bangkok,96.73158522123889,11.55172413793103,11.0,25.05614725663717
24527,2023-12-04 08:00:00,Asia/Bangkok,97.43320543859646,10.44827586206897,9.931034482758621,25.55976263157894
24528,2023-12-04 09:00:00,Asia/Bangkok,97.42657929824564,13.46551724137931,12.72413793103448,26.63007330357143
24529,2023-12-04 10:00:00,Asia/Bangkok,95.99486754385963,6.307692307692307,5.811965811965812,26.51920877192984
24530,2023-12-04 11:00:00,Asia/Bangkok,91.48689859649122,1.060344827586207,0.7931034482758621,28.29984684210526
24531,2023-12-04 12:00:00,Asia/Bangkok,87.57294652173913,4.307692307692307,3.837606837606838,29.01204226086957
24532,2023-12-04 13:00:00,Asia/Bangkok,90.71609603448272,0.9827586206896551,0.7586206896551724,27.37728387931035
24533,2023-12-04 14:00:00,Asia/Bangkok,94.98020765217395,1.362068965517241,0.9568965517241379,26.50808017543859
24534,2023-12-04 15:00:00,Asia/Bangkok,95.092191754386,22.41379310344828,19.06896551724138,26.6895710526316
24535,2023-12-04 16:00:00,Asia/Bangkok,94.54473780701755,28.88034188034188,24.96581196581197,26.98986403508774
24536,2023-12-04 17:00:00,Asia/Bangkok,94.71533192982456,6.491379310344827,5.75,26.81996877192982
24537,2023-12-04 18:00:00,Asia/Bangkok,96.1518591304348,21.72413793103448,19.12931034482759,26.30123904347825
24538,2023-12-04 19:00:00,Asia/Bangkok,96.43736844036695,18.37068965517241,16.42241379310345,26.09664844036696
24539,2023-12-04 20:00:00,Asia/Bangkok,96.67736258928569,16.49122807017544,15.56521739130435,26.11698196428574
24540,2023-12-04 21:00:00,Asia/Bangkok,96.12761344827585,4.05982905982906,3.598290598290598,26.16389224137933
24541,2023-12-04 22:00:00,Asia/Bangkok,95.8034721929825,4.224137931034483,3.724137931034483,26.04901614035083
24542,2023-12-04 23:00:00,Asia/Bangkok,95.5831822413793,4.076923076923077,3.615384615384615,25.85980070175437
24543,2023-12-05 00:00:00,Asia/Bangkok,95.64356087719301,3.379310344827586,3.008620689655173,25.79632324561402
24544,2023-12-05 01:00:00,Asia/Bangkok,95.54849139130431,3.0,2.586206896551724,25.6438323478261
24545,2023-12-05 02:00:00,Asia/Bangkok,95.83575681415925,3.25,2.706896551724138,25.54620214285715
24546,2023-12-05 03:00:00,Asia/Bangkok,96.21830035398227,4.206896551724138,3.698275862068965,25.6627238392857
24547,2023-12-05 04:00:00,Asia/Bangkok,96.16370649122808,3.991379310344827,3.448275862068965,25.7449554385965
24548,2023-12-05 05:00:00,Asia/Bangkok,96.19464486486484,5.299145299145299,4.752136752136752,25.63318198198201
24549,2023-12-05 06:00:00,Asia/Bangkok,96.1143347826087,5.137931034482759,4.568965517241379,25.35920868421052
24550,2023-12-05 07:00:00,Asia/Bangkok,96.3712534234234,5.396551724137931,4.853448275862069,25.21600436363635
24551,2023-12-05 08:00:00,Asia/Bangkok,97.30856522123895,12.38793103448276,11.06896551724138,25.71075707964601
24552,2023-12-05 09:00:00,Asia/Bangkok,96.87968904347827,4.333333333333333,3.47008547008547,27.38618339130434
24553,2023-12-05 10:00:00,Asia/Bangkok,89.56455857142856,3.62962962962963,2.768518518518519,28.5595740952381
24554,2023-12-05 11:00:00,Asia/Bangkok,83.88301628318584,2.713043478260869,1.860869565217391,29.69734477876106
24555,2023-12-05 12:00:00,Asia/Bangkok,79.6617265178571,2.347826086956522,1.629310344827586,30.36385321428572
24556,2023-12-05 13:00:00,Asia/Bangkok,75.36163228070173,2.189655172413793,1.646551724137931,31.30963570175437
24557,2023-12-05 14:00:00,Asia/Bangkok,71.72854860869568,1.973913043478261,1.330434782608696,31.98239852173912
24558,2023-12-05 15:00:00,Asia/Bangkok,70.67671114035086,2.581196581196581,1.94017094017094,31.70103646017697
24559,2023-12-05 16:00:00,Asia/Bangkok,68.9984488495575,1.818965517241379,1.232758620689655,31.78046499999999
24560,2023-12-05 17:00:00,Asia/Bangkok,71.28558645454545,1.974137931034483,1.353448275862069,31.18154137614678
24561,2023-12-05 18:00:00,Asia/Bangkok,77.88578831858408,2.957264957264957,2.324786324786325,30.38591079646019
24562,2023-12-05 19:00:00,Asia/Bangkok,83.77818754385967,17.07894736842105,14.89473684210526,29.25488842105263
24563,2023-12-05 20:00:00,Asia/Bangkok,86.89613530434778,38.39655172413793,32.87931034482759,28.4212707826087
24564,2023-12-05 21:00:00,Asia/Bangkok,89.20228124999998,55.15652173913043,46.0,27.83932419642858
24565,2023-12-05 22:00:00,Asia/Bangkok,90.42721008928577,44.49565217391304,40.79824561403509,27.52376876106194
24566,2023-12-05 23:00:00,Asia/Bangkok,90.7849534513275,21.13913043478261,19.68965517241379,27.28894504424778
24567,2023-12-06 00:00:00,Asia/Bangkok,90.68770115044248,24.93103448275862,23.17241379310345,26.78014141592921
24568,2023-12-06 01:00:00,Asia/Bangkok,91.20372893805303,18.43103448275862,17.17241379310345,26.3875092920354
24569,2023-12-06 02:00:00,Asia/Bangkok,91.48272760683764,13.52991452991453,12.43589743589744,26.01410735042735
24570,2023-12-06 03:00:00,Asia/Bangkok,92.29148842105258,12.32758620689655,11.4051724137931,25.72763442477876
24571,2023-12-06 04:00:00,Asia/Bangkok,92.79167798245614,11.73275862068965,10.98275862068965,25.50318347826086
24572,2023-12-06 05:00:00,Asia/Bangkok,93.56178443478264,9.11111111111111,8.333333333333334,25.29420833333334
24573,2023-12-06 06:00:00,Asia/Bangkok,93.61622486956524,7.422413793103448,6.698275862068965,25.08259347826088
24574,2023-12-06 07:00:00,Asia/Bangkok,93.98112172727278,7.224137931034483,6.612068965517241,24.98152889908259
24575,2023-12-06 08:00:00,Asia/Bangkok,94.64073692982457,16.12173913043478,14.73913043478261,25.5638854385965
24576,2023-12-06 09:00:00,Asia/Bangkok,92.07281868421053,10.58974358974359,9.538461538461538,27.88477526315789
24577,2023-12-06 10:00:00,Asia/Bangkok,84.86018417391303,7.181034482758621,6.043103448275862,29.57427408695653
24578,2023-12-06 11:00:00,Asia/Bangkok,80.76344606837614,5.581196581196581,4.700854700854701,30.22991905982904
24579,2023-12-06 12:00:00,Asia/Bangkok,74.02213078947369,4.017241379310345,3.482758620689655,31.40068238938052
24580,2023-12-06 13:00:00,Asia/Bangkok,72.54523137931037,4.230769230769231,3.581196581196581,31.98088258620691
24581,2023-12-06 14:00:00,Asia/Bangkok,75.09584834862387,5.025862068965517,4.344827586206897,31.32647449541283
24582,2023-12-06 15:00:00,Asia/Bangkok,72.66295878260867,3.586206896551724,3.146551724137931,32.04387752212389
24583,2023-12-06 16:00:00,Asia/Bangkok,72.9974190265487,5.931034482758621,5.146551724137931,32.00717893805309
24584,2023-12-06 17:00:00,Asia/Bangkok,76.8396476068376,12.68376068376068,11.27350427350427,31.07251275862069
24585,2023-12-06 18:00:00,Asia/Bangkok,79.57429913043482,8.14655172413793,7.25,30.3139539130435
24586,2023-12-06 19:00:00,Asia/Bangkok,82.86543191304345,12.01709401709402,10.94017094017094,29.53630895652174
24587,2023-12-06 20:00:00,Asia/Bangkok,86.1777850442478,10.21551724137931,9.422413793103448,28.93920707964602
24588,2023-12-06 21:00:00,Asia/Bangkok,89.74536009009009,17.1304347826087,16.27586206896552,27.80967009009008
24589,2023-12-06 22:00:00,Asia/Bangkok,88.57201991379311,8.5,7.922413793103448,28.27685974137928
24590,2023-12-06 23:00:00,Asia/Bangkok,88.55005382608702,9.637931034482758,8.887931034482758,28.02480280701755
24591,2023-12-07 00:00:00,Asia/Bangkok,89.17316600000004,8.47008547008547,7.888888888888889,27.65001347826088
24592,2023-12-07 01:00:00,Asia/Bangkok,90.53462469026547,8.862068965517242,8.35344827586207,27.12089622807016
24593,2023-12-07 02:00:00,Asia/Bangkok,91.36848663716812,10.60344827586207,9.887931034482758,26.72224619469026
24594,2023-12-07 03:00:00,Asia/Bangkok,91.8688808695652,10.8974358974359,10.43589743589744,26.45024434782609
24595,2023-12-07 04:00:00,Asia/Bangkok,92.03487394495416,9.97391304347826,9.385964912280702,26.30983513761467
24596,2023-12-07 05:00:00,Asia/Bangkok,92.01703830357135,9.62280701754386,9.052173913043479,26.14127714285714
24597,2023-12-07 06:00:00,Asia/Bangkok,92.33586096491229,18.72173913043478,17.13913043478261,25.83853315789474
24598,2023-12-07 07:00:00,Asia/Bangkok,92.80530534482754,43.97413793103448,37.86206896551724,25.71932199999999
24599,2023-12-07 08:00:00,Asia/Bangkok,93.89987801724138,21.69827586206896,20.43103448275862,25.88399568965518
24600,2023-12-07 09:00:00,Asia/Bangkok,93.34446600000001,10.32173913043478,9.556521739130435,27.17968617391305
24601,2023-12-07 10:00:00,Asia/Bangkok,86.33838247787605,17.47413793103448,16.03448275862069,28.87816884955752
24602,2023-12-07 11:00:00,Asia/Bangkok,83.91708678571432,9.854700854700855,8.854700854700855,29.51809990990992
24603,2023-12-07 12:00:00,Asia/Bangkok,82.03018526785716,15.29310344827586,13.42241379310345,29.95663187499999
24604,2023-12-07 13:00:00,Asia/Bangkok,83.91287256637168,15.1551724137931,13.18103448275862,29.85590893805309
24605,2023-12-07 14:00:00,Asia/Bangkok,90.01603547826087,11.68103448275862,11.01724137931035,27.5112472173913
24606,2023-12-07 15:00:00,Asia/Bangkok,92.969683362069,8.724137931034482,8.163793103448276,26.11184500000001
24607,2023-12-07 16:00:00,Asia/Bangkok,93.35387885964911,7.03448275862069,6.620689655172414,26.94564026315789
24608,2023-12-07 17:00:00,Asia/Bangkok,91.11439295652177,7.155172413793103,6.758620689655173,27.88630139130434
24609,2023-12-07 18:00:00,Asia/Bangkok,91.04377196428572,13.60344827586207,12.5,28.08260830357142
24610,2023-12-07 19:00:00,Asia/Bangkok,92.43774849557519,19.82758620689655,18.79310344827586,27.65109460176993
24611,2023-12-07 20:00:00,Asia/Bangkok,92.97555070175441,32.29310344827586,29.66379310344828,27.42163649122804
24612,2023-12-07 21:00:00,Asia/Bangkok,93.53021963636368,28.62931034482759,26.38793103448276,27.20486281818184
24613,2023-12-07 22:00:00,Asia/Bangkok,93.69208452173915,19.87179487179487,18.90598290598291,27.03135417391303
24614,2023-12-07 23:00:00,Asia/Bangkok,93.939989375,24.37931034482759,23.42241379310345,26.70201351351352
24615,2023-12-08 00:00:00,Asia/Bangkok,94.0083874774775,21.11965811965812,20.06896551724138,26.34474027027026
24616,2023-12-08 01:00:00,Asia/Bangkok,93.92190852173914,20.35344827586207,19.41025641025641,26.0771396521739
24617,2023-12-08 02:00:00,Asia/Bangkok,93.91676456140353,16.25,15.44827586206897,25.83333201754388
24618,2023-12-08 03:00:00,Asia/Bangkok,94.08185359649117,12.61206896551724,11.87931034482759,25.79351263157894
24619,2023-12-08 04:00:00,Asia/Bangkok,95.39900910714282,4.620689655172414,4.120689655172414,25.21493687500001
24620,2023-12-08 05:00:00,Asia/Bangkok,95.88702192982456,4.069565217391304,3.669565217391304,25.2576644736842
24621,2023-12-08 06:00:00,Asia/Bangkok,95.9511562608696,10.17094017094017,9.743589743589743,25.44252692982458
24622,2023-12-08 07:00:00,Asia/Bangkok,96.64833725663716,4.620689655172414,4.120689655172414,25.17841566371682
24623,2023-12-08 08:00:00,Asia/Bangkok,96.65632070175435,3.939130434782609,3.617391304347826,25.38782964912283
24624,2023-12-08 09:00:00,Asia/Bangkok,96.24455408695655,6.275862068965517,5.793103448275862,25.65973669565217
24625,2023-12-08 10:00:00,Asia/Bangkok,96.63372587719294,3.793103448275862,3.482758620689655,25.96844078947368
24626,2023-12-08 11:00:00,Asia/Bangkok,96.46254106194688,2.801724137931035,2.612068965517242,27.04904008849554
24627,2023-12-08 12:00:00,Asia/Bangkok,90.62126810810807,4.078260869565217,3.853448275862069,28.54034736363636
24628,2023-12-08 13:00:00,Asia/Bangkok,89.70967443478263,5.931623931623932,5.52991452991453,28.74728417391304
24629,2023-12-08 14:00:00,Asia/Bangkok,89.82701219298244,4.793103448275862,4.267241379310345,27.84825088495574
24630,2023-12-08 15:00:00,Asia/Bangkok,86.2955481415929,2.756521739130435,2.365217391304348,28.69521336283184
24631,2023-12-08 16:00:00,Asia/Bangkok,86.04800710526318,2.922413793103448,2.594827586206896,29.52302078947369
24632,2023-12-08 17:00:00,Asia/Bangkok,85.25938263157894,4.724137931034483,4.172413793103448,29.43248771929824
24633,2023-12-08 18:00:00,Asia/Bangkok,86.54980749999996,5.043859649122807,4.508771929824562,29.13574388888889
24634,2023-12-08 19:00:00,Asia/Bangkok,89.07901156521743,14.29310344827586,13.24137931034483,28.33533452173911
24635,2023-12-08 20:00:00,Asia/Bangkok,91.49865410714283,35.69565217391305,32.81739130434783,27.4885564285714
24636,2023-12-08 21:00:00,Asia/Bangkok,92.38358539823004,20.06034482758621,19.21551724137931,27.01978415929204
24637,2023-12-08 22:00:00,Asia/Bangkok,92.69704298245615,18.20689655172414,17.31623931623932,26.75234894736842
24638,2023-12-08 23:00:00,Asia/Bangkok,92.8297982608696,16.81034482758621,16.07758620689655,26.37333904347825
24639,2023-12-09 00:00:00,Asia/Bangkok,93.00273905172415,13.57264957264957,12.84615384615385,26.15753922413792
24640,2023-12-09 01:00:00,Asia/Bangkok,93.11268333333335,16.13913043478261,15.35652173913043,25.9049055855856
24641,2023-12-09 02:00:00,Asia/Bangkok,93.48083433628321,17.23931623931624,16.50427350427351,25.68528592920357
24642,2023-12-09 03:00:00,Asia/Bangkok,94.36794730434784,10.70689655172414,10.22413793103448,25.52078234782615
24643,2023-12-09 04:00:00,Asia/Bangkok,94.35230269565218,9.568965517241379,8.905172413793103,25.42351521739131
24644,2023-12-09 05:00:00,Asia/Bangkok,94.3393837719298,9.939655172413794,9.35344827586207,25.20299026315789
24645,2023-12-09 06:00:00,Asia/Bangkok,94.36090675438597,10.64957264957265,9.965811965811966,25.01763622807017
24646,2023-12-09 07:00:00,Asia/Bangkok,94.86006594827586,11.6551724137931,11.04310344827586,24.95375241379308
24647,2023-12-09 08:00:00,Asia/Bangkok,95.25101133928571,14.56896551724138,13.43103448275862,25.19617267857143
24648,2023-12-09 09:00:00,Asia/Bangkok,96.26816473684215,9.758620689655173,9.189655172413794,26.02451763157895
24649,2023-12-09 10:00:00,Asia/Bangkok,86.11431773913044,6.282051282051282,5.836206896551724,28.80535826086959
24650,2023-12-09 11:00:00,Asia/Bangkok,81.50418814159289,6.973913043478261,6.551724137931035,30.32744769911503
24651,2023-12-09 12:00:00,Asia/Bangkok,80.81679711711713,7.732758620689655,7.370689655172414,30.57908585585585
24652,2023-12-09 13:00:00,Asia/Bangkok,81.57604417391305,8.478632478632479,8.051282051282051,30.16026017391304
24653,2023-12-09 14:00:00,Asia/Bangkok,80.56756824561401,14.45689655172414,13.43103448275862,30.64299433628319
24654,2023-12-09 15:00:00,Asia/Bangkok,85.61749043103448,15.54310344827586,14.37068965517241,29.97546706896552
24655,2023-12-09 16:00:00,Asia/Bangkok,86.88098939655168,9.62280701754386,8.964601769911505,30.11503758620689
24656,2023-12-09 17:00:00,Asia/Bangkok,85.36421526315792,10.18103448275862,9.521367521367521,30.46768473684211
24657,2023-12-09 18:00:00,Asia/Bangkok,86.54657026086956,10.87931034482759,10.27586206896552,29.50914043478262
24658,2023-12-09 19:00:00,Asia/Bangkok,89.91162170940167,13.41880341880342,12.67521367521367,28.24732870689658
24659,2023-12-09 20:00:00,Asia/Bangkok,91.76570699115045,20.11206896551724,18.69827586206896,27.64043725663714
24660,2023-12-09 21:00:00,Asia/Bangkok,92.80946780701753,20.93103448275862,20.12068965517241,27.10629734513274
24661,2023-12-09 22:00:00,Asia/Bangkok,92.82400060869566,19.01724137931035,18.25,26.99094096491226
24662,2023-12-09 23:00:00,Asia/Bangkok,93.16525895652175,14.88495575221239,14.29203539823009,27.00300226086954
24663,2023-12-10 00:00:00,Asia/Bangkok,93.69654418181824,16.02586206896552,15.44827586206897,26.95220481818181
24664,2023-12-10 01:00:00,Asia/Bangkok,93.8963103603604,16.93965517241379,16.20689655172414,26.89379936363639
24665,2023-12-10 02:00:00,Asia/Bangkok,95.60470342105263,10.05172413793103,9.525862068965518,26.39644105263158
24666,2023-12-10 03:00:00,Asia/Bangkok,96.57563605263162,3.878260869565217,3.565217391304348,26.08468582608698
24667,2023-12-10 04:00:00,Asia/Bangkok,95.89522553571426,5.608695652173913,5.260869565217392,26.09998330357143
24668,2023-12-10 05:00:00,Asia/Bangkok,95.65296826086956,2.129310344827586,1.939655172413793,25.72155447368424
24669,2023-12-10 06:00:00,Asia/Bangkok,95.77821447368423,1.365217391304348,1.182608695652174,25.53648166666667
24670,2023-12-10 07:00:00,Asia/Bangkok,95.8080292857143,1.418803418803419,1.256410256410256,25.42564135135138
24671,2023-12-10 08:00:00,Asia/Bangkok,95.66755854545458,1.129310344827586,0.9396551724137931,25.75034181818182
24672,2023-12-10 09:00:00,Asia/Bangkok,95.48101913043482,1.46551724137931,1.258620689655172,26.35513504347825
24673,2023-12-10 10:00:00,Asia/Bangkok,91.16328090090087,2.112068965517242,1.956896551724138,28.07251468468467
24674,2023-12-10 11:00:00,Asia/Bangkok,82.59009562499999,5.439655172413793,5.155172413793103,30.32034464285717
24675,2023-12-10 12:00:00,Asia/Bangkok,79.12632887931028,7.775862068965517,7.517241379310345,30.8060071551724
24676,2023-12-10 13:00:00,Asia/Bangkok,72.82614491228071,7.189655172413793,6.836206896551724,32.42782421052634
24677,2023-12-10 14:00:00,Asia/Bangkok,79.85380547826085,8.2991452991453,7.888888888888889,30.60635543859649
24678,2023-12-10 15:00:00,Asia/Bangkok,80.14917666666669,9.03448275862069,8.775862068965518,30.92370254385964
24679,2023-12-10 16:00:00,Asia/Bangkok,76.25447543103449,8.581196581196581,8.213675213675213,31.53268189655168
24680,2023-12-10 17:00:00,Asia/Bangkok,77.96963991228071,7.28448275862069,7.008620689655173,30.72422491228072
24681,2023-12-10 18:00:00,Asia/Bangkok,82.96386273504267,10.60683760683761,10.05172413793103,29.42943572649571
24682,2023-12-10 19:00:00,Asia/Bangkok,85.93961491071425,11.37931034482759,11.01709401709402,29.0264261607143
24683,2023-12-10 20:00:00,Asia/Bangkok,88.01594821428569,43.6875,37.50892857142857,28.60063
24684,2023-12-10 21:00:00,Asia/Bangkok,89.52069867256637,27.32758620689655,26.12931034482759,28.03273761061948
24685,2023-12-10 22:00:00,Asia/Bangkok,90.4756846428571,36.76724137931034,33.12068965517241,27.6270817857143
24686,2023-12-10 23:00:00,Asia/Bangkok,90.99235153153154,38.17241379310344,33.71551724137931,27.18002171171171
24687,2023-12-11 00:00:00,Asia/Bangkok,91.71198362068965,31.24137931034483,29.33620689655172,26.77677086956521
24688,2023-12-11 01:00:00,Asia/Bangkok,92.5924791964286,47.25,39.53448275862069,26.57857690909091
24689,2023-12-11 02:00:00,Asia/Bangkok,92.97826278260871,49.67241379310344,41.35344827586207,26.44773591304348
24690,2023-12-11 03:00:00,Asia/Bangkok,93.0364753846154,34.95726495726495,31.72649572649573,26.25121905982908
24691,2023-12-11 04:00:00,Asia/Bangkok,92.98289850877191,32.99130434782609,30.24137931034483,26.01610622807018
24692,2023-12-11 05:00:00,Asia/Bangkok,93.28954052631582,23.10344827586207,22.1551724137931,25.84054710526316
24693,2023-12-11 06:00:00,Asia/Bangkok,93.24769684210524,18.1551724137931,17.51724137931035,25.69037771929824
24694,2023-12-11 07:00:00,Asia/Bangkok,93.46264026086956,24.81034482758621,23.12931034482759,25.62630095652171
24695,2023-12-11 08:00:00,Asia/Bangkok,94.0688312280702,33.64655172413793,30.8448275862069,25.90930634782609
24696,2023-12-11 09:00:00,Asia/Bangkok,95.18704342342345,31.60683760683761,29.18803418803419,26.69994605504586
24697,2023-12-11 10:00:00,Asia/Bangkok,88.82182956140356,16.92241379310345,16.12931034482759,28.50241807017544
24698,2023-12-11 11:00:00,Asia/Bangkok,78.66754624999997,10.55172413793103,10.21551724137931,31.18599274336282
24699,2023-12-11 12:00:00,Asia/Bangkok,72.34199171171173,9.794642857142858,9.491071428571429,33.09201945454545
24700,2023-12-11 13:00:00,Asia/Bangkok,74.34962362068964,10.69827586206897,10.39655172413793,32.35242715517243
24701,2023-12-11 14:00:00,Asia/Bangkok,75.33692796296295,10.25438596491228,9.81578947368421,32.54691777777777
24702,2023-12-11 15:00:00,Asia/Bangkok,72.1170834782609,9.64655172413793,9.275862068965518,32.82102173913044
24703,2023-12-11 16:00:00,Asia/Bangkok,72.01726324324324,11.20689655172414,10.83620689655172,32.53547567567567
24704,2023-12-11 17:00:00,Asia/Bangkok,77.88885234234235,12.99137931034483,12.44827586206897,30.96481090909091
24705,2023-12-11 18:00:00,Asia/Bangkok,80.76581241071425,15.76724137931035,15.06896551724138,30.21753705357144
24706,2023-12-11 19:00:00,Asia/Bangkok,83.60358391304352,15.18803418803419,14.7008547008547,29.25408904347829
24707,2023-12-11 20:00:00,Asia/Bangkok,86.22185241071425,18.82758620689655,18.33620689655172,28.93964169642857
24708,2023-12-11 21:00:00,Asia/Bangkok,87.73058991379307,20.31034482758621,19.5,28.85968706896552
24709,2023-12-11 22:00:00,Asia/Bangkok,89.10064230088493,21.89655172413793,21.0948275862069,28.35152168141591
24710,2023-12-11 23:00:00,Asia/Bangkok,90.96864353982306,24.58260869565217,23.72173913043478,28.17610566371683
24711,2023-12-12 00:00:00,Asia/Bangkok,90.57539568965512,26.44444444444444,25.66666666666667,28.31141129310341
24712,2023-12-12 01:00:00,Asia/Bangkok,90.74448051724133,28.27586206896552,27.12068965517241,28.25496655172415
24713,2023-12-12 02:00:00,Asia/Bangkok,91.62424434782605,31.20869565217391,29.47826086956522,27.91337591304345
24714,2023-12-12 03:00:00,Asia/Bangkok,92.29972417391303,33.99145299145299,31.28205128205128,27.63573269565218
24715,2023-12-12 04:00:00,Asia/Bangkok,92.38423298245615,32.6,30.43103448275862,27.25919201754387
24716,2023-12-12 05:00:00,Asia/Bangkok,92.42343592920356,32.99137931034483,30.60344827586207,26.94757714285715
24717,2023-12-12 06:00:00,Asia/Bangkok,92.65902964912281,36.72413793103448,33.06034482758621,26.66073566371681
24718,2023-12-12 07:00:00,Asia/Bangkok,93.94341132743364,34.42241379310344,31.54310344827586,26.44277429824562
24719,2023-12-12 08:00:00,Asia/Bangkok,94.38117051282047,35.87179487179487,32.42735042735043,26.89954931034483
24720,2023-12-12 09:00:00,Asia/Bangkok,91.90729130434785,34.55172413793103,31.27586206896552,28.184936
24721,2023-12-12 10:00:00,Asia/Bangkok,83.69054508928569,24.18260869565217,23.33913043478261,29.41710437500002
24722,2023-12-12 11:00:00,Asia/Bangkok,79.19611929203539,20.76068376068376,20.11111111111111,30.45357455357142
24723,2023-12-12 12:00:00,Asia/Bangkok,78.57735902654866,18.06896551724138,17.41379310344828,30.60435690265487
24724,2023-12-12 13:00:00,Asia/Bangkok,74.60228149122808,15.10344827586207,14.6551724137931,31.3059796491228
24725,2023-12-12 14:00:00,Asia/Bangkok,72.4822952631579,14.17391304347826,13.67826086956522,31.46041482456139
24726,2023-12-12 15:00:00,Asia/Bangkok,72.37149756521737,14.52991452991453,13.97435897435897,31.71097599999998
24727,2023-12-12 16:00:00,Asia/Bangkok,72.63587477876108,18.87068965517241,18.12068965517241,31.48514150442477
24728,2023-12-12 17:00:00,Asia/Bangkok,76.58810982300882,18.55172413793104,18.03448275862069,30.30394098214287
24729,2023-12-12 18:00:00,Asia/Bangkok,81.12177894736841,28.99137931034483,27.51724137931035,29.36461582608694
24730,2023-12-12 19:00:00,Asia/Bangkok,84.15428327586208,32.64102564102564,30.39316239316239,29.07278382608697
24731,2023-12-12 20:00:00,Asia/Bangkok,86.4282890825688,51.24137931034483,42.58620689655172,28.55185449541283
24732,2023-12-12 21:00:00,Asia/Bangkok,88.09785852173911,53.43589743589744,44.37606837606837,28.23404417391304
24733,2023-12-12 22:00:00,Asia/Bangkok,88.7391342105263,46.44642857142857,39.16814159292036,28.00358157894736
24734,2023-12-12 23:00:00,Asia/Bangkok,89.55890877192978,39.41739130434782,34.51304347826087,27.65229578947369
24735,2023-12-13 00:00:00,Asia/Bangkok,89.8259462162162,41.25663716814159,35.68141592920354,27.35306872727271
24736,2023-12-13 01:00:00,Asia/Bangkok,90.51091215517243,41.79310344827586,35.96551724137931,27.01447269565219
24737,2023-12-13 02:00:00,Asia/Bangkok,91.113681754386,37.37391304347826,33.34782608695652,26.85115114035087
24738,2023-12-13 03:00:00,Asia/Bangkok,91.40350765765766,35.93043478260869,32.6695652173913,26.77266819819821
24739,2023-12-13 04:00:00,Asia/Bangkok,92.0101338596491,33.06837606837607,30.94017094017094,26.54146140350879
24740,2023-12-13 05:00:00,Asia/Bangkok,92.23697761061948,28.21739130434782,27.26086956521739,26.3083439823009
24741,2023-12-13 06:00:00,Asia/Bangkok,92.68067974137925,25.64102564102564,24.75213675213675,26.11184387931035
24742,2023-12-13 07:00:00,Asia/Bangkok,92.7489122727273,27.68965517241379,26.75,26.00086409090909
24743,2023-12-13 08:00:00,Asia/Bangkok,93.61472704347821,42.15929203539823,36.68141592920354,26.42776791304348
24744,2023-12-13 09:00:00,Asia/Bangkok,89.03738254385964,24.00862068965517,22.93965517241379,28.53022201754385
24745,2023-12-13 10:00:00,Asia/Bangkok,83.84150646017697,16.1304347826087,15.5,29.53918482456141
24746,2023-12-13 11:00:00,Asia/Bangkok,84.26303939130432,20.09401709401709,19.1965811965812,29.63487192982456
24747,2023-12-13 12:00:00,Asia/Bangkok,89.98679982300887,11.68965517241379,11.23275862068965,28.48674061946904
24748,2023-12-13 13:00:00,Asia/Bangkok,81.48743931034487,11.17241379310345,10.63793103448276,30.80522379310343
24749,2023-12-13 14:00:00,Asia/Bangkok,82.6828707017544,13.24786324786325,12.65811965811966,30.2397183478261
24750,2023-12-13 15:00:00,Asia/Bangkok,91.72503279279283,12.86206896551724,11.95689655172414,27.31676405405406
24751,2023-12-13 16:00:00,Asia/Bangkok,93.74667964912278,7.431034482758621,6.913793103448276,25.64027565217391
24752,2023-12-13 17:00:00,Asia/Bangkok,92.25694321100919,5.641025641025641,5.384615384615385,26.02053462962961
24753,2023-12-13 18:00:00,Asia/Bangkok,92.66107064220185,8.681034482758621,8.258620689655173,25.77116495412845
24754,2023-12-13 19:00:00,Asia/Bangkok,94.08852008849559,12.75862068965517,12.23275862068965,25.32904221238938
24755,2023-12-13 20:00:00,Asia/Bangkok,94.24540891891888,12.20353982300885,11.61946902654867,25.54373900900901
24756,2023-12-13 21:00:00,Asia/Bangkok,93.13669723214284,10.93103448275862,10.56034482758621,25.15341117117117
24757,2023-12-13 22:00:00,Asia/Bangkok,93.10407115044242,12.63793103448276,11.94827586206897,25.21962893805308
24758,2023-12-13 23:00:00,Asia/Bangkok,93.67262099099099,13.82905982905983,13.25862068965517,25.47389864864865
24759,2023-12-14 00:00:00,Asia/Bangkok,94.71186052173917,17.80172413793104,16.99145299145299,25.47292765217392
24760,2023-12-14 01:00:00,Asia/Bangkok,95.5562644736842,12.74137931034483,12.26724137931035,24.98000601769911
24761,2023-12-14 02:00:00,Asia/Bangkok,95.84869369369369,12.98245614035088,12.35087719298246,24.91839666666667
24762,2023-12-14 03:00:00,Asia/Bangkok,95.71704199999996,12.62931034482759,11.93103448275862,24.92820182608694
24763,2023-12-14 04:00:00,Asia/Bangkok,95.5899768468468,12.21367521367521,11.76923076923077,24.86073027027026
24764,2023-12-14 05:00:00,Asia/Bangkok,95.67842243243246,15.45689655172414,14.85344827586207,24.97476306306308
24765,2023-12-14 06:00:00,Asia/Bangkok,96.10353265486725,23.93965517241379,23.14655172413793,25.25484008849557
24766,2023-12-14 07:00:00,Asia/Bangkok,96.41302624999999,26.75,25.93965517241379,25.43283339285717
24767,2023-12-14 08:00:00,Asia/Bangkok,97.15816353982302,27.30434782608696,26.54782608695652,26.28747849557524
24768,2023-12-14 09:00:00,Asia/Bangkok,95.89580596491231,27.16521739130435,26.33913043478261,27.51179605263158
24769,2023-12-14 10:00:00,Asia/Bangkok,91.90446417391304,26.12931034482759,25.02586206896552,27.99153469565218
24770,2023-12-14 11:00:00,Asia/Bangkok,93.94811899999999,22.05172413793104,21.3448275862069,28.31764054545456
24771,2023-12-14 12:00:00,Asia/Bangkok,88.97241274336281,14.10434782608696,13.65217391304348,29.29353336283188
24772,2023-12-14 13:00:00,Asia/Bangkok,83.90166312499998,14.88495575221239,14.3716814159292,31.3729786607143
24773,2023-12-14 14:00:00,Asia/Bangkok,81.20492692982457,16.0,15.38793103448276,31.59156587719298
24774,2023-12-14 15:00:00,Asia/Bangkok,77.45600346534657,15.07692307692308,14.40384615384615,31.22072970297031
24775,2023-12-14 16:00:00,Asia/Bangkok,78.2284536607143,17.25,16.48275862068965,30.471145625
24776,2023-12-14 17:00:00,Asia/Bangkok,82.85629741071432,14.11206896551724,13.51724137931035,29.69627473214285
24777,2023-12-14 18:00:00,Asia/Bangkok,85.2229742477876,11.17094017094017,10.75213675213675,28.51897389380528
24778,2023-12-14 19:00:00,Asia/Bangkok,87.0253499099099,13.74137931034483,13.17241379310345,27.73246927927926
24779,2023-12-14 20:00:00,Asia/Bangkok,89.5520828448276,12.00862068965517,11.47413793103448,27.0846974137931
24780,2023-12-14 21:00:00,Asia/Bangkok,91.12685132743364,14.61206896551724,13.89655172413793,26.57121858407081
24781,2023-12-14 22:00:00,Asia/Bangkok,92.39439773913045,16.36206896551724,15.66379310344828,26.37714939130437
24782,2023-12-14 23:00:00,Asia/Bangkok,94.72946817391309,18.05982905982906,17.12820512820513,26.22674808695654
24783,2023-12-15 00:00:00,Asia/Bangkok,94.59347178571429,17.92920353982301,17.23008849557522,26.51312285714286
24784,2023-12-15 01:00:00,Asia/Bangkok,94.33764839285713,18.16379310344828,17.52586206896552,26.47202549549553
24785,2023-12-15 02:00:00,Asia/Bangkok,94.45946210526317,17.27350427350427,16.67521367521368,26.28342271929823
24786,2023-12-15 03:00:00,Asia/Bangkok,94.43079642857148,15.50862068965517,14.81034482758621,26.10928169642857
24787,2023-12-15 04:00:00,Asia/Bangkok,94.20259947368422,13.75862068965517,13.23275862068965,25.74097350877192
24788,2023-12-15 05:00:00,Asia/Bangkok,94.50569508771932,13.10434782608696,12.55652173913044,25.63758070175442
24789,2023-12-15 06:00:00,Asia/Bangkok,95.0894626086957,12.18965517241379,11.56034482758621,25.44465836206897
24790,2023-12-15 07:00:00,Asia/Bangkok,95.51063591304349,13.26495726495727,12.7008547008547,25.26719842105261
24791,2023-12-15 08:00:00,Asia/Bangkok,95.67423833333334,14.0948275862069,13.61206896551724,25.35365552631581
24792,2023-12-15 09:00:00,Asia/Bangkok,95.9788044736842,13.41379310344828,12.80172413793103,26.39859798245614
24793,2023-12-15 10:00:00,Asia/Bangkok,90.2396413274336,11.77586206896552,11.12068965517241,28.35402814159292
24794,2023-12-15 11:00:00,Asia/Bangkok,89.2230705357143,13.23275862068965,12.30172413793103,28.27670678571427
24795,2023-12-15 12:00:00,Asia/Bangkok,83.62788535087721,10.13793103448276,9.474137931034482,29.90354342105263
24796,2023-12-15 13:00:00,Asia/Bangkok,75.05661818181818,8.724137931034482,8.25,31.40199199999998
24797,2023-12-15 14:00:00,Asia/Bangkok,70.79760721153845,7.887931034482759,7.25,32.06712740384616
24798,2023-12-15 15:00:00,Asia/Bangkok,70.49544151785716,7.495726495726496,6.982905982905983,31.62880517857141
24799,2023-12-15 16:00:00,Asia/Bangkok,72.98922947368418,8.568965517241379,7.913793103448276,31.52351877192982
24800,2023-12-15 17:00:00,Asia/Bangkok,76.09546098214288,10.58620689655172,9.655172413793103,30.63558607142856
24801,2023-12-15 18:00:00,Asia/Bangkok,81.097712368421,12.42241379310345,11.6551724137931,29.57689710526317
24802,2023-12-15 19:00:00,Asia/Bangkok,84.76402858407077,17.03448275862069,16.0,29.11644185840707
24803,2023-12-15 20:00:00,Asia/Bangkok,86.92265939130435,21.1304347826087,20.29565217391304,28.59500704347826
24804,2023-12-15 21:00:00,Asia/Bangkok,88.4949367826087,23.51724137931035,22.53448275862069,27.9675720869565
24805,2023-12-15 22:00:00,Asia/Bangkok,89.84859652173905,22.20869565217391,21.29565217391304,27.29237217391302
24806,2023-12-15 23:00:00,Asia/Bangkok,91.168855877193,24.27586206896552,23.32758620689655,26.80502833333333
24807,2023-12-16 00:00:00,Asia/Bangkok,91.80412719298243,21.60344827586207,20.62931034482759,26.43823114035088
24808,2023-12-16 01:00:00,Asia/Bangkok,91.73628669642859,19.07758620689655,18.22413793103448,26.25484151785714
24809,2023-12-16 02:00:00,Asia/Bangkok,91.7398957391304,17.69827586206896,16.97413793103448,25.89931710526317
24810,2023-12-16 03:00:00,Asia/Bangkok,92.405624122807,16.35344827586207,15.58620689655172,25.5304364912281
24811,2023-12-16 04:00:00,Asia/Bangkok,92.89562227272725,14.9051724137931,14.23275862068965,25.3732411818182
24812,2023-12-16 05:00:00,Asia/Bangkok,93.43569594594594,13.0,12.47413793103448,25.12666072072075
24813,2023-12-16 06:00:00,Asia/Bangkok,93.39516658119658,13.70940170940171,13.03418803418803,24.97629086956522
24814,2023-12-16 07:00:00,Asia/Bangkok,93.52644077586207,15.86206896551724,14.93965517241379,24.9200951724138
24815,2023-12-16 08:00:00,Asia/Bangkok,94.84088530434784,29.11206896551724,27.03448275862069,25.47014052173913
24816,2023-12-16 09:00:00,Asia/Bangkok,94.59291271929825,13.26724137931035,12.63793103448276,26.92074140350876
24817,2023-12-16 10:00:00,Asia/Bangkok,86.34831729729727,11.00862068965517,10.36206896551724,29.32435481818183
24818,2023-12-16 11:00:00,Asia/Bangkok,87.16042947368419,10.85344827586207,10.30172413793103,28.69730535087721
24819,2023-12-16 12:00:00,Asia/Bangkok,88.24337842105267,9.0,8.439655172413794,28.40866362831859
24820,2023-12-16 13:00:00,Asia/Bangkok,85.60390357142852,8.57391304347826,7.913043478260869,29.77209267857143
24821,2023-12-16 14:00:00,Asia/Bangkok,84.88610061946903,7.191304347826087,6.68695652173913,29.16765070796461
24822,2023-12-16 15:00:00,Asia/Bangkok,80.72828663716817,8.310344827586206,7.560344827586207,30.42518646017701
24823,2023-12-16 16:00:00,Asia/Bangkok,80.25844433628315,10.0,9.275862068965518,29.68311796460178
24824,2023-12-16 17:00:00,Asia/Bangkok,88.14342026086956,10.93162393162393,10.17948717948718,28.17592713043478
24825,2023-12-16 18:00:00,Asia/Bangkok,90.43532434782607,13.6551724137931,13.0,27.88929686956521
24826,2023-12-16 19:00:00,Asia/Bangkok,90.98493000000002,27.25862068965517,25.36206896551724,27.81508634782609
24827,2023-12-16 20:00:00,Asia/Bangkok,91.46869560344824,21.11965811965812,19.81196581196581,27.50621991379311
24828,2023-12-16 21:00:00,Asia/Bangkok,91.27008530973448,19.38260869565217,18.58620689655172,27.14191026548672
24829,2023-12-16 22:00:00,Asia/Bangkok,91.76831695652179,25.81196581196581,24.35897435897436,26.60053552631577
24830,2023-12-16 23:00:00,Asia/Bangkok,92.36002097345131,26.45689655172414,25.27586206896552,26.27958283185842
24831,2023-12-17 00:00:00,Asia/Bangkok,92.49234292035396,21.80172413793104,20.98275862068965,26.06271831858408
24832,2023-12-17 01:00:00,Asia/Bangkok,92.86537146788986,20.33620689655172,19.31034482758621,25.79071504587156
24833,2023-12-17 02:00:00,Asia/Bangkok,93.27467145454547,20.41880341880342,19.43589743589743,25.63607618181819
24834,2023-12-17 03:00:00,Asia/Bangkok,93.74483947826089,19.89655172413793,18.81896551724138,25.43264026086954
24835,2023-12-17 04:00:00,Asia/Bangkok,93.85010336363635,20.50862068965517,19.48275862068965,25.26294387387387
24836,2023-12-17 05:00:00,Asia/Bangkok,94.25710784482754,16.06034482758621,15.31034482758621,25.19109982608695
24837,2023-12-17 06:00:00,Asia/Bangkok,94.58320599999993,17.0,16.26086956521739,25.00264747826088
24838,2023-12-17 07:00:00,Asia/Bangkok,94.56383859649128,21.44827586206896,20.58620689655172,24.93452921052632
24839,2023-12-17 08:00:00,Asia/Bangkok,95.45697464912286,21.80869565217391,20.78260869565218,25.44777263157896
24840,2023-12-17 09:00:00,Asia/Bangkok,94.75126756521736,13.93103448275862,13.02586206896552,27.14794295652173
24841,2023-12-17 10:00:00,Asia/Bangkok,86.03814889908256,10.47413793103448,9.560344827586206,28.90771935779816
24842,2023-12-17 11:00:00,Asia/Bangkok,79.5958501754386,7.629310344827586,6.887931034482759,29.95116429824563
24843,2023-12-17 12:00:00,Asia/Bangkok,74.08791877192982,6.405172413793103,5.672413793103448,31.21643061946902
24844,2023-12-17 13:00:00,Asia/Bangkok,71.00994312499998,4.956521739130435,4.258620689655173,31.92854875
24845,2023-12-17 14:00:00,Asia/Bangkok,71.46781310344828,5.188034188034188,4.615384615384615,31.76516129310344
24846,2023-12-17 15:00:00,Asia/Bangkok,72.12983460869566,6.137931034482759,5.362068965517241,31.59359956521738
24847,2023-12-17 16:00:00,Asia/Bangkok,72.87844226086959,8.939655172413794,8.163793103448276,31.4358875652174
24848,2023-12-17 17:00:00,Asia/Bangkok,74.73627283185844,10.87179487179487,9.692307692307692,30.63597575221239
24849,2023-12-17 18:00:00,Asia/Bangkok,77.5590169827586,11.08620689655172,10.02586206896552,29.7166074137931
24850,2023-12-17 19:00:00,Asia/Bangkok,81.9114048648649,21.88793103448276,20.22413793103448,28.85761594594594
24851,2023-12-17 20:00:00,Asia/Bangkok,84.73226858407074,36.16379310344828,31.53448275862069,28.68278699115045
24852,2023-12-17 21:00:00,Asia/Bangkok,86.99976382608696,46.1965811965812,39.26495726495727,28.26864252173915
24853,2023-12-17 22:00:00,Asia/Bangkok,88.15592217391308,30.63247863247863,28.43103448275862,27.88897243478263
24854,2023-12-17 23:00:00,Asia/Bangkok,89.36743203539822,26.3716814159292,24.43859649122807,27.33566345132743
24855,2023-12-18 00:00:00,Asia/Bangkok,90.06864478260871,28.78448275862069,26.89655172413793,27.07417156521739
24856,2023-12-18 01:00:00,Asia/Bangkok,91.12800513043481,25.16379310344828,23.36206896551724,26.75301443478258
24857,2023-12-18 02:00:00,Asia/Bangkok,93.02094185840703,15.43965517241379,14.24137931034483,26.63549902654868
24858,2023-12-18 03:00:00,Asia/Bangkok,93.85617553571426,12.47826086956522,11.49137931034483,26.04769955357144
24859,2023-12-18 04:00:00,Asia/Bangkok,95.13019258928568,7.103448275862069,6.086206896551724,24.98953178571429
24860,2023-12-18 05:00:00,Asia/Bangkok,92.92751169642857,3.672413793103448,3.189655172413793,25.48850383928576
24861,2023-12-18 06:00:00,Asia/Bangkok,92.24562410256411,4.717948717948718,4.188034188034188,25.15337376068377
24862,2023-12-18 07:00:00,Asia/Bangkok,93.04361113043478,4.655172413793103,4.017241379310345,24.90017339130435
24863,2023-12-18 08:00:00,Asia/Bangkok,94.27252099099098,7.78448275862069,7.025862068965517,25.36354990990992
24864,2023-12-18 09:00:00,Asia/Bangkok,93.5087586842105,5.163793103448276,4.181034482758621,27.26774210526315
24865,2023-12-18 10:00:00,Asia/Bangkok,84.3866313274336,4.181034482758621,2.96551724137931,29.28670442477876
24866,2023-12-18 11:00:00,Asia/Bangkok,77.02072362831859,3.145299145299145,1.931623931623932,30.74404327433628
24867,2023-12-18 12:00:00,Asia/Bangkok,74.76856081081078,3.405172413793104,2.198275862068965,31.42875594594595
24868,2023-12-18 13:00:00,Asia/Bangkok,73.48588221238937,5.28448275862069,3.913793103448276,31.80992884955751
24869,2023-12-18 14:00:00,Asia/Bangkok,72.67986629310344,7.128205128205129,5.905982905982906,32.02860413793103
24870,2023-12-18 15:00:00,Asia/Bangkok,72.81097103773587,7.108108108108108,5.963963963963964,32.03704575471698
24871,2023-12-18 16:00:00,Asia/Bangkok,85.50781187500003,6.025862068965517,5.224137931034483,28.27577839285713
24872,2023-12-18 17:00:00,Asia/Bangkok,89.13002198198198,3.773913043478261,3.321739130434783,28.21919
24873,2023-12-18 18:00:00,Asia/Bangkok,88.31312817391306,10.17241379310345,9.224137931034482,28.4649015652174
24874,2023-12-18 19:00:00,Asia/Bangkok,89.31632745614034,25.8859649122807,22.74561403508772,28.0064155263158
24875,2023-12-18 20:00:00,Asia/Bangkok,90.60470884955754,15.52991452991453,14.4957264957265,27.65967371681417
24876,2023-12-18 21:00:00,Asia/Bangkok,91.48489911504429,20.19827586206896,19.0948275862069,27.50085830357144
24877,2023-12-18 22:00:00,Asia/Bangkok,92.55370495575224,18.10344827586207,17.06896551724138,27.2185007079646
24878,2023-12-18 23:00:00,Asia/Bangkok,93.00192938053098,7.316239316239316,6.871794871794871,26.88468681415931
24879,2023-12-19 00:00:00,Asia/Bangkok,92.83771473214287,7.008620689655173,6.456896551724138,26.75994315315315
24880,2023-12-19 01:00:00,Asia/Bangkok,93.22268756521741,13.53448275862069,12.70689655172414,26.7402223478261
24881,2023-12-19 02:00:00,Asia/Bangkok,92.93306973913046,14.7948717948718,13.96581196581197,26.4102363478261
24882,2023-12-19 03:00:00,Asia/Bangkok,92.82747681415931,12.96551724137931,12.23275862068965,26.01366132743363
24883,2023-12-19 04:00:00,Asia/Bangkok,92.93715713043477,10.33620689655172,9.732758620689655,25.60964939130438
24884,2023-12-19 05:00:00,Asia/Bangkok,93.13025433628322,9.188034188034187,8.683760683760683,25.3978578761062
24885,2023-12-19 06:00:00,Asia/Bangkok,93.38871000000003,11.44827586206897,10.82758620689655,25.09627192982456
24886,2023-12-19 07:00:00,Asia/Bangkok,94.25979181818181,12.35344827586207,11.42241379310345,24.9813561818182
24887,2023-12-19 08:00:00,Asia/Bangkok,95.96409442477879,13.25,11.99137931034483,25.47087707964602
24888,2023-12-19 09:00:00,Asia/Bangkok,93.71767017857148,8.826086956521738,8.347826086956522,26.79748584070795
24889,2023-12-19 10:00:00,Asia/Bangkok,89.6797066666667,9.863247863247864,9.196581196581196,28.28039265486725
24890,2023-12-19 11:00:00,Asia/Bangkok,83.51473189655171,7.439655172413793,6.862068965517241,29.78578189655171
24891,2023-12-19 12:00:00,Asia/Bangkok,89.36626652173909,6.21551724137931,5.75,28.6004631304348
24892,2023-12-19 13:00:00,Asia/Bangkok,81.39055509090907,4.615384615384615,4.29059829059829,30.99294572727272
24893,2023-12-19 14:00:00,Asia/Bangkok,78.88492129310345,6.28448275862069,5.948275862068965,31.17594060344827
24894,2023-12-19 15:00:00,Asia/Bangkok,77.980959375,6.663716814159292,6.201754385964913,31.52325508928571
24895,2023-12-19 16:00:00,Asia/Bangkok,75.69618666666666,4.923076923076923,4.478632478632479,31.28038367521368
24896,2023-12-19 17:00:00,Asia/Bangkok,86.77276426086955,20.10344827586207,18.37068965517241,27.84522573913046
24897,2023-12-19 18:00:00,Asia/Bangkok,88.44979814159292,22.5,20.42105263157895,27.45469389380529
24898,2023-12-19 19:00:00,Asia/Bangkok,89.77483394736839,28.82758620689655,25.67241379310345,26.89014938596492
24899,2023-12-19 20:00:00,Asia/Bangkok,90.41081368421052,14.96551724137931,14.13793103448276,26.46123394736844
24900,2023-12-19 21:00:00,Asia/Bangkok,91.30748178571432,13.4051724137931,12.62931034482759,26.02694513513514
24901,2023-12-19 22:00:00,Asia/Bangkok,92.38582614035084,18.75213675213675,17.82051282051282,25.76055543859652
24902,2023-12-19 23:00:00,Asia/Bangkok,92.69919070796456,16.89655172413793,15.92241379310345,25.88336017699118
24903,2023-12-20 00:00:00,Asia/Bangkok,92.82853106194693,17.73275862068965,16.91379310344828,25.9719528318584
24904,2023-12-20 01:00:00,Asia/Bangkok,92.82962187499997,14.42241379310345,13.54310344827586,26.06360044642857
24905,2023-12-20 02:00:00,Asia/Bangkok,92.82901690265489,14.26315789473684,13.41228070175439,25.89359256637168
24906,2023-12-20 03:00:00,Asia/Bangkok,93.2868093965517,15.51724137931035,14.69827586206897,25.59435862068969
24907,2023-12-20 04:00:00,Asia/Bangkok,93.2811008928571,17.47826086956522,16.55652173913044,25.50180749999999
24908,2023-12-20 05:00:00,Asia/Bangkok,93.7760883333333,13.63793103448276,12.70689655172414,25.2855853508772
24909,2023-12-20 06:00:00,Asia/Bangkok,94.135159380531,10.31896551724138,9.793103448275861,25.16392637168145
24910,2023-12-20 07:00:00,Asia/Bangkok,94.59697000000007,9.482758620689655,8.775862068965518,25.12247616071432
24911,2023-12-20 08:00:00,Asia/Bangkok,94.98118275229362,18.57758620689655,17.75,25.46581495412844
24912,2023-12-20 09:00:00,Asia/Bangkok,93.0919252586207,23.96551724137931,21.68965517241379,27.49643629310345
24913,2023-12-20 10:00:00,Asia/Bangkok,83.11931486956519,35.73504273504273,31.63247863247863,30.23507382608694
24914,2023-12-20 11:00:00,Asia/Bangkok,76.98356749999999,28.18965517241379,25.4051724137931,31.52386603448276
24915,2023-12-20 12:00:00,Asia/Bangkok,73.96223289473684,6.629310344827586,6.241379310344827,32.28465535087721
24916,2023-12-20 13:00:00,Asia/Bangkok,71.09719241071427,5.336206896551724,4.827586206896552,32.61477499999999
24917,2023-12-20 14:00:00,Asia/Bangkok,68.19469719298243,4.777777777777778,4.282051282051282,33.08730473214287
24918,2023-12-20 15:00:00,Asia/Bangkok,66.46847051724139,5.077586206896552,4.71551724137931,33.42173543103448
24919,2023-12-20 16:00:00,Asia/Bangkok,67.68049491228071,7.431034482758621,7.060344827586207,33.1082198245614
24920,2023-12-20 17:00:00,Asia/Bangkok,73.05228657894735,6.637931034482759,6.293103448275862,31.70352991228069
24921,2023-12-20 18:00:00,Asia/Bangkok,75.17863603448278,22.28205128205128,19.8974358974359,31.18034521739128
24922,2023-12-20 19:00:00,Asia/Bangkok,78.2595792920354,22.86206896551724,21.03448275862069,30.19428991071428
24923,2023-12-20 20:00:00,Asia/Bangkok,83.57615562500004,15.78632478632479,14.54700854700855,29.04709839285714
24924,2023-12-20 21:00:00,Asia/Bangkok,83.41988230088496,19.87068965517241,17.86206896551724,27.98448274336284
24925,2023-12-20 22:00:00,Asia/Bangkok,85.71277745614033,22.53448275862069,20.77586206896552,27.49537622807017
24926,2023-12-20 23:00:00,Asia/Bangkok,88.25891365217393,13.18103448275862,12.24137931034483,27.20243713043476
24927,2023-12-21 00:00:00,Asia/Bangkok,89.8520265789474,11.7787610619469,11.08849557522124,26.997219122807
24928,2023-12-21 01:00:00,Asia/Bangkok,90.34834300884957,17.20869565217391,16.02608695652174,27.03977699115044
24929,2023-12-21 02:00:00,Asia/Bangkok,90.69084394736844,23.21551724137931,21.74137931034483,26.73882956521738
24930,2023-12-21 03:00:00,Asia/Bangkok,90.57134078260869,24.13675213675214,22.76923076923077,26.61370403508771
24931,2023-12-21 04:00:00,Asia/Bangkok,91.08646243243244,19.8448275862069,18.87068965517241,26.51958459459459
24932,2023-12-21 05:00:00,Asia/Bangkok,91.85855608695648,21.20689655172414,20.1551724137931,26.48317060869563
24933,2023-12-21 06:00:00,Asia/Bangkok,92.26617344827592,20.34188034188034,19.56410256410257,26.37975551724138
24934,2023-12-21 07:00:00,Asia/Bangkok,92.51414243243245,20.48672566371681,19.46902654867257,26.13007630630631
24935,2023-12-21 08:00:00,Asia/Bangkok,93.65843168141589,31.82758620689655,28.88793103448276,26.24226946902655
24936,2023-12-21 09:00:00,Asia/Bangkok,90.4426779090909,23.42241379310345,21.58620689655172,28.09493609090909
24937,2023-12-21 10:00:00,Asia/Bangkok,79.04066681415931,12.85470085470086,12.01709401709402,31.11039734513272
24938,2023-12-21 11:00:00,Asia/Bangkok,75.12662612612613,9.210526315789474,8.68421052631579,31.64319972972974
24939,2023-12-21 12:00:00,Asia/Bangkok,71.94133221238938,9.870689655172415,9.068965517241379,32.53445169642857
24940,2023-12-21 13:00:00,Asia/Bangkok,68.70186252173912,12.56034482758621,11.68965517241379,32.42743695652174
24941,2023-12-21 14:00:00,Asia/Bangkok,72.23097079646018,8.57391304347826,7.860869565217391,31.74435230088496
24942,2023-12-21 15:00:00,Asia/Bangkok,82.58028701754387,7.991304347826087,7.295652173913044,29.14933824561399
24943,2023-12-21 16:00:00,Asia/Bangkok,78.40252778761061,7.03448275862069,6.491379310344827,29.79967714285715
24944,2023-12-21 17:00:00,Asia/Bangkok,74.15651678571426,8.948275862068966,8.327586206896552,30.30170026785715
24945,2023-12-21 18:00:00,Asia/Bangkok,76.13485,13.7948717948718,12.60683760683761,29.57945104347825
24946,2023-12-21 19:00:00,Asia/Bangkok,78.90996481818182,40.26724137931034,34.85344827586207,29.74786981818183
24947,2023-12-21 20:00:00,Asia/Bangkok,83.59192078947365,57.63247863247863,46.8034188034188,28.86359149122808
24948,2023-12-21 21:00:00,Asia/Bangkok,86.39580381818176,33.5948275862069,29.71551724137931,28.28642109090907
24949,2023-12-21 22:00:00,Asia/Bangkok,86.84777206896554,25.57758620689655,24.26724137931035,27.99228732758621
24950,2023-12-21 23:00:00,Asia/Bangkok,88.29326612068962,36.18103448275862,32.12931034482759,27.34864577586207
24951,2023-12-22 00:00:00,Asia/Bangkok,89.69046612068962,25.18103448275862,23.87931034482759,27.29620672413788
24952,2023-12-22 01:00:00,Asia/Bangkok,89.42841808695654,23.05982905982906,21.68376068376068,27.28870582608694
24953,2023-12-22 02:00:00,Asia/Bangkok,89.13201965217395,19.70689655172414,18.73275862068965,27.1182892173913
24954,2023-12-22 03:00:00,Asia/Bangkok,89.9053685344828,16.00862068965517,15.23275862068965,26.52107663793103
24955,2023-12-22 04:00:00,Asia/Bangkok,90.800280877193,16.51282051282051,15.5982905982906,26.24952728070177
24956,2023-12-22 05:00:00,Asia/Bangkok,91.42283627272728,8.517241379310345,8.0,26.10658245454547
24957,2023-12-22 06:00:00,Asia/Bangkok,92.09476017699117,9.310344827586206,8.655172413793103,26.11243973451326
24958,2023-12-22 07:00:00,Asia/Bangkok,92.7537202654867,30.51282051282051,26.1025641025641,26.05388150442478
24959,2023-12-22 08:00:00,Asia/Bangkok,94.06900622807017,17.35344827586207,15.37931034482759,25.70590412280701
24960,2023-12-22 09:00:00,Asia/Bangkok,95.74217478260871,6.760683760683761,6.008547008547009,25.56527599999999
24961,2023-12-22 10:00:00,Asia/Bangkok,93.69468250000004,6.793103448275862,6.344827586206897,26.10600051724138
24962,2023-12-22 11:00:00,Asia/Bangkok,94.52345678260869,6.801724137931035,6.086206896551724,26.2501752586207
24963,2023-12-22 12:00:00,Asia/Bangkok,93.27788339130436,5.172413793103448,4.706896551724138,26.93680173913043
24964,2023-12-22 13:00:00,Asia/Bangkok,94.73815913043481,6.735042735042735,6.153846153846154,26.71531263157895
24965,2023-12-22 14:00:00,Asia/Bangkok,84.6850461946903,6.560344827586207,6.060344827586207,29.12776614035088
24966,2023-12-22 15:00:00,Asia/Bangkok,78.08897575221239,6.525862068965517,6.008620689655173,30.02164973214287
24967,2023-12-22 16:00:00,Asia/Bangkok,81.78661808695651,7.353448275862069,6.637931034482759,29.26706982608694
24968,2023-12-22 17:00:00,Asia/Bangkok,77.13128973214286,6.189655172413793,5.724137931034483,29.31942339285714
24969,2023-12-22 18:00:00,Asia/Bangkok,78.75470935779818,5.275862068965517,4.836206896551724,28.46456743119263
24970,2023-12-22 19:00:00,Asia/Bangkok,81.0620945535715,6.282051282051282,5.760683760683761,27.33536973214287
24971,2023-12-22 20:00:00,Asia/Bangkok,82.31669787610622,12.37068965517241,11.68103448275862,26.74932495575221
24972,2023-12-22 21:00:00,Asia/Bangkok,84.08709396396397,12.54310344827586,11.69827586206897,26.49127171171171
24973,2023-12-22 22:00:00,Asia/Bangkok,86.97994473684214,10.42608695652174,9.721739130434782,26.19490122807017
24974,2023-12-22 23:00:00,Asia/Bangkok,88.73886745614035,9.095652173913043,8.6,25.80043982300881
24975,2023-12-23 00:00:00,Asia/Bangkok,90.02092070175436,10.24347826086957,9.643478260869566,25.89569939130434
24976,2023-12-23 01:00:00,Asia/Bangkok,90.27138939130433,11.37931034482759,10.82758620689655,26.12489097345132
24977,2023-12-23 02:00:00,Asia/Bangkok,88.4241129310345,10.47413793103448,9.85344827586207,26.01163999999999
24978,2023-12-23 03:00:00,Asia/Bangkok,89.52245991071425,11.75862068965517,10.99137931034483,25.54911142857144
24979,2023-12-23 04:00:00,Asia/Bangkok,90.6408981651376,12.61206896551724,11.82758620689655,24.93407266055043
24980,2023-12-23 05:00:00,Asia/Bangkok,90.57037639639647,12.67241379310345,11.81034482758621,24.82837153153152
24981,2023-12-23 06:00:00,Asia/Bangkok,90.14341252173911,11.18103448275862,10.58620689655172,24.78664843478262
24982,2023-12-23 07:00:00,Asia/Bangkok,90.42101486486489,13.78632478632479,13.05128205128205,24.93959990909091
24983,2023-12-23 08:00:00,Asia/Bangkok,90.78263868421054,12.23275862068965,11.46551724137931,25.33981140350879
24984,2023-12-23 09:00:00,Asia/Bangkok,87.98142601769912,12.45689655172414,11.70689655172414,27.03299592920354
24985,2023-12-23 10:00:00,Asia/Bangkok,80.5459730357143,10.27586206896552,9.586206896551724,28.94362348214285
24986,2023-12-23 11:00:00,Asia/Bangkok,78.63411869565218,11.87931034482759,11.10344827586207,29.30747313043479
24987,2023-12-23 12:00:00,Asia/Bangkok,77.56432403508774,13.29310344827586,12.43965517241379,29.08194807017544
24988,2023-12-23 13:00:00,Asia/Bangkok,77.69331286956525,13.97413793103448,12.97413793103448,28.98995956521738
24989,2023-12-23 14:00:00,Asia/Bangkok,76.9177432173913,13.51724137931035,12.68103448275862,29.07501478260871
24990,2023-12-23 15:00:00,Asia/Bangkok,78.13902166666661,13.93103448275862,12.8448275862069,28.65956092592593
24991,2023-12-23 16:00:00,Asia/Bangkok,78.553098,13.21551724137931,12.26724137931035,28.61518936363635
24992,2023-12-23 17:00:00,Asia/Bangkok,78.9725049122807,12.07692307692308,11.23076923076923,28.38958403508771
24993,2023-12-23 18:00:00,Asia/Bangkok,83.41511928571428,13.92241379310345,13.0,27.37728473214285
24994,2023-12-23 19:00:00,Asia/Bangkok,85.48215643478261,13.0,12.1551724137931,26.80365695652173
24995,2023-12-23 20:00:00,Asia/Bangkok,85.76106434782612,12.14655172413793,11.12068965517241,26.64641173913045
24996,2023-12-23 21:00:00,Asia/Bangkok,85.2094558035714,10.42241379310345,9.60344827586207,26.73352945945945
24997,2023-12-23 22:00:00,Asia/Bangkok,85.60494408695651,10.4017094017094,9.495726495726496,26.74349660869564
24998,2023-12-23 23:00:00,Asia/Bangkok,85.38623504347827,10.01739130434783,9.269565217391305,26.72617573913043
24999,2023-12-24 00:00:00,Asia/Bangkok,87.11449895652174,9.726495726495726,9.11111111111111,26.44060817391305
25000,2023-12-24 01:00:00,Asia/Bangkok,90.51520840707964,9.947826086956521,9.347826086956522,25.76891610619466
25001,2023-12-24 02:00:00,Asia/Bangkok,92.61470106194692,11.25,10.47413793103448,25.35312221238939
25002,2023-12-24 03:00:00,Asia/Bangkok,93.6439296521739,13.93103448275862,13.11206896551724,24.9569712173913
25003,2023-12-24 04:00:00,Asia/Bangkok,93.94472141592924,14.53448275862069,13.79310344827586,24.75940956140347
25004,2023-12-24 05:00:00,Asia/Bangkok,93.97121508771934,13.13675213675214,12.29059829059829,24.73865787610616
25005,2023-12-24 06:00:00,Asia/Bangkok,94.98928216216217,12.0,11.29310344827586,24.70739108108108
25006,2023-12-24 07:00:00,Asia/Bangkok,95.62890929203546,12.65217391304348,11.72173913043478,24.78662789473686
25007,2023-12-24 08:00:00,Asia/Bangkok,95.69975765765771,13.67543859649123,12.78947368421053,25.04979765765766
25008,2023-12-24 09:00:00,Asia/Bangkok,96.01490823008851,17.17857142857143,16.10714285714286,25.15220964601768
25009,2023-12-24 10:00:00,Asia/Bangkok,96.13766130434779,17.91379310344828,16.72413793103448,25.81259382608695
25010,2023-12-24 11:00:00,Asia/Bangkok,94.53966194690265,17.64655172413793,16.58620689655172,25.96214601769911
25011,2023-12-24 12:00:00,Asia/Bangkok,94.34842087719299,16.50434782608696,15.54782608695652,26.24517973451328
25012,2023-12-24 13:00:00,Asia/Bangkok,89.52710936363637,13.67241379310345,12.6551724137931,26.69818499999998
25013,2023-12-24 14:00:00,Asia/Bangkok,90.85402557522121,12.38260869565217,11.55652173913044,25.94732893805309
25014,2023-12-24 15:00:00,Asia/Bangkok,92.83614481481482,14.91379310344828,14.00862068965517,25.73246490740739
25015,2023-12-24 16:00:00,Asia/Bangkok,93.41885269565219,18.96581196581197,17.28205128205128,25.92739399999999
25016,2023-12-24 17:00:00,Asia/Bangkok,92.91396491228069,30.30172413793104,26.02586206896552,26.02278192982455
25017,2023-12-24 18:00:00,Asia/Bangkok,92.88203079646019,30.52586206896552,26.63793103448276,26.10400274336282
25018,2023-12-24 19:00:00,Asia/Bangkok,93.78721078947368,9.698275862068966,8.982758620689655,25.85349070796462
25019,2023-12-24 20:00:00,Asia/Bangkok,93.32644591304347,14.93965517241379,13.86206896551724,25.83233269565214
25020,2023-12-24 21:00:00,Asia/Bangkok,91.56684130434779,5.403508771929824,4.482456140350878,26.02500771929825
25021,2023-12-24 22:00:00,Asia/Bangkok,93.94754347826083,6.362068965517241,5.491379310344827,25.58977243478259
25022,2023-12-24 23:00:00,Asia/Bangkok,95.57416017543856,6.844827586206897,5.767241379310345,25.54207946902657
25023,2023-12-25 00:00:00,Asia/Bangkok,95.44735522522522,7.862068965517241,7.051724137931035,25.52769009009014
25024,2023-12-25 01:00:00,Asia/Bangkok,95.24239180180182,8.724137931034482,7.775862068965517,25.60789154545455
25025,2023-12-25 02:00:00,Asia/Bangkok,95.73155587719299,13.92307692307692,12.96581196581197,25.43662333333333
25026,2023-12-25 03:00:00,Asia/Bangkok,95.53953254385961,12.11206896551724,11.25,25.59383265486728
25027,2023-12-25 04:00:00,Asia/Bangkok,95.28346568965522,10.88793103448276,10.19827586206897,25.67285844827583
25028,2023-12-25 05:00:00,Asia/Bangkok,95.13765547826084,11.66379310344828,10.85344827586207,25.47613382608696
25029,2023-12-25 06:00:00,Asia/Bangkok,95.1860215652174,14.22222222222222,13.45299145299145,25.3651407826087
25030,2023-12-25 07:00:00,Asia/Bangkok,95.14630842105265,12.11206896551724,11.49137931034483,25.61239894736842
25031,2023-12-25 08:00:00,Asia/Bangkok,95.31858756521744,12.57758620689655,11.80172413793103,25.67483147826088
25032,2023-12-25 09:00:00,Asia/Bangkok,95.0781765789474,8.818965517241379,8.310344827586206,25.6666947368421
25033,2023-12-25 10:00:00,Asia/Bangkok,93.75658017391306,8.232758620689655,7.71551724137931,26.10280060869565
25034,2023-12-25 11:00:00,Asia/Bangkok,91.23793447368422,7.844827586206897,7.28448275862069,26.99623741071428
25035,2023-12-25 12:00:00,Asia/Bangkok,88.61101327272728,6.834782608695652,6.043478260869565,27.07309572727272
25036,2023-12-25 13:00:00,Asia/Bangkok,93.71483616071427,13.85470085470086,13.15384615384615,26.11467
25037,2023-12-25 14:00:00,Asia/Bangkok,94.67201347826085,14.5948275862069,13.86206896551724,26.46136686956522
25038,2023-12-25 15:00:00,Asia/Bangkok,93.65717805309733,14.37931034482759,13.68965517241379,26.89272168141592
25039,2023-12-25 16:00:00,Asia/Bangkok,92.5033798198198,13.95652173913044,13.07826086956522,27.16445711711709
25040,2023-12-25 17:00:00,Asia/Bangkok,90.60451887931036,11.90598290598291,11.21367521367521,27.53800991379313
25041,2023-12-25 18:00:00,Asia/Bangkok,90.05343990990987,10.6,9.869565217391305,27.41065756756756
25042,2023-12-25 19:00:00,Asia/Bangkok,90.27466770642202,12.19298245614035,11.43859649122807,26.77395798165137
25043,2023-12-25 20:00:00,Asia/Bangkok,91.16590130434786,12.33620689655172,11.62608695652174,26.42913852173916
25044,2023-12-25 21:00:00,Asia/Bangkok,91.90348194690264,11.59130434782609,11.0,26.22830221238939
25045,2023-12-25 22:00:00,Asia/Bangkok,92.40175315789472,12.09565217391304,11.40869565217391,26.13521535087719
25046,2023-12-25 23:00:00,Asia/Bangkok,93.03495864864868,9.256410256410257,8.547008547008547,26.02769180180177
25047,2023-12-26 00:00:00,Asia/Bangkok,93.49872796460177,7.189655172413793,6.612068965517241,25.9097550442478
25048,2023-12-26 01:00:00,Asia/Bangkok,94.2688702631579,6.181034482758621,5.5,25.71649578947367
25049,2023-12-26 02:00:00,Asia/Bangkok,94.22094130434785,8.586206896551724,8.008620689655173,25.69017791304353
25050,2023-12-26 03:00:00,Asia/Bangkok,94.84124417391304,11.11206896551724,10.56896551724138,25.389242
25051,2023-12-26 04:00:00,Asia/Bangkok,95.07037646551721,10.05172413793103,9.46551724137931,25.42252166666668
25052,2023-12-26 05:00:00,Asia/Bangkok,94.93704419642857,10.05172413793103,9.422413793103448,25.47193437500001
25053,2023-12-26 06:00:00,Asia/Bangkok,94.99840776785713,14.62931034482759,13.8448275862069,25.33584473214286
25054,2023-12-26 07:00:00,Asia/Bangkok,95.40528478260869,17.32173913043478,16.6551724137931,25.2965236521739
25055,2023-12-26 08:00:00,Asia/Bangkok,95.42127286956519,19.15384615384615,18.48717948717949,25.43435886956522
25056,2023-12-26 09:00:00,Asia/Bangkok,95.70787787610618,21.0,20.37068965517241,25.70413991150444
25057,2023-12-26 10:00:00,Asia/Bangkok,93.39187598214288,20.98275862068965,20.06896551724138,27.04668857142856
25058,2023-12-26 11:00:00,Asia/Bangkok,85.80174390909092,15.47826086956522,14.92241379310345,28.52039200000002
25059,2023-12-26 12:00:00,Asia/Bangkok,81.30317495495495,14.92241379310345,14.35344827586207,29.18392767857142
25060,2023-12-26 13:00:00,Asia/Bangkok,78.49756201754383,19.17241379310345,18.4051724137931,29.25983601769912
25061,2023-12-26 14:00:00,Asia/Bangkok,80.38134087719297,20.76923076923077,19.95726495726496,28.89533105263158
25062,2023-12-26 15:00:00,Asia/Bangkok,81.05954283185835,22.24137931034483,21.37068965517241,28.43803539823009
25063,2023-12-26 16:00:00,Asia/Bangkok,77.70451654867257,20.63247863247863,19.58119658119658,29.17758723214286
25064,2023-12-26 17:00:00,Asia/Bangkok,79.86081086956524,19.62931034482759,18.74137931034483,28.37046539130433
25065,2023-12-26 18:00:00,Asia/Bangkok,81.2716324347826,20.82758620689655,20.04310344827586,27.83937417391306
25066,2023-12-26 19:00:00,Asia/Bangkok,83.06540298245613,33.58771929824562,30.6140350877193,27.35342596491229
25067,2023-12-26 20:00:00,Asia/Bangkok,84.80813104347826,49.06034482758621,42.43103448275862,26.93429399999999
25068,2023-12-26 21:00:00,Asia/Bangkok,86.28962078947364,102.8706896551724,98.35344827586206,26.49974368421053
25069,2023-12-26 22:00:00,Asia/Bangkok,87.66270238938057,56.71551724137931,52.30172413793103,26.30401342105263
25070,2023-12-26 23:00:00,Asia/Bangkok,88.89122594594596,24.48275862068965,23.61206896551724,26.23633745454549
25071,2023-12-27 00:00:00,Asia/Bangkok,90.48064580357145,30.89655172413793,28.80172413793104,26.09109884955751
25072,2023-12-27 01:00:00,Asia/Bangkok,91.48183810810811,37.86324786324786,33.58119658119658,25.89956109090911
25073,2023-12-27 02:00:00,Asia/Bangkok,92.04102745614037,39.60344827586207,34.44827586206897,25.81937210526315
25074,2023-12-27 03:00:00,Asia/Bangkok,92.07787596491227,35.22222222222222,31.97413793103448,25.74167596491227
25075,2023-12-27 04:00:00,Asia/Bangkok,91.78069614678898,29.13513513513514,27.86607142857143,25.5971269724771
25076,2023-12-27 05:00:00,Asia/Bangkok,92.01797904347825,25.58620689655172,24.70689655172414,25.39706721739131
25077,2023-12-27 06:00:00,Asia/Bangkok,92.35214956140355,26.02608695652174,25.03478260869565,25.26485307017542
25078,2023-12-27 07:00:00,Asia/Bangkok,92.34322247787611,26.96551724137931,25.70689655172414,25.27932504424779
25079,2023-12-27 08:00:00,Asia/Bangkok,93.07093201754391,24.37931034482759,23.43965517241379,25.53099628318584
25080,2023-12-27 09:00:00,Asia/Bangkok,91.54577836206896,19.56896551724138,18.78448275862069,26.62026810344826
25081,2023-12-27 10:00:00,Asia/Bangkok,86.1026502654867,15.71551724137931,15.19827586206897,28.00227592920356
25082,2023-12-27 11:00:00,Asia/Bangkok,82.06715965217391,16.68103448275862,16.0,29.0762692173913
25083,2023-12-27 12:00:00,Asia/Bangkok,76.03613034782606,15.81034482758621,15.31896551724138,30.27705617391304
25084,2023-12-27 13:00:00,Asia/Bangkok,74.63102592920355,17.10344827586207,16.60344827586207,30.46482696428572
25085,2023-12-27 14:00:00,Asia/Bangkok,75.3711492982456,18.07758620689655,17.36752136752137,30.25827517543861
25086,2023-12-27 15:00:00,Asia/Bangkok,74.20047234234231,17.65217391304348,16.99130434782609,30.62089792792794
25087,2023-12-27 16:00:00,Asia/Bangkok,74.6482799137931,17.1025641025641,16.48717948717949,30.29903818965518
25088,2023-12-27 17:00:00,Asia/Bangkok,76.3649193103448,35.3448275862069,32.69827586206897,29.6941626724138
25089,2023-12-27 18:00:00,Asia/Bangkok,77.7886747826087,21.55172413793104,20.46086956521739,29.07482973913045
25090,2023-12-27 19:00:00,Asia/Bangkok,81.64448426086952,27.42241379310345,26.01709401709402,28.41191347826086
25091,2023-12-27 20:00:00,Asia/Bangkok,84.54377256637167,58.36206896551724,50.1551724137931,27.89558283185843
25092,2023-12-27 21:00:00,Asia/Bangkok,86.1010491304348,42.27350427350427,38.43589743589744,27.4579812173913
25093,2023-12-27 22:00:00,Asia/Bangkok,87.16885198198199,24.92241379310345,24.06034482758621,27.19183486486487
25094,2023-12-27 23:00:00,Asia/Bangkok,88.48350798245622,37.81896551724138,33.12931034482759,26.85639666666669
25095,2023-12-28 00:00:00,Asia/Bangkok,89.62830902654864,24.51724137931035,23.56896551724138,26.59449769911506
25096,2023-12-28 01:00:00,Asia/Bangkok,89.99745614035083,19.81196581196581,19.12820512820513,26.53462236842105
25097,2023-12-28 02:00:00,Asia/Bangkok,90.37128782608703,16.94827586206896,16.31034482758621,26.23972947826085
25098,2023-12-28 03:00:00,Asia/Bangkok,90.81678256637169,18.67826086956522,17.85217391304348,25.91227660714286
25099,2023-12-28 04:00:00,Asia/Bangkok,91.4234396491228,20.41025641025641,19.43103448275862,25.63362201754391
25100,2023-12-28 05:00:00,Asia/Bangkok,91.4622475652174,22.42608695652174,21.5948275862069,25.43296695652175
25101,2023-12-28 06:00:00,Asia/Bangkok,92.56010862068965,28.52586206896552,27.14655172413793,25.25156474137933
25102,2023-12-28 07:00:00,Asia/Bangkok,92.92365612068969,26.72649572649573,25.78632478632479,25.18929130434785
25103,2023-12-28 08:00:00,Asia/Bangkok,93.75773556521739,25.54310344827586,24.64655172413793,25.36675017543862
25104,2023-12-28 09:00:00,Asia/Bangkok,93.43264853448274,26.20689655172414,25.12931034482759,26.62871827586205
25105,2023-12-28 10:00:00,Asia/Bangkok,87.77691026785716,21.17241379310345,20.44827586206896,28.45359517857145
25106,2023-12-28 11:00:00,Asia/Bangkok,86.8584200877193,34.43965517241379,31.8448275862069,28.60306982456139
25107,2023-12-28 12:00:00,Asia/Bangkok,83.21346947368426,43.20689655172414,37.62608695652174,29.28042122807019
25108,2023-12-28 13:00:00,Asia/Bangkok,79.4312467857143,48.70689655172414,41.8974358974359,29.730916875
25109,2023-12-28 14:00:00,Asia/Bangkok,84.85084321428572,30.8,27.8695652173913,28.29938303571427
25110,2023-12-28 15:00:00,Asia/Bangkok,91.94700324324327,11.93965517241379,11.53448275862069,26.62596409090908
25111,2023-12-28 16:00:00,Asia/Bangkok,90.22964763157898,17.2695652173913,16.38260869565217,28.05478619469028
25112,2023-12-28 17:00:00,Asia/Bangkok,85.07085156521741,19.53043478260869,18.86086956521739,29.3122559130435
25113,2023-12-28 18:00:00,Asia/Bangkok,84.33305017241379,17.44827586206896,16.68965517241379,28.72727172413794
25114,2023-12-28 19:00:00,Asia/Bangkok,86.68300440366973,17.48275862068965,16.77586206896552,27.69945834862385
25115,2023-12-28 20:00:00,Asia/Bangkok,89.51101580357138,18.3448275862069,17.51724137931035,27.06933785714285
25116,2023-12-28 21:00:00,Asia/Bangkok,90.92126721739133,25.5982905982906,24.52991452991453,26.62277286956521
25117,2023-12-28 22:00:00,Asia/Bangkok,91.50996182608695,29.68965517241379,27.02586206896552,26.50518330434782
25118,2023-12-28 23:00:00,Asia/Bangkok,91.98790487179492,16.17094017094017,15.37606837606838,26.11982495726496
25119,2023-12-29 00:00:00,Asia/Bangkok,92.10173621621624,16.66379310344828,15.91379310344828,26.03885459459458
25120,2023-12-29 01:00:00,Asia/Bangkok,92.36728681415933,18.9051724137931,17.94827586206896,26.01233867256638
25121,2023-12-29 02:00:00,Asia/Bangkok,93.17240491379313,19.14655172413793,18.35344827586207,25.9420931304348
25122,2023-12-29 03:00:00,Asia/Bangkok,93.3156455752212,18.25862068965517,17.55172413793104,25.98773805309735
25123,2023-12-29 04:00:00,Asia/Bangkok,93.88947293103448,19.14529914529914,18.34188034188034,25.91097362068968
25124,2023-12-29 05:00:00,Asia/Bangkok,93.97563260869563,19.85344827586207,18.96551724137931,25.84665808695652
25125,2023-12-29 06:00:00,Asia/Bangkok,94.21830070175432,18.14655172413793,17.39655172413793,25.72324122807017
25126,2023-12-29 07:00:00,Asia/Bangkok,94.84257371681417,19.68103448275862,18.81896551724138,25.63652062500001
25127,2023-12-29 08:00:00,Asia/Bangkok,95.4791004385965,21.71551724137931,20.73275862068965,26.09225912280703
25128,2023-12-29 09:00:00,Asia/Bangkok,93.1536256140351,15.58974358974359,14.82905982905983,27.05838043859649
25129,2023-12-29 10:00:00,Asia/Bangkok,94.38988535714282,12.57758620689655,11.96551724137931,27.06838642857141
25130,2023-12-29 11:00:00,Asia/Bangkok,91.33737274336279,12.52991452991453,11.7008547008547,27.91503194690265
25131,2023-12-29 12:00:00,Asia/Bangkok,90.96496846846851,13.77586206896552,12.95689655172414,28.16558981981981
25132,2023-12-29 13:00:00,Asia/Bangkok,89.19632920353986,10.25,9.456896551724139,27.81920380530973
25133,2023-12-29 14:00:00,Asia/Bangkok,94.43413044247787,4.594827586206897,4.094827586206897,25.12110867256637
25134,2023-12-29 15:00:00,Asia/Bangkok,95.39991767241384,7.264957264957265,6.615384615384615,27.02705672413792
25135,2023-12-29 16:00:00,Asia/Bangkok,94.43694169642859,10.68695652173913,9.852173913043478,27.14298482142857
25136,2023-12-29 17:00:00,Asia/Bangkok,94.35421456140351,13.32758620689655,12.62068965517241,27.28207666666665
25137,2023-12-29 18:00:00,Asia/Bangkok,94.24398249999994,14.2,13.48695652173913,27.50724946428574
25138,2023-12-29 19:00:00,Asia/Bangkok,94.1540800877193,36.86206896551724,32.04310344827586,27.27399535087722
25139,2023-12-29 20:00:00,Asia/Bangkok,94.22575495575222,61.58620689655172,51.01724137931034,27.00253415929204
25140,2023-12-29 21:00:00,Asia/Bangkok,94.55877904347825,38.85344827586207,34.51724137931034,26.74874245614032
25141,2023-12-29 22:00:00,Asia/Bangkok,94.85071266055046,30.56896551724138,29.01724137931035,26.60291082568808
25142,2023-12-29 23:00:00,Asia/Bangkok,95.16106553571423,36.6551724137931,32.88793103448276,26.58558366071431
25143,2023-12-30 00:00:00,Asia/Bangkok,96.11937203539824,21.02608695652174,19.17391304347826,25.80039061946904
25144,2023-12-30 01:00:00,Asia/Bangkok,95.78460637168139,7.052173913043478,6.643478260869565,25.42633053097349
25145,2023-12-30 02:00:00,Asia/Bangkok,95.76742771929824,8.775862068965518,8.258620689655173,25.36911412280703
25146,2023-12-30 03:00:00,Asia/Bangkok,96.04503837837838,8.008695652173913,7.669565217391304,25.3707444144144
25147,2023-12-30 04:00:00,Asia/Bangkok,95.36832605263157,6.052173913043478,5.756521739130434,25.34009385964913
25148,2023-12-30 05:00:00,Asia/Bangkok,94.9635605263158,5.767241379310345,5.474137931034483,25.15576903508774
25149,2023-12-30 06:00:00,Asia/Bangkok,94.99704366972477,5.252173913043478,5.008695652173913,24.88424174311929
25150,2023-12-30 07:00:00,Asia/Bangkok,95.12909230088498,5.846153846153846,5.452991452991453,24.72119539823008
25151,2023-12-30 08:00:00,Asia/Bangkok,95.78306800000003,10.14655172413793,9.629310344827585,25.0441632173913
25152,2023-12-30 09:00:00,Asia/Bangkok,96.7304016071429,12.6551724137931,12.13793103448276,26.50225258928571
25153,2023-12-30 10:00:00,Asia/Bangkok,92.59440146551727,12.38461538461539,11.83760683760684,28.02120241379312
25154,2023-12-30 11:00:00,Asia/Bangkok,86.87399892857145,12.04347826086956,11.59130434782609,29.46893883928572
25155,2023-12-30 12:00:00,Asia/Bangkok,87.80294263157894,11.78632478632479,11.16239316239316,28.42439298245615
25156,2023-12-30 13:00:00,Asia/Bangkok,85.85363044247791,10.23275862068965,9.655172413793103,29.68418371681416
25157,2023-12-30 14:00:00,Asia/Bangkok,89.55659,10.44827586206897,9.758620689655173,28.26935637168141
25158,2023-12-30 15:00:00,Asia/Bangkok,93.89579999999997,8.362068965517242,7.939655172413793,27.12857499999999
25159,2023-12-30 16:00:00,Asia/Bangkok,91.35750330434787,9.649572649572649,9.205128205128204,28.12588556521736
25160,2023-12-30 17:00:00,Asia/Bangkok,91.48136686956522,12.68965517241379,12.21551724137931,28.02336904347825
25161,2023-12-30 18:00:00,Asia/Bangkok,92.56980468468473,15.06034482758621,14.47413793103448,27.04948972972974
25162,2023-12-30 19:00:00,Asia/Bangkok,93.18863017699114,13.31034482758621,12.72413793103448,26.48896044247789
25163,2023-12-30 20:00:00,Asia/Bangkok,93.27184447368423,17.38793103448276,16.57758620689655,26.17002849557523
25164,2023-12-30 21:00:00,Asia/Bangkok,93.60174473214288,15.98290598290598,15.23076923076923,26.04898437499999
25165,2023-12-30 22:00:00,Asia/Bangkok,93.97291690265487,21.35344827586207,20.37931034482759,25.99326544642855
25166,2023-12-30 23:00:00,Asia/Bangkok,94.19747938053095,18.81739130434783,17.93913043478261,25.81419362831855
25167,2023-12-31 00:00:00,Asia/Bangkok,94.65479166666665,16.7304347826087,16.06034482758621,25.64795710526316
25168,2023-12-31 01:00:00,Asia/Bangkok,94.92399184210531,16.52586206896552,15.64655172413793,25.5342095614035
25169,2023-12-31 02:00:00,Asia/Bangkok,95.37685000000006,7.905172413793103,7.431034482758621,25.07423495652172
25170,2023-12-31 03:00:00,Asia/Bangkok,94.75377617391308,4.741379310344827,4.422413793103448,24.94800965217391
25171,2023-12-31 04:00:00,Asia/Bangkok,94.33760200000006,5.120689655172414,4.758620689655173,25.0212
25172,2023-12-31 05:00:00,Asia/Bangkok,94.02276008771932,5.931034482758621,5.474137931034483,24.86779184210525
25173,2023-12-31 06:00:00,Asia/Bangkok,94.2753032142857,5.577586206896552,5.189655172413793,24.647704375
25174,2023-12-31 07:00:00,Asia/Bangkok,94.41487477876105,6.555555555555555,6.102564102564102,24.58186769911505
25175,2023-12-31 08:00:00,Asia/Bangkok,95.14228391304339,10.69827586206897,10.11206896551724,24.81084617391303
25176,2023-12-31 09:00:00,Asia/Bangkok,96.0276026724138,16.21551724137931,15.29310344827586,26.42133573913043
25177,2023-12-31 10:00:00,Asia/Bangkok,90.93843660869568,12.61538461538461,11.56410256410256,28.25756807017544
25178,2023-12-31 11:00:00,Asia/Bangkok,86.41146274336283,13.40350877192983,12.42982456140351,29.25782778761061
25179,2023-12-31 12:00:00,Asia/Bangkok,82.72770269565217,13.77586206896552,12.96551724137931,30.08226156521739
25180,2023-12-31 13:00:00,Asia/Bangkok,76.56832663716811,13.62280701754386,12.98260869565217,31.4876938938053
25181,2023-12-31 14:00:00,Asia/Bangkok,73.5352700869565,14.22413793103448,13.55172413793103,32.05958217391305
25182,2023-12-31 15:00:00,Asia/Bangkok,75.97451224137932,13.54310344827586,12.94827586206897,31.34435405172412
25183,2023-12-31 16:00:00,Asia/Bangkok,78.85822695652173,14.19827586206897,13.47413793103448,31.10848060869565
25184,2023-12-31 17:00:00,Asia/Bangkok,80.74112467889913,15.16379310344828,14.41379310344828,30.22355587155963
25185,2023-12-31 18:00:00,Asia/Bangkok,80.83457560344829,15.15384615384615,14.34188034188034,29.25551474137933
25186,2023-12-31 19:00:00,Asia/Bangkok,84.47371789473685,22.92035398230088,21.6283185840708,28.74059421052631
25187,2023-12-31 20:00:00,Asia/Bangkok,85.48855927927929,38.14655172413793,35.20689655172414,28.44770603603603
25188,2023-12-31 21:00:00,Asia/Bangkok,87.20002344827581,43.69827586206897,40.05172413793103,27.69429387931035
25189,2023-12-31 22:00:00,Asia/Bangkok,88.95315232758618,38.43965517241379,35.24137931034483,27.12937948275859
25190,2023-12-31 23:00:00,Asia/Bangkok,89.80269669642864,35.25862068965517,32.04310344827586,26.80061482142857
25191,2024-01-01 00:00:00,Asia/Bangkok,92.6960017948718,43.32478632478632,36.56410256410256,26.3742775862069
25192,2024-01-01 01:00:00,Asia/Bangkok,91.925192173913,94.86206896551724,86.46551724137932,26.66900599999999
25193,2024-01-01 02:00:00,Asia/Bangkok,91.486144,31.1551724137931,29.42241379310345,26.57252521739131
25194,2024-01-01 03:00:00,Asia/Bangkok,91.8677195535714,26.87826086956522,25.93913043478261,26.33332973214287
25195,2024-01-01 04:00:00,Asia/Bangkok,92.10495398230088,25.91452991452991,24.90598290598291,26.03367690265486
25196,2024-01-01 05:00:00,Asia/Bangkok,92.38983357142864,33.26724137931034,30.82758620689655,25.78327612612611
25197,2024-01-01 06:00:00,Asia/Bangkok,92.61160954545453,36.42241379310344,32.75,25.55225063636363
25198,2024-01-01 07:00:00,Asia/Bangkok,93.05192696428576,38.0948275862069,33.75,25.36562169642855
25199,2024-01-01 08:00:00,Asia/Bangkok,94.28276640350876,29.62931034482759,27.89655172413793,25.62921543859648
25200,2024-01-01 09:00:00,Asia/Bangkok,94.47344947368425,18.08547008547009,16.7948717948718,26.99657125
25201,2024-01-01 10:00:00,Asia/Bangkok,87.04911594827583,12.06034482758621,11.30172413793103,28.62923060344826
25202,2024-01-01 11:00:00,Asia/Bangkok,80.43356444444444,11.5042735042735,10.85470085470086,29.95962179487179
25203,2024-01-01 12:00:00,Asia/Bangkok,77.44657596491227,11.20689655172414,10.47413793103448,30.55051263157895
25204,2024-01-01 13:00:00,Asia/Bangkok,76.39514226086958,11.33333333333333,10.61538461538461,30.87741800000001
25205,2024-01-01 14:00:00,Asia/Bangkok,74.65903203539827,11.18103448275862,10.48275862068965,31.44723672566372
25206,2024-01-01 15:00:00,Asia/Bangkok,74.66016469565218,10.1551724137931,9.491379310344827,31.58730617391302
25207,2024-01-01 16:00:00,Asia/Bangkok,73.70732955357141,9.025862068965518,8.224137931034482,31.58412401785714
25208,2024-01-01 17:00:00,Asia/Bangkok,76.24814131578945,31.82051282051282,27.51282051282051,30.66205771929826
25209,2024-01-01 18:00:00,Asia/Bangkok,80.02855035087717,101.3793103448276,89.14655172413794,29.62004359649121
25210,2024-01-01 19:00:00,Asia/Bangkok,82.26557999999999,230.698275862069,189.8620689655172,29.08337260869565
25211,2024-01-01 20:00:00,Asia/Bangkok,85.16584141592918,90.5603448275862,80.97413793103448,28.66182530973452
25212,2024-01-01 21:00:00,Asia/Bangkok,86.89236526315788,106.9478260869565,94.40869565217392,28.26405482456141
25213,2024-01-01 22:00:00,Asia/Bangkok,88.63439525862071,71.80172413793103,61.87931034482759,27.64756456896552
25214,2024-01-01 23:00:00,Asia/Bangkok,89.57519754385967,53.00862068965517,44.07758620689656,27.18639017543859
25215,2024-01-02 00:00:00,Asia/Bangkok,90.53225578947368,40.12173913043478,35.36521739130435,26.78247078947367
25216,2024-01-02 01:00:00,Asia/Bangkok,90.8791690265487,24.33043478260869,22.19130434782609,26.43169814159292
25217,2024-01-02 02:00:00,Asia/Bangkok,91.42742929824563,36.44827586206897,31.47413793103448,26.06056333333333
25218,2024-01-02 03:00:00,Asia/Bangkok,91.93294130434785,13.04273504273504,11.93162393162393,25.82276452173912
25219,2024-01-02 04:00:00,Asia/Bangkok,92.12983614035086,10.41379310344828,9.586206896551724,25.59785219298248
25220,2024-01-02 05:00:00,Asia/Bangkok,92.3982851304348,10.57264957264957,9.820512820512821,25.43101504347826
25221,2024-01-02 06:00:00,Asia/Bangkok,92.59059359649123,9.379310344827585,8.71551724137931,25.24993236842107
25222,2024-01-02 07:00:00,Asia/Bangkok,92.78375652173914,8.530434782608696,7.982608695652174,25.02154939130434
25223,2024-01-02 08:00:00,Asia/Bangkok,93.80700078260868,10.5948275862069,9.887931034482758,25.29169382608697
25224,2024-01-02 09:00:00,Asia/Bangkok,94.3769564035088,9.931623931623932,9.051282051282051,26.8800295614035
25225,2024-01-02 10:00:00,Asia/Bangkok,85.81317460176993,6.672413793103448,5.827586206896552,28.75067814159293
25226,2024-01-02 11:00:00,Asia/Bangkok,81.30738964912278,7.155172413793103,6.396551724137931,29.62079315789476
25227,2024-01-02 12:00:00,Asia/Bangkok,77.83778228070176,9.914529914529915,9.23076923076923,30.50275043859649
25228,2024-01-02 13:00:00,Asia/Bangkok,72.51083219298245,8.379310344827585,7.594827586206897,31.76368500000002
25229,2024-01-02 14:00:00,Asia/Bangkok,68.38093607142855,8.316239316239317,7.726495726495727,32.31598446428574
25230,2024-01-02 15:00:00,Asia/Bangkok,69.24771000000003,10.18965517241379,9.60344827586207,31.8354627927928
25231,2024-01-02 16:00:00,Asia/Bangkok,70.36829891891892,8.474137931034482,7.905172413793103,31.8130908108108
25232,2024-01-02 17:00:00,Asia/Bangkok,71.67276381818178,9.35344827586207,8.78448275862069,31.36684054545455
25233,2024-01-02 18:00:00,Asia/Bangkok,75.2988861607143,41.62931034482759,36.75,30.1843713392857
25234,2024-01-02 19:00:00,Asia/Bangkok,80.0930526785714,58.54310344827586,46.27586206896552,29.43151819819817
25235,2024-01-02 20:00:00,Asia/Bangkok,83.57191928571429,56.57017543859649,47.09649122807018,28.86791159292036
25236,2024-01-02 21:00:00,Asia/Bangkok,86.75690508620686,70.82758620689656,61.22413793103448,28.16079232758618
25237,2024-01-02 22:00:00,Asia/Bangkok,88.20637303571432,78.07758620689656,70.05172413793103,28.00549144144143
25238,2024-01-02 23:00:00,Asia/Bangkok,88.99950159292037,59.85217391304348,48.6695652173913,27.47818610619467
25239,2024-01-03 00:00:00,Asia/Bangkok,89.60270672566365,46.33913043478261,38.66086956521739,27.2468553097345
25240,2024-01-03 01:00:00,Asia/Bangkok,89.90372096491228,45.97413793103448,38.70689655172414,26.92991681415931
25241,2024-01-03 02:00:00,Asia/Bangkok,90.12548336363636,38.22413793103448,33.45689655172414,26.57874945454544
25242,2024-01-03 03:00:00,Asia/Bangkok,90.81156526315787,38.13793103448276,33.44827586206897,26.1298285964912
25243,2024-01-03 04:00:00,Asia/Bangkok,91.14286043859653,34.8448275862069,31.36206896551724,25.94084657894737
25244,2024-01-03 05:00:00,Asia/Bangkok,91.51440747826086,25.82051282051282,24.50427350427351,25.69331460869565
25245,2024-01-03 06:00:00,Asia/Bangkok,91.82087149122808,21.66379310344828,20.64655172413793,25.48286149122808
25246,2024-01-03 07:00:00,Asia/Bangkok,91.69266455357148,18.0948275862069,17.36206896551724,25.40028702702701
25247,2024-01-03 08:00:00,Asia/Bangkok,92.9371988392857,21.08620689655172,19.71551724137931,25.47226937499999
25248,2024-01-03 09:00:00,Asia/Bangkok,93.17538862068963,12.43589743589744,11.52136752136752,27.00967646551723
25249,2024-01-03 10:00:00,Asia/Bangkok,84.32932681034482,8.21551724137931,7.560344827586207,29.37105232758621
25250,2024-01-03 11:00:00,Asia/Bangkok,79.13529078260866,9.948717948717949,9.2991452991453,30.04771130434783
25251,2024-01-03 12:00:00,Asia/Bangkok,76.74215732142856,10.58620689655172,9.818965517241379,30.38440624999999
25252,2024-01-03 13:00:00,Asia/Bangkok,72.3695681981982,7.612068965517241,7.086206896551724,31.70152918181818
25253,2024-01-03 14:00:00,Asia/Bangkok,70.46991869565217,10.74137931034483,10.24137931034483,31.53956521739128
25254,2024-01-03 15:00:00,Asia/Bangkok,69.69921216216213,12.19827586206897,11.49137931034483,31.833394375
25255,2024-01-03 16:00:00,Asia/Bangkok,69.95595956896554,9.88888888888889,9.23076923076923,31.95961808695653
25256,2024-01-03 17:00:00,Asia/Bangkok,69.14458456140352,12.12931034482759,11.12068965517241,31.8009999122807
25257,2024-01-03 18:00:00,Asia/Bangkok,72.51200258928573,9.913793103448276,9.10344827586207,30.56513098214284
25258,2024-01-03 19:00:00,Asia/Bangkok,76.75054982142858,10.66379310344828,9.931034482758621,29.94280285714288
25259,2024-01-03 20:00:00,Asia/Bangkok,81.91844252173911,32.71794871794872,29.49572649572649,28.94777859649125
25260,2024-01-03 21:00:00,Asia/Bangkok,84.07243219298249,46.54310344827586,38.99137931034483,28.62170017699114
25261,2024-01-03 22:00:00,Asia/Bangkok,85.65211681415929,36.82608695652174,32.56521739130435,28.17854723214285
25262,2024-01-03 23:00:00,Asia/Bangkok,86.88061201754387,32.87068965517241,30.18965517241379,27.82680368421051
25263,2024-01-04 00:00:00,Asia/Bangkok,87.95653078260871,32.8974358974359,30.29310344827586,27.40817539130433
25264,2024-01-04 01:00:00,Asia/Bangkok,88.40309079646015,43.62931034482759,36.88034188034188,27.14108203539822
25265,2024-01-04 02:00:00,Asia/Bangkok,89.39658443478257,43.20689655172414,36.58620689655172,26.76239643478261
25266,2024-01-04 03:00:00,Asia/Bangkok,89.92981639639639,36.38260869565217,32.40869565217391,26.66602580357144
25267,2024-01-04 04:00:00,Asia/Bangkok,89.9091417699115,28.36752136752137,26.82905982905983,26.33228123893805
25268,2024-01-04 05:00:00,Asia/Bangkok,90.78708271929824,25.67241379310345,24.42241379310345,26.03974184210523
25269,2024-01-04 06:00:00,Asia/Bangkok,90.93892150442477,29.36842105263158,27.26315789473684,25.83205796460177
25270,2024-01-04 07:00:00,Asia/Bangkok,91.36827495495498,34.24137931034483,30.89655172413793,25.61052261261266
25271,2024-01-04 08:00:00,Asia/Bangkok,92.60487438596489,32.98260869565217,30.38260869565217,25.87305798245613
25272,2024-01-04 09:00:00,Asia/Bangkok,92.9408576521739,19.20689655172414,17.79310344827586,27.23631991304348
25273,2024-01-04 10:00:00,Asia/Bangkok,83.7539606140351,11.44347826086956,10.41739130434783,29.53867043859649
25274,2024-01-04 11:00:00,Asia/Bangkok,80.09170008771932,9.922413793103448,9.043103448275861,30.61919114035086
25275,2024-01-04 12:00:00,Asia/Bangkok,76.40542947368422,10.99145299145299,10.29059829059829,31.50913657894736
25276,2024-01-04 13:00:00,Asia/Bangkok,71.26838991304346,13.24137931034483,12.31896551724138,32.53306582608697
25277,2024-01-04 14:00:00,Asia/Bangkok,70.7298023275862,11.27586206896552,10.39655172413793,32.32089051724136
25278,2024-01-04 15:00:00,Asia/Bangkok,73.84708589285718,11.04273504273504,10.11965811965812,31.24594580357141
25279,2024-01-04 16:00:00,Asia/Bangkok,72.58230619469028,11.04310344827586,10.25862068965517,31.60779964285715
25280,2024-01-04 17:00:00,Asia/Bangkok,77.11265859649119,13.63716814159292,12.61946902654867,30.53858842105263
25281,2024-01-04 18:00:00,Asia/Bangkok,78.9761323478261,32.48275862068966,28.3448275862069,29.93428293103447
25282,2024-01-04 19:00:00,Asia/Bangkok,82.63900758620689,33.55555555555556,28.88888888888889,29.2585224347826
25283,2024-01-04 20:00:00,Asia/Bangkok,84.88407850877195,23.74137931034483,21.58620689655172,28.78671464912279
25284,2024-01-04 21:00:00,Asia/Bangkok,87.5212391304348,61.64655172413793,50.11206896551724,28.1847247826087
25285,2024-01-04 22:00:00,Asia/Bangkok,88.53390652173917,50.91452991452991,41.67521367521368,28.04259582608695
25286,2024-01-04 23:00:00,Asia/Bangkok,89.50153473214287,41.08620689655172,34.92241379310344,27.8286200892857
25287,2024-01-05 00:00:00,Asia/Bangkok,89.87441603603604,34.2212389380531,30.74336283185841,27.59604351351351
25288,2024-01-05 01:00:00,Asia/Bangkok,91.96985400000003,31.88695652173913,28.53913043478261,27.12964347826084
25289,2024-01-05 02:00:00,Asia/Bangkok,93.54761642857143,19.80172413793104,18.4051724137931,26.92478383928573
25290,2024-01-05 03:00:00,Asia/Bangkok,93.95171192982455,18.14655172413793,16.85344827586207,26.87902342105262
25291,2024-01-05 04:00:00,Asia/Bangkok,93.73520767857141,19.28448275862069,17.92241379310345,26.96140553571431
25292,2024-01-05 05:00:00,Asia/Bangkok,93.37100982300885,18.5948275862069,17.43965517241379,26.76577192982457
25293,2024-01-05 06:00:00,Asia/Bangkok,93.55714903508772,17.58620689655172,16.37068965517241,26.49981131578948
25294,2024-01-05 07:00:00,Asia/Bangkok,93.60196330357145,15.94017094017094,14.83760683760684,26.22082081081081
25295,2024-01-05 08:00:00,Asia/Bangkok,94.61743254385968,15.18965517241379,14.28448275862069,26.10329283185841
25296,2024-01-05 09:00:00,Asia/Bangkok,95.14689736842107,15.17241379310345,14.22413793103448,26.67478947368419
25297,2024-01-05 10:00:00,Asia/Bangkok,93.29348460176996,13.50862068965517,12.56034482758621,27.64384151785714
25298,2024-01-05 11:00:00,Asia/Bangkok,87.64225734513275,11.51304347826087,10.33913043478261,28.88174473684211
25299,2024-01-05 12:00:00,Asia/Bangkok,86.6468300909091,12.90434782608696,11.67826086956522,29.23334336363636
25300,2024-01-05 13:00:00,Asia/Bangkok,87.09861582608697,14.93805309734513,13.38938053097345,28.58339429824562
25301,2024-01-05 14:00:00,Asia/Bangkok,81.09349079646019,16.31578947368421,15.06086956521739,29.74465903508774
25302,2024-01-05 15:00:00,Asia/Bangkok,79.30752371681417,17.71794871794872,16.31623931623932,29.73062928571429
25303,2024-01-05 16:00:00,Asia/Bangkok,85.15032785714286,17.10434782608696,15.51304347826087,28.89417499999999
25304,2024-01-05 17:00:00,Asia/Bangkok,83.42814400000007,16.32173913043478,15.05217391304348,29.12101842105259
25305,2024-01-05 18:00:00,Asia/Bangkok,82.89319087719296,14.3448275862069,12.86206896551724,28.78588920353984
25306,2024-01-05 19:00:00,Asia/Bangkok,85.30423649122805,25.28695652173913,22.52173913043478,28.65434745614035
25307,2024-01-05 20:00:00,Asia/Bangkok,87.25293113043476,24.21739130434782,22.13913043478261,28.19580260869563
25308,2024-01-05 21:00:00,Asia/Bangkok,92.21698382608693,18.0,16.87068965517241,26.04790878260872
25309,2024-01-05 22:00:00,Asia/Bangkok,93.6930893043478,16.22222222222222,15.48717948717949,25.97820000000002
25310,2024-01-05 23:00:00,Asia/Bangkok,92.86765097345132,16.94690265486726,16.0353982300885,26.01217238938052
25311,2024-01-06 00:00:00,Asia/Bangkok,92.90935333333336,19.26724137931035,18.14655172413793,25.94149540540542
25312,2024-01-06 01:00:00,Asia/Bangkok,92.81484391304349,20.49137931034483,19.54310344827586,25.7641093103448
25313,2024-01-06 02:00:00,Asia/Bangkok,93.18794810810816,22.42735042735043,21.49572649572649,25.59896587155965
25314,2024-01-06 03:00:00,Asia/Bangkok,93.47639292035403,23.17241379310345,22.14655172413793,25.55084486725667
25315,2024-01-06 04:00:00,Asia/Bangkok,93.838356,28.00862068965517,26.28448275862069,25.39239929824559
25316,2024-01-06 05:00:00,Asia/Bangkok,93.95729698275863,25.12931034482759,24.17241379310345,25.31429491379314
25317,2024-01-06 06:00:00,Asia/Bangkok,94.03477071428571,22.92307692307692,21.92307692307692,25.22268473214286
25318,2024-01-06 07:00:00,Asia/Bangkok,94.2090068468468,22.14655172413793,21.12931034482759,25.14763540540541
25319,2024-01-06 08:00:00,Asia/Bangkok,95.08812208695655,23.69565217391304,22.6551724137931,25.62346469565219
25320,2024-01-06 09:00:00,Asia/Bangkok,95.56785561403507,28.5982905982906,27.1965811965812,26.99600192982458
25321,2024-01-06 10:00:00,Asia/Bangkok,89.03192486486485,24.75862068965517,22.97413793103448,28.27449675675676
25322,2024-01-06 11:00:00,Asia/Bangkok,83.43479223214285,24.63793103448276,23.03448275862069,29.36205330357144
25323,2024-01-06 12:00:00,Asia/Bangkok,75.06922078947372,26.13675213675214,24.73504273504274,30.9261136842105
25324,2024-01-06 13:00:00,Asia/Bangkok,71.05105289473681,25.5,24.06034482758621,31.58130570175437
25325,2024-01-06 14:00:00,Asia/Bangkok,71.21487236842104,24.5948275862069,23.44827586206896,31.46840254385965
25326,2024-01-06 15:00:00,Asia/Bangkok,76.74901184210526,26.66379310344828,25.0,30.18596394736841
25327,2024-01-06 16:00:00,Asia/Bangkok,78.32264578947371,20.73504273504274,19.86206896551724,30.15078263157895
25328,2024-01-06 17:00:00,Asia/Bangkok,78.95677034482758,22.42241379310345,21.23076923076923,30.1595353448276
25329,2024-01-06 18:00:00,Asia/Bangkok,80.50727513274332,26.6551724137931,25.16379310344828,29.58098415929202
25330,2024-01-06 19:00:00,Asia/Bangkok,82.42938412280702,29.3448275862069,27.63793103448276,29.04472789473686
25331,2024-01-06 20:00:00,Asia/Bangkok,86.23834421052634,46.68103448275862,39.11206896551724,28.37929078260869
25332,2024-01-06 21:00:00,Asia/Bangkok,91.19974068965519,58.61538461538461,50.57264957264957,27.26604208695652
25333,2024-01-06 22:00:00,Asia/Bangkok,91.55071285714283,60.62068965517241,49.93103448275862,27.06986071428568
25334,2024-01-06 23:00:00,Asia/Bangkok,91.95981929203542,47.0,39.56637168141593,26.91483920353984
25335,2024-01-07 00:00:00,Asia/Bangkok,91.79940122807018,43.76068376068376,37.04273504273505,26.72700543859648
25336,2024-01-07 01:00:00,Asia/Bangkok,91.74680973684214,45.35344827586207,38.18965517241379,26.35652684210526
25337,2024-01-07 02:00:00,Asia/Bangkok,92.77135619469021,41.55652173913043,35.79130434782608,26.09424176991151
25338,2024-01-07 03:00:00,Asia/Bangkok,92.93301254385969,32.72173913043478,30.32173913043478,26.01163280701752
25339,2024-01-07 04:00:00,Asia/Bangkok,92.8603435652174,25.6551724137931,24.46551724137931,26.03174452173914
25340,2024-01-07 05:00:00,Asia/Bangkok,92.82209094827586,20.74137931034483,19.5948275862069,26.03477594827584
25341,2024-01-07 06:00:00,Asia/Bangkok,93.03973035087719,17.13913043478261,16.1304347826087,26.05288814159291
25342,2024-01-07 07:00:00,Asia/Bangkok,93.3141412280702,22.06896551724138,20.68965517241379,25.9793548245614
25343,2024-01-07 08:00:00,Asia/Bangkok,94.04301017391303,20.22222222222222,19.17094017094017,26.0101101754386
25344,2024-01-07 09:00:00,Asia/Bangkok,94.31365173913046,26.12931034482759,24.77586206896552,26.28066652173915
25345,2024-01-07 10:00:00,Asia/Bangkok,93.14656956896545,35.50427350427351,31.65811965811966,26.88432426086954
25346,2024-01-07 11:00:00,Asia/Bangkok,91.41588999999998,39.05172413793103,34.18965517241379,27.87711543859649
25347,2024-01-07 12:00:00,Asia/Bangkok,93.10337086206896,37.87068965517241,33.53448275862069,28.05662775862066
25348,2024-01-07 13:00:00,Asia/Bangkok,92.05458858407081,33.30172413793103,30.42241379310345,28.16574535714284
25349,2024-01-07 14:00:00,Asia/Bangkok,93.35264956140354,20.53846153846154,19.61538461538462,26.69095254385966
25350,2024-01-07 15:00:00,Asia/Bangkok,93.86077878260863,15.0,14.31896551724138,26.31858791304345
25351,2024-01-07 16:00:00,Asia/Bangkok,95.86267189655169,17.30172413793104,16.54700854700855,25.83526327586207
25352,2024-01-07 17:00:00,Asia/Bangkok,95.90774660714281,19.78448275862069,19.03448275862069,26.12277723214287
25353,2024-01-07 18:00:00,Asia/Bangkok,95.61065207207211,21.86086956521739,21.06086956521739,26.355229009009
25354,2024-01-07 19:00:00,Asia/Bangkok,95.51583721739134,19.80172413793104,19.06034482758621,26.18500275862069
25355,2024-01-07 20:00:00,Asia/Bangkok,95.05094124999998,22.67521367521368,21.64957264957265,26.28404459459459
25356,2024-01-07 21:00:00,Asia/Bangkok,95.1872522123894,19.44827586206896,18.73275862068965,26.23910283185842
25357,2024-01-07 22:00:00,Asia/Bangkok,95.01952327433627,21.56410256410257,20.72649572649573,26.00492616071428
25358,2024-01-07 23:00:00,Asia/Bangkok,95.0466572173913,21.10344827586207,20.31896551724138,25.80579147826088
25359,2024-01-08 00:00:00,Asia/Bangkok,94.5791114912281,19.64957264957265,18.8974358974359,25.70164543859649
25360,2024-01-08 01:00:00,Asia/Bangkok,94.39481192982457,21.02586206896552,20.10344827586207,25.3744557017544
25361,2024-01-08 02:00:00,Asia/Bangkok,94.55527228070176,23.48275862068965,22.58620689655172,25.08078789473684
25362,2024-01-08 03:00:00,Asia/Bangkok,95.06210278260868,26.25641025641026,25.2991452991453,25.06262347826089
25363,2024-01-08 04:00:00,Asia/Bangkok,94.94012217391308,22.71551724137931,21.62068965517241,24.99423684210528
25364,2024-01-08 05:00:00,Asia/Bangkok,95.10324798245617,21.20689655172414,20.45689655172414,24.81302622807015
25365,2024-01-08 06:00:00,Asia/Bangkok,95.06227508771927,19.9051724137931,19.0948275862069,24.70279342105264
25366,2024-01-08 07:00:00,Asia/Bangkok,95.15249043478265,20.60344827586207,19.56896551724138,24.66039649122808
25367,2024-01-08 08:00:00,Asia/Bangkok,95.81878312499994,25.06896551724138,23.87931034482759,25.0325389380531
25368,2024-01-08 09:00:00,Asia/Bangkok,96.74499442477877,19.81578947368421,18.6140350877193,26.31845250000002
25369,2024-01-08 10:00:00,Asia/Bangkok,94.63451324561403,14.10344827586207,12.68965517241379,27.31709675438595
25370,2024-01-08 11:00:00,Asia/Bangkok,85.04297333333335,8.521739130434783,7.03448275862069,29.29775236842103
25371,2024-01-08 12:00:00,Asia/Bangkok,76.63922701754386,6.184210526315789,5.06140350877193,30.83281842105264
25372,2024-01-08 13:00:00,Asia/Bangkok,74.75074964912278,5.617391304347827,4.660869565217391,31.36194078947367
25373,2024-01-08 14:00:00,Asia/Bangkok,74.92778130434783,5.844827586206897,4.775862068965517,31.38946834782609
25374,2024-01-08 15:00:00,Asia/Bangkok,72.20432413793104,5.28695652173913,4.434782608695652,31.8963999137931
25375,2024-01-08 16:00:00,Asia/Bangkok,72.8559133333333,5.439655172413793,4.543103448275862,31.28162043859649
25376,2024-01-08 17:00:00,Asia/Bangkok,77.26990921739132,6.521739130434782,5.478260869565218,30.15731043478261
25377,2024-01-08 18:00:00,Asia/Bangkok,82.3037247368421,19.17094017094017,16.54700854700855,29.01430105263158
25378,2024-01-08 19:00:00,Asia/Bangkok,85.4596098230089,18.32758620689655,16.53448275862069,28.76523681415932
25379,2024-01-08 20:00:00,Asia/Bangkok,86.92301587719297,47.43965517241379,39.06896551724138,28.55587149122807
25380,2024-01-08 21:00:00,Asia/Bangkok,87.93912448275867,18.15384615384615,16.34188034188034,28.11254362068965
25381,2024-01-08 22:00:00,Asia/Bangkok,89.26960837837846,18.98260869565217,17.38793103448276,27.4812188288288
25382,2024-01-08 23:00:00,Asia/Bangkok,90.05663772727274,18.56521739130435,17.04310344827586,27.14064018018016
25383,2024-01-09 00:00:00,Asia/Bangkok,90.53911087719297,27.81034482758621,25.57758620689655,26.77881710526315
25384,2024-01-09 01:00:00,Asia/Bangkok,91.15964121739131,23.0,21.58119658119658,26.54534991228068
25385,2024-01-09 02:00:00,Asia/Bangkok,91.31124815789474,16.12931034482759,15.01724137931035,26.296456460177
25386,2024-01-09 03:00:00,Asia/Bangkok,91.67916434782612,14.11206896551724,12.98275862068965,25.99038886956523
25387,2024-01-09 04:00:00,Asia/Bangkok,92.01224730434777,12.4051724137931,11.48275862068965,25.86653469565218
25388,2024-01-09 05:00:00,Asia/Bangkok,92.2399348672567,16.20689655172414,15.12931034482759,25.65643168141597
25389,2024-01-09 06:00:00,Asia/Bangkok,92.91615522123894,12.87068965517241,11.81896551724138,25.4240868141593
25390,2024-01-09 07:00:00,Asia/Bangkok,93.12871108108105,12.74137931034483,11.64655172413793,25.29874000000002
25391,2024-01-09 08:00:00,Asia/Bangkok,94.09470324324325,15.95689655172414,14.53448275862069,25.60044027027028
25392,2024-01-09 09:00:00,Asia/Bangkok,93.24946300884956,12.82758620689655,11.53448275862069,27.03438973451328
25393,2024-01-09 10:00:00,Asia/Bangkok,84.61051955752211,9.46551724137931,8.5,29.36906
25394,2024-01-09 11:00:00,Asia/Bangkok,82.19416450450453,38.58974358974359,33.41880341880342,30.12686171171173
25395,2024-01-09 12:00:00,Asia/Bangkok,83.18373371681413,20.10434782608696,18.64347826086956,29.36686203539823
25396,2024-01-09 13:00:00,Asia/Bangkok,76.36816071428574,13.19827586206897,12.49137931034483,31.10694580357142
25397,2024-01-09 14:00:00,Asia/Bangkok,75.57342273504278,14.83760683760684,14.03418803418803,31.0958768103448
25398,2024-01-09 15:00:00,Asia/Bangkok,73.74631824561402,16.78448275862069,15.95689655172414,31.47116622807019
25399,2024-01-09 16:00:00,Asia/Bangkok,80.32103866071428,15.35398230088496,14.61946902654867,30.07233589285714
25400,2024-01-09 17:00:00,Asia/Bangkok,86.49036451327434,23.92241379310345,22.82758620689655,28.47037714285715
25401,2024-01-09 18:00:00,Asia/Bangkok,86.76717578947368,29.68103448275862,27.06034482758621,28.64673201754387
25402,2024-01-09 19:00:00,Asia/Bangkok,91.22057828828834,14.04273504273504,13.34188034188034,26.9485640909091
25403,2024-01-09 20:00:00,Asia/Bangkok,91.76679549549543,24.56896551724138,23.28448275862069,26.85787756756757
25404,2024-01-09 21:00:00,Asia/Bangkok,91.48117353982302,17.16379310344828,16.54310344827586,26.68732123893808
25405,2024-01-09 22:00:00,Asia/Bangkok,91.75537814159293,16.87931034482759,16.31034482758621,26.48985566371681
25406,2024-01-09 23:00:00,Asia/Bangkok,92.42179773913041,21.39130434782609,20.58260869565217,26.15286165217392
25407,2024-01-10 00:00:00,Asia/Bangkok,93.10130342105265,22.26724137931035,21.38793103448276,25.99073885964912
25408,2024-01-10 01:00:00,Asia/Bangkok,92.83761321739135,22.66956521739131,21.81739130434783,25.79450739130433
25409,2024-01-10 02:00:00,Asia/Bangkok,93.43659182608691,25.04310344827586,24.22413793103448,25.64448313043479
25410,2024-01-10 03:00:00,Asia/Bangkok,93.7442546956522,22.44827586206896,21.72413793103448,25.57807052173912
25411,2024-01-10 04:00:00,Asia/Bangkok,93.68326095652176,23.08620689655172,22.38793103448276,25.5045771304348
25412,2024-01-10 05:00:00,Asia/Bangkok,93.69394631578947,23.60869565217391,22.80869565217391,25.41446447368421
25413,2024-01-10 06:00:00,Asia/Bangkok,93.7608275229358,23.48275862068965,22.71551724137931,25.21762073394498
25414,2024-01-10 07:00:00,Asia/Bangkok,94.19483274336281,25.29310344827586,24.44827586206896,24.99709309734518
25415,2024-01-10 08:00:00,Asia/Bangkok,95.00245401785718,27.80869565217391,26.90434782608695,25.25129723214288
25416,2024-01-10 09:00:00,Asia/Bangkok,95.93800562499995,29.43965517241379,27.82758620689655,26.39121938053098
25417,2024-01-10 10:00:00,Asia/Bangkok,92.22834487179485,22.90598290598291,21.90598290598291,27.87916810344826
25418,2024-01-10 11:00:00,Asia/Bangkok,89.23713062499999,20.87931034482759,19.88793103448276,28.39835178571426
25419,2024-01-10 12:00:00,Asia/Bangkok,84.81938833333331,14.23076923076923,13.56410256410256,29.3972353508772
25420,2024-01-10 13:00:00,Asia/Bangkok,81.14371701754384,10.66379310344828,10.01724137931035,29.91523228070174
25421,2024-01-10 14:00:00,Asia/Bangkok,84.07834842105258,12.43103448275862,11.81034482758621,29.51247991228069
25422,2024-01-10 15:00:00,Asia/Bangkok,85.46863245614038,16.56034482758621,15.77586206896552,29.44466947368422
25423,2024-01-10 16:00:00,Asia/Bangkok,81.82913543103444,11.41880341880342,10.62393162393162,30.02116163793104
25424,2024-01-10 17:00:00,Asia/Bangkok,78.82607688073398,15.88695652173913,14.8,30.07908706422019
25425,2024-01-10 18:00:00,Asia/Bangkok,80.45181522123892,15.95726495726496,14.82905982905983,29.48905982300887
25426,2024-01-10 19:00:00,Asia/Bangkok,83.38022469026546,44.86206896551724,37.37068965517241,29.03453214285714
25427,2024-01-10 20:00:00,Asia/Bangkok,86.61499938596488,43.17241379310344,36.48275862068966,28.44205421052632
25428,2024-01-10 21:00:00,Asia/Bangkok,88.55970327433627,54.89655172413793,45.93103448275862,27.95964690265485
25429,2024-01-10 22:00:00,Asia/Bangkok,89.88141769911509,37.76068376068376,33.46153846153846,27.55841362831855
25430,2024-01-10 23:00:00,Asia/Bangkok,91.19550521739126,28.63793103448276,26.99137931034483,27.12383791304347
25431,2024-01-11 00:00:00,Asia/Bangkok,91.42628366071425,33.45299145299145,30.29059829059829,26.94130580357146
25432,2024-01-11 01:00:00,Asia/Bangkok,91.74495276785714,30.67543859649123,28.46491228070175,26.61819741071429
25433,2024-01-11 02:00:00,Asia/Bangkok,92.03314160714287,25.03448275862069,23.70689655172414,26.37207285714286
25434,2024-01-11 03:00:00,Asia/Bangkok,92.30611852173917,23.66379310344828,22.44827586206896,26.11029704347825
25435,2024-01-11 04:00:00,Asia/Bangkok,92.57670896551724,25.80172413793104,24.63793103448276,25.86486923076925
25436,2024-01-11 05:00:00,Asia/Bangkok,92.40712196428571,25.47413793103448,24.08620689655172,25.59693000000001
25437,2024-01-11 06:00:00,Asia/Bangkok,92.73285652173912,25.57391304347826,24.38260869565217,25.28156860869564
25438,2024-01-11 07:00:00,Asia/Bangkok,93.14701333333332,28.5,27.1551724137931,25.14485175438598
25439,2024-01-11 08:00:00,Asia/Bangkok,93.7829580733945,26.5948275862069,25.24137931034483,25.37200981651376
25440,2024-01-11 09:00:00,Asia/Bangkok,94.90717112068967,33.37068965517241,29.50862068965517,26.59851456896552
25441,2024-01-11 10:00:00,Asia/Bangkok,86.2988450862069,14.85344827586207,13.93103448275862,28.99992086206897
25442,2024-01-11 11:00:00,Asia/Bangkok,82.73667165217391,13.30172413793103,12.44347826086956,29.35021939130436
25443,2024-01-11 12:00:00,Asia/Bangkok,75.09584693693697,13.76521739130435,12.96551724137931,30.90833090090089
25444,2024-01-11 13:00:00,Asia/Bangkok,69.76866686956518,11.63478260869565,11.0,32.15153460869566
25445,2024-01-11 14:00:00,Asia/Bangkok,71.57872176991151,12.71794871794872,11.91452991452991,31.66237522123892
25446,2024-01-11 15:00:00,Asia/Bangkok,69.56823812500001,11.53913043478261,10.93103448275862,31.98717526785714
25447,2024-01-11 16:00:00,Asia/Bangkok,70.88290127272731,11.79310344827586,11.03448275862069,31.54570281818182
25448,2024-01-11 17:00:00,Asia/Bangkok,75.14788919642857,11.5,10.68965517241379,30.65804761061946
25449,2024-01-11 18:00:00,Asia/Bangkok,78.41118477876107,11.62393162393162,10.73504273504273,29.60343160714284
25450,2024-01-11 19:00:00,Asia/Bangkok,81.92848187500002,19.5,17.95689655172414,28.90549892857143
25451,2024-01-11 20:00:00,Asia/Bangkok,84.44283477477484,39.87826086956522,34.23478260869565,28.63621918918917
25452,2024-01-11 21:00:00,Asia/Bangkok,86.59413869565218,53.35042735042735,44.27350427350427,28.08741026086956
25453,2024-01-11 22:00:00,Asia/Bangkok,88.02164044642859,35.1304347826087,31.27826086956522,27.45590990990992
25454,2024-01-11 23:00:00,Asia/Bangkok,89.34711163793108,29.04310344827586,27.08620689655172,26.99377596491227
25455,2024-01-12 00:00:00,Asia/Bangkok,89.3974891304348,28.21551724137931,26.57758620689655,26.81626782608696
25456,2024-01-12 01:00:00,Asia/Bangkok,90.0152049122807,25.70689655172414,24.32758620689655,26.44329175438597
25457,2024-01-12 02:00:00,Asia/Bangkok,90.60211313043484,24.23076923076923,22.82051282051282,26.24597573913042
25458,2024-01-12 03:00:00,Asia/Bangkok,90.70924738738739,23.18965517241379,21.75,26.05973423423422
25459,2024-01-12 04:00:00,Asia/Bangkok,90.86531594594595,22.48275862068965,21.24137931034483,25.78296234234235
25460,2024-01-12 05:00:00,Asia/Bangkok,91.12337896551723,18.42241379310345,17.33620689655172,25.58535672413794
25461,2024-01-12 06:00:00,Asia/Bangkok,91.13830399999998,16.58620689655172,15.6551724137931,25.3809692982456
25462,2024-01-12 07:00:00,Asia/Bangkok,91.37543008695654,20.88888888888889,19.47863247863248,25.05937417391302
25463,2024-01-12 08:00:00,Asia/Bangkok,92.83379187499999,33.12173913043478,30.24561403508772,25.22507107142857
25464,2024-01-12 09:00:00,Asia/Bangkok,93.86459070796461,20.31896551724138,19.12068965517241,26.50117477876107
25465,2024-01-12 10:00:00,Asia/Bangkok,85.12553336283186,24.64347826086956,21.17391304347826,28.65532654867256
25466,2024-01-12 11:00:00,Asia/Bangkok,76.06988910714287,41.48695652173913,35.20689655172414,30.49079026785713
25467,2024-01-12 12:00:00,Asia/Bangkok,72.72881121739131,15.74137931034483,14.81034482758621,31.29805052173914
25468,2024-01-12 13:00:00,Asia/Bangkok,70.70820132743367,14.17391304347826,13.25,31.95192867256637
25469,2024-01-12 14:00:00,Asia/Bangkok,70.96767692982456,16.06034482758621,15.0948275862069,31.79038728070176
25470,2024-01-12 15:00:00,Asia/Bangkok,71.78722642857143,18.17241379310345,17.04310344827586,31.60517544642857
25471,2024-01-12 16:00:00,Asia/Bangkok,73.40229095652174,15.94782608695652,14.78448275862069,31.12197052173912
25472,2024-01-12 17:00:00,Asia/Bangkok,74.4175206086957,15.68965517241379,14.46551724137931,30.84943634782608
25473,2024-01-12 18:00:00,Asia/Bangkok,78.72066965217395,13.5982905982906,12.41025641025641,29.66160547826086
25474,2024-01-12 19:00:00,Asia/Bangkok,80.98092640350876,16.49137931034483,15.16379310344828,29.40630061403506
25475,2024-01-12 20:00:00,Asia/Bangkok,84.44677095652175,39.53448275862069,34.0948275862069,28.6600927826087
25476,2024-01-12 21:00:00,Asia/Bangkok,86.36081728070175,42.73275862068966,36.26724137931034,28.30256359649123
25477,2024-01-12 22:00:00,Asia/Bangkok,87.59937773913042,35.37068965517241,31.67241379310345,27.98089982608694
25478,2024-01-12 23:00:00,Asia/Bangkok,88.2968904464286,40.4017094017094,34.6551724137931,27.64785017857144
25479,2024-01-13 00:00:00,Asia/Bangkok,89.43215860869562,39.25,33.96581196581197,27.2007903478261
25480,2024-01-13 01:00:00,Asia/Bangkok,89.4676403478261,41.62068965517241,35.46551724137931,26.97978226086957
25481,2024-01-13 02:00:00,Asia/Bangkok,90.23815887931035,37.17948717948718,32.93162393162393,26.57403165217389
25482,2024-01-13 03:00:00,Asia/Bangkok,90.3632964912281,32.42241379310344,29.96551724137931,26.35736321739129
25483,2024-01-13 04:00:00,Asia/Bangkok,90.74483345454547,28.7787610619469,27.27433628318584,25.96060743119266
25484,2024-01-13 05:00:00,Asia/Bangkok,91.25637390909093,28.98290598290598,27.2991452991453,25.60420770642204
25485,2024-01-13 06:00:00,Asia/Bangkok,91.47717062500006,27.87068965517241,26.54310344827586,25.45080883928571
25486,2024-01-13 07:00:00,Asia/Bangkok,91.58010097345131,28.54782608695652,26.80869565217391,25.20169247787613
25487,2024-01-13 08:00:00,Asia/Bangkok,92.63417614035089,36.64035087719298,32.75438596491228,25.1599850877193
25488,2024-01-13 09:00:00,Asia/Bangkok,93.8429191150443,32.05172413793103,29.6551724137931,26.4032471681416
25489,2024-01-13 10:00:00,Asia/Bangkok,86.86669315789476,25.2991452991453,23.43589743589743,27.93942315789475
25490,2024-01-13 11:00:00,Asia/Bangkok,77.93555044642856,20.37391304347826,19.04385964912281,29.83632223214284
25491,2024-01-13 12:00:00,Asia/Bangkok,72.86732548672565,20.23275862068965,18.96581196581197,30.64288044642856
25492,2024-01-13 13:00:00,Asia/Bangkok,68.74533086956522,17.97413793103448,16.91379310344828,31.65199808695651
25493,2024-01-13 14:00:00,Asia/Bangkok,68.00250096491229,17.55172413793104,16.63793103448276,31.80924403508773
25494,2024-01-13 15:00:00,Asia/Bangkok,66.20140035087721,19.95689655172414,18.80172413793104,32.1272003508772
25495,2024-01-13 16:00:00,Asia/Bangkok,66.18017598214284,22.08620689655172,20.68965517241379,31.94998178571427
25496,2024-01-13 17:00:00,Asia/Bangkok,66.49438787610619,18.52586206896552,17.06896551724138,31.34647336283185
25497,2024-01-13 18:00:00,Asia/Bangkok,71.81077171171172,21.20869565217391,19.25217391304348,29.85607603603602
25498,2024-01-13 19:00:00,Asia/Bangkok,76.03006194690266,39.6695652173913,33.91304347826087,29.04157743362833
25499,2024-01-13 20:00:00,Asia/Bangkok,80.00309192982454,70.6086956521739,58.64347826086956,28.36227236842103
25500,2024-01-13 21:00:00,Asia/Bangkok,83.6216692173913,66.86086956521739,53.89565217391304,27.7406652173913
25501,2024-01-13 22:00:00,Asia/Bangkok,85.97914387931036,62.18103448275862,49.48275862068966,27.10867608695651
25502,2024-01-13 23:00:00,Asia/Bangkok,86.97951387931032,46.5948275862069,38.82758620689656,26.92130293103449
25503,2024-01-14 00:00:00,Asia/Bangkok,87.98842052631574,48.12173913043478,39.82758620689656,26.43902771929825
25504,2024-01-14 01:00:00,Asia/Bangkok,87.81340894736846,41.31623931623932,35.34188034188034,26.13067166666668
25505,2024-01-14 02:00:00,Asia/Bangkok,88.14946456896546,35.18965517241379,31.64655172413793,25.96088103448275
25506,2024-01-14 03:00:00,Asia/Bangkok,89.1372208695652,34.48275862068966,31.22413793103448,25.59704234782609
25507,2024-01-14 04:00:00,Asia/Bangkok,89.79811304347828,35.08620689655172,31.70689655172414,25.24176869565222
25508,2024-01-14 05:00:00,Asia/Bangkok,90.14915017543859,38.51724137931034,33.56896551724138,24.89803280701753
25509,2024-01-14 06:00:00,Asia/Bangkok,90.42546929824563,34.74137931034483,31.21551724137931,24.6843357894737
25510,2024-01-14 07:00:00,Asia/Bangkok,90.75994384615386,33.16239316239317,30.17094017094017,24.32534478632482
25511,2024-01-14 08:00:00,Asia/Bangkok,92.08124345132745,38.06896551724138,33.16379310344828,24.49228292035398
25512,2024-01-14 09:00:00,Asia/Bangkok,91.87649469565217,34.62068965517241,30.78448275862069,26.12035443478263
25513,2024-01-14 10:00:00,Asia/Bangkok,83.36656129310344,29.39655172413793,26.18965517241379,28.34661250000002
25514,2024-01-14 11:00:00,Asia/Bangkok,78.63310230088496,22.23931623931624,20.17948717948718,29.68904982300884
25515,2024-01-14 12:00:00,Asia/Bangkok,71.50010921052632,18.08620689655172,16.5948275862069,31.42642578947366
25516,2024-01-14 13:00:00,Asia/Bangkok,68.9146552631579,20.0948275862069,18.76724137931035,31.71079368421051
25517,2024-01-14 14:00:00,Asia/Bangkok,67.61955902654867,16.78632478632479,15.61538461538461,31.6656842477876
25518,2024-01-14 15:00:00,Asia/Bangkok,66.83279376146788,16.98245614035088,15.6140350877193,31.69755174311927
25519,2024-01-14 16:00:00,Asia/Bangkok,66.26939701754388,17.86324786324786,16.77777777777778,31.67558710526315
25520,2024-01-14 17:00:00,Asia/Bangkok,70.02554491071429,23.14655172413793,21.56034482758621,30.61262473214287
25521,2024-01-14 18:00:00,Asia/Bangkok,72.83533191304349,46.42241379310344,40.33620689655172,30.08997208695653
25522,2024-01-14 19:00:00,Asia/Bangkok,77.67768504424781,67.8157894736842,61.67543859649123,28.89466353982302
25523,2024-01-14 20:00:00,Asia/Bangkok,80.8097992105263,47.42241379310344,40.48275862068966,28.53336166666665
25524,2024-01-14 21:00:00,Asia/Bangkok,83.67601894736848,55.10344827586207,44.93965517241379,27.95952157894736
25525,2024-01-14 22:00:00,Asia/Bangkok,85.87961965217391,44.76724137931034,37.68965517241379,27.18472556521741
25526,2024-01-14 23:00:00,Asia/Bangkok,87.60959473684215,46.97413793103448,39.04310344827586,26.75871868421052
25527,2024-01-15 00:00:00,Asia/Bangkok,88.00937788990825,45.13793103448276,37.81896551724138,26.49283724770643
25528,2024-01-15 01:00:00,Asia/Bangkok,88.44133228070181,51.67241379310344,42.62068965517241,26.15421499999999
25529,2024-01-15 02:00:00,Asia/Bangkok,89.25691849557526,49.88793103448276,41.44827586206897,25.77022938596488
25530,2024-01-15 03:00:00,Asia/Bangkok,89.7855866086957,44.61538461538461,37.61538461538461,25.44297192982455
25531,2024-01-15 04:00:00,Asia/Bangkok,90.25015166666668,40.56034482758621,34.8448275862069,25.13866833333335
25532,2024-01-15 05:00:00,Asia/Bangkok,90.4721577391305,36.08771929824562,32.21052631578947,24.88956191304346
25533,2024-01-15 06:00:00,Asia/Bangkok,91.09444433628322,36.45614035087719,32.55263157894737,24.68674053097349
25534,2024-01-15 07:00:00,Asia/Bangkok,91.93893205357139,42.81034482758621,36.57758620689656,24.69377531531529
25535,2024-01-15 08:00:00,Asia/Bangkok,92.22727577586204,47.01769911504424,40.50442477876106,25.01116275862068
25536,2024-01-15 09:00:00,Asia/Bangkok,91.92367791304349,38.45689655172414,33.47413793103448,26.40292330434782
25537,2024-01-15 10:00:00,Asia/Bangkok,82.42294827586208,27.39655172413793,25.75862068965517,28.47368327586207
25538,2024-01-15 11:00:00,Asia/Bangkok,74.49806060869564,26.18103448275862,24.54310344827586,30.23732686956521
25539,2024-01-15 12:00:00,Asia/Bangkok,68.5432607826087,24.27350427350427,23.11965811965812,31.4686269565217
25540,2024-01-15 13:00:00,Asia/Bangkok,67.97564369369366,27.31896551724138,25.98275862068965,31.50756639639638
25541,2024-01-15 14:00:00,Asia/Bangkok,68.46483446428576,27.5,26.27586206896552,31.37107274336282
25542,2024-01-15 15:00:00,Asia/Bangkok,71.50326754385965,71.60526315789474,63.32456140350877,30.75744274336282
25543,2024-01-15 16:00:00,Asia/Bangkok,73.0621732173913,39.50862068965517,34.37931034482759,30.07097815789471
25544,2024-01-15 17:00:00,Asia/Bangkok,77.54329686956521,50.29310344827586,42.25,29.35846313043475
25545,2024-01-15 18:00:00,Asia/Bangkok,81.27852299145299,67.5982905982906,59.66666666666666,28.55034948717948
25546,2024-01-15 19:00:00,Asia/Bangkok,83.86774754385966,65.90517241379311,53.97413793103448,28.43622254385965
25547,2024-01-15 20:00:00,Asia/Bangkok,89.86864120689654,37.97435897435897,33.37606837606837,26.5995052173913
25548,2024-01-15 21:00:00,Asia/Bangkok,93.34434531531532,17.39655172413793,16.39655172413793,24.97377585585584
25549,2024-01-15 22:00:00,Asia/Bangkok,90.36560256637175,8.03448275862069,7.517241379310345,25.7747995575221
25550,2024-01-15 23:00:00,Asia/Bangkok,89.58575859649123,8.717948717948717,8.224137931034482,25.80536535087717
25551,2024-01-16 00:00:00,Asia/Bangkok,90.68837945945944,12.56896551724138,12.03418803418803,25.68218918918918
25552,2024-01-16 01:00:00,Asia/Bangkok,91.99097895652177,15.52586206896552,14.85344827586207,25.46273530434781
25553,2024-01-16 02:00:00,Asia/Bangkok,92.62734837837844,18.65789473684211,17.96491228070175,25.39006527272727
25554,2024-01-16 03:00:00,Asia/Bangkok,93.52644219298244,21.37606837606837,20.54310344827586,24.96790763157895
25555,2024-01-16 04:00:00,Asia/Bangkok,94.79537640350878,16.7304347826087,16.06896551724138,24.47963719298247
25556,2024-01-16 05:00:00,Asia/Bangkok,94.07867017241375,10.86206896551724,10.32758620689655,24.54579025862072
25557,2024-01-16 06:00:00,Asia/Bangkok,94.0566103478261,17.48275862068965,16.43965517241379,24.61992869565221
25558,2024-01-16 07:00:00,Asia/Bangkok,94.27070743362833,13.67241379310345,13.0948275862069,24.55027486725664
25559,2024-01-16 08:00:00,Asia/Bangkok,95.02364421052629,22.14655172413793,20.53448275862069,24.78644157894736
25560,2024-01-16 09:00:00,Asia/Bangkok,95.83136663793101,25.60344827586207,24.66379310344828,26.00478782608696
25561,2024-01-16 10:00:00,Asia/Bangkok,89.1437992920354,35.31034482758621,32.11206896551724,28.13777833333334
25562,2024-01-16 11:00:00,Asia/Bangkok,84.71109288288294,40.31623931623932,35.07692307692308,29.24919427272724
25563,2024-01-16 12:00:00,Asia/Bangkok,81.44997079646018,32.89473684210526,30.7787610619469,29.83043619469026
25564,2024-01-16 13:00:00,Asia/Bangkok,77.0297436283186,22.23478260869565,21.36206896551724,30.62446823008849
25565,2024-01-16 14:00:00,Asia/Bangkok,72.99139710526318,16.46017699115044,15.72566371681416,31.00725526315789
25566,2024-01-16 15:00:00,Asia/Bangkok,75.89629486725663,19.6551724137931,18.87068965517241,30.41658442477876
25567,2024-01-16 16:00:00,Asia/Bangkok,80.01162557522123,20.92241379310345,19.97391304347826,29.60851460176993
25568,2024-01-16 17:00:00,Asia/Bangkok,82.94767716814157,25.42608695652174,24.37931034482759,29.16129230088493
25569,2024-01-16 18:00:00,Asia/Bangkok,84.1018514782609,32.89655172413793,30.21551724137931,28.81838704347826
25570,2024-01-16 19:00:00,Asia/Bangkok,85.65831130434783,29.58620689655172,28.25,28.51222573913045
25571,2024-01-16 20:00:00,Asia/Bangkok,88.5730321238938,40.62931034482759,35.23275862068966,28.06435539823006
25572,2024-01-16 21:00:00,Asia/Bangkok,90.2142802654867,45.84347826086957,38.78260869565217,27.89367815789473
25573,2024-01-16 22:00:00,Asia/Bangkok,90.19650495495496,38.88793103448276,34.50862068965517,27.09421288288288
25574,2024-01-16 23:00:00,Asia/Bangkok,89.46253394736843,22.96581196581197,21.74358974358974,26.13782052631579
25575,2024-01-17 00:00:00,Asia/Bangkok,91.83683634782611,27.27586206896552,24.69827586206896,25.688528
25576,2024-01-17 01:00:00,Asia/Bangkok,94.05418544642858,40.33913043478261,35.29565217391304,25.32563830357143
25577,2024-01-17 02:00:00,Asia/Bangkok,93.712389122807,36.7948717948718,33.0940170940171,25.68257657894742
25578,2024-01-17 03:00:00,Asia/Bangkok,93.88845071428575,30.33620689655172,28.95689655172414,25.61429928571429
25579,2024-01-17 04:00:00,Asia/Bangkok,93.8481452212389,28.14655172413793,27.12931034482759,25.61351769911505
25580,2024-01-17 05:00:00,Asia/Bangkok,93.71760999999996,29.36521739130435,28.24347826086957,25.42296736842104
25581,2024-01-17 06:00:00,Asia/Bangkok,94.15325826086956,30.56410256410257,29.23076923076923,25.10374660869568
25582,2024-01-17 07:00:00,Asia/Bangkok,94.15926895652174,31.30172413793104,29.58620689655172,24.95081852173913
25583,2024-01-17 08:00:00,Asia/Bangkok,94.8372851754386,41.04310344827586,35.87931034482759,25.18237807017544
25584,2024-01-17 09:00:00,Asia/Bangkok,94.1177257758621,15.5,14.23275862068965,26.53707474137931
25585,2024-01-17 10:00:00,Asia/Bangkok,85.0802635087719,6.504273504273504,5.017094017094017,28.57126114035087
25586,2024-01-17 11:00:00,Asia/Bangkok,79.39818672566375,5.53448275862069,4.267241379310345,29.46994053097347
25587,2024-01-17 12:00:00,Asia/Bangkok,74.70448784482758,6.293103448275862,4.974137931034483,30.71703439655172
25588,2024-01-17 13:00:00,Asia/Bangkok,72.38534309734516,7.282051282051282,6.273504273504273,31.41729407079644
25589,2024-01-17 14:00:00,Asia/Bangkok,72.48956468468468,10.17241379310345,8.939130434782609,31.38194162162159
25590,2024-01-17 15:00:00,Asia/Bangkok,72.70761893805309,11.07758620689655,9.85344827586207,31.32350345132743
25591,2024-01-17 16:00:00,Asia/Bangkok,73.79260339130437,12.76923076923077,11.44444444444444,30.9894092173913
25592,2024-01-17 17:00:00,Asia/Bangkok,76.2592100877193,13.61206896551724,12.06896551724138,30.67175561403511
25593,2024-01-17 18:00:00,Asia/Bangkok,78.70816840707965,15.31896551724138,13.74137931034483,29.87755504424778
25594,2024-01-17 19:00:00,Asia/Bangkok,82.26382140350873,18.48275862068965,16.87931034482759,29.10169464912282
25595,2024-01-17 20:00:00,Asia/Bangkok,84.63425939130438,55.8034188034188,46.88034188034188,28.67284330434783
25596,2024-01-17 21:00:00,Asia/Bangkok,86.83922168224298,37.01754385964912,32.28947368421053,28.11500065420558
25597,2024-01-17 22:00:00,Asia/Bangkok,88.37594543859653,33.71794871794872,30.64102564102564,27.74732587719303
25598,2024-01-17 23:00:00,Asia/Bangkok,89.29587573913042,43.53448275862069,36.69827586206897,27.31415173913044
25599,2024-01-18 00:00:00,Asia/Bangkok,90.10226743362828,35.22608695652174,31.56521739130435,26.9848973873874
25600,2024-01-18 01:00:00,Asia/Bangkok,90.12107743362836,33.76521739130435,30.84347826086956,26.72241238938052
25601,2024-01-18 02:00:00,Asia/Bangkok,90.88270666666665,28.14159292035398,26.64601769911505,26.40287669565217
25602,2024-01-18 03:00:00,Asia/Bangkok,91.5860828070175,24.73275862068965,23.51724137931035,26.23605486725662
25603,2024-01-18 04:00:00,Asia/Bangkok,92.5596602631579,23.22608695652174,21.92241379310345,25.9930100877193
25604,2024-01-18 05:00:00,Asia/Bangkok,93.03030123893805,24.14782608695652,22.83478260869565,25.90439274336284
25605,2024-01-18 06:00:00,Asia/Bangkok,93.22812884955752,23.06896551724138,21.52586206896552,25.85445973451327
25606,2024-01-18 07:00:00,Asia/Bangkok,93.59913216216215,19.14655172413793,17.86206896551724,25.75178576576575
25607,2024-01-18 08:00:00,Asia/Bangkok,93.85708553571429,34.21367521367522,29.77777777777778,25.80527330357142
25608,2024-01-18 09:00:00,Asia/Bangkok,94.08707229357798,20.18103448275862,18.8448275862069,26.75029119266054
25609,2024-01-18 10:00:00,Asia/Bangkok,86.91138701754386,12.82758620689655,11.56896551724138,28.51614438596491
25610,2024-01-18 11:00:00,Asia/Bangkok,82.70249491071426,12.26724137931035,11.11206896551724,29.37349892857142
25611,2024-01-18 12:00:00,Asia/Bangkok,82.01883651785714,13.35344827586207,11.98275862068965,29.25683442477876
25612,2024-01-18 13:00:00,Asia/Bangkok,83.50662860869564,15.17241379310345,13.9051724137931,28.94679252173913
25613,2024-01-18 14:00:00,Asia/Bangkok,78.61854474137932,13.58974358974359,12.39655172413793,30.12909599999999
25614,2024-01-18 15:00:00,Asia/Bangkok,78.95712508620686,14.44827586206897,13.34188034188034,30.34974939655172
25615,2024-01-18 16:00:00,Asia/Bangkok,79.72879149122805,10.98275862068965,10.07758620689655,29.87981482456139
25616,2024-01-18 17:00:00,Asia/Bangkok,86.7610439473684,11.20689655172414,10.06896551724138,28.27860087719298
25617,2024-01-18 18:00:00,Asia/Bangkok,88.88917734513274,13.27350427350427,12.3448275862069,27.56238230088498
25618,2024-01-18 19:00:00,Asia/Bangkok,91.03919972972973,33.16379310344828,29.47863247863248,27.25650108108109
25619,2024-01-18 20:00:00,Asia/Bangkok,92.18224645454546,22.5575221238938,20.82300884955752,27.22617890909093
25620,2024-01-18 21:00:00,Asia/Bangkok,92.22474781818184,20.41592920353982,19.33628318584071,27.24186081818182
25621,2024-01-18 22:00:00,Asia/Bangkok,92.07535252173916,13.03418803418803,12.23076923076923,26.7643692173913
25622,2024-01-18 23:00:00,Asia/Bangkok,92.58194180180179,10.67241379310345,10.12068965517241,26.32424216216216
25623,2024-01-19 00:00:00,Asia/Bangkok,92.86477412280703,10.35652173913043,9.793103448275861,26.07454850877193
25624,2024-01-19 01:00:00,Asia/Bangkok,93.26715389380527,9.224137931034482,8.586206896551724,25.7996607079646
25625,2024-01-19 02:00:00,Asia/Bangkok,93.38451234782612,8.663793103448276,8.206896551724139,25.72895739130435
25626,2024-01-19 03:00:00,Asia/Bangkok,93.36737778761065,9.413793103448276,8.913793103448276,25.69875495575223
25627,2024-01-19 04:00:00,Asia/Bangkok,94.01981775862069,11.94871794871795,11.4957264957265,25.39341439655171
25628,2024-01-19 05:00:00,Asia/Bangkok,93.2836174782609,5.025862068965517,4.689655172413793,25.45258556521742
25629,2024-01-19 06:00:00,Asia/Bangkok,93.20169315789477,32.68965517241379,27.64655172413793,25.55538254385969
25630,2024-01-19 07:00:00,Asia/Bangkok,94.10538660714289,17.51282051282051,16.49572649572649,25.17707517857144
25631,2024-01-19 08:00:00,Asia/Bangkok,94.49637788990827,15.12068965517241,14.42241379310345,24.69433174311928
25632,2024-01-19 09:00:00,Asia/Bangkok,94.64594139130432,15.60344827586207,15.06896551724138,25.12216130434783
25633,2024-01-19 10:00:00,Asia/Bangkok,89.92351736842107,16.5948275862069,15.93965517241379,27.13477695652174
25634,2024-01-19 11:00:00,Asia/Bangkok,87.22439815789471,15.9051724137931,15.26724137931035,27.78548469026549
25635,2024-01-19 12:00:00,Asia/Bangkok,85.47754224137928,17.11206896551724,16.39655172413793,28.59014344827587
25636,2024-01-19 13:00:00,Asia/Bangkok,80.98146892857142,19.78947368421053,18.93859649122807,30.12509946428572
25637,2024-01-19 14:00:00,Asia/Bangkok,75.21304421052638,19.35344827586207,18.28448275862069,31.24774292035397
25638,2024-01-19 15:00:00,Asia/Bangkok,76.01019814159291,16.22608695652174,15.04347826086956,30.99814973451328
25639,2024-01-19 16:00:00,Asia/Bangkok,75.21775263636367,18.96428571428572,17.82300884955752,30.69439162162163
25640,2024-01-19 17:00:00,Asia/Bangkok,75.31954929824563,17.17241379310345,15.99130434782609,30.5800574107143
25641,2024-01-19 18:00:00,Asia/Bangkok,77.73700212962962,14.6551724137931,13.58119658119658,29.89322879629633
25642,2024-01-19 19:00:00,Asia/Bangkok,82.77953807017538,16.58620689655172,15.51724137931035,28.99804535087721
25643,2024-01-19 20:00:00,Asia/Bangkok,85.76768530434782,55.75,47.25,28.47412182608696
25644,2024-01-19 21:00:00,Asia/Bangkok,88.12488460869564,34.12931034482759,30.41379310344828,27.89213060869564
25645,2024-01-19 22:00:00,Asia/Bangkok,89.51173243478259,42.11111111111111,36.18803418803419,27.50671921739129
25646,2024-01-19 23:00:00,Asia/Bangkok,90.13956565217394,72.08620689655173,64.47413793103448,27.14062782608696
25647,2024-01-20 00:00:00,Asia/Bangkok,91.0830018421053,23.16216216216216,21.93693693693694,26.74080078947368
25648,2024-01-20 01:00:00,Asia/Bangkok,91.24884706896552,20.01709401709402,19.02564102564103,26.50167652173912
25649,2024-01-20 02:00:00,Asia/Bangkok,91.44107017391305,21.5,20.47826086956522,26.28825939130434
25650,2024-01-20 03:00:00,Asia/Bangkok,91.91026513043481,21.0,20.05982905982906,26.068594
25651,2024-01-20 04:00:00,Asia/Bangkok,91.96177535087722,19.62931034482759,18.77586206896552,25.83080522123894
25652,2024-01-20 05:00:00,Asia/Bangkok,92.12866539130437,19.25,18.36206896551724,25.56722721739132
25653,2024-01-20 06:00:00,Asia/Bangkok,92.53867451327437,21.97435897435897,21.25641025641026,25.37902309734509
25654,2024-01-20 07:00:00,Asia/Bangkok,92.64369105263154,20.43965517241379,19.64655172413793,25.11147333333331
25655,2024-01-20 08:00:00,Asia/Bangkok,93.35322526785717,27.26724137931035,25.79310344827586,25.12538580357143
25656,2024-01-20 09:00:00,Asia/Bangkok,94.33888945454541,29.56034482758621,27.68103448275862,26.36186927272727
25657,2024-01-20 10:00:00,Asia/Bangkok,86.11670954954953,16.18260869565217,15.1304347826087,28.460890990991
25658,2024-01-20 11:00:00,Asia/Bangkok,79.31989843478259,14.28205128205128,13.39316239316239,29.85073278260869
25659,2024-01-20 12:00:00,Asia/Bangkok,74.73390696428571,14.69827586206897,13.92241379310345,30.8164317117117
25660,2024-01-20 13:00:00,Asia/Bangkok,70.06906736842103,19.4051724137931,18.32758620689655,31.50712078947367
25661,2024-01-20 14:00:00,Asia/Bangkok,65.90690000000002,20.89655172413793,20.0948275862069,32.46765547826087
25662,2024-01-20 15:00:00,Asia/Bangkok,64.33294631578948,23.94871794871795,23.09401709401709,32.93488350877194
25663,2024-01-20 16:00:00,Asia/Bangkok,67.84101417391305,24.82758620689655,23.85344827586207,31.91601156521739
25664,2024-01-20 17:00:00,Asia/Bangkok,71.03681017543857,21.46017699115044,20.26548672566372,31.46089513274336
25665,2024-01-20 18:00:00,Asia/Bangkok,76.49397216216217,17.16521739130435,16.23478260869565,30.07658288288288
25666,2024-01-20 19:00:00,Asia/Bangkok,80.97012132743357,23.07758620689655,21.24137931034483,29.21928336283183
25667,2024-01-20 20:00:00,Asia/Bangkok,83.36695620689656,60.57264957264957,51.34188034188034,28.84713870689655
25668,2024-01-20 21:00:00,Asia/Bangkok,85.71514807339452,60.11206896551724,52.66086956521739,28.16127733944954
25669,2024-01-20 22:00:00,Asia/Bangkok,87.2864967857143,48.55263157894737,40.50434782608696,27.5412559090909
25670,2024-01-20 23:00:00,Asia/Bangkok,88.85430017543862,32.39655172413793,29.67241379310345,27.01736254385964
25671,2024-01-21 00:00:00,Asia/Bangkok,89.02251201754387,27.29824561403509,25.97368421052632,26.76870566371683
25672,2024-01-21 01:00:00,Asia/Bangkok,89.92960382608698,27.96521739130435,26.52173913043478,26.42197448275863
25673,2024-01-21 02:00:00,Asia/Bangkok,90.31546756521746,25.77586206896552,24.71551724137931,26.2078301754386
25674,2024-01-21 03:00:00,Asia/Bangkok,90.56479026548669,24.70689655172414,23.68103448275862,25.9891792920354
25675,2024-01-21 04:00:00,Asia/Bangkok,90.70645672566368,27.00854700854701,25.90598290598291,25.71600619469027
25676,2024-01-21 05:00:00,Asia/Bangkok,90.85357902654867,28.85344827586207,27.62068965517241,25.47529699115042
25677,2024-01-21 06:00:00,Asia/Bangkok,91.10590104347824,30.61206896551724,29.06034482758621,25.25672295652175
25678,2024-01-21 07:00:00,Asia/Bangkok,91.36979803571428,28.99137931034483,27.54310344827586,25.06947499999998
25679,2024-01-21 08:00:00,Asia/Bangkok,92.12938439655173,40.99145299145299,35.68376068376068,25.13319387931036
25680,2024-01-21 09:00:00,Asia/Bangkok,93.15522544642856,38.71551724137931,34.02586206896552,25.76224720720721
25681,2024-01-21 10:00:00,Asia/Bangkok,91.60574643478257,25.77586206896552,24.39655172413793,26.99882460869564
25682,2024-01-21 11:00:00,Asia/Bangkok,82.91880912280702,17.82758620689655,16.68103448275862,29.67529956140353
25683,2024-01-21 12:00:00,Asia/Bangkok,76.57748043103453,14.44247787610619,13.41592920353982,31.11788448275863
25684,2024-01-21 13:00:00,Asia/Bangkok,71.44004523364487,14.17117117117117,13.37837837837838,32.42466140186917
25685,2024-01-21 14:00:00,Asia/Bangkok,70.87775808695648,14.77586206896552,13.92241379310345,32.89606973913044
25686,2024-01-21 15:00:00,Asia/Bangkok,70.27612008928571,15.4,14.59130434782609,32.42670758928573
25687,2024-01-21 16:00:00,Asia/Bangkok,70.57215982456141,19.86324786324786,18.84615384615385,31.8981848245614
25688,2024-01-21 17:00:00,Asia/Bangkok,74.14755547826087,18.18965517241379,17.27586206896552,31.13581026086956
25689,2024-01-21 18:00:00,Asia/Bangkok,78.82110428571427,30.43589743589743,28.2051282051282,30.05192705357143
25690,2024-01-21 19:00:00,Asia/Bangkok,82.14245991228071,52.71551724137931,45.71551724137931,29.20019210526316
25691,2024-01-21 20:00:00,Asia/Bangkok,82.91911876106194,37.61946902654867,33.23008849557522,29.1080749557522
25692,2024-01-21 21:00:00,Asia/Bangkok,85.31522223214283,60.16239316239317,48.48717948717949,28.57468279279281
25693,2024-01-21 22:00:00,Asia/Bangkok,87.18297070175437,58.45689655172414,47.42241379310344,27.94914491228068
25694,2024-01-21 23:00:00,Asia/Bangkok,88.42149557522124,45.81896551724138,38.49137931034483,27.69651071428573
25695,2024-01-22 00:00:00,Asia/Bangkok,89.10302315789473,38.77586206896552,33.87068965517241,27.32848087719299
25696,2024-01-22 01:00:00,Asia/Bangkok,89.87789333333329,37.00862068965517,32.99137931034483,26.99273954954953
25697,2024-01-22 02:00:00,Asia/Bangkok,90.30135079646026,35.20869565217392,31.88793103448276,26.62791079646016
25698,2024-01-22 03:00:00,Asia/Bangkok,90.78962646551724,33.64655172413793,30.99137931034483,26.29490301724137
25699,2024-01-22 04:00:00,Asia/Bangkok,91.29035043478265,31.81578947368421,29.78947368421053,25.96435930434783
25700,2024-01-22 05:00:00,Asia/Bangkok,91.30387008928567,31.66379310344828,29.80172413793104,25.83610205357143
25701,2024-01-22 06:00:00,Asia/Bangkok,91.86607008928569,33.68965517241379,31.04310344827586,25.67111571428572
25702,2024-01-22 07:00:00,Asia/Bangkok,92.37663205357144,36.87931034482759,32.87931034482759,25.42770221238935
25703,2024-01-22 08:00:00,Asia/Bangkok,92.7661886956522,38.76724137931034,34.18103448275862,25.50043114035086
25704,2024-01-22 09:00:00,Asia/Bangkok,93.5386593965517,53.97413793103448,44.73275862068966,26.75392422413793
25705,2024-01-22 10:00:00,Asia/Bangkok,83.11484330357143,21.43478260869565,20.24347826086957,29.23294794642857
25706,2024-01-22 11:00:00,Asia/Bangkok,75.7344196551724,20.3448275862069,19.32758620689655,31.15531465517241
25707,2024-01-22 12:00:00,Asia/Bangkok,71.68491990990991,21.37391304347826,20.46086956521739,32.20603765765767
25708,2024-01-22 13:00:00,Asia/Bangkok,66.82575221238938,21.77391304347826,20.66086956521739,33.18814991150442
25709,2024-01-22 14:00:00,Asia/Bangkok,64.30582045045044,16.46551724137931,15.71551724137931,33.34165126126127
25710,2024-01-22 15:00:00,Asia/Bangkok,68.40214362068964,12.47008547008547,11.81196581196581,32.39239129310345
25711,2024-01-22 16:00:00,Asia/Bangkok,72.3736079646018,8.275862068965518,7.482758620689655,31.11597371681415
25712,2024-01-22 17:00:00,Asia/Bangkok,76.2401905357143,10.50434782608696,9.756521739130434,30.29080437500001
25713,2024-01-22 18:00:00,Asia/Bangkok,84.1430634782609,13.00854700854701,12.14529914529914,27.60289756521738
25714,2024-01-22 19:00:00,Asia/Bangkok,85.93974807017547,11.5,10.50862068965517,27.32897175438596
25715,2024-01-22 20:00:00,Asia/Bangkok,86.13388486725658,9.689655172413794,9.060344827586206,27.53369415929203
25716,2024-01-22 21:00:00,Asia/Bangkok,86.29283557522128,8.905172413793103,8.275862068965518,27.46669902654866
25717,2024-01-22 22:00:00,Asia/Bangkok,88.71651367521365,9.521367521367521,9.017094017094017,26.72651880341879
25718,2024-01-22 23:00:00,Asia/Bangkok,90.79214254385963,6.834782608695652,6.336206896551724,26.26770298245615
25719,2024-01-23 00:00:00,Asia/Bangkok,90.79308327433633,8.373913043478261,7.862068965517241,26.23158920353983
25720,2024-01-23 01:00:00,Asia/Bangkok,90.57994710526316,6.879310344827586,6.431034482758621,26.22502324561407
25721,2024-01-23 02:00:00,Asia/Bangkok,90.26744107142854,6.551724137931035,6.043103448275862,26.11443214285715
25722,2024-01-23 03:00:00,Asia/Bangkok,90.86716791304346,7.043103448275862,6.491379310344827,25.89908965217393
25723,2024-01-23 04:00:00,Asia/Bangkok,90.77001734513276,5.491379310344827,4.887931034482759,25.83111274336282
25724,2024-01-23 05:00:00,Asia/Bangkok,90.57555137931034,5.316239316239316,4.82051282051282,25.87950715517243
25725,2024-01-23 06:00:00,Asia/Bangkok,90.28143096491232,4.267241379310345,3.853448275862069,25.93264894736843
25726,2024-01-23 07:00:00,Asia/Bangkok,91.3304320353982,6.379310344827586,5.905172413793103,25.73139097345132
25727,2024-01-23 08:00:00,Asia/Bangkok,92.26861433628316,8.504273504273504,8.008547008547009,25.75977168141592
25728,2024-01-23 09:00:00,Asia/Bangkok,93.65740279279281,14.03478260869565,12.43478260869565,25.65247747747748
25729,2024-01-23 10:00:00,Asia/Bangkok,91.65646008771927,1.094827586206897,0.9310344827586207,26.29604728070174
25730,2024-01-23 11:00:00,Asia/Bangkok,86.05010558558561,5.370689655172414,4.922413793103448,27.30280954954954
25731,2024-01-23 12:00:00,Asia/Bangkok,90.05021094827588,9.05982905982906,8.35897435897436,26.58201904347828
25732,2024-01-23 13:00:00,Asia/Bangkok,89.78866226086954,8.89655172413793,8.344827586206897,26.61541278260872
25733,2024-01-23 14:00:00,Asia/Bangkok,88.21137095652173,11.04310344827586,10.4051724137931,26.74558539130437
25734,2024-01-23 15:00:00,Asia/Bangkok,86.68282157894735,10.19827586206897,9.64655172413793,26.91291745614034
25735,2024-01-23 16:00:00,Asia/Bangkok,89.45933099999999,12.15652173913043,11.46086956521739,26.67085072727273
25736,2024-01-23 17:00:00,Asia/Bangkok,88.79280798165135,24.01724137931035,21.98275862068965,26.96276559633028
25737,2024-01-23 18:00:00,Asia/Bangkok,88.2635521428571,16.75652173913043,15.85217391304348,27.30437651785711
25738,2024-01-23 19:00:00,Asia/Bangkok,89.02069435185187,24.05309734513274,21.85964912280702,27.26982972222222
25739,2024-01-23 20:00:00,Asia/Bangkok,90.45645106194691,37.15652173913043,33.0,26.80628079646019
25740,2024-01-23 21:00:00,Asia/Bangkok,91.82655749999999,35.61206896551724,32.02586206896552,26.42282304347827
25741,2024-01-23 22:00:00,Asia/Bangkok,93.2922298245614,27.62931034482759,26.08620689655172,26.30583938596491
25742,2024-01-23 23:00:00,Asia/Bangkok,93.02665495495496,20.17241379310345,19.33620689655172,26.2822636936937
25743,2024-01-24 00:00:00,Asia/Bangkok,93.15574863636365,31.82758620689655,28.41379310344828,26.14192772727273
25744,2024-01-24 01:00:00,Asia/Bangkok,93.50645156521742,24.85217391304348,23.12173913043478,26.07985478260869
25745,2024-01-24 02:00:00,Asia/Bangkok,93.60338053571427,18.74782608695652,17.82608695652174,26.13342176991152
25746,2024-01-24 03:00:00,Asia/Bangkok,93.69173921739132,16.78632478632479,15.76068376068376,26.1651505263158
25747,2024-01-24 04:00:00,Asia/Bangkok,93.80006356521736,16.77586206896552,15.70689655172414,26.07474765217389
25748,2024-01-24 05:00:00,Asia/Bangkok,93.83110362831857,33.25862068965517,29.53448275862069,25.96039743362833
25749,2024-01-24 06:00:00,Asia/Bangkok,93.80599157894737,36.25862068965517,31.75,25.88074626086957
25750,2024-01-24 07:00:00,Asia/Bangkok,93.6955476521739,23.24786324786325,21.84615384615385,25.7742589473684
25751,2024-01-24 08:00:00,Asia/Bangkok,94.47161695652174,37.82758620689656,33.19827586206897,25.94771260869564
25752,2024-01-24 09:00:00,Asia/Bangkok,94.4222576521739,19.46551724137931,17.64655172413793,26.81621939130436
25753,2024-01-24 10:00:00,Asia/Bangkok,88.64393902654872,12.26086956521739,10.71304347826087,28.15843745614036
25754,2024-01-24 11:00:00,Asia/Bangkok,81.93797561403504,11.95726495726496,10.28205128205128,29.33607115044247
25755,2024-01-24 12:00:00,Asia/Bangkok,75.54046657407409,13.48275862068965,12.06896551724138,30.70713416666665
25756,2024-01-24 13:00:00,Asia/Bangkok,71.6146773214286,17.01754385964912,14.92105263157895,31.36773187499999
25757,2024-01-24 14:00:00,Asia/Bangkok,72.9897853153153,10.74137931034483,9.241379310344827,30.88446711711712
25758,2024-01-24 15:00:00,Asia/Bangkok,75.14407544642857,8.706896551724139,7.327586206896552,30.40811306306307
25759,2024-01-24 16:00:00,Asia/Bangkok,75.95507776785715,9.181034482758621,7.879310344827586,30.43948258928571
25760,2024-01-24 17:00:00,Asia/Bangkok,74.14586307017544,8.267241379310345,6.620689655172414,30.58585956140352
25761,2024-01-24 18:00:00,Asia/Bangkok,78.67963894736837,11.12931034482759,9.413793103448276,29.20848614035087
25762,2024-01-24 19:00:00,Asia/Bangkok,81.20871313043477,79.01709401709402,71.46153846153847,28.624612
25763,2024-01-24 20:00:00,Asia/Bangkok,82.88400859649124,37.31896551724138,31.33620689655172,28.47255192982455
25764,2024-01-24 21:00:00,Asia/Bangkok,87.04494464912281,12.2212389380531,10.46017699115044,27.36995442477874
25765,2024-01-24 22:00:00,Asia/Bangkok,88.19219834782608,7.181034482758621,5.741379310344827,26.98663426086958
25766,2024-01-24 23:00:00,Asia/Bangkok,89.89203238938052,5.767241379310345,4.543103448275862,26.7827668141593
25767,2024-01-25 00:00:00,Asia/Bangkok,91.23103274336282,11.88793103448276,10.47413793103448,27.02836318584069
25768,2024-01-25 01:00:00,Asia/Bangkok,91.62491107142861,12.10344827586207,10.85344827586207,27.02568303571425
25769,2024-01-25 02:00:00,Asia/Bangkok,92.21975339130435,15.06896551724138,13.87931034482759,26.92110599999999
25770,2024-01-25 03:00:00,Asia/Bangkok,92.08930927927929,9.077586206896552,7.887931034482759,26.89858190909092
25771,2024-01-25 04:00:00,Asia/Bangkok,92.61085684210528,8.78448275862069,7.517241379310345,26.71894684210528
25772,2024-01-25 05:00:00,Asia/Bangkok,92.69968061403507,10.26956521739131,8.791304347826086,26.45062342105263
25773,2024-01-25 06:00:00,Asia/Bangkok,92.47053948275858,6.086206896551724,4.974137931034483,26.39879241379311
25774,2024-01-25 07:00:00,Asia/Bangkok,93.67056140350877,5.275862068965517,4.163793103448276,26.10631122807017
25775,2024-01-25 08:00:00,Asia/Bangkok,93.87841884955753,6.131578947368421,5.149122807017544,26.24023778761062
25776,2024-01-25 09:00:00,Asia/Bangkok,94.53912044247792,6.565217391304348,5.365217391304347,26.84075601769912
25777,2024-01-25 10:00:00,Asia/Bangkok,91.56128401785713,6.794871794871795,5.145299145299146,27.28026936936937
25778,2024-01-25 11:00:00,Asia/Bangkok,85.46456078260864,4.96551724137931,3.310344827586207,28.4099167826087
25779,2024-01-25 12:00:00,Asia/Bangkok,85.26344460176989,5.318965517241379,3.637931034482758,28.28653840707964
25780,2024-01-25 13:00:00,Asia/Bangkok,89.44453114035088,6.163793103448276,4.146551724137931,27.54733131578947
25781,2024-01-25 14:00:00,Asia/Bangkok,88.51012860869562,6.508620689655173,4.801724137931035,27.77773096491227
25782,2024-01-25 15:00:00,Asia/Bangkok,84.34309166666665,5.913793103448276,4.052173913043478,28.28391982456141
25783,2024-01-25 16:00:00,Asia/Bangkok,83.07100855855856,5.382608695652173,3.692307692307693,28.20723297297296
25784,2024-01-25 17:00:00,Asia/Bangkok,83.038722,5.405172413793103,3.75,28.09971192982455
25785,2024-01-25 18:00:00,Asia/Bangkok,85.45078791304348,6.871794871794871,5.29059829059829,27.68597843478263
25786,2024-01-25 19:00:00,Asia/Bangkok,90.8736194736842,8.565217391304348,6.678260869565217,26.59287728070177
25787,2024-01-25 20:00:00,Asia/Bangkok,91.71145035398234,8.775862068965518,7.293103448275862,26.53801681415929
25788,2024-01-25 21:00:00,Asia/Bangkok,92.22678730434784,14.1025641025641,12.47008547008547,26.79992156521739
25789,2024-01-25 22:00:00,Asia/Bangkok,92.79107535087716,17.17241379310345,15.5,26.82055824561406
25790,2024-01-25 23:00:00,Asia/Bangkok,92.75715719298243,7.275862068965517,5.931034482758621,26.42181122807017
25791,2024-01-26 00:00:00,Asia/Bangkok,92.91937109090908,9.28695652173913,8.017391304347827,26.54723963636363
25792,2024-01-26 01:00:00,Asia/Bangkok,92.97661396551723,8.085470085470085,6.854700854700854,26.57061517241377
25793,2024-01-26 02:00:00,Asia/Bangkok,93.35423391304349,8.655172413793103,7.586206896551724,26.51075704347826
25794,2024-01-26 03:00:00,Asia/Bangkok,93.39878146788989,9.6,8.443478260869565,26.51647944954131
25795,2024-01-26 04:00:00,Asia/Bangkok,93.60246866071428,9.094017094017094,8.239316239316238,26.45139660714286
25796,2024-01-26 05:00:00,Asia/Bangkok,93.65694921052639,7.5,6.568965517241379,26.35854860869564
25797,2024-01-26 06:00:00,Asia/Bangkok,93.77113371681416,6.637931034482759,5.637931034482759,26.07148592920355
25798,2024-01-26 07:00:00,Asia/Bangkok,93.95920608695658,7.379310344827586,6.330434782608696,25.85608504347825
25799,2024-01-26 08:00:00,Asia/Bangkok,94.40733060344824,10.68376068376068,9.145299145299145,26.01435646551723
25800,2024-01-26 09:00:00,Asia/Bangkok,92.60087491379313,7.025862068965517,5.577586206896552,26.5573644736842
25801,2024-01-26 10:00:00,Asia/Bangkok,87.6020981415929,6.775862068965517,5.181034482758621,27.8742424778761
25802,2024-01-26 11:00:00,Asia/Bangkok,83.35373017699114,7.28448275862069,5.422413793103448,28.58138415929204
25803,2024-01-26 12:00:00,Asia/Bangkok,85.17165745614032,7.444444444444445,5.606837606837606,28.42624333333332
25804,2024-01-26 13:00:00,Asia/Bangkok,79.95148930434783,7.646551724137931,5.732758620689655,29.20297947826086
25805,2024-01-26 14:00:00,Asia/Bangkok,78.92346873873876,12.31578947368421,10.29824561403509,29.5120854954955
25806,2024-01-26 15:00:00,Asia/Bangkok,79.25046330434782,23.19827586206896,20.06034482758621,29.05878295652174
25807,2024-01-26 16:00:00,Asia/Bangkok,78.91137561403507,12.62068965517241,10.50862068965517,29.11832438596492
25808,2024-01-26 17:00:00,Asia/Bangkok,77.0554016190476,10.76415094339623,8.80188679245283,29.13323609523809
25809,2024-01-26 18:00:00,Asia/Bangkok,79.75991929203542,16.93913043478261,14.28695652173913,28.53949815789473
25810,2024-01-26 19:00:00,Asia/Bangkok,83.86820232758622,16.73275862068965,14.41379310344828,27.65932391304348
25811,2024-01-26 20:00:00,Asia/Bangkok,85.9227146902655,32.62068965517241,28.08620689655172,27.2860860176991
25812,2024-01-26 21:00:00,Asia/Bangkok,86.95857547826088,59.06896551724138,47.86206896551724,27.1486226724138
25813,2024-01-26 22:00:00,Asia/Bangkok,88.10734710526316,51.36752136752137,42.00854700854701,26.8958878761062
25814,2024-01-26 23:00:00,Asia/Bangkok,89.32003548672563,35.98275862068966,30.82758620689655,26.46701526785716
25815,2024-01-27 00:00:00,Asia/Bangkok,90.27996238938051,21.25862068965517,19.58620689655172,26.1231214159292
25816,2024-01-27 01:00:00,Asia/Bangkok,90.86840530973446,22.32173913043478,20.64347826086956,25.91389230088496
25817,2024-01-27 02:00:00,Asia/Bangkok,91.46014982608696,22.87931034482759,21.28448275862069,25.49928443478261
25818,2024-01-27 03:00:00,Asia/Bangkok,92.16011954954953,30.58119658119658,27.51282051282051,25.21521441441439
25819,2024-01-27 04:00:00,Asia/Bangkok,92.15774956521739,25.24137931034483,23.22413793103448,24.96748991304348
25820,2024-01-27 05:00:00,Asia/Bangkok,92.38968902654865,27.26548672566372,24.98230088495575,24.76200654867253
25821,2024-01-27 06:00:00,Asia/Bangkok,92.17881991304347,17.28448275862069,16.0,24.70739782608696
25822,2024-01-27 07:00:00,Asia/Bangkok,92.65087401785719,30.56034482758621,27.1551724137931,24.56587964285717
25823,2024-01-27 08:00:00,Asia/Bangkok,93.40088828828834,30.01724137931035,26.62068965517241,24.94572513513514
25824,2024-01-27 09:00:00,Asia/Bangkok,91.53862043478259,12.94017094017094,11.34188034188034,26.49456596491227
25825,2024-01-27 10:00:00,Asia/Bangkok,81.59291873873877,10.55172413793103,9.112068965517242,28.29460918918919
25826,2024-01-27 11:00:00,Asia/Bangkok,75.07934696428572,9.491379310344827,8.120689655172415,29.54518544642858
25827,2024-01-27 12:00:00,Asia/Bangkok,71.17679660869567,11.25641025641026,10.02564102564103,30.71382930434781
25828,2024-01-27 13:00:00,Asia/Bangkok,70.06009513513514,15.83620689655172,14.37931034482759,31.38004036036034
25829,2024-01-27 14:00:00,Asia/Bangkok,71.34492271929825,20.84615384615385,19.12820512820513,31.06375429824561
25830,2024-01-27 15:00:00,Asia/Bangkok,76.37433818965518,24.50862068965517,22.86206896551724,29.85175724137931
25831,2024-01-27 16:00:00,Asia/Bangkok,75.1084936936937,25.37606837606837,23.84615384615385,29.90830486486487
25832,2024-01-27 17:00:00,Asia/Bangkok,76.56738912280701,49.19827586206897,43.95689655172414,29.57040894736842
25833,2024-01-27 18:00:00,Asia/Bangkok,78.21878903508774,74.50862068965517,66.56896551724138,29.25566114035086
25834,2024-01-27 19:00:00,Asia/Bangkok,81.95767831858407,37.3448275862069,32.02586206896552,28.17792805309734
25835,2024-01-27 20:00:00,Asia/Bangkok,83.83440035714284,38.66086956521739,32.2695652173913,27.9257275892857
25836,2024-01-27 21:00:00,Asia/Bangkok,85.36596681034482,61.4017094017094,51.8034188034188,27.55387224137931
25837,2024-01-27 22:00:00,Asia/Bangkok,87.30505223214291,41.88793103448276,35.52586206896552,26.88887848214285
25838,2024-01-27 23:00:00,Asia/Bangkok,88.10582553571432,28.49137931034483,25.71551724137931,26.52833633928573
25839,2024-01-28 00:00:00,Asia/Bangkok,88.78950090909088,33.78448275862069,29.31896551724138,26.13131266055047
25840,2024-01-28 01:00:00,Asia/Bangkok,89.12706621621624,26.82456140350877,24.64912280701754,25.86261396396395
25841,2024-01-28 02:00:00,Asia/Bangkok,89.74207078947371,24.46086956521739,22.53043478260869,25.58424271929828
25842,2024-01-28 03:00:00,Asia/Bangkok,89.93191456896555,23.4051724137931,21.77586206896552,25.33579620689656
25843,2024-01-28 04:00:00,Asia/Bangkok,90.3819742342342,39.73275862068966,33.86206896551724,25.00899531531531
25844,2024-01-28 05:00:00,Asia/Bangkok,91.17086891891897,44.22608695652174,36.95652173913044,24.72069414414412
25845,2024-01-28 06:00:00,Asia/Bangkok,91.44423845454546,38.96521739130435,33.68695652173913,24.66844000000002
25846,2024-01-28 07:00:00,Asia/Bangkok,92.09425902654861,43.1304347826087,37.09565217391305,24.59448796460179
25847,2024-01-28 08:00:00,Asia/Bangkok,92.94329465517238,51.5,42.6551724137931,24.83609525862069
25848,2024-01-28 09:00:00,Asia/Bangkok,93.49085508928569,26.81896551724138,23.81896551724138,26.23881892857142
25849,2024-01-28 10:00:00,Asia/Bangkok,83.39226736842106,21.21551724137931,18.72413793103448,28.61567245614035
25850,2024-01-28 11:00:00,Asia/Bangkok,77.69126991304351,28.79310344827586,24.04310344827586,29.43971182608697
25851,2024-01-28 12:00:00,Asia/Bangkok,72.48969796460177,49.1578947368421,43.14035087719298,30.80668902654867
25852,2024-01-28 13:00:00,Asia/Bangkok,67.58863584070797,14.0,12.28947368421053,31.71842787610619
25853,2024-01-28 14:00:00,Asia/Bangkok,67.0755156521739,9.121739130434783,7.939130434782609,31.61585561403508
25854,2024-01-28 15:00:00,Asia/Bangkok,65.42985500000002,9.017241379310345,7.767241379310345,32.02248633928573
25855,2024-01-28 16:00:00,Asia/Bangkok,69.15184408695653,8.486956521739131,7.295652173913044,31.0862824347826
25856,2024-01-28 17:00:00,Asia/Bangkok,70.61170522123892,10.94871794871795,9.572649572649572,30.42041141592919
25857,2024-01-28 18:00:00,Asia/Bangkok,73.76878830357147,12.88793103448276,11.16379310344828,29.56621571428571
25858,2024-01-28 19:00:00,Asia/Bangkok,79.0016011504425,33.92035398230089,28.98230088495575,28.62075348214286
25859,2024-01-28 20:00:00,Asia/Bangkok,81.99035228070171,62.31623931623932,50.75213675213675,28.15993385964913
25860,2024-01-28 21:00:00,Asia/Bangkok,83.89957106194687,43.40869565217391,36.17391304347826,27.7841872566372
25861,2024-01-28 22:00:00,Asia/Bangkok,85.25053596491225,38.6551724137931,33.11206896551724,27.44972438596488
25862,2024-01-28 23:00:00,Asia/Bangkok,86.25158122807017,39.83760683760683,33.67521367521368,26.97004221238938
25863,2024-01-29 00:00:00,Asia/Bangkok,87.89921456896556,41.5,35.32758620689656,26.33318560344827
25864,2024-01-29 01:00:00,Asia/Bangkok,88.88714267241379,23.94827586206896,22.18965517241379,25.91880112068965
25865,2024-01-29 02:00:00,Asia/Bangkok,88.78765478260866,18.53448275862069,17.00862068965517,25.93412852173912
25866,2024-01-29 03:00:00,Asia/Bangkok,88.98785973451332,37.71794871794872,32.88888888888889,25.69067336283186
25867,2024-01-29 04:00:00,Asia/Bangkok,89.62567217391295,22.53043478260869,20.88695652173913,25.36857634782606
25868,2024-01-29 05:00:00,Asia/Bangkok,89.79894456140353,21.95726495726496,20.51724137931035,25.20132649122805
25869,2024-01-29 06:00:00,Asia/Bangkok,89.74500936363637,24.47413793103448,23.03448275862069,24.98157490909095
25870,2024-01-29 07:00:00,Asia/Bangkok,90.18902245283019,24.88793103448276,23.3448275862069,24.77629264150941
25871,2024-01-29 08:00:00,Asia/Bangkok,91.33367238938057,32.27586206896552,29.4051724137931,24.84757859649121
25872,2024-01-29 09:00:00,Asia/Bangkok,90.94140796460172,16.56896551724138,14.79310344827586,26.12180151785714
25873,2024-01-29 10:00:00,Asia/Bangkok,81.66234247787612,9.629310344827585,8.155172413793103,28.65582141592918
25874,2024-01-29 11:00:00,Asia/Bangkok,75.15009649572654,7.324786324786325,6.102564102564102,29.81243410256411
25875,2024-01-29 12:00:00,Asia/Bangkok,67.72756327586207,9.03448275862069,7.879310344827586,31.10598181034482
25876,2024-01-29 13:00:00,Asia/Bangkok,64.99515974137933,9.085470085470085,8.17094017094017,31.74324689655171
25877,2024-01-29 14:00:00,Asia/Bangkok,65.09160594594594,13.88793103448276,12.07758620689655,31.73389513513513
25878,2024-01-29 15:00:00,Asia/Bangkok,64.46643530434784,9.88034188034188,8.863247863247864,32.03768469565218
25879,2024-01-29 16:00:00,Asia/Bangkok,67.75986304347828,28.11206896551724,25.61206896551724,30.967199122807
25880,2024-01-29 17:00:00,Asia/Bangkok,70.55940592920352,19.14655172413793,17.48275862068965,30.15612017699116
25881,2024-01-29 18:00:00,Asia/Bangkok,73.36776909909909,17.5,15.78448275862069,29.28135567567568
25882,2024-01-29 19:00:00,Asia/Bangkok,78.21507482142856,27.20689655172414,24.5948275862069,28.21621892857141
25883,2024-01-29 20:00:00,Asia/Bangkok,80.37010199999997,31.87068965517241,28.23275862068965,28.24189313043479
25884,2024-01-29 21:00:00,Asia/Bangkok,82.6868057017544,46.66086956521739,38.40869565217391,27.77730763157896
25885,2024-01-29 22:00:00,Asia/Bangkok,84.82120885964915,42.39655172413793,35.88793103448276,27.28704289473682
25886,2024-01-29 23:00:00,Asia/Bangkok,86.92514879310346,42.3448275862069,35.94827586206897,26.90910172413794
25887,2024-01-30 00:00:00,Asia/Bangkok,87.60006394736844,45.93913043478261,38.26086956521739,26.73766660869565
25888,2024-01-30 01:00:00,Asia/Bangkok,88.36993884955751,47.78448275862069,39.49137931034483,26.19730767857143
25889,2024-01-30 02:00:00,Asia/Bangkok,89.13777477477477,33.87931034482759,30.60344827586207,25.90881136363636
25890,2024-01-30 03:00:00,Asia/Bangkok,89.17173365217393,27.20689655172414,25.54782608695652,25.65456353982304
25891,2024-01-30 04:00:00,Asia/Bangkok,90.03767279279278,24.14655172413793,22.56034482758621,25.38438441441441
25892,2024-01-30 05:00:00,Asia/Bangkok,90.54447792792791,27.23893805309735,25.1858407079646,25.29542342342342
25893,2024-01-30 06:00:00,Asia/Bangkok,91.48814403508771,41.77586206896552,35.31896551724138,24.90499884955751
25894,2024-01-30 07:00:00,Asia/Bangkok,91.58658660714283,48.5,40.88793103448276,24.84482946428571
25895,2024-01-30 08:00:00,Asia/Bangkok,91.9331450877193,22.41025641025641,20.96581196581197,25.05509280701755
25896,2024-01-30 09:00:00,Asia/Bangkok,90.50806591304351,27.62068965517241,24.05172413793104,26.40029826086957
25897,2024-01-30 10:00:00,Asia/Bangkok,80.00280814159295,11.84615384615385,10.4957264957265,28.83378761061945
25898,2024-01-30 11:00:00,Asia/Bangkok,70.70165617391304,11.73275862068965,10.55172413793103,30.47928304347825
25899,2024-01-30 12:00:00,Asia/Bangkok,66.08345637931035,12.45689655172414,11.29310344827586,31.72390956896553
25900,2024-01-30 13:00:00,Asia/Bangkok,62.12023424778762,12.93103448275862,11.89655172413793,32.32145017699114
25901,2024-01-30 14:00:00,Asia/Bangkok,61.30413344827588,16.52136752136752,15.4017094017094,32.73227373913043
25902,2024-01-30 15:00:00,Asia/Bangkok,60.36967070175436,19.41379310344828,17.8448275862069,32.43867723214286
25903,2024-01-30 16:00:00,Asia/Bangkok,61.71865541284402,15.06034482758621,14.06896551724138,32.47500926605505
25904,2024-01-30 17:00:00,Asia/Bangkok,66.68019716814158,33.23684210526316,30.02631578947368,31.28030566371683
25905,2024-01-30 18:00:00,Asia/Bangkok,70.6069932758621,30.72649572649573,27.13675213675214,30.10698034482758
25906,2024-01-30 19:00:00,Asia/Bangkok,73.86840216216218,71.46551724137932,63.08620689655172,29.45783720720723
25907,2024-01-30 20:00:00,Asia/Bangkok,77.52719570175438,92.83620689655173,83.4396551724138,29.03653192982457
25908,2024-01-30 21:00:00,Asia/Bangkok,80.93082713043479,70.86206896551724,60.12068965517241,28.4032397368421
25909,2024-01-30 22:00:00,Asia/Bangkok,83.38919008771933,65.17948717948718,53.0940170940171,27.79321122807019
25910,2024-01-30 23:00:00,Asia/Bangkok,84.98009876106198,45.63793103448276,38.20689655172414,27.25366247787612
25911,2024-01-31 00:00:00,Asia/Bangkok,85.79280295652173,47.46153846153846,39.64957264957265,26.81550165217392
25912,2024-01-31 01:00:00,Asia/Bangkok,86.57363853448273,48.25862068965517,40.19827586206897,26.42846603448278
25913,2024-01-31 02:00:00,Asia/Bangkok,87.32299210526318,53.49137931034483,44.01724137931034,26.06679482456142
25914,2024-01-31 03:00:00,Asia/Bangkok,87.53914610619464,58.86206896551724,47.87931034482759,25.75034241071429
25915,2024-01-31 04:00:00,Asia/Bangkok,88.04709581818183,75.23684210526316,66.02631578947368,25.31000163636365
25916,2024-01-31 05:00:00,Asia/Bangkok,88.96217628318578,48.83620689655172,41.36206896551724,24.9193210619469
25917,2024-01-31 06:00:00,Asia/Bangkok,89.6473207964602,52.75,43.43965517241379,24.66656123893806
25918,2024-01-31 07:00:00,Asia/Bangkok,89.86939147826087,35.66666666666666,32.02564102564103,24.62782217391306
25919,2024-01-31 08:00:00,Asia/Bangkok,90.88682142857142,50.10434782608696,42.21739130434783,24.84588801801799
25920,2024-01-31 09:00:00,Asia/Bangkok,90.48897026315791,35.59649122807018,31.20175438596491,26.40407912280703
25921,2024-01-31 10:00:00,Asia/Bangkok,81.2497005172414,18.66379310344828,17.30172413793104,28.53233417391305
25922,2024-01-31 11:00:00,Asia/Bangkok,75.36333699115043,18.75438596491228,17.64912280701754,30.00341672566373
25923,2024-01-31 12:00:00,Asia/Bangkok,69.18180894736844,19.64655172413793,18.16379310344828,31.32045701754385
25924,2024-01-31 13:00:00,Asia/Bangkok,65.54118026315787,15.0,14.18965517241379,32.12537263157894
25925,2024-01-31 14:00:00,Asia/Bangkok,66.89160178571426,13.47413793103448,12.5,31.75323669642857
25926,2024-01-31 15:00:00,Asia/Bangkok,66.16196745614036,10.75,10.04310344827586,32.12844184210525
25927,2024-01-31 16:00:00,Asia/Bangkok,66.36617321428572,7.896551724137931,7.336206896551724,31.69956839285713
25928,2024-01-31 17:00:00,Asia/Bangkok,68.92222357142855,9.0,8.293103448275861,30.89506071428573
25929,2024-01-31 18:00:00,Asia/Bangkok,72.02284531531531,78.18103448275862,69.35344827586206,30.04942517857144
25930,2024-01-31 19:00:00,Asia/Bangkok,76.50922194690267,70.3931623931624,61.17094017094017,29.32506630630633
25931,2024-01-31 20:00:00,Asia/Bangkok,78.73563695652177,69.36206896551724,58.05172413793103,29.06585736842107
25932,2024-01-31 21:00:00,Asia/Bangkok,81.63125530434785,93.76724137931035,81.24137931034483,28.34160217391305
25933,2024-01-31 22:00:00,Asia/Bangkok,83.61255274336281,67.18103448275862,56.22413793103448,27.80578513274338
25934,2024-01-31 23:00:00,Asia/Bangkok,85.2102305172414,54.33333333333334,44.18803418803419,27.31372491379311
25935,2024-02-01 00:00:00,Asia/Bangkok,85.63399219298249,68.24137931034483,55.74137931034483,26.80230964912281
25936,2024-02-01 01:00:00,Asia/Bangkok,86.59483910714286,59.2,48.01739130434783,26.16745776785714
25937,2024-02-01 02:00:00,Asia/Bangkok,87.47771292452823,42.23275862068966,35.83620689655172,25.72208457142859
25938,2024-02-01 03:00:00,Asia/Bangkok,88.39733009009015,34.58119658119658,31.29059829059829,25.3257328828829
25939,2024-02-01 04:00:00,Asia/Bangkok,88.42280754385962,30.73275862068965,28.75862068965517,25.1540975221239
25940,2024-02-01 05:00:00,Asia/Bangkok,88.86097929824554,28.43103448275862,26.63793103448276,24.82103780701754
25941,2024-02-01 06:00:00,Asia/Bangkok,89.7936112173913,26.28448275862069,24.98275862068965,24.51920086956521
25942,2024-02-01 07:00:00,Asia/Bangkok,90.26089135135139,29.21551724137931,27.37068965517241,24.31322216216216
25943,2024-02-01 08:00:00,Asia/Bangkok,91.38309605263159,36.64957264957265,32.43589743589744,24.47813877192983
25944,2024-02-01 09:00:00,Asia/Bangkok,91.1981404385965,36.26724137931034,31.69827586206896,26.09043228070176
25945,2024-02-01 10:00:00,Asia/Bangkok,81.94726339130435,20.06034482758621,18.55172413793104,28.66845104347825
25946,2024-02-01 11:00:00,Asia/Bangkok,73.97713258620689,20.43965517241379,19.24137931034483,30.23785034482761
25947,2024-02-01 12:00:00,Asia/Bangkok,69.71619684210526,18.78632478632479,17.98290598290598,31.51071428571428
25948,2024-02-01 13:00:00,Asia/Bangkok,65.42925654545456,21.23275862068965,20.28448275862069,32.15019281818181
25949,2024-02-01 14:00:00,Asia/Bangkok,62.03525117117118,21.83620689655172,21.01724137931035,32.94624972972972
25950,2024-02-01 15:00:00,Asia/Bangkok,57.6880153982301,19.82051282051282,19.13675213675214,34.00605097345134
25951,2024-02-01 16:00:00,Asia/Bangkok,58.24864292035398,20.81034482758621,20.13793103448276,33.33712247787609
25952,2024-02-01 17:00:00,Asia/Bangkok,60.61460855855854,20.04310344827586,19.25862068965517,32.81196288288288
25953,2024-02-01 18:00:00,Asia/Bangkok,65.11336619469029,33.33620689655172,30.00862068965517,31.54228106194691
25954,2024-02-01 19:00:00,Asia/Bangkok,70.13082999999999,42.08695652173913,37.42608695652174,30.06962053571428
25955,2024-02-01 20:00:00,Asia/Bangkok,75.65559739130434,60.91379310344828,50.44827586206897,29.18990565217389
25956,2024-02-01 21:00:00,Asia/Bangkok,79.54033874999999,35.9438202247191,32.3370786516854,28.55023250000001
25957,2024-02-01 22:00:00,Asia/Bangkok,82.7733400877193,51.18421052631579,43.28070175438597,27.82352315789476
25958,2024-02-01 23:00:00,Asia/Bangkok,83.04318000000004,45.73275862068966,38.48275862068966,27.64386008695651
25959,2024-02-02 00:00:00,Asia/Bangkok,83.6737850892857,45.51724137931034,38.16379310344828,27.4186276785714
25960,2024-02-02 01:00:00,Asia/Bangkok,84.10593185840709,45.50427350427351,38.11965811965812,27.02477309734513
25961,2024-02-02 02:00:00,Asia/Bangkok,86.06822858407081,39.45689655172414,34.38793103448276,26.04149991150443
25962,2024-02-02 03:00:00,Asia/Bangkok,87.24243455357144,42.26086956521739,36.49565217391304,25.51603769911504
25963,2024-02-02 04:00:00,Asia/Bangkok,88.39404219298248,39.18803418803419,34.1965811965812,25.12297769911506
25964,2024-02-02 05:00:00,Asia/Bangkok,89.38443191304349,38.53448275862069,33.93103448275862,24.80911315789472
25965,2024-02-02 06:00:00,Asia/Bangkok,89.16976157894743,35.52991452991453,32.05982905982906,24.85378254385966
25966,2024-02-02 07:00:00,Asia/Bangkok,89.78326309734514,36.46551724137931,32.66379310344828,24.95309132743363
25967,2024-02-02 08:00:00,Asia/Bangkok,90.28350956140355,53.51724137931034,44.18103448275862,25.1834797368421
25968,2024-02-02 09:00:00,Asia/Bangkok,88.45405678571431,34.54310344827586,30.54310344827586,26.6876249557522
25969,2024-02-02 10:00:00,Asia/Bangkok,79.3778224786325,16.5982905982906,15.84615384615385,29.22241112068964
25970,2024-02-02 11:00:00,Asia/Bangkok,74.369774375,15.01769911504425,14.35398230088496,30.61956232142857
25971,2024-02-02 12:00:00,Asia/Bangkok,67.62636732758624,12.73275862068965,12.08620689655172,32.24144243478261
25972,2024-02-02 13:00:00,Asia/Bangkok,63.87556377192983,12.21367521367521,11.65811965811966,32.70748271929826
25973,2024-02-02 14:00:00,Asia/Bangkok,61.8870636607143,11.31034482758621,10.81896551724138,33.410081875
25974,2024-02-02 15:00:00,Asia/Bangkok,61.88378734513276,11.18803418803419,10.62393162393162,33.29037938053097
25975,2024-02-02 16:00:00,Asia/Bangkok,59.85680614035088,8.706896551724139,8.336206896551724,33.58833894736841
25976,2024-02-02 17:00:00,Asia/Bangkok,61.74522743362835,8.137931034482758,7.775862068965517,32.96719831858409
25977,2024-02-02 18:00:00,Asia/Bangkok,66.40175626086958,10.67241379310345,10.06896551724138,31.7074443859649
25978,2024-02-02 19:00:00,Asia/Bangkok,73.40195826086959,79.15384615384616,74.15384615384616,30.16464704347828
25979,2024-02-02 20:00:00,Asia/Bangkok,77.43380373913044,48.05172413793103,41.98275862068966,29.32135895652175
25980,2024-02-02 21:00:00,Asia/Bangkok,81.71873617391306,44.81896551724138,37.91379310344828,28.252274
25981,2024-02-02 22:00:00,Asia/Bangkok,83.65045767241378,43.7008547008547,37.32478632478632,27.57921620689654
25982,2024-02-02 23:00:00,Asia/Bangkok,84.56817486725664,31.76724137931035,29.10344827586207,27.19590486725666
25983,2024-02-03 00:00:00,Asia/Bangkok,84.52162543859652,30.76923076923077,28.49572649572649,26.85887868421053
25984,2024-02-03 01:00:00,Asia/Bangkok,85.99567486725668,35.44827586206897,31.74137931034483,26.12387725663717
25985,2024-02-03 02:00:00,Asia/Bangkok,87.60212687500004,34.51282051282051,31.13675213675214,25.51236882882882
25986,2024-02-03 03:00:00,Asia/Bangkok,88.40676678260873,32.82758620689656,30.42241379310345,25.24520713043477
25987,2024-02-03 04:00:00,Asia/Bangkok,88.23425036036033,30.31896551724138,28.51724137931035,25.24173763636365
25988,2024-02-03 05:00:00,Asia/Bangkok,87.61987758928571,33.13913043478261,30.48245614035088,25.18277348214287
25989,2024-02-03 06:00:00,Asia/Bangkok,88.00432713043479,31.98275862068965,29.68103448275862,24.92223391304344
25990,2024-02-03 07:00:00,Asia/Bangkok,88.82706035398228,37.32173913043479,32.86086956521739,24.54498079646016
25991,2024-02-03 08:00:00,Asia/Bangkok,90.20508605263159,42.13913043478261,36.91304347826087,24.87139982456142
25992,2024-02-03 09:00:00,Asia/Bangkok,90.12690403508775,40.33620689655172,34.5948275862069,26.48870982456139
25993,2024-02-03 10:00:00,Asia/Bangkok,81.83296591304347,15.8974358974359,15.17241379310345,28.91946156521739
25994,2024-02-03 11:00:00,Asia/Bangkok,75.49387763157894,11.91379310344828,11.23931623931624,30.4651794736842
25995,2024-02-03 12:00:00,Asia/Bangkok,69.10710640350878,19.82758620689655,18.13793103448276,31.81891631578948
25996,2024-02-03 13:00:00,Asia/Bangkok,64.58544208695652,17.78632478632479,16.95726495726496,32.63616591304346
25997,2024-02-03 14:00:00,Asia/Bangkok,61.79258728070177,16.16521739130435,15.58260869565217,33.38853456140351
25998,2024-02-03 15:00:00,Asia/Bangkok,61.1196705172414,16.36752136752137,15.81196581196581,33.791045
25999,2024-02-03 16:00:00,Asia/Bangkok,62.03084356521737,15.8448275862069,15.11206896551724,33.66080573913043
26000,2024-02-03 17:00:00,Asia/Bangkok,64.38366254385966,28.89655172413793,26.46551724137931,32.7859293859649
26001,2024-02-03 18:00:00,Asia/Bangkok,69.08584034482762,15.33620689655172,14.68103448275862,31.54764568965516
26002,2024-02-03 19:00:00,Asia/Bangkok,73.82620008849555,19.58620689655172,18.12931034482759,30.41703433628318
26003,2024-02-03 20:00:00,Asia/Bangkok,77.84639365217387,45.88888888888889,38.47008547008547,29.43943330434782
26004,2024-02-03 21:00:00,Asia/Bangkok,79.79525929203538,55.80172413793103,45.64655172413793,28.96144513274337
26005,2024-02-03 22:00:00,Asia/Bangkok,81.52014144144145,39.05172413793103,33.52586206896552,28.47284630630631
26006,2024-02-03 23:00:00,Asia/Bangkok,82.74662450450452,31.96551724137931,29.6551724137931,27.95725765765765
26007,2024-02-04 00:00:00,Asia/Bangkok,85.04268072072071,46.07758620689656,38.05172413793103,27.11662299999997
26008,2024-02-04 01:00:00,Asia/Bangkok,85.35851982758622,51.93103448275862,41.79310344827586,26.84379465517241
26009,2024-02-04 02:00:00,Asia/Bangkok,86.5665201801802,41.33620689655172,35.37068965517241,26.16111171171171
26010,2024-02-04 03:00:00,Asia/Bangkok,87.63912219298246,42.25,35.53448275862069,25.63249570175442
26011,2024-02-04 04:00:00,Asia/Bangkok,87.88624904347834,44.17241379310344,36.73275862068966,25.42950219298246
26012,2024-02-04 05:00:00,Asia/Bangkok,87.63898719298241,53.25,43.12068965517241,25.23351385964913
26013,2024-02-04 06:00:00,Asia/Bangkok,88.08323765217396,49.95689655172414,41.42241379310344,24.99451991304351
26014,2024-02-04 07:00:00,Asia/Bangkok,88.5456311206897,40.26495726495727,34.8974358974359,24.72000353448275
26015,2024-02-04 08:00:00,Asia/Bangkok,90.33594365217391,56.46551724137931,47.17241379310344,24.63251547826086
26016,2024-02-04 09:00:00,Asia/Bangkok,91.0283042608696,31.03448275862069,28.25862068965517,26.29954513043479
26017,2024-02-04 10:00:00,Asia/Bangkok,79.84941780701756,20.00862068965517,19.20689655172414,29.16625122807016
26018,2024-02-04 11:00:00,Asia/Bangkok,73.64020212389379,22.48275862068965,21.02586206896552,30.55941141592919
26019,2024-02-04 12:00:00,Asia/Bangkok,66.51538054545453,19.49137931034483,18.70689655172414,32.39061927272726
26020,2024-02-04 13:00:00,Asia/Bangkok,62.37624509090911,19.72649572649573,19.04273504273504,33.57549436363637
26021,2024-02-04 14:00:00,Asia/Bangkok,57.36254543859651,22.35344827586207,21.63478260869565,35.46747798245615
26022,2024-02-04 15:00:00,Asia/Bangkok,57.7643395614035,29.19130434782609,27.71551724137931,35.13813780701754
26023,2024-02-04 16:00:00,Asia/Bangkok,61.85371205357145,27.77586206896552,26.9051724137931,34.22214794642858
26024,2024-02-04 17:00:00,Asia/Bangkok,65.96481938053097,27.07826086956522,26.07826086956522,32.95412294642859
26025,2024-02-04 18:00:00,Asia/Bangkok,70.3458155652174,30.28448275862069,28.66379310344828,31.67542608695651
26026,2024-02-04 19:00:00,Asia/Bangkok,73.87246852173915,65.89565217391305,61.28695652173913,30.47199113043479
26027,2024-02-04 20:00:00,Asia/Bangkok,78.29281300884958,73.86206896551724,63.44827586206897,29.36428327433625
26028,2024-02-04 21:00:00,Asia/Bangkok,80.91190205357145,58.94827586206897,48.99137931034483,28.88690419642858
26029,2024-02-04 22:00:00,Asia/Bangkok,82.31071663716814,67.49565217391304,55.82608695652174,28.45691690265486
26030,2024-02-04 23:00:00,Asia/Bangkok,83.33333707964597,58.04385964912281,47.47368421052632,28.048027079646
26031,2024-02-05 00:00:00,Asia/Bangkok,84.17652568965515,64.33333333333333,52.68376068376068,27.63697491379307
26032,2024-02-05 01:00:00,Asia/Bangkok,87.10414973913043,64.5982905982906,52.84615384615385,26.66960773913042
26033,2024-02-05 02:00:00,Asia/Bangkok,88.38453707964601,57.52586206896552,47.12068965517241,26.5367149557522
26034,2024-02-05 03:00:00,Asia/Bangkok,88.64160544642861,54.10619469026549,44.73451327433628,26.17361964601772
26035,2024-02-05 04:00:00,Asia/Bangkok,88.31517981981986,55.30088495575221,45.53982300884956,26.00945853211008
26036,2024-02-05 05:00:00,Asia/Bangkok,88.9151834513274,51.43103448275862,42.81034482758621,25.6754092035398
26037,2024-02-05 06:00:00,Asia/Bangkok,88.33690271929824,52.98275862068966,44.06896551724138,25.76997210526318
26038,2024-02-05 07:00:00,Asia/Bangkok,88.58100692307697,51.41880341880342,43.05982905982906,25.74502683760684
26039,2024-02-05 08:00:00,Asia/Bangkok,89.47921660714285,49.66379310344828,41.72413793103448,25.71901392857142
26040,2024-02-05 09:00:00,Asia/Bangkok,90.90797982142861,59.13793103448276,50.19827586206897,26.39188607142857
26041,2024-02-05 10:00:00,Asia/Bangkok,81.5643417272727,37.22413793103448,33.56034482758621,29.52010807339452
26042,2024-02-05 11:00:00,Asia/Bangkok,72.48551626086957,30.03448275862069,28.96551724137931,31.35071513043477
26043,2024-02-05 12:00:00,Asia/Bangkok,67.84383882882884,33.5,31.18965517241379,32.46544531531534
26044,2024-02-05 13:00:00,Asia/Bangkok,63.78009562499998,27.26724137931035,26.38793103448276,33.59478803571428
26045,2024-02-05 14:00:00,Asia/Bangkok,60.00705129310342,26.46551724137931,25.8448275862069,34.78747025862069
26046,2024-02-05 15:00:00,Asia/Bangkok,57.59180826086958,26.51724137931035,26.00862068965517,35.76741608695654
26047,2024-02-05 16:00:00,Asia/Bangkok,61.83990333333335,26.11965811965812,25.30769230769231,34.57704122807016
26048,2024-02-05 17:00:00,Asia/Bangkok,67.63384973913043,41.1551724137931,36.3448275862069,33.10416939130435
26049,2024-02-05 18:00:00,Asia/Bangkok,71.82988182608695,34.99137931034483,31.93103448275862,31.55581836206897
26050,2024-02-05 19:00:00,Asia/Bangkok,74.68483379310345,81.05128205128206,73.04273504273505,30.95998773913044
26051,2024-02-05 20:00:00,Asia/Bangkok,77.59176176991146,83.37068965517241,76.06896551724138,30.34346666666666
26052,2024-02-05 21:00:00,Asia/Bangkok,80.6095977777778,107.2136752136752,100.3333333333333,29.54577280373833
26053,2024-02-05 22:00:00,Asia/Bangkok,83.33308830357143,64.50862068965517,54.68103448275862,28.82425108108108
26054,2024-02-05 23:00:00,Asia/Bangkok,83.42891249999994,57.60344827586207,47.12068965517241,28.62996666666668
26055,2024-02-06 00:00:00,Asia/Bangkok,84.06463108108109,63.5948275862069,51.73275862068966,28.11045189189189
26056,2024-02-06 01:00:00,Asia/Bangkok,85.98738469026549,59.27586206896552,48.31304347826087,27.42111539823006
26057,2024-02-06 02:00:00,Asia/Bangkok,85.85510140350878,60.93043478260869,49.43965517241379,27.27931517543857
26058,2024-02-06 03:00:00,Asia/Bangkok,87.0641572566372,62.17391304347826,50.22608695652174,26.80306628318587
26059,2024-02-06 04:00:00,Asia/Bangkok,88.17124692982458,66.63793103448276,54.33620689655172,26.3021992920354
26060,2024-02-06 05:00:00,Asia/Bangkok,89.72268060344828,60.71551724137931,49.3448275862069,25.98694025862069
26061,2024-02-06 06:00:00,Asia/Bangkok,88.93929043478258,58.41379310344828,47.61206896551724,25.9852807826087
26062,2024-02-06 07:00:00,Asia/Bangkok,88.39809017391303,51.88793103448276,43.1551724137931,25.90575356521739
26063,2024-02-06 08:00:00,Asia/Bangkok,89.41183078947364,50.14655172413793,42.10344827586207,25.94154903508772
26064,2024-02-06 09:00:00,Asia/Bangkok,90.0696449557522,42.84615384615385,37.2991452991453,27.31404106194689
26065,2024-02-06 10:00:00,Asia/Bangkok,80.63080530973453,27.35398230088495,26.1858407079646,29.52367955752213
26066,2024-02-06 11:00:00,Asia/Bangkok,71.8007353448276,24.56410256410257,23.82905982905983,31.07437543103447
26067,2024-02-06 12:00:00,Asia/Bangkok,66.14805930434787,24.24137931034483,23.67241379310345,32.77135460869565
26068,2024-02-06 13:00:00,Asia/Bangkok,62.2330847826087,25.3448275862069,24.70689655172414,33.65112182608697
26069,2024-02-06 14:00:00,Asia/Bangkok,59.1115697413793,26.06837606837607,25.33620689655172,34.28038267241379
26070,2024-02-06 15:00:00,Asia/Bangkok,58.88542228070175,24.56521739130435,23.94827586206896,34.55181289473682
26071,2024-02-06 16:00:00,Asia/Bangkok,60.03789324561401,23.26495726495726,22.47863247863248,34.32879394736842
26072,2024-02-06 17:00:00,Asia/Bangkok,63.54000103448274,19.76724137931035,19.21739130434782,33.62942267241378
26073,2024-02-06 18:00:00,Asia/Bangkok,68.15348964601768,21.32758620689655,20.46153846153846,32.45638548672567
26074,2024-02-06 19:00:00,Asia/Bangkok,73.99971342342343,45.64655172413793,38.93965517241379,30.65890196428572
26075,2024-02-06 20:00:00,Asia/Bangkok,78.18275798245617,42.03418803418803,37.50427350427351,29.91054654867256
26076,2024-02-06 21:00:00,Asia/Bangkok,80.22527634782607,51.77586206896552,42.50862068965517,29.67493417391308
26077,2024-02-06 22:00:00,Asia/Bangkok,82.33930157894736,44.35344827586207,37.49137931034483,29.12652385964912
26078,2024-02-06 23:00:00,Asia/Bangkok,83.7073098275862,44.37931034482759,37.63793103448276,28.6405579310345
26079,2024-02-07 00:00:00,Asia/Bangkok,83.84108725663717,39.63793103448276,34.68103448275862,28.36499473214285
26080,2024-02-07 01:00:00,Asia/Bangkok,85.56626853448276,37.7948717948718,33.55555555555556,27.70267582608695
26081,2024-02-07 02:00:00,Asia/Bangkok,87.20337858407082,45.53448275862069,38.32758620689656,27.08451053097343
26082,2024-02-07 03:00:00,Asia/Bangkok,88.1360064957265,48.07692307692308,40.35042735042735,26.66973529914528
26083,2024-02-07 04:00:00,Asia/Bangkok,87.80128947826093,41.98275862068966,36.08620689655172,26.61251313043479
26084,2024-02-07 05:00:00,Asia/Bangkok,87.74451173913044,40.76724137931034,35.30172413793103,26.28633060869568
26085,2024-02-07 06:00:00,Asia/Bangkok,88.20679120689657,37.68103448275862,33.49137931034483,25.96136387931037
26086,2024-02-07 07:00:00,Asia/Bangkok,88.5506399107143,54.19827586206897,48.62931034482759,25.64946392857146
26087,2024-02-07 08:00:00,Asia/Bangkok,90.04079333333333,42.55172413793103,36.62931034482759,25.81692990990992
26088,2024-02-07 09:00:00,Asia/Bangkok,89.71543347826085,42.1965811965812,36.41025641025641,27.56869377192981
26089,2024-02-07 10:00:00,Asia/Bangkok,79.76040531531534,28.37931034482759,27.56896551724138,29.965122293578
26090,2024-02-07 11:00:00,Asia/Bangkok,71.13031585585584,23.0948275862069,22.6551724137931,31.49960234234235
26091,2024-02-07 12:00:00,Asia/Bangkok,66.643135877193,22.51724137931035,21.67241379310345,32.38388043859648
26092,2024-02-07 13:00:00,Asia/Bangkok,64.23373387931034,22.50862068965517,21.62068965517241,33.43061999999999
26093,2024-02-07 14:00:00,Asia/Bangkok,58.47492185840707,17.0948275862069,16.74137931034483,34.3872461061947
26094,2024-02-07 15:00:00,Asia/Bangkok,59.78123895652171,16.39130434782609,15.91304347826087,33.8055144347826
26095,2024-02-07 16:00:00,Asia/Bangkok,63.37145439655173,16.85344827586207,16.41379310344828,33.08200362068965
26096,2024-02-07 17:00:00,Asia/Bangkok,64.2567454385965,18.78947368421053,18.34210526315789,32.46049947368422
26097,2024-02-07 18:00:00,Asia/Bangkok,67.45855767241379,24.13793103448276,22.68965517241379,31.54671756521738
26098,2024-02-07 19:00:00,Asia/Bangkok,71.18149517241383,34.2051282051282,31.61538461538462,30.96381103448275
26099,2024-02-07 20:00:00,Asia/Bangkok,76.55022938596493,57.96551724137931,47.48275862068966,30.03921805309736
26100,2024-02-07 21:00:00,Asia/Bangkok,79.99737614035088,77.99130434782609,67.6086956521739,29.30107842105262
26101,2024-02-07 22:00:00,Asia/Bangkok,83.22550741379308,68.05128205128206,55.93162393162393,28.50149146551723
26102,2024-02-07 23:00:00,Asia/Bangkok,84.83147252173916,58.73275862068966,48.32758620689656,28.05980165217392
26103,2024-02-08 00:00:00,Asia/Bangkok,83.71685773913043,54.07692307692308,44.54700854700855,28.11007365217391
26104,2024-02-08 01:00:00,Asia/Bangkok,84.8202718421053,53.61206896551724,44.21551724137931,27.60118342105263
26105,2024-02-08 02:00:00,Asia/Bangkok,85.93095456140351,50.70689655172414,42.21551724137931,27.22323447368423
26106,2024-02-08 03:00:00,Asia/Bangkok,86.17071070175444,47.68376068376068,40.05128205128205,27.00529938596492
26107,2024-02-08 04:00:00,Asia/Bangkok,86.63860732758619,46.17241379310344,38.97413793103448,26.66064784482758
26108,2024-02-08 05:00:00,Asia/Bangkok,86.9475938053097,48.23931623931624,40.51282051282051,26.42791743362832
26109,2024-02-08 06:00:00,Asia/Bangkok,87.20860451327435,47.75,40.13793103448276,26.23333663716815
26110,2024-02-08 07:00:00,Asia/Bangkok,87.70946990909096,40.47413793103448,34.98260869565217,25.97959718181819
26111,2024-02-08 08:00:00,Asia/Bangkok,88.80300879310343,42.91452991452991,36.98290598290598,26.02052568965518
26112,2024-02-08 09:00:00,Asia/Bangkok,89.9068729565217,37.28448275862069,33.29310344827586,27.01665669565217
26113,2024-02-08 10:00:00,Asia/Bangkok,79.59312739130432,29.07758620689655,27.31896551724138,29.79059269565217
26114,2024-02-08 11:00:00,Asia/Bangkok,69.31100318965517,25.64957264957265,23.55555555555556,31.76424163793105
26115,2024-02-08 12:00:00,Asia/Bangkok,62.8967750892857,14.12068965517241,13.5948275862069,33.71321169642858
26116,2024-02-08 13:00:00,Asia/Bangkok,60.50952866071432,15.25862068965517,14.75,34.73880901785714
26117,2024-02-08 14:00:00,Asia/Bangkok,58.07681939130434,17.6551724137931,17.16379310344828,35.39326878260869
26118,2024-02-08 15:00:00,Asia/Bangkok,58.4282411304348,19.82905982905983,19.24786324786325,35.24173304347826
26119,2024-02-08 16:00:00,Asia/Bangkok,62.2981025663717,22.31896551724138,21.33620689655172,33.95089486725663
26120,2024-02-08 17:00:00,Asia/Bangkok,63.70112345132741,17.1551724137931,16.38793103448276,33.50265814159292
26121,2024-02-08 18:00:00,Asia/Bangkok,66.63955852173909,26.47863247863248,24.70940170940171,32.11582043478261
26122,2024-02-08 19:00:00,Asia/Bangkok,70.45315245614037,45.66086956521739,39.03478260869565,31.02749840707964
26123,2024-02-08 20:00:00,Asia/Bangkok,74.36887651785716,55.57264957264957,45.70940170940171,30.26674633928572
26124,2024-02-08 21:00:00,Asia/Bangkok,77.82356362831857,39.91379310344828,34.25,29.68380495575221
26125,2024-02-08 22:00:00,Asia/Bangkok,79.84240928571428,43.42105263157895,36.6,29.16595205357145
26126,2024-02-08 23:00:00,Asia/Bangkok,83.10241275229355,42.8859649122807,36.32456140350877,28.30454321100916
26127,2024-02-09 00:00:00,Asia/Bangkok,83.88432896551726,44.17241379310344,37.21551724137931,27.97414758620688
26128,2024-02-09 01:00:00,Asia/Bangkok,84.96879707964607,40.88793103448276,35.05172413793103,27.49862469026546
26129,2024-02-09 02:00:00,Asia/Bangkok,86.17041681818186,40.69298245614035,35.05263157894737,27.06442972727273
26130,2024-02-09 03:00:00,Asia/Bangkok,87.05760601769917,36.31034482758621,32.55172413793103,26.84978477876106
26131,2024-02-09 04:00:00,Asia/Bangkok,86.63463491071427,37.80172413793103,33.16379310344828,26.74894964285715
26132,2024-02-09 05:00:00,Asia/Bangkok,87.40065249999999,32.10344827586207,29.52586206896552,26.37545146551729
26133,2024-02-09 06:00:00,Asia/Bangkok,87.91521991452984,26.54700854700855,25.29059829059829,26.02453999999998
26134,2024-02-09 07:00:00,Asia/Bangkok,89.4535389908257,32.96521739130435,29.89655172413793,25.70136999999999
26135,2024-02-09 08:00:00,Asia/Bangkok,89.88719761061945,31.7304347826087,29.45217391304348,26.01666362831858
26136,2024-02-09 09:00:00,Asia/Bangkok,89.81982965217391,24.93103448275862,23.91379310344828,27.50302791304349
26137,2024-02-09 10:00:00,Asia/Bangkok,80.48878377192982,26.00862068965517,25.13793103448276,30.09655649122807
26138,2024-02-09 11:00:00,Asia/Bangkok,76.87631895652174,54.69827586206897,48.55172413793103,30.77580495652174
26139,2024-02-09 12:00:00,Asia/Bangkok,73.67316807017545,47.07758620689656,40.12931034482759,31.74993385964911
26140,2024-02-09 13:00:00,Asia/Bangkok,68.04292400000003,45.12820512820513,39.15384615384615,32.83309599999998
26141,2024-02-09 14:00:00,Asia/Bangkok,65.36008624999998,38.82758620689656,34.43965517241379,33.13799464285715
26142,2024-02-09 15:00:00,Asia/Bangkok,65.25682710526316,48.25862068965517,40.74137931034483,32.96798017543859
26143,2024-02-09 16:00:00,Asia/Bangkok,64.75734433628318,90.82758620689656,81.5,33.06068433628319
26144,2024-02-09 17:00:00,Asia/Bangkok,69.16267135135135,51.53448275862069,43.78448275862069,32.00956495495496
26145,2024-02-09 18:00:00,Asia/Bangkok,72.59579214285715,41.38461538461539,36.05982905982906,30.86742812500001
26146,2024-02-09 19:00:00,Asia/Bangkok,76.75679548672564,48.81896551724138,41.13793103448276,29.84643353982299
26147,2024-02-09 20:00:00,Asia/Bangkok,78.23150399999996,55.71551724137931,45.9051724137931,29.58193608695656
26148,2024-02-09 21:00:00,Asia/Bangkok,79.94960698275864,54.52586206896552,44.87068965517241,29.24727129310342
26149,2024-02-09 22:00:00,Asia/Bangkok,82.05957646017697,62.68103448275862,50.99137931034483,28.68216955357142
26150,2024-02-09 23:00:00,Asia/Bangkok,83.64385472727274,57.14912280701754,46.74561403508772,28.19910290909091
26151,2024-02-10 00:00:00,Asia/Bangkok,85.37679387931036,57.8448275862069,47.39655172413793,27.46558896551724
26152,2024-02-10 01:00:00,Asia/Bangkok,86.309753826087,57.52991452991453,47.13675213675214,26.98159382608697
26153,2024-02-10 02:00:00,Asia/Bangkok,86.40442504347831,63.12931034482759,51.99137931034483,26.84471260869566
26154,2024-02-10 03:00:00,Asia/Bangkok,86.63071080357142,54.7008547008547,44.95726495726495,26.55992803571428
26155,2024-02-10 04:00:00,Asia/Bangkok,87.5042128070175,57.57758620689656,48.04310344827586,26.09872315789474
26156,2024-02-10 05:00:00,Asia/Bangkok,88.23810833333336,53.76724137931034,43.9051724137931,25.86151149122803
26157,2024-02-10 06:00:00,Asia/Bangkok,88.43318973451329,44.72173913043478,37.87826086956522,25.97190451327432
26158,2024-02-10 07:00:00,Asia/Bangkok,88.53376121739129,39.94871794871795,34.94871794871795,25.68246921739134
26159,2024-02-10 08:00:00,Asia/Bangkok,90.0567078761062,49.75221238938053,42.69026548672566,25.79053672566372
26160,2024-02-10 09:00:00,Asia/Bangkok,89.54496714285715,35.78260869565217,32.15652173913043,27.07234366071428
26161,2024-02-10 10:00:00,Asia/Bangkok,81.93521178571434,26.43103448275862,25.45689655172414,29.14206241071429
26162,2024-02-10 11:00:00,Asia/Bangkok,72.0298685217391,30.55652173913044,27.58260869565217,30.71239147826087
26163,2024-02-10 12:00:00,Asia/Bangkok,66.69346535714284,44.15929203539823,38.95575221238938,31.98088125000002
26164,2024-02-10 13:00:00,Asia/Bangkok,64.38163504347825,24.25641025641026,22.82051282051282,32.51435104347826
26165,2024-02-10 14:00:00,Asia/Bangkok,64.86850008928575,21.68695652173913,20.53043478260869,32.65404401785715
26166,2024-02-10 15:00:00,Asia/Bangkok,63.73728974137931,18.33620689655172,17.39655172413793,33.00753362068966
26167,2024-02-10 16:00:00,Asia/Bangkok,63.22694513274338,17.17948717948718,16.39316239316239,32.51225401785714
26168,2024-02-10 17:00:00,Asia/Bangkok,65.24656946428571,19.20689655172414,18.17241379310345,31.72562830357142
26169,2024-02-10 18:00:00,Asia/Bangkok,69.18252207207208,25.94871794871795,24.12820512820513,30.6017227027027
26170,2024-02-10 19:00:00,Asia/Bangkok,73.64818309090907,34.18965517241379,30.82758620689655,29.77102936363637
26171,2024-02-10 20:00:00,Asia/Bangkok,78.65365548672563,35.64957264957265,31.74358974358974,28.91208044247787
26172,2024-02-10 21:00:00,Asia/Bangkok,78.61754657894738,28.46551724137931,26.6551724137931,28.80805228070177
26173,2024-02-10 22:00:00,Asia/Bangkok,79.78971652173915,27.95689655172414,25.76724137931035,28.39542608695649
26174,2024-02-10 23:00:00,Asia/Bangkok,81.21243669642857,34.48275862068966,31.32478632478632,28.2261600892857
26175,2024-02-11 00:00:00,Asia/Bangkok,82.62659265486727,32.0,29.32758620689655,27.96222327433626
26176,2024-02-11 01:00:00,Asia/Bangkok,83.65487607142856,27.02586206896552,25.39655172413793,27.63575955357141
26177,2024-02-11 02:00:00,Asia/Bangkok,84.70801087719299,22.96551724137931,21.85344827586207,26.92662026315792
26178,2024-02-11 03:00:00,Asia/Bangkok,85.14255362068963,19.86206896551724,18.68103448275862,26.66258077586207
26179,2024-02-11 04:00:00,Asia/Bangkok,85.42271387931036,19.52586206896552,18.41379310344828,26.58937913793103
26180,2024-02-11 05:00:00,Asia/Bangkok,86.00118250000001,19.47413793103448,18.23275862068965,26.24897553571426
26181,2024-02-11 06:00:00,Asia/Bangkok,87.00817236842104,20.39316239316239,19.21367521367521,25.83131842105262
26182,2024-02-11 07:00:00,Asia/Bangkok,88.10299165217394,20.53448275862069,18.98275862068965,25.52909904347825
26183,2024-02-11 08:00:00,Asia/Bangkok,89.06364652173914,25.34188034188034,22.1965811965812,25.61243530434783
26184,2024-02-11 09:00:00,Asia/Bangkok,82.9070860176991,44.76724137931034,38.87931034482759,27.70090884955752
26185,2024-02-11 10:00:00,Asia/Bangkok,73.9039426724138,34.58620689655172,29.68965517241379,29.55852895652176
26186,2024-02-11 11:00:00,Asia/Bangkok,69.57875544642853,43.19827586206897,36.37931034482759,30.71066616071429
26187,2024-02-11 12:00:00,Asia/Bangkok,67.64919472727273,44.8448275862069,36.9051724137931,30.75905090909092
26188,2024-02-11 13:00:00,Asia/Bangkok,67.84193637168141,52.76068376068376,43.43589743589744,31.06145690265486
26189,2024-02-11 14:00:00,Asia/Bangkok,67.20645139130433,38.32758620689656,33.02586206896552,31.1175124347826
26190,2024-02-11 15:00:00,Asia/Bangkok,65.8878442857143,22.4051724137931,19.73275862068965,31.60622660714285
26191,2024-02-11 16:00:00,Asia/Bangkok,63.75935531531532,18.04273504273504,16.1965811965812,31.58281639639639
26192,2024-02-11 17:00:00,Asia/Bangkok,65.61093123893806,15.19827586206897,13.44827586206897,30.66230256637169
26193,2024-02-11 18:00:00,Asia/Bangkok,69.01783964601768,19.25438596491228,17.08771929824561,29.79446946902658
26194,2024-02-11 19:00:00,Asia/Bangkok,72.88139707964604,82.14655172413794,67.89655172413794,29.04866761061947
26195,2024-02-11 20:00:00,Asia/Bangkok,75.48322219298244,42.72413793103448,35.58620689655172,28.54987666666668
26196,2024-02-11 21:00:00,Asia/Bangkok,77.44420745614038,68.17391304347827,55.90350877192982,28.2348088495575
26197,2024-02-11 22:00:00,Asia/Bangkok,80.71848380530975,67.36283185840708,55.5,27.61579097345133
26198,2024-02-11 23:00:00,Asia/Bangkok,82.98322045045046,63.74782608695652,53.17391304347826,27.09059918181816
26199,2024-02-12 00:00:00,Asia/Bangkok,84.46960808695653,47.81896551724138,39.45689655172414,26.57767808695653
26200,2024-02-12 01:00:00,Asia/Bangkok,85.11943991304346,48.8034188034188,40.17948717948718,26.37919113043478
26201,2024-02-12 02:00:00,Asia/Bangkok,85.49435241379312,45.16239316239317,37.52136752136752,26.0769475
26202,2024-02-12 03:00:00,Asia/Bangkok,86.33165707964605,45.22413793103448,37.18965517241379,25.73845504424783
26203,2024-02-12 04:00:00,Asia/Bangkok,87.64396000000005,40.87610619469027,35.13274336283186,25.4568875221239
26204,2024-02-12 05:00:00,Asia/Bangkok,88.11930228070177,36.50862068965517,32.22413793103448,25.29999228070176
26205,2024-02-12 06:00:00,Asia/Bangkok,88.61942525862068,32.32478632478632,29.66379310344828,25.14820129310346
26206,2024-02-12 07:00:00,Asia/Bangkok,89.09175298245616,34.30172413793103,30.66666666666667,25.20863614035089
26207,2024-02-12 08:00:00,Asia/Bangkok,90.3503835964912,42.85840707964602,36.53982300884956,25.47197210526316
26208,2024-02-12 09:00:00,Asia/Bangkok,89.89587417391309,30.39130434782609,27.12931034482759,26.80934660869564
26209,2024-02-12 10:00:00,Asia/Bangkok,79.60815043859648,24.62931034482759,21.83620689655172,29.08330754385964
26210,2024-02-12 11:00:00,Asia/Bangkok,71.3444407017544,18.02586206896552,15.83620689655172,30.54268964912281
26211,2024-02-12 12:00:00,Asia/Bangkok,66.83123657894734,17.13793103448276,15.35344827586207,31.43610026315789
26212,2024-02-12 13:00:00,Asia/Bangkok,64.23538696428572,19.1965811965812,17.34188034188034,31.79143348214285
26213,2024-02-12 14:00:00,Asia/Bangkok,66.22295061403504,16.82758620689655,15.26724137931035,31.08642701754385
26214,2024-02-12 15:00:00,Asia/Bangkok,66.01023357798164,18.57017543859649,16.69298245614035,31.35089871559632
26215,2024-02-12 16:00:00,Asia/Bangkok,67.53923964601768,17.47787610619469,15.87610619469027,31.05437437499999
26216,2024-02-12 17:00:00,Asia/Bangkok,70.24578917431191,25.6551724137931,23.05172413793104,30.19043119266057
26217,2024-02-12 18:00:00,Asia/Bangkok,71.1030430172414,29.2991452991453,25.88034188034188,29.71971396551725
26218,2024-02-12 19:00:00,Asia/Bangkok,73.5094875221239,34.33620689655172,29.74137931034483,28.96019238938055
26219,2024-02-12 20:00:00,Asia/Bangkok,75.80801201754383,31.43965517241379,28.21551724137931,28.40523734513275
26220,2024-02-12 21:00:00,Asia/Bangkok,77.31901628318582,31.63793103448276,28.62068965517241,28.16072442477875
26221,2024-02-12 22:00:00,Asia/Bangkok,80.35365069565218,56.23931623931624,45.82051282051282,27.47987765217387
26222,2024-02-12 23:00:00,Asia/Bangkok,82.378305877193,43.56034482758621,36.81034482758621,26.93487452173913
26223,2024-02-13 00:00:00,Asia/Bangkok,84.02479438596492,30.02564102564103,27.64957264957265,26.31751168141593
26224,2024-02-13 01:00:00,Asia/Bangkok,85.846735877193,31.18103448275862,28.48275862068965,25.69653894736842
26225,2024-02-13 02:00:00,Asia/Bangkok,85.78991163636361,23.80172413793104,21.96551724137931,25.6055114545455
26226,2024-02-13 03:00:00,Asia/Bangkok,86.35487741071427,26.02586206896552,24.23275862068965,25.2710629464286
26227,2024-02-13 04:00:00,Asia/Bangkok,87.78758218181814,27.21739130434782,25.10434782608696,24.94904336363637
26228,2024-02-13 05:00:00,Asia/Bangkok,88.64284295652175,26.98260869565217,25.20869565217391,24.58746869565217
26229,2024-02-13 06:00:00,Asia/Bangkok,88.54501168141597,29.49137931034483,27.03478260869565,24.55762212389382
26230,2024-02-13 07:00:00,Asia/Bangkok,88.65459274336283,38.75438596491228,33.8695652173913,24.52288557522125
26231,2024-02-13 08:00:00,Asia/Bangkok,90.54566108108106,72.80172413793103,59.43103448275862,25.02850702702703
26232,2024-02-13 09:00:00,Asia/Bangkok,88.84427910714287,46.96521739130435,39.42608695652174,26.638056875
26233,2024-02-13 10:00:00,Asia/Bangkok,85.52046026315791,29.36206896551724,26.52586206896552,27.69131912280704
26234,2024-02-13 11:00:00,Asia/Bangkok,87.88597070796462,20.21551724137931,18.39655172413793,27.91384840707964
26235,2024-02-13 12:00:00,Asia/Bangkok,75.45136596491228,13.05128205128205,11.78632478632479,30.24830769911505
26236,2024-02-13 13:00:00,Asia/Bangkok,68.63362140350874,12.71551724137931,11.48275862068965,31.31375728070175
26237,2024-02-13 14:00:00,Asia/Bangkok,64.39918921739131,13.97413793103448,12.72413793103448,32.13303245614035
26238,2024-02-13 15:00:00,Asia/Bangkok,62.73377535714284,14.68103448275862,13.54310344827586,32.39991252252253
26239,2024-02-13 16:00:00,Asia/Bangkok,64.36582269841271,14.82539682539683,13.53968253968254,31.70761142857143
26240,2024-02-13 22:00:00,Asia/Bangkok,67.55364362637356,18.75,17.20652173913043,31.16848795580109
26241,2024-02-13 23:00:00,Asia/Bangkok,79.29264440298523,49.41002949852508,42.9882005899705,28.46082273134326
26242,2024-02-14 00:00:00,Asia/Bangkok,85.89547137614676,55.06086956521739,44.63478260869565,26.80801036697247
26243,2024-02-14 01:00:00,Asia/Bangkok,86.84266044642858,57.02608695652174,45.93913043478261,26.36482499999999
26244,2024-02-14 02:00:00,Asia/Bangkok,87.76480008695651,46.14655172413793,38.41379310344828,26.0727748695652
26245,2024-02-14 03:00:00,Asia/Bangkok,88.37689336283186,45.61206896551724,37.92241379310344,25.99225265486726
26246,2024-02-14 04:00:00,Asia/Bangkok,88.91884324561399,40.73275862068966,34.76724137931034,25.94604640350878
26247,2024-02-14 05:00:00,Asia/Bangkok,89.36397116071429,40.0,34.4,25.86020482142856
26248,2024-02-14 06:00:00,Asia/Bangkok,91.01003947368429,31.68103448275862,28.57758620689655,25.6830193859649
26249,2024-02-14 07:00:00,Asia/Bangkok,93.00161290598294,14.35897435897436,13.27350427350427,25.32881658119659
26250,2024-02-14 08:00:00,Asia/Bangkok,93.02833223214292,28.83620689655172,25.62068965517241,25.70442017857143
26251,2024-02-14 09:00:00,Asia/Bangkok,92.40008732758622,18.38793103448276,16.87931034482759,26.86013827586207
26252,2024-02-14 10:00:00,Asia/Bangkok,84.327322920354,13.43103448275862,11.86206896551724,28.79671123893807
26253,2024-02-14 11:00:00,Asia/Bangkok,77.32241260869564,13.32478632478633,11.8974358974359,30.11098660869567
26254,2024-02-14 12:00:00,Asia/Bangkok,75.27474582608696,13.85344827586207,12.52586206896552,30.46825252173914
26255,2024-02-14 13:00:00,Asia/Bangkok,74.04013901785716,20.5948275862069,18.56896551724138,30.86488243243241
26256,2024-02-14 14:00:00,Asia/Bangkok,74.35459586206893,15.93103448275862,14.18103448275862,31.24426310344825
26257,2024-02-14 15:00:00,Asia/Bangkok,70.20718504347826,15.43965517241379,13.66379310344828,31.79160561403508
26258,2024-02-14 16:00:00,Asia/Bangkok,71.03408581196581,14.29059829059829,12.88888888888889,31.46228623931623
26259,2024-02-14 17:00:00,Asia/Bangkok,82.49381025862071,25.98275862068965,23.12068965517241,29.19943750000001
26260,2024-02-14 18:00:00,Asia/Bangkok,83.71058681034484,25.88034188034188,23.1025641025641,28.76033086206895
26261,2024-02-14 19:00:00,Asia/Bangkok,82.69236043859651,18.62931034482759,17.0948275862069,28.39464184210526
26262,2024-02-14 20:00:00,Asia/Bangkok,84.44488692982455,23.4051724137931,22.05172413793104,28.32425429824559
26263,2024-02-14 21:00:00,Asia/Bangkok,86.49948767241379,31.52991452991453,28.52136752136752,27.94095396551721
26264,2024-02-14 22:00:00,Asia/Bangkok,87.81054587719296,38.67241379310344,33.33620689655172,27.66590517543861
26265,2024-02-14 23:00:00,Asia/Bangkok,88.5421523636364,41.07692307692308,35.1025641025641,27.35472109090908
26266,2024-02-15 00:00:00,Asia/Bangkok,89.35395628318585,43.68965517241379,36.56896551724138,27.06342991150442
26267,2024-02-15 01:00:00,Asia/Bangkok,89.83299353448277,35.76724137931034,31.85344827586207,27.17553241379312
26268,2024-02-15 02:00:00,Asia/Bangkok,89.96095614035089,29.33333333333333,27.66666666666667,27.07065131578946
26269,2024-02-15 03:00:00,Asia/Bangkok,89.91636646551721,28.85344827586207,27.03448275862069,26.87772689655171
26270,2024-02-15 04:00:00,Asia/Bangkok,90.07529973214295,25.80172413793104,24.16379310344828,26.46231660714286
26271,2024-02-15 05:00:00,Asia/Bangkok,90.35788929203542,22.71551724137931,21.26724137931035,26.04818619469027
26272,2024-02-15 06:00:00,Asia/Bangkok,91.02273876106194,21.82905982905983,20.62393162393163,25.72208053097344
26273,2024-02-15 07:00:00,Asia/Bangkok,91.92053707964611,21.14655172413793,19.88793103448276,25.49119911504427
26274,2024-02-15 08:00:00,Asia/Bangkok,93.13077460869566,21.06896551724138,19.56034482758621,25.76346052173913
26275,2024-02-15 09:00:00,Asia/Bangkok,88.86393974137927,17.0,15.43965517241379,27.55442422413791
26276,2024-02-15 10:00:00,Asia/Bangkok,79.86250654867256,14.48275862068965,13.02586206896552,29.25993070796459
26277,2024-02-15 11:00:00,Asia/Bangkok,72.96466763157895,12.48695652173913,11.4,30.90899228070176
26278,2024-02-15 12:00:00,Asia/Bangkok,69.97721095652174,11.96551724137931,10.81034482758621,31.64805043478261
26279,2024-02-15 13:00:00,Asia/Bangkok,66.12195964912281,12.17857142857143,11.42857142857143,32.43503701754386
26280,2024-02-15 14:00:00,Asia/Bangkok,66.28138353982303,11.45217391304348,10.57391304347826,32.21889053097346
26281,2024-02-15 15:00:00,Asia/Bangkok,66.01753365217391,10.92173913043478,10.02608695652174,32.58631078260868
26282,2024-02-15 16:00:00,Asia/Bangkok,64.15215810810811,10.06034482758621,9.102564102564102,32.76303072072074
26283,2024-02-15 17:00:00,Asia/Bangkok,68.01374672727275,10.40869565217391,9.379310344827585,31.66982463636363
26284,2024-02-15 18:00:00,Asia/Bangkok,72.33547491071428,12.21551724137931,11.00862068965517,30.8233674107143
26285,2024-02-15 19:00:00,Asia/Bangkok,76.75579266055048,18.3448275862069,16.95689655172414,29.69683908256881
26286,2024-02-15 20:00:00,Asia/Bangkok,79.1924088596491,31.65811965811966,28.03418803418803,29.21740824561403
26287,2024-02-15 21:00:00,Asia/Bangkok,82.18165937500001,28.38793103448276,25.31896551724138,28.42617464285712
26288,2024-02-15 22:00:00,Asia/Bangkok,83.94940439655171,27.20689655172414,25.29310344827586,27.8152182758621
26289,2024-02-15 23:00:00,Asia/Bangkok,85.33333165217395,31.82051282051282,28.96581196581197,27.48867765217392
26290,2024-02-16 00:00:00,Asia/Bangkok,85.8909643478261,29.79310344827586,27.60344827586207,27.26578399999997
26291,2024-02-16 01:00:00,Asia/Bangkok,86.23063535087725,34.26724137931034,30.8448275862069,26.99419754385966
26292,2024-02-16 02:00:00,Asia/Bangkok,87.78057465517244,37.9059829059829,33.13675213675214,26.46197252173911
26293,2024-02-16 03:00:00,Asia/Bangkok,87.91187139130433,35.17391304347826,31.70434782608696,26.49136765217391
26294,2024-02-16 04:00:00,Asia/Bangkok,88.3575953097345,29.82608695652174,28.16521739130435,26.29899714285712
26295,2024-02-16 05:00:00,Asia/Bangkok,88.53727258928568,28.99145299145299,27.33333333333333,26.18406198198197
26296,2024-02-16 06:00:00,Asia/Bangkok,89.13761514018694,29.83620689655172,28.02586206896552,25.83102411214951
26297,2024-02-16 07:00:00,Asia/Bangkok,90.20537144144144,26.23478260869565,24.88695652173913,25.56921062500001
26298,2024-02-16 08:00:00,Asia/Bangkok,91.04105079646018,31.8974358974359,29.06837606837607,26.01787339285714
26299,2024-02-16 09:00:00,Asia/Bangkok,88.39057756521741,28.26724137931035,26.0948275862069,27.2918937719298
26300,2024-02-16 10:00:00,Asia/Bangkok,81.23815652173916,15.81034482758621,14.62931034482759,29.12926614035087
26301,2024-02-16 11:00:00,Asia/Bangkok,75.46549293103453,11.27350427350427,10.26495726495727,30.0658201724138
26302,2024-02-16 12:00:00,Asia/Bangkok,71.26419622807019,13.59130434782609,12.57391304347826,31.09511815789473
26303,2024-02-16 13:00:00,Asia/Bangkok,68.07019586206897,14.11965811965812,13.11111111111111,31.95484745614035
26304,2024-02-16 14:00:00,Asia/Bangkok,66.65044412280702,16.00869565217391,15.01739130434783,32.29296938596491
26305,2024-02-16 15:00:00,Asia/Bangkok,67.28399601769911,16.12068965517241,15.05172413793103,32.41141318584073
26306,2024-02-16 16:00:00,Asia/Bangkok,68.23064819819821,17.62068965517241,16.38793103448276,32.32533558558558
26307,2024-02-16 17:00:00,Asia/Bangkok,71.23411088495573,19.68103448275862,18.41379310344828,31.42257071428571
26308,2024-02-16 18:00:00,Asia/Bangkok,73.08730210526315,19.77777777777778,18.46153846153846,30.44988097345133
26309,2024-02-16 19:00:00,Asia/Bangkok,77.79116035714286,30.07272727272727,27.08181818181818,29.18152151785715
26310,2024-02-16 20:00:00,Asia/Bangkok,81.13651256637169,53.10344827586207,43.69827586206897,28.72492212389383
26311,2024-02-16 21:00:00,Asia/Bangkok,81.91253904347829,35.16521739130435,30.85217391304348,28.68052808695652
26312,2024-02-16 22:00:00,Asia/Bangkok,83.4170266956522,39.0948275862069,33.92241379310344,28.20802499999999
26313,2024-02-16 23:00:00,Asia/Bangkok,84.53242478260873,37.96521739130435,33.11304347826087,27.78638686956521
26314,2024-02-17 00:00:00,Asia/Bangkok,85.52053840707968,42.44827586206897,35.94827586206897,27.47485212389378
26315,2024-02-17 01:00:00,Asia/Bangkok,87.05142366071426,44.18103448275862,36.93965517241379,26.94350035714288
26316,2024-02-17 02:00:00,Asia/Bangkok,87.23194227272728,36.02608695652174,31.84347826086956,26.69231801801801
26317,2024-02-17 03:00:00,Asia/Bangkok,88.13383750000003,28.92105263157895,27.28947368421053,26.22804773913044
26318,2024-02-17 04:00:00,Asia/Bangkok,88.06160079646018,25.14782608695652,23.80869565217391,25.94654902654869
26319,2024-02-17 05:00:00,Asia/Bangkok,88.62138692982454,24.25641025641026,23.00854700854701,25.59871850877196
26320,2024-02-17 06:00:00,Asia/Bangkok,89.15153215517243,23.45689655172414,22.18965517241379,25.48038301724139
26321,2024-02-17 07:00:00,Asia/Bangkok,89.33247060869562,26.88695652173913,25.08695652173913,25.20533521739129
26322,2024-02-17 08:00:00,Asia/Bangkok,90.57011210526318,45.27586206896552,37.92241379310344,25.41900833333332
26323,2024-02-17 09:00:00,Asia/Bangkok,88.46088054054054,73.58620689655173,65.61206896551724,26.9849936036036
26324,2024-02-17 10:00:00,Asia/Bangkok,79.51453887931035,33.19827586206897,29.20689655172414,29.17637102564101
26325,2024-02-17 11:00:00,Asia/Bangkok,71.07934247863246,15.48717948717949,14.23076923076923,30.63869637931036
26326,2024-02-17 12:00:00,Asia/Bangkok,65.88115303571426,14.35344827586207,13.26724137931035,31.71830866071428
26327,2024-02-17 13:00:00,Asia/Bangkok,63.36667570175437,14.33620689655172,13.33620689655172,32.56206561403511
26328,2024-02-17 14:00:00,Asia/Bangkok,61.10764438596492,36.7948717948718,32.81196581196581,33.1089693859649
26329,2024-02-17 15:00:00,Asia/Bangkok,59.80927694444445,35.37931034482759,30.77586206896552,33.2834859813084
26330,2024-02-17 16:00:00,Asia/Bangkok,61.79901142857143,16.40869565217391,15.13793103448276,32.68549276785716
26331,2024-02-17 17:00:00,Asia/Bangkok,63.9394651754386,16.06837606837607,14.75213675213675,32.01502228070174
26332,2024-02-17 18:00:00,Asia/Bangkok,65.6837622413793,16.82758620689655,15.06896551724138,30.77628956896553
26333,2024-02-17 19:00:00,Asia/Bangkok,71.35209431034482,133.0964912280702,123.8771929824561,29.92302862068967
26334,2024-02-17 20:00:00,Asia/Bangkok,74.57534892857142,56.99137931034483,45.9051724137931,29.58493207207206
26335,2024-02-17 21:00:00,Asia/Bangkok,78.00744862068963,86.93162393162393,76.08547008547009,28.78926663793103
26336,2024-02-17 22:00:00,Asia/Bangkok,80.68752500000004,111.5258620689655,101.7327586206897,28.09985359649122
26337,2024-02-17 23:00:00,Asia/Bangkok,82.66781818181822,87.11504424778761,78.68141592920354,27.42133463636363
26338,2024-02-18 00:00:00,Asia/Bangkok,84.20031403508771,68.57391304347826,58.6695652173913,26.78709132743363
26339,2024-02-18 01:00:00,Asia/Bangkok,84.5345990434783,63.98290598290598,54.82905982905983,26.4996344347826
26340,2024-02-18 02:00:00,Asia/Bangkok,84.30511608695652,38.3448275862069,33.39655172413793,26.32012060869564
26341,2024-02-18 03:00:00,Asia/Bangkok,85.1526246491228,42.0,35.44827586206897,25.92857280701752
26342,2024-02-18 04:00:00,Asia/Bangkok,86.3164869827586,41.68103448275862,35.23275862068966,25.50416422413792
26343,2024-02-18 05:00:00,Asia/Bangkok,87.44529175438595,34.42735042735043,30.48717948717949,25.05661946902654
26344,2024-02-18 06:00:00,Asia/Bangkok,87.86423891891893,33.1551724137931,29.54310344827586,24.94061449541284
26345,2024-02-18 07:00:00,Asia/Bangkok,88.14860017699118,42.8695652173913,36.36521739130435,24.77306610619467
26346,2024-02-18 08:00:00,Asia/Bangkok,89.92315403508769,65.26724137931035,55.36206896551724,25.05064140350877
26347,2024-02-18 09:00:00,Asia/Bangkok,88.70351743362832,55.38260869565217,45.6695652173913,26.32368150442478
26348,2024-02-18 10:00:00,Asia/Bangkok,80.84307412280704,24.47826086956522,22.37391304347826,28.76071359649124
26349,2024-02-18 11:00:00,Asia/Bangkok,74.11392622807018,19.16521739130435,17.7304347826087,30.36274561403508
26350,2024-02-18 12:00:00,Asia/Bangkok,69.34398571428571,15.31896551724138,14.22222222222222,31.55083991071426
26351,2024-02-18 13:00:00,Asia/Bangkok,69.18780535087717,14.62931034482759,13.50862068965517,31.46256868421049
26352,2024-02-18 14:00:00,Asia/Bangkok,69.04078132743362,15.39655172413793,14.39655172413793,31.30853089285714
26353,2024-02-18 15:00:00,Asia/Bangkok,73.52673860869564,16.44347826086956,15.31304347826087,30.45597236842105
26354,2024-02-18 16:00:00,Asia/Bangkok,74.5171353982301,16.51724137931035,15.48275862068965,30.25206353982299
26355,2024-02-18 17:00:00,Asia/Bangkok,76.0568711206897,18.82905982905983,17.6551724137931,29.72833913043479
26356,2024-02-18 18:00:00,Asia/Bangkok,77.90488105263157,19.28695652173913,17.58260869565217,28.68906157894737
26357,2024-02-18 19:00:00,Asia/Bangkok,79.65484310344826,27.74137931034483,25.39316239316239,28.01878344827586
26358,2024-02-18 20:00:00,Asia/Bangkok,80.511569380531,26.22413793103448,24.56034482758621,27.80628212389381
26359,2024-02-18 21:00:00,Asia/Bangkok,81.96653206896549,52.31623931623932,47.41379310344828,27.69940620689654
26360,2024-02-18 22:00:00,Asia/Bangkok,81.41014928571425,32.24137931034483,29.11965811965812,28.11877589285714
26361,2024-02-18 23:00:00,Asia/Bangkok,82.82160796460178,30.78448275862069,28.6551724137931,27.86446159292034
26362,2024-02-19 00:00:00,Asia/Bangkok,83.3004703478261,29.04310344827586,27.49137931034483,27.82472304347826
26363,2024-02-19 01:00:00,Asia/Bangkok,83.7080078947369,26.41880341880342,25.01709401709402,27.79257743362832
26364,2024-02-19 02:00:00,Asia/Bangkok,84.81573456140354,28.05172413793104,26.06034482758621,27.52275283185838
26365,2024-02-19 03:00:00,Asia/Bangkok,85.510494375,27.8695652173913,25.95652173913043,27.39473705357142
26366,2024-02-19 04:00:00,Asia/Bangkok,86.8151850877193,28.86206896551724,26.97413793103448,26.88890912280701
26367,2024-02-19 05:00:00,Asia/Bangkok,87.48559883928574,26.44827586206896,24.91379310344828,26.52688214285715
26368,2024-02-19 06:00:00,Asia/Bangkok,88.38871045045047,28.01724137931035,26.5,26.27764549549552
26369,2024-02-19 07:00:00,Asia/Bangkok,88.73207347826083,31.5,29.16379310344828,26.14891868421052
26370,2024-02-19 08:00:00,Asia/Bangkok,89.87115589285713,37.50862068965517,32.97413793103448,26.22603830357142
26371,2024-02-19 09:00:00,Asia/Bangkok,87.8245347826087,32.5,27.73275862068965,27.71314782608697
26372,2024-02-19 10:00:00,Asia/Bangkok,80.26862543859646,12.39316239316239,11.41025641025641,29.74882798245615
26373,2024-02-19 11:00:00,Asia/Bangkok,75.7644171929824,10.81034482758621,10.1551724137931,30.96181245614036
26374,2024-02-19 12:00:00,Asia/Bangkok,69.99677385964912,8.844827586206897,8.068965517241379,32.29639122807017
26375,2024-02-19 13:00:00,Asia/Bangkok,66.33225582608696,7.82051282051282,7.172413793103448,32.93062130434782
26376,2024-02-19 14:00:00,Asia/Bangkok,65.96723044642859,8.4,7.689655172413793,33.13241633928572
26377,2024-02-19 15:00:00,Asia/Bangkok,66.40910577586209,7.508620689655173,6.836206896551724,32.67916878260871
26378,2024-02-19 16:00:00,Asia/Bangkok,67.36200125000002,9.539130434782608,8.78448275862069,32.63542383928573
26379,2024-02-19 17:00:00,Asia/Bangkok,66.7200590909091,9.833333333333334,9.0,33.03065218181818
26380,2024-02-19 18:00:00,Asia/Bangkok,70.0829391818182,10.32758620689655,9.482758620689655,31.62945227272726
26381,2024-02-19 19:00:00,Asia/Bangkok,73.48068286956519,18.42241379310345,17.05172413793104,30.94129460869566
26382,2024-02-19 20:00:00,Asia/Bangkok,77.84727429824562,50.68103448275862,45.10344827586207,29.97503513274335
26383,2024-02-19 21:00:00,Asia/Bangkok,81.13913247787612,36.74561403508772,31.57894736842105,29.25016628318583
26384,2024-02-19 22:00:00,Asia/Bangkok,82.9110031858407,37.1551724137931,32.38793103448276,28.76666571428573
26385,2024-02-19 23:00:00,Asia/Bangkok,85.00764419642853,42.12068965517241,36.63793103448276,28.25987482142855
26386,2024-02-20 00:00:00,Asia/Bangkok,86.05215107142855,41.14159292035398,35.24778761061947,28.0369500892857
26387,2024-02-20 01:00:00,Asia/Bangkok,85.89507825688077,40.70689655172414,34.81896551724138,27.87611798165138
26388,2024-02-20 02:00:00,Asia/Bangkok,86.95204999999997,41.87931034482759,35.55172413793103,27.57374831858408
26389,2024-02-20 03:00:00,Asia/Bangkok,87.34471973451325,40.8448275862069,35.01724137931034,27.3418553097345
26390,2024-02-20 04:00:00,Asia/Bangkok,87.96157920353991,32.87068965517241,30.26724137931035,27.03375044247785
26391,2024-02-20 05:00:00,Asia/Bangkok,87.88808767241383,31.88793103448276,29.68965517241379,26.8521847863248
26392,2024-02-20 06:00:00,Asia/Bangkok,87.8686098290598,30.47863247863248,28.50427350427351,26.61566672413794
26393,2024-02-20 07:00:00,Asia/Bangkok,88.26220087719297,27.59130434782609,26.2,26.61630131578949
26394,2024-02-20 08:00:00,Asia/Bangkok,89.70254122807016,29.31896551724138,27.14655172413793,26.77670956140351
26395,2024-02-20 09:00:00,Asia/Bangkok,87.06527234782608,20.64102564102564,19.17094017094017,28.31408730434783
26396,2024-02-20 10:00:00,Asia/Bangkok,77.83110895652169,14.52586206896552,13.54310344827586,30.68868243478261
26397,2024-02-20 11:00:00,Asia/Bangkok,73.7732938938053,14.38260869565217,13.38793103448276,31.51574433628319
26398,2024-02-20 12:00:00,Asia/Bangkok,68.79295833333333,11.73043478260869,11.05172413793103,32.97878017391304
26399,2024-02-20 13:00:00,Asia/Bangkok,70.3612139823009,14.05982905982906,13.48717948717949,32.82709071428572
26400,2024-02-20 14:00:00,Asia/Bangkok,72.88892883928573,13.0,12.30172413793103,32.05651071428571
26401,2024-02-20 15:00:00,Asia/Bangkok,72.45381096491225,12.10344827586207,11.69565217391304,32.62527734513274
26402,2024-02-20 16:00:00,Asia/Bangkok,68.93535191304348,11.1551724137931,10.64655172413793,33.2381056140351
26403,2024-02-20 17:00:00,Asia/Bangkok,71.04318017391307,10.89655172413793,10.37068965517241,32.19073
26404,2024-02-20 18:00:00,Asia/Bangkok,73.39999616071425,55.97435897435897,50.66666666666666,31.4328925
26405,2024-02-20 19:00:00,Asia/Bangkok,77.70425904347825,21.7304347826087,20.25217391304348,30.00670486956523
26406,2024-02-20 20:00:00,Asia/Bangkok,78.44047214285715,23.64655172413793,22.12068965517241,29.950146875
26407,2024-02-20 21:00:00,Asia/Bangkok,81.07436920353986,58.51304347826087,54.73913043478261,29.29627415929201
26408,2024-02-20 22:00:00,Asia/Bangkok,82.6693070434783,51.64957264957265,42.8034188034188,28.88379565217393
26409,2024-02-20 23:00:00,Asia/Bangkok,84.52832151785715,43.45689655172414,36.66379310344828,28.26504830357143
26410,2024-02-21 00:00:00,Asia/Bangkok,86.00818633928574,49.91379310344828,41.08620689655172,27.6955560714286
26411,2024-02-21 01:00:00,Asia/Bangkok,86.24321176991153,47.1304347826087,39.4,27.54966778761062
26412,2024-02-21 02:00:00,Asia/Bangkok,86.73359026315792,42.10344827586207,35.66379310344828,27.25996412280704
26413,2024-02-21 03:00:00,Asia/Bangkok,87.64972034782608,40.0,34.42241379310344,26.8668866956522
26414,2024-02-21 04:00:00,Asia/Bangkok,87.96559798245616,33.82608695652174,30.87826086956522,26.71646359649124
26415,2024-02-21 05:00:00,Asia/Bangkok,88.5095848695652,33.93965517241379,30.61206896551724,26.52661826086958
26416,2024-02-21 06:00:00,Asia/Bangkok,89.82332258928572,34.1025641025641,30.74358974358974,26.22966133928572
26417,2024-02-21 07:00:00,Asia/Bangkok,90.19498387931029,32.03448275862069,29.76724137931035,26.35622870689656
26418,2024-02-21 08:00:00,Asia/Bangkok,90.64284982758619,30.31623931623932,27.94871794871795,26.69819232758621
26419,2024-02-21 09:00:00,Asia/Bangkok,88.60398666666666,27.37931034482759,25.04310344827586,27.93279438596493
26420,2024-02-21 10:00:00,Asia/Bangkok,80.38753636363639,18.47413793103448,16.66379310344828,29.66234609090909
26421,2024-02-21 11:00:00,Asia/Bangkok,71.91754843478263,9.89655172413793,8.991379310344827,31.39773504347826
26422,2024-02-21 12:00:00,Asia/Bangkok,63.56901833333332,13.73504273504273,12.25641025641026,33.40338517543861
26423,2024-02-21 13:00:00,Asia/Bangkok,65.03862549549551,10.12173913043478,9.556521739130435,33.06340693693694
26424,2024-02-21 14:00:00,Asia/Bangkok,60.22407805309735,4.807017543859649,4.447368421052632,34.46818238938053
26425,2024-02-21 15:00:00,Asia/Bangkok,58.29716053097346,4.655172413793103,4.387931034482759,34.82671482142856
26426,2024-02-21 16:00:00,Asia/Bangkok,59.61909478260869,22.9051724137931,20.18965517241379,34.30710464912283
26427,2024-02-21 17:00:00,Asia/Bangkok,61.90888991304349,6.663793103448276,5.991379310344827,33.63800295652172
26428,2024-02-21 18:00:00,Asia/Bangkok,66.061706,13.54867256637168,12.0,32.32036973913043
26429,2024-02-21 19:00:00,Asia/Bangkok,69.85747578947367,65.58620689655173,55.81896551724138,30.76868342105263
26430,2024-02-21 20:00:00,Asia/Bangkok,73.29741477876107,35.53448275862069,30.1551724137931,30.24834219298246
26431,2024-02-21 21:00:00,Asia/Bangkok,77.19989086206897,63.39316239316239,51.70940170940171,29.59108521739131
26432,2024-02-21 22:00:00,Asia/Bangkok,79.7484003508772,76.49565217391304,66.54782608695652,29.07981692982458
26433,2024-02-21 23:00:00,Asia/Bangkok,80.68806182608695,27.04273504273504,25.35897435897436,28.77477956521741
26434,2024-02-22 00:00:00,Asia/Bangkok,82.41048547826088,23.50862068965517,22.00862068965517,28.26845799999997
26435,2024-02-22 01:00:00,Asia/Bangkok,83.41993663716814,23.18103448275862,22.03448275862069,27.98925654867256
26436,2024-02-22 02:00:00,Asia/Bangkok,84.65043263157892,26.50434782608696,25.03478260869565,27.60888859649124
26437,2024-02-22 03:00:00,Asia/Bangkok,85.85299060869563,27.07758620689655,25.5,27.11092982608694
26438,2024-02-22 04:00:00,Asia/Bangkok,87.17078885964914,25.73684210526316,24.46491228070175,26.79708807017546
26439,2024-02-22 05:00:00,Asia/Bangkok,87.14609311926608,22.00869565217391,20.83478260869565,26.70654110091745
26440,2024-02-22 06:00:00,Asia/Bangkok,87.66691654867256,36.31304347826087,31.12173913043478,26.4327948245614
26441,2024-02-22 07:00:00,Asia/Bangkok,88.7055600862069,70.30172413793103,58.12068965517241,25.86937732758623
26442,2024-02-22 08:00:00,Asia/Bangkok,89.80221086206893,29.27350427350427,26.87931034482759,26.01152594827587
26443,2024-02-22 09:00:00,Asia/Bangkok,87.69579893805312,19.04347826086957,18.31034482758621,27.91141486725662
26444,2024-02-22 10:00:00,Asia/Bangkok,76.47143285714283,6.704347826086956,6.208695652173913,30.32177410714285
26445,2024-02-22 11:00:00,Asia/Bangkok,71.26066860869564,7.21551724137931,6.818965517241379,31.68039408695655
26446,2024-02-22 12:00:00,Asia/Bangkok,66.14966249999999,10.00854700854701,9.623931623931623,33.19947594827585
26447,2024-02-22 13:00:00,Asia/Bangkok,62.57223955752209,12.41379310344828,12.04310344827586,33.78630495575221
26448,2024-02-22 14:00:00,Asia/Bangkok,56.81492931034483,8.452991452991453,8.085470085470085,35.29706431034485
26449,2024-02-22 15:00:00,Asia/Bangkok,55.73282793103449,9.017241379310345,8.706896551724139,35.33820206896551
26450,2024-02-22 16:00:00,Asia/Bangkok,56.51663298245617,15.85087719298246,14.73684210526316,34.64700903508772
26451,2024-02-22 17:00:00,Asia/Bangkok,59.50192185840708,5.376068376068377,4.991452991452991,33.27735814159293
26452,2024-02-22 18:00:00,Asia/Bangkok,67.63026043859648,5.948717948717949,5.521367521367521,31.81678675438594
26453,2024-02-22 19:00:00,Asia/Bangkok,74.12099874999997,6.163793103448276,5.818965517241379,30.36685937500003
26454,2024-02-22 20:00:00,Asia/Bangkok,76.57809418181819,12.26956521739131,11.54310344827586,29.98899900000003
26455,2024-02-22 21:00:00,Asia/Bangkok,77.95030508928575,37.37606837606837,32.67521367521368,29.67503142857143
26456,2024-02-22 22:00:00,Asia/Bangkok,80.9222059649123,42.08620689655172,35.49137931034483,28.77043482456141
26457,2024-02-22 23:00:00,Asia/Bangkok,82.76443681415932,40.20689655172414,34.46551724137931,28.22563763157895
26458,2024-02-23 00:00:00,Asia/Bangkok,84.17124526785717,42.1025641025641,35.73504273504273,27.66960263636362
26459,2024-02-23 01:00:00,Asia/Bangkok,85.70161614035082,45.74137931034483,38.12068965517241,27.08016315789473
26460,2024-02-23 02:00:00,Asia/Bangkok,86.02110617391308,50.81196581196581,42.15384615384615,26.87673278260869
26461,2024-02-23 03:00:00,Asia/Bangkok,85.69015845454547,38.01739130434783,33.60869565217391,26.765407
26462,2024-02-23 04:00:00,Asia/Bangkok,85.7802109734513,32.0,29.72649572649573,26.45873265486726
26463,2024-02-23 05:00:00,Asia/Bangkok,86.95102695652167,25.01739130434783,23.81739130434783,25.85898114035087
26464,2024-02-23 06:00:00,Asia/Bangkok,87.88784095652176,26.35087719298246,24.70175438596491,25.43675060869564
26465,2024-02-23 07:00:00,Asia/Bangkok,88.15944884955752,36.53448275862069,32.4051724137931,25.40508769911503
26466,2024-02-23 08:00:00,Asia/Bangkok,89.14828398230088,51.8448275862069,43.1551724137931,25.46969584070796
26467,2024-02-23 09:00:00,Asia/Bangkok,87.5824639823009,22.72649572649573,20.46153846153846,27.12421150442476
26468,2024-02-23 10:00:00,Asia/Bangkok,78.4462600900901,5.068965517241379,4.646551724137931,29.68267378378379
26469,2024-02-23 11:00:00,Asia/Bangkok,70.33960037735851,3.982758620689655,3.663793103448276,31.47427485714283
26470,2024-02-23 12:00:00,Asia/Bangkok,65.81900720720719,3.836206896551724,3.543103448275862,32.28773540540541
26471,2024-02-23 13:00:00,Asia/Bangkok,61.78120070796462,3.530434782608696,3.304347826086957,33.24562150442478
26472,2024-02-23 14:00:00,Asia/Bangkok,58.8331455172414,2.181034482758621,1.96551724137931,33.93648551724137
26473,2024-02-23 15:00:00,Asia/Bangkok,58.21929946902654,1.439655172413793,1.224137931034483,34.07722849557523
26474,2024-02-23 16:00:00,Asia/Bangkok,60.29179144144146,6.48695652173913,6.130434782608695,33.43210612612613
26475,2024-02-23 17:00:00,Asia/Bangkok,64.15685705357144,5.637931034482759,5.21551724137931,32.12571247787608
26476,2024-02-23 18:00:00,Asia/Bangkok,67.2760730434783,2.846153846153846,2.495726495726496,31.09701657894738
26477,2024-02-23 19:00:00,Asia/Bangkok,70.58126114035088,16.98275862068965,15.79310344827586,30.66678824561405
26478,2024-02-23 20:00:00,Asia/Bangkok,75.36099269565221,33.67241379310344,29.50862068965517,29.56558756521736
26479,2024-02-23 21:00:00,Asia/Bangkok,77.77224877192984,39.66379310344828,33.92241379310344,29.08133859649124
26480,2024-02-23 22:00:00,Asia/Bangkok,79.81590973913046,42.41025641025641,35.71794871794872,28.47191478260868
26481,2024-02-23 23:00:00,Asia/Bangkok,82.0402383333333,36.88793103448276,32.36206896551724,27.77864280701753
26482,2024-02-24 00:00:00,Asia/Bangkok,83.9609917241379,40.24786324786325,34.66666666666666,27.13962103448274
26483,2024-02-24 01:00:00,Asia/Bangkok,84.86247956521736,37.31896551724138,32.83620689655172,26.66282669565216
26484,2024-02-24 02:00:00,Asia/Bangkok,86.04908886956518,41.06896551724138,35.0,26.18232739130437
26485,2024-02-24 03:00:00,Asia/Bangkok,86.27521901785714,34.04310344827586,30.69827586206896,25.82229651785715
26486,2024-02-24 04:00:00,Asia/Bangkok,87.48561482758618,24.52991452991453,23.17094017094017,25.30269275862072
26487,2024-02-24 05:00:00,Asia/Bangkok,88.25530754385964,20.19827586206896,19.0948275862069,24.99538543859648
26488,2024-02-24 06:00:00,Asia/Bangkok,87.92557883928573,26.5948275862069,24.14655172413793,24.97421054054057
26489,2024-02-24 07:00:00,Asia/Bangkok,87.81904587719299,72.97413793103448,62.06896551724138,24.76713850877194
26490,2024-02-24 08:00:00,Asia/Bangkok,89.83972561403512,92.32758620689656,80.76724137931035,24.89906831858406
26491,2024-02-24 09:00:00,Asia/Bangkok,87.48535880341876,51.35964912280702,45.07894736842105,27.02041264957265
26492,2024-02-24 10:00:00,Asia/Bangkok,77.7365970535714,11.81034482758621,10.42241379310345,29.72939133928572
26493,2024-02-24 11:00:00,Asia/Bangkok,68.74467258928573,23.68965517241379,21.30172413793104,31.58214580357142
26494,2024-02-24 12:00:00,Asia/Bangkok,62.87446157407407,12.60344827586207,11.37068965517241,32.55036682242992
26495,2024-02-24 13:00:00,Asia/Bangkok,60.87502312499996,3.939655172413793,3.508620689655173,33.37367180180181
26496,2024-02-24 14:00:00,Asia/Bangkok,59.34962052173912,6.53448275862069,5.646551724137931,33.89762921739131
26497,2024-02-24 15:00:00,Asia/Bangkok,60.92521508928571,5.362068965517241,4.922413793103448,33.17886053571427
26498,2024-02-24 16:00:00,Asia/Bangkok,60.72851707964602,10.9051724137931,10.18965517241379,33.23832088495575
26499,2024-02-24 17:00:00,Asia/Bangkok,61.31858061403508,7.538461538461538,7.017094017094017,32.64775087719299
26500,2024-02-24 18:00:00,Asia/Bangkok,65.17689598214288,17.49137931034483,15.35344827586207,31.33552232142856
26501,2024-02-24 19:00:00,Asia/Bangkok,72.51387000000003,12.55172413793103,11.16379310344828,30.03279719298244
26502,2024-02-24 20:00:00,Asia/Bangkok,74.351728018018,20.66086956521739,18.31304347826087,29.78010754545452
26503,2024-02-24 21:00:00,Asia/Bangkok,76.83981601769912,44.69827586206897,36.69827586206897,29.22197814159293
26504,2024-02-24 22:00:00,Asia/Bangkok,80.28200625,37.46153846153846,32.68103448275862,28.537756875
26505,2024-02-24 23:00:00,Asia/Bangkok,87.29905212389382,30.89473684210526,27.61739130434783,27.87742131578949
26506,2024-02-25 00:00:00,Asia/Bangkok,87.63532070175437,18.37931034482759,17.25862068965517,27.72354752212389
26507,2024-02-25 01:00:00,Asia/Bangkok,87.57848919642858,23.98245614035088,22.54385964912281,27.37503469026545
26508,2024-02-25 02:00:00,Asia/Bangkok,88.74044883928578,29.47413793103448,27.05172413793104,26.61066585585585
26509,2024-02-25 03:00:00,Asia/Bangkok,89.79824692982454,23.68103448275862,22.30172413793104,26.2950401754386
26510,2024-02-25 04:00:00,Asia/Bangkok,89.12941807017542,20.2695652173913,19.1304347826087,26.32420447368418
26511,2024-02-25 05:00:00,Asia/Bangkok,89.94708991304353,21.77586206896552,20.25862068965517,26.17491931034485
26512,2024-02-25 06:00:00,Asia/Bangkok,90.51706234782604,16.63247863247863,15.45299145299145,26.13601184210528
26513,2024-02-25 07:00:00,Asia/Bangkok,91.65914409090911,15.88793103448276,14.91379310344828,26.00979536363636
26514,2024-02-25 08:00:00,Asia/Bangkok,92.76652736842105,15.58974358974359,14.65811965811966,26.35520486725664
26515,2024-02-25 09:00:00,Asia/Bangkok,89.9174701724138,12.0948275862069,11.04310344827586,27.65294905172412
26516,2024-02-25 10:00:00,Asia/Bangkok,81.81774792792795,6.695652173913044,5.973913043478261,29.6587363963964
26517,2024-02-25 11:00:00,Asia/Bangkok,72.81390870689651,6.153846153846154,5.606837606837606,31.38441086206896
26518,2024-02-25 12:00:00,Asia/Bangkok,66.07561654867257,27.48275862068965,25.37068965517241,32.51997725663716
26519,2024-02-25 13:00:00,Asia/Bangkok,60.84144310344828,5.905982905982906,5.482758620689655,33.9260128448276
26520,2024-02-25 14:00:00,Asia/Bangkok,62.92089333333335,7.965217391304348,7.6,33.47461369369369
26521,2024-02-25 15:00:00,Asia/Bangkok,59.21992973684211,7.495652173913044,7.051282051282051,33.99174798245614
26522,2024-02-25 16:00:00,Asia/Bangkok,61.57305000000002,7.28448275862069,6.836206896551724,33.18683314814815
26523,2024-02-25 17:00:00,Asia/Bangkok,62.2813891891892,8.370689655172415,7.896551724137931,32.85059837837838
26524,2024-02-25 18:00:00,Asia/Bangkok,67.62461426086956,10.58119658119658,9.957264957264957,31.72274956521738
26525,2024-02-25 19:00:00,Asia/Bangkok,73.54832294642857,16.16379310344828,15.4051724137931,30.32766303571429
26526,2024-02-25 20:00:00,Asia/Bangkok,76.48064339285713,21.43362831858407,20.31858407079646,29.91521633928571
26527,2024-02-25 21:00:00,Asia/Bangkok,78.83653309734513,44.91379310344828,38.19827586206897,29.53885614035087
26528,2024-02-25 22:00:00,Asia/Bangkok,81.76638223214285,39.30172413793103,34.12068965517241,28.83468964285717
26529,2024-02-25 23:00:00,Asia/Bangkok,83.64960539823007,45.50427350427351,37.97435897435897,28.33049669642855
26530,2024-02-26 00:00:00,Asia/Bangkok,85.57900614035086,46.56896551724138,38.95689655172414,27.83703938596492
26531,2024-02-26 01:00:00,Asia/Bangkok,85.1117330701754,51.76923076923077,42.5982905982906,27.86202787610619
26532,2024-02-26 02:00:00,Asia/Bangkok,86.83550097345137,44.91228070175438,37.67543859649123,27.33823699115041
26533,2024-02-26 03:00:00,Asia/Bangkok,87.06650607142858,39.61538461538461,34.47008547008547,27.13037410714285
26534,2024-02-26 04:00:00,Asia/Bangkok,88.44107135135135,36.4051724137931,32.61206896551724,26.64278522522524
26535,2024-02-26 05:00:00,Asia/Bangkok,88.77168207207205,34.28448275862069,31.26724137931035,26.49367873873874
26536,2024-02-26 06:00:00,Asia/Bangkok,89.18283705357153,32.52586206896552,30.38793103448276,26.25524571428571
26537,2024-02-26 07:00:00,Asia/Bangkok,89.95190723214287,34.63716814159292,31.46902654867257,26.28428769911504
26538,2024-02-26 08:00:00,Asia/Bangkok,90.72116000000001,57.27350427350427,46.57264957264957,26.45701728070176
26539,2024-02-26 09:00:00,Asia/Bangkok,89.98574421052633,83.74137931034483,74.16379310344827,27.44838771929825
26540,2024-02-26 10:00:00,Asia/Bangkok,81.43595407079646,28.39130434782609,25.78260869565218,29.53345580357145
26541,2024-02-26 11:00:00,Asia/Bangkok,73.54915438596491,15.97413793103448,14.88793103448276,31.00444464912279
26542,2024-02-26 12:00:00,Asia/Bangkok,68.4222775652174,12.03448275862069,11.14655172413793,31.67888739130435
26543,2024-02-26 13:00:00,Asia/Bangkok,65.34799873873871,12.09649122807017,11.26315789473684,32.771018018018
26544,2024-02-26 14:00:00,Asia/Bangkok,63.02045482142857,14.31034482758621,13.41379310344828,33.35522214285715
26545,2024-02-26 15:00:00,Asia/Bangkok,62.96660345454546,14.28448275862069,13.44827586206897,33.1723969090909
26546,2024-02-26 16:00:00,Asia/Bangkok,64.29318699999999,14.72549019607843,13.80392156862745,32.5252514
26547,2024-02-26 19:00:00,Asia/Bangkok,67.7498535258359,39.45833333333334,35.95223880597015,31.70746507645261
26548,2024-02-26 20:00:00,Asia/Bangkok,75.61920113513511,95.64893617021276,82.36702127659575,29.94722081521741
26549,2024-02-26 21:00:00,Asia/Bangkok,78.86908875000002,56.80172413793103,48.10344827586207,29.27698544642856
26550,2024-02-26 22:00:00,Asia/Bangkok,82.20727805309734,47.70940170940171,39.88888888888889,28.48995433628316
26551,2024-02-26 23:00:00,Asia/Bangkok,83.85048756521738,37.78448275862069,33.10344827586207,28.05021121739128
26552,2024-02-27 00:00:00,Asia/Bangkok,84.72705826530614,28.45,26.41414141414142,27.65556112244897
26553,2024-02-27 01:00:00,Asia/Bangkok,85.12070327586203,29.97435897435897,27.58974358974359,27.30249224137931
26554,2024-02-27 02:00:00,Asia/Bangkok,85.97883113043474,36.06896551724138,31.62068965517241,26.75275886956522
26555,2024-02-27 03:00:00,Asia/Bangkok,86.88764758928575,33.98275862068966,30.61206896551724,26.32636857142858
26556,2024-02-27 04:00:00,Asia/Bangkok,87.3503751724138,29.2991452991453,27.57264957264957,25.97685689655172
26557,2024-02-27 05:00:00,Asia/Bangkok,87.87751963963967,30.43965517241379,28.23275862068965,25.70008774774773
26558,2024-02-27 06:00:00,Asia/Bangkok,87.88450288288287,29.00862068965517,27.18965517241379,25.56625437500003
26559,2024-02-27 07:00:00,Asia/Bangkok,88.29815110091744,33.35344827586207,30.43478260869565,25.43504321100919
26560,2024-02-27 08:00:00,Asia/Bangkok,90.10762652173914,39.74137931034483,34.18965517241379,25.50684815789474
26561,2024-02-27 09:00:00,Asia/Bangkok,86.0308272477064,42.7304347826087,35.93043478260869,27.53975072727275
26562,2024-02-27 10:00:00,Asia/Bangkok,73.79206203539825,10.26724137931035,9.275862068965518,30.29154267857144
26563,2024-02-27 11:00:00,Asia/Bangkok,67.16804587719294,6.791304347826087,5.947826086956522,31.72201385964913
26564,2024-02-27 12:00:00,Asia/Bangkok,63.64503836206898,21.72649572649573,18.82905982905983,32.65645370689656
26565,2024-02-27 13:00:00,Asia/Bangkok,62.19544642857144,8.267241379310345,7.456896551724138,33.28154830357141
26566,2024-02-27 14:00:00,Asia/Bangkok,61.2731425663717,6.35042735042735,5.717948717948718,33.65278743362831
26567,2024-02-27 15:00:00,Asia/Bangkok,60.37458939130435,6.21551724137931,5.586206896551724,33.59632330434781
26568,2024-02-27 16:00:00,Asia/Bangkok,61.78084973451326,12.08547008547009,10.98290598290598,33.24226654867256
26569,2024-02-27 17:00:00,Asia/Bangkok,65.04894709090911,13.30701754385965,12.07894736842105,32.1570107207207
26570,2024-02-27 18:00:00,Asia/Bangkok,70.717319009009,10.74137931034483,9.698275862068966,30.86571663636365
26571,2024-02-27 19:00:00,Asia/Bangkok,74.62747765765765,15.3304347826087,14.0,29.83536387387387
26572,2024-02-27 20:00:00,Asia/Bangkok,77.20535035714283,18.19827586206896,16.87826086956522,29.31379741071429
26573,2024-02-27 21:00:00,Asia/Bangkok,77.73690173913043,26.87826086956522,24.79310344827586,29.22162617391308
26574,2024-02-27 22:00:00,Asia/Bangkok,79.55059357142856,30.37931034482759,27.53448275862069,28.66085315315315
26575,2024-02-27 23:00:00,Asia/Bangkok,81.57625580357144,30.61061946902655,28.5575221238938,28.03795160714285
26576,2024-02-28 00:00:00,Asia/Bangkok,82.83458609090908,28.27826086956522,26.51304347826087,27.55011688073392
26577,2024-02-28 01:00:00,Asia/Bangkok,84.57649804123709,31.67676767676768,29.37373737373737,27.11726250000001
26578,2024-02-28 02:00:00,Asia/Bangkok,85.10244517543863,31.82758620689655,29.62068965517241,26.86885309734515
26579,2024-02-28 03:00:00,Asia/Bangkok,86.26806078260869,34.79310344827586,31.57758620689655,26.3811575
26580,2024-02-28 04:00:00,Asia/Bangkok,87.4028673913043,34.67521367521368,31.41025641025641,25.90510219298245
26581,2024-02-28 05:00:00,Asia/Bangkok,88.33253318965515,27.24137931034483,25.86206896551724,25.66348887931034
26582,2024-02-28 06:00:00,Asia/Bangkok,88.07297315315317,25.33913043478261,23.76521739130435,25.78837468468467
26583,2024-02-28 07:00:00,Asia/Bangkok,89.36631115044247,29.1858407079646,26.53982300884956,25.71839389380532
26584,2024-02-28 08:00:00,Asia/Bangkok,90.33893300884958,121.051724137931,111.1465517241379,26.1039810619469
26585,2024-02-28 09:00:00,Asia/Bangkok,85.92328713043482,49.07758620689656,43.72413793103448,28.09173095652173
26586,2024-02-28 10:00:00,Asia/Bangkok,77.08663504424776,17.93913043478261,16.46086956521739,30.22980265486726
26587,2024-02-28 11:00:00,Asia/Bangkok,68.18966382608696,10.02586206896552,8.681034482758621,31.95270000000002
26588,2024-02-28 12:00:00,Asia/Bangkok,63.92270640350878,8.887931034482758,7.96551724137931,33.1190046017699
26589,2024-02-28 13:00:00,Asia/Bangkok,63.59150947826087,7.726495726495727,7.042735042735043,33.3291739130435
26590,2024-02-28 14:00:00,Asia/Bangkok,61.45377580357144,9.443478260869565,8.591304347826087,33.65680089285714
26591,2024-02-28 15:00:00,Asia/Bangkok,62.71717756756757,11.87068965517241,11.08620689655172,33.41576990990991
26592,2024-02-28 16:00:00,Asia/Bangkok,61.88785439252337,14.62037037037037,13.92660550458716,33.37783952380953
26593,2024-02-28 17:00:00,Asia/Bangkok,64.1639617391304,20.77391304347826,19.8,32.70361895652175
26594,2024-02-28 18:00:00,Asia/Bangkok,68.37067504347829,22.03448275862069,21.06896551724138,31.34855460869564
26595,2024-02-28 19:00:00,Asia/Bangkok,74.3056093103448,33.10344827586207,29.67241379310345,29.926665
26596,2024-02-28 20:00:00,Asia/Bangkok,77.53299309734517,40.56896551724138,35.22608695652174,29.4456717699115
26597,2024-02-28 21:00:00,Asia/Bangkok,77.87181556521739,36.35344827586207,32.54310344827586,29.23239973913043
26598,2024-02-28 22:00:00,Asia/Bangkok,79.09313228070174,47.24137931034483,43.55172413793103,28.92601684210529
26599,2024-02-28 23:00:00,Asia/Bangkok,80.89855309734513,65.42735042735043,55.62393162393163,28.43026194690266
26600,2024-02-29 00:00:00,Asia/Bangkok,82.92131964601766,54.08620689655172,44.56034482758621,27.83960141592921
26601,2024-02-29 01:00:00,Asia/Bangkok,84.19783845454546,35.42857142857143,32.12389380530973,27.43810690909093
26602,2024-02-29 02:00:00,Asia/Bangkok,84.94002252173912,36.56034482758621,32.83620689655172,27.08975078260866
26603,2024-02-29 03:00:00,Asia/Bangkok,85.20279955752214,38.3448275862069,33.82758620689656,26.78626442477876
26604,2024-02-29 04:00:00,Asia/Bangkok,85.85272426086958,42.20689655172414,35.96551724137931,26.47864330434782
26605,2024-02-29 05:00:00,Asia/Bangkok,86.18547643478264,43.37391304347826,36.57391304347826,26.20013852173911
26606,2024-02-29 06:00:00,Asia/Bangkok,86.63187582608698,41.19827586206897,35.56896551724138,25.91046660869565
26607,2024-02-29 07:00:00,Asia/Bangkok,87.82074464912286,58.04310344827586,50.16239316239317,25.57941640350877
26608,2024-02-29 08:00:00,Asia/Bangkok,88.85225858407081,57.94690265486726,46.46902654867257,25.86835504424779
26609,2024-02-29 09:00:00,Asia/Bangkok,85.03859660714286,29.81034482758621,26.31034482758621,27.49945294642857
26610,2024-02-29 10:00:00,Asia/Bangkok,73.86933017699116,14.60344827586207,13.54310344827586,29.98673265486726
26611,2024-02-29 11:00:00,Asia/Bangkok,67.08277810344825,10.62393162393162,9.914529914529915,31.25245798245613
26612,2024-02-29 12:00:00,Asia/Bangkok,63.80319981818183,9.156521739130435,8.42608695652174,32.31444272727271
26613,2024-02-29 13:00:00,Asia/Bangkok,60.20174827586208,8.155172413793103,7.517241379310345,33.2371594827586
26614,2024-02-29 14:00:00,Asia/Bangkok,58.14604173913043,8.572649572649572,7.957264957264957,34.04716747826088
26615,2024-02-29 15:00:00,Asia/Bangkok,57.94185263157895,9.224137931034482,8.474137931034482,33.91458947368422
26616,2024-02-29 16:00:00,Asia/Bangkok,60.67619818965518,34.04310344827586,30.35344827586207,33.3233473275862
26617,2024-02-29 17:00:00,Asia/Bangkok,61.87386453703706,30.8,26.66956521739131,32.69581194444448
26618,2024-02-29 18:00:00,Asia/Bangkok,66.76460491228072,20.00854700854701,18.54700854700855,31.39912415929204
26619,2024-02-29 19:00:00,Asia/Bangkok,71.3135425,43.89565217391304,38.28695652173913,30.27950035714287
26620,2024-02-29 20:00:00,Asia/Bangkok,73.98868122807016,35.86206896551724,31.96551724137931,29.87180359649124
26621,2024-02-29 21:00:00,Asia/Bangkok,77.11664113043476,41.77777777777778,36.07692307692308,29.22086008695652
26622,2024-02-29 22:00:00,Asia/Bangkok,79.4503177391304,48.31896551724138,40.41379310344828,28.65790999999998
26623,2024-02-29 23:00:00,Asia/Bangkok,82.17129226086956,45.83620689655172,38.54310344827586,27.77605130434784
26624,2024-03-01 00:00:00,Asia/Bangkok,83.11424327433629,44.94827586206897,38.02586206896552,27.63495539823008
26625,2024-03-01 01:00:00,Asia/Bangkok,83.13923872727273,51.6283185840708,43.0353982300885,27.40383145454545
26626,2024-03-01 02:00:00,Asia/Bangkok,84.3513157391304,56.60526315789474,46.51754385964912,26.69707669565216
26627,2024-03-01 03:00:00,Asia/Bangkok,85.32446017543856,48.70689655172414,40.74137931034483,26.21293719298247
26628,2024-03-01 04:00:00,Asia/Bangkok,86.03542701754384,42.9051724137931,36.76724137931034,26.09417649122806
26629,2024-03-01 05:00:00,Asia/Bangkok,86.59046562500005,36.32456140350877,32.64912280701754,25.94403312499998
26630,2024-03-01 06:00:00,Asia/Bangkok,87.26780350877188,44.45689655172414,37.94827586206897,25.73324359649122
26631,2024-03-01 07:00:00,Asia/Bangkok,88.45019271929829,49.67241379310344,41.32758620689656,25.64458412280703
26632,2024-03-01 08:00:00,Asia/Bangkok,89.17551399999995,47.19827586206897,39.64655172413793,26.10551730434783
26633,2024-03-01 09:00:00,Asia/Bangkok,86.28593391304348,29.64347826086956,27.43478260869565,27.81856747826087
26634,2024-03-01 10:00:00,Asia/Bangkok,78.2921445945946,19.97413793103448,19.01724137931035,30.2290860909091
26635,2024-03-01 11:00:00,Asia/Bangkok,72.35179087719297,16.38793103448276,15.36206896551724,31.70264122807018
26636,2024-03-01 12:00:00,Asia/Bangkok,66.92875375,11.89655172413793,11.12931034482759,32.58287517857143
26637,2024-03-01 13:00:00,Asia/Bangkok,63.81816859649121,9.905172413793103,9.39655172413793,33.21294789473684
26638,2024-03-01 14:00:00,Asia/Bangkok,61.82831669642859,9.765217391304347,9.095652173913043,34.04267964601769
26639,2024-03-01 15:00:00,Asia/Bangkok,63.73758675213676,8.282051282051283,7.752136752136752,33.03994560344826
26640,2024-03-01 16:00:00,Asia/Bangkok,63.8831320689655,9.21551724137931,8.71551724137931,32.92090896551724
26641,2024-03-01 17:00:00,Asia/Bangkok,64.993984122807,10.87931034482759,10.07758620689655,32.39149175438597
26642,2024-03-01 18:00:00,Asia/Bangkok,69.551900990991,17.53508771929825,16.72413793103448,31.12963153153153
26643,2024-03-01 19:00:00,Asia/Bangkok,75.04969732758624,25.0,24.14529914529914,29.85981284482758
26644,2024-03-01 20:00:00,Asia/Bangkok,79.02351696428569,35.63478260869565,32.05217391304348,28.92526279279279
26645,2024-03-01 21:00:00,Asia/Bangkok,80.9270259821429,45.81034482758621,38.98275862068966,28.63075918918917
26646,2024-03-01 22:00:00,Asia/Bangkok,82.24656044247786,71.81896551724138,63.47413793103448,28.30014823008849
26647,2024-03-01 23:00:00,Asia/Bangkok,83.81954893805312,70.06086956521739,62.91304347826087,27.73810522123897
26648,2024-03-02 00:00:00,Asia/Bangkok,84.45992432432429,50.58974358974359,42.22222222222222,27.44046531531531
26649,2024-03-02 01:00:00,Asia/Bangkok,85.48546669642857,51.58620689655172,43.02586206896552,27.09158223214286
26650,2024-03-02 02:00:00,Asia/Bangkok,85.17759608695647,48.49572649572649,40.71794871794872,27.0419880869565
26651,2024-03-02 03:00:00,Asia/Bangkok,85.63459324324322,43.17241379310344,36.92241379310344,26.83872909909911
26652,2024-03-02 04:00:00,Asia/Bangkok,86.05905531531533,38.91379310344828,34.17241379310344,26.56767657657658
26653,2024-03-02 05:00:00,Asia/Bangkok,87.10487646551725,36.63247863247863,32.94017094017094,26.1913800862069
26654,2024-03-02 06:00:00,Asia/Bangkok,87.71897657657661,33.50862068965517,31.17241379310345,25.95071018181819
26655,2024-03-02 07:00:00,Asia/Bangkok,87.7606867826087,37.89655172413793,33.94827586206897,25.90161956521739
26656,2024-03-02 08:00:00,Asia/Bangkok,89.08709752212388,49.3448275862069,40.91379310344828,26.12246044247788
26657,2024-03-02 09:00:00,Asia/Bangkok,85.5124685087719,35.8448275862069,32.37931034482759,27.97411535087721
26658,2024-03-02 10:00:00,Asia/Bangkok,77.68742026548672,29.41379310344828,26.93965517241379,30.16460469026549
26659,2024-03-02 11:00:00,Asia/Bangkok,70.47479136363634,18.3448275862069,17.41379310344828,31.88776306306307
26660,2024-03-02 12:00:00,Asia/Bangkok,63.67077081081082,14.06896551724138,13.38793103448276,32.94748145454545
26661,2024-03-02 13:00:00,Asia/Bangkok,62.10466087719296,11.50877192982456,10.78947368421053,33.47370350877195
26662,2024-03-02 14:00:00,Asia/Bangkok,61.25277929203541,10.64655172413793,9.810344827586206,33.96028857142857
26663,2024-03-02 15:00:00,Asia/Bangkok,62.02102353982301,10.48245614035088,9.631578947368421,33.55585221238936
26664,2024-03-02 16:00:00,Asia/Bangkok,63.85505260869567,10.05172413793103,9.362068965517242,33.42526113043478
26665,2024-03-02 17:00:00,Asia/Bangkok,68.71291539130436,12.53913043478261,11.57391304347826,32.35506885964912
26666,2024-03-02 18:00:00,Asia/Bangkok,72.68557431034482,14.08620689655172,13.1551724137931,30.9656519827586
26667,2024-03-02 19:00:00,Asia/Bangkok,75.92558276785712,25.98260869565217,23.82608695652174,30.19409776785716
26668,2024-03-02 20:00:00,Asia/Bangkok,78.24568557522126,35.06034482758621,31.51724137931035,29.89639097345132
26669,2024-03-02 21:00:00,Asia/Bangkok,79.38388121739128,97.59482758620689,91.73275862068965,29.74995991304349
26670,2024-03-02 22:00:00,Asia/Bangkok,81.11261401785715,46.77586206896552,40.75862068965517,29.34322792792791
26671,2024-03-02 23:00:00,Asia/Bangkok,83.20574887931036,36.07692307692308,32.29059829059829,28.86951336206898
26672,2024-03-03 00:00:00,Asia/Bangkok,85.00343289473685,43.10344827586207,36.74137931034483,28.38417631578948
26673,2024-03-03 01:00:00,Asia/Bangkok,85.5818417241379,38.84615384615385,33.69230769230769,28.14070385964914
26674,2024-03-03 02:00:00,Asia/Bangkok,86.64688095652167,35.29310344827586,31.86206896551724,27.77238478260868
26675,2024-03-03 03:00:00,Asia/Bangkok,86.54856657657655,39.36521739130435,34.03478260869565,27.61594678571429
26676,2024-03-03 04:00:00,Asia/Bangkok,87.35115103448277,34.44444444444444,31.23931623931624,27.16892870689654
26677,2024-03-03 05:00:00,Asia/Bangkok,87.82427864864863,28.76724137931035,27.18103448275862,26.85975324324326
26678,2024-03-03 06:00:00,Asia/Bangkok,87.88516728070174,26.16239316239316,25.00854700854701,26.76460026315789
26679,2024-03-03 07:00:00,Asia/Bangkok,88.45023469565216,25.83620689655172,24.55172413793104,26.68512130434782
26680,2024-03-03 08:00:00,Asia/Bangkok,89.19365232758622,45.97435897435897,38.37606837606837,26.97936539130435
26681,2024-03-03 09:00:00,Asia/Bangkok,87.13894699999999,25.19642857142857,23.0353982300885,28.17242418181818
26682,2024-03-03 10:00:00,Asia/Bangkok,81.31076336283188,14.82758620689655,13.62068965517241,29.84966973451328
26683,2024-03-03 11:00:00,Asia/Bangkok,72.95114130434783,9.017094017094017,7.811965811965812,31.51499808695653
26684,2024-03-03 12:00:00,Asia/Bangkok,70.9330750877193,8.269565217391305,7.156521739130435,31.72683815789471
26685,2024-03-03 13:00:00,Asia/Bangkok,69.71867801801804,10.47863247863248,9.35897435897436,31.72349863636365
26686,2024-03-03 14:00:00,Asia/Bangkok,63.12955903508775,8.704347826086957,7.939130434782609,33.5881042982456
26687,2024-03-03 15:00:00,Asia/Bangkok,63.99631098214289,15.39316239316239,14.44444444444444,33.36783491071427
26688,2024-03-03 16:00:00,Asia/Bangkok,68.34301017391307,20.86206896551724,19.47413793103448,32.26087930434784
26689,2024-03-03 17:00:00,Asia/Bangkok,68.25889107142856,18.4051724137931,17.12068965517241,31.89233585585587
26690,2024-03-03 18:00:00,Asia/Bangkok,70.93002478260871,17.76923076923077,16.44444444444444,31.02623434782608
26691,2024-03-03 19:00:00,Asia/Bangkok,75.11022551401871,32.8,28.26363636363636,29.7422774528302
26692,2024-03-03 20:00:00,Asia/Bangkok,77.5568650980392,36.02941176470588,30.7156862745098,29.44078352941179
26693,2024-03-03 21:00:00,Asia/Bangkok,79.06281782608693,34.05128205128205,29.68376068376068,29.12503008695652
26694,2024-03-03 22:00:00,Asia/Bangkok,81.24018368421052,40.0,34.29310344827586,28.65910184210529
26695,2024-03-03 23:00:00,Asia/Bangkok,82.65672713043479,25.37931034482759,23.5,28.2014928695652
26696,2024-03-04 00:00:00,Asia/Bangkok,84.56221946902657,33.18803418803419,29.50427350427351,27.74843442477877
26697,2024-03-04 01:00:00,Asia/Bangkok,85.47494895652179,37.81896551724138,32.88793103448276,27.50500060869564
26698,2024-03-04 02:00:00,Asia/Bangkok,85.41300280701758,33.75652173913043,30.40869565217391,27.41259552631577
26699,2024-03-04 03:00:00,Asia/Bangkok,87.04255137931035,43.61206896551724,36.36206896551724,26.82996137931033
26700,2024-03-04 04:00:00,Asia/Bangkok,87.85035271929826,40.96521739130435,34.82608695652174,26.61648903508772
26701,2024-03-04 05:00:00,Asia/Bangkok,88.07385353448277,33.25,30.18965517241379,26.57397482758617
26702,2024-03-04 06:00:00,Asia/Bangkok,87.93816087719296,33.47413793103448,30.60344827586207,26.76089789473686
26703,2024-03-04 07:00:00,Asia/Bangkok,88.54920818965513,35.92241379310344,32.1551724137931,26.60284137931034
26704,2024-03-04 08:00:00,Asia/Bangkok,89.47841025641031,37.46153846153846,32.86324786324786,26.79064940170939
26705,2024-03-04 09:00:00,Asia/Bangkok,84.95164362068968,29.88793103448276,27.5,28.37453655172414
26706,2024-03-04 10:00:00,Asia/Bangkok,76.85629394736844,24.8125,22.74107142857143,30.36937412280704
26707,2024-03-04 11:00:00,Asia/Bangkok,76.11415666666666,17.3448275862069,16.01724137931035,30.64701868421053
26708,2024-03-04 12:00:00,Asia/Bangkok,69.54274982300885,15.00862068965517,13.5,32.52018911504425
26709,2024-03-04 13:00:00,Asia/Bangkok,64.94910849557523,9.478260869565217,8.6,33.41245884955752
26710,2024-03-04 14:00:00,Asia/Bangkok,60.88738592920351,9.8,8.964912280701755,34.44559132743362
26711,2024-03-04 15:00:00,Asia/Bangkok,60.15937649122808,12.27586206896552,11.33333333333333,34.43377973684209
26712,2024-03-04 16:00:00,Asia/Bangkok,58.75519582608693,15.62931034482759,14.06896551724138,34.34550173913042
26713,2024-03-04 17:00:00,Asia/Bangkok,64.4572140350877,18.33620689655172,16.44827586206896,33.05893605263157
26714,2024-03-04 18:00:00,Asia/Bangkok,70.69454884955749,11.90434782608696,10.89565217391304,31.46556351351351
26715,2024-03-04 19:00:00,Asia/Bangkok,74.92499326315789,22.98989898989899,20.7979797979798,30.38861094736842
26716,2024-03-04 20:00:00,Asia/Bangkok,76.84317893805309,29.18103448275862,26.86324786324786,30.06419424778763
26717,2024-03-04 21:00:00,Asia/Bangkok,79.48117964601771,41.99130434782609,36.21739130434783,29.42565557522122
26718,2024-03-04 22:00:00,Asia/Bangkok,81.33677339449537,59.93965517241379,51.03448275862069,28.98765926605505
26719,2024-03-04 23:00:00,Asia/Bangkok,82.68474752293575,34.19827586206897,30.83620689655172,28.44808247706421
26720,2024-03-05 00:00:00,Asia/Bangkok,84.84258151515155,43.61,36.68,27.6727308080808
26721,2024-03-05 01:00:00,Asia/Bangkok,86.24222292035397,50.34188034188034,41.34188034188034,27.08061159292035
26722,2024-03-05 02:00:00,Asia/Bangkok,86.23639569999999,44.1747572815534,36.92233009708738,27.05006429999998
26723,2024-03-05 03:00:00,Asia/Bangkok,86.35617351851855,37.3125,32.76785714285715,26.86191361111112
26724,2024-03-05 04:00:00,Asia/Bangkok,86.51735120689649,31.5982905982906,29.37606837606837,26.60074913793103
26725,2024-03-05 05:00:00,Asia/Bangkok,86.99807747826084,26.86206896551724,25.4051724137931,26.28596130434785
26726,2024-03-05 06:00:00,Asia/Bangkok,87.74367844827586,29.35344827586207,27.56896551724138,25.93411086206895
26727,2024-03-05 07:00:00,Asia/Bangkok,87.9144887931034,26.70689655172414,25.31896551724138,25.74892345132743
26728,2024-03-05 08:00:00,Asia/Bangkok,89.04317292035401,28.67241379310345,26.93103448275862,26.01467911504425
26729,2024-03-05 09:00:00,Asia/Bangkok,87.79422810344828,25.39316239316239,24.05982905982906,27.8814699137931
26730,2024-03-05 10:00:00,Asia/Bangkok,76.1208248695652,20.46551724137931,19.42241379310345,30.81852947826088
26731,2024-03-05 11:00:00,Asia/Bangkok,67.19954451327438,15.48275862068965,14.56896551724138,32.67034300884956
26732,2024-03-05 12:00:00,Asia/Bangkok,62.79629692982459,16.10526315789474,15.31578947368421,34.0524859130435
26733,2024-03-05 13:00:00,Asia/Bangkok,59.95662918918917,16.14782608695652,15.57391304347826,34.81805297297298
26734,2024-03-05 14:00:00,Asia/Bangkok,58.94273911504425,16.84347826086956,16.16521739130435,35.3216010619469
26735,2024-03-05 15:00:00,Asia/Bangkok,58.48652862068965,17.06896551724138,16.4051724137931,35.29715620689653
26736,2024-03-05 16:00:00,Asia/Bangkok,59.53965035398232,17.06034482758621,16.35344827586207,34.93074079646016
26737,2024-03-05 17:00:00,Asia/Bangkok,61.85438044642856,17.60344827586207,16.72413793103448,34.12520589285713
26738,2024-03-05 18:00:00,Asia/Bangkok,66.76785356521737,18.25217391304348,17.52173913043478,32.6376283478261
26739,2024-03-05 19:00:00,Asia/Bangkok,71.64458241071428,24.64655172413793,23.0948275862069,31.31542000000001
26740,2024-03-05 20:00:00,Asia/Bangkok,74.91563963963962,50.83760683760683,42.20689655172414,30.70762162162162
26741,2024-03-05 21:00:00,Asia/Bangkok,78.0374104347826,53.38793103448276,43.64957264957265,29.99446634782608
26742,2024-03-05 22:00:00,Asia/Bangkok,80.5308774107143,45.97345132743363,38.5929203539823,29.31267612612614
26743,2024-03-05 23:00:00,Asia/Bangkok,81.97100160714287,51.86206896551724,42.33620689655172,28.79581225225225
26744,2024-03-06 00:00:00,Asia/Bangkok,84.03350964912279,51.01709401709402,41.92307692307692,28.08685271929827
26745,2024-03-06 01:00:00,Asia/Bangkok,85.3374472413793,53.18103448275862,43.5,27.5966207758621
26746,2024-03-06 02:00:00,Asia/Bangkok,86.16527663793102,54.50862068965517,44.41379310344828,27.12859715517236
26747,2024-03-06 03:00:00,Asia/Bangkok,86.96904599999999,52.5,42.98275862068966,26.71920730434783
26748,2024-03-06 04:00:00,Asia/Bangkok,87.56387139130439,62.54700854700855,51.64957264957265,26.40445333333332
26749,2024-03-06 05:00:00,Asia/Bangkok,87.8169146902655,47.42241379310344,39.56896551724138,26.12163336283186
26750,2024-03-06 06:00:00,Asia/Bangkok,88.622175877193,42.01724137931034,35.86206896551724,25.82450149122805
26751,2024-03-06 07:00:00,Asia/Bangkok,89.62320441441445,41.18965517241379,35.24137931034483,25.51737162162163
26752,2024-03-06 08:00:00,Asia/Bangkok,90.80267807017542,48.94017094017094,40.68376068376068,26.06970219298246
26753,2024-03-06 09:00:00,Asia/Bangkok,90.43139837837839,33.23275862068966,30.00862068965517,27.29152846846846
26754,2024-03-06 10:00:00,Asia/Bangkok,83.260082920354,23.01724137931035,21.81034482758621,28.92313840707965
26755,2024-03-06 11:00:00,Asia/Bangkok,71.15506807017542,22.95575221238938,21.93805309734513,31.44622026315788
26756,2024-03-06 12:00:00,Asia/Bangkok,64.68757181034483,24.68376068376068,23.72649572649573,33.04312243478261
26757,2024-03-06 13:00:00,Asia/Bangkok,58.76896159292033,25.27586206896552,24.3448275862069,34.93936610619469
26758,2024-03-06 14:00:00,Asia/Bangkok,52.54530963302756,22.13913043478261,21.41739130434783,37.37395889908257
26759,2024-03-06 15:00:00,Asia/Bangkok,50.17393973684209,21.56410256410257,20.7948717948718,37.56583460176989
26760,2024-03-06 16:00:00,Asia/Bangkok,47.76754477876108,17.37931034482759,16.71551724137931,36.78512938053096
26761,2024-03-06 17:00:00,Asia/Bangkok,53.95094559633028,21.14035087719298,20.34210526315789,35.71759752293577
26762,2024-03-06 18:00:00,Asia/Bangkok,65.31475814159295,33.5575221238938,30.13274336283186,33.8302810619469
26763,2024-03-06 19:00:00,Asia/Bangkok,73.14826130434783,37.1875,33.08035714285715,32.1550635652174
26764,2024-03-06 20:00:00,Asia/Bangkok,74.91391368421051,51.16379310344828,42.43103448275862,31.24613283185839
26765,2024-03-06 21:00:00,Asia/Bangkok,77.56802991304345,47.49137931034483,39.75862068965517,30.56354860869567
26766,2024-03-06 22:00:00,Asia/Bangkok,79.87523417391304,50.93965517241379,42.07758620689656,30.1330227826087
26767,2024-03-06 23:00:00,Asia/Bangkok,82.22813434782609,56.50862068965517,46.19827586206897,29.56972295652173
26768,2024-03-07 00:00:00,Asia/Bangkok,83.74418250000001,52.23275862068966,43.11206896551724,29.1326101801802
26769,2024-03-07 01:00:00,Asia/Bangkok,85.34152763157897,55.45689655172414,45.47413793103448,28.63214008771928
26770,2024-03-07 02:00:00,Asia/Bangkok,86.50692824561403,54.30172413793103,44.61206896551724,28.28766473684211
26771,2024-03-07 03:00:00,Asia/Bangkok,86.47824474137936,54.98290598290598,45.24786324786325,28.19624199999998
26772,2024-03-07 04:00:00,Asia/Bangkok,87.06938517241379,50.57758620689656,42.18965517241379,27.88572862068965
26773,2024-03-07 05:00:00,Asia/Bangkok,87.08351669724773,48.75862068965517,40.99137931034483,27.68765321100917
26774,2024-03-07 06:00:00,Asia/Bangkok,88.47385217391302,52.24786324786325,43.2051282051282,27.05515408695654
26775,2024-03-07 07:00:00,Asia/Bangkok,88.2638176106194,50.16379310344828,41.81896551724138,27.02900185840708
26776,2024-03-07 08:00:00,Asia/Bangkok,89.33054810810815,56.07964601769911,45.92920353982301,27.26316288288289
26777,2024-03-07 09:00:00,Asia/Bangkok,88.09641052173914,45.25862068965517,38.28448275862069,28.40296026315789
26778,2024-03-07 10:00:00,Asia/Bangkok,80.57252948275863,37.57264957264957,33.41880341880342,30.83878793103449
26779,2024-03-07 11:00:00,Asia/Bangkok,73.13616796296297,28.80869565217391,27.64347826086956,32.98266261682243
26780,2024-03-07 12:00:00,Asia/Bangkok,63.59580981651379,27.00862068965517,26.03448275862069,35.40328275229358
26781,2024-03-07 13:00:00,Asia/Bangkok,55.62507190909092,23.74107142857143,22.90178571428572,37.01001155963302
26782,2024-03-07 14:00:00,Asia/Bangkok,51.49020696428573,21.45299145299145,20.67521367521368,37.7978360714286
26783,2024-03-07 15:00:00,Asia/Bangkok,56.94531876106197,21.29310344827586,20.58620689655172,37.25378442477876
26784,2024-03-07 16:00:00,Asia/Bangkok,62.70808477876106,19.83620689655172,19.28448275862069,35.92492991150444
26785,2024-03-07 17:00:00,Asia/Bangkok,65.88127413793102,20.11111111111111,19.36752136752137,34.66534853448277
26786,2024-03-07 18:00:00,Asia/Bangkok,68.70703482758614,21.25862068965517,20.31034482758621,33.53524767241378
26787,2024-03-07 19:00:00,Asia/Bangkok,72.77693897435894,32.07692307692308,29.47863247863248,32.12795068376067
26788,2024-03-07 20:00:00,Asia/Bangkok,75.58286741071434,72.40517241379311,61.56034482758621,31.22763437499999
26789,2024-03-07 21:00:00,Asia/Bangkok,78.81842517241375,58.18803418803419,47.41880341880342,30.32117495652178
26790,2024-03-07 22:00:00,Asia/Bangkok,81.47830881818182,46.05263157894737,38.57894736842105,29.75503136363637
26791,2024-03-07 23:00:00,Asia/Bangkok,83.52662460869561,69.83760683760684,55.4017094017094,29.08622860869565
26792,2024-03-08 00:00:00,Asia/Bangkok,84.3449868807339,42.37931034482759,36.26724137931034,28.82839587155965
26793,2024-03-08 01:00:00,Asia/Bangkok,85.09205710526312,42.71551724137931,36.47413793103448,28.48440429824563
26794,2024-03-08 02:00:00,Asia/Bangkok,84.93949756756751,44.37068965517241,37.46551724137931,28.32316315315316
26795,2024-03-08 03:00:00,Asia/Bangkok,85.8994706140351,45.71551724137931,38.69827586206897,27.78730710526314
26796,2024-03-08 04:00:00,Asia/Bangkok,86.734476146789,42.6,36.40869565217391,27.45922495327102
26797,2024-03-08 05:00:00,Asia/Bangkok,87.05551380530973,36.50434782608696,32.63478260869565,27.15436601769911
26798,2024-03-08 06:00:00,Asia/Bangkok,88.19604678260868,37.96551724137931,33.55172413793103,26.70871087719298
26799,2024-03-08 07:00:00,Asia/Bangkok,88.25396125000005,45.14912280701754,39.51304347826087,26.60610866071429
26800,2024-03-08 08:00:00,Asia/Bangkok,88.61623756521745,49.30172413793103,43.0948275862069,26.82126157894736
26801,2024-03-08 09:00:00,Asia/Bangkok,86.74851327586207,58.98290598290598,50.83760683760683,28.11272879310345
26802,2024-03-08 10:00:00,Asia/Bangkok,79.71172495575222,29.12931034482759,26.70689655172414,30.41032339285715
26803,2024-03-08 11:00:00,Asia/Bangkok,76.56881353982301,19.02586206896552,18.31896551724138,31.07523371681414
26804,2024-03-08 12:00:00,Asia/Bangkok,72.430589122807,21.01724137931035,19.87068965517241,32.08663026315789
26805,2024-03-08 13:00:00,Asia/Bangkok,67.79749295652174,15.63247863247863,15.11111111111111,32.99070324561403
26806,2024-03-08 14:00:00,Asia/Bangkok,65.21647591304347,14.85344827586207,14.27586206896552,33.43847226086957
26807,2024-03-08 15:00:00,Asia/Bangkok,63.59683433628314,15.79310344827586,15.14655172413793,33.87747362831858
26808,2024-03-08 16:00:00,Asia/Bangkok,66.4552194642857,16.68965517241379,15.79310344827586,32.81705446428573
26809,2024-03-08 17:00:00,Asia/Bangkok,68.41024295652177,12.36206896551724,11.81034482758621,32.06631495652173
26810,2024-03-08 18:00:00,Asia/Bangkok,73.53266129310342,16.03448275862069,15.41379310344828,30.95370387931034
26811,2024-03-08 19:00:00,Asia/Bangkok,77.88934612612618,19.75862068965517,18.77586206896552,30.1248930909091
26812,2024-03-08 20:00:00,Asia/Bangkok,78.6204417948718,24.99145299145299,23.47008547008547,30.15021752136752
26813,2024-03-08 21:00:00,Asia/Bangkok,80.56754166666668,35.98275862068966,32.32758620689656,29.70369122807019
26814,2024-03-08 22:00:00,Asia/Bangkok,82.91165249999997,47.35042735042735,39.35897435897436,29.13696333333333
26815,2024-03-08 23:00:00,Asia/Bangkok,84.07459045454543,46.4,38.88695652173913,28.84034809090909
26816,2024-03-09 00:00:00,Asia/Bangkok,84.8629710619469,52.61206896551724,43.33620689655172,28.48541663716812
26817,2024-03-09 01:00:00,Asia/Bangkok,85.78735163793105,55.55555555555556,45.35042735042735,28.10356715517239
26818,2024-03-09 02:00:00,Asia/Bangkok,86.56990535087719,55.93965517241379,45.64655172413793,27.72205324561402
26819,2024-03-09 03:00:00,Asia/Bangkok,86.76543115044248,51.9051724137931,42.89655172413793,27.51902776785712
26820,2024-03-09 04:00:00,Asia/Bangkok,87.44075707964602,46.78632478632478,39.24786324786325,27.26827883928569
26821,2024-03-09 05:00:00,Asia/Bangkok,88.07364215517242,45.74137931034483,38.33620689655172,26.96214017241378
26822,2024-03-09 06:00:00,Asia/Bangkok,87.82015578947367,41.97413793103448,35.97413793103448,26.90162894736844
26823,2024-03-09 07:00:00,Asia/Bangkok,88.16965408695648,38.3448275862069,33.75862068965517,26.62228643478262
26824,2024-03-09 08:00:00,Asia/Bangkok,88.77009568965518,48.17948717948718,39.45299145299145,26.63981508620691
26825,2024-03-09 09:00:00,Asia/Bangkok,85.82193245614039,48.15652173913043,40.05217391304348,27.67529491228069
26826,2024-03-09 10:00:00,Asia/Bangkok,76.714425412844,26.47863247863248,25.06837606837607,30.47782532110092
26827,2024-03-09 11:00:00,Asia/Bangkok,78.31039389380531,22.50862068965517,21.44827586206896,30.41913725663719
26828,2024-03-09 12:00:00,Asia/Bangkok,77.15370654545451,14.81896551724138,14.11206896551724,30.8658869090909
26829,2024-03-09 13:00:00,Asia/Bangkok,81.01054954545452,11.29310344827586,10.60344827586207,30.01402709090909
26830,2024-03-09 14:00:00,Asia/Bangkok,83.38058315789475,7.767241379310345,7.189655172413793,30.57545719298244
26831,2024-03-09 15:00:00,Asia/Bangkok,73.70320675675671,4.675438596491228,4.226086956521739,31.78870418181818
26832,2024-03-09 16:00:00,Asia/Bangkok,73.64258271929825,3.620689655172414,3.258620689655173,31.72236552631577
26833,2024-03-09 17:00:00,Asia/Bangkok,72.1105446236559,2.715789473684211,2.347368421052632,31.87583677419354
26834,2024-03-09 18:00:00,Asia/Bangkok,75.58800446428572,5.887931034482759,5.25,30.63165116071429
26835,2024-03-09 19:00:00,Asia/Bangkok,78.51073304347828,16.98275862068965,15.08620689655172,29.78407008695653
26836,2024-03-09 20:00:00,Asia/Bangkok,80.43594814159295,9.5,8.456896551724139,29.43219580357142
26837,2024-03-09 21:00:00,Asia/Bangkok,83.28778964285713,26.82758620689655,24.64655172413793,28.87371901785718
26838,2024-03-09 22:00:00,Asia/Bangkok,84.68972775862063,26.76068376068376,24.41880341880342,28.48777206896548
26839,2024-03-09 23:00:00,Asia/Bangkok,86.00818526315791,23.49137931034483,21.8695652173913,28.01674570175439
26840,2024-03-10 00:00:00,Asia/Bangkok,87.76319777777782,30.78448275862069,28.17094017094017,27.50679537037038
26841,2024-03-10 01:00:00,Asia/Bangkok,87.99578254385966,32.68965517241379,29.9051724137931,27.37536424778761
26842,2024-03-10 02:00:00,Asia/Bangkok,88.6012014035088,38.87068965517241,33.43103448275862,27.02888666666665
26843,2024-03-10 03:00:00,Asia/Bangkok,89.15691157894739,37.80172413793103,32.96551724137931,26.91952289473686
26844,2024-03-10 04:00:00,Asia/Bangkok,89.34387543859643,33.38793103448276,30.16379310344828,26.74492315789472
26845,2024-03-10 05:00:00,Asia/Bangkok,89.34690114035087,26.37068965517241,24.62068965517241,26.42757271929824
26846,2024-03-10 06:00:00,Asia/Bangkok,89.74893791304345,25.16379310344828,23.51724137931035,26.09931521739129
26847,2024-03-10 07:00:00,Asia/Bangkok,89.88466226086955,25.76724137931035,24.01724137931035,25.97501826086958
26848,2024-03-10 08:00:00,Asia/Bangkok,90.99232000000005,37.50434782608696,31.85344827586207,26.24306175438596
26849,2024-03-10 09:00:00,Asia/Bangkok,89.95033845454547,37.2,32.77391304347826,27.25332200000001
26850,2024-03-10 10:00:00,Asia/Bangkok,85.20177429824564,40.1551724137931,34.67241379310344,28.64003385964912
26851,2024-03-10 11:00:00,Asia/Bangkok,74.8694213157895,40.25862068965517,35.0948275862069,30.26677947368423
26852,2024-03-10 12:00:00,Asia/Bangkok,68.4053062608696,36.60683760683761,32.87179487179487,31.65285652173912
26853,2024-03-10 13:00:00,Asia/Bangkok,64.31915353982299,35.5,32.17241379310344,32.8165728318584
26854,2024-03-10 14:00:00,Asia/Bangkok,63.11798575221235,34.9051724137931,31.87931034482759,33.4427061061947
26855,2024-03-10 15:00:00,Asia/Bangkok,64.72737938596492,35.89655172413793,32.5,33.1315499122807
26856,2024-03-10 16:00:00,Asia/Bangkok,68.5908163478261,37.10344827586207,33.08620689655172,32.20076165217389
26857,2024-03-10 17:00:00,Asia/Bangkok,68.56768063063062,34.58771929824562,31.65789473684211,31.66809864864866
26858,2024-03-10 18:00:00,Asia/Bangkok,72.25171292035397,36.55172413793103,32.60683760683761,30.89369920353981
26859,2024-03-10 19:00:00,Asia/Bangkok,75.92965464912284,46.01724137931034,38.68965517241379,29.96085778761061
26860,2024-03-10 20:00:00,Asia/Bangkok,77.18979178571432,52.02631578947368,42.81578947368421,29.8915240707965
26861,2024-03-10 21:00:00,Asia/Bangkok,79.00515175438596,65.94017094017094,53.21551724137931,29.38360219298243
26862,2024-03-10 22:00:00,Asia/Bangkok,81.91196893805306,65.33620689655173,54.05128205128205,28.62940327433627
26863,2024-03-10 23:00:00,Asia/Bangkok,84.0400384684685,60.10344827586207,48.30172413793103,28.14692036036035
26864,2024-03-11 00:00:00,Asia/Bangkok,84.015871981982,53.46017699115044,44.0353982300885,28.0179999099099
26865,2024-03-11 01:00:00,Asia/Bangkok,85.27462894736843,53.87719298245614,44.31304347826087,27.5404442982456
26866,2024-03-11 02:00:00,Asia/Bangkok,86.71296902654866,53.17391304347826,43.85217391304348,27.05813610619465
26867,2024-03-11 03:00:00,Asia/Bangkok,86.90016728070174,54.43478260869565,44.57391304347826,26.79715843478263
26868,2024-03-11 04:00:00,Asia/Bangkok,87.37235078260868,54.80172413793103,44.97413793103448,26.52201850877196
26869,2024-03-11 05:00:00,Asia/Bangkok,87.94673672566374,50.67241379310344,42.08620689655172,26.36515274336283
26870,2024-03-11 06:00:00,Asia/Bangkok,88.65513666666669,49.31896551724138,41.05172413793103,25.95944270270272
26871,2024-03-11 07:00:00,Asia/Bangkok,88.93727553571429,49.33620689655172,41.12068965517241,25.77461203539823
26872,2024-03-11 08:00:00,Asia/Bangkok,89.48950530973454,58.87931034482759,49.91379310344828,26.63803241071429
26873,2024-03-11 09:00:00,Asia/Bangkok,85.16565535714292,36.79130434782608,32.82608695652174,27.85055321428571
26874,2024-03-11 10:00:00,Asia/Bangkok,75.79113298245612,56.00854700854701,50.1551724137931,29.95748921052632
26875,2024-03-11 11:00:00,Asia/Bangkok,64.66469690265485,78.6842105263158,68.51724137931035,31.66142946902656
26876,2024-03-11 12:00:00,Asia/Bangkok,57.98421557522125,28.61739130434783,26.35652173913044,33.29697247787611
26877,2024-03-11 13:00:00,Asia/Bangkok,57.78293122807016,22.17241379310345,21.03448275862069,33.71021686956523
26878,2024-03-11 14:00:00,Asia/Bangkok,56.68093543859649,19.69230769230769,18.73504273504274,33.73136150442476
26879,2024-03-11 15:00:00,Asia/Bangkok,53.26452113043479,15.87931034482759,15.18965517241379,34.19336339130435
26880,2024-03-11 16:00:00,Asia/Bangkok,54.55593299145298,16.06837606837607,15.23076923076923,33.61126401709401
26881,2024-03-11 17:00:00,Asia/Bangkok,56.59715716814159,16.40869565217391,15.59130434782609,33.12073061946902
26882,2024-03-11 18:00:00,Asia/Bangkok,61.38008464912281,39.32478632478632,34.96581196581197,32.04994912280702
26883,2024-03-11 19:00:00,Asia/Bangkok,67.62708868421053,26.47413793103448,24.79310344827586,30.82871710526317
26884,2024-03-11 20:00:00,Asia/Bangkok,71.69417690265486,35.12068965517241,31.46551724137931,29.81070380530975
26885,2024-03-11 21:00:00,Asia/Bangkok,75.62007298245612,37.08547008547009,32.66666666666666,28.99026692982455
26886,2024-03-11 22:00:00,Asia/Bangkok,79.27877117647058,51.54368932038835,42.78640776699029,28.1796794117647
26887,2024-03-11 23:00:00,Asia/Bangkok,81.35770935999999,64.1937984496124,53.41085271317829,27.8502811111111
26888,2024-03-12 00:00:00,Asia/Bangkok,81.25582812500002,46.42241379310344,38.75862068965517,27.62073919642857
26889,2024-03-12 01:00:00,Asia/Bangkok,82.01740451327434,44.00862068965517,36.94827586206897,27.15183557522124
26890,2024-03-12 02:00:00,Asia/Bangkok,83.43729000000006,40.76923076923077,35.06837606837607,26.5152479464286
26891,2024-03-12 03:00:00,Asia/Bangkok,84.04589094827584,38.68965517241379,33.81896551724138,26.03921965517241
26892,2024-03-12 04:00:00,Asia/Bangkok,85.01478387755104,38.49494949494949,33.65656565656565,25.55025402061856
26893,2024-03-12 05:00:00,Asia/Bangkok,86.09002612612615,40.99115044247787,35.08849557522124,25.02597609090908
26894,2024-03-12 06:00:00,Asia/Bangkok,87.8394463392857,38.74137931034483,33.85344827586207,24.47728392857145
26895,2024-03-12 07:00:00,Asia/Bangkok,86.40353354545458,40.08620689655172,34.29310344827586,24.67916927272725
26896,2024-03-12 08:00:00,Asia/Bangkok,86.69305026548673,35.86206896551724,31.99137931034483,25.09646410714287
26897,2024-03-12 09:00:00,Asia/Bangkok,83.84202666666667,32.28571428571428,29.70476190476191,26.97527722772276
26898,2024-03-12 11:00:00,Asia/Bangkok,69.80700706666667,17.7280701754386,16.65789473684211,30.99818973214286
26899,2024-03-12 12:00:00,Asia/Bangkok,58.76094035398231,11.98260869565217,11.45217391304348,33.12678910714285
26900,2024-03-12 13:00:00,Asia/Bangkok,55.54039318965516,11.53448275862069,11.07758620689655,33.88894931034483
26901,2024-03-12 14:00:00,Asia/Bangkok,53.91874869565216,13.93913043478261,13.25217391304348,34.09936626086957
26902,2024-03-12 15:00:00,Asia/Bangkok,54.89266765765766,14.05172413793103,13.35344827586207,33.86681486486488
26903,2024-03-12 16:00:00,Asia/Bangkok,53.58128513043479,11.06034482758621,10.54310344827586,34.16942417391304
26904,2024-03-12 17:00:00,Asia/Bangkok,55.68095974137933,10.8974358974359,10.24786324786325,33.64640939655171
26905,2024-03-12 18:00:00,Asia/Bangkok,61.65236660869567,14.98275862068965,14.08620689655172,32.26731095652174
26906,2024-03-12 19:00:00,Asia/Bangkok,66.26471695652174,15.81896551724138,14.99137931034483,30.88233939130436
26907,2024-03-12 20:00:00,Asia/Bangkok,71.13492939655174,20.79310344827586,19.81034482758621,29.71812655172413
26908,2024-03-12 21:00:00,Asia/Bangkok,73.84903398230091,38.86206896551724,33.82758620689656,29.33469929203536
26909,2024-03-12 22:00:00,Asia/Bangkok,76.25103025862072,31.87068965517241,29.60344827586207,28.8066003448276
26910,2024-03-12 23:00:00,Asia/Bangkok,78.03434315789477,36.99145299145299,32.82905982905983,28.19197877192981
26911,2024-03-13 00:00:00,Asia/Bangkok,79.35733344827587,41.14655172413793,35.31034482758621,27.66487426086956
26912,2024-03-13 01:00:00,Asia/Bangkok,82.13992486956522,43.9051724137931,36.98275862068966,26.83686431034485
26913,2024-03-13 02:00:00,Asia/Bangkok,85.68975721739133,42.29059829059829,36.54700854700855,25.78896605263159
26914,2024-03-13 03:00:00,Asia/Bangkok,87.71880956521736,37.11965811965812,32.66666666666666,25.03578095652174
26915,2024-03-13 04:00:00,Asia/Bangkok,86.42035651785714,33.75,30.76724137931035,25.31629151785716
26916,2024-03-13 05:00:00,Asia/Bangkok,86.40888504504498,33.78448275862069,30.71551724137931,25.10979549549553
26917,2024-03-13 06:00:00,Asia/Bangkok,86.55717216216222,37.95652173913044,33.46956521739131,25.00074621621621
26918,2024-03-13 07:00:00,Asia/Bangkok,86.61982660714287,31.66379310344828,29.53448275862069,24.75172750000003
26919,2024-03-13 08:00:00,Asia/Bangkok,87.19657132743363,31.68965517241379,29.16379310344828,24.96171548672566
26920,2024-03-13 09:00:00,Asia/Bangkok,84.98613442477873,30.75221238938053,28.5929203539823,27.05012805309734
26921,2024-03-13 10:00:00,Asia/Bangkok,76.4394681578947,29.41025641025641,26.42241379310345,29.69226469026549
26922,2024-03-13 11:00:00,Asia/Bangkok,68.21630122807015,23.01724137931035,21.11965811965812,31.83308868421052
26923,2024-03-13 12:00:00,Asia/Bangkok,59.61994324561405,11.61607142857143,10.96428571428571,33.76767412280702
26924,2024-03-13 13:00:00,Asia/Bangkok,54.4794851304348,9.422413793103448,8.793103448275861,34.59082208695653
26925,2024-03-13 14:00:00,Asia/Bangkok,52.24954408695654,7.870689655172414,7.336206896551724,34.81348147826085
26926,2024-03-13 15:00:00,Asia/Bangkok,53.94597707964603,9.384615384615385,8.606837606837606,34.484055625
26927,2024-03-13 16:00:00,Asia/Bangkok,54.25968063636364,10.68695652173913,9.860869565217392,34.55300372727274
26928,2024-03-13 17:00:00,Asia/Bangkok,56.01514000000003,10.69827586206897,10.01724137931035,33.97247115044249
26929,2024-03-13 18:00:00,Asia/Bangkok,57.64601872727273,25.81034482758621,22.87068965517241,33.11476618181818
26930,2024-03-13 19:00:00,Asia/Bangkok,62.06205605263158,134.9568965517241,120.4224137931034,32.03249798245614
26931,2024-03-13 20:00:00,Asia/Bangkok,66.56876999999999,101.8803418803419,86.25641025641026,30.90992643478261
26932,2024-03-13 21:00:00,Asia/Bangkok,70.4970944144144,33.4424778761062,29.70796460176991,30.16881828828826
26933,2024-03-13 22:00:00,Asia/Bangkok,73.33901586206896,42.20689655172414,35.54310344827586,29.77204034482762
26934,2024-03-13 23:00:00,Asia/Bangkok,76.50899818965517,43.51724137931034,37.25,28.83222434782611
26935,2024-03-14 00:00:00,Asia/Bangkok,78.4923289655173,32.68103448275862,30.18260869565217,28.4439875
26936,2024-03-14 01:00:00,Asia/Bangkok,80.36861955752214,37.21428571428572,32.86725663716814,27.83971823008852
26937,2024-03-14 02:00:00,Asia/Bangkok,81.34573631578947,34.01724137931034,30.8974358974359,27.43913552631578
26938,2024-03-14 03:00:00,Asia/Bangkok,81.79443185840708,32.63793103448276,30.14655172413793,27.59090504424779
26939,2024-03-14 04:00:00,Asia/Bangkok,83.75598245614036,33.52586206896552,30.69827586206896,27.38151307017542
26940,2024-03-14 05:00:00,Asia/Bangkok,84.41623598214287,34.21551724137931,31.00862068965517,27.40475196428572
26941,2024-03-14 06:00:00,Asia/Bangkok,84.43900965517244,34.92307692307692,31.50427350427351,27.36165508620688
26942,2024-03-14 07:00:00,Asia/Bangkok,85.254517826087,36.26724137931034,32.18965517241379,27.13370730434781
26943,2024-03-14 08:00:00,Asia/Bangkok,85.76456464912286,39.68695652173913,34.23275862068966,27.1038443859649
26944,2024-03-14 09:00:00,Asia/Bangkok,81.28885634782608,20.23931623931624,19.14529914529914,28.79782230088495
26945,2024-03-14 10:00:00,Asia/Bangkok,73.33333324561403,14.93965517241379,13.38793103448276,31.34249929824563
26946,2024-03-14 11:00:00,Asia/Bangkok,66.7218296460177,11.61206896551724,10.76724137931035,33.29744548672567
26947,2024-03-14 12:00:00,Asia/Bangkok,62.12596379310347,18.52991452991453,16.96581196581197,34.56208017241379
26948,2024-03-14 13:00:00,Asia/Bangkok,59.60495149122809,16.97413793103448,15.81034482758621,35.0605098245614
26949,2024-03-14 14:00:00,Asia/Bangkok,61.61528194690265,13.60344827586207,12.5948275862069,34.74729088495577
26950,2024-03-14 15:00:00,Asia/Bangkok,59.37370557522124,10.95689655172414,10.05172413793103,35.44136371681415
26951,2024-03-14 16:00:00,Asia/Bangkok,60.81683026548671,10.73275862068965,10.03448275862069,34.6078685840708
26952,2024-03-14 17:00:00,Asia/Bangkok,63.59486451327433,10.11965811965812,9.512820512820513,33.68669884955753
26953,2024-03-14 18:00:00,Asia/Bangkok,68.77274929203543,9.486956521739131,8.843478260869565,32.45650469026546
26954,2024-03-14 19:00:00,Asia/Bangkok,74.09901106194691,10.47008547008547,9.560344827586206,30.9377710619469
26955,2024-03-14 20:00:00,Asia/Bangkok,76.22802350877191,21.24137931034483,19.48717948717949,30.61476421052632
26956,2024-03-14 21:00:00,Asia/Bangkok,78.95549198275862,32.41379310344828,28.89655172413793,29.93014129310342
26957,2024-03-14 22:00:00,Asia/Bangkok,81.19863589285717,51.28205128205128,43.35897435897436,29.415978018018
26958,2024-03-14 23:00:00,Asia/Bangkok,81.58116008928575,33.92173913043478,30.48695652173913,29.32490669642853
26959,2024-03-15 00:00:00,Asia/Bangkok,82.01552973684207,30.81034482758621,28.50862068965517,29.01448728070175
26960,2024-03-15 01:00:00,Asia/Bangkok,83.26308784482757,32.53448275862069,29.50862068965517,28.49709603448274
26961,2024-03-15 02:00:00,Asia/Bangkok,84.19095807017543,30.77777777777778,28.34188034188034,28.15536754385964
26962,2024-03-15 03:00:00,Asia/Bangkok,85.29433043859648,28.5,26.62068965517241,27.7546589473684
26963,2024-03-15 04:00:00,Asia/Bangkok,85.97098018018019,27.14782608695652,25.49137931034483,27.50895495495495
26964,2024-03-15 05:00:00,Asia/Bangkok,86.36724417391302,26.18965517241379,24.68103448275862,27.25909739130436
26965,2024-03-15 06:00:00,Asia/Bangkok,87.44440850877197,25.86206896551724,24.43103448275862,26.83850061403508
26966,2024-03-15 07:00:00,Asia/Bangkok,88.1998236363636,26.42982456140351,24.91228070175439,26.55505636363635
26967,2024-03-15 08:00:00,Asia/Bangkok,88.93952187499998,25.19827586206896,23.70689655172414,26.81665892857142
26968,2024-03-15 09:00:00,Asia/Bangkok,86.58754387931037,15.21551724137931,14.05172413793103,28.58146344827587
26969,2024-03-15 10:00:00,Asia/Bangkok,79.17761791304348,13.18260869565217,12.16521739130435,30.0494983478261
26970,2024-03-15 11:00:00,Asia/Bangkok,70.47835815789473,13.17241379310345,12.47413793103448,32.00220956140351
26971,2024-03-15 12:00:00,Asia/Bangkok,63.48234697247705,15.45689655172414,14.57758620689655,33.94156099099099
26972,2024-03-15 13:00:00,Asia/Bangkok,64.21107895652175,16.12931034482759,15.02586206896552,34.0191864347826
26973,2024-03-15 14:00:00,Asia/Bangkok,62.54948557522125,15.41592920353982,14.51327433628319,34.41265026548673
26974,2024-03-15 15:00:00,Asia/Bangkok,62.35765315789477,14.93103448275862,13.81896551724138,34.44059622807018
26975,2024-03-15 16:00:00,Asia/Bangkok,62.74165089285716,13.86086956521739,13.02608695652174,34.14015473214284
26976,2024-03-15 17:00:00,Asia/Bangkok,65.25529870689655,17.49137931034483,16.31896551724138,33.49822956896549
26977,2024-03-15 18:00:00,Asia/Bangkok,67.25969860869564,15.64655172413793,14.67241379310345,32.45431413793103
26978,2024-03-15 19:00:00,Asia/Bangkok,71.52534531531529,20.23076923076923,18.45299145299145,31.36521281818179
26979,2024-03-15 20:00:00,Asia/Bangkok,74.80593448275864,38.19827586206897,32.81896551724138,30.72612974137932
26980,2024-03-15 21:00:00,Asia/Bangkok,77.19296017699116,46.62931034482759,38.5,30.20656794642856
26981,2024-03-15 22:00:00,Asia/Bangkok,79.15137157894732,30.52586206896552,27.75862068965517,29.70591640350878
26982,2024-03-15 23:00:00,Asia/Bangkok,81.96944441441441,30.97413793103448,28.50862068965517,28.79362387387387
26983,2024-03-16 00:00:00,Asia/Bangkok,83.77483598214282,31.36206896551724,29.00862068965517,28.22439803571427
26984,2024-03-16 01:00:00,Asia/Bangkok,84.689981754386,34.22413793103448,30.92241379310345,27.83262991150443
26985,2024-03-16 02:00:00,Asia/Bangkok,85.54763547826091,33.19827586206897,30.37068965517241,27.50560399999999
26986,2024-03-16 03:00:00,Asia/Bangkok,85.77408140350872,33.4017094017094,30.44444444444444,27.32583219298247
26987,2024-03-16 04:00:00,Asia/Bangkok,86.36689544642857,37.68695652173913,33.11206896551724,26.97804117117118
26988,2024-03-16 05:00:00,Asia/Bangkok,87.84360223214287,33.56034482758621,30.66086956521739,26.50644749999999
26989,2024-03-16 06:00:00,Asia/Bangkok,88.00980666666672,32.48275862068966,29.99145299145299,26.31125351351353
26990,2024-03-16 07:00:00,Asia/Bangkok,88.68425570175437,32.10344827586207,29.75862068965517,26.02231368421051
26991,2024-03-16 08:00:00,Asia/Bangkok,89.92031972727276,37.19827586206897,32.8448275862069,26.42267900000001
26992,2024-03-16 09:00:00,Asia/Bangkok,86.13428495652178,32.51724137931034,29.18103448275862,28.46594713043478
26993,2024-03-16 10:00:00,Asia/Bangkok,75.81028365217391,18.06896551724138,16.95689655172414,30.69253660869564
26994,2024-03-16 11:00:00,Asia/Bangkok,67.4210244736842,17.02631578947368,16.07894736842105,32.17763236842104
26995,2024-03-16 12:00:00,Asia/Bangkok,57.60278070796464,13.01739130434783,12.30434782608696,33.77219628318584
26996,2024-03-16 13:00:00,Asia/Bangkok,50.38449879629631,11.11206896551724,10.56034482758621,34.53992305555557
26997,2024-03-16 14:00:00,Asia/Bangkok,47.96738327433625,9.427350427350428,8.905982905982906,35.21758491071429
26998,2024-03-16 15:00:00,Asia/Bangkok,46.39936371681416,7.741379310344827,7.206896551724138,35.56531079646019
26999,2024-03-16 16:00:00,Asia/Bangkok,45.46841868421052,6.293103448275862,5.956896551724138,35.11031114035087
27000,2024-03-16 17:00:00,Asia/Bangkok,45.76710500000003,31.40350877192983,27.92982456140351,34.36944807339449
27001,2024-03-16 18:00:00,Asia/Bangkok,50.3474607826087,10.82608695652174,9.97391304347826,32.88427321739132
27002,2024-03-16 19:00:00,Asia/Bangkok,57.76803333333334,44.73275862068966,37.69827586206897,30.93637725663718
27003,2024-03-16 20:00:00,Asia/Bangkok,65.72020939130431,24.26086956521739,21.33913043478261,29.56036452173912
27004,2024-03-16 21:00:00,Asia/Bangkok,71.38283902654868,14.30434782608696,13.11206896551724,28.62240778761063
27005,2024-03-16 22:00:00,Asia/Bangkok,73.52341284482763,16.91379310344828,15.62931034482759,28.62986008695654
27006,2024-03-16 23:00:00,Asia/Bangkok,76.53335419642858,21.37068965517241,19.81034482758621,28.06167633928573
27007,2024-03-17 00:00:00,Asia/Bangkok,79.4665501754386,23.12931034482759,21.61206896551724,27.53639219298245
27008,2024-03-17 01:00:00,Asia/Bangkok,79.8037461403509,24.77586206896552,23.03448275862069,27.46982087719298
27009,2024-03-17 02:00:00,Asia/Bangkok,79.50953725663717,27.75,25.80172413793104,27.33356247787608
27010,2024-03-17 03:00:00,Asia/Bangkok,81.16695558558563,36.28318584070797,32.08849557522124,26.95056729729732
27011,2024-03-17 04:00:00,Asia/Bangkok,82.48663175438598,39.23076923076923,33.91379310344828,26.64710385964911
27012,2024-03-17 05:00:00,Asia/Bangkok,83.40939521739126,28.57758620689655,26.69230769230769,26.50344165217392
27013,2024-03-17 06:00:00,Asia/Bangkok,84.9459991891892,28.81034482758621,27.07758620689655,26.11814567567567
27014,2024-03-17 07:00:00,Asia/Bangkok,86.01351350877194,29.89655172413793,27.55172413793104,25.8742998245614
27015,2024-03-17 08:00:00,Asia/Bangkok,88.2980813913044,39.36206896551724,34.4051724137931,26.06411695652174
27016,2024-03-17 09:00:00,Asia/Bangkok,82.21775878260868,26.74137931034483,24.18965517241379,28.56818695652174
27017,2024-03-17 10:00:00,Asia/Bangkok,73.72369076923076,24.23931623931624,22.52136752136752,30.93563794871796
27018,2024-03-17 11:00:00,Asia/Bangkok,68.22308710526316,18.11206896551724,17.32758620689655,32.23586473684212
27019,2024-03-17 12:00:00,Asia/Bangkok,61.81689035398231,16.23275862068965,15.64957264957265,33.6869380357143
27020,2024-03-17 13:00:00,Asia/Bangkok,56.8974120175439,9.698275862068966,9.224137931034482,34.76747745614034
27021,2024-03-17 14:00:00,Asia/Bangkok,55.65895654867258,9.017241379310345,8.46551724137931,35.29745079646017
27022,2024-03-17 15:00:00,Asia/Bangkok,57.48452324561402,9.136752136752136,8.64102564102564,34.8392251754386
27023,2024-03-17 16:00:00,Asia/Bangkok,57.11619526785713,8.163793103448276,7.732758620689655,34.44926928571429
27024,2024-03-17 17:00:00,Asia/Bangkok,58.29945628318583,9.370689655172415,8.836206896551724,33.8035549557522
27025,2024-03-17 18:00:00,Asia/Bangkok,64.58472547826088,15.93965517241379,15.17241379310345,32.22669852173915
27026,2024-03-17 19:00:00,Asia/Bangkok,71.22268752212389,27.04273504273504,24.91452991452991,30.78931902654867
27027,2024-03-17 20:00:00,Asia/Bangkok,74.2932617699115,29.17241379310345,27.37931034482759,29.87939929203541
27028,2024-03-17 21:00:00,Asia/Bangkok,77.8939303539823,30.97413793103448,28.17241379310345,29.22736362831855
27029,2024-03-17 22:00:00,Asia/Bangkok,79.58198217391303,41.54700854700855,35.23076923076923,28.79915852173914
27030,2024-03-17 23:00:00,Asia/Bangkok,82.50310478632476,41.62393162393163,35.63247863247863,27.94646897435899
27031,2024-03-18 00:00:00,Asia/Bangkok,83.06536417391305,37.87068965517241,33.12931034482759,27.80828252173912
27032,2024-03-18 01:00:00,Asia/Bangkok,84.37322348214283,42.60869565217391,35.90434782608695,27.19446214285714
27033,2024-03-18 02:00:00,Asia/Bangkok,85.42796991150439,44.77118644067797,37.61016949152543,26.65017097345132
27034,2024-03-18 03:00:00,Asia/Bangkok,85.67065752212389,45.53043478260869,38.3304347826087,26.30829619469026
27035,2024-03-18 04:00:00,Asia/Bangkok,85.86586619469026,45.06956521739131,37.93913043478261,26.10837407079646
27036,2024-03-18 05:00:00,Asia/Bangkok,86.74782973913044,46.14159292035398,38.58407079646017,25.65056460869566
27037,2024-03-18 06:00:00,Asia/Bangkok,87.39153605263154,45.39130434782609,38.05217391304348,25.22578333333334
27038,2024-03-18 07:00:00,Asia/Bangkok,87.97816692982455,45.08695652173913,37.65217391304348,24.92846043859651
27039,2024-03-18 08:00:00,Asia/Bangkok,89.45798385964916,51.16379310344828,42.0948275862069,25.53102114035087
27040,2024-03-18 09:00:00,Asia/Bangkok,85.55246061946903,29.28448275862069,27.10344827586207,27.67926212389381
27041,2024-03-18 10:00:00,Asia/Bangkok,78.91644842105259,18.43965517241379,17.44827586206896,29.62458850877194
27042,2024-03-18 11:00:00,Asia/Bangkok,68.65101660869567,15.0,14.2991452991453,31.89594895652175
27043,2024-03-18 12:00:00,Asia/Bangkok,60.33806052173911,11.43965517241379,10.81896551724138,33.44643617391304
27044,2024-03-18 13:00:00,Asia/Bangkok,58.05156009009013,9.82905982905983,9.350427350427351,33.83643108108109
27045,2024-03-18 14:00:00,Asia/Bangkok,54.53868912280702,7.860869565217391,7.412280701754386,34.52023771929824
27046,2024-03-18 15:00:00,Asia/Bangkok,54.38134666666668,6.655172413793103,6.273504273504273,34.57301254385963
27047,2024-03-18 16:00:00,Asia/Bangkok,56.33751115044245,6.241379310344827,5.870689655172414,33.92686151785714
27048,2024-03-18 17:00:00,Asia/Bangkok,57.10414060344826,5.905172413793103,5.551724137931035,33.35822051282049
27049,2024-03-18 18:00:00,Asia/Bangkok,62.57045469565215,8.017094017094017,7.504273504273504,32.06545377192982
27050,2024-03-18 19:00:00,Asia/Bangkok,67.99931902654865,14.27586206896552,13.49137931034483,30.80815548672569
27051,2024-03-18 20:00:00,Asia/Bangkok,72.85872330357141,24.52586206896552,22.33620689655172,29.84171116071429
27052,2024-03-18 21:00:00,Asia/Bangkok,75.52523776785709,48.41880341880342,40.82051282051282,29.25876495495496
27053,2024-03-18 22:00:00,Asia/Bangkok,78.74739330434782,36.69827586206897,32.56034482758621,28.5307316521739
27054,2024-03-18 23:00:00,Asia/Bangkok,80.96102311926602,37.93103448275862,33.25862068965517,27.90269781818182
27055,2024-03-19 00:00:00,Asia/Bangkok,81.7372101818182,42.41880341880342,35.78632478632478,27.64404339449541
27056,2024-03-19 01:00:00,Asia/Bangkok,83.09668324561403,44.31304347826087,37.22608695652174,26.98433482456141
27057,2024-03-19 02:00:00,Asia/Bangkok,84.06351808695649,42.29059829059829,35.76923076923077,26.57352286956522
27058,2024-03-19 03:00:00,Asia/Bangkok,84.59770657894738,35.41379310344828,31.92241379310345,26.43190526315788
27059,2024-03-19 04:00:00,Asia/Bangkok,85.28749113043479,32.31896551724138,30.04310344827586,26.05299260869565
27060,2024-03-19 05:00:00,Asia/Bangkok,86.30039714285716,29.77391304347826,28.2695652173913,25.6510641071429
27061,2024-03-19 06:00:00,Asia/Bangkok,87.53024817391307,34.96581196581197,31.57264957264957,25.18596939130436
27062,2024-03-19 07:00:00,Asia/Bangkok,87.36729999999999,36.5948275862069,33.23275862068966,25.10767035714285
27063,2024-03-19 08:00:00,Asia/Bangkok,88.71057909909912,48.88793103448276,42.37931034482759,25.58783468468469
27064,2024-03-19 09:00:00,Asia/Bangkok,82.65963389380529,26.98260869565217,24.46956521739131,27.96423026548673
27065,2024-03-19 10:00:00,Asia/Bangkok,72.34233286956523,12.26724137931035,11.70689655172414,30.47610113043478
27066,2024-03-19 11:00:00,Asia/Bangkok,63.87392310344826,9.775862068965518,9.241379310344827,32.08659051724139
27067,2024-03-19 12:00:00,Asia/Bangkok,58.2785304347826,10.19827586206897,9.64655172413793,33.42498095652174
27068,2024-03-19 13:00:00,Asia/Bangkok,54.83661456140351,9.852173913043478,9.452173913043477,33.95942307017545
27069,2024-03-19 14:00:00,Asia/Bangkok,54.37069945945945,9.741379310344827,9.163793103448276,34.46570854545453
27070,2024-03-19 15:00:00,Asia/Bangkok,54.76759891891891,10.5948275862069,9.956896551724139,33.92854630630632
27071,2024-03-19 16:00:00,Asia/Bangkok,56.10117017857145,27.06086956521739,24.09565217391305,33.82267125
27072,2024-03-19 17:00:00,Asia/Bangkok,58.64011377192985,29.18965517241379,26.27586206896552,32.79525263157897
27073,2024-03-19 18:00:00,Asia/Bangkok,61.99950954954955,23.95726495726496,22.56410256410257,31.7405345045045
27074,2024-03-19 19:00:00,Asia/Bangkok,67.46899649122805,27.18260869565217,25.15652173913044,30.20690596491227
27075,2024-03-19 20:00:00,Asia/Bangkok,70.96163777777781,43.11111111111111,36.52586206896552,29.74200555555559
27076,2024-03-19 21:00:00,Asia/Bangkok,73.81302106194687,54.75862068965517,46.37606837606837,29.24529776785714
27077,2024-03-19 22:00:00,Asia/Bangkok,76.4605953982301,52.35344827586207,43.52586206896552,28.43255539823007
27078,2024-03-19 23:00:00,Asia/Bangkok,78.43860784482759,41.56896551724138,35.51724137931034,27.79834517241381
27079,2024-03-20 00:00:00,Asia/Bangkok,80.08202128205131,37.7948717948718,33.39316239316239,27.27059940170944
27080,2024-03-20 01:00:00,Asia/Bangkok,81.70597236842107,40.04310344827586,34.68103448275862,26.71861561403507
27081,2024-03-20 02:00:00,Asia/Bangkok,83.34505456896552,39.73275862068966,34.5,26.07874387931036
27082,2024-03-20 03:00:00,Asia/Bangkok,83.76172557522126,41.77777777777778,35.85470085470085,26.047530625
27083,2024-03-20 04:00:00,Asia/Bangkok,84.01974981981982,43.8421052631579,37.14782608695652,25.85053675675679
27084,2024-03-20 05:00:00,Asia/Bangkok,84.78091441441438,38.87068965517241,34.1551724137931,25.5074371171171
27085,2024-03-20 06:00:00,Asia/Bangkok,85.7352304347826,37.48275862068966,33.4051724137931,25.18446113043479
27086,2024-03-20 07:00:00,Asia/Bangkok,86.11849201754389,37.97413793103448,33.54310344827586,25.08381017543859
27087,2024-03-20 08:00:00,Asia/Bangkok,87.19296387387388,83.12931034482759,76.15517241379311,25.5091350909091
27088,2024-03-20 09:00:00,Asia/Bangkok,81.77586350427352,40.88888888888889,37.11965811965812,27.85471897435897
27089,2024-03-20 10:00:00,Asia/Bangkok,70.7353922413793,12.1551724137931,11.46551724137931,30.24125655172413
27090,2024-03-20 11:00:00,Asia/Bangkok,62.66572465517242,14.31896551724138,13.55172413793103,31.6967000862069
27091,2024-03-20 12:00:00,Asia/Bangkok,58.75517785714283,16.07826086956522,15.29565217391304,32.62514758928572
27092,2024-03-20 13:00:00,Asia/Bangkok,54.84490999999998,15.18103448275862,14.62931034482759,33.46715267241379
27093,2024-03-20 14:00:00,Asia/Bangkok,52.97641747826088,14.04273504273504,13.56410256410256,33.92103626086956
27094,2024-03-20 15:00:00,Asia/Bangkok,52.28633607476634,11.35344827586207,10.92241379310345,33.51685233644859
27095,2024-03-20 16:00:00,Asia/Bangkok,53.04086008620691,11.11206896551724,10.64655172413793,33.4968027586207
27096,2024-03-20 17:00:00,Asia/Bangkok,56.70795362831857,38.89655172413793,34.5,32.6917283185841
27097,2024-03-20 18:00:00,Asia/Bangkok,63.78935575221241,24.99130434782609,23.97391304347826,31.40803238938051
27098,2024-03-20 19:00:00,Asia/Bangkok,68.67464826086956,27.80172413793104,26.56896551724138,30.04736347826084
27099,2024-03-20 20:00:00,Asia/Bangkok,70.10889026086957,41.32758620689656,35.89655172413793,30.05068243478263
27100,2024-03-20 21:00:00,Asia/Bangkok,73.63277219298246,61.00869565217391,48.95652173913044,29.23441491228072
27101,2024-03-20 22:00:00,Asia/Bangkok,77.1521753043478,60.76724137931034,49.13793103448276,28.43596913043476
27102,2024-03-20 23:00:00,Asia/Bangkok,79.92458586206898,51.25862068965517,42.39655172413793,27.71864663793102
27103,2024-03-21 00:00:00,Asia/Bangkok,82.53137885964911,52.23076923076923,43.33333333333334,27.03160141592918
27104,2024-03-21 01:00:00,Asia/Bangkok,83.52818446428577,53.91379310344828,44.28448275862069,26.67384544642857
27105,2024-03-21 02:00:00,Asia/Bangkok,84.19399070796452,50.71551724137931,42.12931034482759,26.34743132743362
27106,2024-03-21 03:00:00,Asia/Bangkok,84.19580368421053,50.02586206896552,41.54310344827586,26.1772860526316
27107,2024-03-21 04:00:00,Asia/Bangkok,85.05181008695655,45.87931034482759,38.52586206896552,25.7244050434783
27108,2024-03-21 05:00:00,Asia/Bangkok,86.041864122807,41.5,35.51724137931034,25.2047006140351
27109,2024-03-21 06:00:00,Asia/Bangkok,86.62460859649127,38.26495726495727,33.55555555555556,25.01292938596491
27110,2024-03-21 07:00:00,Asia/Bangkok,86.51069226086959,36.42241379310344,32.3448275862069,24.97545504347828
27111,2024-03-21 08:00:00,Asia/Bangkok,88.10029826086952,56.06034482758621,47.04310344827586,25.35304130434783
27112,2024-03-21 09:00:00,Asia/Bangkok,83.84143886956525,28.86324786324786,26.28205128205128,27.56284295652174
27113,2024-03-21 10:00:00,Asia/Bangkok,74.91583930434783,20.44827586206896,19.04310344827586,29.84290800000001
27114,2024-03-21 11:00:00,Asia/Bangkok,70.94002939130431,21.30172413793104,19.80172413793104,30.81065799999999
27115,2024-03-21 12:00:00,Asia/Bangkok,60.92984514018691,19.0,17.99130434782609,32.4837085046729
27116,2024-03-21 13:00:00,Asia/Bangkok,60.71050824561404,18.68965517241379,17.76724137931035,33.01000263157895
27117,2024-03-21 14:00:00,Asia/Bangkok,59.08547185840705,19.86206896551724,18.75,33.82309778761064
27118,2024-03-21 15:00:00,Asia/Bangkok,56.44574499999998,19.47413793103448,18.24137931034483,33.91237734513275
27119,2024-03-21 16:00:00,Asia/Bangkok,55.55777060344828,17.90598290598291,16.88888888888889,33.7439926724138
27120,2024-03-21 17:00:00,Asia/Bangkok,58.30231929203541,19.38260869565217,18.47826086956522,32.82718371681415
27121,2024-03-21 18:00:00,Asia/Bangkok,63.4287687826087,81.51724137931035,71.65517241379311,31.61340643478258
27122,2024-03-21 19:00:00,Asia/Bangkok,69.21692301724137,65.95726495726495,56.29059829059829,30.32102077586206
27123,2024-03-21 20:00:00,Asia/Bangkok,72.6702162608696,55.37931034482759,45.85344827586207,29.75497660869566
27124,2024-03-21 21:00:00,Asia/Bangkok,75.49425140350881,49.67241379310344,40.92241379310344,29.29777771929826
27125,2024-03-21 22:00:00,Asia/Bangkok,78.64520026315793,52.36206896551724,43.44827586206897,28.60608147826089
27126,2024-03-21 23:00:00,Asia/Bangkok,79.48521896551726,46.72649572649573,38.84615384615385,28.27625982608696
27127,2024-03-22 00:00:00,Asia/Bangkok,80.52818422413793,49.47413793103448,41.10344827586207,27.92421870689654
27128,2024-03-22 01:00:00,Asia/Bangkok,82.32060436363635,48.60344827586207,40.55172413793103,27.39628090909089
27129,2024-03-22 02:00:00,Asia/Bangkok,83.7754295614035,46.84615384615385,39.11965811965812,26.88190473684212
27130,2024-03-22 03:00:00,Asia/Bangkok,83.66603955752208,47.62931034482759,39.20689655172414,26.71341513513512
27131,2024-03-22 04:00:00,Asia/Bangkok,85.60756738738738,48.76315789473684,40.59649122807018,26.17819171171171
27132,2024-03-22 05:00:00,Asia/Bangkok,86.46897599999997,57.14655172413793,46.37068965517241,25.88947591304348
27133,2024-03-22 06:00:00,Asia/Bangkok,86.49263247787613,59.40869565217391,49.21739130434783,25.7584475221239
27134,2024-03-22 07:00:00,Asia/Bangkok,87.96023922413795,48.19827586206897,40.00862068965517,25.31429646551723
27135,2024-03-22 08:00:00,Asia/Bangkok,88.78639991228066,44.70689655172414,37.54310344827586,25.80700307017543
27136,2024-03-22 09:00:00,Asia/Bangkok,84.37644,40.04347826086956,34.49565217391304,27.90704209090908
27137,2024-03-22 10:00:00,Asia/Bangkok,74.5541088495575,24.70689655172414,22.56034482758621,30.34386675438597
27138,2024-03-22 11:00:00,Asia/Bangkok,69.82551043478261,21.33333333333333,19.92307692307692,31.52185526315789
27139,2024-03-22 12:00:00,Asia/Bangkok,65.26788545454542,17.63478260869565,16.33913043478261,32.4461271171171
27140,2024-03-22 13:00:00,Asia/Bangkok,60.31235552631577,13.01709401709402,11.85470085470086,33.80777701754386
27141,2024-03-22 14:00:00,Asia/Bangkok,59.27688389380531,11.71304347826087,10.88695652173913,33.78490982300887
27142,2024-03-22 15:00:00,Asia/Bangkok,57.43401146551724,10.27586206896552,9.39655172413793,34.20636547826088
27143,2024-03-22 16:00:00,Asia/Bangkok,56.79159310344829,10.05172413793103,9.094827586206897,34.18241068965517
27144,2024-03-22 17:00:00,Asia/Bangkok,59.04455374999997,9.623931623931623,8.76923076923077,33.60840223214284
27145,2024-03-22 18:00:00,Asia/Bangkok,65.30996756521739,12.10344827586207,10.85344827586207,32.00867499999999
27146,2024-03-22 19:00:00,Asia/Bangkok,69.13978295652174,18.51724137931035,17.12068965517241,30.60227921739131
27147,2024-03-22 20:00:00,Asia/Bangkok,74.23825982608697,28.07758620689655,25.75,29.55024069565215
27148,2024-03-22 21:00:00,Asia/Bangkok,77.95898724137929,38.62393162393163,33.05982905982906,29.14777887931037
27149,2024-03-22 22:00:00,Asia/Bangkok,80.96465428571426,29.19827586206896,26.61206896551724,28.47011785714287
27150,2024-03-22 23:00:00,Asia/Bangkok,81.70552885964909,27.57264957264957,25.61206896551724,28.30293763157895
27151,2024-03-23 00:00:00,Asia/Bangkok,81.57563903508772,26.26724137931035,24.36752136752137,28.18149309734512
27152,2024-03-23 01:00:00,Asia/Bangkok,81.39873700000004,32.1304347826087,29.5,28.10469290909089
27153,2024-03-23 02:00:00,Asia/Bangkok,82.48032044247786,33.6551724137931,30.31896551724138,27.72073637168143
27154,2024-03-23 03:00:00,Asia/Bangkok,82.88317912280702,31.33620689655172,28.93103448275862,27.57834570175438
27155,2024-03-23 04:00:00,Asia/Bangkok,84.72519300884956,40.80869565217391,34.4,26.85644699115044
27156,2024-03-23 05:00:00,Asia/Bangkok,87.58117921052633,36.63247863247863,32.17948717948718,26.04997807017545
27157,2024-03-23 06:00:00,Asia/Bangkok,87.8128305172414,39.45299145299145,33.9059829059829,25.95119051724139
27158,2024-03-23 07:00:00,Asia/Bangkok,87.78202184210524,50.88793103448276,42.36206896551724,25.9359745614035
27159,2024-03-23 08:00:00,Asia/Bangkok,88.5109733333333,34.28448275862069,30.68103448275862,26.51102920353984
27160,2024-03-23 09:00:00,Asia/Bangkok,83.25406517241382,28.95689655172414,25.81896551724138,28.65841939655172
27161,2024-03-23 10:00:00,Asia/Bangkok,76.48066465517242,14.79310344827586,14.03418803418803,30.52670500000002
27162,2024-03-23 11:00:00,Asia/Bangkok,71.36641774774779,17.66086956521739,16.66956521739131,31.84334790909089
27163,2024-03-23 12:00:00,Asia/Bangkok,67.17450849557522,15.65811965811966,14.77777777777778,32.94106079646018
27164,2024-03-23 13:00:00,Asia/Bangkok,59.39525716814158,13.66379310344828,12.98275862068965,34.4514271681416
27165,2024-03-23 14:00:00,Asia/Bangkok,55.25337333333331,12.13913043478261,11.5,35.38235614035087
27166,2024-03-23 15:00:00,Asia/Bangkok,57.9194599090909,13.78260869565217,13.03478260869565,35.30783472727271
27167,2024-03-23 16:00:00,Asia/Bangkok,61.52753301724138,15.26724137931035,14.50862068965517,34.30855782608697
27168,2024-03-23 17:00:00,Asia/Bangkok,63.17537535087713,15.04347826086956,14.15652173913043,33.52104359649123
27169,2024-03-23 18:00:00,Asia/Bangkok,67.8273742608696,38.44827586206897,33.00862068965517,32.31175434782608
27170,2024-03-23 19:00:00,Asia/Bangkok,72.72138026086958,48.27586206896552,41.54310344827586,30.99575412280701
27171,2024-03-23 20:00:00,Asia/Bangkok,76.12634238938054,37.02586206896552,32.69827586206897,30.32518017857142
27172,2024-03-23 21:00:00,Asia/Bangkok,77.53561247787609,39.20689655172414,33.81034482758621,29.91498849557523
27173,2024-03-23 22:00:00,Asia/Bangkok,80.08809241071428,40.75652173913043,34.94782608695652,29.20328723214288
27174,2024-03-23 23:00:00,Asia/Bangkok,82.28589561403507,44.5982905982906,37.23076923076923,28.74209464912281
27175,2024-03-24 00:00:00,Asia/Bangkok,83.5281943362832,44.1551724137931,37.05172413793103,28.56491097345129
27176,2024-03-24 01:00:00,Asia/Bangkok,84.78108534482759,47.37068965517241,39.58620689655172,28.03770749999999
27177,2024-03-24 02:00:00,Asia/Bangkok,86.05048566371681,47.23931623931624,39.22222222222222,27.66232176991153
27178,2024-03-24 03:00:00,Asia/Bangkok,86.15399172727273,44.99137931034483,37.67241379310344,27.47986199999999
27179,2024-03-24 04:00:00,Asia/Bangkok,86.6726350434783,40.60344827586207,34.98275862068966,27.21693394736842
27180,2024-03-24 05:00:00,Asia/Bangkok,87.23361724137936,37.23931623931624,33.01709401709402,27.00653052173913
27181,2024-03-24 06:00:00,Asia/Bangkok,87.80890690265483,36.10344827586207,32.20689655172414,26.67277482142859
27182,2024-03-24 07:00:00,Asia/Bangkok,89.79406853448278,38.31896551724138,33.6551724137931,26.26750793103448
27183,2024-03-24 08:00:00,Asia/Bangkok,91.0890337931035,46.6551724137931,38.68965517241379,26.54115260869564
27184,2024-03-24 09:00:00,Asia/Bangkok,88.4524681578947,46.24137931034483,39.19827586206897,28.13676929824562
27185,2024-03-24 10:00:00,Asia/Bangkok,79.22931495726496,23.94017094017094,22.8034188034188,30.32630068376067
27186,2024-03-24 11:00:00,Asia/Bangkok,70.72672196261679,17.4375,16.90178571428572,32.31028757009346
27187,2024-03-24 12:00:00,Asia/Bangkok,65.36806299999998,16.2843137254902,15.67647058823529,33.8923026
27188,2024-03-24 13:00:00,Asia/Bangkok,61.76283810344827,14.74137931034483,14.16379310344828,34.47322155172413
27189,2024-03-24 14:00:00,Asia/Bangkok,58.90236842105261,13.58620689655172,13.05172413793103,35.18945850877193
27190,2024-03-24 15:00:00,Asia/Bangkok,59.67632000000004,13.70434782608696,13.0695652173913,35.01009407079645
27191,2024-03-24 16:00:00,Asia/Bangkok,60.46250612068965,13.85470085470086,13.29059829059829,34.60123706896554
27192,2024-03-24 17:00:00,Asia/Bangkok,63.10484584070799,14.47413793103448,14.01724137931035,33.8201443362832
27193,2024-03-24 18:00:00,Asia/Bangkok,68.03574486486488,22.46086956521739,21.02608695652174,32.72209017857143
27194,2024-03-24 19:00:00,Asia/Bangkok,73.86179474137928,34.08547008547009,29.53846153846154,31.04553252173913
27195,2024-03-24 20:00:00,Asia/Bangkok,77.07579079646021,56.76724137931034,47.57758620689656,30.42024592920353
27196,2024-03-24 21:00:00,Asia/Bangkok,78.3466580357143,45.44827586206897,40.18103448275862,30.42984964285714
27197,2024-03-24 22:00:00,Asia/Bangkok,80.66957773913043,51.47008547008547,42.56410256410256,29.8988465217391
27198,2024-03-24 23:00:00,Asia/Bangkok,82.14580107142864,37.46551724137931,32.97413793103448,29.46264348214284
27199,2024-03-25 00:00:00,Asia/Bangkok,84.41764448275869,37.37606837606837,32.87068965517241,28.76187250000002
27200,2024-03-25 01:00:00,Asia/Bangkok,85.4171027927928,43.83478260869565,36.48275862068966,28.40553549549549
27201,2024-03-25 02:00:00,Asia/Bangkok,87.46724843478262,42.38260869565217,36.11304347826087,27.68686417391305
27202,2024-03-25 03:00:00,Asia/Bangkok,86.62740035714288,37.44827586206897,33.17241379310344,27.79722154545455
27203,2024-03-25 04:00:00,Asia/Bangkok,86.54380422413792,38.03448275862069,33.62068965517241,27.52559843478258
27204,2024-03-25 05:00:00,Asia/Bangkok,87.44741095652172,43.03448275862069,36.3448275862069,27.18530173913045
27205,2024-03-25 06:00:00,Asia/Bangkok,87.79363304347822,39.53448275862069,34.07758620689656,26.90905443478259
27206,2024-03-25 07:00:00,Asia/Bangkok,88.04214139130431,38.48717948717949,33.60683760683761,26.87719556521741
27207,2024-03-25 08:00:00,Asia/Bangkok,89.10992468468471,49.36206896551724,43.61206896551724,27.23715774774774
27208,2024-03-25 09:00:00,Asia/Bangkok,84.93438876106192,22.78448275862069,21.52586206896552,29.20850874999999
27209,2024-03-25 10:00:00,Asia/Bangkok,77.76974043478259,17.20689655172414,16.19827586206896,30.63654912280704
27210,2024-03-25 11:00:00,Asia/Bangkok,72.86948508620691,39.91379310344828,35.68965517241379,31.32124224137931
27211,2024-03-25 12:00:00,Asia/Bangkok,64.41148827586207,12.7008547008547,12.12820512820513,33.31314974137931
27212,2024-03-25 13:00:00,Asia/Bangkok,59.9350325225225,11.44347826086956,10.97391304347826,34.25098225225226
27213,2024-03-25 14:00:00,Asia/Bangkok,58.16847077586205,12.18965517241379,11.61206896551724,34.72876818965516
27214,2024-03-25 15:00:00,Asia/Bangkok,60.28292140350877,13.05128205128205,12.51282051282051,34.35404561403509
27215,2024-03-25 16:00:00,Asia/Bangkok,60.86015808695649,12.99137931034483,12.25862068965517,33.81972626086957
27216,2024-03-25 17:00:00,Asia/Bangkok,62.94454947368422,12.21551724137931,11.5,32.96477263157894
27217,2024-03-25 18:00:00,Asia/Bangkok,67.35719858407077,11.81896551724138,11.30172413793103,31.63274079646018
27218,2024-03-25 19:00:00,Asia/Bangkok,72.15838929203541,37.82051282051282,32.51282051282051,30.20414017699116
27219,2024-03-25 20:00:00,Asia/Bangkok,74.90459609090907,47.38793103448276,38.93965517241379,29.51669154545455
27220,2024-03-25 21:00:00,Asia/Bangkok,76.95831866071428,29.16379310344828,26.53448275862069,29.23528366071428
27221,2024-03-25 22:00:00,Asia/Bangkok,79.48093306306306,30.53448275862069,27.93103448275862,28.70961900900901
27222,2024-03-25 23:00:00,Asia/Bangkok,81.61090592920355,41.74358974358974,35.46153846153846,28.00849168141595
27223,2024-03-26 00:00:00,Asia/Bangkok,82.95343839285712,32.77391304347826,29.99130434782609,27.62329044642859
27224,2024-03-26 01:00:00,Asia/Bangkok,84.40565726495727,34.81196581196581,31.43589743589743,26.92868675213675
27225,2024-03-26 02:00:00,Asia/Bangkok,85.48451079646021,43.44827586206897,36.61206896551724,26.4699357522124
27226,2024-03-26 03:00:00,Asia/Bangkok,85.5583385087719,48.13157894736842,40.25438596491228,26.17487495575221
27227,2024-03-26 04:00:00,Asia/Bangkok,86.33782931623936,48.04273504273505,39.33620689655172,26.02853256410257
27228,2024-03-26 05:00:00,Asia/Bangkok,85.83494391304347,43.35344827586207,36.35042735042735,26.07646617391304
27229,2024-03-26 06:00:00,Asia/Bangkok,85.79751278260873,33.65811965811966,30.83760683760684,25.83655913043479
27230,2024-03-26 07:00:00,Asia/Bangkok,85.76430116071428,32.62068965517241,30.18103448275862,25.70964419642858
27231,2024-03-26 08:00:00,Asia/Bangkok,86.75136728070176,29.11965811965812,26.96581196581197,26.32785719298247
27232,2024-03-26 09:00:00,Asia/Bangkok,82.73170473214286,20.0695652173913,18.8695652173913,28.2891410909091
27233,2024-03-26 10:00:00,Asia/Bangkok,74.52885823008849,11.14655172413793,10.43965517241379,30.84586561403508
27234,2024-03-26 11:00:00,Asia/Bangkok,73.71181061946903,11.31034482758621,10.56521739130435,31.54755053571428
27235,2024-03-26 12:00:00,Asia/Bangkok,72.6483095652174,10.62068965517241,9.974137931034482,32.20505704347826
27236,2024-03-26 13:00:00,Asia/Bangkok,69.74624464912281,10.5,9.810344827586206,33.04839347826088
27237,2024-03-26 14:00:00,Asia/Bangkok,67.29964894736845,9.905172413793103,9.275862068965518,33.81770728070175
27238,2024-03-26 15:00:00,Asia/Bangkok,66.22106370689657,9.820512820512821,9.213675213675213,33.97388469565217
27239,2024-03-26 16:00:00,Asia/Bangkok,65.0904086607143,9.629310344827585,8.974137931034482,33.91470223214286
27240,2024-03-26 17:00:00,Asia/Bangkok,66.26547649122807,9.758620689655173,9.267241379310345,33.13963228070176
27241,2024-03-26 18:00:00,Asia/Bangkok,68.98603816513757,9.850877192982455,9.201754385964913,32.00096541284402
27242,2024-03-26 19:00:00,Asia/Bangkok,73.43889267857142,24.62068965517241,22.28448275862069,30.71710008928573
27243,2024-03-26 20:00:00,Asia/Bangkok,76.68660243478259,39.0948275862069,33.56034482758621,30.21108686956522
27244,2024-03-26 21:00:00,Asia/Bangkok,77.88283780701752,42.3304347826087,35.63478260869565,30.08460991228069
27245,2024-03-26 22:00:00,Asia/Bangkok,80.24564209090912,33.8695652173913,30.46086956521739,29.41774372727272
27246,2024-03-26 23:00:00,Asia/Bangkok,82.74440463636357,36.56034482758621,32.26724137931034,28.666409
27247,2024-03-27 00:00:00,Asia/Bangkok,83.33844072072078,40.2,34.76521739130435,28.36778473214283
27248,2024-03-27 01:00:00,Asia/Bangkok,84.94982789473684,47.42241379310344,39.56034482758621,27.85848247787611
27249,2024-03-27 02:00:00,Asia/Bangkok,86.45261201754386,44.56896551724138,37.25862068965517,27.4212870175438
27250,2024-03-27 03:00:00,Asia/Bangkok,86.41150051724135,37.88793103448276,33.18103448275862,27.41296577586207
27251,2024-03-27 04:00:00,Asia/Bangkok,86.55580238938052,36.36842105263158,32.44736842105263,27.32691973451327
27252,2024-03-27 05:00:00,Asia/Bangkok,87.85865909909907,33.32173913043479,30.57391304347826,26.90120351351353
27253,2024-03-27 06:00:00,Asia/Bangkok,89.20100798165132,31.38260869565217,28.95652173913043,26.48227770642202
27254,2024-03-27 07:00:00,Asia/Bangkok,89.02037600000001,36.0,31.66379310344828,26.36718713043478
27255,2024-03-27 08:00:00,Asia/Bangkok,89.59309945454547,43.19130434782609,35.91304347826087,26.97257309090908
27256,2024-03-27 09:00:00,Asia/Bangkok,84.59050000000003,18.87931034482759,17.77586206896552,29.071416875
27257,2024-03-27 10:00:00,Asia/Bangkok,76.15504417391303,10.14655172413793,9.508620689655173,30.87597573913042
27258,2024-03-27 11:00:00,Asia/Bangkok,65.00978241071431,5.626086956521739,5.330434782608696,32.82704437499998
27259,2024-03-27 12:00:00,Asia/Bangkok,63.14686946902653,4.275862068965517,3.887931034482758,33.59505699115045
27260,2024-03-27 13:00:00,Asia/Bangkok,62.02336071428572,3.895652173913044,3.434782608695652,34.14108963963965
27261,2024-03-27 14:00:00,Asia/Bangkok,60.98233333333333,3.198275862068965,2.905172413793104,34.43996350877191
27262,2024-03-27 15:00:00,Asia/Bangkok,59.76059548672564,3.582608695652174,3.234782608695652,34.57830486725663
27263,2024-03-27 16:00:00,Asia/Bangkok,60.31924301724136,3.814159292035398,3.47787610619469,34.64442206896553
27264,2024-03-27 17:00:00,Asia/Bangkok,62.45261571428569,3.887931034482758,3.431034482758621,33.7733416964286
27265,2024-03-27 18:00:00,Asia/Bangkok,66.59178964601769,5.068965517241379,4.577586206896552,32.60767150442481
27266,2024-03-27 19:00:00,Asia/Bangkok,71.46036894736841,6.370689655172414,5.78448275862069,31.39831692982458
27267,2024-03-27 20:00:00,Asia/Bangkok,75.23347380530974,7.931034482758621,7.301724137931035,30.57328292035398
27268,2024-03-27 21:00:00,Asia/Bangkok,78.59762646017695,12.10526315789474,11.10526315789474,29.98153345132742
27269,2024-03-27 22:00:00,Asia/Bangkok,80.89718894736843,14.81034482758621,13.86206896551724,29.49123561403507
27270,2024-03-27 23:00:00,Asia/Bangkok,82.40265324561403,33.18103448275862,29.61206896551724,29.15382619469025
27271,2024-03-28 00:00:00,Asia/Bangkok,83.60254817391304,24.68965517241379,22.93965517241379,28.78943208695652
27272,2024-03-28 01:00:00,Asia/Bangkok,83.52335939130431,22.42241379310345,21.20689655172414,28.70602391304347
27273,2024-03-28 02:00:00,Asia/Bangkok,84.78648117117119,28.06034482758621,26.43965517241379,28.17976018018017
27274,2024-03-28 03:00:00,Asia/Bangkok,86.4792794642857,25.79310344827586,24.3448275862069,27.6646800892857
27275,2024-03-28 04:00:00,Asia/Bangkok,87.69901451327434,30.99137931034483,28.23275862068965,27.32214663716811
27276,2024-03-28 05:00:00,Asia/Bangkok,88.5006135964912,24.39316239316239,22.95726495726496,27.1728479824561
27277,2024-03-28 06:00:00,Asia/Bangkok,88.10609035087718,25.99137931034483,24.36206896551724,27.36324245614034
27278,2024-03-28 07:00:00,Asia/Bangkok,88.8314453043479,32.22413793103448,29.37931034482759,27.18913426086958
27279,2024-03-28 08:00:00,Asia/Bangkok,89.89103043103447,54.86324786324786,44.64957264957265,27.34454784482762
27280,2024-03-28 09:00:00,Asia/Bangkok,87.77346295652173,26.07758620689655,23.68965517241379,28.5649595652174
27281,2024-03-28 10:00:00,Asia/Bangkok,81.42404801724136,32.44827586206897,28.41379310344828,30.16651017241379
27282,2024-03-28 11:00:00,Asia/Bangkok,75.52550735042739,35.23931623931624,31.25641025641026,31.36348196581196
27283,2024-03-28 12:00:00,Asia/Bangkok,69.62894256637169,17.25892857142857,16.4375,32.89323176991151
27284,2024-03-28 13:00:00,Asia/Bangkok,63.89147929824563,11.99115044247788,11.25663716814159,34.10701622807017
27285,2024-03-28 14:00:00,Asia/Bangkok,60.47992913043482,10.8448275862069,10.16379310344828,34.87393070796459
27286,2024-03-28 15:00:00,Asia/Bangkok,61.16718192982457,11.0,10.39316239316239,34.45982728070175
27287,2024-03-28 16:00:00,Asia/Bangkok,62.62164814159291,13.08620689655172,12.50862068965517,34.27119300884955
27288,2024-03-28 17:00:00,Asia/Bangkok,65.35873732142856,14.89655172413793,14.18103448275862,33.38247053097346
27289,2024-03-28 18:00:00,Asia/Bangkok,69.14526339130437,15.14655172413793,14.49137931034483,32.42957956140351
27290,2024-03-28 19:00:00,Asia/Bangkok,74.13171286956519,24.33620689655172,22.31034482758621,31.22725313043476
27291,2024-03-28 20:00:00,Asia/Bangkok,75.07197365217394,44.55555555555556,37.95726495726495,31.02658008771931
27292,2024-03-28 21:00:00,Asia/Bangkok,78.88464422413793,46.63247863247863,41.23076923076923,30.03253387931034
27293,2024-03-28 22:00:00,Asia/Bangkok,81.26007747747748,41.91379310344828,36.76724137931034,29.4807401801802
27294,2024-03-28 23:00:00,Asia/Bangkok,83.64938773913042,45.63793103448276,38.16379310344828,28.85275252173916
27295,2024-03-29 00:00:00,Asia/Bangkok,83.59914752136753,60.43103448275862,47.12931034482759,28.89121829059829
27296,2024-03-29 01:00:00,Asia/Bangkok,83.46290869565225,42.9059829059829,35.62393162393163,28.78269782608698
27297,2024-03-29 02:00:00,Asia/Bangkok,84.63739147826082,35.99137931034483,32.10344827586207,28.53465695652176
27298,2024-03-29 03:00:00,Asia/Bangkok,85.30941636363639,40.39655172413793,34.83620689655172,28.32578594594595
27299,2024-03-29 04:00:00,Asia/Bangkok,86.01674043859649,43.01709401709402,36.43589743589744,28.21434008849559
27300,2024-03-29 05:00:00,Asia/Bangkok,86.5231238938053,35.88793103448276,32.39655172413793,28.02288455357145
27301,2024-03-29 06:00:00,Asia/Bangkok,86.43034026315786,31.82758620689655,29.71551724137931,27.91505619469029
27302,2024-03-29 07:00:00,Asia/Bangkok,87.76159696428572,43.29310344827586,36.67241379310344,27.64262508928571
27303,2024-03-29 08:00:00,Asia/Bangkok,89.26434745454544,36.60176991150443,32.3716814159292,27.65994145454545
27304,2024-03-29 09:00:00,Asia/Bangkok,84.25474106194693,16.56034482758621,15.53448275862069,29.01467214285714
27305,2024-03-29 10:00:00,Asia/Bangkok,76.84294842105261,11.42982456140351,10.52631578947368,31.3702798245614
27306,2024-03-29 11:00:00,Asia/Bangkok,75.78545823008848,9.57391304347826,8.8,31.81491350877194
27307,2024-03-29 12:00:00,Asia/Bangkok,74.4442424137931,8.846153846153847,8.179487179487179,32.01564991304348
27308,2024-03-29 13:00:00,Asia/Bangkok,82.42298,12.08620689655172,10.99137931034483,30.54178917431191
27309,2024-03-29 14:00:00,Asia/Bangkok,73.98972587719295,10.32758620689655,9.508620689655173,32.79750175438597
27310,2024-03-29 15:00:00,Asia/Bangkok,68.1574075652174,7.530434782608696,6.834782608695652,33.41820121739133
27311,2024-03-29 16:00:00,Asia/Bangkok,66.02395695652173,6.232758620689655,5.681034482758621,33.32870868421051
27312,2024-03-29 17:00:00,Asia/Bangkok,72.15273141592922,7.427350427350428,6.965811965811966,31.83613513274333
27313,2024-03-29 18:00:00,Asia/Bangkok,75.40204504504501,9.051724137931034,8.293103448275861,31.15161765765766
27314,2024-03-29 19:00:00,Asia/Bangkok,77.13527612612617,10.95652173913044,10.28695652173913,30.62311198198199
27315,2024-03-29 20:00:00,Asia/Bangkok,78.83166426086959,27.67241379310345,24.63793103448276,30.44466147826088
27316,2024-03-29 21:00:00,Asia/Bangkok,80.1995268141593,31.26548672566372,28.51327433628319,30.28638333333333
27317,2024-03-29 22:00:00,Asia/Bangkok,82.30462939130439,36.27350427350427,32.15384615384615,29.78771132743364
27318,2024-03-29 23:00:00,Asia/Bangkok,83.85129360360355,29.35344827586207,27.18103448275862,29.32058972972971
27319,2024-03-30 00:00:00,Asia/Bangkok,85.15699690265491,38.51724137931034,33.37068965517241,28.81724761061947
27320,2024-03-30 01:00:00,Asia/Bangkok,85.92394584070797,32.87931034482759,30.02586206896552,28.61378221238939
27321,2024-03-30 02:00:00,Asia/Bangkok,86.23652678571428,26.96551724137931,25.37068965517241,28.55396937500002
27322,2024-03-30 03:00:00,Asia/Bangkok,86.77674504424783,26.46551724137931,24.91379310344828,28.33148168141592
27323,2024-03-30 04:00:00,Asia/Bangkok,87.33203885964912,24.4017094017094,23.0,28.17721938596489
27324,2024-03-30 05:00:00,Asia/Bangkok,88.72776955752212,24.27586206896552,22.8448275862069,27.67172353982299
27325,2024-03-30 06:00:00,Asia/Bangkok,89.38243842105263,26.08620689655172,24.61206896551724,27.46635429824564
27326,2024-03-30 07:00:00,Asia/Bangkok,89.43169584070795,23.95726495726496,22.52991452991453,27.42761477876108
27327,2024-03-30 08:00:00,Asia/Bangkok,89.77044387931036,27.21551724137931,25.03448275862069,28.01965974137931
27328,2024-03-30 09:00:00,Asia/Bangkok,84.1314967567568,18.26785714285714,16.90178571428572,30.08277536363637
27329,2024-03-30 10:00:00,Asia/Bangkok,79.45641034482753,11.21367521367521,10.57264957264957,31.15727060344827
27330,2024-03-30 11:00:00,Asia/Bangkok,75.88146876106194,13.39655172413793,12.48275862068965,31.89469300884955
27331,2024-03-30 12:00:00,Asia/Bangkok,77.35707017391307,7.629310344827586,7.043103448275862,30.61607286956523
27332,2024-03-30 13:00:00,Asia/Bangkok,79.05877580357146,8.706896551724139,8.112068965517242,30.95135098214286
27333,2024-03-30 14:00:00,Asia/Bangkok,89.96559781818185,12.64655172413793,11.56896551724138,27.67948199999999
27334,2024-03-30 15:00:00,Asia/Bangkok,90.49628568965518,11.22222222222222,10.30769230769231,28.60227439655172
27335,2024-03-30 16:00:00,Asia/Bangkok,88.34571776785708,8.862068965517242,8.35344827586207,29.24000419642858
27336,2024-03-30 17:00:00,Asia/Bangkok,85.23966745614031,12.63793103448276,11.9051724137931,29.90403675438598
27337,2024-03-30 18:00:00,Asia/Bangkok,83.93427184210529,19.25217391304348,17.60869565217391,29.95430298245614
27338,2024-03-30 19:00:00,Asia/Bangkok,87.48906267241378,58.50862068965517,48.03448275862069,29.27804827586208
27339,2024-03-30 20:00:00,Asia/Bangkok,89.6105902654867,47.64035087719298,40.07894736842105,28.82956035398231
27340,2024-03-30 21:00:00,Asia/Bangkok,91.046045840708,45.19130434782609,38.02608695652174,28.49796657894736
27341,2024-03-30 22:00:00,Asia/Bangkok,91.56782684210536,41.51724137931034,35.35344827586207,28.32708619469024
27342,2024-03-30 23:00:00,Asia/Bangkok,91.75618539823007,40.26724137931034,34.63793103448276,28.1206914159292
27343,2024-03-31 00:00:00,Asia/Bangkok,92.14227245614028,39.33333333333334,33.75213675213675,27.93736318584073
27344,2024-03-31 01:00:00,Asia/Bangkok,92.03872171171173,30.7304347826087,28.67241379310345,27.89497863636362
27345,2024-03-31 02:00:00,Asia/Bangkok,91.99962594594594,30.08695652173913,28.28695652173913,27.77089036036038
27346,2024-03-31 03:00:00,Asia/Bangkok,92.52824698275855,31.35344827586207,28.42241379310345,27.54820913793105
27347,2024-03-31 04:00:00,Asia/Bangkok,93.64841608695652,26.76724137931035,25.47413793103448,27.16811895652175
27348,2024-03-31 05:00:00,Asia/Bangkok,93.24885214285713,38.7008547008547,33.41880341880342,27.05097874999997
27349,2024-03-31 06:00:00,Asia/Bangkok,92.99138433628319,25.17241379310345,23.79310344827586,26.98093353982298
27350,2024-03-31 07:00:00,Asia/Bangkok,92.88367412280697,21.6551724137931,20.62068965517241,26.91825868421055
27351,2024-03-31 08:00:00,Asia/Bangkok,93.8827657017544,23.56896551724138,22.56896551724138,27.26242473684212
27352,2024-03-31 09:00:00,Asia/Bangkok,89.91435407079648,22.25641025641026,21.00854700854701,29.11277946902656
27353,2024-03-31 10:00:00,Asia/Bangkok,80.68007478260864,11.94827586206897,11.37068965517241,30.99307617391302
27354,2024-03-31 11:00:00,Asia/Bangkok,73.02981666666666,9.956896551724139,9.508620689655173,32.79319747747747
27355,2024-03-31 12:00:00,Asia/Bangkok,65.82170226086953,7.982608695652174,7.704347826086956,34.47154000000001
27356,2024-03-31 13:00:00,Asia/Bangkok,65.06398232758623,8.560344827586206,8.206896551724139,35.19803206896551
27357,2024-03-31 14:00:00,Asia/Bangkok,80.28116414414416,9.905982905982906,9.512820512820513,32.03672423423423
27358,2024-03-31 15:00:00,Asia/Bangkok,76.37027366071425,9.982758620689655,9.5,33.30848973214287
27359,2024-03-31 16:00:00,Asia/Bangkok,69.84481591304348,7.681034482758621,7.387931034482759,33.81668478260869
27360,2024-03-31 17:00:00,Asia/Bangkok,71.0472557758621,8.076923076923077,7.666666666666667,32.79215663793104
27361,2024-03-31 18:00:00,Asia/Bangkok,74.90618999999998,8.439655172413794,8.025862068965518,31.73002666666665
27362,2024-03-31 19:00:00,Asia/Bangkok,77.84602956140347,10.82758620689655,10.4051724137931,30.9069770175439
27363,2024-03-31 20:00:00,Asia/Bangkok,81.44903695652172,17.52136752136752,16.55555555555556,30.37432443478262
27364,2024-03-31 21:00:00,Asia/Bangkok,84.02496745614037,33.46551724137931,30.18103448275862,29.9324749557522
27365,2024-03-31 22:00:00,Asia/Bangkok,86.6423314159292,30.3859649122807,28.17543859649123,29.23166495575218
27366,2024-03-31 23:00:00,Asia/Bangkok,88.03333646017698,31.26724137931035,28.79310344827586,28.90059469026549
27367,2024-04-01 00:00:00,Asia/Bangkok,89.68363129629631,31.23478260869565,29.06034482758621,28.3860761111111
27368,2024-04-01 01:00:00,Asia/Bangkok,89.77776491071428,33.2212389380531,30.38938053097345,28.16295508928571
27369,2024-04-01 02:00:00,Asia/Bangkok,90.29095905172422,29.49572649572649,27.54700854700855,27.82714448275863
27370,2024-04-01 03:00:00,Asia/Bangkok,89.65615026315791,26.56896551724138,25.00862068965517,27.7898649122807
27371,2024-04-01 04:00:00,Asia/Bangkok,90.57893560747667,26.13913043478261,24.59130434782609,27.36102028037383
27372,2024-04-01 05:00:00,Asia/Bangkok,91.27828724137933,24.08620689655172,22.83620689655172,27.16604810344828
27373,2024-04-01 06:00:00,Asia/Bangkok,91.15647849557523,21.9304347826087,20.76521739130435,27.04750212389375
27374,2024-04-01 07:00:00,Asia/Bangkok,91.42575517543858,21.93913043478261,20.9304347826087,26.96146147826085
27375,2024-04-01 08:00:00,Asia/Bangkok,92.19173866071426,20.44827586206896,19.33620689655172,27.46028729729728
27376,2024-04-01 09:00:00,Asia/Bangkok,87.95929774774778,36.76521739130435,32.6,29.24685657657659
27377,2024-04-01 10:00:00,Asia/Bangkok,79.23325300884959,19.74358974358974,18.25641025641026,31.03515345132743
27378,2024-04-01 11:00:00,Asia/Bangkok,72.00412535087723,10.71551724137931,10.31034482758621,32.6618994736842
27379,2024-04-01 12:00:00,Asia/Bangkok,61.69552913043476,8.64102564102564,8.247863247863247,35.58615826086955
27380,2024-04-01 13:00:00,Asia/Bangkok,56.71256947826085,7.28448275862069,7.025862068965517,36.81023704347827
27381,2024-04-01 14:00:00,Asia/Bangkok,54.99544184210527,7.905172413793103,7.413793103448276,36.76450842105261
27382,2024-04-01 15:00:00,Asia/Bangkok,51.5623526724138,7.076923076923077,6.564102564102564,37.60982172413793
27383,2024-04-01 16:00:00,Asia/Bangkok,53.60879182608697,6.224137931034483,5.948275862068965,37.80218286956519
27384,2024-04-01 17:00:00,Asia/Bangkok,66.3549200892857,28.81034482758621,25.9051724137931,35.27792892857141
27385,2024-04-01 18:00:00,Asia/Bangkok,71.6850570689655,18.21052631578947,17.00877192982456,33.21158336206897
27386,2024-04-01 19:00:00,Asia/Bangkok,75.34110156521737,65.07758620689656,62.0,32.0092867826087
27387,2024-04-01 20:00:00,Asia/Bangkok,78.44912530434785,15.41880341880342,14.36752136752137,31.09443121739128
27388,2024-04-01 21:00:00,Asia/Bangkok,76.02392017241381,16.86206896551724,15.87068965517241,31.53226905172417
27389,2024-04-01 22:00:00,Asia/Bangkok,79.02728380530975,20.78448275862069,19.12931034482759,30.6629149557522
27390,2024-04-01 23:00:00,Asia/Bangkok,81.23414371681416,19.08547008547009,17.90598290598291,30.31192088495575
27391,2024-04-02 00:00:00,Asia/Bangkok,82.12618403508775,22.07758620689655,20.88793103448276,30.20840508771929
27392,2024-04-02 01:00:00,Asia/Bangkok,84.70373299999999,21.25,20.0948275862069,29.59731054545455
27393,2024-04-02 02:00:00,Asia/Bangkok,85.20932187500001,19.68103448275862,18.54310344827586,29.43901508928569
27394,2024-04-02 03:00:00,Asia/Bangkok,87.02311713043481,22.04310344827586,20.83620689655172,28.73028773913042
27395,2024-04-02 04:00:00,Asia/Bangkok,88.42777918918921,20.22413793103448,19.25,28.21760108108107
27396,2024-04-02 05:00:00,Asia/Bangkok,89.33976745614035,20.95726495726496,19.90598290598291,27.82535192982455
27397,2024-04-02 06:00:00,Asia/Bangkok,89.50697955752209,20.47413793103448,19.41379310344828,27.72345530973452
27398,2024-04-02 07:00:00,Asia/Bangkok,89.30250140350886,24.47413793103448,22.77586206896552,27.63545307017547
27399,2024-04-02 08:00:00,Asia/Bangkok,90.73485460869564,43.39655172413793,37.66379310344828,27.83674913043478
27400,2024-04-02 09:00:00,Asia/Bangkok,84.4778332173913,17.36752136752137,16.56410256410257,29.68234017391304
27401,2024-04-02 10:00:00,Asia/Bangkok,75.96313280701752,13.5948275862069,12.88793103448276,31.60269254385967
27402,2024-04-02 11:00:00,Asia/Bangkok,67.60571769911503,11.55652173913044,11.0695652173913,33.56674637168145
27403,2024-04-02 12:00:00,Asia/Bangkok,58.59991616071429,9.452991452991453,9.145299145299145,36.16202223214286
27404,2024-04-02 13:00:00,Asia/Bangkok,54.71991929203541,8.818965517241379,8.46551724137931,37.03528991150441
27405,2024-04-02 14:00:00,Asia/Bangkok,49.92642637168142,6.347826086956522,6.060869565217391,38.26255345132741
27406,2024-04-02 15:00:00,Asia/Bangkok,47.8599775,6.365217391304347,6.095652173913043,38.53329750000002
27407,2024-04-02 16:00:00,Asia/Bangkok,56.95991594827585,8.362068965517242,8.129310344827585,37.42925413793103
27408,2024-04-02 17:00:00,Asia/Bangkok,65.44909043859651,9.643478260869566,9.173913043478262,35.57951421052633
27409,2024-04-02 18:00:00,Asia/Bangkok,69.45943921739132,13.56896551724138,12.5948275862069,33.64153373913044
27410,2024-04-02 19:00:00,Asia/Bangkok,72.67765955357144,22.99137931034483,21.0,32.32185
27411,2024-04-02 20:00:00,Asia/Bangkok,76.5178244736842,19.06896551724138,17.93965517241379,31.16620798245615
27412,2024-04-02 21:00:00,Asia/Bangkok,78.84750642857145,25.64102564102564,23.4017094017094,30.92488955357144
27413,2024-04-02 22:00:00,Asia/Bangkok,80.25524254545451,33.37931034482759,29.95689655172414,30.88637609090912
27414,2024-04-02 23:00:00,Asia/Bangkok,83.85792377192985,28.27350427350427,26.45689655172414,29.84020692982458
27415,2024-04-03 00:00:00,Asia/Bangkok,84.00827504424777,31.18965517241379,28.82051282051282,29.76048330357143
27416,2024-04-03 01:00:00,Asia/Bangkok,86.17338904347824,30.93965517241379,28.88793103448276,28.97925582608698
27417,2024-04-03 02:00:00,Asia/Bangkok,87.2954158974359,28.60683760683761,26.99137931034483,28.6288870689655
27418,2024-04-03 03:00:00,Asia/Bangkok,88.1830173873874,29.71551724137931,27.82905982905983,28.14410513513514
27419,2024-04-03 04:00:00,Asia/Bangkok,89.15837044247786,27.25862068965517,25.80172413793104,27.69381938053099
27420,2024-04-03 05:00:00,Asia/Bangkok,88.88043379310348,25.17948717948718,23.86324786324786,27.65925582608695
27421,2024-04-03 06:00:00,Asia/Bangkok,89.11810706896554,25.00862068965517,23.71551724137931,27.46954870689655
27422,2024-04-03 07:00:00,Asia/Bangkok,88.95597234234232,28.11504424778761,26.58407079646018,27.47173909909908
27423,2024-04-03 08:00:00,Asia/Bangkok,89.45052088495584,32.53448275862069,29.25862068965517,27.87504654867256
27424,2024-04-03 09:00:00,Asia/Bangkok,83.79645807017542,14.64957264957265,13.99145299145299,29.77431350877193
27425,2024-04-03 10:00:00,Asia/Bangkok,75.61501619469028,11.69827586206897,11.27586206896552,31.92498964601767
27426,2024-04-03 11:00:00,Asia/Bangkok,67.77984053571427,11.51304347826087,10.98260869565217,34.02549702702703
27427,2024-04-03 12:00:00,Asia/Bangkok,61.31686745614034,11.21551724137931,10.81034482758621,35.74584710526316
27428,2024-04-03 13:00:00,Asia/Bangkok,56.35531482142856,9.295652173913043,8.97391304347826,37.09642312500002
27429,2024-04-03 14:00:00,Asia/Bangkok,53.81954327586207,7.401709401709402,7.094017094017094,37.0834445689655
27430,2024-04-03 15:00:00,Asia/Bangkok,62.06378210526315,7.508620689655173,7.103448275862069,36.05153061403507
27431,2024-04-03 16:00:00,Asia/Bangkok,65.22188645454546,15.08695652173913,14.26724137931035,35.6362349090909
27432,2024-04-03 17:00:00,Asia/Bangkok,65.77043504424775,14.92241379310345,13.06896551724138,35.13464780701755
27433,2024-04-03 18:00:00,Asia/Bangkok,69.36755387931032,14.33620689655172,13.39655172413793,33.51407799999998
27434,2024-04-03 19:00:00,Asia/Bangkok,73.48713432432432,11.23008849557522,10.41592920353982,31.92947754545454
27435,2024-04-03 20:00:00,Asia/Bangkok,76.6463249557522,13.39655172413793,12.50862068965517,31.02856203539823
27436,2024-04-03 21:00:00,Asia/Bangkok,78.31612818965522,17.83760683760684,16.65811965811966,30.93591172413791
27437,2024-04-03 22:00:00,Asia/Bangkok,79.08293292035398,26.74137931034483,25.01724137931035,31.00107911504423
27438,2024-04-03 23:00:00,Asia/Bangkok,82.41009622807017,32.33333333333334,28.99145299145299,30.3703094736842
27439,2024-04-04 00:00:00,Asia/Bangkok,84.04084403508776,30.6140350877193,28.57894736842105,30.14352469026548
27440,2024-04-04 01:00:00,Asia/Bangkok,84.3061647368421,29.66379310344828,27.11206896551724,29.92640657894738
27441,2024-04-04 02:00:00,Asia/Bangkok,85.01198710526312,30.73913043478261,28.07826086956522,29.54782754385963
27442,2024-04-04 03:00:00,Asia/Bangkok,86.13258921739134,39.53448275862069,33.41379310344828,29.26260730434781
27443,2024-04-04 04:00:00,Asia/Bangkok,86.57499269565224,30.46086956521739,27.68695652173913,28.94110460869568
27444,2024-04-04 05:00:00,Asia/Bangkok,87.87543867256635,28.58620689655172,26.63793103448276,28.46254106194692
27445,2024-04-04 06:00:00,Asia/Bangkok,88.73606474137928,31.95689655172414,29.39655172413793,28.00363646551726
27446,2024-04-04 07:00:00,Asia/Bangkok,89.2198854054054,36.82758620689656,32.56034482758621,27.80392036036035
27447,2024-04-04 08:00:00,Asia/Bangkok,90.36420798245621,29.41880341880342,27.43589743589743,28.27162219298247
27448,2024-04-04 09:00:00,Asia/Bangkok,85.50066185840708,17.28448275862069,16.48275862068965,29.67309884955754
27449,2024-04-04 10:00:00,Asia/Bangkok,77.91288728070177,15.51724137931035,14.73275862068965,31.75052070175437
27450,2024-04-04 11:00:00,Asia/Bangkok,70.32352443478261,13.67241379310345,13.12931034482759,33.6680506956522
27451,2024-04-04 12:00:00,Asia/Bangkok,61.7835275652174,14.23931623931624,13.73504273504273,35.60492069565218
27452,2024-04-04 13:00:00,Asia/Bangkok,56.89088584070797,17.11206896551724,16.08620689655172,36.64646150442477
27453,2024-04-04 14:00:00,Asia/Bangkok,53.28173139130435,34.57758620689656,30.95689655172414,37.36048782608695
27454,2024-04-04 15:00:00,Asia/Bangkok,55.14061719298246,18.96551724137931,17.54310344827586,37.11891271929826
27455,2024-04-04 16:00:00,Asia/Bangkok,60.03870141592921,14.1551724137931,13.62068965517241,36.92980035398228
27456,2024-04-04 17:00:00,Asia/Bangkok,64.5711252173913,14.60869565217391,13.99130434782609,35.7856446956522
27457,2024-04-04 18:00:00,Asia/Bangkok,68.524725,17.26724137931035,16.3448275862069,33.9655936036036
27458,2024-04-04 19:00:00,Asia/Bangkok,73.29906078260868,20.23275862068965,18.72413793103448,32.03668439655171
27459,2024-04-04 20:00:00,Asia/Bangkok,75.67140095652171,41.0940170940171,35.61538461538461,31.5428193859649
27460,2024-04-04 21:00:00,Asia/Bangkok,76.08817728070176,32.74137931034483,29.97413793103448,31.39641982456138
27461,2024-04-04 22:00:00,Asia/Bangkok,79.49372078947366,30.54700854700855,28.44444444444444,30.48042798245612
27462,2024-04-04 23:00:00,Asia/Bangkok,82.51395739130437,35.08620689655172,31.4051724137931,29.75975747826087
27463,2024-04-05 00:00:00,Asia/Bangkok,84.30114556521735,32.96581196581197,30.35042735042735,29.19671234782609
27464,2024-04-05 01:00:00,Asia/Bangkok,85.58588221238941,32.0,29.9304347826087,28.71426407079646
27465,2024-04-05 02:00:00,Asia/Bangkok,86.18003063636364,33.25438596491228,30.74782608695652,28.3855101834862
27466,2024-04-05 03:00:00,Asia/Bangkok,86.05711643478263,35.49137931034483,32.13793103448276,28.22729870689654
27467,2024-04-05 04:00:00,Asia/Bangkok,87.44725051282047,35.50427350427351,31.99137931034483,27.55790017241377
27468,2024-04-05 05:00:00,Asia/Bangkok,87.67089669565213,33.46551724137931,30.72649572649573,27.3614785217391
27469,2024-04-05 06:00:00,Asia/Bangkok,87.66095315789474,35.80172413793103,32.17241379310344,27.01563035087718
27470,2024-04-05 07:00:00,Asia/Bangkok,89.72612767857142,44.99130434782609,38.01739130434783,26.69067955357142
27471,2024-04-05 08:00:00,Asia/Bangkok,91.175816875,49.18103448275862,41.4051724137931,27.08748375
27472,2024-04-05 09:00:00,Asia/Bangkok,86.42248166666668,22.56034482758621,21.5948275862069,28.9852550877193
27473,2024-04-05 10:00:00,Asia/Bangkok,77.84225221238937,18.58119658119658,17.91452991452991,31.11009061946902
27474,2024-04-05 11:00:00,Asia/Bangkok,69.16038642857144,19.69298245614035,18.89473684210526,33.31895705357142
27475,2024-04-05 12:00:00,Asia/Bangkok,60.95328754385968,16.8448275862069,16.35344827586207,35.37561017543858
27476,2024-04-05 13:00:00,Asia/Bangkok,53.90287982608692,14.53448275862069,13.85344827586207,36.6817128695652
27477,2024-04-05 14:00:00,Asia/Bangkok,50.53076413793103,14.16379310344828,13.6551724137931,37.45236456896551
27478,2024-04-05 15:00:00,Asia/Bangkok,50.17185845454546,15.01739130434783,14.55652173913044,37.80055999999998
27479,2024-04-05 16:00:00,Asia/Bangkok,57.09507026315792,17.54310344827586,16.71551724137931,37.2318147368421
27480,2024-04-05 17:00:00,Asia/Bangkok,55.21088141592922,12.62068965517241,12.23275862068965,36.11882336283185
27481,2024-04-05 18:00:00,Asia/Bangkok,54.50807710526319,11.68103448275862,11.13793103448276,35.10824885964913
27482,2024-04-05 19:00:00,Asia/Bangkok,57.06801862068966,11.17948717948718,10.70940170940171,33.58437267241379
27483,2024-04-05 20:00:00,Asia/Bangkok,62.79473686956522,48.31896551724138,40.26724137931034,32.73617434782609
27484,2024-04-05 21:00:00,Asia/Bangkok,69.15277561403511,52.12068965517241,43.38793103448276,31.40286342105263
27485,2024-04-05 22:00:00,Asia/Bangkok,74.2586510619469,44.58620689655172,37.49137931034483,30.50312309734512
27486,2024-04-05 23:00:00,Asia/Bangkok,76.99296045454551,48.20689655172414,40.0,29.879566
27487,2024-04-06 00:00:00,Asia/Bangkok,80.52102763636363,43.1578947368421,36.24561403508772,29.02108216216216
27488,2024-04-06 01:00:00,Asia/Bangkok,82.64401582608693,43.41379310344828,36.56034482758621,28.40596878260871
27489,2024-04-06 02:00:00,Asia/Bangkok,82.09415577586205,39.44827586206897,34.18103448275862,28.15022698275862
27490,2024-04-06 03:00:00,Asia/Bangkok,83.42545367521363,39.86324786324786,34.35042735042735,27.66654358974362
27491,2024-04-06 04:00:00,Asia/Bangkok,84.52147570175438,38.09649122807018,33.44347826086957,27.32065578947369
27492,2024-04-06 05:00:00,Asia/Bangkok,85.71823182608696,30.03448275862069,28.37068965517241,26.64425208695655
27493,2024-04-06 06:00:00,Asia/Bangkok,84.7009770689655,27.23076923076923,26.05128205128205,26.89232094827586
27494,2024-04-06 07:00:00,Asia/Bangkok,87.08167407079645,34.6,31.44347826086956,26.27273070796459
27495,2024-04-06 08:00:00,Asia/Bangkok,87.91181700854698,43.35042735042735,37.2991452991453,27.09235222222222
27496,2024-04-06 09:00:00,Asia/Bangkok,82.09400605263157,34.54310344827586,31.30172413793104,29.37760587719299
27497,2024-04-06 10:00:00,Asia/Bangkok,74.31300527777776,24.03478260869565,23.18260869565217,31.31743037037037
27498,2024-04-06 11:00:00,Asia/Bangkok,69.76158831858405,20.99130434782609,19.99130434782609,32.55984300884955
27499,2024-04-06 12:00:00,Asia/Bangkok,60.39981380530975,16.88793103448276,16.29310344827586,34.56930185840707
27500,2024-04-06 13:00:00,Asia/Bangkok,55.8911944642857,16.31304347826087,15.71304347826087,35.73465142857146
27501,2024-04-06 14:00:00,Asia/Bangkok,54.75155840707967,17.22222222222222,16.60683760683761,36.49571858407079
27502,2024-04-06 15:00:00,Asia/Bangkok,54.29859200000001,16.80172413793104,16.24137931034483,36.11003095652174
27503,2024-04-06 16:00:00,Asia/Bangkok,55.02452833333336,18.42241379310345,17.75862068965517,36.06123371681416
27504,2024-04-06 17:00:00,Asia/Bangkok,58.7756788034188,17.66379310344828,16.86206896551724,35.04312991452991
27505,2024-04-06 18:00:00,Asia/Bangkok,63.47531654867258,20.29310344827586,19.5948275862069,33.78930522123894
27506,2024-04-06 19:00:00,Asia/Bangkok,68.5208027027027,27.20689655172414,25.81896551724138,32.75177216216217
27507,2024-04-06 20:00:00,Asia/Bangkok,74.80982295652177,30.62931034482759,28.5948275862069,31.324846
27508,2024-04-06 21:00:00,Asia/Bangkok,79.08870693693693,40.35135135135135,35.03603603603604,30.17932963963963
27509,2024-04-06 22:00:00,Asia/Bangkok,78.93236508771929,38.58260869565218,33.93043478260869,30.29364228070176
27510,2024-04-06 23:00:00,Asia/Bangkok,80.31280912280701,33.83620689655172,31.05172413793104,29.81729815789474
27511,2024-04-07 00:00:00,Asia/Bangkok,82.10542192982456,35.48695652173913,32.00869565217391,29.2388893859649
27512,2024-04-07 01:00:00,Asia/Bangkok,84.12970156521742,36.72413793103448,32.78448275862069,28.60183191304347
27513,2024-04-07 02:00:00,Asia/Bangkok,85.16021464912282,39.9051724137931,34.6551724137931,28.19104315789473
27514,2024-04-07 03:00:00,Asia/Bangkok,86.78053077586205,40.22222222222222,34.94017094017094,27.6048151724138
27515,2024-04-07 04:00:00,Asia/Bangkok,86.43358300884955,42.92241379310344,36.35344827586207,27.53409486725664
27516,2024-04-07 05:00:00,Asia/Bangkok,86.34646678260876,38.62931034482759,33.78448275862069,27.44091313043478
27517,2024-04-07 06:00:00,Asia/Bangkok,86.4299406956521,36.18103448275862,32.56034482758621,27.44017078260871
27518,2024-04-07 07:00:00,Asia/Bangkok,87.3677246491228,36.2212389380531,32.48672566371681,27.19789140350878
27519,2024-04-07 08:00:00,Asia/Bangkok,88.57980848214287,38.13913043478261,33.5948275862069,27.61887776785714
27520,2024-04-07 09:00:00,Asia/Bangkok,83.14217551724143,28.5,26.87068965517241,29.8252375
27521,2024-04-07 10:00:00,Asia/Bangkok,75.82652629310347,24.76724137931035,23.46551724137931,31.47589137931033
27522,2024-04-07 11:00:00,Asia/Bangkok,69.1293382300885,20.74358974358974,19.96581196581197,33.05659584070796
27523,2024-04-07 12:00:00,Asia/Bangkok,64.30538594827587,16.75,16.18965517241379,33.80115181034482
27524,2024-04-07 13:00:00,Asia/Bangkok,56.02725443478261,9.71551724137931,9.379310344827585,35.25596504347828
27525,2024-04-07 14:00:00,Asia/Bangkok,53.48312831858406,7.232758620689655,6.887931034482759,35.39587345132745
27526,2024-04-07 15:00:00,Asia/Bangkok,51.49018453703706,4.591304347826087,4.391304347826087,35.05954981481481
27527,2024-04-07 16:00:00,Asia/Bangkok,51.234280877193,3.146551724137931,2.896551724137931,34.83343877192983
27528,2024-04-07 17:00:00,Asia/Bangkok,52.23884265486723,3.495726495726496,3.273504273504273,34.38556160714286
27529,2024-04-07 18:00:00,Asia/Bangkok,57.302559375,9.706896551724139,8.793103448275861,33.21758026785714
27530,2024-04-07 19:00:00,Asia/Bangkok,65.82086228070175,7.655172413793103,7.25,31.43944903508769
27531,2024-04-07 20:00:00,Asia/Bangkok,70.39977396551724,10.32758620689655,9.53448275862069,30.54070198275861
27532,2024-04-07 21:00:00,Asia/Bangkok,74.30972307017544,30.69230769230769,27.49572649572649,29.67122570175439
27533,2024-04-07 22:00:00,Asia/Bangkok,77.03720728070178,29.37931034482759,27.44827586206896,29.1052555263158
27534,2024-04-07 23:00:00,Asia/Bangkok,80.13877765217391,29.35897435897436,27.64957264957265,28.1146024347826
27535,2024-04-08 00:00:00,Asia/Bangkok,83.63981921739128,31.89655172413793,29.49137931034483,27.19563547826086
27536,2024-04-08 01:00:00,Asia/Bangkok,82.95525719298247,28.89565217391304,27.29565217391304,27.13745473684211
27537,2024-04-08 02:00:00,Asia/Bangkok,83.00325090090087,29.07017543859649,27.43859649122807,26.89374187500002
27538,2024-04-08 03:00:00,Asia/Bangkok,82.98515458715595,29.31034482758621,27.75862068965517,26.84030018348626
27539,2024-04-08 04:00:00,Asia/Bangkok,83.7828730088495,26.26495726495726,24.86324786324786,26.52369637168142
27540,2024-04-08 05:00:00,Asia/Bangkok,84.40097936936941,26.69827586206896,25.35344827586207,26.21766945945947
27541,2024-04-08 06:00:00,Asia/Bangkok,85.2494353636364,25.92241379310345,24.81034482758621,26.01436054545453
27542,2024-04-08 07:00:00,Asia/Bangkok,85.84852929824564,27.07826086956522,25.69565217391304,25.92838552631578
27543,2024-04-08 08:00:00,Asia/Bangkok,87.59878017391308,20.38260869565217,19.45217391304348,26.57855603448275
27544,2024-04-08 09:00:00,Asia/Bangkok,81.5260096491228,9.310344827586206,8.836206896551724,29.59457327433628
27545,2024-04-08 10:00:00,Asia/Bangkok,72.69933663265304,12.27272727272727,11.0,32.25825397959184
27546,2024-04-08 11:00:00,Asia/Bangkok,68.83500123893802,7.582608695652174,7.182608695652174,33.19779256637167
27547,2024-04-08 12:00:00,Asia/Bangkok,64.75305344827586,6.512820512820513,6.222222222222222,34.57911422413793
27548,2024-04-08 13:00:00,Asia/Bangkok,60.02923477876108,5.525862068965517,5.241379310344827,35.71168230088496
27549,2024-04-08 14:00:00,Asia/Bangkok,56.67059982758621,4.299145299145299,4.008620689655173,36.38906681034484
27550,2024-04-08 15:00:00,Asia/Bangkok,56.74076954954956,2.594827586206896,2.452991452991453,36.23919657657658
27551,2024-04-08 16:00:00,Asia/Bangkok,57.38322330434782,2.146551724137931,1.974137931034483,36.00282391304349
27552,2024-04-08 17:00:00,Asia/Bangkok,60.28870857142856,7.577586206896552,6.681034482758621,34.98149901785714
27553,2024-04-08 18:00:00,Asia/Bangkok,64.54097991379307,5.367521367521367,4.897435897435898,33.82384870689655
27554,2024-04-08 19:00:00,Asia/Bangkok,72.86520130434783,4.78448275862069,4.387931034482759,32.13242495652175
27555,2024-04-08 20:00:00,Asia/Bangkok,75.69631921739133,17.50427350427351,15.05982905982906,31.50050747826086
27556,2024-04-08 21:00:00,Asia/Bangkok,77.48458286956522,35.82758620689656,31.03448275862069,31.17611956521736
27557,2024-04-08 22:00:00,Asia/Bangkok,79.1639252173913,23.38793103448276,21.81896551724138,30.73389243478263
27558,2024-04-08 23:00:00,Asia/Bangkok,82.47425660869568,29.76923076923077,27.66379310344828,29.8359185087719
27559,2024-04-09 00:00:00,Asia/Bangkok,84.37156530434777,29.44827586206896,27.18103448275862,29.14787947826089
27560,2024-04-09 01:00:00,Asia/Bangkok,85.78992079646018,33.30769230769231,30.04310344827586,28.5927514159292
27561,2024-04-09 02:00:00,Asia/Bangkok,86.43075160714291,28.52586206896552,26.91452991452991,28.35119062500001
27562,2024-04-09 03:00:00,Asia/Bangkok,87.17512754385965,25.79310344827586,24.35344827586207,27.99575815789473
27563,2024-04-09 04:00:00,Asia/Bangkok,86.71642518181824,20.36206896551724,19.55172413793104,28.18696190909088
27564,2024-04-09 05:00:00,Asia/Bangkok,86.23442289473682,18.16239316239316,17.35042735042735,28.07687421052631
27565,2024-04-09 06:00:00,Asia/Bangkok,87.72212776785716,19.25862068965517,18.4051724137931,27.63576017857144
27566,2024-04-09 07:00:00,Asia/Bangkok,87.24746382608697,20.28448275862069,19.31034482758621,27.54108513043479
27567,2024-04-09 08:00:00,Asia/Bangkok,87.23099447368428,25.93103448275862,24.52586206896552,28.14236877192984
27568,2024-04-09 09:00:00,Asia/Bangkok,83.6860574358975,13.07692307692308,12.1965811965812,30.184705982906
27569,2024-04-09 10:00:00,Asia/Bangkok,77.0010746017699,12.11206896551724,11.33620689655172,31.94488017857145
27570,2024-04-09 11:00:00,Asia/Bangkok,68.73359362068967,8.008547008547009,7.393162393162394,33.87787732758621
27571,2024-04-09 12:00:00,Asia/Bangkok,61.84114824561403,4.646551724137931,4.344827586206897,35.15828254385965
27572,2024-04-09 13:00:00,Asia/Bangkok,55.92208200000001,2.637931034482758,2.405172413793104,36.15918218181819
27573,2024-04-09 14:00:00,Asia/Bangkok,51.12170990990991,1.956521739130435,1.827586206896552,36.84148972972973
27574,2024-04-09 15:00:00,Asia/Bangkok,49.9020931858407,2.810344827586207,2.603448275862069,36.87651141592918
27575,2024-04-09 16:00:00,Asia/Bangkok,54.1266407079646,2.88034188034188,2.675213675213675,35.86927734513275
27576,2024-04-09 17:00:00,Asia/Bangkok,57.43684893805308,2.365217391304348,2.191304347826087,35.05570159292034
27577,2024-04-09 18:00:00,Asia/Bangkok,64.21442234782609,3.217391304347826,2.973913043478261,33.50237356521738
27578,2024-04-09 19:00:00,Asia/Bangkok,70.49238385964912,4.181034482758621,3.724137931034483,32.13734245614035
27579,2024-04-09 20:00:00,Asia/Bangkok,73.15858360360362,8.85344827586207,8.172413793103448,31.62955945945945
27580,2024-04-09 21:00:00,Asia/Bangkok,77.49252807017544,13.1304347826087,12.36521739130435,30.55240824561404
27581,2024-04-09 22:00:00,Asia/Bangkok,79.22265443478261,17.91379310344828,16.70689655172414,30.2805832173913
27582,2024-04-09 23:00:00,Asia/Bangkok,78.90989375000002,23.63793103448276,22.01724137931035,30.2786867857143
27583,2024-04-10 00:00:00,Asia/Bangkok,80.95041043478263,27.01724137931035,25.04310344827586,29.65438353448276
27584,2024-04-10 01:00:00,Asia/Bangkok,83.38679301724137,25.77777777777778,24.33333333333333,28.90030756521741
27585,2024-04-10 02:00:00,Asia/Bangkok,83.27370370689655,24.57758620689655,23.28448275862069,28.8276203448276
27586,2024-04-10 03:00:00,Asia/Bangkok,82.44016615384616,19.73504273504274,18.60683760683761,28.8337265811966
27587,2024-04-10 04:00:00,Asia/Bangkok,83.96928780701757,25.14655172413793,23.82758620689655,28.37149999999999
27588,2024-04-10 05:00:00,Asia/Bangkok,85.96487139130433,23.43103448275862,22.18103448275862,27.8371907964602
27589,2024-04-10 06:00:00,Asia/Bangkok,86.39042544642852,20.91379310344828,19.91379310344828,27.62388535714289
27590,2024-04-10 07:00:00,Asia/Bangkok,87.22990683760689,19.70940170940171,18.70940170940171,27.4353646153846
27591,2024-04-10 08:00:00,Asia/Bangkok,86.62455113043478,18.68103448275862,17.99137931034483,28.2106496491228
27592,2024-04-10 09:00:00,Asia/Bangkok,81.65353769911506,15.45689655172414,14.49137931034483,29.90440123893804
27593,2024-04-10 10:00:00,Asia/Bangkok,74.71861391304347,6.28448275862069,5.939655172413793,31.79579930434783
27594,2024-04-10 11:00:00,Asia/Bangkok,65.62578189189189,6.293103448275862,5.905172413793103,33.38199351351354
27595,2024-04-10 12:00:00,Asia/Bangkok,56.10461236842104,4.594827586206897,4.310344827586207,35.36328824561402
27596,2024-04-10 13:00:00,Asia/Bangkok,53.61296201754386,3.572649572649573,3.239316239316239,35.9648395614035
27597,2024-04-10 14:00:00,Asia/Bangkok,54.35517972972974,3.452173913043478,3.226086956521739,36.02456081081081
27598,2024-04-10 15:00:00,Asia/Bangkok,55.65684225225228,3.431034482758621,3.103448275862069,35.66646125
27599,2024-04-10 16:00:00,Asia/Bangkok,59.76016353982303,3.991452991452991,3.760683760683761,34.91404910714287
27600,2024-04-10 17:00:00,Asia/Bangkok,64.97129675438596,8.758620689655173,8.043103448275861,33.56297263157894
27601,2024-04-10 18:00:00,Asia/Bangkok,68.84931818181819,7.521739130434782,6.869565217391305,32.48119263636364
27602,2024-04-10 19:00:00,Asia/Bangkok,73.64168344827587,8.162393162393162,7.427350427350428,31.5955019827586
27603,2024-04-10 20:00:00,Asia/Bangkok,77.67023513513512,9.89655172413793,9.051724137931034,30.8607712612613
27604,2024-04-10 21:00:00,Asia/Bangkok,79.66946181818182,11.20353982300885,10.2212389380531,30.24031064220184
27605,2024-04-10 22:00:00,Asia/Bangkok,79.0039184158416,10.31067961165049,9.058823529411764,30.14807495049505
27606,2024-04-10 23:00:00,Asia/Bangkok,80.10413,12.5304347826087,11.37391304347826,29.89421598130839
27607,2024-04-11 00:00:00,Asia/Bangkok,80.891654159292,12.31896551724138,11.22413793103448,29.5433024107143
27608,2024-04-11 01:00:00,Asia/Bangkok,83.31879535714289,15.43103448275862,14.37931034482759,28.7169324107143
27609,2024-04-11 02:00:00,Asia/Bangkok,84.69449280701757,15.08547008547009,14.18803418803419,28.09638587719299
27610,2024-04-11 03:00:00,Asia/Bangkok,84.2185464516129,13.8469387755102,12.93877551020408,27.92007827956994
27611,2024-04-11 04:00:00,Asia/Bangkok,84.431783963964,14.50862068965517,13.77586206896552,27.70384216216217
27612,2024-04-11 05:00:00,Asia/Bangkok,86.24369578947365,16.24347826086957,15.3304347826087,27.09178052631577
27613,2024-04-11 06:00:00,Asia/Bangkok,86.60488783783782,19.51304347826087,18.54782608695652,26.92399754545457
27614,2024-04-11 07:00:00,Asia/Bangkok,87.29123422413795,22.58620689655172,21.28448275862069,26.77156017241378
27615,2024-04-11 08:00:00,Asia/Bangkok,87.48334701754386,33.17241379310344,30.13793103448276,27.43789280701753
27616,2024-04-11 09:00:00,Asia/Bangkok,78.77694221238937,33.61946902654867,31.06194690265487,29.59707716814159
27617,2024-04-11 10:00:00,Asia/Bangkok,69.73048060344829,27.66666666666667,26.72649572649573,31.61025905172413
27618,2024-04-11 11:00:00,Asia/Bangkok,60.6529302777778,21.27433628318584,20.67256637168142,33.32728401869159
27619,2024-04-11 12:00:00,Asia/Bangkok,55.65004839285714,24.33628318584071,23.01769911504425,34.38117589285715
27620,2024-04-11 13:00:00,Asia/Bangkok,56.42437099099103,21.4051724137931,20.70689655172414,34.7443181981982
27621,2024-04-11 14:00:00,Asia/Bangkok,56.35244566371686,16.08695652173913,15.49565217391304,34.58874911504425
27622,2024-04-11 15:00:00,Asia/Bangkok,54.95990568965517,15.17094017094017,14.5982905982906,34.67639637931034
27623,2024-04-11 16:00:00,Asia/Bangkok,57.10592578947369,15.91379310344828,15.3448275862069,34.4081560526316
27624,2024-04-11 17:00:00,Asia/Bangkok,55.4801184347826,16.37931034482759,15.56034482758621,34.24323999999999
27625,2024-04-11 18:00:00,Asia/Bangkok,58.65008113043479,14.85344827586207,14.25862068965517,33.11327243478262
27626,2024-04-11 19:00:00,Asia/Bangkok,64.08993547826087,17.91452991452991,17.28205128205128,31.594178
27627,2024-04-11 20:00:00,Asia/Bangkok,68.61022150442479,23.47413793103448,22.47413793103448,30.98179681415929
27628,2024-04-11 21:00:00,Asia/Bangkok,71.91750956989245,36.06122448979592,32.03061224489796,30.46891774193549
27629,2024-04-11 22:00:00,Asia/Bangkok,74.77580640350875,45.67241379310344,38.52586206896552,30.02117798245615
27630,2024-04-11 23:00:00,Asia/Bangkok,77.88365455357143,42.37068965517241,36.12068965517241,29.31711734513273
27631,2024-04-12 00:00:00,Asia/Bangkok,79.56871780701758,33.16379310344828,30.43478260869565,28.94164371681418
27632,2024-04-12 01:00:00,Asia/Bangkok,79.35311599999999,36.75,32.58,28.78680916666667
27633,2024-04-12 02:00:00,Asia/Bangkok,80.88423873873876,30.32173913043478,28.66956521739131,28.32366090909088
27634,2024-04-12 03:00:00,Asia/Bangkok,82.8093791891892,24.18965517241379,23.05172413793104,27.72679423423422
27635,2024-04-12 04:00:00,Asia/Bangkok,84.90646804123712,25.87878787878788,24.73737373737374,27.2476743298969
27636,2024-04-12 05:00:00,Asia/Bangkok,86.13663686956524,26.14655172413793,24.91379310344828,27.1152924347826
27637,2024-04-12 06:00:00,Asia/Bangkok,85.99041767241381,23.76068376068376,22.60683760683761,27.12210413793104
27638,2024-04-12 07:00:00,Asia/Bangkok,86.54636521276596,23.13131313131313,21.8989898989899,27.04458021505374
27639,2024-04-12 08:00:00,Asia/Bangkok,87.27338176991152,27.24137931034483,25.60344827586207,27.88015061946901
27640,2024-04-12 09:00:00,Asia/Bangkok,79.96510734513274,16.37931034482759,15.41880341880342,30.29575743362832
27641,2024-04-12 10:00:00,Asia/Bangkok,72.13398785714284,13.35344827586207,12.69827586206897,31.81052866071429
27642,2024-04-12 11:00:00,Asia/Bangkok,65.06643531531532,11.44827586206897,10.74137931034483,33.49027531531531
27643,2024-04-12 12:00:00,Asia/Bangkok,61.960731637931,11.85470085470086,11.16239316239316,34.02301852173912
27644,2024-04-12 13:00:00,Asia/Bangkok,58.67457556521739,11.42241379310345,10.87068965517241,35.13057886956521
27645,2024-04-12 14:00:00,Asia/Bangkok,58.18396210526316,11.86086956521739,11.3304347826087,35.50160745614035
27646,2024-04-12 15:00:00,Asia/Bangkok,56.24813035398231,10.33620689655172,9.732758620689655,35.4170942477876
27647,2024-04-12 16:00:00,Asia/Bangkok,54.65205657657657,11.08620689655172,10.45689655172414,35.20771954545455
27648,2024-04-12 17:00:00,Asia/Bangkok,58.17250034782607,10.41379310344828,9.801724137931034,34.30452666666666
27649,2024-04-12 18:00:00,Asia/Bangkok,65.1705519130435,12.30434782608696,11.63478260869565,32.84187304347827
27650,2024-04-12 19:00:00,Asia/Bangkok,69.83492610619467,14.58620689655172,13.79310344827586,31.61081194690263
27651,2024-04-12 20:00:00,Asia/Bangkok,74.79467780701756,18.56034482758621,17.41379310344828,30.71279429824562
27652,2024-04-12 21:00:00,Asia/Bangkok,76.37226197916665,22.82,21.39,30.51181105263158
27653,2024-04-12 22:00:00,Asia/Bangkok,78.06847778761062,70.80172413793103,64.3103448275862,30.08371460176992
27654,2024-04-12 23:00:00,Asia/Bangkok,80.09309494949494,60.79787234042553,49.69148936170212,29.442321010101
27655,2024-04-13 00:00:00,Asia/Bangkok,80.3001756989247,35.10309278350515,31.55102040816326,29.29670150537634
27656,2024-04-13 01:00:00,Asia/Bangkok,80.47616135416669,36.27835051546392,32.42857142857143,28.94009874999999
27657,2024-04-13 02:00:00,Asia/Bangkok,82.34138521739133,38.55263157894737,33.76315789473684,28.41147347826086
27658,2024-04-13 03:00:00,Asia/Bangkok,83.66889061946904,37.53982300884956,33.11504424778761,27.9664288495575
27659,2024-04-13 04:00:00,Asia/Bangkok,84.75027973684215,35.44827586206897,32.08620689655172,27.64495130434785
27660,2024-04-13 05:00:00,Asia/Bangkok,85.77823629310346,35.01709401709402,31.7948717948718,27.19798543859648
27661,2024-04-13 06:00:00,Asia/Bangkok,87.00396833333332,36.8989898989899,32.90909090909091,26.87479531249998
27662,2024-04-13 07:00:00,Asia/Bangkok,86.61674063636364,42.37068965517241,36.71551724137931,27.13548454545455
27663,2024-04-13 08:00:00,Asia/Bangkok,87.48618580357142,43.42477876106194,36.83185840707964,27.73231982142856
27664,2024-04-13 09:00:00,Asia/Bangkok,81.12697255102043,36.3030303030303,32.52040816326531,30.09217989795917
27665,2024-04-13 10:00:00,Asia/Bangkok,75.32648027272725,21.77586206896552,20.8448275862069,31.4944088181818
27666,2024-04-13 11:00:00,Asia/Bangkok,68.01978181818178,17.37068965517241,16.48275862068965,32.96675627272727
27667,2024-04-13 12:00:00,Asia/Bangkok,56.70718198275863,14.64957264957265,13.92307692307692,34.98591539130434
27668,2024-04-13 13:00:00,Asia/Bangkok,54.25733846153847,13.84615384615385,13.15384615384615,35.69822760683762
27669,2024-04-13 14:00:00,Asia/Bangkok,53.29225687499999,14.8,14.16521739130435,35.75527357142857
27670,2024-04-13 15:00:00,Asia/Bangkok,52.18214159292034,15.14655172413793,14.42241379310345,35.86830884955753
27671,2024-04-13 16:00:00,Asia/Bangkok,54.14673129310345,14.74358974358974,14.11111111111111,35.36105896551724
27672,2024-04-13 17:00:00,Asia/Bangkok,58.54244711711713,15.18103448275862,14.52586206896552,34.24597810810811
27673,2024-04-13 18:00:00,Asia/Bangkok,64.70208103448275,15.94827586206897,15.1551724137931,32.89213439655174
27674,2024-04-13 19:00:00,Asia/Bangkok,70.78185408695653,26.8034188034188,24.45299145299145,31.58825773913045
27675,2024-04-13 20:00:00,Asia/Bangkok,73.3654696521739,27.4051724137931,25.79310344827586,31.14714165217388
27676,2024-04-13 21:00:00,Asia/Bangkok,75.03212376146784,36.6551724137931,32.5,30.89111238532112
27677,2024-04-13 22:00:00,Asia/Bangkok,77.308264,35.11965811965812,31.60683760683761,30.33818045454544
27678,2024-04-13 23:00:00,Asia/Bangkok,80.22027945945948,40.87826086956522,35.13913043478261,29.46931171171169
27679,2024-04-14 00:00:00,Asia/Bangkok,82.76669687500002,43.52525252525253,36.92929292929293,28.71462431578947
27680,2024-04-14 01:00:00,Asia/Bangkok,83.72361926605507,46.05217391304348,38.24347826086957,28.32688834862383
27681,2024-04-14 02:00:00,Asia/Bangkok,84.88682181034483,45.60344827586207,37.93965517241379,27.80967172413796
27682,2024-04-14 03:00:00,Asia/Bangkok,85.59561631578947,45.73275862068966,38.13793103448276,27.45838903508772
27683,2024-04-14 04:00:00,Asia/Bangkok,86.14145095652175,45.66379310344828,38.08620689655172,27.15181852173912
27684,2024-04-14 05:00:00,Asia/Bangkok,85.84202854166666,40.98989898989899,34.88888888888889,27.01518
27685,2024-04-14 06:00:00,Asia/Bangkok,86.3949097368421,39.67241379310344,34.37931034482759,26.78233114035089
27686,2024-04-14 07:00:00,Asia/Bangkok,86.99713814159298,39.1551724137931,34.06034482758621,26.71498894736842
27687,2024-04-14 08:00:00,Asia/Bangkok,87.60733254385966,37.84615384615385,33.71794871794872,27.39216646017699
27688,2024-04-14 09:00:00,Asia/Bangkok,81.53002535087718,30.39655172413793,28.0,29.51885175438596
27689,2024-04-14 10:00:00,Asia/Bangkok,72.78029399999996,20.11206896551724,19.38793103448276,31.4159628695652
27690,2024-04-14 11:00:00,Asia/Bangkok,65.04064133928568,16.79310344827586,16.19827586206896,32.94770883928573
27691,2024-04-14 12:00:00,Asia/Bangkok,57.83450801724135,15.53097345132743,14.96460176991151,34.35211284482759
27692,2024-04-14 13:00:00,Asia/Bangkok,52.72637913793105,15.43103448275862,14.85344827586207,35.98808034482758
27693,2024-04-14 14:00:00,Asia/Bangkok,50.39259842105263,15.87931034482759,15.30172413793103,36.3163146491228
27694,2024-04-14 15:00:00,Asia/Bangkok,50.15997897435899,16.2991452991453,15.85470085470086,36.34924042735042
27695,2024-04-14 16:00:00,Asia/Bangkok,51.58512687499999,22.99137931034483,21.70689655172414,35.97269089285715
27696,2024-04-14 17:00:00,Asia/Bangkok,54.75579226086955,17.55652173913044,17.06034482758621,35.32444321739129
27697,2024-04-14 18:00:00,Asia/Bangkok,60.70789472727272,16.25641025641026,15.81196581196581,33.41044454545456
27698,2024-04-14 19:00:00,Asia/Bangkok,66.35713867256638,16.25,15.73275862068965,31.6508189380531
27699,2024-04-14 20:00:00,Asia/Bangkok,71.65184446428565,23.4051724137931,22.25862068965517,30.48390151785716
27700,2024-04-14 21:00:00,Asia/Bangkok,74.20806778761062,32.23275862068966,29.97413793103448,30.24528123893806
27701,2024-04-14 22:00:00,Asia/Bangkok,76.95804614035089,38.8448275862069,34.12068965517241,29.64993412280704
27702,2024-04-14 23:00:00,Asia/Bangkok,79.62695026548677,39.89655172413793,34.62068965517241,28.79477380530972
27703,2024-04-15 00:00:00,Asia/Bangkok,82.03624939655175,36.82758620689656,32.83620689655172,28.21877827586209
27704,2024-04-15 01:00:00,Asia/Bangkok,82.4565196551724,39.82051282051282,34.51282051282051,28.13280060344826
27705,2024-04-15 02:00:00,Asia/Bangkok,82.07650224137936,41.54310344827586,35.50862068965517,28.12209672413793
27706,2024-04-15 03:00:00,Asia/Bangkok,82.2753575,40.72649572649573,35.16239316239317,28.07637870689653
27707,2024-04-15 04:00:00,Asia/Bangkok,84.53906279279278,43.03448275862069,36.63793103448276,27.53440891891891
27708,2024-04-15 05:00:00,Asia/Bangkok,85.0379536842105,40.23275862068966,34.71551724137931,27.2111012280702
27709,2024-04-15 06:00:00,Asia/Bangkok,85.36151401785716,35.54310344827586,32.21551724137931,27.04835651785715
27710,2024-04-15 07:00:00,Asia/Bangkok,86.24510901785712,37.27826086956522,33.2,26.83497160714285
27711,2024-04-15 08:00:00,Asia/Bangkok,87.13072701754385,38.96521739130435,34.27826086956522,27.3978853508772
27712,2024-04-15 09:00:00,Asia/Bangkok,79.68450008771929,19.06896551724138,18.35344827586207,29.98065543859649
27713,2024-04-15 10:00:00,Asia/Bangkok,72.75903431192658,14.71818181818182,13.90909090909091,31.95762550458718
27714,2024-04-15 11:00:00,Asia/Bangkok,67.3925467857143,15.74782608695652,14.92105263157895,33.26831553571429
27715,2024-04-15 12:00:00,Asia/Bangkok,59.80332026315789,13.07017543859649,12.56521739130435,35.14354859649122
27716,2024-04-15 13:00:00,Asia/Bangkok,55.38897582608697,12.00862068965517,11.59130434782609,35.69239147826087
27717,2024-04-15 14:00:00,Asia/Bangkok,52.53022684210529,11.3304347826087,10.91379310344828,36.74764298245614
27718,2024-04-15 15:00:00,Asia/Bangkok,52.39227747747749,12.01739130434783,11.4695652173913,36.40102792792794
27719,2024-04-15 16:00:00,Asia/Bangkok,54.68211954545457,11.32478632478633,10.84615384615385,35.87409027272726
27720,2024-04-15 17:00:00,Asia/Bangkok,57.01485333333331,10.3304347826087,9.904347826086957,35.41402256637168
27721,2024-04-15 18:00:00,Asia/Bangkok,62.36513482758619,10.78448275862069,10.18103448275862,33.86405373913044
27722,2024-04-15 19:00:00,Asia/Bangkok,69.76381566371683,12.98275862068965,12.42241379310345,31.96499619469024
27723,2024-04-15 20:00:00,Asia/Bangkok,74.56142946902656,30.38938053097345,27.86725663716814,30.85877196428573
27724,2024-04-15 21:00:00,Asia/Bangkok,76.54983819819819,36.35344827586207,33.24137931034483,30.46963981651374
27725,2024-04-15 22:00:00,Asia/Bangkok,79.23145884955751,26.80172413793104,25.01724137931035,29.61799141592921
27726,2024-04-15 23:00:00,Asia/Bangkok,80.38729093749998,25.51063829787234,23.82105263157895,29.13085659574469
27727,2024-04-16 00:00:00,Asia/Bangkok,82.93962463157888,25.03030303030303,23.62626262626263,28.27047726315789
27728,2024-04-16 01:00:00,Asia/Bangkok,84.36532398230086,28.86086956521739,27.20869565217391,27.7350745614035
27729,2024-04-16 02:00:00,Asia/Bangkok,84.55514313131312,25.83,24.46,27.49065540816328
27730,2024-04-16 03:00:00,Asia/Bangkok,86.09176245614036,26.31034482758621,25.02586206896552,27.00176324561405
27731,2024-04-16 04:00:00,Asia/Bangkok,84.83678364485986,25.32142857142857,24.04464285714286,27.27327457943925
27732,2024-04-16 05:00:00,Asia/Bangkok,85.4944304504505,25.68141592920354,24.42477876106195,26.83021324324326
27733,2024-04-16 06:00:00,Asia/Bangkok,86.57648749999996,28.45299145299145,27.16239316239316,26.48077071428571
27734,2024-04-16 07:00:00,Asia/Bangkok,87.87025071428572,36.06896551724138,32.12931034482759,26.32248846846847
27735,2024-04-16 08:00:00,Asia/Bangkok,88.92441739130432,37.12931034482759,32.45689655172414,26.84847295652174
27736,2024-04-16 09:00:00,Asia/Bangkok,80.71223605263155,15.06896551724138,14.47413793103448,29.44663684210527
27737,2024-04-16 10:00:00,Asia/Bangkok,69.14467999999998,10.0,9.487179487179487,31.68366939655174
27738,2024-04-16 11:00:00,Asia/Bangkok,61.3083309009009,7.327586206896552,7.008620689655173,33.40638675675675
27739,2024-04-16 12:00:00,Asia/Bangkok,56.42600289473685,7.051724137931035,6.698275862068965,34.72793798245611
27740,2024-04-16 13:00:00,Asia/Bangkok,52.3549299145299,7.162393162393163,6.837606837606837,36.01875837606837
27741,2024-04-16 14:00:00,Asia/Bangkok,50.32214823008852,6.0,5.732758620689655,36.6222149557522
27742,2024-04-16 15:00:00,Asia/Bangkok,52.36059053097348,5.379310344827586,5.137931034482759,36.31849333333334
27743,2024-04-16 16:00:00,Asia/Bangkok,55.92887955752212,5.572649572649572,5.282051282051282,35.50110389380529
27744,2024-04-16 17:00:00,Asia/Bangkok,56.56672,6.897435897435898,6.512820512820513,34.71660210526317
27745,2024-04-16 18:00:00,Asia/Bangkok,63.19865973214286,7.387931034482759,6.96551724137931,32.73482249999999
27746,2024-04-16 19:00:00,Asia/Bangkok,70.29365423423422,8.232758620689655,7.78448275862069,31.12811567567568
27747,2024-04-16 20:00:00,Asia/Bangkok,75.26268580357143,15.92173913043478,15.11304347826087,30.23157469026549
27748,2024-04-16 21:00:00,Asia/Bangkok,75.60078373913042,17.77586206896552,16.70689655172414,30.23475736842104
27749,2024-04-16 22:00:00,Asia/Bangkok,76.97867573913042,28.81739130434783,25.8695652173913,29.64523373913043
27750,2024-04-16 23:00:00,Asia/Bangkok,78.46509865979381,29.49484536082474,27.24742268041237,29.11390474226805
27751,2024-04-17 00:00:00,Asia/Bangkok,82.17499482142856,30.08620689655172,28.31034482758621,27.9419641964286
27752,2024-04-17 01:00:00,Asia/Bangkok,85.19540377192988,28.37391304347826,26.90434782608695,27.09145421052633
27753,2024-04-17 02:00:00,Asia/Bangkok,84.89178780701752,28.86324786324786,27.17094017094017,27.01986964912282
27754,2024-04-17 03:00:00,Asia/Bangkok,84.90593823008854,42.21739130434783,36.19130434782609,26.88274814159294
27755,2024-04-17 04:00:00,Asia/Bangkok,84.60208110091742,45.66666666666666,38.27027027027027,26.81651777777777
27756,2024-04-17 05:00:00,Asia/Bangkok,84.5549780172414,45.2991452991453,38.04273504273505,26.66217617391307
27757,2024-04-17 06:00:00,Asia/Bangkok,85.81132324324325,46.80172413793103,39.07826086956522,26.14858118181821
27758,2024-04-17 07:00:00,Asia/Bangkok,86.78987852173915,44.72566371681416,37.49122807017544,25.95734817391304
27759,2024-04-17 08:00:00,Asia/Bangkok,87.26035080357147,38.36607142857143,33.67857142857143,26.83916624999999
27760,2024-04-17 09:00:00,Asia/Bangkok,82.54345439655171,24.29059829059829,22.01724137931035,29.05659853448276
27761,2024-04-17 10:00:00,Asia/Bangkok,74.39460617391305,14.8448275862069,13.47863247863248,31.32863263157892
27762,2024-04-17 11:00:00,Asia/Bangkok,69.2599235964912,7.517241379310345,7.112068965517241,32.71654780701754
27763,2024-04-17 12:00:00,Asia/Bangkok,61.402518245614,4.410256410256411,4.162393162393163,34.41115245614036
27764,2024-04-17 13:00:00,Asia/Bangkok,56.14384853448277,3.948275862068965,3.767241379310345,35.54218301724138
27765,2024-04-17 14:00:00,Asia/Bangkok,50.56806115044251,4.096491228070176,3.780701754385965,36.97642486725665
27766,2024-04-17 15:00:00,Asia/Bangkok,50.84094441441442,3.321739130434783,3.113043478260869,36.87228198198198
27767,2024-04-17 16:00:00,Asia/Bangkok,56.45875605263159,1.78448275862069,1.568965517241379,35.70590964912279
27768,2024-04-17 17:00:00,Asia/Bangkok,59.53352964912279,1.25,1.060344827586207,34.56127587719298
27769,2024-04-17 18:00:00,Asia/Bangkok,64.74435776785715,2.301724137931035,2.129310344827586,32.84733321428573
27770,2024-04-17 19:00:00,Asia/Bangkok,70.59554447368423,4.612068965517241,4.318965517241379,31.51200911504422
27771,2024-04-17 20:00:00,Asia/Bangkok,72.15301295238093,55.43636363636364,51.28181818181818,31.57284733333332
27772,2024-04-17 21:00:00,Asia/Bangkok,75.67996538461541,51.91428571428571,46.18095238095238,30.54278009615386
27773,2024-04-17 22:00:00,Asia/Bangkok,79.5820665178571,53.12931034482759,44.5,29.52630473214287
27774,2024-04-17 23:00:00,Asia/Bangkok,82.21806999999997,32.87068965517241,29.94827586206896,28.8806864864865
27775,2024-04-18 00:00:00,Asia/Bangkok,82.94517755102044,48.43877551020408,40.17346938775511,28.45141323232323
27776,2024-04-18 01:00:00,Asia/Bangkok,82.65489539823004,42.50434782608696,35.97391304347826,28.25992628318582
27777,2024-04-18 02:00:00,Asia/Bangkok,83.41770474137935,35.44827586206897,31.78448275862069,27.88374879310347
27778,2024-04-18 03:00:00,Asia/Bangkok,84.99979773913043,31.33043478260869,29.07826086956522,27.30881295652172
27779,2024-04-18 04:00:00,Asia/Bangkok,86.05350098214289,30.48695652173913,28.33913043478261,27.03209562499998
27780,2024-04-18 05:00:00,Asia/Bangkok,86.24426398230088,35.44827586206897,31.0948275862069,26.76991132743362
27781,2024-04-18 06:00:00,Asia/Bangkok,86.49866612612611,25.16521739130435,23.46956521739131,26.50534414414415
27782,2024-04-18 07:00:00,Asia/Bangkok,87.67898867256642,24.67521367521368,23.23931623931624,26.35583794642857
27783,2024-04-18 08:00:00,Asia/Bangkok,88.70306982300887,21.5948275862069,20.68103448275862,27.25314442477876
27784,2024-04-18 09:00:00,Asia/Bangkok,81.7321772173913,11.75,11.10344827586207,29.54689634782611
27785,2024-04-18 10:00:00,Asia/Bangkok,71.45518474137931,9.03448275862069,8.560344827586206,32.12160534482759
27786,2024-04-18 11:00:00,Asia/Bangkok,62.76871836734693,10.04081632653061,9.724489795918368,34.01843734693878
27787,2024-04-18 12:00:00,Asia/Bangkok,53.37975116071429,9.649572649572649,9.290598290598291,35.57938955357144
27788,2024-04-18 13:00:00,Asia/Bangkok,45.92514434782611,7.28448275862069,7.03448275862069,37.66627434782608
27789,2024-04-18 14:00:00,Asia/Bangkok,45.02324303571429,6.773913043478261,6.495652173913044,38.39193741071428
27790,2024-04-18 15:00:00,Asia/Bangkok,45.34430091836734,6.86,6.49,38.43251602040817
27791,2024-04-18 16:00:00,Asia/Bangkok,58.26499414414415,5.75,5.5,36.44132378378379
27792,2024-04-18 17:00:00,Asia/Bangkok,63.21712867256638,5.672413793103448,5.373913043478261,35.21717830357141
27793,2024-04-18 18:00:00,Asia/Bangkok,66.70019657894733,5.683760683760684,5.452991452991453,33.64397219298246
27794,2024-04-18 19:00:00,Asia/Bangkok,71.40457902654867,7.982758620689655,7.551724137931035,31.77544982300885
27795,2024-04-18 20:00:00,Asia/Bangkok,72.96143090909091,13.46551724137931,12.60869565217391,31.29794509090907
27796,2024-04-18 21:00:00,Asia/Bangkok,74.39943999999998,17.46551724137931,16.30769230769231,31.06289186915886
27797,2024-04-18 22:00:00,Asia/Bangkok,78.26263150442476,15.76724137931035,14.70689655172414,30.17826123893807
27798,2024-04-18 23:00:00,Asia/Bangkok,80.04091415929203,16.27586206896552,15.22413793103448,29.71693699115044
27799,2024-04-19 00:00:00,Asia/Bangkok,80.79127271929826,20.28448275862069,18.86206896551724,29.53906398230089
27800,2024-04-19 01:00:00,Asia/Bangkok,82.58694486725662,22.69565217391304,21.50434782608696,29.00580549549548
27801,2024-04-19 02:00:00,Asia/Bangkok,83.87717673469389,22.03061224489796,20.91836734693878,28.52486316326531
27802,2024-04-19 03:00:00,Asia/Bangkok,85.34812660869564,23.15384615384615,21.41025641025641,28.0283615652174
27803,2024-04-19 04:00:00,Asia/Bangkok,85.93454298245614,20.58620689655172,19.45689655172414,27.68811000000001
27804,2024-04-19 05:00:00,Asia/Bangkok,86.63100318584071,22.24137931034483,21.25862068965517,27.40743336283185
27805,2024-04-19 06:00:00,Asia/Bangkok,87.22779535087724,19.79310344827586,18.94827586206896,27.20435499999999
27806,2024-04-19 07:00:00,Asia/Bangkok,86.83070008928566,19.18103448275862,18.07758620689655,27.25065696428572
27807,2024-04-19 08:00:00,Asia/Bangkok,87.63142153153154,21.00862068965517,19.83620689655172,27.72440990990991
27808,2024-04-19 09:00:00,Asia/Bangkok,80.3188342608696,12.19130434782609,11.56896551724138,29.7383943478261
27809,2024-04-19 10:00:00,Asia/Bangkok,71.96633782608698,12.0948275862069,11.35344827586207,32.19093930434781
27810,2024-04-19 11:00:00,Asia/Bangkok,64.06273391304346,13.80869565217391,13.36521739130435,34.43559599999999
27811,2024-04-19 12:00:00,Asia/Bangkok,56.23758947826084,15.55172413793103,15.01724137931035,36.45397701754384
27812,2024-04-19 13:00:00,Asia/Bangkok,52.30174228070177,16.18103448275862,15.69827586206897,37.55883745614035
27813,2024-04-19 14:00:00,Asia/Bangkok,50.54451070796462,14.79130434782609,14.23478260869565,37.70970061946901
27814,2024-04-19 15:00:00,Asia/Bangkok,46.92343307017545,12.87931034482759,12.41379310344828,38.2558403508772
27815,2024-04-19 16:00:00,Asia/Bangkok,51.79206451327432,10.8974358974359,10.2991452991453,37.87348705357141
27816,2024-04-19 17:00:00,Asia/Bangkok,60.62634955752214,10.45689655172414,10.0,35.9999114159292
27817,2024-04-19 18:00:00,Asia/Bangkok,65.28253929824562,12.61538461538461,11.92307692307692,34.11745452173914
27818,2024-04-19 19:00:00,Asia/Bangkok,67.57676652173915,17.42241379310345,16.46551724137931,32.47540999999998
27819,2024-04-19 20:00:00,Asia/Bangkok,70.27088808695652,18.75862068965517,17.67241379310345,31.5283442105263
27820,2024-04-19 21:00:00,Asia/Bangkok,78.21440295652171,13.56410256410256,12.76923076923077,29.77875104347827
27821,2024-04-19 22:00:00,Asia/Bangkok,79.23308182608693,13.54310344827586,12.96551724137931,29.57875608695651
27822,2024-04-19 23:00:00,Asia/Bangkok,80.12165649122808,13.71551724137931,12.98275862068965,29.40281582608696
27823,2024-04-20 00:00:00,Asia/Bangkok,81.46394508620692,14.12820512820513,13.34188034188034,29.12965243478262
27824,2024-04-20 01:00:00,Asia/Bangkok,84.22737763157896,15.06896551724138,14.28448275862069,28.42104219298245
27825,2024-04-20 02:00:00,Asia/Bangkok,82.82884982456139,15.95726495726496,15.24786324786325,28.78097815789474
27826,2024-04-20 03:00:00,Asia/Bangkok,84.02328651785716,16.56896551724138,15.9051724137931,28.5285770535714
27827,2024-04-20 04:00:00,Asia/Bangkok,81.98357903508774,18.18803418803419,17.36752136752137,28.810655
27828,2024-04-20 05:00:00,Asia/Bangkok,79.62229921052635,15.39655172413793,14.70689655172414,29.06730912280705
27829,2024-04-20 06:00:00,Asia/Bangkok,80.7219205982906,15.41880341880342,14.69827586206897,28.67788863247863
27830,2024-04-20 07:00:00,Asia/Bangkok,81.80501920353983,20.79310344827586,19.36752136752137,28.58393610619469
27831,2024-04-20 08:00:00,Asia/Bangkok,81.26790767241377,21.70689655172414,20.4051724137931,29.01467844827586
27832,2024-04-20 09:00:00,Asia/Bangkok,77.11623156521738,25.83760683760684,24.68376068376068,30.63734260869563
27833,2024-04-20 10:00:00,Asia/Bangkok,75.34892973451329,29.35344827586207,27.60344827586207,31.55704938053095
27834,2024-04-20 11:00:00,Asia/Bangkok,65.69507150442477,24.76724137931035,23.6551724137931,34.57421592920355
27835,2024-04-20 12:00:00,Asia/Bangkok,56.37271860869566,20.81196581196581,19.99145299145299,37.0330112173913
27836,2024-04-20 13:00:00,Asia/Bangkok,67.75984166666669,29.23275862068965,27.77586206896552,34.35561377192982
27837,2024-04-20 14:00:00,Asia/Bangkok,71.5206811304348,23.06896551724138,22.08620689655172,33.06558991379308
27838,2024-04-20 15:00:00,Asia/Bangkok,57.38748166666664,19.35897435897436,18.64957264957265,36.51776619469025
27839,2024-04-20 16:00:00,Asia/Bangkok,63.86054738317757,16.98230088495575,16.38938053097345,35.72032149532711
27840,2024-04-20 17:00:00,Asia/Bangkok,70.32504436363638,38.12068965517241,32.60344827586207,32.9022560909091
27841,2024-04-20 18:00:00,Asia/Bangkok,75.84032309734513,22.75,21.24786324786325,31.4767522123894
27842,2024-04-20 19:00:00,Asia/Bangkok,75.36742883928572,13.99130434782609,13.2,30.29654821428572
27843,2024-04-20 20:00:00,Asia/Bangkok,78.8238904385965,17.38260869565217,16.57391304347826,29.84770114035087
27844,2024-04-20 21:00:00,Asia/Bangkok,82.58327236842099,18.56034482758621,17.77586206896552,28.9970148245614
27845,2024-04-20 22:00:00,Asia/Bangkok,82.98233456140346,21.67826086956522,19.93913043478261,29.00582245614036
27846,2024-04-20 23:00:00,Asia/Bangkok,83.65349525862071,17.21551724137931,16.38793103448276,28.95376706896552
27847,2024-04-21 00:00:00,Asia/Bangkok,85.9205822321428,15.90434782608696,15.2,28.32091071428567
27848,2024-04-21 01:00:00,Asia/Bangkok,87.54911137931033,16.06837606837607,15.29059829059829,27.87758000000001
27849,2024-04-21 02:00:00,Asia/Bangkok,88.2208064347826,22.6140350877193,21.67543859649123,27.89166626086956
27850,2024-04-21 03:00:00,Asia/Bangkok,88.21564867256636,23.06896551724138,21.85344827586207,27.88471928571428
27851,2024-04-21 04:00:00,Asia/Bangkok,90.06474413793103,20.95689655172414,19.96551724137931,27.33393603448276
27852,2024-04-21 05:00:00,Asia/Bangkok,90.32532678260871,17.54310344827586,16.54310344827586,27.10057173913044
27853,2024-04-21 06:00:00,Asia/Bangkok,89.64249232758627,18.43103448275862,17.47413793103448,27.46600465517242
27854,2024-04-21 07:00:00,Asia/Bangkok,89.06292999999997,19.57264957264957,18.52991452991453,27.57410565217389
27855,2024-04-21 08:00:00,Asia/Bangkok,89.19263622807021,18.71551724137931,17.70689655172414,27.61146561403507
27856,2024-04-21 09:00:00,Asia/Bangkok,83.53913415929202,16.60344827586207,15.66379310344828,29.35108571428572
27857,2024-04-21 10:00:00,Asia/Bangkok,72.63493434782606,21.19827586206896,19.69827586206896,32.62304513043477
27858,2024-04-21 11:00:00,Asia/Bangkok,63.92907789473687,79.99145299145299,64.96581196581197,35.58131859649123
27859,2024-04-21 12:00:00,Asia/Bangkok,61.23811690909092,22.78448275862069,21.61206896551724,36.4685520909091
27860,2024-04-21 13:00:00,Asia/Bangkok,57.80519437499999,19.98275862068965,19.25862068965517,36.94197142857142
27861,2024-04-21 14:00:00,Asia/Bangkok,56.66405362831857,17.82608695652174,17.22608695652174,36.85680389380531
27862,2024-04-21 15:00:00,Asia/Bangkok,59.35566780701754,18.48275862068965,17.75,35.88018412280702
27863,2024-04-21 16:00:00,Asia/Bangkok,61.79891850877195,17.0,16.24137931034483,35.51434885964913
27864,2024-04-21 17:00:00,Asia/Bangkok,68.46847098214283,17.02564102564103,16.24786324786325,33.74334883928573
27865,2024-04-21 18:00:00,Asia/Bangkok,72.74233592920355,22.57522123893805,21.5575221238938,32.72691557522126
27866,2024-04-21 19:00:00,Asia/Bangkok,76.34460931034482,19.45689655172414,18.5948275862069,31.83224353448277
27867,2024-04-21 20:00:00,Asia/Bangkok,77.69501243478264,22.24786324786325,21.11965811965812,31.6098068695652
27868,2024-04-21 21:00:00,Asia/Bangkok,79.63148769911503,29.99137931034483,27.56896551724138,31.17264088495571
27869,2024-04-21 22:00:00,Asia/Bangkok,80.88653345132744,35.68103448275862,31.83620689655172,30.90459451327435
27870,2024-04-21 23:00:00,Asia/Bangkok,81.80095070175436,38.17948717948718,33.4017094017094,30.7111557894737
27871,2024-04-22 00:00:00,Asia/Bangkok,85.0401778761062,38.03448275862069,33.29310344827586,29.65376663716813
27872,2024-04-22 01:00:00,Asia/Bangkok,85.1320913513514,36.85217391304348,32.75652173913043,29.55393027272726
27873,2024-04-22 02:00:00,Asia/Bangkok,85.56776132743366,38.9059829059829,33.82905982905983,29.29702982300885
27874,2024-04-22 03:00:00,Asia/Bangkok,86.39324944954132,39.02586206896552,33.85344827586207,28.98506091743121
27875,2024-04-22 04:00:00,Asia/Bangkok,86.27514610619473,44.61206896551724,37.39655172413793,28.82166840707966
27876,2024-04-22 05:00:00,Asia/Bangkok,87.27651327272726,40.07758620689656,34.37931034482759,28.43120463636363
27877,2024-04-22 06:00:00,Asia/Bangkok,88.06405699115045,39.50862068965517,34.08620689655172,28.17393159292033
27878,2024-04-22 07:00:00,Asia/Bangkok,88.66443026086958,44.09565217391305,37.21551724137931,28.0782375652174
27879,2024-04-22 08:00:00,Asia/Bangkok,89.77404728070178,37.05172413793103,32.85344827586207,28.77889
27880,2024-04-22 09:00:00,Asia/Bangkok,82.30380672727274,24.70434782608696,23.36521739130435,30.78425027522935
27881,2024-04-22 10:00:00,Asia/Bangkok,72.7393695614035,21.00862068965517,20.08620689655172,32.88953315789473
27882,2024-04-22 11:00:00,Asia/Bangkok,63.95051981981982,17.05172413793104,16.35344827586207,35.09699423423423
27883,2024-04-22 12:00:00,Asia/Bangkok,56.18164913043482,14.87068965517241,14.44827586206897,36.86224947826087
27884,2024-04-22 13:00:00,Asia/Bangkok,51.9684728695652,14.11206896551724,13.62931034482759,38.13262939130435
27885,2024-04-22 14:00:00,Asia/Bangkok,57.47819689655175,15.31896551724138,14.77586206896552,37.63344155172414
27886,2024-04-22 15:00:00,Asia/Bangkok,74.95421982300884,18.57264957264957,17.57264957264957,34.5132375
27887,2024-04-22 16:00:00,Asia/Bangkok,76.68693391304353,17.45689655172414,16.68103448275862,32.6532328695652
27888,2024-04-22 17:00:00,Asia/Bangkok,72.0099749122807,18.46153846153846,17.65811965811966,33.0357936842105
27889,2024-04-22 18:00:00,Asia/Bangkok,73.37532228070178,17.87272727272727,17.20909090909091,32.27849552631577
27890,2024-04-22 19:00:00,Asia/Bangkok,77.36810212389382,19.82905982905983,18.97435897435897,31.62749752212389
27891,2024-04-22 20:00:00,Asia/Bangkok,81.68564964601777,22.78448275862069,21.76724137931035,30.80016530973452
27892,2024-04-22 21:00:00,Asia/Bangkok,83.13122887755107,25.66,24.48484848484848,30.70297693877552
27893,2024-04-22 22:00:00,Asia/Bangkok,83.59920556521737,29.76068376068376,27.74358974358974,30.78950539130436
27894,2024-04-22 23:00:00,Asia/Bangkok,85.79229761061944,30.10344827586207,28.20689655172414,30.23355663716816
27895,2024-04-23 00:00:00,Asia/Bangkok,87.58862419642858,31.76106194690265,29.4424778761062,29.74651044642857
27896,2024-04-23 01:00:00,Asia/Bangkok,88.10299719298247,46.58620689655172,38.45689655172414,29.48331852173911
27897,2024-04-23 02:00:00,Asia/Bangkok,89.10038592920354,43.44444444444444,36.44444444444444,29.11728830357143
27898,2024-04-23 03:00:00,Asia/Bangkok,89.30728846846843,42.83620689655172,36.12931034482759,28.75652972972971
27899,2024-04-23 04:00:00,Asia/Bangkok,89.95239886956523,45.99145299145299,38.37606837606837,28.43954417391302
27900,2024-04-23 05:00:00,Asia/Bangkok,90.11296238938057,47.47413793103448,39.56896551724138,28.19820061946901
27901,2024-04-23 06:00:00,Asia/Bangkok,90.49564871794874,46.1965811965812,38.64957264957265,27.88865820512817
27902,2024-04-23 07:00:00,Asia/Bangkok,91.04031026785717,44.01724137931034,37.08620689655172,27.84092241071429
27903,2024-04-23 08:00:00,Asia/Bangkok,91.12437649122806,39.88034188034188,34.62931034482759,28.38307280701754
27904,2024-04-23 09:00:00,Asia/Bangkok,88.34167938596492,30.68103448275862,28.83760683760684,29.63276263157895
27905,2024-04-23 10:00:00,Asia/Bangkok,79.20158422413795,22.49137931034483,21.20689655172414,31.99142646551723
27906,2024-04-23 11:00:00,Asia/Bangkok,72.88758672413795,19.4017094017094,18.67521367521368,33.21358801724138
27907,2024-04-23 12:00:00,Asia/Bangkok,62.63291723214287,17.75,17.01724137931035,35.76094937499999
27908,2024-04-23 13:00:00,Asia/Bangkok,58.58315745454547,19.2991452991453,18.33333333333333,36.15109899999999
27909,2024-04-23 14:00:00,Asia/Bangkok,55.92190752293577,14.87931034482759,14.30172413793103,37.19534129629628
27910,2024-04-23 15:00:00,Asia/Bangkok,63.77459584070797,13.85344827586207,13.33620689655172,36.11830495575222
27911,2024-04-23 16:00:00,Asia/Bangkok,65.50579265486724,13.18421052631579,12.78947368421053,35.75490415929204
27912,2024-04-23 17:00:00,Asia/Bangkok,68.22627252173913,13.87931034482759,13.3448275862069,34.80818713043476
27913,2024-04-23 18:00:00,Asia/Bangkok,71.91107426086955,16.59130434782609,15.81739130434783,33.57342878260869
27914,2024-04-23 19:00:00,Asia/Bangkok,75.9472171551724,29.91379310344828,27.23275862068965,32.42038275862068
27915,2024-04-23 20:00:00,Asia/Bangkok,80.01375826086954,21.86206896551724,20.93103448275862,31.02498191304349
27916,2024-04-23 21:00:00,Asia/Bangkok,81.81640129310345,25.19827586206896,23.83620689655172,30.62539301724138
27917,2024-04-23 22:00:00,Asia/Bangkok,82.73431304347827,32.70940170940171,28.8974358974359,30.66889886956522
27918,2024-04-23 23:00:00,Asia/Bangkok,84.11935767241381,37.6551724137931,33.29310344827586,30.43296577586209
27919,2024-04-24 00:00:00,Asia/Bangkok,85.99686236842108,25.25,24.0948275862069,29.74020964912284
27920,2024-04-24 01:00:00,Asia/Bangkok,88.39528666666662,25.92173913043478,24.72413793103448,28.89474640350877
27921,2024-04-24 02:00:00,Asia/Bangkok,86.89842728070171,29.0948275862069,27.39655172413793,29.25954780701753
27922,2024-04-24 03:00:00,Asia/Bangkok,86.98047877192982,33.96551724137931,30.98275862068965,29.04788929824563
27923,2024-04-24 04:00:00,Asia/Bangkok,88.6957607758621,32.70940170940171,29.98290598290598,28.36824991379311
27924,2024-04-24 05:00:00,Asia/Bangkok,88.94403543103444,31.36206896551724,29.25,28.16539827586207
27925,2024-04-24 06:00:00,Asia/Bangkok,88.92421652173915,31.33620689655172,29.37931034482759,28.00957686956525
27926,2024-04-24 07:00:00,Asia/Bangkok,89.45527896551717,34.36206896551724,31.16379310344828,27.83844706896549
27927,2024-04-24 08:00:00,Asia/Bangkok,90.56622715517241,31.13675213675214,29.35897435897436,28.50823156521739
27928,2024-04-24 09:00:00,Asia/Bangkok,83.80197036036039,35.56521739130435,32.84347826086957,30.6104573873874
27929,2024-04-24 10:00:00,Asia/Bangkok,75.44441207207207,24.04273504273504,21.51282051282051,32.09116576576575
27930,2024-04-24 11:00:00,Asia/Bangkok,65.62673061946904,15.37068965517241,14.79310344827586,34.27880380530974
27931,2024-04-24 12:00:00,Asia/Bangkok,56.19929353448278,13.81896551724138,13.28448275862069,36.04774896551724
27932,2024-04-24 13:00:00,Asia/Bangkok,50.96419504587156,12.74782608695652,12.35652173913043,37.35803779816513
27933,2024-04-24 14:00:00,Asia/Bangkok,53.02669284482759,12.77777777777778,12.31623931623932,37.10585478260867
27934,2024-04-24 15:00:00,Asia/Bangkok,59.67628140350875,16.93965517241379,16.28448275862069,36.52127447368419
27935,2024-04-24 16:00:00,Asia/Bangkok,62.90496938596492,18.86206896551724,18.1551724137931,35.89253176991151
27936,2024-04-24 17:00:00,Asia/Bangkok,65.82555619469025,16.17948717948718,15.62393162393162,34.99402469026548
27937,2024-04-24 18:00:00,Asia/Bangkok,69.8519000884956,15.49137931034483,14.81896551724138,33.38906300884956
27938,2024-04-24 19:00:00,Asia/Bangkok,75.53899812500002,17.30973451327434,16.54867256637168,31.95124633928569
27939,2024-04-24 20:00:00,Asia/Bangkok,77.72985798245615,36.0948275862069,31.87931034482759,31.13991115044248
27940,2024-04-24 21:00:00,Asia/Bangkok,77.31556271929821,44.91304347826087,38.19130434782609,31.40609307017543
27941,2024-04-24 22:00:00,Asia/Bangkok,80.40263719298247,35.86206896551724,32.06034482758621,30.64866725663718
27942,2024-04-24 23:00:00,Asia/Bangkok,82.31101927272731,28.76923076923077,27.28205128205128,30.15091854545457
27943,2024-04-25 00:00:00,Asia/Bangkok,82.66546526785716,29.92241379310345,28.18103448275862,30.06144107142859
27944,2024-04-25 01:00:00,Asia/Bangkok,82.51389749999998,32.55652173913043,30.0695652173913,30.06706830357143
27945,2024-04-25 02:00:00,Asia/Bangkok,84.3289707079646,35.35344827586207,32.14655172413793,29.46044132743362
27946,2024-04-25 03:00:00,Asia/Bangkok,86.21163500000002,36.02586206896552,32.24137931034483,28.82531913793104
27947,2024-04-25 04:00:00,Asia/Bangkok,85.80077876106192,37.75862068965517,33.27586206896552,28.72882176991152
27948,2024-04-25 05:00:00,Asia/Bangkok,86.18426885964914,36.94827586206897,32.8448275862069,28.43793157894737
27949,2024-04-25 06:00:00,Asia/Bangkok,86.77575333333334,34.40869565217391,31.36521739130435,28.15700684210525
27950,2024-04-25 07:00:00,Asia/Bangkok,87.31701945454547,34.51327433628319,31.28318584070797,28.03503297297295
27951,2024-04-25 08:00:00,Asia/Bangkok,87.84894548672565,29.44444444444444,27.98290598290598,28.56805982142856
27952,2024-04-25 09:00:00,Asia/Bangkok,81.46073705357142,20.72173913043478,19.92173913043478,30.73653366071428
27953,2024-04-25 10:00:00,Asia/Bangkok,75.2970362280702,16.16379310344828,15.52586206896552,32.44225315789475
27954,2024-04-25 11:00:00,Asia/Bangkok,68.02783894736841,14.73504273504273,14.2051282051282,33.92557456140351
27955,2024-04-25 12:00:00,Asia/Bangkok,62.05442086956524,14.17241379310345,13.66379310344828,35.60937921739129
27956,2024-04-25 13:00:00,Asia/Bangkok,57.90242886956522,14.76068376068376,14.23931623931624,36.70681295652175
27957,2024-04-25 14:00:00,Asia/Bangkok,57.63578069565218,12.79130434782609,12.30434782608696,37.09333852173913
27958,2024-04-25 15:00:00,Asia/Bangkok,59.15717575221237,10.83620689655172,10.39655172413793,37.06560964601767
27959,2024-04-25 16:00:00,Asia/Bangkok,62.35802754385966,10.60683760683761,10.29059829059829,35.8972846491228
27960,2024-04-25 17:00:00,Asia/Bangkok,64.91995415094338,12.11428571428571,11.68867924528302,34.87013981132074
27961,2024-04-25 18:00:00,Asia/Bangkok,67.62890154545458,12.41379310344828,12.01724137931035,33.81145345454544
27962,2024-04-25 19:00:00,Asia/Bangkok,72.15243460176995,24.54310344827586,22.92241379310345,32.65666651785715
27963,2024-04-25 20:00:00,Asia/Bangkok,75.33601107142856,25.83760683760684,24.11206896551724,32.06075285714284
27964,2024-04-25 21:00:00,Asia/Bangkok,76.73373278260867,23.69827586206896,22.45299145299145,31.82524591304347
27965,2024-04-25 22:00:00,Asia/Bangkok,79.26395972727273,21.69827586206896,20.8448275862069,31.25235299999997
27966,2024-04-25 23:00:00,Asia/Bangkok,80.11420928571428,38.07758620689656,32.79310344827586,31.03944839285716
27967,2024-04-26 00:00:00,Asia/Bangkok,81.02036401785713,50.25,41.12068965517241,30.674378125
27968,2024-04-26 01:00:00,Asia/Bangkok,83.3217418421052,43.31623931623932,36.84615384615385,30.05884464912277
27969,2024-04-26 02:00:00,Asia/Bangkok,84.93805939130438,33.37931034482759,30.52586206896552,29.56928173913044
27970,2024-04-26 03:00:00,Asia/Bangkok,86.74552223214286,31.83620689655172,29.67241379310345,29.06481133928575
27971,2024-04-26 04:00:00,Asia/Bangkok,86.66667713043478,33.49137931034483,30.75862068965517,29.0110887826087
27972,2024-04-26 05:00:00,Asia/Bangkok,86.68937858407078,32.99145299145299,30.34188034188034,28.99156866071428
27973,2024-04-26 06:00:00,Asia/Bangkok,87.37828657657658,43.31896551724138,36.50862068965517,28.73730873873875
27974,2024-04-26 07:00:00,Asia/Bangkok,88.16833176991153,39.87826086956522,34.43478260869565,28.59648407079647
27975,2024-04-26 08:00:00,Asia/Bangkok,88.3250696491228,32.44444444444444,29.8034188034188,29.33746469026548
27976,2024-04-26 09:00:00,Asia/Bangkok,81.29762782608695,18.24137931034483,17.57758620689655,31.26305921739131
27977,2024-04-26 10:00:00,Asia/Bangkok,71.68633079646017,14.20689655172414,13.73275862068965,33.04544141592919
27978,2024-04-26 11:00:00,Asia/Bangkok,64.56973315315312,14.6,13.88695652173913,34.5188886238532
27979,2024-04-26 12:00:00,Asia/Bangkok,56.07879199999996,11.57758620689655,11.01724137931035,36.28963999999997
27980,2024-04-26 13:00:00,Asia/Bangkok,48.45073852173911,10.08695652173913,9.539130434782608,37.79080539130435
27981,2024-04-26 14:00:00,Asia/Bangkok,46.23337728070175,14.05217391304348,12.73043478260869,38.45035201754386
27982,2024-04-26 15:00:00,Asia/Bangkok,67.31711982300884,18.5,16.88793103448276,35.43179327433629
27983,2024-04-26 16:00:00,Asia/Bangkok,66.41429035087717,16.11206896551724,15.50862068965517,35.97111614035085
27984,2024-04-26 17:00:00,Asia/Bangkok,67.9167861946902,20.15929203539823,19.11504424778761,35.28539716814159
27985,2024-04-26 18:00:00,Asia/Bangkok,69.76858274336286,20.22413793103448,19.12068965517241,34.38112495575222
27986,2024-04-26 19:00:00,Asia/Bangkok,72.63238245614039,42.1551724137931,36.37931034482759,33.15687201754385
27987,2024-04-26 20:00:00,Asia/Bangkok,77.83523539130432,29.61206896551724,25.94827586206896,31.9122504347826
27988,2024-04-26 21:00:00,Asia/Bangkok,79.070845,27.96581196581197,25.41880341880342,31.90480310344827
27989,2024-04-26 22:00:00,Asia/Bangkok,78.94596552631579,26.24137931034483,24.57758620689655,32.11743271929819
27990,2024-04-26 23:00:00,Asia/Bangkok,80.70795061403508,25.33620689655172,23.93103448275862,31.7289238596491
27991,2024-04-27 00:00:00,Asia/Bangkok,83.33206051282052,27.00854700854701,25.29059829059829,31.02184153846155
27992,2024-04-27 01:00:00,Asia/Bangkok,84.28686930434783,23.13793103448276,22.31896551724138,30.64156808695651
27993,2024-04-27 02:00:00,Asia/Bangkok,86.09532180180182,23.37931034482759,22.46551724137931,30.02262405405405
27994,2024-04-27 03:00:00,Asia/Bangkok,85.78374034782604,30.71551724137931,28.37068965517241,29.91486808695651
27995,2024-04-27 04:00:00,Asia/Bangkok,87.17593260869565,31.1551724137931,29.25862068965517,29.32523313043474
27996,2024-04-27 05:00:00,Asia/Bangkok,87.14123431034481,31.17094017094017,29.33333333333333,29.180189137931
27997,2024-04-27 06:00:00,Asia/Bangkok,87.13248433628318,35.24137931034483,31.78448275862069,29.04082159292036
27998,2024-04-27 07:00:00,Asia/Bangkok,88.47567780701758,38.89655172413793,34.07758620689656,28.72189840707965
27999,2024-04-27 08:00:00,Asia/Bangkok,89.05296565217385,33.03448275862069,29.70689655172414,29.12835269565217
28000,2024-04-27 09:00:00,Asia/Bangkok,83.11346469565217,21.24137931034483,20.4051724137931,30.75878347826085
28001,2024-04-27 10:00:00,Asia/Bangkok,74.04745587719295,15.75213675213675,15.21367521367521,32.8549593859649
28002,2024-04-27 11:00:00,Asia/Bangkok,66.24495991304347,10.86206896551724,10.47413793103448,34.62925321739129
28003,2024-04-27 12:00:00,Asia/Bangkok,59.0935182882883,8.508620689655173,8.25,36.55300754545454
28004,2024-04-27 13:00:00,Asia/Bangkok,56.79714444444443,8.376068376068377,8.153846153846153,36.96747623931623
28005,2024-04-27 14:00:00,Asia/Bangkok,57.68724965217393,8.887931034482758,8.525862068965518,37.42696626086957
28006,2024-04-27 15:00:00,Asia/Bangkok,58.27931365217391,9.120689655172415,8.818965517241379,37.26168547826086
28007,2024-04-27 16:00:00,Asia/Bangkok,58.25468336206898,6.735042735042735,6.393162393162394,37.08636913793105
28008,2024-04-27 17:00:00,Asia/Bangkok,59.94627765765767,7.163793103448276,6.741379310344827,36.31765445454546
28009,2024-04-27 18:00:00,Asia/Bangkok,63.14544701754387,6.145299145299146,5.752136752136752,34.75372754385964
28010,2024-04-27 19:00:00,Asia/Bangkok,66.49856350877195,7.758620689655173,7.413793103448276,33.19175043859649
28011,2024-04-27 20:00:00,Asia/Bangkok,69.2873094642857,7.474137931034483,6.982758620689655,32.53554758928573
28012,2024-04-27 21:00:00,Asia/Bangkok,73.0778007272727,23.38461538461538,20.82905982905983,31.51625772727271
28013,2024-04-27 22:00:00,Asia/Bangkok,76.0345749137931,26.14655172413793,23.52586206896552,30.99056112068966
28014,2024-04-27 23:00:00,Asia/Bangkok,78.7867255963303,17.84347826086956,16.78260869565218,30.12198236363636
28015,2024-04-28 00:00:00,Asia/Bangkok,79.80042657894737,23.87931034482759,22.43965517241379,29.77440867256639
28016,2024-04-28 01:00:00,Asia/Bangkok,81.65390556521734,25.12068965517241,23.43103448275862,29.21478491228069
28017,2024-04-28 02:00:00,Asia/Bangkok,82.30305535087722,26.3448275862069,24.44827586206896,29.03924684210525
28018,2024-04-28 03:00:00,Asia/Bangkok,83.34518732142861,24.30434782608696,22.70434782608696,28.73742621621622
28019,2024-04-28 04:00:00,Asia/Bangkok,85.29555052631582,29.61538461538462,26.98290598290598,28.29417710526315
28020,2024-04-28 05:00:00,Asia/Bangkok,86.58734666666668,24.56896551724138,23.36206896551724,27.89920578947365
28021,2024-04-28 06:00:00,Asia/Bangkok,87.282674122807,29.15384615384615,27.55555555555556,27.68572210526319
28022,2024-04-28 07:00:00,Asia/Bangkok,87.14193690265488,30.67826086956522,28.83478260869565,27.77407185840706
28023,2024-04-28 08:00:00,Asia/Bangkok,86.83624517857143,33.67241379310344,30.31034482758621,28.8666842857143
28024,2024-04-28 09:00:00,Asia/Bangkok,79.92532513274332,10.33620689655172,10.01724137931035,30.82582955752212
28025,2024-04-28 10:00:00,Asia/Bangkok,69.63453365217391,8.11304347826087,7.773913043478261,33.12042456140351
28026,2024-04-28 11:00:00,Asia/Bangkok,62.57464808695651,6.224137931034483,5.896551724137931,34.89624017391304
28027,2024-04-28 12:00:00,Asia/Bangkok,54.34721491228071,5.512820512820513,5.085470085470085,36.88462780701755
28028,2024-04-28 13:00:00,Asia/Bangkok,51.8740131304348,4.155172413793103,3.913793103448276,37.69037686956521
28029,2024-04-28 14:00:00,Asia/Bangkok,49.86771543859649,5.137931034482759,4.922413793103448,38.39488385964913
28030,2024-04-28 15:00:00,Asia/Bangkok,51.11167398230087,6.827586206896552,6.568965517241379,38.44959327433628
28031,2024-04-28 16:00:00,Asia/Bangkok,57.71459652173911,13.13793103448276,12.33620689655172,37.23502860869566
28032,2024-04-28 17:00:00,Asia/Bangkok,61.39848256637166,5.034188034188034,4.623931623931623,35.43368513274335
28033,2024-04-28 18:00:00,Asia/Bangkok,64.72201920353983,4.431034482758621,4.112068965517241,34.46419446428572
28034,2024-04-28 19:00:00,Asia/Bangkok,70.52809946428573,12.61538461538461,11.73504273504273,33.26870044642852
28035,2024-04-28 20:00:00,Asia/Bangkok,73.61502758928575,19.73275862068965,18.37931034482759,32.801985
28036,2024-04-28 21:00:00,Asia/Bangkok,74.20230745614036,15.95689655172414,15.06034482758621,32.9240140350877
28037,2024-04-28 22:00:00,Asia/Bangkok,76.04146149122805,24.71551724137931,22.93965517241379,32.57956412280706
28038,2024-04-28 23:00:00,Asia/Bangkok,77.97341150442476,20.47008547008547,19.04273504273504,32.09043714285715
28039,2024-04-29 00:00:00,Asia/Bangkok,80.50549826086953,20.80172413793104,19.75862068965517,31.39937175438597
28040,2024-04-29 01:00:00,Asia/Bangkok,81.43357792792793,27.35652173913044,25.76521739130435,31.00476727272728
28041,2024-04-29 02:00:00,Asia/Bangkok,83.76725373913047,26.39316239316239,25.11965811965812,30.35175234782612
28042,2024-04-29 03:00:00,Asia/Bangkok,84.51555562499998,28.37931034482759,26.91379310344828,30.1540425
28043,2024-04-29 04:00:00,Asia/Bangkok,85.90272964601773,30.18965517241379,28.52586206896552,29.68446707964603
28044,2024-04-29 05:00:00,Asia/Bangkok,86.52575252173916,30.83620689655172,28.96551724137931,29.31267252173911
28045,2024-04-29 06:00:00,Asia/Bangkok,86.9698915789474,31.31896551724138,29.3448275862069,28.99731885964913
28046,2024-04-29 07:00:00,Asia/Bangkok,87.17570858407076,32.42241379310344,30.04310344827586,28.98563303571428
28047,2024-04-29 08:00:00,Asia/Bangkok,86.65245495652172,27.58119658119658,26.46153846153846,29.58293347826087
28048,2024-04-29 09:00:00,Asia/Bangkok,78.69705394736847,17.57017543859649,16.70175438596491,31.36814912280702
28049,2024-04-29 10:00:00,Asia/Bangkok,72.36616120689656,14.93965517241379,14.37068965517241,32.93407646551724
28050,2024-04-29 11:00:00,Asia/Bangkok,64.54851565217389,13.67826086956522,13.26086956521739,34.89997817391303
28051,2024-04-29 12:00:00,Asia/Bangkok,60.77559044247791,13.24137931034483,12.81739130434783,36.35402508928568
28052,2024-04-29 13:00:00,Asia/Bangkok,55.39004877192981,12.13913043478261,11.77586206896552,37.55480798245613
28053,2024-04-29 14:00:00,Asia/Bangkok,56.03386396396395,10.88793103448276,10.49137931034483,37.89251486486486
28054,2024-04-29 15:00:00,Asia/Bangkok,56.19876715517241,7.931034482758621,7.689655172413793,38.07887836206896
28055,2024-04-29 16:00:00,Asia/Bangkok,60.82021280701751,7.868421052631579,7.631578947368421,36.29849132743364
28056,2024-04-29 17:00:00,Asia/Bangkok,63.30822371681417,7.448275862068965,7.21551724137931,35.45769398230088
28057,2024-04-29 18:00:00,Asia/Bangkok,67.50011754385966,6.03448275862069,5.739130434782608,34.08132114035089
28058,2024-04-29 19:00:00,Asia/Bangkok,72.88756947368421,6.103448275862069,5.760683760683761,32.8088142982456
28059,2024-04-29 20:00:00,Asia/Bangkok,75.94228000000005,8.948275862068966,8.474137931034482,32.1982515652174
28060,2024-04-29 21:00:00,Asia/Bangkok,76.70816902654869,11.71304347826087,11.04347826086956,32.20411893805309
28061,2024-04-29 22:00:00,Asia/Bangkok,78.04887408695653,17.52586206896552,16.49137931034483,31.96340452173913
28062,2024-04-29 23:00:00,Asia/Bangkok,80.1803097368421,22.32478632478632,20.70940170940171,31.39941701754385
28063,2024-04-30 00:00:00,Asia/Bangkok,80.32388947826084,17.9051724137931,16.93103448275862,31.13070034782609
28064,2024-04-30 01:00:00,Asia/Bangkok,81.1166760176991,21.20689655172414,20.0,30.7602543362832
28065,2024-04-30 02:00:00,Asia/Bangkok,82.60879842105258,23.94017094017094,22.56410256410257,30.26689394736842
28066,2024-04-30 03:00:00,Asia/Bangkok,83.65471445454548,22.31034482758621,21.03448275862069,29.82496927272726
28067,2024-04-30 04:00:00,Asia/Bangkok,85.50592867256636,24.91304347826087,23.01739130434783,29.19990637168141
28068,2024-04-30 05:00:00,Asia/Bangkok,86.8042625217392,25.17391304347826,23.51304347826087,28.72257939130436
28069,2024-04-30 06:00:00,Asia/Bangkok,88.60150956896547,20.46153846153846,19.47008547008547,28.31023810344829
28070,2024-04-30 07:00:00,Asia/Bangkok,88.48439081818185,20.5948275862069,19.43965517241379,28.45903110091742
28071,2024-04-30 08:00:00,Asia/Bangkok,88.48448060869565,32.74137931034483,29.12068965517241,29.18675086956521
28072,2024-04-30 09:00:00,Asia/Bangkok,83.20835991452992,15.94017094017094,14.81196581196581,30.93787538461538
28073,2024-04-30 10:00:00,Asia/Bangkok,74.66574371681413,10.9051724137931,10.37931034482759,32.78540398230088
28074,2024-04-30 11:00:00,Asia/Bangkok,69.06266521739131,16.62068965517241,15.96551724137931,34.43071869565216
28075,2024-04-30 12:00:00,Asia/Bangkok,59.69243853448275,12.94871794871795,12.58974358974359,36.50186603448275
28076,2024-04-30 13:00:00,Asia/Bangkok,52.20233210526315,12.3448275862069,12.06034482758621,38.53367026315789
28077,2024-04-30 14:00:00,Asia/Bangkok,49.32014373913042,10.75,10.41379310344828,39.01510245614035
28078,2024-04-30 15:00:00,Asia/Bangkok,48.50183196581194,9.743589743589743,9.444444444444445,39.05793529914529
28079,2024-04-30 16:00:00,Asia/Bangkok,58.4863727027027,10.94827586206897,10.51724137931035,37.19813306306305
28080,2024-04-30 17:00:00,Asia/Bangkok,68.52721122807016,10.60344827586207,10.29310344827586,35.17620210526314
28081,2024-04-30 18:00:00,Asia/Bangkok,71.502662,26.61206896551724,24.66379310344828,34.05185834782612
28082,2024-04-30 19:00:00,Asia/Bangkok,75.29928973451328,35.41379310344828,31.07758620689655,33.30285619469028
28083,2024-04-30 20:00:00,Asia/Bangkok,76.61676442477875,20.14782608695652,19.11304347826087,32.95221701754385
28084,2024-04-30 21:00:00,Asia/Bangkok,73.68150640350878,18.3448275862069,17.63793103448276,32.9506005263158
28085,2024-04-30 22:00:00,Asia/Bangkok,75.31392767241374,22.95689655172414,21.62931034482759,32.21603362068967
28086,2024-04-30 23:00:00,Asia/Bangkok,77.05057808695655,26.01724137931035,24.57758620689655,31.68085701754384
28087,2024-05-01 00:00:00,Asia/Bangkok,79.34735447368422,25.9051724137931,24.56034482758621,30.87619728070176
28088,2024-05-01 01:00:00,Asia/Bangkok,81.15235535714284,21.37068965517241,20.54310344827586,30.14858455357141
28089,2024-05-01 02:00:00,Asia/Bangkok,82.37703221238938,18.37931034482759,17.81896551724138,29.96986079646017
28090,2024-05-01 03:00:00,Asia/Bangkok,84.13522236842107,18.39655172413793,17.6551724137931,29.66194894736842
28091,2024-05-01 04:00:00,Asia/Bangkok,85.22617382608698,17.92241379310345,17.21551724137931,29.36234217391302
28092,2024-05-01 05:00:00,Asia/Bangkok,87.05859451327431,19.85344827586207,19.17241379310345,28.80807787610619
28093,2024-05-01 06:00:00,Asia/Bangkok,87.62505249999995,23.95689655172414,22.87931034482759,28.77195801724139
28094,2024-05-01 07:00:00,Asia/Bangkok,88.40856249999997,26.18965517241379,24.99137931034483,28.67096147826088
28095,2024-05-01 08:00:00,Asia/Bangkok,89.02620217391308,25.03448275862069,23.85344827586207,29.30684608695652
28096,2024-05-01 09:00:00,Asia/Bangkok,81.94172999999999,26.75213675213675,25.73504273504274,31.49725817391303
28097,2024-05-01 10:00:00,Asia/Bangkok,69.01975803571428,21.0,20.43478260869565,34.17346258928573
28098,2024-05-01 11:00:00,Asia/Bangkok,61.27861254385969,19.66379310344828,19.18103448275862,36.25876149122806
28099,2024-05-01 12:00:00,Asia/Bangkok,57.23390371681417,19.88793103448276,19.29310344827586,37.40343874999999
28100,2024-05-01 13:00:00,Asia/Bangkok,54.08436621621623,19.37931034482759,18.98275862068965,37.97002612612613
28101,2024-05-01 14:00:00,Asia/Bangkok,51.81834026315791,18.57758620689655,18.12931034482759,38.62748429824562
28102,2024-05-01 15:00:00,Asia/Bangkok,58.93043628318581,15.93103448275862,15.48275862068965,37.11279728070175
28103,2024-05-01 16:00:00,Asia/Bangkok,65.229119893617,18.39393939393939,17.37373737373737,35.80736031914893
28104,2024-05-01 17:00:00,Asia/Bangkok,59.48407529914529,21.98290598290598,20.76923076923077,34.42342965217391
28105,2024-05-01 18:00:00,Asia/Bangkok,62.81768396551723,30.26724137931035,27.24137931034483,33.34811586206897
28106,2024-05-01 19:00:00,Asia/Bangkok,67.60808147826089,49.05172413793103,41.6551724137931,32.92107765217389
28107,2024-05-01 20:00:00,Asia/Bangkok,71.03757333333334,37.54700854700855,33.07692307692308,32.46204517543861
28108,2024-05-01 21:00:00,Asia/Bangkok,75.81030433628317,32.9051724137931,30.38793103448276,31.68888830357141
28109,2024-05-01 22:00:00,Asia/Bangkok,77.03165521739133,37.32758620689656,33.23275862068966,31.45889808695655
28110,2024-05-01 23:00:00,Asia/Bangkok,78.93463410256409,46.56410256410256,38.63247863247863,31.08659051282049
28111,2024-05-02 00:00:00,Asia/Bangkok,81.3945680869565,40.32758620689656,34.62931034482759,30.59881991304349
28112,2024-05-02 01:00:00,Asia/Bangkok,82.22422169642859,36.06034482758621,32.47413793103448,30.59700874999999
28113,2024-05-02 02:00:00,Asia/Bangkok,83.4947343362832,37.18965517241379,33.14655172413793,30.37671716814159
28114,2024-05-02 03:00:00,Asia/Bangkok,84.12769982456139,38.17241379310344,33.78448275862069,30.20175226086955
28115,2024-05-02 04:00:00,Asia/Bangkok,85.01335368421051,36.69827586206897,32.97413793103448,29.88103000000001
28116,2024-05-02 05:00:00,Asia/Bangkok,86.79537060869565,49.17948717948718,40.70940170940171,29.45510782608694
28117,2024-05-02 06:00:00,Asia/Bangkok,87.93650185840711,38.11504424778761,33.69026548672566,29.10989486725666
28118,2024-05-02 07:00:00,Asia/Bangkok,88.9568205172414,39.0,34.05172413793103,28.93639342105263
28119,2024-05-02 08:00:00,Asia/Bangkok,86.9565081578947,32.74782608695652,30.31304347826087,29.72505315789473
28120,2024-05-02 09:00:00,Asia/Bangkok,80.65651263157895,25.28448275862069,24.31034482758621,31.46113265486726
28121,2024-05-02 10:00:00,Asia/Bangkok,74.9028153448276,22.93103448275862,22.18965517241379,32.98161232758621
28122,2024-05-02 11:00:00,Asia/Bangkok,67.04784504424781,20.37068965517241,19.71551724137931,34.69390955752211
28123,2024-05-02 12:00:00,Asia/Bangkok,58.69409787610621,18.85344827586207,17.80172413793104,36.49635575221238
28124,2024-05-02 13:00:00,Asia/Bangkok,52.17584271929824,15.25641025641026,14.85470085470086,38.54749105263156
28125,2024-05-02 14:00:00,Asia/Bangkok,47.75830567567569,14.50862068965517,14.03448275862069,39.5176399099099
28126,2024-05-02 15:00:00,Asia/Bangkok,48.89846504347826,14.5948275862069,14.18103448275862,38.82598547826087
28127,2024-05-02 16:00:00,Asia/Bangkok,54.56620776785716,13.73451327433628,13.26548672566372,38.28788991071429
28128,2024-05-02 17:00:00,Asia/Bangkok,58.13411631578946,15.20869565217391,14.50434782608696,36.86143596491226
28129,2024-05-02 18:00:00,Asia/Bangkok,62.62634217391305,27.41025641025641,24.68376068376068,34.92610052173914
28130,2024-05-02 19:00:00,Asia/Bangkok,66.9352390350877,20.82608695652174,19.66956521739131,33.44283254385967
28131,2024-05-02 20:00:00,Asia/Bangkok,69.92150913793101,35.58974358974359,31.64102564102564,33.21449260869561
28132,2024-05-02 21:00:00,Asia/Bangkok,71.60331765217389,31.87931034482759,29.53448275862069,32.87454547826085
28133,2024-05-02 22:00:00,Asia/Bangkok,74.94419207207208,29.53448275862069,27.88793103448276,32.335991981982
28134,2024-05-02 23:00:00,Asia/Bangkok,76.44945157894739,25.82758620689655,24.70689655172414,32.01394684210526
28135,2024-05-03 00:00:00,Asia/Bangkok,78.54910859649121,32.63247863247863,30.04310344827586,31.25906203539823
28136,2024-05-03 01:00:00,Asia/Bangkok,80.9612346846847,27.85344827586207,26.60683760683761,30.56619189189191
28137,2024-05-03 02:00:00,Asia/Bangkok,82.03691707964603,27.50862068965517,26.35344827586207,30.34861929203541
28138,2024-05-03 03:00:00,Asia/Bangkok,83.69067895652165,30.77586206896552,29.12068965517241,30.0132056521739
28139,2024-05-03 04:00:00,Asia/Bangkok,85.25552071428571,41.34188034188034,35.76923076923077,29.66566133928572
28140,2024-05-03 05:00:00,Asia/Bangkok,85.45831292035393,47.57758620689656,39.93965517241379,29.50647433628315
28141,2024-05-03 06:00:00,Asia/Bangkok,86.93738360360362,56.62931034482759,46.43965517241379,29.01636872727271
28142,2024-05-03 07:00:00,Asia/Bangkok,86.65018452173915,41.76724137931034,35.81896551724138,29.09990582608696
28143,2024-05-03 08:00:00,Asia/Bangkok,86.01614052173916,46.13793103448276,39.05172413793103,29.79033791304348
28144,2024-05-03 09:00:00,Asia/Bangkok,77.44301973451329,35.45299145299145,32.15384615384615,31.79140132743363
28145,2024-05-03 10:00:00,Asia/Bangkok,70.69990964601772,28.67241379310345,27.5,33.20495336283185
28146,2024-05-03 11:00:00,Asia/Bangkok,62.77176878260869,22.13793103448276,21.48275862068965,34.71779139130434
28147,2024-05-03 12:00:00,Asia/Bangkok,56.18230142857141,19.72413793103448,19.30172413793104,37.09399107142855
28148,2024-05-03 13:00:00,Asia/Bangkok,49.79898955357142,15.30434782608696,14.79130434782609,38.44992116071427
28149,2024-05-03 14:00:00,Asia/Bangkok,50.10981860869565,15.1965811965812,14.73504273504273,38.66024008695651
28150,2024-05-03 15:00:00,Asia/Bangkok,60.28111130434782,13.41379310344828,12.81896551724138,37.53740321739131
28151,2024-05-03 16:00:00,Asia/Bangkok,60.91290831858407,11.93103448275862,11.67241379310345,36.84999548672566
28152,2024-05-03 17:00:00,Asia/Bangkok,62.77399721739132,11.67241379310345,11.31034482758621,35.82647342105263
28153,2024-05-03 18:00:00,Asia/Bangkok,65.45195036036039,13.73043478260869,13.26086956521739,34.21162522522524
28154,2024-05-03 19:00:00,Asia/Bangkok,66.87545991228066,12.67241379310345,12.24137931034483,33.79163684210528
28155,2024-05-03 20:00:00,Asia/Bangkok,68.69752236842102,19.73913043478261,18.92173913043478,33.41708798245612
28156,2024-05-03 21:00:00,Asia/Bangkok,69.3150366086956,23.56896551724138,22.5948275862069,33.38522904347828
28157,2024-05-03 22:00:00,Asia/Bangkok,72.72863892857144,25.7948717948718,24.82758620689655,32.71918214285716
28158,2024-05-03 23:00:00,Asia/Bangkok,75.90494612612615,28.98260869565217,27.62931034482759,31.96072945945945
28159,2024-05-04 00:00:00,Asia/Bangkok,77.65174289473683,28.10344827586207,26.89565217391304,31.22062315789473
28160,2024-05-04 01:00:00,Asia/Bangkok,79.36529481818184,29.05172413793104,27.9051724137931,30.63446745454544
28161,2024-05-04 02:00:00,Asia/Bangkok,80.93352982456135,29.77586206896552,28.36206896551724,30.23271815789475
28162,2024-05-04 03:00:00,Asia/Bangkok,82.81354517857143,32.90434782608695,30.70434782608696,29.76701410714286
28163,2024-05-04 04:00:00,Asia/Bangkok,83.1335684070797,31.53043478260869,29.86206896551724,29.6545249122807
28164,2024-05-04 05:00:00,Asia/Bangkok,83.91614896551725,32.23478260869565,30.22608695652174,29.4333927586207
28165,2024-05-04 06:00:00,Asia/Bangkok,85.13529078947367,34.16239316239317,31.46153846153846,29.10267807017545
28166,2024-05-04 07:00:00,Asia/Bangkok,86.34276105263157,37.0948275862069,33.10344827586207,28.8763039823009
28167,2024-05-04 08:00:00,Asia/Bangkok,84.95495228070173,41.90434782608695,36.11206896551724,29.62686826086956
28168,2024-05-04 09:00:00,Asia/Bangkok,81.10271017391305,46.43589743589744,39.47863247863248,30.60035165217393
28169,2024-05-04 10:00:00,Asia/Bangkok,73.32762115044245,36.67241379310344,32.97413793103448,32.87215285714284
28170,2024-05-04 11:00:00,Asia/Bangkok,66.72388165217386,38.1025641025641,33.94871794871795,34.8669587826087
28171,2024-05-04 12:00:00,Asia/Bangkok,60.71377945945945,33.94827586206897,31.60344827586207,36.38305675675676
28172,2024-05-04 13:00:00,Asia/Bangkok,56.14496156521739,31.42241379310345,29.94827586206896,37.17876556521738
28173,2024-05-04 14:00:00,Asia/Bangkok,53.06757166666667,30.0,28.86206896551724,37.63646147826084
28174,2024-05-04 15:00:00,Asia/Bangkok,55.31622956140351,31.81196581196581,29.94871794871795,36.96151327433628
28175,2024-05-04 16:00:00,Asia/Bangkok,64.99382307017541,24.68965517241379,23.5,33.96914280701753
28176,2024-05-04 17:00:00,Asia/Bangkok,84.88640399999996,10.33620689655172,9.586206896551724,28.46564521739131
28177,2024-05-04 18:00:00,Asia/Bangkok,88.70227403508771,15.3448275862069,14.4051724137931,28.17616842105262
28178,2024-05-04 19:00:00,Asia/Bangkok,89.08730000000001,19.29059829059829,18.27350427350427,27.90478956896549
28179,2024-05-04 20:00:00,Asia/Bangkok,88.39303426086957,19.94827586206896,18.74137931034483,28.17439173913044
28180,2024-05-04 21:00:00,Asia/Bangkok,88.98178175438596,23.22222222222222,22.08620689655172,27.98125859649124
28181,2024-05-04 22:00:00,Asia/Bangkok,90.64266098214284,29.56034482758621,27.82051282051282,27.85358142857141
28182,2024-05-04 23:00:00,Asia/Bangkok,90.94091126126123,29.73913043478261,28.33043478260869,27.6907090990991
28183,2024-05-05 00:00:00,Asia/Bangkok,90.08218298245615,28.54310344827586,27.28695652173913,27.74667078947368
28184,2024-05-05 01:00:00,Asia/Bangkok,89.52262348214288,26.71551724137931,25.78448275862069,28.01420383928567
28185,2024-05-05 02:00:00,Asia/Bangkok,90.3041117272727,27.22222222222222,26.2991452991453,27.99555154545456
28186,2024-05-05 03:00:00,Asia/Bangkok,91.64316633928571,30.80701754385965,29.04385964912281,27.71305633928572
28187,2024-05-05 04:00:00,Asia/Bangkok,92.14832122807017,28.4,27.27826086956522,27.60895947368423
28188,2024-05-05 05:00:00,Asia/Bangkok,92.49311660869564,31.19827586206896,29.52586206896552,27.63507728070174
28189,2024-05-05 06:00:00,Asia/Bangkok,91.57941874999999,32.44347826086957,30.29565217391304,27.91983919642854
28190,2024-05-05 07:00:00,Asia/Bangkok,91.6693641071429,32.87931034482759,30.72413793103448,27.94241732142856
28191,2024-05-05 08:00:00,Asia/Bangkok,92.13619594827587,33.4017094017094,30.95726495726496,28.36351271929825
28192,2024-05-05 09:00:00,Asia/Bangkok,87.68903446428574,35.88793103448276,32.56034482758621,30.05242883928572
28193,2024-05-05 10:00:00,Asia/Bangkok,78.12191956521741,34.39655172413793,31.62068965517241,32.29183130434782
28194,2024-05-05 11:00:00,Asia/Bangkok,68.02530616071427,32.34188034188034,30.47863247863248,34.68761919642856
28195,2024-05-05 12:00:00,Asia/Bangkok,63.56479666666667,33.39655172413793,31.13793103448276,35.86292216216217
28196,2024-05-05 13:00:00,Asia/Bangkok,64.70130464912282,34.81196581196581,32.00854700854701,35.50138707964601
28197,2024-05-05 14:00:00,Asia/Bangkok,61.99108982608694,34.86206896551724,31.99137931034483,36.11198226086955
28198,2024-05-05 15:00:00,Asia/Bangkok,61.39190377192985,30.2991452991453,28.7948717948718,35.57572
28199,2024-05-05 16:00:00,Asia/Bangkok,79.91442814159294,9.60909090909091,9.10909090909091,28.51909168141594
28200,2024-05-05 17:00:00,Asia/Bangkok,87.90661478260866,14.02586206896552,13.16379310344828,27.83800182608694
28201,2024-05-05 18:00:00,Asia/Bangkok,90.08536313043481,16.06194690265487,15.23008849557522,27.96706385964911
28202,2024-05-05 19:00:00,Asia/Bangkok,89.09731882882883,18.36206896551724,17.54310344827586,28.40411495495497
28203,2024-05-05 20:00:00,Asia/Bangkok,90.59094324324322,25.68103448275862,24.53448275862069,27.9992600900901
28204,2024-05-05 21:00:00,Asia/Bangkok,90.6183748672566,24.28448275862069,23.21551724137931,27.8978982300885
28205,2024-05-05 22:00:00,Asia/Bangkok,92.16396474137932,24.92307692307692,23.82051282051282,27.55750784482758
28206,2024-05-05 23:00:00,Asia/Bangkok,92.18721701754384,23.53448275862069,22.37931034482759,27.58551166666668
28207,2024-05-06 00:00:00,Asia/Bangkok,92.02236508928571,23.81034482758621,22.62931034482759,27.55166616071427
28208,2024-05-06 01:00:00,Asia/Bangkok,91.90234094827589,22.71551724137931,21.62068965517241,27.49358077586205
28209,2024-05-06 02:00:00,Asia/Bangkok,91.66739921052636,22.93103448275862,21.80172413793104,27.3907428070175
28210,2024-05-06 03:00:00,Asia/Bangkok,91.82646429824564,26.51724137931035,24.68965517241379,27.21182763157896
28211,2024-05-06 04:00:00,Asia/Bangkok,92.67764464285717,24.17241379310345,23.0,26.993115
28212,2024-05-06 05:00:00,Asia/Bangkok,92.73263538461539,23.76923076923077,22.55555555555556,26.85836820512822
28213,2024-05-06 06:00:00,Asia/Bangkok,93.03379698275859,25.95689655172414,24.81896551724138,26.70629991379309
28214,2024-05-06 07:00:00,Asia/Bangkok,93.30369965517242,22.28205128205128,21.47008547008547,26.73523525862068
28215,2024-05-06 08:00:00,Asia/Bangkok,94.044525,28.03448275862069,26.57758620689655,27.38254201754386
28216,2024-05-06 09:00:00,Asia/Bangkok,88.97128780701757,26.10344827586207,25.20689655172414,29.59451166666667
28217,2024-05-06 10:00:00,Asia/Bangkok,78.92456073394496,22.93965517241379,22.07758620689655,31.87994146788993
28218,2024-05-06 11:00:00,Asia/Bangkok,71.07213504424776,23.11111111111111,22.44444444444444,33.75057424778763
28219,2024-05-06 12:00:00,Asia/Bangkok,63.87466098214284,23.42608695652174,22.81034482758621,35.72013008928572
28220,2024-05-06 13:00:00,Asia/Bangkok,58.08688274336283,22.17241379310345,21.66379310344828,36.8788271681416
28221,2024-05-06 14:00:00,Asia/Bangkok,67.57370286956522,17.62068965517241,17.06034482758621,33.91167669565218
28222,2024-05-06 15:00:00,Asia/Bangkok,77.94686606382982,15.87755102040816,15.27551020408163,31.41341734042554
28223,2024-05-06 16:00:00,Asia/Bangkok,80.13474295652175,17.44827586206896,16.68103448275862,30.59431547826088
28224,2024-05-06 17:00:00,Asia/Bangkok,80.6978771681416,28.62608695652174,26.62608695652174,30.65835596491229
28225,2024-05-06 18:00:00,Asia/Bangkok,81.37099706896551,29.04273504273504,26.84615384615385,30.83127904347826
28226,2024-05-06 19:00:00,Asia/Bangkok,82.98126238532112,33.61206896551724,30.97413793103448,30.58768805555555
28227,2024-05-06 20:00:00,Asia/Bangkok,85.57235539130438,40.0,34.78632478632478,29.95496982608699
28228,2024-05-06 21:00:00,Asia/Bangkok,87.17450893805312,51.75862068965517,45.0948275862069,29.45510026548673
28229,2024-05-06 22:00:00,Asia/Bangkok,87.02412258620686,34.64102564102564,31.48717948717949,29.16713810344831
28230,2024-05-06 23:00:00,Asia/Bangkok,87.60801626086952,34.81739130434783,31.71551724137931,28.80742730434785
28231,2024-05-07 00:00:00,Asia/Bangkok,87.54800646551723,31.18803418803419,29.24786324786325,28.59090362068967
28232,2024-05-07 01:00:00,Asia/Bangkok,87.4316750434783,27.62931034482759,26.43103448275862,28.47618817391304
28233,2024-05-07 02:00:00,Asia/Bangkok,88.44545791304354,28.45689655172414,27.17241379310345,28.21084678260869
28234,2024-05-07 03:00:00,Asia/Bangkok,89.46077896551718,26.43589743589743,25.49572649572649,27.95789586206896
28235,2024-05-07 04:00:00,Asia/Bangkok,89.78503327433624,25.79310344827586,24.69827586206896,27.74512495575224
28236,2024-05-07 05:00:00,Asia/Bangkok,90.45631823008848,26.22413793103448,24.94827586206896,27.44507805309729
28237,2024-05-07 06:00:00,Asia/Bangkok,91.6472243362832,28.67826086956522,26.6,27.03774495575222
28238,2024-05-07 07:00:00,Asia/Bangkok,93.43888396396396,31.66379310344828,29.27586206896552,26.81963955357142
28239,2024-05-07 08:00:00,Asia/Bangkok,93.42886336206892,33.94871794871795,30.96581196581197,27.41042495652174
28240,2024-05-07 09:00:00,Asia/Bangkok,92.335748125,32.51327433628319,30.14159292035398,28.18584544642857
28241,2024-05-07 10:00:00,Asia/Bangkok,90.1929457894737,35.54700854700855,31.94871794871795,28.94192140350875
28242,2024-05-07 11:00:00,Asia/Bangkok,90.98480660714287,19.98275862068965,17.92241379310345,27.87656464285715
28243,2024-05-07 12:00:00,Asia/Bangkok,93.82515080357145,4.137931034482759,3.827586206896552,26.39689285714287
28244,2024-05-07 13:00:00,Asia/Bangkok,93.29175601769914,3.931623931623931,3.461538461538462,26.44320716814161
28245,2024-05-07 14:00:00,Asia/Bangkok,91.88548500000002,3.217391304347826,2.939655172413793,26.83704482142857
28246,2024-05-07 15:00:00,Asia/Bangkok,91.12056078947374,5.704347826086956,5.4,27.78344307017542
28247,2024-05-07 16:00:00,Asia/Bangkok,87.67590366972476,6.344827586206897,6.0,29.07068330275229
28248,2024-05-07 17:00:00,Asia/Bangkok,84.1430838392857,8.71304347826087,8.347826086956522,29.90408232142858
28249,2024-05-07 18:00:00,Asia/Bangkok,82.87179008928571,9.224137931034482,8.836206896551724,30.37057803571426
28250,2024-05-07 19:00:00,Asia/Bangkok,86.75875710526319,16.20689655172414,15.08620689655172,29.51728236842104
28251,2024-05-07 20:00:00,Asia/Bangkok,88.78709733944952,19.60526315789474,18.40869565217391,28.64038781818184
28252,2024-05-07 21:00:00,Asia/Bangkok,90.6624543243243,18.30172413793104,17.3448275862069,28.02040657657658
28253,2024-05-07 22:00:00,Asia/Bangkok,91.8550236036036,21.33620689655172,20.3448275862069,27.50005531531528
28254,2024-05-07 23:00:00,Asia/Bangkok,92.54334870689655,22.4051724137931,21.17391304347826,27.16828465517241
28255,2024-05-08 00:00:00,Asia/Bangkok,92.79723289473684,31.01739130434783,28.3448275862069,26.72456684210526
28256,2024-05-08 01:00:00,Asia/Bangkok,93.39162301724136,25.75862068965517,24.50862068965517,26.48836267241379
28257,2024-05-08 02:00:00,Asia/Bangkok,93.84700201754383,21.64347826086956,20.73913043478261,26.06288429824562
28258,2024-05-08 03:00:00,Asia/Bangkok,93.74602594827584,18.38793103448276,17.63793103448276,25.8536549137931
28259,2024-05-08 04:00:00,Asia/Bangkok,93.4251317699115,19.17241379310345,18.25862068965517,25.84713530973451
28260,2024-05-08 05:00:00,Asia/Bangkok,93.28603157407412,18.61061946902655,17.5929203539823,25.82360185185186
28261,2024-05-08 06:00:00,Asia/Bangkok,93.31538920353982,17.43103448275862,16.62068965517241,25.58556115044249
28262,2024-05-08 07:00:00,Asia/Bangkok,93.399886754386,19.25862068965517,18.35344827586207,25.45615956140352
28263,2024-05-08 08:00:00,Asia/Bangkok,94.44886147826087,19.94827586206896,19.13793103448276,26.19275582608694
28264,2024-05-08 09:00:00,Asia/Bangkok,93.24169982608689,15.72649572649573,15.15384615384615,28.08121165217392
28265,2024-05-08 10:00:00,Asia/Bangkok,80.80043945945948,8.921739130434782,8.478260869565217,30.83921567567567
28266,2024-05-08 11:00:00,Asia/Bangkok,72.95293446428573,5.896551724137931,5.620689655172414,32.40248553571428
28267,2024-05-08 12:00:00,Asia/Bangkok,65.80292626086958,5.25,5.051724137931035,34.57275394736843
28268,2024-05-08 13:00:00,Asia/Bangkok,66.00477043478261,5.461538461538462,5.196581196581197,34.41516130434784
28269,2024-05-08 14:00:00,Asia/Bangkok,69.28901617391304,8.241379310344827,7.836206896551724,33.42198573913043
28270,2024-05-08 15:00:00,Asia/Bangkok,66.6656315652174,5.887931034482759,5.620689655172414,34.70188504347824
28271,2024-05-08 16:00:00,Asia/Bangkok,68.41703902654866,6.172413793103448,5.862068965517241,34.31663690265488
28272,2024-05-08 17:00:00,Asia/Bangkok,72.64581486956521,5.28448275862069,5.008620689655173,32.6434551304348
28273,2024-05-08 18:00:00,Asia/Bangkok,75.8003562727273,11.23931623931624,10.28205128205128,31.61333418181816
28274,2024-05-08 19:00:00,Asia/Bangkok,81.36065858407082,51.86206896551724,44.14655172413793,30.49747336283186
28275,2024-05-08 20:00:00,Asia/Bangkok,83.59219008849554,40.27350427350427,34.58119658119658,29.94766607142859
28276,2024-05-08 21:00:00,Asia/Bangkok,85.4614973684211,31.71551724137931,29.38793103448276,29.14264008771932
28277,2024-05-08 22:00:00,Asia/Bangkok,86.36297286956517,25.83760683760684,24.67521367521368,28.78195382608696
28278,2024-05-08 23:00:00,Asia/Bangkok,87.45748605263155,29.37931034482759,27.45689655172414,28.38631053097346
28279,2024-05-09 00:00:00,Asia/Bangkok,88.07331061403508,25.31034482758621,24.21551724137931,28.25212815789474
28280,2024-05-09 01:00:00,Asia/Bangkok,88.2944418584071,18.57758620689655,17.79310344827586,28.21833504424777
28281,2024-05-09 02:00:00,Asia/Bangkok,88.40887678260874,16.63247863247863,16.00854700854701,28.09595530434783
28282,2024-05-09 03:00:00,Asia/Bangkok,90.45296818965515,14.82758620689655,14.24137931034483,27.89935715517238
28283,2024-05-09 04:00:00,Asia/Bangkok,90.84216482456138,9.444444444444445,9.0,27.05186903508774
28284,2024-05-09 05:00:00,Asia/Bangkok,90.1720136283186,3.931034482758621,3.646551724137931,26.74729592920355
28285,2024-05-09 06:00:00,Asia/Bangkok,90.73861772727275,4.517241379310345,4.336206896551724,26.28066636363637
28286,2024-05-09 07:00:00,Asia/Bangkok,92.04291182608698,5.025862068965517,4.689655172413793,26.16224850877193
28287,2024-05-09 08:00:00,Asia/Bangkok,90.56417869565216,4.293103448275862,4.043103448275862,27.33101260869564
28288,2024-05-09 09:00:00,Asia/Bangkok,84.50833214285717,4.547826086956522,4.347826086956522,29.60233500000001
28289,2024-05-09 10:00:00,Asia/Bangkok,77.68286429824563,3.689655172413793,3.491379310344827,31.98951438596492
28290,2024-05-09 11:00:00,Asia/Bangkok,74.36383964912282,3.791304347826087,3.469565217391304,32.80850660869564
28291,2024-05-09 12:00:00,Asia/Bangkok,68.5696924347826,2.646551724137931,2.431034482758621,33.97560304347825
28292,2024-05-09 13:00:00,Asia/Bangkok,68.76295147826089,3.017241379310345,2.810344827586207,34.19610217391304
28293,2024-05-09 14:00:00,Asia/Bangkok,65.42117173913043,2.689655172413793,2.508620689655173,34.4574463478261
28294,2024-05-09 15:00:00,Asia/Bangkok,66.0431753508772,2.03448275862069,1.836206896551724,34.45045789473684
28295,2024-05-09 16:00:00,Asia/Bangkok,66.75600646017699,1.732758620689655,1.612068965517241,33.98395504424777
28296,2024-05-09 17:00:00,Asia/Bangkok,70.45663695652176,2.448275862068965,2.224137931034483,32.73921521739131
28297,2024-05-09 18:00:00,Asia/Bangkok,74.1386214912281,6.051724137931035,5.568965517241379,31.71262043859648
28298,2024-05-09 19:00:00,Asia/Bangkok,78.22655115044246,6.025862068965517,5.46551724137931,31.53691710526315
28299,2024-05-09 20:00:00,Asia/Bangkok,80.48557689655172,20.17094017094017,18.70940170940171,31.09742852173913
28300,2024-05-09 21:00:00,Asia/Bangkok,81.48755295652177,19.53448275862069,18.46551724137931,30.6137106140351
28301,2024-05-09 22:00:00,Asia/Bangkok,82.93093631578945,26.0,24.81034482758621,30.01813517543857
28302,2024-05-09 23:00:00,Asia/Bangkok,84.6850659130435,22.46551724137931,21.38793103448276,29.56730782608696
28303,2024-05-10 00:00:00,Asia/Bangkok,87.53581017699115,27.56896551724138,26.11206896551724,29.24648495575221
28304,2024-05-10 01:00:00,Asia/Bangkok,90.09527151785717,21.57391304347826,20.72173913043478,28.79172598214288
28305,2024-05-10 02:00:00,Asia/Bangkok,92.39129513043483,19.3448275862069,18.45689655172414,28.37422565217389
28306,2024-05-10 03:00:00,Asia/Bangkok,93.40217864864866,11.36206896551724,10.76724137931035,27.45898828828828
28307,2024-05-10 04:00:00,Asia/Bangkok,92.98649868421049,1.572649572649573,1.290598290598291,26.84361584070797
28308,2024-05-10 05:00:00,Asia/Bangkok,92.53884052173915,2.698275862068965,2.431034482758621,26.87266860869563
28309,2024-05-10 06:00:00,Asia/Bangkok,91.93808878260866,1.767241379310345,1.603448275862069,27.08508399999999
28310,2024-05-10 07:00:00,Asia/Bangkok,92.47095098214287,2.887931034482758,2.689655172413793,27.01423874999997
28311,2024-05-10 08:00:00,Asia/Bangkok,93.55902219298247,3.717948717948718,3.307692307692307,27.180089122807
28312,2024-05-10 09:00:00,Asia/Bangkok,95.44624743362829,5.232758620689655,4.801724137931035,27.17182929203542
28313,2024-05-10 10:00:00,Asia/Bangkok,91.83292405172413,4.188034188034188,3.801724137931035,29.21439991379311
28314,2024-05-10 11:00:00,Asia/Bangkok,87.40007675438595,2.269565217391305,1.931034482758621,29.17327947368423
28315,2024-05-10 12:00:00,Asia/Bangkok,92.84255675675678,0.7844827586206896,0.5258620689655172,27.15602418181814
28316,2024-05-10 13:00:00,Asia/Bangkok,92.06599725663716,0.2735042735042735,0.1282051282051282,27.52974902654866
28317,2024-05-10 14:00:00,Asia/Bangkok,89.73058464912279,0.7068965517241379,0.5431034482758621,29.53119552631578
28318,2024-05-10 15:00:00,Asia/Bangkok,82.07114342342342,0.8706896551724138,0.6810344827586207,31.26468276785712
28319,2024-05-10 16:00:00,Asia/Bangkok,88.13577699999998,2.299145299145299,2.0,30.08976825688073
28320,2024-05-10 17:00:00,Asia/Bangkok,86.29537013157892,6.402597402597403,6.038961038961039,31.00440855263157
28321,2024-05-10 18:00:00,Asia/Bangkok,81.14257610619468,0.6,0.4521739130434783,30.89951901785716
28322,2024-05-10 19:00:00,Asia/Bangkok,84.92176365217391,1.689655172413793,1.5,30.15008817391305
28323,2024-05-10 20:00:00,Asia/Bangkok,88.82739614035084,6.747826086956522,6.295652173913044,29.31156539823008
28324,2024-05-10 21:00:00,Asia/Bangkok,91.09291699115046,13.91379310344828,13.25862068965517,28.69720460176992
28325,2024-05-10 22:00:00,Asia/Bangkok,91.15506304347828,13.6551724137931,12.87068965517241,28.61154052173912
28326,2024-05-10 23:00:00,Asia/Bangkok,91.7582774107143,13.36206896551724,12.72413793103448,28.4177588392857
28327,2024-05-11 00:00:00,Asia/Bangkok,92.20111622807019,13.05172413793103,12.4051724137931,28.22598771929824
28328,2024-05-11 01:00:00,Asia/Bangkok,93.31534517543861,12.95689655172414,12.18965517241379,27.93956482456139
28329,2024-05-11 02:00:00,Asia/Bangkok,94.28950427272727,14.13913043478261,13.32173913043478,27.45648490909091
28330,2024-05-11 03:00:00,Asia/Bangkok,94.96568877192979,11.35344827586207,10.77391304347826,27.24949263157892
28331,2024-05-11 04:00:00,Asia/Bangkok,94.42756628318587,6.189655172413793,5.794871794871795,27.14930495575222
28332,2024-05-11 05:00:00,Asia/Bangkok,94.05459814159285,6.327586206896552,5.982758620689655,27.1773792920354
28333,2024-05-11 06:00:00,Asia/Bangkok,94.90413432432436,6.543103448275862,6.112068965517241,26.84411747747746
28334,2024-05-11 07:00:00,Asia/Bangkok,95.15475955357138,4.478260869565218,4.191304347826087,26.84064633928572
28335,2024-05-11 08:00:00,Asia/Bangkok,95.00417088495577,7.226086956521739,6.617391304347827,27.30662044247788
28336,2024-05-11 09:00:00,Asia/Bangkok,92.63032043859648,7.956521739130435,7.530434782608696,28.64455412280702
28337,2024-05-11 10:00:00,Asia/Bangkok,83.6295634782609,3.379310344827586,3.129310344827586,30.59020530434783
28338,2024-05-11 11:00:00,Asia/Bangkok,79.04718070175437,4.113043478260869,3.843478260869565,32.14987473684211
28339,2024-05-11 12:00:00,Asia/Bangkok,71.60072642857139,3.051724137931035,2.853448275862069,33.90392598214285
28340,2024-05-11 13:00:00,Asia/Bangkok,68.52370307017543,2.456896551724138,2.241379310344827,34.36179842105262
28341,2024-05-11 14:00:00,Asia/Bangkok,64.46209938596492,1.137931034482759,1.0,34.93029657894736
28342,2024-05-11 15:00:00,Asia/Bangkok,63.2994516521739,1.051724137931034,0.9655172413793104,34.8986775652174
28343,2024-05-11 16:00:00,Asia/Bangkok,66.43293142857142,1.198275862068966,1.060344827586207,33.89946723214286
28344,2024-05-11 17:00:00,Asia/Bangkok,70.79511596491228,4.956896551724138,4.551724137931035,33.22869017543859
28345,2024-05-11 18:00:00,Asia/Bangkok,74.07266660869567,2.853448275862069,2.629310344827586,32.30327808695652
28346,2024-05-11 19:00:00,Asia/Bangkok,77.92057309734517,6.393162393162394,6.085470085470085,31.6070119642857
28347,2024-05-11 20:00:00,Asia/Bangkok,81.6666350442478,44.11304347826087,38.0,30.9451675221239
28348,2024-05-11 21:00:00,Asia/Bangkok,84.07918756521738,26.21551724137931,24.82758620689655,30.33559382608696
28349,2024-05-11 22:00:00,Asia/Bangkok,86.11035130434786,30.0,25.74137931034483,29.76537939130436
28350,2024-05-11 23:00:00,Asia/Bangkok,87.37396086206896,18.47008547008547,17.16239316239316,29.49365182608695
28351,2024-05-12 00:00:00,Asia/Bangkok,89.1437298198198,22.69827586206896,21.25,29.04153018018019
28352,2024-05-12 01:00:00,Asia/Bangkok,89.67312743119267,25.28448275862069,23.32758620689655,28.83591752293581
28353,2024-05-12 02:00:00,Asia/Bangkok,89.53812500000002,18.76724137931035,17.64655172413793,28.71086281818185
28354,2024-05-12 03:00:00,Asia/Bangkok,90.77085295652172,19.8034188034188,18.5982905982906,28.33965330434782
28355,2024-05-12 04:00:00,Asia/Bangkok,90.82130719298243,18.27586206896552,17.27586206896552,28.1695361061947
28356,2024-05-12 05:00:00,Asia/Bangkok,91.07908026315792,27.96551724137931,25.5948275862069,27.97343587719297
28357,2024-05-12 06:00:00,Asia/Bangkok,91.57020199999998,25.24786324786325,23.73504273504274,27.78627113043476
28358,2024-05-12 07:00:00,Asia/Bangkok,93.2132790178572,22.02586206896552,20.73275862068965,27.4373208035714
28359,2024-05-12 08:00:00,Asia/Bangkok,93.36991732758622,19.74358974358974,18.53846153846154,27.94825313043478
28360,2024-05-12 09:00:00,Asia/Bangkok,88.31676053097343,10.99137931034483,10.51724137931035,29.53877920353982
28361,2024-05-12 10:00:00,Asia/Bangkok,81.97630577586207,5.896551724137931,5.491379310344827,31.39773913793104
28362,2024-05-12 11:00:00,Asia/Bangkok,75.62764560344827,2.794871794871795,2.495726495726496,32.78085387931032
28363,2024-05-12 12:00:00,Asia/Bangkok,72.98138955752215,3.810344827586207,3.448275862068965,32.58269309734514
28364,2024-05-12 13:00:00,Asia/Bangkok,67.72030938053095,2.53448275862069,2.387931034482758,34.13902557522123
28365,2024-05-12 14:00:00,Asia/Bangkok,62.4472660526316,2.165217391304348,2.026086956521739,35.29032350877191
28366,2024-05-12 15:00:00,Asia/Bangkok,66.84729382608694,23.18965517241379,20.39655172413793,34.05466491228071
28367,2024-05-12 16:00:00,Asia/Bangkok,65.7279955263158,11.73504273504273,10.55555555555556,34.5498694736842
28368,2024-05-12 17:00:00,Asia/Bangkok,64.6191508035714,3.258620689655173,3.094827586206896,34.35015767857143
28369,2024-05-12 18:00:00,Asia/Bangkok,66.85947938596489,5.422413793103448,5.258620689655173,33.48115350877193
28370,2024-05-12 19:00:00,Asia/Bangkok,72.59049773913046,10.28448275862069,9.660869565217391,32.22372547826086
28371,2024-05-12 20:00:00,Asia/Bangkok,77.49448238938055,31.52173913043478,27.77586206896552,31.36738734513271
28372,2024-05-12 21:00:00,Asia/Bangkok,80.96819684210529,51.94827586206897,42.87931034482759,30.63343394736843
28373,2024-05-12 22:00:00,Asia/Bangkok,84.08758141592921,44.21551724137931,37.27586206896552,29.85692610619468
28374,2024-05-12 23:00:00,Asia/Bangkok,85.4790872072072,30.10344827586207,28.17241379310345,29.2901107207207
28375,2024-05-13 00:00:00,Asia/Bangkok,86.71648531531534,31.28448275862069,29.26724137931035,28.86348657657658
28376,2024-05-13 01:00:00,Asia/Bangkok,87.69777274336286,31.68695652173913,29.41739130434783,28.43607566371681
28377,2024-05-13 02:00:00,Asia/Bangkok,88.3195668181818,26.30172413793104,25.0948275862069,28.13333672727272
28378,2024-05-13 03:00:00,Asia/Bangkok,88.08415026785714,29.5948275862069,27.83620689655172,28.04589053571425
28379,2024-05-13 04:00:00,Asia/Bangkok,88.40818704347829,26.97413793103448,25.75,27.85263321739128
28380,2024-05-13 05:00:00,Asia/Bangkok,89.0431664655172,24.64655172413793,23.53448275862069,27.62714500000001
28381,2024-05-13 06:00:00,Asia/Bangkok,89.1425651785714,17.08695652173913,16.16521739130435,27.45365080357144
28382,2024-05-13 07:00:00,Asia/Bangkok,89.4548548717948,15.99145299145299,15.14529914529914,27.39841350427351
28383,2024-05-13 08:00:00,Asia/Bangkok,90.64717991379308,15.66379310344828,14.93103448275862,28.10621465517243
28384,2024-05-13 09:00:00,Asia/Bangkok,82.70531817391304,9.517241379310345,9.155172413793103,30.36882226086953
28385,2024-05-13 10:00:00,Asia/Bangkok,74.8930839130435,8.743589743589743,8.23076923076923,32.26689182608698
28386,2024-05-13 11:00:00,Asia/Bangkok,71.62799405405406,10.07758620689655,9.64655172413793,33.27655189189188
28387,2024-05-13 12:00:00,Asia/Bangkok,68.06124789473687,19.11111111111111,17.57264957264957,34.00610701754386
28388,2024-05-13 13:00:00,Asia/Bangkok,63.80851633928572,8.172413793103448,7.810344827586207,35.03721243243243
28389,2024-05-13 14:00:00,Asia/Bangkok,73.268155625,7.844827586206897,7.474137931034483,33.5518364864865
28390,2024-05-13 15:00:00,Asia/Bangkok,83.31276479591837,5.656565656565657,5.414141414141414,30.50722448979592
28391,2024-05-13 16:00:00,Asia/Bangkok,84.11729224137933,5.077586206896552,4.844827586206897,29.01732706896552
28392,2024-05-13 17:00:00,Asia/Bangkok,84.9152999137931,11.00854700854701,10.08547008547009,30.11488608695652
28393,2024-05-13 18:00:00,Asia/Bangkok,81.16620500000002,14.94782608695652,13.57391304347826,31.02238396396396
28394,2024-05-13 19:00:00,Asia/Bangkok,83.76004860869567,22.93965517241379,21.87931034482759,30.7646359130435
28395,2024-05-13 20:00:00,Asia/Bangkok,86.78327464285715,39.17241379310344,34.24786324786325,29.90203339285712
28396,2024-05-13 21:00:00,Asia/Bangkok,88.75161439655176,31.73275862068965,29.43103448275862,29.25017198275863
28397,2024-05-13 22:00:00,Asia/Bangkok,90.05164208333333,29.21212121212121,27.67676767676768,28.93066885416667
28398,2024-05-13 23:00:00,Asia/Bangkok,90.47518321739136,32.32758620689656,29.88793103448276,28.57241234782607
28399,2024-05-14 00:00:00,Asia/Bangkok,90.22234702702704,35.08620689655172,31.93965517241379,28.4199223423423
28400,2024-05-14 01:00:00,Asia/Bangkok,91.22495946428572,41.43103448275862,35.54310344827586,28.25036522522521
28401,2024-05-14 02:00:00,Asia/Bangkok,91.8276409565217,38.7304347826087,33.71304347826087,28.06620904347822
28402,2024-05-14 03:00:00,Asia/Bangkok,91.97907513274333,33.24347826086957,30.82608695652174,27.92956566371678
28403,2024-05-14 04:00:00,Asia/Bangkok,91.84053955357142,36.35964912280702,32.7719298245614,27.82196866071429
28404,2024-05-14 05:00:00,Asia/Bangkok,91.98663114035088,32.06034482758621,30.1551724137931,27.65676833333332
28405,2024-05-14 06:00:00,Asia/Bangkok,91.3229844545455,31.78260869565218,29.85217391304348,27.50263199999998
28406,2024-05-14 07:00:00,Asia/Bangkok,92.20660695652172,33.31896551724138,30.83620689655172,27.2534773043478
28407,2024-05-14 08:00:00,Asia/Bangkok,92.4770879130435,30.94827586206896,29.2695652173913,27.62406868421051
28408,2024-05-14 09:00:00,Asia/Bangkok,88.84733288288285,25.39655172413793,24.41880341880342,29.37309972727273
28409,2024-05-14 10:00:00,Asia/Bangkok,80.07227912280705,10.26956521739131,9.904347826086957,31.81916867256637
28410,2024-05-14 11:00:00,Asia/Bangkok,76.72473241071434,7.572649572649572,7.299145299145299,32.41485767857147
28411,2024-05-14 12:00:00,Asia/Bangkok,71.78756756521744,5.844827586206897,5.672413793103448,33.64640939130435
28412,2024-05-14 13:00:00,Asia/Bangkok,69.5449093162393,4.760683760683761,4.594827586206897,34.15524551724138
28413,2024-05-14 14:00:00,Asia/Bangkok,71.62335571428572,7.396551724137931,7.017094017094017,34.06555169642858
28414,2024-05-14 15:00:00,Asia/Bangkok,70.41663288288288,5.78448275862069,5.387931034482759,34.83138696428571
28415,2024-05-14 16:00:00,Asia/Bangkok,71.1756414655172,5.914529914529915,5.726495726495727,33.79790491379308
28416,2024-05-14 17:00:00,Asia/Bangkok,69.89559928571427,3.378378378378379,3.234234234234234,33.28059549549549
28417,2024-05-14 18:00:00,Asia/Bangkok,73.62072104347826,4.422413793103448,4.163793103448276,32.34872139130435
28418,2024-05-14 19:00:00,Asia/Bangkok,78.0620217117117,7.413793103448276,7.112068965517241,31.15662414414414
28419,2024-05-14 20:00:00,Asia/Bangkok,80.91335256637166,14.2991452991453,13.48717948717949,30.8770417699115
28420,2024-05-14 21:00:00,Asia/Bangkok,82.83983684210529,31.43103448275862,28.12931034482759,30.45988394736842
28421,2024-05-14 22:00:00,Asia/Bangkok,85.66630312500001,33.14655172413793,29.95689655172414,29.73752125000002
28422,2024-05-14 23:00:00,Asia/Bangkok,86.2634247787611,20.82905982905983,19.60683760683761,29.5261837168142
28423,2024-05-15 00:00:00,Asia/Bangkok,87.6673533043478,26.72413793103448,25.3448275862069,29.13831182608698
28424,2024-05-15 01:00:00,Asia/Bangkok,88.53135765217395,25.70689655172414,24.54310344827586,28.83970391304348
28425,2024-05-15 02:00:00,Asia/Bangkok,89.2211063478261,26.13793103448276,24.69827586206896,28.56845879310345
28426,2024-05-15 03:00:00,Asia/Bangkok,89.79214490909091,25.11504424778761,23.93805309734513,28.27389733944954
28427,2024-05-15 04:00:00,Asia/Bangkok,90.6180911666666,27.725,26.18333333333333,27.97351277310922
28428,2024-05-15 05:00:00,Asia/Bangkok,91.2504246491228,23.25641025641026,22.00854700854701,27.79141166666666
28429,2024-05-15 06:00:00,Asia/Bangkok,91.04100698275869,22.5,21.30172413793104,27.74116646551724
28430,2024-05-15 07:00:00,Asia/Bangkok,91.52931745614035,22.05172413793104,20.86206896551724,27.65346526315791
28431,2024-05-15 08:00:00,Asia/Bangkok,92.2839161946903,15.52173913043478,14.70434782608696,28.54567654867257
28432,2024-05-15 09:00:00,Asia/Bangkok,85.20773043859651,7.119658119658119,6.70940170940171,30.4873844736842
28433,2024-05-15 10:00:00,Asia/Bangkok,76.82000678260867,6.681034482758621,6.353448275862069,32.30576304347827
28434,2024-05-15 11:00:00,Asia/Bangkok,68.46692412844035,4.51304347826087,4.321739130434783,34.27385660550459
28435,2024-05-15 12:00:00,Asia/Bangkok,66.98094814159295,7.396551724137931,6.913793103448276,34.83328592920353
28436,2024-05-15 13:00:00,Asia/Bangkok,68.94347394736842,13.8034188034188,13.02564102564103,34.29628254385964
28437,2024-05-15 14:00:00,Asia/Bangkok,66.077955,8.26086956521739,7.913043478260869,34.73261026785714
28438,2024-05-15 15:00:00,Asia/Bangkok,61.83342571428572,8.53448275862069,8.112068965517242,35.289495
28439,2024-05-15 16:00:00,Asia/Bangkok,64.15388008771929,8.643478260869566,8.269565217391305,35.14832719298246
28440,2024-05-15 17:00:00,Asia/Bangkok,67.61911853448278,5.698275862068965,5.504347826086956,34.01540260869563
28441,2024-05-15 18:00:00,Asia/Bangkok,71.66852061946904,8.365217391304348,7.96551724137931,32.8564617699115
28442,2024-05-15 19:00:00,Asia/Bangkok,76.79887140350871,10.92241379310345,10.37068965517241,31.72318289473684
28443,2024-05-15 20:00:00,Asia/Bangkok,79.89182078947368,17.19827586206896,16.1551724137931,31.38166359649121
28444,2024-05-15 21:00:00,Asia/Bangkok,81.912738018018,25.20689655172414,23.19827586206896,31.20033387387384
28445,2024-05-15 22:00:00,Asia/Bangkok,84.10332233644857,24.31034482758621,23.01724137931035,30.65480915887849
28446,2024-05-15 23:00:00,Asia/Bangkok,85.51944318584067,22.83760683760684,21.84615384615385,30.18698345132745
28447,2024-05-16 00:00:00,Asia/Bangkok,85.83410808695649,23.24347826086957,22.17391304347826,29.86383182608698
28448,2024-05-16 01:00:00,Asia/Bangkok,87.30776123893804,22.2051282051282,21.2051282051282,29.31553300884955
28449,2024-05-16 02:00:00,Asia/Bangkok,87.55119558558559,21.29565217391304,20.46551724137931,29.21526612612612
28450,2024-05-16 03:00:00,Asia/Bangkok,87.79690193548387,20.82795698924731,19.98924731182796,29.00420204301075
28451,2024-05-16 11:00:00,Asia/Bangkok,88.68967605263151,17.72491909385113,17.05825242718447,28.59179536184207
28452,2024-05-16 12:00:00,Asia/Bangkok,90.4334361815337,11.79425113464448,11.21331316187594,28.85249371473358
28453,2024-05-16 13:00:00,Asia/Bangkok,93.74366010309278,2.888888888888889,2.585858585858586,26.89703608247421
28454,2024-05-16 14:00:00,Asia/Bangkok,93.62687306306307,4.344827586206897,4.103448275862069,27.18771972972972
28455,2024-05-16 15:00:00,Asia/Bangkok,93.45042198275861,4.256410256410256,4.017094017094017,27.59710396551724
28456,2024-05-16 16:00:00,Asia/Bangkok,93.06879446428569,8.198275862068966,7.853448275862069,28.12180410714285
28457,2024-05-16 17:00:00,Asia/Bangkok,92.65600469565221,7.922413793103448,7.706896551724138,28.5748747826087
28458,2024-05-16 18:00:00,Asia/Bangkok,91.97704684210525,7.767241379310345,7.482758620689655,28.82733368421054
28459,2024-05-16 19:00:00,Asia/Bangkok,92.43389535714286,9.586206896551724,9.239316239316238,28.57318830357141
28460,2024-05-16 20:00:00,Asia/Bangkok,93.42551088495578,17.96521739130435,17.09565217391305,28.20734495575219
28461,2024-05-16 21:00:00,Asia/Bangkok,94.14349252173916,19.51304347826087,18.40869565217391,28.01316594827584
28462,2024-05-16 22:00:00,Asia/Bangkok,94.4749976724138,14.1965811965812,13.38461538461539,27.82219226086953
28463,2024-05-16 23:00:00,Asia/Bangkok,94.4839183185841,14.45689655172414,13.57758620689655,27.68401513274341
28464,2024-05-17 00:00:00,Asia/Bangkok,94.72503863636366,12.92173913043478,12.03478260869565,27.54414399999997
28465,2024-05-17 01:00:00,Asia/Bangkok,94.76211456140351,14.79310344827586,14.01724137931035,27.37394561403509
28466,2024-05-17 02:00:00,Asia/Bangkok,95.07765217391302,16.52586206896552,15.60344827586207,27.14259930434782
28467,2024-05-17 03:00:00,Asia/Bangkok,95.10160729729732,17.91304347826087,16.72173913043478,27.04977756756754
28468,2024-05-17 04:00:00,Asia/Bangkok,95.10281612068965,14.71551724137931,13.80172413793103,26.9501919827586
28469,2024-05-17 05:00:00,Asia/Bangkok,95.20792017543863,14.54310344827586,13.83620689655172,26.69472596491228
28470,2024-05-17 06:00:00,Asia/Bangkok,95.41999844036697,13.31896551724138,12.64655172413793,26.50832073394495
28471,2024-05-17 07:00:00,Asia/Bangkok,95.54312747747741,14.55752212389381,13.58407079646018,26.59156463636361
28472,2024-05-17 08:00:00,Asia/Bangkok,96.01766580357142,15.19827586206897,13.96551724137931,26.78738321428574
28473,2024-05-17 09:00:00,Asia/Bangkok,95.77838460869572,13.25641025641026,12.26495726495727,27.36219660869565
28474,2024-05-17 10:00:00,Asia/Bangkok,89.12772928571431,8.539130434782608,7.956521739130435,29.49671513274337
28475,2024-05-17 11:00:00,Asia/Bangkok,77.94228155172415,5.28448275862069,4.948275862068965,31.74216577586207
28476,2024-05-17 12:00:00,Asia/Bangkok,73.3040609649123,4.491379310344827,4.21551724137931,32.82853763157893
28477,2024-05-17 13:00:00,Asia/Bangkok,69.91530017391305,3.760683760683761,3.435897435897436,34.05866191304348
28478,2024-05-17 14:00:00,Asia/Bangkok,68.93435824561402,1.629310344827586,1.5,33.92505947368423
28479,2024-05-17 15:00:00,Asia/Bangkok,70.42717062500002,1.617391304347826,1.460869565217391,33.84485162162163
28480,2024-05-17 16:00:00,Asia/Bangkok,71.90605280701755,2.153846153846154,2.0,33.2757496460177
28481,2024-05-17 17:00:00,Asia/Bangkok,77.41600153153152,2.267241379310345,2.068965517241379,31.78691972972972
28482,2024-05-17 18:00:00,Asia/Bangkok,80.40736125000001,3.612068965517242,3.094827586206896,30.68212288288287
28483,2024-05-17 19:00:00,Asia/Bangkok,82.97789938053094,1.913793103448276,1.482758620689655,29.42211198198198
28484,2024-05-17 20:00:00,Asia/Bangkok,85.37992318965522,4.525862068965517,3.956896551724138,28.58491698275861
28485,2024-05-17 21:00:00,Asia/Bangkok,85.35564548672565,11.82051282051282,11.22222222222222,28.34136247787608
28486,2024-05-17 22:00:00,Asia/Bangkok,86.01116362831858,10.81034482758621,9.913793103448276,28.38661495575217
28487,2024-05-17 23:00:00,Asia/Bangkok,85.65697965517244,3.170940170940171,2.888888888888889,28.28606482758622
28488,2024-05-18 00:00:00,Asia/Bangkok,86.32772982608694,3.379310344827586,3.129310344827586,28.0250879130435
28489,2024-05-18 01:00:00,Asia/Bangkok,89.08858767857146,4.04424778761062,3.699115044247788,27.54907035714286
28490,2024-05-18 02:00:00,Asia/Bangkok,90.25877625,1.744444444444444,1.533333333333333,27.30840604651162
28491,2024-05-18 03:00:00,Asia/Bangkok,90.04312350427345,2.41025641025641,2.128205128205128,27.31385435897432
28492,2024-05-18 04:00:00,Asia/Bangkok,90.26162517543865,2.818965517241379,2.525862068965517,27.13783219298247
28493,2024-05-18 05:00:00,Asia/Bangkok,90.81139184210524,3.834782608695652,3.365217391304348,26.9605605263158
28494,2024-05-18 06:00:00,Asia/Bangkok,91.93990123893806,5.717948717948718,5.128205128205129,26.86961008849559
28495,2024-05-18 07:00:00,Asia/Bangkok,92.60927833333335,8.689655172413794,7.939655172413793,26.83899236842106
28496,2024-05-18 08:00:00,Asia/Bangkok,92.10620577586205,6.53448275862069,6.043103448275862,27.30064948275863
28497,2024-05-18 09:00:00,Asia/Bangkok,84.91229707964601,2.269565217391305,2.025862068965517,29.11778849557522
28498,2024-05-18 10:00:00,Asia/Bangkok,78.02883141592918,2.120689655172414,1.913793103448276,31.43920088495577
28499,2024-05-18 11:00:00,Asia/Bangkok,68.25766599999999,7.724137931034483,7.379310344827586,33.26724539130435
28500,2024-05-18 12:00:00,Asia/Bangkok,66.89266017391306,9.852173913043478,9.547826086956523,33.87059965217392
28501,2024-05-18 13:00:00,Asia/Bangkok,65.2098895575221,13.6551724137931,12.93103448275862,34.89942920353981
28502,2024-05-18 14:00:00,Asia/Bangkok,62.73666578947368,32.15652173913043,30.25217391304348,35.67939578947368
28503,2024-05-18 15:00:00,Asia/Bangkok,59.51695868421051,14.66086956521739,14.06034482758621,37.05133557522124
28504,2024-05-18 16:00:00,Asia/Bangkok,57.20908539130436,14.05128205128205,13.74358974358974,37.5716063478261
28505,2024-05-18 17:00:00,Asia/Bangkok,58.91934356521737,16.00862068965517,15.54310344827586,36.64883486956522
28506,2024-05-18 18:00:00,Asia/Bangkok,63.39447736842106,19.06896551724138,18.47413793103448,35.63865973684211
28507,2024-05-18 19:00:00,Asia/Bangkok,77.62959096491227,28.34188034188034,25.69230769230769,31.51340114035088
28508,2024-05-18 20:00:00,Asia/Bangkok,81.09227135135137,15.55652173913044,14.74137931034483,30.12650081081081
28509,2024-05-18 21:00:00,Asia/Bangkok,90.37467460869564,11.68103448275862,11.01724137931035,28.59864236842105
28510,2024-05-18 22:00:00,Asia/Bangkok,89.11581991150445,10.35344827586207,9.948275862068966,29.0404880701754
28511,2024-05-18 23:00:00,Asia/Bangkok,90.2222275213675,10.56410256410256,10.05982905982906,28.60996267241376
28512,2024-05-19 00:00:00,Asia/Bangkok,91.75270948275862,11.94827586206897,11.37931034482759,28.22221172413794
28513,2024-05-19 01:00:00,Asia/Bangkok,92.83483192982452,14.29565217391304,13.74782608695652,28.11022842105262
28514,2024-05-19 02:00:00,Asia/Bangkok,92.5023796521739,11.26724137931035,10.81896551724138,28.11367210526317
28515,2024-05-19 03:00:00,Asia/Bangkok,92.73216695652174,10.93162393162393,10.47008547008547,27.8502877391304
28516,2024-05-19 04:00:00,Asia/Bangkok,93.5944906086957,12.76724137931035,12.26724137931035,27.62930086956521
28517,2024-05-19 05:00:00,Asia/Bangkok,95.07024495575222,14.28448275862069,13.67241379310345,27.26942407079647
28518,2024-05-19 06:00:00,Asia/Bangkok,94.9536881651376,16.99130434782609,16.31304347826087,27.39345073394492
28519,2024-05-19 07:00:00,Asia/Bangkok,95.41799460869561,18.96581196581197,18.37606837606837,27.31559521739129
28520,2024-05-19 08:00:00,Asia/Bangkok,95.96876654867256,21.17241379310345,20.37931034482759,27.50694433628317
28521,2024-05-19 09:00:00,Asia/Bangkok,93.75618353982303,23.63793103448276,22.88793103448276,28.78031176991151
28522,2024-05-19 10:00:00,Asia/Bangkok,82.78410137931033,19.87068965517241,19.3448275862069,31.20241327586208
28523,2024-05-19 11:00:00,Asia/Bangkok,73.64619752212391,20.03418803418803,19.51282051282051,32.89914079646018
28524,2024-05-19 12:00:00,Asia/Bangkok,72.76563114035086,20.06034482758621,19.66379310344828,33.26256096491228
28525,2024-05-19 13:00:00,Asia/Bangkok,73.20723594827584,19.85344827586207,19.3448275862069,33.55547956521738
28526,2024-05-19 14:00:00,Asia/Bangkok,72.33179271929822,19.10434782608696,18.63478260869565,33.97696684210527
28527,2024-05-19 15:00:00,Asia/Bangkok,78.72447581196583,24.78632478632479,24.11965811965812,32.2504676923077
28528,2024-05-19 16:00:00,Asia/Bangkok,78.14740728070176,23.5,22.9051724137931,32.24542105263158
28529,2024-05-19 17:00:00,Asia/Bangkok,83.97751362831862,11.76923076923077,11.32758620689655,29.12367265486725
28530,2024-05-19 18:00:00,Asia/Bangkok,90.05895107142855,2.688073394495413,2.318181818181818,27.30618607142856
28531,2024-05-19 19:00:00,Asia/Bangkok,90.94198589285712,3.299145299145299,2.94017094017094,27.00575098214287
28532,2024-05-19 20:00:00,Asia/Bangkok,92.87329513513517,8.28695652173913,7.826086956521739,26.99615468468469
28533,2024-05-19 21:00:00,Asia/Bangkok,93.53091831858409,17.25663716814159,16.61946902654867,27.28126442477871
28534,2024-05-19 22:00:00,Asia/Bangkok,93.66669605504582,22.12280701754386,21.28947368421053,27.32124590909084
28535,2024-05-19 23:00:00,Asia/Bangkok,92.49025921052629,21.51724137931035,20.77586206896552,27.3312952212389
28536,2024-05-20 00:00:00,Asia/Bangkok,92.48718895652172,20.95689655172414,20.16379310344828,27.1785705217391
28537,2024-05-20 01:00:00,Asia/Bangkok,93.51149585585588,22.02608695652174,21.21739130434782,27.04508549549549
28538,2024-05-20 02:00:00,Asia/Bangkok,94.4725954464286,23.58771929824561,22.67543859649123,26.94886419642856
28539,2024-05-20 03:00:00,Asia/Bangkok,94.69785794642857,25.39655172413793,24.46551724137931,26.96042696428571
28540,2024-05-20 04:00:00,Asia/Bangkok,94.42700271929826,25.99137931034483,25.0,27.08102885964912
28541,2024-05-20 05:00:00,Asia/Bangkok,94.85343791304345,27.0,26.12068965517241,26.92414678260871
28542,2024-05-20 06:00:00,Asia/Bangkok,94.89407798245612,25.62931034482759,24.79310344827586,26.8988398245614
28543,2024-05-20 07:00:00,Asia/Bangkok,95.1322405263158,28.26724137931035,27.11206896551724,26.98007228070177
28544,2024-05-20 08:00:00,Asia/Bangkok,94.36534353448278,23.5982905982906,22.61538461538462,27.56818887931033
28545,2024-05-20 09:00:00,Asia/Bangkok,89.06047784482756,15.11206896551724,14.56034482758621,29.21370982758622
28546,2024-05-20 10:00:00,Asia/Bangkok,83.07196201754387,9.930434782608696,9.486956521739131,31.05399294642856
28547,2024-05-20 11:00:00,Asia/Bangkok,74.75145373913041,9.794871794871796,9.512820512820513,32.66056904347825
28548,2024-05-20 12:00:00,Asia/Bangkok,70.40786526785715,13.48695652173913,13.02608695652174,33.91177071428571
28549,2024-05-20 13:00:00,Asia/Bangkok,67.19821982758621,12.39316239316239,12.1025641025641,35.04895396551722
28550,2024-05-20 14:00:00,Asia/Bangkok,62.72871545454548,13.56896551724138,13.20689655172414,35.54862481818183
28551,2024-05-20 15:00:00,Asia/Bangkok,60.82049973214286,17.83620689655172,17.41379310344828,35.53697339285714
28552,2024-05-20 16:00:00,Asia/Bangkok,66.27510892857147,16.62068965517241,16.10344827586207,34.47573392857143
28553,2024-05-20 17:00:00,Asia/Bangkok,70.39178875000003,15.68965517241379,15.15384615384615,32.85002794642858
28554,2024-05-20 18:00:00,Asia/Bangkok,72.98523705357147,15.30172413793103,14.75,31.98176428571427
28555,2024-05-20 19:00:00,Asia/Bangkok,76.19271123893803,17.69565217391304,16.95652173913043,31.17949539823009
28556,2024-05-20 20:00:00,Asia/Bangkok,80.88746827586206,15.37606837606838,14.82051282051282,30.27382956896552
28557,2024-05-20 21:00:00,Asia/Bangkok,83.35711982300882,16.5948275862069,15.68965517241379,29.85387805309737
28558,2024-05-20 22:00:00,Asia/Bangkok,85.00896669565215,15.35344827586207,14.75862068965517,29.40035278260868
28559,2024-05-20 23:00:00,Asia/Bangkok,85.90337156521743,17.07758620689655,16.43103448275862,29.25680199999995
28560,2024-05-21 00:00:00,Asia/Bangkok,87.14451385964914,18.8974358974359,18.10344827586207,28.95941885964911
28561,2024-05-21 01:00:00,Asia/Bangkok,88.09502210526314,18.34210526315789,17.68695652173913,28.64809114035087
28562,2024-05-21 02:00:00,Asia/Bangkok,88.90706126126129,16.88034188034188,16.23931623931624,28.42056936936939
28563,2024-05-21 03:00:00,Asia/Bangkok,89.83337750000001,17.10344827586207,16.37068965517241,28.06498883928571
28564,2024-05-21 04:00:00,Asia/Bangkok,91.1025060714285,18.37068965517241,17.6551724137931,27.71459612612614
28565,2024-05-21 05:00:00,Asia/Bangkok,89.86863526785713,12.5,11.97413793103448,27.53266473214284
28566,2024-05-21 06:00:00,Asia/Bangkok,89.45466936936937,8.854700854700855,8.444444444444445,27.38946531531527
28567,2024-05-21 07:00:00,Asia/Bangkok,88.95404955752214,7.263157894736842,6.93859649122807,27.45665610619468
28568,2024-05-21 08:00:00,Asia/Bangkok,87.73103113043484,4.8,4.51304347826087,27.81313547826084
28569,2024-05-21 09:00:00,Asia/Bangkok,86.35566513274335,1.217391304347826,1.043478260869565,28.43359265486726
28570,2024-05-21 10:00:00,Asia/Bangkok,83.20260637931037,1.344827586206897,1.206896551724138,29.48228482758621
28571,2024-05-21 11:00:00,Asia/Bangkok,79.77445551724138,1.172413793103448,0.991304347826087,30.70027637931033
28572,2024-05-21 12:00:00,Asia/Bangkok,72.78779035398233,1.879310344827586,1.726495726495727,32.65403557522122
28573,2024-05-21 13:00:00,Asia/Bangkok,66.23312315789474,1.336206896551724,1.206896551724138,34.87541535087721
28574,2024-05-21 14:00:00,Asia/Bangkok,69.97190646017698,2.70940170940171,2.333333333333333,32.86482087719296
28575,2024-05-21 15:00:00,Asia/Bangkok,69.09142089285713,0.2844827586206897,0.2155172413793103,32.28661008928574
28576,2024-05-21 16:00:00,Asia/Bangkok,72.46844913793103,2.405172413793104,1.974137931034483,31.08660652173914
28577,2024-05-21 17:00:00,Asia/Bangkok,77.17329854700853,1.076923076923077,0.8547008547008547,29.58963376068377
28578,2024-05-21 18:00:00,Asia/Bangkok,77.93306973214287,0.896551724137931,0.7155172413793104,29.26098223214283
28579,2024-05-21 19:00:00,Asia/Bangkok,79.43047684210525,5.939655172413793,5.310344827586207,28.92426043859649
28580,2024-05-21 20:00:00,Asia/Bangkok,81.13151,6.71551724137931,5.947826086956522,28.58084201754384
28581,2024-05-21 21:00:00,Asia/Bangkok,84.72184315315316,9.247863247863247,8.17094017094017,27.7785261607143
28582,2024-05-21 22:00:00,Asia/Bangkok,86.67081185840709,14.81739130434783,12.86086956521739,27.38959017699111
28583,2024-05-21 23:00:00,Asia/Bangkok,86.61619052173914,2.51304347826087,2.156521739130435,27.26975713043478
28584,2024-05-22 00:00:00,Asia/Bangkok,86.25534359649126,23.52173913043478,21.16521739130435,27.42313692982456
28585,2024-05-22 01:00:00,Asia/Bangkok,87.81266087719294,3.191304347826087,2.8,26.89661517543861
28586,2024-05-22 02:00:00,Asia/Bangkok,88.98196312499995,2.974137931034483,2.594827586206896,26.6008875892857
28587,2024-05-22 03:00:00,Asia/Bangkok,89.27414130434786,2.836206896551724,2.448275862068965,26.64291508771931
28588,2024-05-22 04:00:00,Asia/Bangkok,89.77597576576574,3.482758620689655,3.112068965517242,26.67333954954956
28589,2024-05-22 05:00:00,Asia/Bangkok,91.58571504424776,1.310344827586207,1.146551724137931,26.29962265486725
28590,2024-05-22 06:00:00,Asia/Bangkok,89.12296293577984,0.04310344827586207,0.0,26.35383458715593
28591,2024-05-22 07:00:00,Asia/Bangkok,89.31497719298243,0.3947368421052632,0.2368421052631579,26.36442280701754
28592,2024-05-22 08:00:00,Asia/Bangkok,88.5487207017544,0.1949152542372881,0.0847457627118644,26.88089684210527
28593,2024-05-22 09:00:00,Asia/Bangkok,86.17202252173911,0.8189655172413793,0.6637931034482759,28.09265973913044
28594,2024-05-22 10:00:00,Asia/Bangkok,75.90014175438596,0.02586206896551724,0.0,30.69257780701755
28595,2024-05-22 11:00:00,Asia/Bangkok,71.8312081818182,0.7931034482758621,0.6724137931034483,31.993517
28596,2024-05-22 12:00:00,Asia/Bangkok,68.72635599999997,0.7241379310344828,0.603448275862069,32.67817086956521
28597,2024-05-22 13:00:00,Asia/Bangkok,65.09883565217392,2.307692307692307,2.136752136752137,34.09082260869565
28598,2024-05-22 14:00:00,Asia/Bangkok,63.2474200892857,4.258620689655173,4.017241379310345,34.84912812499999
28599,2024-05-22 15:00:00,Asia/Bangkok,58.53056948717948,4.606837606837606,4.239316239316239,36.16425717948719
28600,2024-05-22 16:00:00,Asia/Bangkok,56.90033043859647,4.948275862068965,4.422413793103448,35.94933219298246
28601,2024-05-22 17:00:00,Asia/Bangkok,57.72170562499998,3.758620689655173,3.431034482758621,35.77529982142858
28602,2024-05-22 18:00:00,Asia/Bangkok,61.43043581818181,6.741379310344827,6.347826086956522,34.85404727272728
28603,2024-05-22 19:00:00,Asia/Bangkok,64.2652349557522,11.98275862068965,11.04310344827586,33.62121796460177
28604,2024-05-22 20:00:00,Asia/Bangkok,69.03109330357141,34.57391304347826,29.78260869565218,32.63308642857145
28605,2024-05-22 21:00:00,Asia/Bangkok,73.93747008849556,29.38461538461538,26.52136752136752,31.6683781415929
28606,2024-05-22 22:00:00,Asia/Bangkok,79.2397511403509,38.35344827586207,33.26724137931034,30.64643078947369
28607,2024-05-22 23:00:00,Asia/Bangkok,81.57714707964607,35.20689655172414,30.29310344827586,29.93871424778761
28608,2024-05-23 00:00:00,Asia/Bangkok,79.35813184210527,11.82608695652174,11.13913043478261,29.74482342105262
28609,2024-05-23 01:00:00,Asia/Bangkok,79.98126931034477,9.256410256410257,8.683760683760683,29.56960043103447
28610,2024-05-23 02:00:00,Asia/Bangkok,81.7288998245614,9.120689655172415,8.60344827586207,28.96305265486728
28611,2024-05-23 03:00:00,Asia/Bangkok,80.45542113043476,7.767241379310345,7.293103448275862,28.66060391304348
28612,2024-05-23 04:00:00,Asia/Bangkok,82.39091513043478,8.760683760683762,8.188034188034187,28.46253373913041
28613,2024-05-23 05:00:00,Asia/Bangkok,85.52850678571424,11.17241379310345,10.45689655172414,27.77087348214287
28614,2024-05-23 06:00:00,Asia/Bangkok,85.41037560344826,8.077586206896552,7.612068965517241,27.77475094827587
28615,2024-05-23 07:00:00,Asia/Bangkok,86.3887489285714,10.06837606837607,9.350427350427351,27.5823755357143
28616,2024-05-23 08:00:00,Asia/Bangkok,85.37395805309735,13.89380530973451,12.73451327433628,28.11861380530973
28617,2024-05-23 09:00:00,Asia/Bangkok,84.92006362831856,10.06140350877193,9.508771929824562,28.80937982300887
28618,2024-05-23 10:00:00,Asia/Bangkok,80.18884991228072,5.747826086956522,5.426086956521739,29.57237526315788
28619,2024-05-23 11:00:00,Asia/Bangkok,74.14412289473685,7.163793103448276,6.672413793103448,30.9617898245614
28620,2024-05-23 12:00:00,Asia/Bangkok,69.50378894736842,3.698275862068965,3.413793103448276,32.61706666666666
28621,2024-05-23 13:00:00,Asia/Bangkok,67.51106666666668,2.263157894736842,2.026548672566372,33.36361035087718
28622,2024-05-23 14:00:00,Asia/Bangkok,62.43536626086956,2.076923076923077,1.82051282051282,34.69262017391305
28623,2024-05-23 15:00:00,Asia/Bangkok,62.49025859813081,4.060344827586207,3.836206896551724,34.72733364485981
28624,2024-05-23 16:00:00,Asia/Bangkok,57.03550347826086,3.603448275862069,3.327586206896552,35.06254304347825
28625,2024-05-23 17:00:00,Asia/Bangkok,61.59113778761062,3.128205128205128,2.700854700854701,33.92516283185841
28626,2024-05-23 18:00:00,Asia/Bangkok,67.16909292035399,3.060344827586207,2.681034482758621,32.2081371681416
28627,2024-05-23 19:00:00,Asia/Bangkok,70.59520173913045,7.172413793103448,6.568965517241379,31.080106
28628,2024-05-23 20:00:00,Asia/Bangkok,72.48906885964915,3.568965517241379,3.267241379310345,29.9222349122807
28629,2024-05-23 21:00:00,Asia/Bangkok,74.90263575221239,4.301724137931035,3.758620689655173,29.58408061946901
28630,2024-05-23 22:00:00,Asia/Bangkok,78.39761844827589,25.67521367521368,20.85470085470086,29.20353508620691
28631,2024-05-23 23:00:00,Asia/Bangkok,80.47681139130431,12.55172413793103,11.1551724137931,29.03122017391308
28632,2024-05-24 00:00:00,Asia/Bangkok,81.35407276785715,13.48695652173913,11.99130434782609,29.03893035398231
28633,2024-05-24 01:00:00,Asia/Bangkok,84.29671927272729,15.93103448275862,14.58620689655172,28.44118118181816
28634,2024-05-24 02:00:00,Asia/Bangkok,86.66013857142855,41.00854700854701,34.00854700854701,27.88650874999998
28635,2024-05-24 03:00:00,Asia/Bangkok,87.70146071428567,29.37931034482759,25.68965517241379,27.50257660714286
28636,2024-05-24 04:00:00,Asia/Bangkok,88.03398374999999,16.55172413793104,15.51724137931035,27.33124526785713
28637,2024-05-24 05:00:00,Asia/Bangkok,87.10101043859652,16.5982905982906,15.60683760683761,27.43634991228069
28638,2024-05-24 06:00:00,Asia/Bangkok,87.4326141964285,19.4051724137931,18.06034482758621,27.11637830357142
28639,2024-05-24 07:00:00,Asia/Bangkok,89.22264814159294,19.18103448275862,18.03448275862069,26.83981106194691
28640,2024-05-24 08:00:00,Asia/Bangkok,88.13936243478258,24.03448275862069,21.19827586206896,27.40833556521738
28641,2024-05-24 09:00:00,Asia/Bangkok,80.87873399999998,10.2991452991453,9.64102564102564,29.37146686956524
28642,2024-05-24 10:00:00,Asia/Bangkok,73.62290649122808,4.094827586206897,3.75,31.55702778761063
28643,2024-05-24 11:00:00,Asia/Bangkok,64.71532973913044,2.775862068965517,2.413793103448276,33.5753552173913
28644,2024-05-24 12:00:00,Asia/Bangkok,61.45610826086958,1.758620689655172,1.482758620689655,34.46712137931035
28645,2024-05-24 13:00:00,Asia/Bangkok,59.19219622807017,1.863247863247863,1.538461538461539,35.47820407079646
28646,2024-05-24 14:00:00,Asia/Bangkok,55.78869573913045,2.198275862068965,1.870689655172414,36.5512795614035
28647,2024-05-24 15:00:00,Asia/Bangkok,56.69551965217391,6.077586206896552,5.620689655172414,36.68958426086955
28648,2024-05-24 16:00:00,Asia/Bangkok,64.80799491071426,4.129310344827586,3.758620689655173,34.77285517857144
28649,2024-05-24 17:00:00,Asia/Bangkok,68.45415577586208,1.52991452991453,1.239316239316239,33.45389344827587
28650,2024-05-24 18:00:00,Asia/Bangkok,67.67854194690266,13.17241379310345,11.71551724137931,33.41541318584068
28651,2024-05-24 19:00:00,Asia/Bangkok,70.56001123893807,51.94827586206897,45.13793103448276,32.79135884955753
28652,2024-05-24 20:00:00,Asia/Bangkok,73.68393560344826,60.35344827586207,50.18103448275862,31.82529103448274
28653,2024-05-24 21:00:00,Asia/Bangkok,77.76804347826086,54.1551724137931,44.27586206896552,31.04950113043476
28654,2024-05-24 22:00:00,Asia/Bangkok,80.53618947826087,45.2,37.95652173913044,30.81913530434788
28655,2024-05-24 23:00:00,Asia/Bangkok,81.28964238938053,38.04310344827586,33.25862068965517,30.55813495575221
28656,2024-05-25 00:00:00,Asia/Bangkok,81.99708026548673,36.58620689655172,32.3448275862069,30.47836910714286
28657,2024-05-25 01:00:00,Asia/Bangkok,83.86029586206895,36.28205128205128,32.06837606837607,30.17453721739134
28658,2024-05-25 02:00:00,Asia/Bangkok,85.80150749999997,34.12931034482759,30.62068965517241,29.77834750000003
28659,2024-05-25 03:00:00,Asia/Bangkok,86.7126563157895,31.52586206896552,29.05217391304348,29.28372114035087
28660,2024-05-25 04:00:00,Asia/Bangkok,87.75642982456135,30.61739130434783,28.47826086956522,28.92529114035089
28661,2024-05-25 05:00:00,Asia/Bangkok,88.68357292035398,29.53043478260869,27.80869565217391,28.69698814159292
28662,2024-05-25 06:00:00,Asia/Bangkok,89.38201000000007,28.66379310344828,26.98275862068965,28.53763120689655
28663,2024-05-25 07:00:00,Asia/Bangkok,90.98113434782603,31.0,28.90598290598291,28.13382704347826
28664,2024-05-25 08:00:00,Asia/Bangkok,90.32543295652177,24.21551724137931,22.89655172413793,29.00723539130434
28665,2024-05-25 09:00:00,Asia/Bangkok,84.97376738738734,12.64655172413793,12.05172413793103,30.65825783783783
28666,2024-05-25 10:00:00,Asia/Bangkok,78.7968649137931,10.73275862068965,10.21551724137931,32.21179879310345
28667,2024-05-25 11:00:00,Asia/Bangkok,72.52371389380531,10.60869565217391,10.14782608695652,33.66406097345135
28668,2024-05-25 12:00:00,Asia/Bangkok,68.58172765217391,10.7008547008547,10.24786324786325,34.98582208695653
28669,2024-05-25 13:00:00,Asia/Bangkok,64.97594035398228,8.85344827586207,8.508620689655173,36.08531522123894
28670,2024-05-25 14:00:00,Asia/Bangkok,64.14829947368423,9.120689655172415,8.767241379310345,36.45999710526315
28671,2024-05-25 15:00:00,Asia/Bangkok,67.98474387931036,14.86206896551724,14.29310344827586,35.79713034482758
28672,2024-05-25 16:00:00,Asia/Bangkok,76.91514807017543,3.380530973451327,2.902654867256637,28.70674464912281
28673,2024-05-25 17:00:00,Asia/Bangkok,89.68176876106192,1.47008547008547,1.17948717948718,25.64952893805311
28674,2024-05-25 18:00:00,Asia/Bangkok,86.46735433628318,1.060344827586207,0.7672413793103449,27.30301723214283
28675,2024-05-25 19:00:00,Asia/Bangkok,83.2928162280702,2.495652173913043,1.904347826086957,27.83293973684213
28676,2024-05-25 20:00:00,Asia/Bangkok,85.42732904347824,4.603448275862069,4.068965517241379,27.03830622807019
28677,2024-05-25 21:00:00,Asia/Bangkok,89.13215460869566,11.87931034482759,10.97413793103448,26.16542156521741
28678,2024-05-25 22:00:00,Asia/Bangkok,90.1779778448276,11.47368421052632,10.63157894736842,26.17036310344827
28679,2024-05-25 23:00:00,Asia/Bangkok,89.92698895652174,15.81034482758621,14.81896551724138,26.35604156521739
28680,2024-05-26 00:00:00,Asia/Bangkok,90.7032385964912,22.38793103448276,20.94827586206896,26.22919236842107
28681,2024-05-26 01:00:00,Asia/Bangkok,90.83860327433628,17.54310344827586,16.3448275862069,26.22396321428571
28682,2024-05-26 02:00:00,Asia/Bangkok,91.35086026785713,16.44827586206896,15.53448275862069,26.07413857142857
28683,2024-05-26 03:00:00,Asia/Bangkok,90.83166327433635,16.30172413793104,15.25862068965517,26.17068743362832
28684,2024-05-26 04:00:00,Asia/Bangkok,91.08490999999998,17.63157894736842,16.29824561403509,26.19723446428571
28685,2024-05-26 05:00:00,Asia/Bangkok,91.7771579464286,16.92105263157895,15.89473684210526,26.10301008849557
28686,2024-05-26 06:00:00,Asia/Bangkok,92.23136168141595,25.88793103448276,23.12068965517241,25.94078247787611
28687,2024-05-26 07:00:00,Asia/Bangkok,93.22339017543855,35.63478260869565,31.47826086956522,25.92805736842104
28688,2024-05-26 08:00:00,Asia/Bangkok,94.86020410714283,60.61739130434783,55.84347826086957,26.95434839285713
28689,2024-05-26 09:00:00,Asia/Bangkok,93.07489939130437,13.9051724137931,13.22413793103448,29.04420182608695
28690,2024-05-26 10:00:00,Asia/Bangkok,85.40148370689653,19.75,17.67241379310345,31.27569052173913
28691,2024-05-26 11:00:00,Asia/Bangkok,80.47018627272725,9.543859649122806,9.069565217391304,32.3849139090909
28692,2024-05-26 12:00:00,Asia/Bangkok,74.94461657657656,6.517241379310345,6.232758620689655,33.23029207207207
28693,2024-05-26 13:00:00,Asia/Bangkok,70.0181342857143,5.551724137931035,5.370689655172414,34.21797687500003
28694,2024-05-26 14:00:00,Asia/Bangkok,67.259022,5.189655172413793,4.931034482758621,34.52197373913043
28695,2024-05-26 15:00:00,Asia/Bangkok,63.71911894736839,4.368421052631579,4.12280701754386,35.45752298245616
28696,2024-05-26 16:00:00,Asia/Bangkok,65.0895657142857,4.836206896551724,4.586206896551724,35.6087355855856
28697,2024-05-26 17:00:00,Asia/Bangkok,73.74735695652173,7.03448275862069,6.663793103448276,33.65709215517241
28698,2024-05-26 18:00:00,Asia/Bangkok,75.64616646551725,5.155172413793103,4.620689655172414,32.97238405172414
28699,2024-05-26 19:00:00,Asia/Bangkok,89.50461601769908,2.435897435897436,2.0,27.06397654867258
28700,2024-05-26 20:00:00,Asia/Bangkok,90.22417964601772,2.78448275862069,2.456896551724138,27.03427053097342
28701,2024-05-26 21:00:00,Asia/Bangkok,89.16965870689654,6.853448275862069,6.267241379310345,27.65654301724136
28702,2024-05-26 22:00:00,Asia/Bangkok,90.12550715596332,8.620689655172415,8.077586206896552,27.65230082568809
28703,2024-05-26 23:00:00,Asia/Bangkok,90.78316201754383,10.43103448275862,9.956896551724139,27.56947194690264
28704,2024-05-27 00:00:00,Asia/Bangkok,91.54385937499998,10.68695652173913,9.91304347826087,27.44590216216217
28705,2024-05-27 01:00:00,Asia/Bangkok,92.13927359649121,22.94871794871795,20.38461538461538,27.28416210526314
28706,2024-05-27 02:00:00,Asia/Bangkok,91.7531275,32.80172413793103,30.18103448275862,27.33017499999998
28707,2024-05-27 03:00:00,Asia/Bangkok,92.21207964285712,24.85470085470086,22.48717948717949,27.18878660714287
28708,2024-05-27 04:00:00,Asia/Bangkok,92.82178504347829,14.49137931034483,13.6551724137931,27.06799478260866
28709,2024-05-27 05:00:00,Asia/Bangkok,93.27561626086951,12.28448275862069,11.63793103448276,26.94824878260868
28710,2024-05-27 06:00:00,Asia/Bangkok,93.09510491228069,12.78632478632479,12.04273504273504,26.92324217391308
28711,2024-05-27 07:00:00,Asia/Bangkok,93.74993184210533,13.97413793103448,13.29310344827586,26.9397597368421
28712,2024-05-27 08:00:00,Asia/Bangkok,95.22824646017702,19.79130434782609,18.90434782608695,27.9020156140351
28713,2024-05-27 09:00:00,Asia/Bangkok,93.18394265486721,10.96581196581197,10.53846153846154,29.57906517857142
28714,2024-05-27 10:00:00,Asia/Bangkok,81.18416577586206,5.801724137931035,5.491379310344827,31.70560896551724
28715,2024-05-27 11:00:00,Asia/Bangkok,73.92178669642855,6.836206896551724,6.551724137931035,33.47947584070797
28716,2024-05-27 12:00:00,Asia/Bangkok,66.13029150442479,8.805309734513274,8.517543859649123,35.21008619469028
28717,2024-05-27 13:00:00,Asia/Bangkok,60.43204491228069,9.198275862068966,8.85344827586207,36.43832991228069
28718,2024-05-27 14:00:00,Asia/Bangkok,57.6291359649123,8.205128205128204,7.905172413793103,37.09661210526314
28719,2024-05-27 15:00:00,Asia/Bangkok,58.0563893636364,7.551724137931035,7.324786324786325,37.154269
28720,2024-05-27 16:00:00,Asia/Bangkok,69.54836681415928,6.543103448275862,6.120689655172414,35.28128557522124
28721,2024-05-27 17:00:00,Asia/Bangkok,70.90188775862072,6.051724137931035,5.844827586206897,34.31645465517241
28722,2024-05-27 18:00:00,Asia/Bangkok,73.67025269565218,7.052173913043478,6.68695652173913,32.8021152631579
28723,2024-05-27 19:00:00,Asia/Bangkok,76.7640347413793,23.53448275862069,21.45689655172414,31.17138198275863
28724,2024-05-27 20:00:00,Asia/Bangkok,80.43733184210527,4.824561403508772,4.478260869565218,28.73084859649121
28725,2024-05-27 21:00:00,Asia/Bangkok,81.7385603571428,4.726495726495727,4.282051282051282,27.74026450450451
28726,2024-05-27 22:00:00,Asia/Bangkok,84.30326061946904,7.078260869565217,6.608695652173913,27.53329185840706
28727,2024-05-27 23:00:00,Asia/Bangkok,82.56031637168138,5.931034482758621,5.5,28.32031859649122
28728,2024-05-28 00:00:00,Asia/Bangkok,85.54684105263159,8.820512820512821,8.427350427350428,27.88688716814159
28729,2024-05-28 01:00:00,Asia/Bangkok,87.7619245535714,9.21551724137931,8.767241379310345,27.55977348214286
28730,2024-05-28 02:00:00,Asia/Bangkok,89.01150344827586,9.692307692307692,9.051282051282051,27.33628655172412
28731,2024-05-28 03:00:00,Asia/Bangkok,90.42852500000002,9.594827586206897,8.982758620689655,26.82737499999999
28732,2024-05-28 04:00:00,Asia/Bangkok,83.85376743362832,1.234782608695652,1.043478260869565,26.43647249999999
28733,2024-05-28 05:00:00,Asia/Bangkok,84.6942984347826,1.318965517241379,1.025862068965517,26.52995921052631
28734,2024-05-28 06:00:00,Asia/Bangkok,86.62833070175432,1.213675213675214,0.9487179487179487,26.38435587719299
28735,2024-05-28 07:00:00,Asia/Bangkok,87.52221068965513,2.612068965517242,2.275862068965517,26.21778408695652
28736,2024-05-28 08:00:00,Asia/Bangkok,85.5427574107143,2.439655172413793,2.094827586206896,26.97242911504425
28737,2024-05-28 09:00:00,Asia/Bangkok,80.46777690265485,2.273504273504273,2.017094017094017,29.23282848214287
28738,2024-05-28 10:00:00,Asia/Bangkok,74.73179589285716,4.568965517241379,4.327586206896552,31.19919151785712
28739,2024-05-28 11:00:00,Asia/Bangkok,70.56251321428573,7.491379310344827,7.198275862068965,32.96418446428572
28740,2024-05-28 12:00:00,Asia/Bangkok,64.83711017391306,8.017094017094017,7.794871794871795,34.70490495652174
28741,2024-05-28 13:00:00,Asia/Bangkok,56.47986394736839,4.387931034482759,4.232758620689655,36.35116859649124
28742,2024-05-28 14:00:00,Asia/Bangkok,54.32822141592921,4.913793103448276,4.706896551724138,36.81815839285713
28743,2024-05-28 15:00:00,Asia/Bangkok,54.16743469026547,6.572649572649572,6.435897435897436,37.39616830357145
28744,2024-05-28 16:00:00,Asia/Bangkok,52.64727009259259,6.817391304347826,6.6,37.98091757009345
28745,2024-05-28 17:00:00,Asia/Bangkok,55.40627787610621,8.8,8.525862068965518,36.64460131578947
28746,2024-05-28 18:00:00,Asia/Bangkok,60.34984781818182,12.56896551724138,12.23275862068965,35.44044761467887
28747,2024-05-28 19:00:00,Asia/Bangkok,66.0587036607143,16.74137931034483,16.20689655172414,34.27758053571428
28748,2024-05-28 20:00:00,Asia/Bangkok,71.71051584070797,32.39655172413793,29.08620689655172,32.79584716814158
28749,2024-05-28 21:00:00,Asia/Bangkok,73.19027946428571,21.28318584070797,20.30088495575221,32.61439410714289
28750,2024-05-28 22:00:00,Asia/Bangkok,74.72617634782611,19.57758620689655,18.74137931034483,31.92722565217391
28751,2024-05-28 23:00:00,Asia/Bangkok,76.29806625000003,17.02564102564103,16.41880341880342,31.27789232142858
28752,2024-05-29 00:00:00,Asia/Bangkok,80.09385657894735,18.24137931034483,17.56896551724138,30.68278754385965
28753,2024-05-29 01:00:00,Asia/Bangkok,81.24038495652175,18.38260869565217,17.66086956521739,30.12222269565217
28754,2024-05-29 02:00:00,Asia/Bangkok,84.58465939130433,24.89565217391304,23.79130434782609,29.38535078260867
28755,2024-05-29 03:00:00,Asia/Bangkok,85.18201773913042,18.53982300884956,17.71681415929203,29.2800245217391
28756,2024-05-29 04:00:00,Asia/Bangkok,85.71416575221238,19.02608695652174,18.21739130434782,29.26571814159288
28757,2024-05-29 05:00:00,Asia/Bangkok,86.86507460176989,18.17241379310345,17.43103448275862,28.99613557522125
28758,2024-05-29 06:00:00,Asia/Bangkok,88.25776362831854,17.96551724137931,17.36206896551724,28.49921769911504
28759,2024-05-29 07:00:00,Asia/Bangkok,89.31434920353978,19.05172413793104,18.38793103448276,28.18232283185841
28760,2024-05-29 08:00:00,Asia/Bangkok,89.16149051724139,24.49572649572649,23.32478632478632,28.84274163793101
28761,2024-05-29 09:00:00,Asia/Bangkok,84.69424565217389,16.17241379310345,15.54310344827586,30.34597495652173
28762,2024-05-29 10:00:00,Asia/Bangkok,78.56472234782612,13.96551724137931,13.37931034482759,31.7593911304348
28763,2024-05-29 11:00:00,Asia/Bangkok,72.22737858407083,13.86324786324786,13.4017094017094,33.51650663716816
28764,2024-05-29 12:00:00,Asia/Bangkok,67.00970339130433,16.05172413793104,15.57758620689655,35.05859408695651
28765,2024-05-29 13:00:00,Asia/Bangkok,64.64789794642857,14.34188034188034,13.94827586206897,36.02285297297298
28766,2024-05-29 14:00:00,Asia/Bangkok,62.94439965517242,14.93965517241379,14.48717948717949,36.64735310344827
28767,2024-05-29 15:00:00,Asia/Bangkok,61.69886026086956,14.93965517241379,14.57758620689655,36.61655521739129
28768,2024-05-29 16:00:00,Asia/Bangkok,67.15239079646014,17.81896551724138,17.31896551724138,35.36661787610618
28769,2024-05-29 17:00:00,Asia/Bangkok,68.24825120689654,14.22222222222222,13.69230769230769,34.12746120689655
28770,2024-05-29 18:00:00,Asia/Bangkok,72.70028241379306,14.51724137931035,14.07758620689655,32.59148991379312
28771,2024-05-29 19:00:00,Asia/Bangkok,76.0889645132743,22.8034188034188,21.72649572649573,32.08062318584071
28772,2024-05-29 20:00:00,Asia/Bangkok,81.27830368421048,49.64655172413793,42.18965517241379,31.59739815789473
28773,2024-05-29 21:00:00,Asia/Bangkok,86.95535373913049,32.93043478260869,30.05217391304348,30.21944495652176
28774,2024-05-29 22:00:00,Asia/Bangkok,88.47678815789477,23.12931034482759,22.06034482758621,29.62280754385968
28775,2024-05-29 23:00:00,Asia/Bangkok,89.41695853211012,24.05172413793104,22.54310344827586,29.37345752293577
28776,2024-05-30 00:00:00,Asia/Bangkok,90.05249526315792,22.16379310344828,20.91379310344828,28.97874385964915
28777,2024-05-30 01:00:00,Asia/Bangkok,90.8026436283186,51.81896551724138,43.12068965517241,28.714360877193
28778,2024-05-30 02:00:00,Asia/Bangkok,91.26458923076918,32.95726495726495,30.25641025641026,28.60888172413793
28779,2024-05-30 03:00:00,Asia/Bangkok,91.74231517543856,41.66379310344828,35.86206896551724,28.58728131578946
28780,2024-05-30 04:00:00,Asia/Bangkok,91.92890175438596,30.58119658119658,27.65811965811966,28.2553887719298
28781,2024-05-30 05:00:00,Asia/Bangkok,91.87533577586206,21.13793103448276,20.10344827586207,27.89933448275863
28782,2024-05-30 06:00:00,Asia/Bangkok,91.84692078260869,17.18103448275862,16.41379310344828,27.87552773913042
28783,2024-05-30 07:00:00,Asia/Bangkok,91.55014884955752,16.44827586206896,15.67241379310345,27.97647194690265
28784,2024-05-30 08:00:00,Asia/Bangkok,91.07112434782609,13.60526315789474,12.86842105263158,28.31080728070175
28785,2024-05-30 09:00:00,Asia/Bangkok,89.68209482142854,11.55172413793103,11.0,28.93224982142857
28786,2024-05-30 10:00:00,Asia/Bangkok,89.01437315789472,14.22413793103448,13.63793103448276,29.59904991304347
28787,2024-05-30 11:00:00,Asia/Bangkok,86.16083725663714,11.41379310344828,10.93965517241379,30.1583892920354
28788,2024-05-30 12:00:00,Asia/Bangkok,82.00909105263158,9.71551724137931,9.21551724137931,31.2077643859649
28789,2024-05-30 13:00:00,Asia/Bangkok,76.61008948275861,10.30172413793103,9.844827586206897,33.10306655172413
28790,2024-05-30 14:00:00,Asia/Bangkok,72.97825350877194,11.80701754385965,11.37391304347826,33.80440157894738
28791,2024-05-30 15:00:00,Asia/Bangkok,72.1165409734513,14.02586206896552,13.44827586206897,34.03681831858407
28792,2024-05-30 16:00:00,Asia/Bangkok,68.22486018018017,13.97391304347826,13.5304347826087,34.89862117117118
28793,2024-05-30 17:00:00,Asia/Bangkok,69.71452245614036,13.86206896551724,13.41379310344828,34.17803815789475
28794,2024-05-30 18:00:00,Asia/Bangkok,72.846335,16.97435897435897,16.46153846153846,33.23426008620687
28795,2024-05-30 19:00:00,Asia/Bangkok,74.3545802654867,16.70689655172414,16.01724137931035,32.44589283185841
28796,2024-05-30 20:00:00,Asia/Bangkok,77.06429447619048,20.29565217391304,18.83478260869565,31.66114885714285
28797,2024-05-30 21:00:00,Asia/Bangkok,80.3238116666667,38.39655172413793,33.53448275862069,31.12041614035087
28798,2024-05-30 22:00:00,Asia/Bangkok,82.04806241379316,19.77777777777778,18.78632478632479,30.90078310344828
28799,2024-05-30 23:00:00,Asia/Bangkok,83.41892707964604,28.71551724137931,26.74137931034483,30.59620566371681
28800,2024-05-31 00:00:00,Asia/Bangkok,82.81905000000002,16.30172413793104,15.48275862068965,30.00261336283188
28801,2024-05-31 01:00:00,Asia/Bangkok,83.10236238938053,14.09401709401709,13.30769230769231,29.75176796460174
28802,2024-05-31 02:00:00,Asia/Bangkok,87.69983448275862,12.20689655172414,11.5,29.01290422413794
28803,2024-05-31 03:00:00,Asia/Bangkok,88.47146078947368,7.78448275862069,7.258620689655173,28.20076499999999
28804,2024-05-31 04:00:00,Asia/Bangkok,87.12182684210524,0.05217391304347826,0.008695652173913044,26.60630946902655
28805,2024-05-31 05:00:00,Asia/Bangkok,86.61629836363637,2.224137931034483,1.96551724137931,26.90414054545454
28806,2024-05-31 06:00:00,Asia/Bangkok,89.79561734513274,0.07692307692307693,0.01724137931034483,26.34494814159292
28807,2024-05-31 07:00:00,Asia/Bangkok,91.17605527272727,0.4695652173913044,0.25,26.28726790909091
28808,2024-05-31 08:00:00,Asia/Bangkok,91.68149920353979,1.196581196581197,0.9572649572649573,26.38219176991151
28809,2024-05-31 09:00:00,Asia/Bangkok,91.147156754386,2.318965517241379,2.060344827586207,26.68811798245614
28810,2024-05-31 10:00:00,Asia/Bangkok,85.99148945945949,1.31304347826087,1.094827586206897,28.31101612612613
28811,2024-05-31 11:00:00,Asia/Bangkok,74.85264584070794,0.8103448275862069,0.6551724137931034,31.30752596491228
28812,2024-05-31 12:00:00,Asia/Bangkok,70.00286266055046,3.196581196581197,3.034188034188034,32.76702277777778
28813,2024-05-31 13:00:00,Asia/Bangkok,68.94194695652173,6.316239316239316,6.068965517241379,33.82833982608695
28814,2024-05-31 14:00:00,Asia/Bangkok,68.72742429824561,7.525862068965517,7.316239316239316,33.87087964912281
28815,2024-05-31 15:00:00,Asia/Bangkok,68.71713767241381,10.58974358974359,10.28205128205128,34.20715698275863
28816,2024-05-31 16:00:00,Asia/Bangkok,79.24494849557526,4.070796460176991,3.805309734513274,30.12263778761062
28817,2024-05-31 17:00:00,Asia/Bangkok,92.5871664957265,0.1794871794871795,0.07692307692307693,26.25429982905984
28818,2024-05-31 18:00:00,Asia/Bangkok,92.42665527272729,0.3706896551724138,0.3103448275862069,26.66725899999999
28819,2024-05-31 19:00:00,Asia/Bangkok,92.83705669565215,1.482758620689655,1.301724137931034,26.46048473684212
28820,2024-05-31 20:00:00,Asia/Bangkok,92.57328652173913,2.78448275862069,2.517241379310345,26.26118513043479
28821,2024-05-31 21:00:00,Asia/Bangkok,91.62769336363635,2.034188034188034,1.88034188034188,26.19030936363636
28822,2024-05-31 22:00:00,Asia/Bangkok,92.7405751818182,2.307017543859649,2.06140350877193,26.04380394495413
28823,2024-05-31 23:00:00,Asia/Bangkok,93.01064009009013,3.017543859649123,2.710526315789474,25.95624324324323
28824,2024-06-01 00:00:00,Asia/Bangkok,92.83371433628322,2.827586206896552,2.594827586206896,25.91875929203541
28825,2024-06-01 01:00:00,Asia/Bangkok,93.03052860869563,3.844827586206896,3.517241379310345,25.95456121739128
28826,2024-06-01 02:00:00,Asia/Bangkok,92.3735791150443,4.396551724137931,4.077586206896552,26.15253955752214
28827,2024-06-01 03:00:00,Asia/Bangkok,91.71785864864867,4.669565217391304,4.347826086956522,26.24126909909912
28828,2024-06-01 04:00:00,Asia/Bangkok,92.75997714285712,4.982905982905983,4.555555555555555,26.28845883928569
28829,2024-06-01 05:00:00,Asia/Bangkok,93.96533921052635,7.31304347826087,6.834782608695652,26.12732131578949
28830,2024-06-01 06:00:00,Asia/Bangkok,94.37655456140351,6.913793103448276,6.482758620689655,26.21289114035089
28831,2024-06-01 07:00:00,Asia/Bangkok,93.93558826086958,6.267241379310345,5.695652173913044,26.41571747826087
28832,2024-06-01 08:00:00,Asia/Bangkok,94.50954761061949,6.785714285714286,6.336283185840708,26.75332150442475
28833,2024-06-01 09:00:00,Asia/Bangkok,94.38829,7.25,6.71551724137931,27.56382633928569
28834,2024-06-01 10:00:00,Asia/Bangkok,86.56388580357144,9.724137931034482,9.120689655172415,29.90439258928571
28835,2024-06-01 11:00:00,Asia/Bangkok,78.78689447368421,11.64655172413793,11.13793103448276,31.58770061403509
28836,2024-06-01 12:00:00,Asia/Bangkok,74.87261761061947,12.77586206896552,12.11206896551724,32.27210920353983
28837,2024-06-01 13:00:00,Asia/Bangkok,67.73415885714286,11.35185185185185,10.87962962962963,34.3441681904762
28838,2024-06-01 14:00:00,Asia/Bangkok,63.10290141592921,11.8448275862069,11.26724137931035,35.61094203539822
28839,2024-06-01 15:00:00,Asia/Bangkok,62.9686152678571,10.12173913043478,9.852173913043478,35.48299464285716
28840,2024-06-01 16:00:00,Asia/Bangkok,69.87364079646017,8.025862068965518,7.672413793103448,33.46038176991151
28841,2024-06-01 17:00:00,Asia/Bangkok,79.41529584070798,9.698275862068966,9.25,30.20335062500001
28842,2024-06-01 18:00:00,Asia/Bangkok,86.27694070796461,8.0,7.560344827586207,29.13860867256639
28843,2024-06-01 19:00:00,Asia/Bangkok,86.09983350877192,5.568965517241379,5.155172413793103,28.79583778761064
28844,2024-06-01 20:00:00,Asia/Bangkok,88.22140651376141,6.612068965517241,6.060344827586207,27.85313761467892
28845,2024-06-01 21:00:00,Asia/Bangkok,89.55752859649128,4.03448275862069,3.431034482758621,27.3420678947368
28846,2024-06-01 22:00:00,Asia/Bangkok,89.80715495726494,3.384615384615385,3.034188034188034,27.18989512820514
28847,2024-06-01 23:00:00,Asia/Bangkok,89.92195144144145,3.844827586206896,3.491379310344827,27.03891736363638
28848,2024-06-02 00:00:00,Asia/Bangkok,90.93882413793105,4.370689655172414,3.96551724137931,26.76934948275862
28849,2024-06-02 01:00:00,Asia/Bangkok,91.17807955357146,4.577586206896552,4.103448275862069,26.75133526785714
28850,2024-06-02 02:00:00,Asia/Bangkok,90.38436508620693,5.232758620689655,4.741379310344827,26.83613094827589
28851,2024-06-02 03:00:00,Asia/Bangkok,91.04058517241383,6.03448275862069,5.629310344827586,26.70236336206897
28852,2024-06-02 04:00:00,Asia/Bangkok,91.95480765217393,9.008620689655173,8.439655172413794,26.64436333333331
28853,2024-06-02 05:00:00,Asia/Bangkok,93.12202310344829,12.14655172413793,11.5,26.60931387931037
28854,2024-06-02 06:00:00,Asia/Bangkok,93.95161547826082,13.86206896551724,12.93965517241379,26.65739713043479
28855,2024-06-02 07:00:00,Asia/Bangkok,94.26445190909091,10.19827586206897,9.517241379310345,26.67663181818182
28856,2024-06-02 08:00:00,Asia/Bangkok,94.6783500877193,11.12068965517241,10.43103448275862,26.88909578947368
28857,2024-06-02 09:00:00,Asia/Bangkok,94.99793784482755,20.62068965517241,19.0,27.11372482758619
28858,2024-06-02 10:00:00,Asia/Bangkok,93.12746444444441,17.3448275862069,16.68103448275862,27.83942722222222
28859,2024-06-02 11:00:00,Asia/Bangkok,83.55137276785716,11.53846153846154,11.03448275862069,30.75877830357142
28860,2024-06-02 12:00:00,Asia/Bangkok,77.1260546,12.14423076923077,11.67619047619048,32.36481810000001
28861,2024-06-02 13:00:00,Asia/Bangkok,74.36414661417321,12.015625,11.63779527559055,32.83789897637794
28862,2024-06-02 14:00:00,Asia/Bangkok,70.1426448181818,10.69724770642202,10.35135135135135,33.50355266055045
28863,2024-06-02 15:00:00,Asia/Bangkok,66.3827441880342,8.85593220338983,8.588235294117647,34.13139948275862
28864,2024-06-02 16:00:00,Asia/Bangkok,66.19439306306306,8.902654867256636,8.5929203539823,34.39869117117117
28865,2024-06-02 17:00:00,Asia/Bangkok,66.31038884955757,9.344827586206897,8.982758620689655,34.07949778761063
28866,2024-06-02 18:00:00,Asia/Bangkok,71.68021956140348,15.12931034482759,14.42241379310345,33.16813736842105
28867,2024-06-02 19:00:00,Asia/Bangkok,84.86246772727273,7.931034482758621,7.258620689655173,28.993938
28868,2024-06-02 20:00:00,Asia/Bangkok,92.00829080357144,6.672413793103448,6.25,25.96793558558559
28869,2024-06-02 21:00:00,Asia/Bangkok,92.35054145454544,4.862068965517241,4.491379310344827,25.80075963636364
28870,2024-06-02 22:00:00,Asia/Bangkok,93.4747232456141,0.9914529914529915,0.8290598290598291,25.69559894736843
28871,2024-06-02 23:00:00,Asia/Bangkok,93.53649990990992,3.815789473684211,3.614035087719298,25.78075072072071
28872,2024-06-03 00:00:00,Asia/Bangkok,94.19191199999999,4.234782608695652,3.939130434782609,25.84733252173914
28873,2024-06-03 01:00:00,Asia/Bangkok,94.25793582608698,2.637931034482758,2.387931034482758,25.94476252173915
28874,2024-06-03 02:00:00,Asia/Bangkok,94.28959810344826,3.896551724137931,3.525862068965517,25.86620129310344
28875,2024-06-03 03:00:00,Asia/Bangkok,94.31288173913045,4.130434782608695,3.730434782608695,25.92026521739131
28876,2024-06-03 04:00:00,Asia/Bangkok,94.69285859649118,3.853448275862069,3.405172413793104,25.80302149122807
28877,2024-06-03 05:00:00,Asia/Bangkok,95.1747552173913,4.163793103448276,3.78448275862069,25.58471165217394
28878,2024-06-03 06:00:00,Asia/Bangkok,95.42918839285714,4.538461538461538,4.153846153846154,25.37756642857141
28879,2024-06-03 07:00:00,Asia/Bangkok,95.67007850877197,5.724137931034483,5.379310344827586,25.34864359649124
28880,2024-06-03 08:00:00,Asia/Bangkok,96.51391428571432,8.508620689655173,8.155172413793103,25.84093991071429
28881,2024-06-03 09:00:00,Asia/Bangkok,93.93021286956522,5.370689655172414,5.0,26.7976660869565
28882,2024-06-03 10:00:00,Asia/Bangkok,90.48177087719299,6.512820512820513,6.111111111111111,27.94876982456141
28883,2024-06-03 11:00:00,Asia/Bangkok,86.02093345454546,6.517241379310345,6.258620689655173,29.29668081818182
28884,2024-06-03 12:00:00,Asia/Bangkok,79.36812787610624,5.03448275862069,4.739130434782608,30.63930482142856
28885,2024-06-03 13:00:00,Asia/Bangkok,74.97407608695654,5.491379310344827,5.17948717948718,31.74743399999999
28886,2024-06-03 14:00:00,Asia/Bangkok,71.64141596491227,6.775862068965517,6.439655172413793,32.95899721739129
28887,2024-06-03 15:00:00,Asia/Bangkok,70.42050591304348,9.2991452991453,8.957264957264957,33.11545894736841
28888,2024-06-03 16:00:00,Asia/Bangkok,71.01551517543861,12.75862068965517,12.31896551724138,32.97109675438595
28889,2024-06-03 17:00:00,Asia/Bangkok,73.3575484347826,13.05172413793103,12.64655172413793,32.55942052173916
28890,2024-06-03 18:00:00,Asia/Bangkok,74.86359681415932,12.32758620689655,11.80172413793103,32.47984787610623
28891,2024-06-03 19:00:00,Asia/Bangkok,82.65538035398232,48.56140350877193,43.95614035087719,31.34510168141592
28892,2024-06-03 20:00:00,Asia/Bangkok,86.79585936936938,57.50862068965517,46.75,30.1769169090909
28893,2024-06-03 21:00:00,Asia/Bangkok,89.59895132743364,71.1896551724138,60.71551724137931,29.41958345132739
28894,2024-06-03 22:00:00,Asia/Bangkok,90.89325256637167,68.58260869565217,58.58260869565218,28.88621894736843
28895,2024-06-03 23:00:00,Asia/Bangkok,90.99988114035087,64.8103448275862,53.80172413793103,28.86448359649125
28896,2024-06-04 00:00:00,Asia/Bangkok,90.59582274336287,46.52173913043478,39.49565217391304,28.93297070796465
28897,2024-06-04 01:00:00,Asia/Bangkok,90.50459810344827,36.26724137931034,32.4051724137931,28.69675043103449
28898,2024-06-04 02:00:00,Asia/Bangkok,89.36871903508776,18.77777777777778,17.88888888888889,28.14742771929826
28899,2024-06-04 03:00:00,Asia/Bangkok,86.4162328695652,10.03448275862069,9.543103448275861,28.11559947826087
28900,2024-06-04 04:00:00,Asia/Bangkok,86.13655107142857,11.17699115044248,10.76106194690266,28.13598928571427
28901,2024-06-04 05:00:00,Asia/Bangkok,88.48842657657659,11.99137931034483,11.41379310344828,27.6689353153153
28902,2024-06-04 06:00:00,Asia/Bangkok,89.02451859649126,10.90598290598291,10.28205128205128,27.52594350877192
28903,2024-06-04 07:00:00,Asia/Bangkok,88.35131758620692,6.620689655172414,6.137931034482759,27.76528870689655
28904,2024-06-04 08:00:00,Asia/Bangkok,87.69347535714287,6.717948717948718,6.333333333333333,28.19273482142857
28905,2024-06-04 09:00:00,Asia/Bangkok,80.67357097345133,5.336206896551724,4.96551724137931,29.99337238938054
28906,2024-06-04 10:00:00,Asia/Bangkok,74.84979912280704,3.626086956521739,3.286956521739131,31.10808097345132
28907,2024-06-04 11:00:00,Asia/Bangkok,67.86221070175438,3.782608695652174,3.4,33.77688382608697
28908,2024-06-04 12:00:00,Asia/Bangkok,63.77664874999997,4.25,3.879310344827586,34.91536513513514
28909,2024-06-04 13:00:00,Asia/Bangkok,60.2490702631579,6.03448275862069,5.637931034482759,35.641095877193
28910,2024-06-04 14:00:00,Asia/Bangkok,57.26061433628321,7.756521739130434,7.347826086956522,36.43007035398231
28911,2024-06-04 15:00:00,Asia/Bangkok,57.22847584070799,10.52991452991453,10.12068965517241,36.88567982300885
28912,2024-06-04 16:00:00,Asia/Bangkok,58.97186403508771,11.75,11.18965517241379,36.37250877192984
28913,2024-06-04 17:00:00,Asia/Bangkok,57.14528689655173,7.370689655172414,6.982758620689655,35.69192675213676
28914,2024-06-04 18:00:00,Asia/Bangkok,62.76730491228069,8.408695652173913,7.956521739130435,34.64159710526317
28915,2024-06-04 19:00:00,Asia/Bangkok,68.16185122807016,8.717948717948717,8.136752136752136,32.93706752212391
28916,2024-06-04 20:00:00,Asia/Bangkok,70.72783513043477,8.836206896551724,8.28448275862069,31.68295043478262
28917,2024-06-04 21:00:00,Asia/Bangkok,73.2989606034483,19.80530973451327,17.7787610619469,31.14193879310339
28918,2024-06-04 22:00:00,Asia/Bangkok,76.33926834782606,10.97413793103448,10.20689655172414,30.50036582608695
28919,2024-06-04 23:00:00,Asia/Bangkok,78.65150017391302,8.870689655172415,8.275862068965518,29.99702104347828
28920,2024-06-05 00:00:00,Asia/Bangkok,80.59118293103451,8.293103448275861,7.698275862068965,29.41437834782607
28921,2024-06-05 01:00:00,Asia/Bangkok,83.03607256637173,8.837606837606838,8.196581196581196,28.88346982142857
28922,2024-06-05 02:00:00,Asia/Bangkok,83.5299502586207,8.827586206896552,8.327586206896552,28.5264225
28923,2024-06-05 03:00:00,Asia/Bangkok,83.72160761061944,9.948275862068966,9.379310344827585,28.23577619469027
28924,2024-06-05 04:00:00,Asia/Bangkok,85.62602741071429,13.01739130434783,12.22608695652174,27.67929625000001
28925,2024-06-05 05:00:00,Asia/Bangkok,87.2717694642857,15.26086956521739,14.35652173913043,27.26030336283187
28926,2024-06-05 06:00:00,Asia/Bangkok,85.78844210526321,10.87179487179487,10.15384615384615,27.27703646017697
28927,2024-06-05 07:00:00,Asia/Bangkok,85.94649690909092,10.83620689655172,10.23275862068965,27.31522272727271
28928,2024-06-05 08:00:00,Asia/Bangkok,85.88407921739133,14.25,13.38793103448276,28.00391130434783
28929,2024-06-05 09:00:00,Asia/Bangkok,81.9246714912281,13.5948275862069,12.52586206896552,29.51234043859648
28930,2024-06-05 10:00:00,Asia/Bangkok,73.88856166666667,6.094827586206897,5.551724137931035,31.41306548672564
28931,2024-06-05 11:00:00,Asia/Bangkok,65.77071017391305,6.974358974358974,6.461538461538462,33.42470173913043
28932,2024-06-05 12:00:00,Asia/Bangkok,61.77033576576577,8.818965517241379,8.310344827586206,34.94562873873873
28933,2024-06-05 13:00:00,Asia/Bangkok,58.04338957264958,6.598290598290598,6.145299145299146,36.2117969230769
28934,2024-06-05 14:00:00,Asia/Bangkok,53.57955586206896,6.025862068965517,5.732758620689655,37.38056525862067
28935,2024-06-05 15:00:00,Asia/Bangkok,53.09158982608697,6.603448275862069,6.025862068965517,37.65187739130433
28936,2024-06-05 16:00:00,Asia/Bangkok,54.74375732142857,9.226086956521739,8.525862068965518,36.67024330357142
28937,2024-06-05 17:00:00,Asia/Bangkok,58.49321258928569,8.956521739130435,8.278260869565218,35.23889767857141
28938,2024-06-05 18:00:00,Asia/Bangkok,62.14146705357141,8.52991452991453,7.829059829059829,33.78068651785713
28939,2024-06-05 19:00:00,Asia/Bangkok,65.67216356521739,9.043103448275861,8.327586206896552,32.60799817391305
28940,2024-06-05 20:00:00,Asia/Bangkok,69.22673207207208,11.23478260869565,10.37391304347826,31.46787225225224
28941,2024-06-05 21:00:00,Asia/Bangkok,71.48750566371682,18.03478260869565,16.75652173913043,31.1194138392857
28942,2024-06-05 22:00:00,Asia/Bangkok,73.47020232142856,17.63478260869565,16.24347826086957,30.50226008928572
28943,2024-06-05 23:00:00,Asia/Bangkok,76.26350789473686,16.6551724137931,15.47413793103448,29.71830699115046
28944,2024-06-06 00:00:00,Asia/Bangkok,79.86123513043476,20.0,18.25,28.76644008695651
28945,2024-06-06 01:00:00,Asia/Bangkok,82.25670017699112,12.33620689655172,11.56896551724138,28.06206345132742
28946,2024-06-06 02:00:00,Asia/Bangkok,84.569970877193,14.15652173913043,13.30434782608696,27.2413444736842
28947,2024-06-06 03:00:00,Asia/Bangkok,85.41558849557524,15.06896551724138,14.24137931034483,26.77298407079645
28948,2024-06-06 04:00:00,Asia/Bangkok,86.36751103448275,17.37068965517241,16.52586206896552,26.52413862068965
28949,2024-06-06 05:00:00,Asia/Bangkok,88.54245946902651,17.58119658119658,16.43589743589743,26.0492743362832
28950,2024-06-06 06:00:00,Asia/Bangkok,88.59070526785719,16.92241379310345,16.04310344827586,25.81349937499998
28951,2024-06-06 07:00:00,Asia/Bangkok,88.3319813274336,16.42241379310345,15.46551724137931,25.87315168141594
28952,2024-06-06 08:00:00,Asia/Bangkok,85.9810236283186,11.88793103448276,11.16379310344828,27.18128159292035
28953,2024-06-06 09:00:00,Asia/Bangkok,78.83126422413795,9.923076923076923,9.17094017094017,29.15712681034483
28954,2024-06-06 10:00:00,Asia/Bangkok,70.00332853448276,7.982758620689655,7.267241379310345,31.56817887931035
28955,2024-06-06 11:00:00,Asia/Bangkok,60.76009808695652,5.637931034482759,5.21551724137931,33.69714600000002
28956,2024-06-06 12:00:00,Asia/Bangkok,55.89224478260871,5.47008547008547,4.871794871794871,35.22702787610621
28957,2024-06-06 13:00:00,Asia/Bangkok,55.35970405405405,5.826086956521739,5.356521739130435,35.6598311818182
28958,2024-06-06 14:00:00,Asia/Bangkok,55.58352527272729,8.709401709401709,8.23076923076923,36.25113936363637
28959,2024-06-06 15:00:00,Asia/Bangkok,55.18371168141595,8.956896551724139,8.474137931034482,36.34166646017698
28960,2024-06-06 16:00:00,Asia/Bangkok,53.58127663265304,8.070707070707071,7.666666666666667,36.62246969387755
28961,2024-06-06 17:00:00,Asia/Bangkok,55.09340842105264,7.620689655172414,7.051724137931035,36.23583149122808
28962,2024-06-06 18:00:00,Asia/Bangkok,57.84424107142858,8.03448275862069,7.413793103448276,35.30968580357142
28963,2024-06-06 19:00:00,Asia/Bangkok,63.19527877192983,19.16379310344828,17.26724137931035,33.71465417391303
28964,2024-06-06 20:00:00,Asia/Bangkok,71.95594875000002,68.21367521367522,57.73504273504273,31.66497063063062
28965,2024-06-06 21:00:00,Asia/Bangkok,75.95691189655173,47.63247863247863,39.54700854700855,30.89295052173913
28966,2024-06-06 22:00:00,Asia/Bangkok,80.79803292035395,62.48275862068966,52.93965517241379,29.63883433628318
28967,2024-06-06 23:00:00,Asia/Bangkok,82.92065443478258,65.2,54.30434782608695,29.10605991304348
28968,2024-06-07 00:00:00,Asia/Bangkok,81.35664603448274,33.45689655172414,29.60344827586207,28.97294717948718
28969,2024-06-07 01:00:00,Asia/Bangkok,83.4470920689655,40.49572649572649,34.58119658119658,28.32472165217387
28970,2024-06-07 02:00:00,Asia/Bangkok,82.79069247706423,26.42241379310345,24.01724137931035,27.75570944954129
28971,2024-06-07 03:00:00,Asia/Bangkok,82.49382043859646,16.94827586206896,15.93965517241379,27.11057566371679
28972,2024-06-07 04:00:00,Asia/Bangkok,83.83550165137619,30.6140350877193,27.83333333333333,26.75101154545454
28973,2024-06-07 05:00:00,Asia/Bangkok,84.33695444444444,24.90265486725664,23.63157894736842,26.54379888888889
28974,2024-06-07 06:00:00,Asia/Bangkok,84.77123086956524,18.85470085470086,17.60683760683761,26.16430973913042
28975,2024-06-07 07:00:00,Asia/Bangkok,84.53732681818182,19.63392857142857,18.32142857142857,26.29469681818182
28976,2024-06-07 08:00:00,Asia/Bangkok,82.16973894736837,11.32758620689655,10.70689655172414,27.87299307017544
28977,2024-06-07 09:00:00,Asia/Bangkok,77.86638380530974,8.965217391304348,8.356521739130434,29.70691495575222
28978,2024-06-07 10:00:00,Asia/Bangkok,71.29330886956522,4.626086956521739,4.130434782608695,31.73942208695655
28979,2024-06-07 11:00:00,Asia/Bangkok,65.68559176991151,5.700854700854701,5.273504273504273,33.59316619469026
28980,2024-06-07 12:00:00,Asia/Bangkok,61.0045981415929,5.913043478260869,5.543103448275862,35.20780749999999
28981,2024-06-07 13:00:00,Asia/Bangkok,57.55462396551724,5.28448275862069,4.827586206896552,36.45492879310344
28982,2024-06-07 14:00:00,Asia/Bangkok,57.05259141592921,6.704347826086956,6.25,36.60274603603603
28983,2024-06-07 15:00:00,Asia/Bangkok,57.0911127826087,11.07758620689655,10.31896551724138,36.99244608695651
28984,2024-06-07 16:00:00,Asia/Bangkok,57.89159140350875,11.51282051282051,11.00862068965517,36.26843657894735
28985,2024-06-07 17:00:00,Asia/Bangkok,60.91944208695654,13.22413793103448,12.63247863247863,35.32284130434781
28986,2024-06-07 18:00:00,Asia/Bangkok,68.6658646956522,23.0,20.44827586206896,33.23023165217391
28987,2024-06-07 19:00:00,Asia/Bangkok,85.22407137931037,12.82905982905983,11.94017094017094,29.4134739130435
28988,2024-06-07 20:00:00,Asia/Bangkok,88.28534400000002,3.922413793103448,3.482758620689655,27.30867652173913
28989,2024-06-07 21:00:00,Asia/Bangkok,90.42571884955753,20.68103448275862,18.0,26.33945723214286
28990,2024-06-07 22:00:00,Asia/Bangkok,90.84387657894733,9.974137931034482,9.017241379310345,26.69737087719299
28991,2024-06-07 23:00:00,Asia/Bangkok,91.42298270833334,11.56565656565657,10.41414141414141,26.86942770833335
28992,2024-06-08 00:00:00,Asia/Bangkok,92.44912464912281,13.63247863247863,12.4957264957265,26.6289034210526
28993,2024-06-08 01:00:00,Asia/Bangkok,93.21945211009177,5.051724137931035,4.413793103448276,26.31333779816513
28994,2024-06-08 02:00:00,Asia/Bangkok,92.86499071428577,1.78448275862069,1.413793103448276,26.22811232142858
28995,2024-06-08 03:00:00,Asia/Bangkok,93.68817429824558,2.577586206896552,2.112068965517242,26.03432956140348
28996,2024-06-08 04:00:00,Asia/Bangkok,94.03634982608693,4.572649572649572,4.162393162393163,25.79829208695651
28997,2024-06-08 05:00:00,Asia/Bangkok,93.92631628318586,12.29310344827586,11.61206896551724,25.91691601769911
28998,2024-06-08 06:00:00,Asia/Bangkok,93.3400414912281,12.85217391304348,12.00862068965517,25.95199605263161
28999,2024-06-08 07:00:00,Asia/Bangkok,93.94940707964601,15.62068965517241,14.62068965517241,25.7622760176991
29000,2024-06-08 08:00:00,Asia/Bangkok,94.1642481415929,13.06896551724138,12.28205128205128,26.4405843362832
29001,2024-06-08 09:00:00,Asia/Bangkok,87.36712189655172,7.594827586206897,7.146551724137931,28.27764491379313
29002,2024-06-08 10:00:00,Asia/Bangkok,77.92962035398229,5.069565217391304,4.643478260869565,30.67922194690266
29003,2024-06-08 11:00:00,Asia/Bangkok,69.58293130434781,4.543103448275862,4.120689655172414,32.70759034782606
29004,2024-06-08 12:00:00,Asia/Bangkok,64.89370654545455,11.57758620689655,10.79310344827586,34.23212790909089
29005,2024-06-08 13:00:00,Asia/Bangkok,65.49877491228071,9.64102564102564,9.051282051282051,34.27405345132745
29006,2024-06-08 14:00:00,Asia/Bangkok,59.4145030357143,7.577586206896552,7.0,35.20487607142857
29007,2024-06-08 15:00:00,Asia/Bangkok,55.29319377192985,7.991379310344827,7.448275862068965,36.46606079646016
29008,2024-06-08 16:00:00,Asia/Bangkok,54.27710388888891,7.339130434782609,6.706896551724138,36.45150731481482
29009,2024-06-08 17:00:00,Asia/Bangkok,56.80122238938053,7.224137931034483,6.594827586206897,35.37614061946901
29010,2024-06-08 18:00:00,Asia/Bangkok,59.19200132743365,7.394736842105263,6.807017543859649,33.83864769911505
29011,2024-06-08 19:00:00,Asia/Bangkok,61.71875473684208,7.539130434782609,6.852173913043479,32.2646053508772
29012,2024-06-08 20:00:00,Asia/Bangkok,62.76347469565214,8.637931034482758,7.698275862068965,31.40528156521738
29013,2024-06-08 21:00:00,Asia/Bangkok,66.66153345454543,10.62931034482759,9.663793103448276,30.57785509090908
29014,2024-06-08 22:00:00,Asia/Bangkok,72.5028643362832,11.28448275862069,10.38793103448276,29.70546929824563
29015,2024-06-08 23:00:00,Asia/Bangkok,77.56278221238937,13.44827586206897,12.46551724137931,28.74945116071427
29016,2024-06-09 00:00:00,Asia/Bangkok,81.17938592920353,15.17391304347826,14.24347826086957,27.9179857522124
29017,2024-06-09 01:00:00,Asia/Bangkok,77.13611396396396,11.21551724137931,10.3448275862069,28.27052486486486
29018,2024-06-09 02:00:00,Asia/Bangkok,79.29807245614039,11.06896551724138,10.33620689655172,28.04736035087721
29019,2024-06-09 03:00:00,Asia/Bangkok,79.21192568965515,10.01709401709402,9.350427350427351,27.83927448275862
29020,2024-06-09 04:00:00,Asia/Bangkok,80.72701316326528,11.03030303030303,10.23232323232323,27.64608040816323
29021,2024-06-09 05:00:00,Asia/Bangkok,83.6649117391304,13.30172413793103,12.38793103448276,26.90243660869564
29022,2024-06-09 06:00:00,Asia/Bangkok,86.58849371681417,15.44827586206897,14.35344827586207,26.16738079646018
29023,2024-06-09 07:00:00,Asia/Bangkok,87.4244243859649,17.01739130434783,15.6,26.22387622807017
29024,2024-06-09 08:00:00,Asia/Bangkok,86.70956129310348,14.63247863247863,13.74358974358974,27.11784827586206
29025,2024-06-09 09:00:00,Asia/Bangkok,82.12182660869564,11.62068965517241,10.68965517241379,28.82704582608697
29026,2024-06-09 10:00:00,Asia/Bangkok,76.73512436363637,10.29310344827586,9.594827586206897,30.44414381818183
29027,2024-06-09 11:00:00,Asia/Bangkok,72.3410150877193,9.767241379310345,9.094827586206897,31.88392105263157
29028,2024-06-09 12:00:00,Asia/Bangkok,65.93620892857142,10.62068965517241,9.732758620689655,33.7643542857143
29029,2024-06-09 13:00:00,Asia/Bangkok,66.26423796296298,11.46551724137931,10.56034482758621,33.74214302752293
29030,2024-06-09 14:00:00,Asia/Bangkok,59.17086452173912,8.324786324786325,7.52991452991453,35.30943008849558
29031,2024-06-09 15:00:00,Asia/Bangkok,56.73969187499998,7.137931034482759,6.577586206896552,35.25554044642858
29032,2024-06-09 16:00:00,Asia/Bangkok,55.32767469565217,6.760683760683761,5.897435897435898,34.2284967826087
29033,2024-06-09 17:00:00,Asia/Bangkok,56.79226439655172,6.448275862068965,5.724137931034483,33.40168456896551
29034,2024-06-09 18:00:00,Asia/Bangkok,62.39112850877193,11.3448275862069,10.33620689655172,32.530395877193
29035,2024-06-09 19:00:00,Asia/Bangkok,64.11236026086956,12.39655172413793,11.42241379310345,31.6712008695652
29036,2024-06-09 20:00:00,Asia/Bangkok,65.28150310344827,29.61538461538462,26.16239316239316,31.09564543103447
29037,2024-06-09 21:00:00,Asia/Bangkok,67.35656149122806,22.05172413793104,20.19827586206896,30.54318087719298
29038,2024-06-09 22:00:00,Asia/Bangkok,69.99327834782608,10.44827586206897,9.620689655172415,29.87448947826089
29039,2024-06-09 23:00:00,Asia/Bangkok,71.52468088495573,8.844827586206897,7.974137931034483,29.55541566371684
29040,2024-06-10 00:00:00,Asia/Bangkok,72.6716457522124,7.896551724137931,6.801724137931035,29.32557849557519
29041,2024-06-10 01:00:00,Asia/Bangkok,76.54191137931032,8.162393162393162,7.367521367521367,28.85860474137932
29042,2024-06-10 02:00:00,Asia/Bangkok,77.44749285714283,9.03448275862069,8.025862068965518,28.74749812499998
29043,2024-06-10 03:00:00,Asia/Bangkok,82.36247166666662,15.0,13.85217391304348,27.93012447368421
29044,2024-06-10 04:00:00,Asia/Bangkok,84.74607573913049,11.56896551724138,10.49137931034483,27.40220634782603
29045,2024-06-10 05:00:00,Asia/Bangkok,85.41150169642857,30.79130434782609,26.50434782608696,27.33639678571428
29046,2024-06-10 06:00:00,Asia/Bangkok,86.52800732758624,13.12068965517241,12.11206896551724,27.08177431034482
29047,2024-06-10 07:00:00,Asia/Bangkok,80.89304412844038,12.38392857142857,11.34821428571429,27.39283486238533
29048,2024-06-10 08:00:00,Asia/Bangkok,79.63312247422678,15.95959595959596,14.78,27.9673694845361
29049,2024-06-10 09:00:00,Asia/Bangkok,78.41108219298242,11.08620689655172,10.08620689655172,29.38397780701754
29050,2024-06-10 10:00:00,Asia/Bangkok,74.25564,11.81739130434783,10.43478260869565,31.36353477876106
29051,2024-06-10 11:00:00,Asia/Bangkok,71.68270330357146,10.67241379310345,9.422413793103448,32.50994053571427
29052,2024-06-10 12:00:00,Asia/Bangkok,77.61868219298242,7.96551724137931,7.146551724137931,30.49858315789472
29053,2024-06-10 13:00:00,Asia/Bangkok,85.43118052631576,6.469026548672566,5.778761061946903,27.96619728070174
29054,2024-06-10 14:00:00,Asia/Bangkok,82.76686866071431,5.155172413793103,4.508620689655173,28.51455821428571
29055,2024-06-10 15:00:00,Asia/Bangkok,81.6878907079646,2.376068376068376,1.957264957264957,26.94245491228069
29056,2024-06-10 16:00:00,Asia/Bangkok,80.8409946551724,6.344827586206897,5.706896551724138,27.54213094827588
29057,2024-06-10 17:00:00,Asia/Bangkok,80.80143315789478,6.224137931034483,5.517241379310345,27.96080947368421
29058,2024-06-10 18:00:00,Asia/Bangkok,81.78289113043478,5.393162393162394,4.726495726495727,28.23551655172412
29059,2024-06-10 19:00:00,Asia/Bangkok,85.20238495652171,9.422413793103448,8.379310344827585,27.7119404347826
29060,2024-06-10 20:00:00,Asia/Bangkok,85.92847912280705,10.1551724137931,9.379310344827585,27.25478885964914
29061,2024-06-10 21:00:00,Asia/Bangkok,87.89755321428574,10.31034482758621,9.456896551724139,26.77007108108108
29062,2024-06-10 22:00:00,Asia/Bangkok,87.75741663716819,8.417391304347825,7.739130434782608,26.82041132743363
29063,2024-06-10 23:00:00,Asia/Bangkok,89.00429378378384,8.258620689655173,7.53448275862069,26.59445270270269
29064,2024-06-11 00:00:00,Asia/Bangkok,90.26316114035087,7.836206896551724,7.008620689655173,26.29220649122808
29065,2024-06-11 01:00:00,Asia/Bangkok,91.10056617391298,9.649572649572649,8.905982905982906,26.30618634782608
29066,2024-06-11 02:00:00,Asia/Bangkok,92.61941455357143,9.344827586206897,8.681034482758621,26.04102142857142
29067,2024-06-11 03:00:00,Asia/Bangkok,93.18272991150447,12.93103448275862,11.99137931034483,25.88709336283186
29068,2024-06-11 04:00:00,Asia/Bangkok,92.73519260869566,9.267241379310345,8.46551724137931,25.9738037719298
29069,2024-06-11 05:00:00,Asia/Bangkok,92.55982106194693,12.85344827586207,11.82758620689655,26.06489265486727
29070,2024-06-11 06:00:00,Asia/Bangkok,93.87264587719297,10.62068965517241,9.741379310344827,25.74820686956519
29071,2024-06-11 07:00:00,Asia/Bangkok,94.25283878260869,11.17948717948718,9.923076923076923,25.91211964601769
29072,2024-06-11 08:00:00,Asia/Bangkok,92.52318981981978,12.25,11.1551724137931,27.07561666666668
29073,2024-06-11 09:00:00,Asia/Bangkok,86.28975535087723,8.85344827586207,7.879310344827586,29.02336596491229
29074,2024-06-11 10:00:00,Asia/Bangkok,78.3950280869565,8.025641025641026,7.076923076923077,30.94607730434783
29075,2024-06-11 11:00:00,Asia/Bangkok,75.52069275229358,8.568965517241379,7.689655172413793,31.16659862385321
29076,2024-06-11 12:00:00,Asia/Bangkok,71.30731345132745,9.439655172413794,8.629310344827585,32.17145312500001
29077,2024-06-11 13:00:00,Asia/Bangkok,69.31485053097344,8.710526315789474,7.904347826086957,32.81732769911503
29078,2024-06-11 14:00:00,Asia/Bangkok,65.34273280701755,7.754385964912281,7.12280701754386,34.09427421052632
29079,2024-06-11 15:00:00,Asia/Bangkok,60.66667070796459,6.3,5.681818181818182,34.87653097345132
29080,2024-06-11 16:00:00,Asia/Bangkok,63.22428362068965,7.724137931034483,7.120689655172414,34.77149327586208
29081,2024-06-11 17:00:00,Asia/Bangkok,66.43282592920353,9.8,9.052173913043479,33.74459292035397
29082,2024-06-11 18:00:00,Asia/Bangkok,63.13105594594598,7.732758620689655,6.939655172413793,33.23967171171171
29083,2024-06-11 19:00:00,Asia/Bangkok,65.52236132743361,13.31623931623932,12.23931623931624,31.6743788495575
29084,2024-06-11 20:00:00,Asia/Bangkok,69.63668061946908,15.72413793103448,14.39655172413793,30.66367327433629
29085,2024-06-11 21:00:00,Asia/Bangkok,74.18773365217389,29.34782608695652,26.02586206896552,30.03454356521739
29086,2024-06-11 22:00:00,Asia/Bangkok,77.72169185840707,20.43589743589743,18.8974358974359,29.21335238938054
29087,2024-06-11 23:00:00,Asia/Bangkok,80.39751154545452,17.2695652173913,16.20869565217391,28.69576136363637
29088,2024-06-12 00:00:00,Asia/Bangkok,82.52768254385965,17.77586206896552,16.47413793103448,28.36341877192981
29089,2024-06-12 01:00:00,Asia/Bangkok,85.65103947826087,20.52136752136752,19.1965811965812,27.694968
29090,2024-06-12 02:00:00,Asia/Bangkok,87.22339504347833,18.06034482758621,16.91379310344828,27.03897086956524
29091,2024-06-12 03:00:00,Asia/Bangkok,88.29873827586204,17.54310344827586,16.49137931034483,26.82680655172415
29092,2024-06-12 04:00:00,Asia/Bangkok,89.65124034782609,17.14529914529914,16.16239316239316,26.46313122807019
29093,2024-06-12 05:00:00,Asia/Bangkok,90.41880643478262,17.02586206896552,16.02586206896552,26.25791026086954
29094,2024-06-12 06:00:00,Asia/Bangkok,91.1646962608695,20.66666666666667,19.46551724137931,26.11431460869564
29095,2024-06-12 07:00:00,Asia/Bangkok,91.0849165517241,24.41379310344828,22.93162393162393,26.26726834782606
29096,2024-06-12 08:00:00,Asia/Bangkok,89.14260394495413,120.104347826087,106.8260869565217,27.49786137614678
29097,2024-06-12 09:00:00,Asia/Bangkok,82.97576776785715,22.70689655172414,20.12068965517241,29.43229294642857
29098,2024-06-12 10:00:00,Asia/Bangkok,76.17526556521742,13.1551724137931,11.93965517241379,31.46247373913043
29099,2024-06-12 11:00:00,Asia/Bangkok,70.15340713043481,9.495726495726496,8.837606837606838,32.8725227826087
29100,2024-06-12 12:00:00,Asia/Bangkok,64.33923026785715,8.025862068965518,7.474137931034483,34.35628419642857
29101,2024-06-12 13:00:00,Asia/Bangkok,58.21047868421053,6.119658119658119,5.632478632478633,35.41887412280702
29102,2024-06-12 14:00:00,Asia/Bangkok,54.11858162162164,4.75,4.28448275862069,36.00406504504505
29103,2024-06-12 15:00:00,Asia/Bangkok,52.23906370689655,4.675213675213675,4.145299145299146,36.03112801724137
29104,2024-06-12 16:00:00,Asia/Bangkok,54.40731582608696,4.75,4.258620689655173,35.89600973913044
29105,2024-06-12 17:00:00,Asia/Bangkok,55.96372760683761,5.846153846153846,5.452991452991453,35.39125384615384
29106,2024-06-12 18:00:00,Asia/Bangkok,58.22627799999998,7.068965517241379,6.543103448275862,34.22704131578949
29107,2024-06-12 19:00:00,Asia/Bangkok,63.74491184210526,11.28205128205128,10.50862068965517,32.9368256140351
29108,2024-06-12 20:00:00,Asia/Bangkok,68.78690097345132,18.08620689655172,16.88888888888889,31.82857407079643
29109,2024-06-12 21:00:00,Asia/Bangkok,71.76417931034483,18.20689655172414,17.02586206896552,31.04164137931035
29110,2024-06-12 22:00:00,Asia/Bangkok,73.40367025862068,12.68103448275862,11.82758620689655,30.40405336206895
29111,2024-06-12 23:00:00,Asia/Bangkok,75.46980098214283,12.24347826086957,11.4695652173913,30.10117099099099
29112,2024-06-13 00:00:00,Asia/Bangkok,75.85594805309735,11.6,10.85217391304348,29.49605345132743
29113,2024-06-13 01:00:00,Asia/Bangkok,77.39274228070174,10.36206896551724,9.672413793103448,28.8239366666667
29114,2024-06-13 02:00:00,Asia/Bangkok,76.87278412280702,6.826086956521739,6.182608695652174,28.73871885964911
29115,2024-06-13 03:00:00,Asia/Bangkok,77.24676732142855,5.275862068965517,4.706896551724138,28.9162525
29116,2024-06-13 04:00:00,Asia/Bangkok,79.12645504347824,6.508620689655173,5.741379310344827,28.46388200000001
29117,2024-06-13 05:00:00,Asia/Bangkok,80.00247008849556,5.692307692307693,5.128205128205129,28.40421794642856
29118,2024-06-13 06:00:00,Asia/Bangkok,81.41697904347829,5.982758620689655,5.405172413793103,28.16324739130434
29119,2024-06-13 07:00:00,Asia/Bangkok,83.41268805309734,8.052173913043479,7.243478260869566,27.80899858407082
29120,2024-06-13 08:00:00,Asia/Bangkok,83.22724379310345,6.264957264957265,5.623931623931623,28.39426431034483
29121,2024-06-13 09:00:00,Asia/Bangkok,77.10936839285715,4.525862068965517,4.0,30.50817267857141
29122,2024-06-13 10:00:00,Asia/Bangkok,73.47160660869565,5.25,4.612068965517241,31.26491269565217
29123,2024-06-13 11:00:00,Asia/Bangkok,71.37062469565215,6.068376068376068,5.384615384615385,31.94201730434783
29124,2024-06-13 12:00:00,Asia/Bangkok,64.2812092035398,6.982758620689655,6.396551724137931,33.88014504424779
29125,2024-06-13 13:00:00,Asia/Bangkok,59.3056484347826,7.808695652173913,7.217391304347826,35.82892652173913
29126,2024-06-13 14:00:00,Asia/Bangkok,59.10464026086954,8.094017094017094,7.572649572649572,36.05109695652174
29127,2024-06-13 15:00:00,Asia/Bangkok,58.20839208695654,7.870689655172414,7.405172413793103,36.28881587719297
29128,2024-06-13 16:00:00,Asia/Bangkok,58.44549716814158,7.689655172413793,7.025862068965517,36.30992973451328
29129,2024-06-13 17:00:00,Asia/Bangkok,61.47246837837837,7.230769230769231,6.606837606837606,35.03141495495495
29130,2024-06-13 18:00:00,Asia/Bangkok,64.86603318181817,12.25862068965517,11.60344827586207,33.93734889908258
29131,2024-06-13 19:00:00,Asia/Bangkok,68.40554160714285,17.06034482758621,15.95689655172414,32.8397519642857
29132,2024-06-13 20:00:00,Asia/Bangkok,73.23535643478262,18.85470085470086,17.61538461538462,31.47732631578948
29133,2024-06-13 21:00:00,Asia/Bangkok,76.5114103539823,16.51724137931035,15.33620689655172,30.5977650442478
29134,2024-06-13 22:00:00,Asia/Bangkok,79.14520373913044,16.65217391304348,15.45217391304348,29.83780920353982
29135,2024-06-13 23:00:00,Asia/Bangkok,80.93886765217391,17.98290598290598,16.69230769230769,29.45129973913043
29136,2024-06-14 00:00:00,Asia/Bangkok,80.96976913043477,11.53448275862069,10.64655172413793,29.29880904347823
29137,2024-06-14 01:00:00,Asia/Bangkok,80.88057921739134,10.64655172413793,9.655172413793103,29.08994391304348
29138,2024-06-14 02:00:00,Asia/Bangkok,82.21397441441441,11.93965517241379,11.01724137931035,28.57889234234234
29139,2024-06-14 03:00:00,Asia/Bangkok,81.99190765765766,11.1578947368421,10.28947368421053,28.19289342342343
29140,2024-06-14 04:00:00,Asia/Bangkok,81.30700210526315,10.5,9.46551724137931,27.90822254385967
29141,2024-06-14 05:00:00,Asia/Bangkok,81.34408625000002,7.551724137931035,6.767241379310345,27.704688125
29142,2024-06-14 06:00:00,Asia/Bangkok,82.93512153153151,7.827586206896552,7.043103448275862,27.58466333333332
29143,2024-06-14 07:00:00,Asia/Bangkok,85.2466471681416,10.58620689655172,9.5,27.17306166666668
29144,2024-06-14 08:00:00,Asia/Bangkok,84.30513725663718,8.64102564102564,7.760683760683761,27.83331491071428
29145,2024-06-14 09:00:00,Asia/Bangkok,75.59180699999999,4.610619469026549,3.973684210526316,30.10069227272727
29146,2024-06-14 10:00:00,Asia/Bangkok,70.20455765217389,3.982758620689655,3.318965517241379,31.76737991304348
29147,2024-06-14 11:00:00,Asia/Bangkok,65.85761442477879,5.575221238938053,4.725663716814159,33.18465318584071
29148,2024-06-14 12:00:00,Asia/Bangkok,62.73105477876107,6.808695652173913,6.234782608695652,34.28584530973451
29149,2024-06-14 13:00:00,Asia/Bangkok,62.82887570175442,9.974137931034482,9.405172413793103,34.90619298245612
29150,2024-06-14 14:00:00,Asia/Bangkok,58.51454128440367,8.791304347826086,8.130434782608695,36.17855926605505
29151,2024-06-14 15:00:00,Asia/Bangkok,57.0475546017699,8.491379310344827,7.948275862068965,36.23324734513273
29152,2024-06-14 16:00:00,Asia/Bangkok,55.05200339130437,7.63716814159292,7.088495575221239,36.44054695652173
29153,2024-06-14 17:00:00,Asia/Bangkok,57.50943088495574,7.75,7.301724137931035,35.64501628318587
29154,2024-06-14 18:00:00,Asia/Bangkok,58.99379382608694,7.17948717948718,6.632478632478633,35.01470817391304
29155,2024-06-14 19:00:00,Asia/Bangkok,65.17665725663714,14.23275862068965,13.37931034482759,33.29231725663718
29156,2024-06-14 20:00:00,Asia/Bangkok,70.840036875,16.73275862068965,15.60344827586207,32.05903580357141
29157,2024-06-14 21:00:00,Asia/Bangkok,74.25079162393163,16.63157894736842,15.31578947368421,31.43419188034188
29158,2024-06-14 22:00:00,Asia/Bangkok,78.20205991228069,12.28448275862069,11.27586206896552,30.40411184210525
29159,2024-06-14 23:00:00,Asia/Bangkok,78.94972051724136,11.20689655172414,10.31034482758621,30.20902568965518
29160,2024-06-15 00:00:00,Asia/Bangkok,79.95788008620686,8.623931623931623,7.794871794871795,29.74611818965516
29161,2024-06-15 01:00:00,Asia/Bangkok,80.54942017699113,8.801724137931034,7.939655172413793,29.45807982300885
29162,2024-06-15 02:00:00,Asia/Bangkok,80.8968881981982,8.456896551724139,7.681034482758621,29.16234270270272
29163,2024-06-15 03:00:00,Asia/Bangkok,81.14678884955751,8.504273504273504,7.803418803418803,28.88216345132744
29164,2024-06-15 04:00:00,Asia/Bangkok,82.63057378378377,9.318965517241379,8.491379310344827,28.40202306306306
29165,2024-06-15 05:00:00,Asia/Bangkok,82.23840442477875,10.43965517241379,9.456896551724139,28.38878778761064
29166,2024-06-15 06:00:00,Asia/Bangkok,82.45431180180178,12.28448275862069,11.25862068965517,28.32398009009009
29167,2024-06-15 07:00:00,Asia/Bangkok,83.80050504347822,12.43589743589744,11.41025641025641,28.08499486956521
29168,2024-06-15 08:00:00,Asia/Bangkok,82.33466973913046,10.19827586206897,9.405172413793103,28.8143207826087
29169,2024-06-15 09:00:00,Asia/Bangkok,78.12245306306303,9.836206896551724,9.086206896551724,30.16034981981984
29170,2024-06-15 10:00:00,Asia/Bangkok,73.99030876106193,8.681034482758621,7.793103448275862,31.38135123893804
29171,2024-06-15 11:00:00,Asia/Bangkok,69.73908387931036,8.17094017094017,7.581196581196581,32.47157965517243
29172,2024-06-15 12:00:00,Asia/Bangkok,64.92703008849557,8.655172413793103,8.120689655172415,33.97883821428571
29173,2024-06-15 13:00:00,Asia/Bangkok,61.5256595575221,9.327586206896552,8.793103448275861,34.8347717117117
29174,2024-06-15 14:00:00,Asia/Bangkok,60.6428128448276,9.82905982905983,9.188034188034187,35.48783310344827
29175,2024-06-15 15:00:00,Asia/Bangkok,58.83641973684208,8.71551724137931,8.293103448275861,35.97329526315789
29176,2024-06-15 16:00:00,Asia/Bangkok,62.51004063063062,8.28695652173913,7.817391304347826,35.11917567567566
29177,2024-06-15 17:00:00,Asia/Bangkok,66.31078591304347,8.957264957264957,8.333333333333334,34.4005326956522
29178,2024-06-15 18:00:00,Asia/Bangkok,68.83557631578945,18.65217391304348,17.05217391304348,33.55221150442477
29179,2024-06-15 19:00:00,Asia/Bangkok,70.4786403539823,29.02608695652174,25.97391304347826,32.73665070796459
29180,2024-06-15 20:00:00,Asia/Bangkok,74.8635743478261,21.05172413793104,19.5,31.7572057391304
29181,2024-06-15 21:00:00,Asia/Bangkok,76.00820226086954,35.47826086956522,31.39130434782609,31.02776695652174
29182,2024-06-15 22:00:00,Asia/Bangkok,77.31357017543858,26.77586206896552,24.16379310344828,30.84111166666665
29183,2024-06-15 23:00:00,Asia/Bangkok,79.25056628318585,17.66086956521739,16.49565217391304,30.42209115044248
29184,2024-06-16 00:00:00,Asia/Bangkok,81.53606236842107,10.21551724137931,9.517241379310345,29.35216345132743
29185,2024-06-16 01:00:00,Asia/Bangkok,82.62580707964601,7.681034482758621,7.146551724137931,29.07943619469027
29186,2024-06-16 02:00:00,Asia/Bangkok,84.75196657894735,10.48275862068965,9.775862068965518,28.62713539823011
29187,2024-06-16 03:00:00,Asia/Bangkok,85.03370991150449,11.25862068965517,10.53448275862069,28.56622482456139
29188,2024-06-16 04:00:00,Asia/Bangkok,84.61529826086958,13.43589743589744,12.38461538461539,28.75610254385967
29189,2024-06-16 05:00:00,Asia/Bangkok,86.97065518181822,11.45217391304348,10.70434782608696,28.18439099999997
29190,2024-06-16 06:00:00,Asia/Bangkok,89.4263254310345,16.20689655172414,15.31896551724138,27.68174974137931
29191,2024-06-16 07:00:00,Asia/Bangkok,90.42463318965511,26.97435897435897,24.67521367521368,27.57693732758621
29192,2024-06-16 08:00:00,Asia/Bangkok,89.86377982456143,23.75862068965517,22.13793103448276,27.91934999999999
29193,2024-06-16 09:00:00,Asia/Bangkok,88.93182894736843,29.87931034482759,27.01724137931035,28.11102684210527
29194,2024-06-16 10:00:00,Asia/Bangkok,84.60376771929823,14.53448275862069,13.39655172413793,29.18431245614036
29195,2024-06-16 11:00:00,Asia/Bangkok,77.68876169642861,9.586206896551724,8.862068965517242,30.90309499999999
29196,2024-06-16 12:00:00,Asia/Bangkok,70.799592920354,7.136752136752137,6.435897435897436,32.32726230088495
29197,2024-06-16 13:00:00,Asia/Bangkok,68.00833799999998,7.25,6.646551724137931,32.76169945454547
29198,2024-06-16 14:00:00,Asia/Bangkok,67.1698605357143,9.461538461538462,8.794871794871796,33.11298473214286
29199,2024-06-16 15:00:00,Asia/Bangkok,65.13023205357142,11.87068965517241,11.17241379310345,34.05599232142855
29200,2024-06-16 16:00:00,Asia/Bangkok,65.11986446428573,15.27350427350427,14.47008547008547,34.12980855855857
29201,2024-06-16 17:00:00,Asia/Bangkok,65.33995365217389,15.18965517241379,14.48275862068965,34.04730791304348
29202,2024-06-16 18:00:00,Asia/Bangkok,72.18358734513274,10.81034482758621,10.01724137931035,32.03695345132742
29203,2024-06-16 19:00:00,Asia/Bangkok,75.32956818965516,12.05982905982906,11.15384615384615,30.95045750000001
29204,2024-06-16 20:00:00,Asia/Bangkok,75.38955581818179,4.517543859649122,4.140350877192983,28.8234009090909
29205,2024-06-16 21:00:00,Asia/Bangkok,80.95653991304344,7.161016949152542,6.584745762711864,28.41135686956522
29206,2024-06-16 22:00:00,Asia/Bangkok,82.31808129310338,9.051282051282051,8.367521367521368,28.89126982758622
29207,2024-06-16 23:00:00,Asia/Bangkok,85.13869061403511,10.38793103448276,9.53448275862069,28.47248219298243
29208,2024-06-17 00:00:00,Asia/Bangkok,86.13301017857141,13.20869565217391,12.13913043478261,28.30543732142857
29209,2024-06-17 01:00:00,Asia/Bangkok,87.86285380530973,18.17241379310345,16.5948275862069,27.62317044642856
29210,2024-06-17 02:00:00,Asia/Bangkok,87.56942535087718,11.43589743589744,10.52136752136752,27.23169228070177
29211,2024-06-17 03:00:00,Asia/Bangkok,87.14790270270274,11.26956521739131,10.47826086956522,27.45303772727275
29212,2024-06-17 04:00:00,Asia/Bangkok,87.65099504424778,11.10344827586207,10.20689655172414,27.49288194690264
29213,2024-06-17 05:00:00,Asia/Bangkok,89.40678636363634,11.46551724137931,10.68965517241379,26.99480872727271
29214,2024-06-17 06:00:00,Asia/Bangkok,90.36586426086953,16.4,15.46086956521739,26.7879854782609
29215,2024-06-17 07:00:00,Asia/Bangkok,90.80998931034487,13.06837606837607,12.16379310344828,26.81840508620689
29216,2024-06-17 08:00:00,Asia/Bangkok,89.97476876106194,12.29565217391304,11.35344827586207,27.42196522123892
29217,2024-06-17 09:00:00,Asia/Bangkok,84.99295192982459,7.327586206896552,6.456896551724138,29.04611070175439
29218,2024-06-17 10:00:00,Asia/Bangkok,79.55958982456143,7.275862068965517,6.422413793103448,30.60490359649123
29219,2024-06-17 11:00:00,Asia/Bangkok,76.89415477876108,8.362068965517242,7.758620689655173,31.46252477876103
29220,2024-06-17 12:00:00,Asia/Bangkok,73.27572769911508,5.982758620689655,5.241379310344827,31.99800840707965
29221,2024-06-17 13:00:00,Asia/Bangkok,73.67458973214288,9.775862068965518,9.094827586206897,32.13258805309736
29222,2024-06-17 14:00:00,Asia/Bangkok,72.96168201754388,4.264957264957265,3.743589743589744,31.57153787610619
29223,2024-06-17 15:00:00,Asia/Bangkok,72.21178263157898,3.862068965517242,3.370689655172414,30.21217684210525
29224,2024-06-17 16:00:00,Asia/Bangkok,77.42856866071428,2.672413793103448,2.224137931034483,29.22720223214288
29225,2024-06-17 17:00:00,Asia/Bangkok,81.0726405357143,3.769230769230769,3.247863247863248,28.39527491071428
29226,2024-06-17 18:00:00,Asia/Bangkok,82.9968981739131,6.025862068965517,5.379310344827586,27.85730114035088
29227,2024-06-17 19:00:00,Asia/Bangkok,84.52756362068962,9.181034482758621,8.379310344827585,27.47302560344823
29228,2024-06-17 20:00:00,Asia/Bangkok,85.77457482456143,10.63793103448276,9.879310344827585,27.30337149122806
29229,2024-06-17 21:00:00,Asia/Bangkok,87.83633750000001,11.51724137931035,10.66379310344828,27.00461163793103
29230,2024-06-17 22:00:00,Asia/Bangkok,88.92196280701761,10.02586206896552,9.25,26.82974078947369
29231,2024-06-17 23:00:00,Asia/Bangkok,89.42596576576575,10.25641025641026,9.7008547008547,26.76290663636366
29232,2024-06-18 00:00:00,Asia/Bangkok,88.92021055555553,8.681034482758621,8.086206896551724,26.75841622641509
29233,2024-06-18 01:00:00,Asia/Bangkok,89.03730210526318,7.405172413793103,6.637931034482759,26.60997815789475
29234,2024-06-18 02:00:00,Asia/Bangkok,89.47114447619053,8.801724137931034,8.077586206896552,26.52447980952381
29235,2024-06-18 03:00:00,Asia/Bangkok,90.00813789473683,9.564102564102564,8.914529914529915,26.38880710526317
29236,2024-06-18 04:00:00,Asia/Bangkok,90.67030270270267,9.765217391304347,9.191304347826087,26.01446234234233
29237,2024-06-18 05:00:00,Asia/Bangkok,90.50507362068964,10.68965517241379,9.956896551724139,25.94637922413792
29238,2024-06-18 06:00:00,Asia/Bangkok,89.4186116521739,7.418181818181818,6.763636363636364,26.13235530434786
29239,2024-06-18 07:00:00,Asia/Bangkok,88.09645128205128,5.129310344827586,4.672413793103448,26.64246
29240,2024-06-18 08:00:00,Asia/Bangkok,86.421519009009,5.401709401709402,4.914529914529915,27.42131513513512
29241,2024-06-18 09:00:00,Asia/Bangkok,79.32181839285715,2.96551724137931,2.577586206896552,29.4136480357143
29242,2024-06-18 10:00:00,Asia/Bangkok,71.11057561403507,2.539130434782609,2.217391304347826,31.69285035087722
29243,2024-06-18 11:00:00,Asia/Bangkok,65.5338423275862,1.461538461538461,1.299145299145299,33.26761586206896
29244,2024-06-18 12:00:00,Asia/Bangkok,64.47158203539826,3.008849557522124,2.769911504424779,33.91625115044249
29245,2024-06-18 13:00:00,Asia/Bangkok,62.77547129310345,3.818965517241379,3.551724137931035,34.46442896551724
29246,2024-06-18 14:00:00,Asia/Bangkok,59.27588548672567,3.70940170940171,3.555555555555555,35.25051902654867
29247,2024-06-18 15:00:00,Asia/Bangkok,58.63927371681417,4.172413793103448,4.03448275862069,35.4906121238938
29248,2024-06-18 16:00:00,Asia/Bangkok,58.6390707964602,3.736842105263158,3.535087719298246,35.50190814159293
29249,2024-06-18 17:00:00,Asia/Bangkok,58.29106826086954,3.068965517241379,2.793103448275862,35.44449234782606
29250,2024-06-18 18:00:00,Asia/Bangkok,66.54656045045047,10.53508771929824,9.8,33.57059081818183
29251,2024-06-18 19:00:00,Asia/Bangkok,74.912934,31.82905982905983,28.07692307692308,31.02790660869566
29252,2024-06-18 20:00:00,Asia/Bangkok,76.05919763157893,50.8695652173913,42.16521739130435,31.00770078947367
29253,2024-06-18 21:00:00,Asia/Bangkok,74.30834398230093,21.0,19.04273504273504,30.40280672566373
29254,2024-06-18 22:00:00,Asia/Bangkok,74.4939914159292,5.577586206896552,5.051724137931035,29.50857840707962
29255,2024-06-18 23:00:00,Asia/Bangkok,77.64719078260866,4.629310344827586,4.189655172413793,28.92420008695652
29256,2024-06-19 00:00:00,Asia/Bangkok,79.97219487179483,5.333333333333333,4.810344827586207,28.47779709401712
29257,2024-06-19 01:00:00,Asia/Bangkok,79.56382513513516,5.008620689655173,4.555555555555555,28.48316720720722
29258,2024-06-19 02:00:00,Asia/Bangkok,79.53807991228071,4.336206896551724,4.008620689655173,28.49801526315788
29259,2024-06-19 03:00:00,Asia/Bangkok,83.90556730434784,7.551724137931035,6.913793103448276,27.67082271929825
29260,2024-06-19 04:00:00,Asia/Bangkok,85.54918866071424,8.947826086956521,8.224137931034482,27.32097026785712
29261,2024-06-19 05:00:00,Asia/Bangkok,84.85782318181819,5.620689655172414,5.146551724137931,27.39436472727273
29262,2024-06-19 06:00:00,Asia/Bangkok,85.97492447368423,8.10344827586207,7.405172413793103,27.22909236842105
29263,2024-06-19 07:00:00,Asia/Bangkok,86.03003862068965,9.836206896551724,8.96551724137931,27.29155603448276
29264,2024-06-19 08:00:00,Asia/Bangkok,85.96227375000001,12.23275862068965,11.41379310344828,27.71756107142857
29265,2024-06-19 09:00:00,Asia/Bangkok,83.49504567567558,7.870689655172414,7.336206896551724,28.90074873873873
29266,2024-06-19 10:00:00,Asia/Bangkok,73.4814799122807,2.681034482758621,2.25,31.04620921052629
29267,2024-06-19 11:00:00,Asia/Bangkok,71.20076100000001,2.566371681415929,2.221238938053097,31.62564381818182
29268,2024-06-19 12:00:00,Asia/Bangkok,66.73799238938052,2.53448275862069,2.146551724137931,32.70002274336285
29269,2024-06-19 13:00:00,Asia/Bangkok,62.6473175,3.408695652173913,3.121739130434783,34.15777482142857
29270,2024-06-19 14:00:00,Asia/Bangkok,58.81388849557521,4.560344827586207,4.258620689655173,35.46317026315789
29271,2024-06-19 15:00:00,Asia/Bangkok,61.89156504424778,2.05982905982906,1.811965811965812,34.4129586607143
29272,2024-06-19 16:00:00,Asia/Bangkok,67.47111407079646,2.649122807017544,2.4,33.23145359649124
29273,2024-06-19 17:00:00,Asia/Bangkok,70.89518114583335,2.717171717171717,2.292929292929293,31.34557178947369
29274,2024-06-19 18:00:00,Asia/Bangkok,79.53214591304346,1.560344827586207,1.28448275862069,27.97256495652174
29275,2024-06-19 19:00:00,Asia/Bangkok,80.75304438596491,3.626086956521739,3.304347826086957,27.95682771929824
29276,2024-06-19 20:00:00,Asia/Bangkok,78.3791409375,12.31632653061224,11.47474747474747,28.67888114583334
29277,2024-06-19 21:00:00,Asia/Bangkok,80.35279140350877,9.85344827586207,9.025862068965518,28.13819710526312
29278,2024-06-19 22:00:00,Asia/Bangkok,80.10699756521745,6.146551724137931,5.620689655172414,28.19923730434783
29279,2024-06-19 23:00:00,Asia/Bangkok,79.95901891891894,6.517241379310345,5.948275862068965,28.23732756756755
29280,2024-06-20 00:00:00,Asia/Bangkok,80.15384144144144,8.344827586206897,7.439655172413793,27.99825
29281,2024-06-20 01:00:00,Asia/Bangkok,81.8103681415929,6.793103448275862,6.275862068965517,27.69572491071429
29282,2024-06-20 02:00:00,Asia/Bangkok,81.37403098214288,3.379310344827586,3.077586206896552,27.58017814159291
29283,2024-06-20 03:00:00,Asia/Bangkok,80.11468981981983,0.8290598290598291,0.6495726495726496,27.1966846363636
29284,2024-06-20 04:00:00,Asia/Bangkok,80.8197236082474,0.8431372549019608,0.6237623762376238,27.04449843750001
29285,2024-06-20 05:00:00,Asia/Bangkok,83.45381672566371,1.972477064220183,1.715596330275229,26.66992911504424
29286,2024-06-20 06:00:00,Asia/Bangkok,86.45412482456142,3.706896551724138,3.275862068965517,26.19914026315789
29287,2024-06-20 07:00:00,Asia/Bangkok,87.0610914159292,6.75,6.155172413793103,26.35161150442478
29288,2024-06-20 08:00:00,Asia/Bangkok,82.59218649122809,2.387931034482758,2.017241379310345,27.84778885964911
29289,2024-06-20 09:00:00,Asia/Bangkok,79.17867631578949,2.405172413793104,1.982758620689655,29.19691447368423
29290,2024-06-20 10:00:00,Asia/Bangkok,76.06400817391304,2.136752136752137,1.741379310344828,30.27591878260871
29291,2024-06-20 11:00:00,Asia/Bangkok,68.62427758928568,1.172413793103448,0.9137931034482759,32.05264732142857
29292,2024-06-20 12:00:00,Asia/Bangkok,65.8618973275862,3.299145299145299,3.076923076923077,33.22012620689655
29293,2024-06-20 13:00:00,Asia/Bangkok,62.87598954128443,4.586206896551724,4.28448275862069,34.41854440366972
29294,2024-06-20 14:00:00,Asia/Bangkok,60.72202482142859,3.042735042735043,2.837606837606838,34.82621428571427
29295,2024-06-20 15:00:00,Asia/Bangkok,64.22699931034482,1.03448275862069,0.8189655172413793,33.14740370689654
29296,2024-06-20 16:00:00,Asia/Bangkok,65.74293785714285,0.2393162393162393,0.1538461538461539,31.70691223214286
29297,2024-06-20 17:00:00,Asia/Bangkok,66.22663401785714,0.9568965517241379,0.8017241379310345,31.01837348214287
29298,2024-06-20 18:00:00,Asia/Bangkok,68.30001930434777,2.775862068965517,2.594827586206896,29.82080252173913
29299,2024-06-20 19:00:00,Asia/Bangkok,73.03801081081079,3.03448275862069,2.775862068965517,28.86086432432434
29300,2024-06-20 20:00:00,Asia/Bangkok,75.64613254385961,4.591304347826087,4.260869565217392,28.42832833333334
29301,2024-06-20 21:00:00,Asia/Bangkok,76.79403965517238,3.974137931034483,3.543103448275862,28.16146163793103
29302,2024-06-20 22:00:00,Asia/Bangkok,78.22448442477874,3.826086956521739,3.521739130434783,28.03918867256639
29303,2024-06-20 23:00:00,Asia/Bangkok,80.36474451327432,4.103448275862069,3.801724137931035,27.6963736283186
29304,2024-06-21 00:00:00,Asia/Bangkok,80.41410824561406,3.581196581196581,3.282051282051282,27.56192394736844
29305,2024-06-21 01:00:00,Asia/Bangkok,80.48348159292036,3.310344827586207,2.982758620689655,27.47913901785714
29306,2024-06-21 02:00:00,Asia/Bangkok,83.42171276785716,4.0,3.591304347826087,26.83656946428573
29307,2024-06-21 03:00:00,Asia/Bangkok,82.90772833333334,2.478632478632479,2.162393162393162,26.77600675438597
29308,2024-06-21 04:00:00,Asia/Bangkok,83.29239575221241,1.260869565217391,0.9739130434782609,26.59825159292034
29309,2024-06-21 05:00:00,Asia/Bangkok,84.86122025862069,1.862068965517241,1.594827586206897,26.31817758620689
29310,2024-06-21 06:00:00,Asia/Bangkok,84.45726614035087,1.560344827586207,1.336206896551724,26.40108035087719
29311,2024-06-21 07:00:00,Asia/Bangkok,79.52856451327438,0.6608695652173913,0.4782608695652174,27.17589070796463
29312,2024-06-21 08:00:00,Asia/Bangkok,80.1145227192982,0.8793103448275862,0.7068965517241379,27.25272561403509
29313,2024-06-21 09:00:00,Asia/Bangkok,79.9793471929825,1.758620689655172,1.327586206896552,27.90831780701753
29314,2024-06-21 10:00:00,Asia/Bangkok,78.34864378378381,1.853448275862069,1.612068965517241,28.9054665765766
29315,2024-06-21 11:00:00,Asia/Bangkok,75.90172149122806,1.775862068965517,1.491379310344828,29.59298833333333
29316,2024-06-21 12:00:00,Asia/Bangkok,76.45853026785711,3.396551724137931,3.146551724137931,29.75024918918919
29317,2024-06-21 13:00:00,Asia/Bangkok,75.00814232758617,1.612068965517241,1.448275862068966,29.90014577586207
29318,2024-06-21 14:00:00,Asia/Bangkok,83.77737078947368,0.3565217391304348,0.2434782608695652,28.60689443478261
29319,2024-06-21 15:00:00,Asia/Bangkok,86.69817403508772,1.327586206896552,1.198275862068966,27.80354421052629
29320,2024-06-21 16:00:00,Asia/Bangkok,87.79387880341878,3.205128205128205,2.94017094017094,27.80937267241379
29321,2024-06-21 17:00:00,Asia/Bangkok,84.9110272972973,4.672413793103448,4.181034482758621,28.2639345045045
29322,2024-06-21 18:00:00,Asia/Bangkok,79.7373580869565,3.367521367521368,2.897435897435897,28.59909252173914
29323,2024-06-21 19:00:00,Asia/Bangkok,79.57235982456142,3.663793103448276,2.939655172413793,28.22962096491229
29324,2024-06-21 20:00:00,Asia/Bangkok,79.90452642105264,6.908163265306122,6.214285714285714,27.8799804255319
29325,2024-06-21 21:00:00,Asia/Bangkok,78.6083240350877,3.818965517241379,3.318965517241379,27.85868271929825
29326,2024-06-21 22:00:00,Asia/Bangkok,79.55882675438598,4.068965517241379,3.572649572649573,27.76030394736841
29327,2024-06-21 23:00:00,Asia/Bangkok,79.47046026086956,2.78448275862069,2.310344827586207,27.56082347826087
29328,2024-06-22 00:00:00,Asia/Bangkok,81.27219672566369,3.939655172413793,3.344827586206896,27.19673592920353
29329,2024-06-22 01:00:00,Asia/Bangkok,81.74541513274335,1.560344827586207,1.258620689655172,26.75107805309732
29330,2024-06-22 02:00:00,Asia/Bangkok,84.42155631578947,0.6724137931034483,0.3362068965517241,26.21830725663716
29331,2024-06-22 03:00:00,Asia/Bangkok,87.41551714285715,1.478632478632479,1.102564102564103,25.95302178571427
29332,2024-06-22 04:00:00,Asia/Bangkok,88.04425035087723,2.052173913043478,1.456140350877193,26.04473043859648
29333,2024-06-22 05:00:00,Asia/Bangkok,87.98767775862068,2.387931034482758,1.810344827586207,26.13102086206897
29334,2024-06-22 06:00:00,Asia/Bangkok,89.34094342105267,3.739130434782609,3.017241379310345,25.87626824561401
29335,2024-06-22 07:00:00,Asia/Bangkok,90.58506508620692,5.008547008547009,4.188034188034188,25.7661346551724
29336,2024-06-22 08:00:00,Asia/Bangkok,90.5053128947368,6.379310344827586,5.405172413793103,26.15889947368421
29337,2024-06-22 09:00:00,Asia/Bangkok,88.66339114035085,7.948275862068965,7.051724137931035,27.22241754385965
29338,2024-06-22 10:00:00,Asia/Bangkok,82.16730672566368,5.232758620689655,4.387931034482759,29.32446734513273
29339,2024-06-22 11:00:00,Asia/Bangkok,75.45379743362835,5.860869565217391,5.095652173913043,31.12864053097343
29340,2024-06-22 12:00:00,Asia/Bangkok,74.23798547008545,7.145299145299146,6.273504273504273,31.86712555555555
29341,2024-06-22 13:00:00,Asia/Bangkok,68.75478196428573,5.008620689655173,4.241379310344827,33.03795360360361
29342,2024-06-22 14:00:00,Asia/Bangkok,62.13206651785715,2.921739130434783,2.521739130434783,34.75559330357142
29343,2024-06-22 15:00:00,Asia/Bangkok,63.74480500000002,3.370689655172414,2.870689655172414,33.91063017543861
29344,2024-06-22 16:00:00,Asia/Bangkok,66.67376964601767,1.646551724137931,1.25,29.79156044247788
29345,2024-06-22 17:00:00,Asia/Bangkok,71.99418353448279,2.362068965517242,1.922413793103448,28.57697422413793
29346,2024-06-22 18:00:00,Asia/Bangkok,78.05572191304347,4.504347826086956,3.91304347826087,27.79190939130433
29347,2024-06-22 19:00:00,Asia/Bangkok,81.887473245614,10.46551724137931,9.560344827586206,27.07309876106196
29348,2024-06-22 20:00:00,Asia/Bangkok,84.84909774774778,11.51724137931035,10.38793103448276,26.52627432432433
29349,2024-06-22 21:00:00,Asia/Bangkok,85.86663900900899,10.40869565217391,9.530434782608696,26.4244173873874
29350,2024-06-22 22:00:00,Asia/Bangkok,86.51872043859647,11.41880341880342,10.47008547008547,26.54413201754385
29351,2024-06-22 23:00:00,Asia/Bangkok,86.82516848214281,0.782608695652174,0.6173913043478261,25.75522297297297
29352,2024-06-23 00:00:00,Asia/Bangkok,86.48088689655171,0.06837606837606838,0.0,24.74633836206897
29353,2024-06-23 01:00:00,Asia/Bangkok,87.39075345132746,0.5431034482758621,0.2241379310344828,24.6281842477876
29354,2024-06-23 02:00:00,Asia/Bangkok,88.71506391304351,1.129310344827586,0.6810344827586207,24.70324313043477
29355,2024-06-23 03:00:00,Asia/Bangkok,87.99264965217388,0.9741379310344828,0.5344827586206896,24.98646286956524
29356,2024-06-23 04:00:00,Asia/Bangkok,89.38643649572651,2.0,1.350427350427351,25.0083964957265
29357,2024-06-23 05:00:00,Asia/Bangkok,91.20148663716813,3.896551724137931,3.198275862068965,24.82058258928571
29358,2024-06-23 06:00:00,Asia/Bangkok,91.17214309734518,3.370689655172414,2.603448275862069,25.05402491071428
29359,2024-06-23 07:00:00,Asia/Bangkok,91.72790938053093,8.153846153846153,7.239316239316239,24.8546418584071
29360,2024-06-23 08:00:00,Asia/Bangkok,91.03748486725664,3.879310344827586,3.112068965517242,25.02587584070797
29361,2024-06-23 09:00:00,Asia/Bangkok,89.87341,3.353448275862069,2.655172413793104,25.5983395652174
29362,2024-06-23 10:00:00,Asia/Bangkok,87.01611175438599,3.094827586206896,2.5,26.99275221238936
29363,2024-06-23 11:00:00,Asia/Bangkok,81.91273254385968,2.448275862068965,1.922413793103448,28.53617184210527
29364,2024-06-23 12:00:00,Asia/Bangkok,75.02673345132742,0.811965811965812,0.6068376068376068,29.11202318584071
29365,2024-06-23 13:00:00,Asia/Bangkok,69.06060513274336,0.7413793103448276,0.5258620689655172,30.62014389380531
29366,2024-06-23 14:00:00,Asia/Bangkok,72.03346778761066,1.433628318584071,1.194690265486726,30.80690336283185
29367,2024-06-23 15:00:00,Asia/Bangkok,72.32491217391303,2.145299145299145,1.752136752136752,31.20140791304347
29368,2024-06-23 16:00:00,Asia/Bangkok,73.10160913043475,2.03448275862069,1.568965517241379,30.90043052173913
29369,2024-06-23 17:00:00,Asia/Bangkok,75.15526060869566,3.508620689655173,2.956896551724138,30.85472137931034
29370,2024-06-23 18:00:00,Asia/Bangkok,77.38093198275861,6.56140350877193,6.035087719298246,30.19816789473685
29371,2024-06-23 19:00:00,Asia/Bangkok,78.8189775862069,5.525862068965517,4.96551724137931,29.7733628205128
29372,2024-06-23 20:00:00,Asia/Bangkok,81.77094324561402,10.46153846153846,9.444444444444445,28.91014088495576
29373,2024-06-23 21:00:00,Asia/Bangkok,84.44864017699115,16.23275862068965,15.02586206896552,28.42548831858405
29374,2024-06-23 22:00:00,Asia/Bangkok,87.30268657894737,20.10344827586207,18.38793103448276,27.97491238938053
29375,2024-06-23 23:00:00,Asia/Bangkok,88.93824339285713,12.44827586206897,11.3448275862069,27.68943089285715
29376,2024-06-24 00:00:00,Asia/Bangkok,89.24955920353979,10.3304347826087,9.495652173913044,27.43524796460179
29377,2024-06-24 01:00:00,Asia/Bangkok,83.95763610619468,2.469565217391304,2.208695652173913,26.47256830357144
29378,2024-06-24 02:00:00,Asia/Bangkok,84.49834793103444,0.8448275862068966,0.5862068965517241,26.13493422413795
29379,2024-06-24 03:00:00,Asia/Bangkok,83.57755113043478,6.456896551724138,5.646551724137931,26.23230052173912
29380,2024-06-24 04:00:00,Asia/Bangkok,84.91645852173914,1.721739130434783,1.4,25.86992052631578
29381,2024-06-24 05:00:00,Asia/Bangkok,84.93494008695652,0.353448275862069,0.2068965517241379,25.68147342105263
29382,2024-06-24 06:00:00,Asia/Bangkok,87.10478833333332,0.1794871794871795,0.1282051282051282,25.23266973684212
29383,2024-06-24 07:00:00,Asia/Bangkok,89.47097034782608,1.353448275862069,1.068965517241379,24.89165026086956
29384,2024-06-24 08:00:00,Asia/Bangkok,89.95219106194695,1.103448275862069,0.7758620689655172,25.00621424778762
29385,2024-06-24 09:00:00,Asia/Bangkok,88.29334578947369,2.706896551724138,2.405172413793104,25.93972350877192
29386,2024-06-24 10:00:00,Asia/Bangkok,83.64160544642854,3.155172413793104,2.706896551724138,27.60674267857141
29387,2024-06-24 11:00:00,Asia/Bangkok,81.03160324561406,0.8275862068965517,0.6120689655172413,28.80425894736841
29388,2024-06-24 12:00:00,Asia/Bangkok,77.48982303571428,1.922413793103448,1.663793103448276,29.95074214285716
29389,2024-06-24 13:00:00,Asia/Bangkok,75.95826045454545,4.205128205128205,3.871794871794872,30.49854536363638
29390,2024-06-24 14:00:00,Asia/Bangkok,74.2268173214286,4.474137931034483,4.103448275862069,31.02452401785713
29391,2024-06-24 15:00:00,Asia/Bangkok,72.4368931896552,4.615384615384615,4.188034188034188,31.62073327586205
29392,2024-06-24 16:00:00,Asia/Bangkok,73.16820390909089,5.086956521739131,4.652173913043478,31.55835027272726
29393,2024-06-24 17:00:00,Asia/Bangkok,86.8547647747748,43.20353982300885,37.33333333333334,29.18065207207205
29394,2024-06-24 18:00:00,Asia/Bangkok,89.47665586206898,19.62068965517241,18.27586206896552,28.64518634782608
29395,2024-06-24 19:00:00,Asia/Bangkok,89.71269070796468,10.22413793103448,9.543103448275861,28.43562513274333
29396,2024-06-24 20:00:00,Asia/Bangkok,89.82236267241375,9.05982905982906,8.35897435897436,27.72392181034487
29397,2024-06-24 21:00:00,Asia/Bangkok,89.9253861061947,10.90265486725664,10.03539823008849,27.22365026548674
29398,2024-06-24 22:00:00,Asia/Bangkok,91.10488937500004,14.74137931034483,13.71551724137931,26.98670107142857
29399,2024-06-24 23:00:00,Asia/Bangkok,89.60745095652177,7.612068965517241,7.0,27.06945652173913
29400,2024-06-25 00:00:00,Asia/Bangkok,90.18967026086958,7.551724137931035,7.077586206896552,26.71732504347825
29401,2024-06-25 01:00:00,Asia/Bangkok,92.08940749999998,9.14655172413793,8.560344827586206,26.31939663793101
29402,2024-06-25 02:00:00,Asia/Bangkok,91.39335153846152,6.957264957264957,6.435897435897436,26.19482427350426
29403,2024-06-25 03:00:00,Asia/Bangkok,90.77573254385966,0.8793103448275862,0.7241379310344828,25.54025210526315
29404,2024-06-25 04:00:00,Asia/Bangkok,91.3556980530973,0.208695652173913,0.05217391304347826,25.25479221238939
29405,2024-06-25 05:00:00,Asia/Bangkok,92.14073342105262,0.75,0.5948275862068966,24.96368104347827
29406,2024-06-25 06:00:00,Asia/Bangkok,92.8678508928571,7.213675213675214,5.82051282051282,25.01012118181818
29407,2024-06-25 07:00:00,Asia/Bangkok,93.18980517543864,1.344827586206897,1.025862068965517,24.81080184210527
29408,2024-06-25 08:00:00,Asia/Bangkok,92.22077965517244,2.222222222222222,1.846153846153846,25.44859327586207
29409,2024-06-25 09:00:00,Asia/Bangkok,89.64012433628317,1.491379310344828,1.068965517241379,26.48647566371682
29410,2024-06-25 10:00:00,Asia/Bangkok,82.43789675438593,1.224137931034483,1.008620689655172,28.30678867256637
29411,2024-06-25 11:00:00,Asia/Bangkok,73.39444965217393,5.905172413793103,5.573913043478261,30.16098000000002
29412,2024-06-25 12:00:00,Asia/Bangkok,68.21587201754389,12.49122807017544,12.02586206896552,31.95231719298246
29413,2024-06-25 13:00:00,Asia/Bangkok,66.16720556521739,17.17391304347826,16.53913043478261,33.06305824561402
29414,2024-06-25 14:00:00,Asia/Bangkok,59.20225568965515,15.56896551724138,14.99137931034483,35.77044991379312
29415,2024-06-25 15:00:00,Asia/Bangkok,58.77159552631576,17.93103448275862,17.27586206896552,35.36562513274337
29416,2024-06-25 16:00:00,Asia/Bangkok,60.31085819819823,23.97413793103448,22.93965517241379,34.50564936936937
29417,2024-06-25 17:00:00,Asia/Bangkok,64.47102798245614,27.32758620689655,26.12068965517241,33.20404833333334
29418,2024-06-25 18:00:00,Asia/Bangkok,69.34085840707964,30.0,28.4051724137931,32.5774485840708
29419,2024-06-25 19:00:00,Asia/Bangkok,75.76289749999998,49.70940170940171,42.56410256410256,31.49235172413794
29420,2024-06-25 20:00:00,Asia/Bangkok,80.09151298245612,37.73275862068966,33.20689655172414,30.52602044247787
29421,2024-06-25 21:00:00,Asia/Bangkok,80.93789939130437,33.66379310344828,30.51724137931035,30.15089824561402
29422,2024-06-25 22:00:00,Asia/Bangkok,83.9511931034482,40.03418803418803,34.67521367521368,29.6942774137931
29423,2024-06-25 23:00:00,Asia/Bangkok,84.49885208695656,45.80172413793103,38.37931034482759,29.58349217391308
29424,2024-06-26 00:00:00,Asia/Bangkok,84.91880043859648,47.10344827586207,39.35344827586207,29.27123614035089
29425,2024-06-26 01:00:00,Asia/Bangkok,85.18038336206898,46.18803418803419,38.56410256410256,28.84782956896553
29426,2024-06-26 02:00:00,Asia/Bangkok,86.11465122807022,46.6551724137931,38.66379310344828,28.55547271929824
29427,2024-06-26 03:00:00,Asia/Bangkok,87.30359034782609,47.44827586206897,39.61206896551724,28.28587426086956
29428,2024-06-26 04:00:00,Asia/Bangkok,89.37329570175439,48.95726495726495,40.64957264957265,27.86601561403506
29429,2024-06-26 05:00:00,Asia/Bangkok,89.46335706896558,50.4017094017094,41.62393162393163,27.78497198275859
29430,2024-06-26 06:00:00,Asia/Bangkok,89.87222965217393,48.56034482758621,40.30172413793103,27.5163093043478
29431,2024-06-26 07:00:00,Asia/Bangkok,90.49908780701757,48.76068376068376,40.52136752136752,27.39926824561404
29432,2024-06-26 08:00:00,Asia/Bangkok,91.28412901785707,51.9051724137931,42.42241379310344,27.89119684684685
29433,2024-06-26 09:00:00,Asia/Bangkok,91.2390735964912,36.31034482758621,32.49137931034483,28.74726982456141
29434,2024-06-26 10:00:00,Asia/Bangkok,86.07440008849557,29.79310344827586,28.36206896551724,29.99850088495576
29435,2024-06-26 11:00:00,Asia/Bangkok,77.52994551724143,34.25,31.3448275862069,31.32108034482756
29436,2024-06-26 12:00:00,Asia/Bangkok,72.18273721739128,35.37931034482759,32.01724137931034,32.0879573043478
29437,2024-06-26 13:00:00,Asia/Bangkok,69.93731850877192,37.10434782608696,33.17391304347826,32.67817000000001
29438,2024-06-26 14:00:00,Asia/Bangkok,66.11835548672566,34.27350427350427,31.47008547008547,33.85676714285714
29439,2024-06-26 15:00:00,Asia/Bangkok,64.69480243478259,36.31896551724138,32.70689655172414,34.3446184347826
29440,2024-06-26 16:00:00,Asia/Bangkok,66.75349504424783,37.92241379310344,33.39655172413793,33.77748973451327
29441,2024-06-26 17:00:00,Asia/Bangkok,61.83226286956518,31.8448275862069,30.0,34.88209617391306
29442,2024-06-26 18:00:00,Asia/Bangkok,64.41264122807016,40.01709401709402,35.13675213675214,34.4975799115044
29443,2024-06-26 19:00:00,Asia/Bangkok,75.13769297297294,45.96521739130435,38.61206896551724,31.95180261261258
29444,2024-06-26 20:00:00,Asia/Bangkok,78.62429271929823,48.41592920353983,40.23008849557522,30.85168808695652
29445,2024-06-26 21:00:00,Asia/Bangkok,79.5392445217391,44.78448275862069,37.76724137931034,30.69189956140353
29446,2024-06-26 22:00:00,Asia/Bangkok,81.68725725663715,46.72566371681416,38.92982456140351,30.40638315789474
29447,2024-06-26 23:00:00,Asia/Bangkok,84.4955913274336,48.3859649122807,40.24561403508772,29.82786141592921
29448,2024-06-27 00:00:00,Asia/Bangkok,85.89447830357142,55.69827586206897,45.54310344827586,29.69321171171176
29449,2024-06-27 01:00:00,Asia/Bangkok,86.41655191304348,58.33620689655172,47.12068965517241,29.5501027826087
29450,2024-06-27 02:00:00,Asia/Bangkok,86.79265857142857,50.02702702702702,41.43243243243244,29.41168194444444
29451,2024-06-27 03:00:00,Asia/Bangkok,87.01915,49.5,40.33333333333334,29.29789
29452,2024-06-27 07:00:00,Asia/Bangkok,87.0484811111111,51.66666666666666,42.55555555555556,29.22801666666667
29453,2024-06-27 09:00:00,Asia/Bangkok,87.03680571428573,50.42857142857143,41.57142857142857,29.10047714285714
29454,2024-06-27 11:00:00,Asia/Bangkok,89.44778826958098,48.81172291296625,40.64653641207816,28.51341377049181
29455,2024-06-27 12:00:00,Asia/Bangkok,79.71674206730766,26.59842519685039,23.81259842519685,30.84646386837882
29456,2024-06-27 13:00:00,Asia/Bangkok,57.82458139130436,14.0,13.3448275862069,35.65317330434782
29457,2024-06-27 14:00:00,Asia/Bangkok,55.92543628318585,13.56896551724138,13.07758620689655,35.94482707964599
29458,2024-06-27 15:00:00,Asia/Bangkok,62.8928814159292,14.31034482758621,13.64655172413793,34.91306433628316
29459,2024-06-27 16:00:00,Asia/Bangkok,71.20184921052629,9.721739130434782,9.043478260869565,32.23656807017543
29460,2024-06-27 17:00:00,Asia/Bangkok,87.85625723214282,7.384615384615385,6.641025641025641,27.06099410714286
29461,2024-06-27 18:00:00,Asia/Bangkok,90.79158821428572,11.00862068965517,10.41379310344828,26.40321080357144
29462,2024-06-27 19:00:00,Asia/Bangkok,93.44534387387384,8.775862068965518,8.181034482758621,26.32278390909091
29463,2024-06-27 20:00:00,Asia/Bangkok,93.62309543859648,10.5948275862069,10.00862068965517,26.21284333333333
29464,2024-06-27 21:00:00,Asia/Bangkok,94.10273816513762,5.815789473684211,5.421052631578948,25.59075706422016
29465,2024-06-27 22:00:00,Asia/Bangkok,94.01760069565223,6.146551724137931,5.793103448275862,25.58763686956521
29466,2024-06-27 23:00:00,Asia/Bangkok,93.0155019469027,7.034782608695652,6.495652173913044,25.97304848214286
29467,2024-06-28 00:00:00,Asia/Bangkok,93.84125903508776,7.365217391304347,6.947826086956522,25.87097438596489
29468,2024-06-28 01:00:00,Asia/Bangkok,94.4512174561404,8.478260869565217,7.939130434782609,25.67273859649125
29469,2024-06-28 02:00:00,Asia/Bangkok,94.4688998230089,9.11965811965812,8.521367521367521,25.69915876106194
29470,2024-06-28 03:00:00,Asia/Bangkok,94.36923315789473,9.844827586206897,9.206896551724139,25.65233657894742
29471,2024-06-28 04:00:00,Asia/Bangkok,94.77286513513513,16.30434782608696,15.33913043478261,25.32267954954956
29472,2024-06-28 05:00:00,Asia/Bangkok,94.86097027272726,16.95689655172414,16.1551724137931,25.316192
29473,2024-06-28 06:00:00,Asia/Bangkok,95.23100181818182,16.81196581196581,15.95726495726496,25.06588300000001
29474,2024-06-28 07:00:00,Asia/Bangkok,95.13560405405399,16.53043478260869,15.67241379310345,25.33195544642859
29475,2024-06-28 08:00:00,Asia/Bangkok,94.77416268041239,14.92929292929293,14.21212121212121,25.83744536842105
29476,2024-06-28 09:00:00,Asia/Bangkok,90.70376228070178,11.1551724137931,10.5,27.39205307017542
29477,2024-06-28 10:00:00,Asia/Bangkok,81.47922243478261,10.97413793103448,10.49137931034483,29.59526373913044
29478,2024-06-28 11:00:00,Asia/Bangkok,74.4047273275862,11.05982905982906,10.63247863247863,31.19937482758619
29479,2024-06-28 12:00:00,Asia/Bangkok,68.58212547826083,9.129310344827585,8.732758620689655,32.57458452173911
29480,2024-06-28 13:00:00,Asia/Bangkok,63.69323210526317,7.396551724137931,7.094827586206897,33.90217473684213
29481,2024-06-28 14:00:00,Asia/Bangkok,62.60931982142859,8.551724137931034,8.189655172413794,34.41633646017701
29482,2024-06-28 15:00:00,Asia/Bangkok,65.76178017391308,12.05172413793103,11.50862068965517,33.79580415929203
29483,2024-06-28 16:00:00,Asia/Bangkok,63.24378178571432,12.36206896551724,12.01724137931035,35.02260187499999
29484,2024-06-28 17:00:00,Asia/Bangkok,72.24991535714283,9.456896551724139,9.112068965517242,31.70459928571429
29485,2024-06-28 18:00:00,Asia/Bangkok,88.25954690265488,11.69230769230769,10.97435897435897,28.17936920353982
29486,2024-06-28 19:00:00,Asia/Bangkok,87.86553043859654,8.96551724137931,8.456896551724139,28.07970956140353
29487,2024-06-28 20:00:00,Asia/Bangkok,89.18034563829792,26.82828282828283,24.56122448979592,27.83404531914892
29488,2024-06-28 21:00:00,Asia/Bangkok,91.56118092592595,17.17241379310345,16.21551724137931,27.0190925925926
29489,2024-06-28 22:00:00,Asia/Bangkok,91.8077659375,10.52525252525253,9.93939393939394,26.66250520833334
29490,2024-06-28 23:00:00,Asia/Bangkok,92.30567812500007,15.1304347826087,14.45217391304348,26.82297937499999
29491,2024-06-29 00:00:00,Asia/Bangkok,92.18806210526316,13.19827586206897,12.55172413793103,26.75911815789475
29492,2024-06-29 01:00:00,Asia/Bangkok,92.69622053097342,12.89565217391304,12.20869565217391,26.51625070796459
29493,2024-06-29 02:00:00,Asia/Bangkok,93.21369086956521,11.3716814159292,10.64601769911504,26.25619165217392
29494,2024-06-29 03:00:00,Asia/Bangkok,93.36024887931033,9.504273504273504,8.863247863247864,26.0740055652174
29495,2024-06-29 04:00:00,Asia/Bangkok,93.26760269565216,7.947826086956522,7.243478260869566,26.05052991304347
29496,2024-06-29 05:00:00,Asia/Bangkok,93.20190548672561,7.991452991452991,7.401709401709402,25.96983053571431
29497,2024-06-29 06:00:00,Asia/Bangkok,93.39955973913044,11.17241379310345,10.56034482758621,25.79931313043477
29498,2024-06-29 07:00:00,Asia/Bangkok,94.24414423423433,13.05217391304348,12.12173913043478,25.65637036363637
29499,2024-06-29 08:00:00,Asia/Bangkok,94.75770982456137,13.18103448275862,12.52586206896552,26.21158131578948
29500,2024-06-29 09:00:00,Asia/Bangkok,90.1972599130435,9.043103448275861,8.46551724137931,28.18848878260871
29501,2024-06-29 10:00:00,Asia/Bangkok,80.06331773913041,7.626086956521739,7.165217391304348,30.41117808695651
29502,2024-06-29 11:00:00,Asia/Bangkok,75.71483433628319,7.913793103448276,7.560344827586207,31.39130026548671
29503,2024-06-29 12:00:00,Asia/Bangkok,72.14620900900901,12.47413793103448,11.86206896551724,32.31934681818181
29504,2024-06-29 13:00:00,Asia/Bangkok,68.04392915887851,10.85344827586207,10.37068965517241,33.82156822429907
29505,2024-06-29 14:00:00,Asia/Bangkok,69.04617035398228,9.78448275862069,9.344827586206897,33.32400690265485
29506,2024-06-29 15:00:00,Asia/Bangkok,63.22130070796464,7.897435897435898,7.615384615384615,35.18023858407079
29507,2024-06-29 16:00:00,Asia/Bangkok,76.88167734513279,6.982608695652174,6.539130434782609,31.08534831858408
29508,2024-06-29 17:00:00,Asia/Bangkok,87.04163318584072,5.634782608695653,5.234782608695652,27.9275785840708
29509,2024-06-29 18:00:00,Asia/Bangkok,91.87822982300884,5.387931034482759,5.0,26.8329103539823
29510,2024-06-29 19:00:00,Asia/Bangkok,91.19530698275865,5.508620689655173,5.129310344827586,27.12293336206897
29511,2024-06-29 20:00:00,Asia/Bangkok,92.70370899082572,8.743362831858407,8.185840707964601,26.84272614678897
29512,2024-06-29 21:00:00,Asia/Bangkok,92.3837867241379,8.344827586206897,7.836206896551724,26.83546103448277
29513,2024-06-29 22:00:00,Asia/Bangkok,93.28164544642856,7.017241379310345,6.594827586206897,26.20219660714286
29514,2024-06-29 23:00:00,Asia/Bangkok,93.31427561403508,7.025862068965517,6.560344827586207,26.01929201754386
29515,2024-06-30 00:00:00,Asia/Bangkok,92.30484704347826,5.836206896551724,5.431034482758621,26.31619321739131
29516,2024-06-30 01:00:00,Asia/Bangkok,93.8845534736842,7.6,7.121212121212121,26.22442957446809
29517,2024-06-30 02:00:00,Asia/Bangkok,94.26065557692303,10.04587155963303,9.458715596330276,26.23736317307691
29518,2024-06-30 03:00:00,Asia/Bangkok,94.48283973684211,11.82926829268293,11.24390243902439,26.08226493333333
29519,2024-06-30 04:00:00,Asia/Bangkok,94.50559383928574,9.068965517241379,8.525862068965518,26.05511205357143
29520,2024-06-30 05:00:00,Asia/Bangkok,94.36981010204084,7.939393939393939,7.444444444444445,26.01853887755104
29521,2024-06-30 06:00:00,Asia/Bangkok,94.53636036697247,7.973684210526316,7.5,25.92789083333334
29522,2024-06-30 07:00:00,Asia/Bangkok,94.23968012987012,10.53571428571429,9.904761904761905,25.94142705128205
29523,2024-06-30 08:00:00,Asia/Bangkok,94.57614116071431,8.678260869565218,8.191304347826087,26.26175491071428
29524,2024-06-30 09:00:00,Asia/Bangkok,89.61867686956525,6.594827586206897,6.25,28.1064523478261
29525,2024-06-30 10:00:00,Asia/Bangkok,82.29328412280701,6.129310344827586,5.78448275862069,29.4939762280702
29526,2024-06-30 11:00:00,Asia/Bangkok,79.004003539823,6.260869565217392,5.921739130434783,29.87143663716813
29527,2024-06-30 12:00:00,Asia/Bangkok,74.73818862068963,0.6324786324786325,0.5299145299145299,29.22357695652174
29528,2024-06-30 13:00:00,Asia/Bangkok,73.1587726548672,1.103448275862069,0.9137931034482759,30.13936566371682
29529,2024-06-30 14:00:00,Asia/Bangkok,69.58843508771929,0.6410256410256411,0.5470085470085471,31.0519246491228
29530,2024-06-30 15:00:00,Asia/Bangkok,71.25168219298246,1.068965517241379,0.9568965517241379,30.70672780701755
29531,2024-06-30 16:00:00,Asia/Bangkok,71.31636348214285,1.474137931034483,1.353448275862069,31.00013258928573
29532,2024-06-30 17:00:00,Asia/Bangkok,73.14615638888887,1.895652173913043,1.721739130434783,30.15902642201836
29533,2024-06-30 18:00:00,Asia/Bangkok,74.97809767241382,3.913793103448276,3.577586206896552,29.38085887931035
29534,2024-06-30 19:00:00,Asia/Bangkok,72.68105773913042,20.56896551724138,18.1551724137931,28.81766652173912
29535,2024-06-30 20:00:00,Asia/Bangkok,76.1225209734513,5.834782608695652,5.356521739130435,27.96111132743364
29536,2024-06-30 21:00:00,Asia/Bangkok,80.20137826086952,7.577586206896552,7.043103448275862,27.34454756521739
29537,2024-06-30 22:00:00,Asia/Bangkok,83.433525625,5.077586206896552,4.698275862068965,26.76680678571427
29538,2024-06-30 23:00:00,Asia/Bangkok,84.86745456140348,5.71551724137931,5.275862068965517,26.72885456140351
29539,2024-07-01 00:00:00,Asia/Bangkok,86.15729189655175,7.008547008547009,6.581196581196581,26.75673551724137
29540,2024-07-01 01:00:00,Asia/Bangkok,88.9528186725664,8.39655172413793,7.922413793103448,26.08566805309735
29541,2024-07-01 02:00:00,Asia/Bangkok,91.40210464912276,10.8448275862069,10.25862068965517,25.59917336283189
29542,2024-07-01 03:00:00,Asia/Bangkok,92.11293592920354,11.01724137931035,10.48275862068965,25.54940353982304
29543,2024-07-01 04:00:00,Asia/Bangkok,92.5818674107143,12.87179487179487,12.22222222222222,25.53724225225228
29544,2024-07-01 05:00:00,Asia/Bangkok,92.57177304347825,16.50862068965517,15.71551724137931,25.43615403508772
29545,2024-07-01 06:00:00,Asia/Bangkok,92.52311765217397,17.50862068965517,16.56034482758621,25.57131269565217
29546,2024-07-01 07:00:00,Asia/Bangkok,92.21005053571427,16.47413793103448,15.75,25.73300937499998
29547,2024-07-01 08:00:00,Asia/Bangkok,92.38528138888888,14.96363636363636,14.19090909090909,26.1876038888889
29548,2024-07-01 09:00:00,Asia/Bangkok,88.26744456140351,14.64347826086957,13.9304347826087,27.47553830357143
29549,2024-07-01 10:00:00,Asia/Bangkok,80.5718514912281,10.25,9.810344827586206,29.19602368421053
29550,2024-07-01 11:00:00,Asia/Bangkok,71.56733827586206,5.543103448275862,5.198275862068965,30.91291327586206
29551,2024-07-01 12:00:00,Asia/Bangkok,67.6066902631579,7.991304347826087,7.434782608695652,32.29156657894736
29552,2024-07-01 13:00:00,Asia/Bangkok,59.64300872727271,6.085470085470085,5.786324786324786,34.88453872727272
29553,2024-07-01 14:00:00,Asia/Bangkok,61.67664561403508,5.931034482758621,5.577586206896552,34.41675131578948
29554,2024-07-01 15:00:00,Asia/Bangkok,61.58270573913046,6.170940170940171,5.786324786324786,34.50604713043475
29555,2024-07-01 16:00:00,Asia/Bangkok,59.95114447368419,8.181034482758621,7.681034482758621,35.07683605263156
29556,2024-07-01 17:00:00,Asia/Bangkok,62.03757456140351,7.887931034482759,7.396551724137931,34.24137710526318
29557,2024-07-01 18:00:00,Asia/Bangkok,66.08374481818178,11.96581196581197,11.47863247863248,33.50225609090908
29558,2024-07-01 19:00:00,Asia/Bangkok,72.23276606837605,31.11965811965812,26.94871794871795,32.2408122222222
29559,2024-07-01 20:00:00,Asia/Bangkok,78.86272043859648,51.7787610619469,43.39823008849557,30.52680587719299
29560,2024-07-01 21:00:00,Asia/Bangkok,82.29343036363635,50.79130434782608,42.50434782608696,29.89592781818181
29561,2024-07-01 22:00:00,Asia/Bangkok,83.69401956140352,30.50862068965517,27.69827586206896,29.63765938596489
29562,2024-07-01 23:00:00,Asia/Bangkok,84.16148508771934,19.54310344827586,18.33620689655172,29.25063876106192
29563,2024-07-02 00:00:00,Asia/Bangkok,85.28467079646022,20.82758620689655,19.37931034482759,29.19307513274335
29564,2024-07-02 01:00:00,Asia/Bangkok,84.92557400000004,24.32758620689655,22.95689655172414,28.90743547826088
29565,2024-07-02 02:00:00,Asia/Bangkok,86.76954864864864,20.81196581196581,19.52991452991453,28.11701936936936
29566,2024-07-02 03:00:00,Asia/Bangkok,85.59759938596494,13.70689655172414,12.8448275862069,27.71429754385967
29567,2024-07-02 04:00:00,Asia/Bangkok,84.57712463636362,10.53448275862069,9.913793103448276,27.576358
29568,2024-07-02 05:00:00,Asia/Bangkok,86.62605142857137,12.44444444444444,11.4017094017094,27.10700812499999
29569,2024-07-02 06:00:00,Asia/Bangkok,85.53223812499998,9.489795918367347,8.73469387755102,26.90185463917527
29570,2024-07-02 07:00:00,Asia/Bangkok,85.86990561403515,11.25,10.41379310344828,26.86278106194692
29571,2024-07-02 08:00:00,Asia/Bangkok,86.12210460869565,14.93103448275862,13.87931034482759,27.20213886956521
29572,2024-07-02 09:00:00,Asia/Bangkok,87.20383591304348,22.78448275862069,20.91379310344828,27.66113556521738
29573,2024-07-02 10:00:00,Asia/Bangkok,84.65056919642858,21.6551724137931,20.2695652173913,28.29844707964603
29574,2024-07-02 11:00:00,Asia/Bangkok,75.4787786842105,15.25862068965517,14.45689655172414,30.78766575221238
29575,2024-07-02 12:00:00,Asia/Bangkok,69.75690801724136,13.82905982905983,13.16379310344828,32.54648637931035
29576,2024-07-02 13:00:00,Asia/Bangkok,68.51017854545452,13.53913043478261,12.80172413793103,32.55681118181819
29577,2024-07-02 14:00:00,Asia/Bangkok,67.56724394736844,15.5,14.75652173913043,33.48963743362831
29578,2024-07-02 15:00:00,Asia/Bangkok,71.07446333333331,20.24137931034483,19.28205128205128,32.80830043859648
29579,2024-07-02 16:00:00,Asia/Bangkok,73.01309741071425,20.71551724137931,19.89655172413793,32.34101750000004
29580,2024-07-02 17:00:00,Asia/Bangkok,71.5297304385965,18.21367521367521,17.33333333333333,32.57169245614038
29581,2024-07-02 18:00:00,Asia/Bangkok,73.98411035398229,17.4,16.58260869565217,31.66740814159291
29582,2024-07-02 19:00:00,Asia/Bangkok,77.45927982608693,17.76724137931035,16.78448275862069,30.4649092173913
29583,2024-07-02 20:00:00,Asia/Bangkok,79.22502826086955,22.92173913043478,21.37391304347826,29.819109826087
29584,2024-07-02 21:00:00,Asia/Bangkok,80.85253077586206,20.6551724137931,19.39655172413793,29.31310844827583
29585,2024-07-02 22:00:00,Asia/Bangkok,81.92621852173913,15.17391304347826,14.10434782608696,29.14634695652174
29586,2024-07-02 23:00:00,Asia/Bangkok,83.8470230172414,9.413793103448276,8.698275862068966,28.60915853448274
29587,2024-07-03 00:00:00,Asia/Bangkok,84.88642280701751,9.14655172413793,8.336206896551724,28.3097788596491
29588,2024-07-03 01:00:00,Asia/Bangkok,86.2723665765766,7.36283185840708,6.628318584070796,27.7541948648649
29589,2024-07-03 02:00:00,Asia/Bangkok,87.20618333333339,7.717948717948718,7.025641025641026,27.434144137931
29590,2024-07-03 03:00:00,Asia/Bangkok,87.81177182608693,10.98275862068965,10.1551724137931,27.19159373913045
29591,2024-07-03 04:00:00,Asia/Bangkok,88.81828034482757,17.07758620689655,15.98275862068965,26.91255456896553
29592,2024-07-03 05:00:00,Asia/Bangkok,88.66848243243251,15.89565217391304,14.80172413793103,26.85458135135135
29593,2024-07-03 06:00:00,Asia/Bangkok,89.45439897435895,16.15384615384615,15.05128205128205,26.61224264957265
29594,2024-07-03 07:00:00,Asia/Bangkok,90.48701491228066,20.53043478260869,19.26086956521739,26.39856840707965
29595,2024-07-03 08:00:00,Asia/Bangkok,88.65568773195875,18.68686868686869,17.48484848484848,27.2610262886598
29596,2024-07-03 09:00:00,Asia/Bangkok,82.93826887931037,12.14655172413793,11.26956521739131,28.93088534482758
29597,2024-07-03 10:00:00,Asia/Bangkok,76.31696666666667,8.956896551724139,7.974137931034483,30.65608069565218
29598,2024-07-03 11:00:00,Asia/Bangkok,71.85448675675674,9.575221238938052,8.752212389380531,31.7601309090909
29599,2024-07-03 12:00:00,Asia/Bangkok,68.32969633928572,11.26724137931035,10.12931034482759,32.57927607142857
29600,2024-07-03 13:00:00,Asia/Bangkok,65.06842939655172,12.02564102564103,11.16239316239316,33.58459756521739
29601,2024-07-03 14:00:00,Asia/Bangkok,63.35842973214284,11.25,10.31034482758621,34.40468306306308
29602,2024-07-03 15:00:00,Asia/Bangkok,61.45858571428577,12.62068965517241,11.63793103448276,35.28612964285714
29603,2024-07-03 16:00:00,Asia/Bangkok,63.43688522123891,12.52631578947368,11.76315789473684,34.70016982300887
29604,2024-07-03 17:00:00,Asia/Bangkok,67.08173810344825,11.39655172413793,10.55172413793103,33.23029974137931
29605,2024-07-03 18:00:00,Asia/Bangkok,68.68312654867256,9.948275862068966,9.086206896551724,32.54719840707966
29606,2024-07-03 19:00:00,Asia/Bangkok,70.72222295652176,10.10344827586207,9.267241379310345,31.63263052173913
29607,2024-07-03 20:00:00,Asia/Bangkok,72.70971093457946,13.46788990825688,12.48623853211009,31.01473726415094
29608,2024-07-03 21:00:00,Asia/Bangkok,76.12278391666663,18.03225806451613,16.5,30.08377208333333
29609,2024-07-03 22:00:00,Asia/Bangkok,76.6777190265487,20.85344827586207,19.5,30.00121884955751
29610,2024-07-03 23:00:00,Asia/Bangkok,77.67322719298242,13.81896551724138,12.62931034482759,29.67389798245615
29611,2024-07-04 00:00:00,Asia/Bangkok,79.65875265486723,12.61739130434783,11.66086956521739,29.16383771929824
29612,2024-07-04 01:00:00,Asia/Bangkok,82.14500254385963,12.69565217391304,11.68376068376068,28.47872876106192
29613,2024-07-04 02:00:00,Asia/Bangkok,84.68816216216219,16.81896551724138,15.5,28.17068864864864
29614,2024-07-04 03:00:00,Asia/Bangkok,84.89949868421051,17.51724137931035,16.31896551724138,28.20329175438597
29615,2024-07-04 04:00:00,Asia/Bangkok,86.21822570175438,17.01739130434783,15.8695652173913,28.11917754385962
29616,2024-07-04 05:00:00,Asia/Bangkok,87.13681728070168,17.30434782608696,16.06086956521739,27.90538903508772
29617,2024-07-04 06:00:00,Asia/Bangkok,87.36866300884961,16.09649122807017,14.9304347826087,27.73425464912281
29618,2024-07-04 07:00:00,Asia/Bangkok,87.88098439655171,16.4051724137931,15.28448275862069,27.51656521739131
29619,2024-07-04 08:00:00,Asia/Bangkok,85.19160522123886,10.1551724137931,9.39655172413793,28.12333214285715
29620,2024-07-04 09:00:00,Asia/Bangkok,78.26183791304344,3.71551724137931,3.267241379310345,29.79721069565219
29621,2024-07-04 10:00:00,Asia/Bangkok,72.87252469565217,3.655172413793104,3.25,31.39959478260869
29622,2024-07-04 11:00:00,Asia/Bangkok,71.54227280701755,5.418803418803419,5.0,32.08452274336283
29623,2024-07-04 12:00:00,Asia/Bangkok,68.92906191304345,7.181034482758621,6.75,32.87038826086955
29624,2024-07-04 13:00:00,Asia/Bangkok,64.13559614035087,8.836206896551724,8.405172413793103,34.36456236842105
29625,2024-07-04 14:00:00,Asia/Bangkok,64.86765478260867,9.760683760683762,9.247863247863247,34.32755147826088
29626,2024-07-04 15:00:00,Asia/Bangkok,68.42948226086956,9.008695652173913,8.4,31.86506447368422
29627,2024-07-04 16:00:00,Asia/Bangkok,73.28193905172415,6.258620689655173,5.568965517241379,30.02995637931035
29628,2024-07-04 17:00:00,Asia/Bangkok,74.28308922413795,8.655172413793103,7.870689655172414,30.64433724137933
29629,2024-07-04 18:00:00,Asia/Bangkok,76.76979982300887,11.12931034482759,10.42241379310345,30.08541557522123
29630,2024-07-04 19:00:00,Asia/Bangkok,75.37264512820512,14.34188034188034,13.32478632478633,29.85087170940169
29631,2024-07-04 20:00:00,Asia/Bangkok,77.83751221238937,24.37068965517241,21.32758620689655,29.21805548672568
29632,2024-07-04 21:00:00,Asia/Bangkok,80.63230424778763,28.48275862068965,24.49137931034483,28.69783508928572
29633,2024-07-04 22:00:00,Asia/Bangkok,82.71915765765765,17.32758620689655,16.32758620689655,28.09452459459457
29634,2024-07-04 23:00:00,Asia/Bangkok,83.4125044736842,15.17241379310345,14.26724137931035,28.15173605263157
29635,2024-07-05 00:00:00,Asia/Bangkok,84.19209359649123,17.81034482758621,16.75,27.92275608695653
29636,2024-07-05 01:00:00,Asia/Bangkok,86.34626891891894,18.21739130434782,17.16521739130435,27.3942168181818
29637,2024-07-05 02:00:00,Asia/Bangkok,87.34225254385957,19.08695652173913,18.00862068965517,27.22691245614035
29638,2024-07-05 03:00:00,Asia/Bangkok,88.7060558715596,23.11711711711712,22.01801801801802,26.78819146788991
29639,2024-07-05 04:00:00,Asia/Bangkok,89.77447901785709,19.91452991452991,18.85470085470086,26.62966589285713
29640,2024-07-05 05:00:00,Asia/Bangkok,89.11668208695644,18.3448275862069,17.38793103448276,26.64497008695652
29641,2024-07-05 06:00:00,Asia/Bangkok,89.27692216216214,21.23275862068965,20.11206896551724,26.51576117117119
29642,2024-07-05 07:00:00,Asia/Bangkok,89.88322965811963,26.02564102564103,24.5,26.3933882051282
29643,2024-07-05 08:00:00,Asia/Bangkok,90.69563243478258,20.01724137931035,19.05128205128205,26.58459808695654
29644,2024-07-05 09:00:00,Asia/Bangkok,86.58068061403506,9.310344827586206,8.5,27.2215942477876
29645,2024-07-05 10:00:00,Asia/Bangkok,83.00753937500005,7.086206896551724,6.508620689655173,28.09488723214287
29646,2024-07-05 11:00:00,Asia/Bangkok,77.73591738317756,9.793103448275861,9.241379310344827,29.96099672897198
29647,2024-07-05 12:00:00,Asia/Bangkok,76.13631927927928,8.21551724137931,7.681034482758621,30.09809054054053
29648,2024-07-05 13:00:00,Asia/Bangkok,80.20164596491227,1.663793103448276,1.405172413793103,27.34422122807019
29649,2024-07-05 14:00:00,Asia/Bangkok,84.97544132743363,1.217391304347826,1.0,26.87802300884956
29650,2024-07-05 15:00:00,Asia/Bangkok,87.11394182608696,3.391304347826087,3.060869565217391,26.91476756521737
29651,2024-07-05 16:00:00,Asia/Bangkok,84.4369555172414,5.939130434782609,5.478260869565218,27.403665
29652,2024-07-05 17:00:00,Asia/Bangkok,85.51740357142857,8.730434782608695,8.078260869565218,27.36711504504503
29653,2024-07-05 18:00:00,Asia/Bangkok,86.54714999999999,10.19130434782609,9.478260869565217,27.26494270270268
29654,2024-07-05 19:00:00,Asia/Bangkok,86.08091999999999,28.85344827586207,26.32758620689655,27.2341289473684
29655,2024-07-05 20:00:00,Asia/Bangkok,86.26241467889908,26.43965517241379,22.73275862068965,27.1050586111111
29656,2024-07-05 21:00:00,Asia/Bangkok,87.25444045045045,16.98275862068965,15.11304347826087,26.82703241071431
29657,2024-07-05 22:00:00,Asia/Bangkok,88.24599000000002,20.40869565217391,18.35897435897436,26.67840035714284
29658,2024-07-05 23:00:00,Asia/Bangkok,88.57438115044255,11.08928571428571,10.15929203539823,26.31647307017544
29659,2024-07-06 00:00:00,Asia/Bangkok,88.20571593750007,7.058252427184466,6.398058252427185,26.19090673684212
29660,2024-07-06 01:00:00,Asia/Bangkok,88.15109091743119,5.706422018348624,5.293577981651376,26.17986623853211
29661,2024-07-06 02:00:00,Asia/Bangkok,89.86715594594591,9.89655172413793,9.206896551724139,26.05265651785714
29662,2024-07-06 03:00:00,Asia/Bangkok,89.97545885416672,10.26262626262626,9.565656565656566,26.05857294736843
29663,2024-07-06 04:00:00,Asia/Bangkok,90.00659282051286,10.85365853658537,10.28048780487805,25.90850233766233
29664,2024-07-06 05:00:00,Asia/Bangkok,90.33737526315791,11.60204081632653,10.85714285714286,25.7180702105263
29665,2024-07-06 06:00:00,Asia/Bangkok,90.95486458333335,12.92857142857143,12.26530612244898,25.516153125
29666,2024-07-06 07:00:00,Asia/Bangkok,91.73566705263157,13.96938775510204,13.08163265306122,25.47506442105268
29667,2024-07-06 08:00:00,Asia/Bangkok,92.00430494382022,11.56842105263158,10.54736842105263,26.09256068181818
29668,2024-07-06 09:00:00,Asia/Bangkok,85.1287688888889,6.905172413793103,6.25,27.97235112149533
29669,2024-07-06 10:00:00,Asia/Bangkok,74.66714749999998,3.561224489795918,3.23469387755102,30.25186864583334
29670,2024-07-06 11:00:00,Asia/Bangkok,69.56493575221238,2.478632478632479,2.196581196581197,31.61211203539824
29671,2024-07-06 12:00:00,Asia/Bangkok,62.19549600000001,2.415929203539823,2.017699115044248,33.29930881818181
29672,2024-07-06 13:00:00,Asia/Bangkok,60.53001973913042,5.129310344827586,4.603448275862069,34.15716339130437
29673,2024-07-06 14:00:00,Asia/Bangkok,58.58282226086958,4.594827586206897,4.384615384615385,34.99520408695652
29674,2024-07-06 15:00:00,Asia/Bangkok,57.68430684210528,5.757575757575758,5.434343434343434,34.88432063157893
29675,2024-07-06 16:00:00,Asia/Bangkok,56.01101525862068,12.89655172413793,11.42241379310345,35.06900517241377
29676,2024-07-06 17:00:00,Asia/Bangkok,57.55900422413792,21.33333333333333,18.78632478632479,34.84877599999999
29677,2024-07-06 18:00:00,Asia/Bangkok,74.02306894736842,38.61206896551724,35.02586206896552,31.05047166666668
29678,2024-07-06 19:00:00,Asia/Bangkok,77.43657780701754,11.2051282051282,10.35042735042735,29.8101057017544
29679,2024-07-06 20:00:00,Asia/Bangkok,77.08353271929825,19.22413793103448,17.19827586206896,29.79827692982456
29680,2024-07-06 21:00:00,Asia/Bangkok,80.38195701754384,42.17094017094017,35.72649572649573,29.02310719298248
29681,2024-07-06 22:00:00,Asia/Bangkok,83.50002840707964,54.63793103448276,44.83620689655172,28.46396044247786
29682,2024-07-06 23:00:00,Asia/Bangkok,85.47507123893807,32.67521367521368,29.61538461538462,28.21790938053096
29683,2024-07-07 00:00:00,Asia/Bangkok,86.80817973214285,31.64655172413793,28.87931034482759,27.91528526785716
29684,2024-07-07 01:00:00,Asia/Bangkok,87.09966767857141,42.61739130434783,36.09565217391305,27.772400625
29685,2024-07-07 02:00:00,Asia/Bangkok,86.819133063063,26.12931034482759,23.92241379310345,27.5103263063063
29686,2024-07-07 03:00:00,Asia/Bangkok,87.14004315789475,30.62608695652174,27.63478260869565,27.05793333333331
29687,2024-07-07 04:00:00,Asia/Bangkok,88.25233051724139,13.8448275862069,12.91379310344828,26.6912675
29688,2024-07-07 05:00:00,Asia/Bangkok,88.57150074074076,13.81739130434783,12.86086956521739,26.51499203703706
29689,2024-07-07 06:00:00,Asia/Bangkok,89.35706455357145,24.63793103448276,21.72413793103448,26.27570071428574
29690,2024-07-07 07:00:00,Asia/Bangkok,90.34386945454544,20.94017094017094,19.6551724137931,25.98782772727271
29691,2024-07-07 08:00:00,Asia/Bangkok,89.90642482456147,16.16521739130435,15.14655172413793,26.61580684210527
29692,2024-07-07 09:00:00,Asia/Bangkok,81.9699259649123,9.931623931623932,9.025641025641026,28.68001815789473
29693,2024-07-07 10:00:00,Asia/Bangkok,71.08178382978724,4.081632653061225,3.469387755102041,31.11806329787235
29694,2024-07-07 11:00:00,Asia/Bangkok,66.21929381443299,5.0,4.520408163265306,32.64643102040815
29695,2024-07-07 12:00:00,Asia/Bangkok,63.25451946902655,7.608695652173913,6.965217391304348,33.92925044247787
29696,2024-07-07 13:00:00,Asia/Bangkok,62.12306086956522,9.805309734513274,9.15929203539823,34.70244069565218
29697,2024-07-07 14:00:00,Asia/Bangkok,61.25232218181821,8.080357142857142,7.678571428571429,34.78214281818182
29698,2024-07-07 15:00:00,Asia/Bangkok,61.93444219298244,5.551724137931035,5.137931034482759,34.88614814159293
29699,2024-07-07 16:00:00,Asia/Bangkok,66.44336315789475,3.672413793103448,3.25,33.39338394736841
29700,2024-07-07 17:00:00,Asia/Bangkok,72.73079982758618,0.9914529914529915,0.7521367521367521,30.78103163793104
29701,2024-07-07 18:00:00,Asia/Bangkok,77.11975805309739,2.129310344827586,1.905172413793103,29.34390946428571
29702,2024-07-07 19:00:00,Asia/Bangkok,79.55009107142855,10.31896551724138,9.387931034482758,28.87560080357144
29703,2024-07-07 20:00:00,Asia/Bangkok,82.9701961607143,10.93103448275862,9.836206896551724,28.23424428571427
29704,2024-07-07 21:00:00,Asia/Bangkok,84.42633362831859,7.521739130434782,6.930434782608696,27.71258318584072
29705,2024-07-07 22:00:00,Asia/Bangkok,85.48795556521736,8.068965517241379,7.405172413793103,27.37682521739131
29706,2024-07-07 23:00:00,Asia/Bangkok,88.23665877192984,6.87719298245614,6.228070175438597,26.71948044247787
29707,2024-07-08 00:00:00,Asia/Bangkok,89.78677195652173,6.444444444444445,5.777777777777778,26.38957752688174
29708,2024-07-08 01:00:00,Asia/Bangkok,90.06507591304347,6.427350427350428,5.786324786324786,26.21010140350879
29709,2024-07-08 02:00:00,Asia/Bangkok,88.76097270270274,5.843478260869565,5.421052631578948,26.28303423423425
29710,2024-07-08 03:00:00,Asia/Bangkok,89.96629026086958,6.663793103448276,6.043478260869565,25.91264939130437
29711,2024-07-08 04:00:00,Asia/Bangkok,89.88861070175436,5.672413793103448,5.256410256410256,25.68014254385965
29712,2024-07-08 05:00:00,Asia/Bangkok,89.23168044642857,5.862068965517241,5.362068965517241,25.77752178571428
29713,2024-07-08 06:00:00,Asia/Bangkok,90.16949389473683,6.252525252525253,5.787878787878788,25.59427705263159
29714,2024-07-08 07:00:00,Asia/Bangkok,90.51678707964605,7.547008547008547,6.957264957264957,25.64653366071428
29715,2024-07-08 08:00:00,Asia/Bangkok,90.11524628318584,7.060344827586207,6.456896551724138,26.17052654867258
29716,2024-07-08 09:00:00,Asia/Bangkok,85.84651585585583,5.801724137931035,5.258620689655173,27.72366336363636
29717,2024-07-08 10:00:00,Asia/Bangkok,79.59198947368422,4.19,3.71,29.84855831578946
29718,2024-07-08 11:00:00,Asia/Bangkok,73.05585765217388,2.620689655172414,2.260869565217391,31.58646895652175
29719,2024-07-08 12:00:00,Asia/Bangkok,65.42953182608699,1.904347826086957,1.620689655172414,33.48400652173913
29720,2024-07-08 13:00:00,Asia/Bangkok,65.49591827586204,6.732758620689655,6.387931034482759,33.99801887931035
29721,2024-07-08 14:00:00,Asia/Bangkok,63.55323736842103,8.482758620689655,8.129310344827585,34.85379561403508
29722,2024-07-08 15:00:00,Asia/Bangkok,62.00721913793102,8.491379310344827,8.172413793103448,35.05015198275861
29723,2024-07-08 16:00:00,Asia/Bangkok,62.08153371681416,4.410256410256411,4.136752136752137,34.82737619469024
29724,2024-07-08 17:00:00,Asia/Bangkok,65.62821686956521,4.25,3.879310344827586,33.52401556521738
29725,2024-07-08 18:00:00,Asia/Bangkok,69.6776949107143,4.68695652173913,4.260869565217392,32.23544392857142
29726,2024-07-08 19:00:00,Asia/Bangkok,73.61524973684213,7.206896551724138,6.681034482758621,31.23109535087719
29727,2024-07-08 20:00:00,Asia/Bangkok,75.65747673684209,9.494949494949495,8.919191919191919,30.40964010416666
29728,2024-07-08 21:00:00,Asia/Bangkok,75.55178741379315,12.68965517241379,11.70689655172414,30.39341286956522
29729,2024-07-08 22:00:00,Asia/Bangkok,77.64988280701752,11.67256637168142,10.71681415929203,29.9250693859649
29730,2024-07-08 23:00:00,Asia/Bangkok,81.98324973214285,9.871794871794872,9.247863247863247,28.76020945945947
29731,2024-07-09 00:00:00,Asia/Bangkok,83.32696939130435,9.163793103448276,8.344827586206897,28.42986260869565
29732,2024-07-09 01:00:00,Asia/Bangkok,83.06378565217392,8.094827586206897,7.379310344827586,28.45008791304346
29733,2024-07-09 02:00:00,Asia/Bangkok,83.28312456140351,7.732758620689655,6.948275862068965,28.32446535087717
29734,2024-07-09 03:00:00,Asia/Bangkok,84.8191969565217,5.956896551724138,5.448275862068965,27.96675843478262
29735,2024-07-09 04:00:00,Asia/Bangkok,86.71261831858408,8.28695652173913,7.68695652173913,27.57206631578948
29736,2024-07-09 05:00:00,Asia/Bangkok,87.94248669642856,10.96551724137931,10.29310344827586,27.34939223214286
29737,2024-07-09 06:00:00,Asia/Bangkok,88.34793681034486,11.11206896551724,10.56034482758621,27.28946267241378
29738,2024-07-09 07:00:00,Asia/Bangkok,87.84726991150447,12.58620689655172,11.83620689655172,27.50046805309733
29739,2024-07-09 08:00:00,Asia/Bangkok,89.28285938053102,15.07894736842105,14.14035087719298,27.60669212389381
29740,2024-07-09 09:00:00,Asia/Bangkok,86.22359333333334,9.78448275862069,9.112068965517242,28.78371570175438
29741,2024-07-09 10:00:00,Asia/Bangkok,78.66434017543864,5.672413793103448,5.094827586206897,30.72253824561406
29742,2024-07-09 11:00:00,Asia/Bangkok,71.73358821428572,5.405172413793103,4.948275862068965,32.50927374999999
29743,2024-07-09 12:00:00,Asia/Bangkok,64.2718917699115,3.96551724137931,3.603448275862069,34.23234442477878
29744,2024-07-09 13:00:00,Asia/Bangkok,60.37701773913044,5.96551724137931,5.603448275862069,35.24235886956522
29745,2024-07-09 14:00:00,Asia/Bangkok,57.87572051724141,6.658119658119658,6.247863247863248,35.97065422413792
29746,2024-07-09 15:00:00,Asia/Bangkok,56.07239426086959,6.474137931034483,6.086206896551724,36.70897156521738
29747,2024-07-09 16:00:00,Asia/Bangkok,58.54398452173915,8.078260869565218,7.643478260869565,36.37933895652176
29748,2024-07-09 17:00:00,Asia/Bangkok,85.91541441441439,6.51304347826087,5.773913043478261,28.35347693693693
29749,2024-07-09 18:00:00,Asia/Bangkok,90.61965690265488,5.666666666666667,5.069565217391304,27.28740982300884
29750,2024-07-09 19:00:00,Asia/Bangkok,89.54457203539825,5.556521739130435,5.078260869565217,27.77041008849555
29751,2024-07-09 20:00:00,Asia/Bangkok,89.55653719298245,10.51724137931035,9.775862068965518,27.46438675438594
29752,2024-07-09 21:00:00,Asia/Bangkok,91.9991448245614,11.82608695652174,10.96521739130435,26.85567052631579
29753,2024-07-09 22:00:00,Asia/Bangkok,92.96453429824562,11.5948275862069,10.75,26.69690421052632
29754,2024-07-09 23:00:00,Asia/Bangkok,92.88977392857142,9.758620689655173,9.077586206896552,26.90783285714286
29755,2024-07-10 00:00:00,Asia/Bangkok,92.174981,11.42241379310345,10.58620689655172,26.92846290909091
29756,2024-07-10 01:00:00,Asia/Bangkok,93.84324693693691,15.00862068965517,14.05172413793103,26.48624234234236
29757,2024-07-10 02:00:00,Asia/Bangkok,94.32815421052632,13.44444444444444,12.4957264957265,26.39421745614037
29758,2024-07-10 03:00:00,Asia/Bangkok,93.81281162162169,9.71551724137931,8.974137931034482,26.12230540540541
29759,2024-07-10 04:00:00,Asia/Bangkok,93.95463482142854,8.660869565217391,8.017391304347827,25.891725
29760,2024-07-10 05:00:00,Asia/Bangkok,94.13705765217391,8.376068376068377,7.706896551724138,25.78849330434782
29761,2024-07-10 06:00:00,Asia/Bangkok,94.64276124999999,7.637931034482759,7.094827586206897,25.42372517857144
29762,2024-07-10 07:00:00,Asia/Bangkok,95.61830280701753,8.577586206896552,7.905982905982906,25.30132526315788
29763,2024-07-10 08:00:00,Asia/Bangkok,96.06201310344827,13.05172413793103,12.39655172413793,25.69094887931034
29764,2024-07-10 09:00:00,Asia/Bangkok,95.85256878260871,16.87068965517241,16.02586206896552,26.47878217391304
29765,2024-07-10 10:00:00,Asia/Bangkok,91.43847398230089,10.2,9.547826086956523,27.91599973451328
29766,2024-07-10 11:00:00,Asia/Bangkok,83.37891955357148,7.068376068376068,6.606837606837606,30.04951946428573
29767,2024-07-10 12:00:00,Asia/Bangkok,76.31212175438596,5.353448275862069,5.068965517241379,32.17097947368423
29768,2024-07-10 13:00:00,Asia/Bangkok,71.3429513793104,6.344827586206897,6.025862068965517,33.4846703448276
29769,2024-07-10 14:00:00,Asia/Bangkok,68.7431009090909,6.572649572649572,6.213675213675214,34.05775618181816
29770,2024-07-10 15:00:00,Asia/Bangkok,69.9157324778761,4.316239316239316,4.025641025641026,33.3255438938053
29771,2024-07-10 16:00:00,Asia/Bangkok,72.7764070642202,2.879310344827586,2.698275862068965,32.13034620370369
29772,2024-07-10 17:00:00,Asia/Bangkok,77.75729452173911,5.241379310344827,4.870689655172414,30.29349713043478
29773,2024-07-10 18:00:00,Asia/Bangkok,79.53043399999997,2.991379310344827,2.629310344827586,29.25033560344831
29774,2024-07-10 19:00:00,Asia/Bangkok,82.63790370689654,4.094017094017094,3.700854700854701,28.39849217391303
29775,2024-07-10 20:00:00,Asia/Bangkok,84.7935828947368,5.043103448275862,4.568965517241379,27.89974324561404
29776,2024-07-10 21:00:00,Asia/Bangkok,86.01517429824563,3.629310344827586,3.224137931034483,27.47785552631578
29777,2024-07-10 22:00:00,Asia/Bangkok,87.05593252173915,3.603448275862069,3.155172413793104,27.38560469565217
29778,2024-07-10 23:00:00,Asia/Bangkok,88.20455284403668,5.913043478260869,5.408695652173913,27.29138752293577
29779,2024-07-11 00:00:00,Asia/Bangkok,89.38197566371683,4.623931623931623,4.239316239316239,27.02561053571428
29780,2024-07-11 01:00:00,Asia/Bangkok,89.58728486486488,4.773913043478261,4.182608695652174,26.96324531531529
29781,2024-07-11 02:00:00,Asia/Bangkok,90.30374640350878,4.275862068965517,3.732758620689655,26.89085254385968
29782,2024-07-11 03:00:00,Asia/Bangkok,89.2479189908257,4.008695652173913,3.608695652173913,26.98292706422019
29783,2024-07-11 04:00:00,Asia/Bangkok,89.59432079646018,2.869565217391304,2.452173913043478,26.81268424778765
29784,2024-07-11 05:00:00,Asia/Bangkok,90.27397763157899,2.793103448275862,2.439655172413793,26.58952121739131
29785,2024-07-11 06:00:00,Asia/Bangkok,91.22819654867254,2.896551724137931,2.560344827586207,26.27987437499998
29786,2024-07-11 07:00:00,Asia/Bangkok,92.14285060869565,4.560344827586207,4.051724137931035,26.24732482456141
29787,2024-07-11 08:00:00,Asia/Bangkok,91.98687298245615,5.295652173913044,4.721739130434782,26.58587053097347
29788,2024-07-11 09:00:00,Asia/Bangkok,88.41536441441443,5.267241379310345,4.818965517241379,27.74016666666665
29789,2024-07-11 10:00:00,Asia/Bangkok,76.02264840707964,2.922413793103448,2.586206896551724,30.60974062499998
29790,2024-07-11 11:00:00,Asia/Bangkok,69.21638307017541,2.504273504273504,2.170940170940171,32.45009894736842
29791,2024-07-11 12:00:00,Asia/Bangkok,68.80490203539821,3.318965517241379,3.03448275862069,32.51749477876108
29792,2024-07-11 13:00:00,Asia/Bangkok,67.9541232743363,4.586206896551724,4.293103448275862,33.31313619469027
29793,2024-07-11 14:00:00,Asia/Bangkok,66.60522872727275,4.844827586206897,4.474137931034483,33.93021109090908
29794,2024-07-11 15:00:00,Asia/Bangkok,69.1771369298246,3.129310344827586,2.862068965517242,32.51671548672567
29795,2024-07-11 16:00:00,Asia/Bangkok,74.5020082727273,0.7241379310344828,0.5517241379310345,29.72424918181817
29796,2024-07-11 17:00:00,Asia/Bangkok,76.57509256410258,1.247863247863248,0.9914529914529915,29.38228341880344
29797,2024-07-11 18:00:00,Asia/Bangkok,78.09506269565217,1.11304347826087,0.8521739130434782,28.55571660869565
29798,2024-07-11 19:00:00,Asia/Bangkok,78.73568080357147,4.258620689655173,3.698275862068965,28.43158892857144
29799,2024-07-11 20:00:00,Asia/Bangkok,82.67784068376068,101.4188034188034,88.76724137931035,27.73921051282051
29800,2024-07-11 21:00:00,Asia/Bangkok,86.52299409090905,10.89655172413793,9.854700854700855,26.94528645454544
29801,2024-07-11 22:00:00,Asia/Bangkok,87.58835096491225,11.16379310344828,10.12068965517241,26.63782929824561
29802,2024-07-11 23:00:00,Asia/Bangkok,88.83859714285714,6.991452991452991,6.427350427350428,26.30028401785717
29803,2024-07-12 00:00:00,Asia/Bangkok,89.81814973684207,3.637931034482758,3.25,25.97792675438599
29804,2024-07-12 01:00:00,Asia/Bangkok,89.6477454054054,2.646551724137931,2.344827586206896,25.92066252252253
29805,2024-07-12 02:00:00,Asia/Bangkok,90.40013982758624,2.068376068376069,1.743589743589744,25.75697267241375
29806,2024-07-12 03:00:00,Asia/Bangkok,91.1602254310345,2.793103448275862,2.413793103448276,25.68400077586205
29807,2024-07-12 04:00:00,Asia/Bangkok,91.90514345132738,3.435897435897436,3.042735042735043,25.77775539823013
29808,2024-07-12 05:00:00,Asia/Bangkok,92.07069469565218,6.206896551724138,5.629310344827586,25.70613243478262
29809,2024-07-12 06:00:00,Asia/Bangkok,91.8605197391304,3.905172413793104,3.525862068965517,25.60291643478258
29810,2024-07-12 07:00:00,Asia/Bangkok,92.01787079646016,5.48695652173913,4.860869565217391,25.65555752212387
29811,2024-07-12 08:00:00,Asia/Bangkok,92.14347850877192,7.008547008547009,6.376068376068377,26.19508973684212
29812,2024-07-12 09:00:00,Asia/Bangkok,89.88021646017704,4.629310344827586,4.120689655172414,27.50599831858406
29813,2024-07-12 10:00:00,Asia/Bangkok,81.38237221238934,2.094827586206896,1.594827586206897,29.90917504424779
29814,2024-07-12 11:00:00,Asia/Bangkok,76.41703178571429,1.273504273504273,0.9658119658119658,30.67266089285716
29815,2024-07-12 12:00:00,Asia/Bangkok,78.78923631578951,0.7241379310344828,0.5,28.55472271929824
29816,2024-07-12 13:00:00,Asia/Bangkok,73.81562301724136,0.5517241379310345,0.3793103448275862,30.0513649137931
29817,2024-07-12 14:00:00,Asia/Bangkok,73.20515805309732,1.258620689655172,0.896551724137931,30.70646725663718
29818,2024-07-12 15:00:00,Asia/Bangkok,73.39020728070174,20.56521739130435,18.12173913043478,30.74505035087721
29819,2024-07-12 16:00:00,Asia/Bangkok,77.77867429824563,2.931034482758621,2.448275862068965,29.95131053097345
29820,2024-07-12 17:00:00,Asia/Bangkok,86.1460631858407,1.026086956521739,0.8260869565217391,26.97513105263159
29821,2024-07-12 18:00:00,Asia/Bangkok,90.3723939130435,4.474137931034483,3.974137931034483,26.37547850877193
29822,2024-07-12 19:00:00,Asia/Bangkok,91.8800659090909,3.580357142857143,3.142857142857143,25.686158
29823,2024-07-12 20:00:00,Asia/Bangkok,92.00203627118641,6.333333333333333,5.783333333333333,25.71854932203388
29824,2024-07-12 21:00:00,Asia/Bangkok,92.69656556521743,8.017094017094017,7.410256410256411,25.60967452173918
29825,2024-07-12 22:00:00,Asia/Bangkok,92.10625909090909,5.669565217391304,5.156521739130435,25.67812236363635
29826,2024-07-12 23:00:00,Asia/Bangkok,92.1503732173913,5.318965517241379,4.78448275862069,25.55898226086959
29827,2024-07-13 00:00:00,Asia/Bangkok,92.47871946902657,5.273504273504273,4.70940170940171,25.48809378378378
29828,2024-07-13 01:00:00,Asia/Bangkok,92.94570027027027,5.577586206896552,4.939655172413793,25.51188522522525
29829,2024-07-13 02:00:00,Asia/Bangkok,93.23342844827597,6.344827586206897,5.844827586206897,25.42400870689653
29830,2024-07-13 03:00:00,Asia/Bangkok,94.23665350877191,6.247863247863248,5.666666666666667,25.20095289473685
29831,2024-07-13 04:00:00,Asia/Bangkok,94.2811272413793,6.112068965517241,5.551724137931035,25.33075560344829
29832,2024-07-13 05:00:00,Asia/Bangkok,94.29778228070177,7.347826086956522,6.629310344827586,25.40945192982453
29833,2024-07-13 06:00:00,Asia/Bangkok,94.69826629310344,10.19827586206897,9.413793103448276,25.40644362068966
29834,2024-07-13 07:00:00,Asia/Bangkok,94.82037810344829,6.120689655172414,5.370689655172414,25.41592818965517
29835,2024-07-13 08:00:00,Asia/Bangkok,94.52296686956521,26.74358974358974,21.73504273504274,26.02893686956521
29836,2024-07-13 09:00:00,Asia/Bangkok,89.58848646017702,4.525862068965517,3.956896551724138,27.9219315044248
29837,2024-07-13 10:00:00,Asia/Bangkok,81.34303103448275,3.353448275862069,2.758620689655173,30.18055295652174
29838,2024-07-13 11:00:00,Asia/Bangkok,78.11619009090906,19.29203539823009,16.6283185840708,30.69340836363637
29839,2024-07-13 12:00:00,Asia/Bangkok,77.28995669642859,8.931623931623932,7.957264957264957,31.33914598214284
29840,2024-07-13 13:00:00,Asia/Bangkok,78.35513176991152,5.103448275862069,4.53448275862069,31.2957356637168
29841,2024-07-13 14:00:00,Asia/Bangkok,75.01561387931034,4.448275862068965,3.96551724137931,32.07482836206898
29842,2024-07-13 15:00:00,Asia/Bangkok,69.97145269565216,4.572649572649572,4.025641025641026,33.18086695652174
29843,2024-07-13 16:00:00,Asia/Bangkok,69.2919887826087,5.025862068965517,4.568965517241379,32.94557626086957
29844,2024-07-13 17:00:00,Asia/Bangkok,68.12110649122805,4.75,4.353448275862069,32.83373850877192
29845,2024-07-13 18:00:00,Asia/Bangkok,64.53468736842105,4.442477876106195,3.831858407079646,32.11616692982457
29846,2024-07-13 19:00:00,Asia/Bangkok,69.35202807017544,30.23076923076923,25.23931623931624,31.45732307017544
29847,2024-07-13 20:00:00,Asia/Bangkok,71.0051038938053,30.18103448275862,27.01724137931035,30.75035230088497
29848,2024-07-13 21:00:00,Asia/Bangkok,73.60081115044245,16.68965517241379,15.49137931034483,30.22904274336284
29849,2024-07-13 22:00:00,Asia/Bangkok,77.67669394736843,7.724137931034483,6.991379310344827,28.37298044247789
29850,2024-07-13 23:00:00,Asia/Bangkok,84.36238103092784,3.79,3.252525252525253,26.31482360824742
29851,2024-07-14 00:00:00,Asia/Bangkok,86.82271990990992,3.643478260869565,3.147826086956522,26.07727225225226
29852,2024-07-14 01:00:00,Asia/Bangkok,88.52199182608695,3.887931034482758,3.379310344827586,25.69377730434784
29853,2024-07-14 02:00:00,Asia/Bangkok,89.09732560344828,9.568965517241379,8.543103448275861,25.62078499999999
29854,2024-07-14 03:00:00,Asia/Bangkok,89.6331544736842,6.603448275862069,5.896551724137931,25.71703473684208
29855,2024-07-14 04:00:00,Asia/Bangkok,90.83442666666667,7.189655172413793,6.482758620689655,25.52364175438598
29856,2024-07-14 05:00:00,Asia/Bangkok,90.71106875000001,7.275862068965517,6.508620689655173,25.35012392857143
29857,2024-07-14 06:00:00,Asia/Bangkok,90.44647459459459,6.939655172413793,6.25,25.04397459459458
29858,2024-07-14 07:00:00,Asia/Bangkok,91.27153463636367,6.069565217391304,5.495652173913044,24.79460045454546
29859,2024-07-14 08:00:00,Asia/Bangkok,91.23224469387758,6.438775510204081,5.826530612244898,25.38986857142858
29860,2024-07-14 09:00:00,Asia/Bangkok,87.63523912280701,5.568965517241379,5.0,27.67913745614035
29861,2024-07-14 10:00:00,Asia/Bangkok,82.8450055172414,4.982758620689655,4.456896551724138,29.29395603448275
29862,2024-07-14 11:00:00,Asia/Bangkok,77.80078640350878,4.870689655172414,4.172413793103448,30.95279385964912
29863,2024-07-14 12:00:00,Asia/Bangkok,72.13040513043475,5.491379310344827,4.896551724137931,32.75074666666668
29864,2024-07-14 13:00:00,Asia/Bangkok,84.57949151785714,1.333333333333333,1.06140350877193,27.19171991071427
29865,2024-07-14 14:00:00,Asia/Bangkok,90.71560870689655,0.353448275862069,0.1724137931034483,25.65957448275862
29866,2024-07-14 15:00:00,Asia/Bangkok,90.87255626086956,0.4827586206896552,0.3103448275862069,25.90107333333334
29867,2024-07-14 16:00:00,Asia/Bangkok,89.07825713043479,0.9655172413793104,0.6724137931034483,26.12743521739132
29868,2024-07-14 17:00:00,Asia/Bangkok,89.80106886956523,1.626086956521739,1.139130434782609,26.09448365217392
29869,2024-07-14 18:00:00,Asia/Bangkok,90.64697366972477,2.206896551724138,1.71551724137931,26.02738880733947
29870,2024-07-14 19:00:00,Asia/Bangkok,91.01761578947368,3.491379310344827,2.775862068965517,25.96846219298246
29871,2024-07-14 20:00:00,Asia/Bangkok,90.01692891891895,3.2,2.443478260869565,26.0961565765766
29872,2024-07-14 21:00:00,Asia/Bangkok,89.18935719298248,3.120689655172414,2.301724137931035,26.19396201754386
29873,2024-07-14 22:00:00,Asia/Bangkok,88.90198654545453,2.206896551724138,1.508620689655172,26.28277872727272
29874,2024-07-14 23:00:00,Asia/Bangkok,92.1673455652174,2.379310344827586,1.775862068965517,26.00833999999999
29875,2024-07-15 00:00:00,Asia/Bangkok,93.93921250000001,2.827586206896552,2.336206896551724,25.59677214285714
29876,2024-07-15 01:00:00,Asia/Bangkok,94.8806524561404,3.025641025641026,2.350427350427351,25.22334745614035
29877,2024-07-15 02:00:00,Asia/Bangkok,95.26919,2.431034482758621,1.862068965517241,24.96187758620689
29878,2024-07-15 03:00:00,Asia/Bangkok,95.72668327586209,5.008620689655173,4.310344827586207,25.08130543103448
29879,2024-07-15 04:00:00,Asia/Bangkok,94.98269017241381,4.939655172413793,4.189655172413793,25.06422603448274
29880,2024-07-15 05:00:00,Asia/Bangkok,94.42148713043477,4.582608695652174,3.8,24.94530232758622
29881,2024-07-15 06:00:00,Asia/Bangkok,93.80013364485984,4.258620689655173,3.456896551724138,25.01841104761906
29882,2024-07-15 07:00:00,Asia/Bangkok,91.98119279279277,4.761061946902655,3.938053097345133,25.1688325225225
29883,2024-07-15 08:00:00,Asia/Bangkok,90.42282800000002,4.230769230769231,3.555555555555555,25.82049846153848
29884,2024-07-15 09:00:00,Asia/Bangkok,88.70540517543863,4.362068965517241,3.560344827586207,27.03531203539821
29885,2024-07-15 10:00:00,Asia/Bangkok,83.05125578947369,4.521739130434782,3.929824561403509,29.07421894736842
29886,2024-07-15 11:00:00,Asia/Bangkok,75.02249312499998,3.060344827586207,2.310344827586207,31.19461339285712
29887,2024-07-15 12:00:00,Asia/Bangkok,70.46935026548672,3.922413793103448,3.232758620689655,32.91714690265488
29888,2024-07-15 13:00:00,Asia/Bangkok,67.81281740740742,4.560344827586207,3.913793103448276,33.70203407407408
29889,2024-07-15 14:00:00,Asia/Bangkok,65.93043209090912,5.068965517241379,4.413793103448276,34.15301536363635
29890,2024-07-15 15:00:00,Asia/Bangkok,72.41422295652175,4.698275862068965,4.137931034482759,32.24539139130433
29891,2024-07-15 16:00:00,Asia/Bangkok,75.41348500000001,7.188034188034188,6.452991452991453,31.93386131578947
29892,2024-07-15 17:00:00,Asia/Bangkok,74.97215226086958,6.422413793103448,5.793103448275862,31.92762347826087
29893,2024-07-15 18:00:00,Asia/Bangkok,79.47982929203539,7.327586206896552,6.577586206896552,30.6190311504425
29894,2024-07-15 19:00:00,Asia/Bangkok,83.0197603478261,13.51304347826087,12.41739130434783,29.5842576521739
29895,2024-07-15 20:00:00,Asia/Bangkok,84.85461789473682,15.12068965517241,13.93103448275862,29.04072157894737
29896,2024-07-15 21:00:00,Asia/Bangkok,86.11474683760682,20.68376068376068,18.35042735042735,28.833155982906
29897,2024-07-15 22:00:00,Asia/Bangkok,87.72782834862386,13.46902654867257,12.28318584070797,28.41388064220182
29898,2024-07-15 23:00:00,Asia/Bangkok,89.16587797979803,11.69306930693069,10.82178217821782,28.03518173469388
29899,2024-07-16 00:00:00,Asia/Bangkok,90.22127427350424,11.1965811965812,10.12820512820513,27.65288336206897
29900,2024-07-16 01:00:00,Asia/Bangkok,89.89370833333332,10.02608695652174,8.956521739130435,27.58398877192984
29901,2024-07-16 02:00:00,Asia/Bangkok,89.15593991379303,8.239316239316238,7.495726495726496,27.62161443478264
29902,2024-07-16 03:00:00,Asia/Bangkok,89.82850062499999,8.689655172413794,8.03448275862069,27.46614410714287
29903,2024-07-16 04:00:00,Asia/Bangkok,90.4665024107143,9.96551724137931,9.10344827586207,27.27976892857141
29904,2024-07-16 05:00:00,Asia/Bangkok,90.4057678070175,7.922413793103448,7.206896551724138,27.09915973451327
29905,2024-07-16 06:00:00,Asia/Bangkok,90.84979567567575,9.258620689655173,8.508620689655173,27.02538387387388
29906,2024-07-16 07:00:00,Asia/Bangkok,92.54403566371684,14.20689655172414,12.87068965517241,26.6366773214286
29907,2024-07-16 08:00:00,Asia/Bangkok,91.47487989795918,12.1010101010101,11.11111111111111,27.17629122448978
29908,2024-07-16 09:00:00,Asia/Bangkok,89.14090339285713,9.513043478260869,8.743589743589743,28.19955526785714
29909,2024-07-16 10:00:00,Asia/Bangkok,83.08283991304347,5.370689655172414,4.78448275862069,29.97976782608697
29910,2024-07-16 11:00:00,Asia/Bangkok,80.72564225225224,6.206896551724138,5.413793103448276,30.69222738738738
29911,2024-07-16 12:00:00,Asia/Bangkok,78.09362185840706,8.112068965517242,7.241379310344827,31.50194151785715
29912,2024-07-16 13:00:00,Asia/Bangkok,75.62651,6.182608695652174,5.434782608695652,32.22382543859649
29913,2024-07-16 14:00:00,Asia/Bangkok,84.22081063063064,4.104347826086957,3.478260869565217,28.93834990990991
29914,2024-07-16 15:00:00,Asia/Bangkok,85.71861767857146,4.793103448275862,4.181034482758621,28.72484234234231
29915,2024-07-16 16:00:00,Asia/Bangkok,83.45198311926603,4.353448275862069,3.801724137931035,28.559843853211
29916,2024-07-16 17:00:00,Asia/Bangkok,83.30707372727272,4.267241379310345,3.75,28.96157854545457
29917,2024-07-16 18:00:00,Asia/Bangkok,85.25977292035401,6.767241379310345,6.094827586206897,28.84648026548675
29918,2024-07-16 19:00:00,Asia/Bangkok,86.63137318965514,48.11206896551724,40.25,28.44693387931033
29919,2024-07-16 20:00:00,Asia/Bangkok,88.12946884955757,9.71304347826087,8.878260869565217,28.10518823008848
29920,2024-07-16 21:00:00,Asia/Bangkok,89.76394646551732,11.31034482758621,10.35344827586207,27.98107775862066
29921,2024-07-16 22:00:00,Asia/Bangkok,88.93882745614033,11.09565217391304,10.28695652173913,28.18154417391307
29922,2024-07-16 23:00:00,Asia/Bangkok,89.85837157894744,12.46551724137931,11.55172413793103,27.90510707964604
29923,2024-07-17 00:00:00,Asia/Bangkok,91.18688578947372,12.00854700854701,11.09401709401709,27.55873763157896
29924,2024-07-17 01:00:00,Asia/Bangkok,91.25229850877194,12.53448275862069,11.70689655172414,27.55406398230092
29925,2024-07-17 02:00:00,Asia/Bangkok,91.84056589285713,12.88793103448276,11.88793103448276,27.59763500000003
29926,2024-07-17 03:00:00,Asia/Bangkok,93.42587442477884,13.93103448275862,12.96551724137931,27.39833380530974
29927,2024-07-17 04:00:00,Asia/Bangkok,94.53345403508773,14.51282051282051,13.69230769230769,27.11119771929825
29928,2024-07-17 05:00:00,Asia/Bangkok,93.95885094827584,6.482758620689655,5.922413793103448,25.98597474137931
29929,2024-07-17 06:00:00,Asia/Bangkok,93.7755166666666,0.4521739130434783,0.3362068965517241,25.12071675675676
29930,2024-07-17 07:00:00,Asia/Bangkok,92.71544956140356,0.1896551724137931,0.03448275862068965,24.97224192982457
29931,2024-07-17 08:00:00,Asia/Bangkok,91.93221243243246,1.208695652173913,1.026086956521739,24.84003909909911
29932,2024-07-17 09:00:00,Asia/Bangkok,91.37209219298252,0.5775862068965517,0.3793103448275862,24.85814321739133
29933,2024-07-17 10:00:00,Asia/Bangkok,88.70708939130428,0.7606837606837606,0.4786324786324787,25.2678299122807
29934,2024-07-17 11:00:00,Asia/Bangkok,88.07170910714288,1.104347826086957,0.7304347826086957,25.8810181081081
29935,2024-07-17 12:00:00,Asia/Bangkok,86.71017587155964,1.182608695652174,0.8434782608695652,26.47859712962965
29936,2024-07-17 13:00:00,Asia/Bangkok,86.46542210526317,1.577586206896552,1.301724137931034,26.70542868421051
29937,2024-07-17 14:00:00,Asia/Bangkok,83.46170775862068,1.094017094017094,0.8290598290598291,27.38916232758619
29938,2024-07-17 15:00:00,Asia/Bangkok,82.17447654867256,2.701754385964912,2.263157894736842,27.89017274336281
29939,2024-07-17 16:00:00,Asia/Bangkok,84.12871719298246,3.495726495726496,3.153846153846154,27.84350385964912
29940,2024-07-17 17:00:00,Asia/Bangkok,84.19453017699112,2.603448275862069,2.224137931034483,27.62907159292036
29941,2024-07-17 18:00:00,Asia/Bangkok,84.42115991150439,4.060869565217391,3.547826086956522,27.23981256637172
29942,2024-07-17 19:00:00,Asia/Bangkok,86.06736315789479,4.71551724137931,4.111111111111111,26.97089026315793
29943,2024-07-17 20:00:00,Asia/Bangkok,86.79472194690264,4.643478260869565,4.008620689655173,26.81646513274339
29944,2024-07-17 21:00:00,Asia/Bangkok,87.5754206896552,5.085470085470085,4.547008547008547,26.66758077586208
29945,2024-07-17 22:00:00,Asia/Bangkok,87.48579482456141,3.655172413793104,3.120689655172414,26.58924666666667
29946,2024-07-17 23:00:00,Asia/Bangkok,90.96366232142861,6.172413793103448,5.586206896551724,26.05184732142856
29947,2024-07-18 00:00:00,Asia/Bangkok,92.02709608695655,6.880341880341881,6.205128205128205,25.66869886956523
29948,2024-07-18 01:00:00,Asia/Bangkok,93.00739342105267,5.913793103448276,5.301724137931035,25.33667324561404
29949,2024-07-18 02:00:00,Asia/Bangkok,94.31778061403504,5.543103448275862,4.931034482758621,24.93267798245613
29950,2024-07-18 03:00:00,Asia/Bangkok,94.2939831818182,5.603448275862069,4.853448275862069,24.8860950909091
29951,2024-07-18 04:00:00,Asia/Bangkok,93.00530518181822,5.704347826086956,5.156521739130435,25.20725733944952
29952,2024-07-18 05:00:00,Asia/Bangkok,92.42602699115045,5.443478260869565,4.860869565217391,25.32216619469027
29953,2024-07-18 06:00:00,Asia/Bangkok,93.67745939130442,6.172413793103448,5.543103448275862,25.04630052173915
29954,2024-07-18 07:00:00,Asia/Bangkok,94.44634810810808,10.37931034482759,9.620689655172415,25.09634801801802
29955,2024-07-18 08:00:00,Asia/Bangkok,95.03838228070174,11.77391304347826,10.9304347826087,25.99170035087719
29956,2024-07-18 09:00:00,Asia/Bangkok,89.57554890909091,8.043103448275861,7.405172413793103,28.07745709090909
29957,2024-07-18 10:00:00,Asia/Bangkok,85.47314368421054,8.905172413793103,8.198275862068966,29.52177956140352
29958,2024-07-18 11:00:00,Asia/Bangkok,78.7333510714286,11.35344827586207,10.54310344827586,31.61869580357142
29959,2024-07-18 12:00:00,Asia/Bangkok,69.15398192982452,12.67241379310345,11.98275862068965,33.2526389380531
29960,2024-07-18 13:00:00,Asia/Bangkok,66.19731470085469,12.76724137931035,11.92241379310345,34.02411555555557
29961,2024-07-18 14:00:00,Asia/Bangkok,79.6552378448276,14.51724137931035,13.71551724137931,31.01364948275865
29962,2024-07-18 15:00:00,Asia/Bangkok,80.96089955752217,13.76068376068376,12.90598290598291,31.1780995575221
29963,2024-07-18 16:00:00,Asia/Bangkok,78.93105886956519,14.51724137931035,13.6551724137931,31.29923495652175
29964,2024-07-18 17:00:00,Asia/Bangkok,86.89298131578948,17.09565217391305,16.03478260869565,29.93549482456139
29965,2024-07-18 18:00:00,Asia/Bangkok,84.65876422413791,17.26495726495726,16.1025641025641,30.19346465517242
29966,2024-07-18 19:00:00,Asia/Bangkok,88.51287530434782,23.95689655172414,22.46086956521739,29.5288772173913
29967,2024-07-18 20:00:00,Asia/Bangkok,90.67381946428574,36.83478260869565,31.98260869565217,28.43845357142858
29968,2024-07-18 21:00:00,Asia/Bangkok,90.92910721739125,43.84615384615385,36.92307692307692,28.57250495652175
29969,2024-07-18 22:00:00,Asia/Bangkok,91.7308884684685,34.27586206896552,30.85344827586207,28.40053027027029
29970,2024-07-18 23:00:00,Asia/Bangkok,92.39251597701148,31.23863636363636,28.55681818181818,28.03859159090911
29971,2024-07-19 00:00:00,Asia/Bangkok,92.78565810810817,44.94827586206897,37.73275862068966,27.80384954954955
29972,2024-07-19 01:00:00,Asia/Bangkok,93.25536710526322,45.42735042735043,37.9059829059829,27.70881754385966
29973,2024-07-19 02:00:00,Asia/Bangkok,94.1681197368421,51.80172413793103,42.81034482758621,27.54420902654869
29974,2024-07-19 03:00:00,Asia/Bangkok,94.1632652586207,53.54385964912281,44.09649122807018,27.61266500000004
29975,2024-07-19 04:00:00,Asia/Bangkok,94.09213948275863,56.46551724137931,46.28448275862069,27.53778808695651
29976,2024-07-19 05:00:00,Asia/Bangkok,94.62571721739133,59.56410256410256,48.16239316239317,27.39118894736838
29977,2024-07-19 06:00:00,Asia/Bangkok,94.56706561403504,50.71551724137931,41.92241379310344,27.36155745614032
29978,2024-07-19 07:00:00,Asia/Bangkok,94.75114852173911,49.20689655172414,40.8448275862069,27.26761799999998
29979,2024-07-19 08:00:00,Asia/Bangkok,95.76282095652176,41.83620689655172,35.94827586206897,27.75478139130432
29980,2024-07-19 09:00:00,Asia/Bangkok,90.75010017241378,24.67241379310345,22.95689655172414,29.33840217391304
29981,2024-07-19 10:00:00,Asia/Bangkok,82.21142750000001,16.87068965517241,15.66379310344828,30.70732714285714
29982,2024-07-19 11:00:00,Asia/Bangkok,75.99896108108106,13.56034482758621,12.70689655172414,32.1747636036036
29983,2024-07-19 12:00:00,Asia/Bangkok,70.66375500000002,14.87068965517241,14.03448275862069,33.31658
29984,2024-07-19 13:00:00,Asia/Bangkok,68.25329771929825,14.43589743589744,13.55555555555556,34.09474289473683
29985,2024-07-19 14:00:00,Asia/Bangkok,65.43617225225223,13.90350877192983,13.00877192982456,34.57007118181817
29986,2024-07-19 15:00:00,Asia/Bangkok,61.9916238596491,9.826086956521738,9.182608695652174,35.17749131578949
29987,2024-07-19 16:00:00,Asia/Bangkok,61.06809172413791,8.456896551724139,7.879310344827586,35.22673191304348
29988,2024-07-19 17:00:00,Asia/Bangkok,64.53049678260872,10.25862068965517,9.482758620689655,33.77718678260868
29989,2024-07-19 18:00:00,Asia/Bangkok,68.4776455263158,10.39130434782609,9.556521739130435,32.38017894736841
29990,2024-07-19 19:00:00,Asia/Bangkok,72.40959703703707,14.5982905982906,12.98275862068965,31.84751564814814
29991,2024-07-19 20:00:00,Asia/Bangkok,79.50279964601772,94.5,83.0,30.6637907079646
29992,2024-07-19 21:00:00,Asia/Bangkok,82.79348587719302,76.11965811965813,64.05128205128206,30.20353210526316
29993,2024-07-19 22:00:00,Asia/Bangkok,85.16698761061946,57.12068965517241,45.89655172413793,29.62061407079649
29994,2024-07-19 23:00:00,Asia/Bangkok,85.9597719298246,38.30973451327434,33.19469026548673,29.37345921052629
29995,2024-07-20 00:00:00,Asia/Bangkok,88.05449582608692,32.73275862068966,29.32758620689655,28.91923165217393
29996,2024-07-20 01:00:00,Asia/Bangkok,89.89693637931035,34.64655172413793,30.56896551724138,28.50630556521737
29997,2024-07-20 02:00:00,Asia/Bangkok,91.62759827586208,30.97368421052632,28.6140350877193,28.18005508771927
29998,2024-07-20 03:00:00,Asia/Bangkok,90.78229786324786,26.02564102564103,24.52586206896552,28.29673478632477
29999,2024-07-20 04:00:00,Asia/Bangkok,90.55984672413793,27.04310344827586,25.13675213675214,28.30609387931033
30000,2024-07-20 05:00:00,Asia/Bangkok,90.52770535087717,26.46551724137931,24.85344827586207,28.28251114035088
30001,2024-07-20 06:00:00,Asia/Bangkok,91.31782681034488,25.82051282051282,24.39316239316239,28.15110034482758
30002,2024-07-20 07:00:00,Asia/Bangkok,92.66938043478265,27.63793103448276,26.10344827586207,27.72828869565219
30003,2024-07-20 08:00:00,Asia/Bangkok,93.73526089285716,32.33620689655172,29.78448275862069,27.54601785714285
30004,2024-07-20 09:00:00,Asia/Bangkok,92.29758544642854,32.38793103448276,29.66379310344828,28.20637437500003
30005,2024-07-20 10:00:00,Asia/Bangkok,85.01350443478262,25.64655172413793,24.22413793103448,29.98961347826087
30006,2024-07-20 11:00:00,Asia/Bangkok,80.53939366071427,23.73275862068965,22.36206896551724,30.97402553571427
30007,2024-07-20 12:00:00,Asia/Bangkok,77.15351707964605,22.88034188034188,21.50427350427351,31.84149920353982
30008,2024-07-20 13:00:00,Asia/Bangkok,73.22718921052632,22.19827586206896,20.97413793103448,32.68644719298245
30009,2024-07-20 14:00:00,Asia/Bangkok,73.8516810619469,24.49137931034483,23.08620689655172,32.79828168141592
30010,2024-07-20 15:00:00,Asia/Bangkok,76.60247973913044,24.78632478632479,23.28205128205128,32.43421765217392
30011,2024-07-20 16:00:00,Asia/Bangkok,76.27934131578945,30.3448275862069,27.57758620689655,32.61561377192984
30012,2024-07-20 17:00:00,Asia/Bangkok,76.02613904347827,25.37068965517241,23.80172413793104,32.45560130434785
30013,2024-07-20 18:00:00,Asia/Bangkok,81.41453810344825,27.13793103448276,25.46551724137931,30.64231156521738
30014,2024-07-20 19:00:00,Asia/Bangkok,85.561285,19.12931034482759,17.81896551724138,27.95945052631578
30015,2024-07-20 20:00:00,Asia/Bangkok,89.1651625263158,22.83838383838384,20.70707070707071,27.08819757894736
30016,2024-07-20 21:00:00,Asia/Bangkok,89.78273633928575,11.63247863247863,10.94017094017094,26.3214792857143
30017,2024-07-20 22:00:00,Asia/Bangkok,91.76258945945943,12.6551724137931,11.75862068965517,26.64230432432434
30018,2024-07-20 23:00:00,Asia/Bangkok,92.69417869565221,22.91304347826087,21.69827586206896,26.55547747826085
30019,2024-07-21 00:00:00,Asia/Bangkok,91.5505114159292,22.81196581196581,21.49572649572649,26.74403495575223
30020,2024-07-21 01:00:00,Asia/Bangkok,91.33546491071425,19.50877192982456,18.32456140350877,26.72699787610617
30021,2024-07-21 02:00:00,Asia/Bangkok,91.9487354310345,20.05172413793104,18.87931034482759,26.63608931034482
30022,2024-07-21 03:00:00,Asia/Bangkok,92.44947236842107,19.76521739130435,18.60869565217391,26.66638377192983
30023,2024-07-21 04:00:00,Asia/Bangkok,92.83387191304345,21.95652173913043,20.60869565217391,26.50810350877193
30024,2024-07-21 05:00:00,Asia/Bangkok,93.49522747826089,19.54867256637168,18.4070796460177,26.35015605263157
30025,2024-07-21 06:00:00,Asia/Bangkok,94.03391159292038,20.28205128205128,18.88034188034188,25.92178380530973
30026,2024-07-21 07:00:00,Asia/Bangkok,94.28729194690264,23.08620689655172,21.69827586206896,25.93825522123895
30027,2024-07-21 08:00:00,Asia/Bangkok,94.81988637168146,25.0948275862069,23.64655172413793,26.01538690265486
30028,2024-07-21 09:00:00,Asia/Bangkok,94.21743387931036,25.82051282051282,24.27350427350427,26.74087129310345
30029,2024-07-21 10:00:00,Asia/Bangkok,91.4952681415929,28.70689655172414,26.96551724137931,27.74853285714286
30030,2024-07-21 11:00:00,Asia/Bangkok,88.24000675438597,23.09565217391305,21.65217391304348,28.21182000000001
30031,2024-07-21 12:00:00,Asia/Bangkok,82.63832482456137,17.93103448275862,16.78448275862069,29.96289894736842
30032,2024-07-21 13:00:00,Asia/Bangkok,75.85685412280706,16.99145299145299,15.91452991452991,32.06055903508774
30033,2024-07-21 14:00:00,Asia/Bangkok,75.65161079646018,18.48275862068965,17.42241379310345,31.72195017699112
30034,2024-07-21 15:00:00,Asia/Bangkok,77.63264149122806,20.21551724137931,19.0,31.32958339130433
30035,2024-07-21 16:00:00,Asia/Bangkok,78.22964255102038,20.87,19.73,31.60699762886599
30036,2024-07-21 17:00:00,Asia/Bangkok,75.89815103448275,20.93103448275862,19.68965517241379,32.43078681034481
30037,2024-07-21 18:00:00,Asia/Bangkok,75.56402956521738,20.77777777777778,19.46153846153846,32.45079721739131
30038,2024-07-21 19:00:00,Asia/Bangkok,79.92150879310343,58.58620689655172,50.86206896551724,31.49852008620688
30039,2024-07-21 20:00:00,Asia/Bangkok,84.63040618181819,57.81896551724138,50.63793103448276,30.25290109090911
30040,2024-07-21 21:00:00,Asia/Bangkok,84.22859081081079,30.88793103448276,27.81896551724138,29.45975874999997
30041,2024-07-21 22:00:00,Asia/Bangkok,86.34862982608703,35.25641025641026,31.53846153846154,29.13521324561405
30042,2024-07-21 23:00:00,Asia/Bangkok,87.84982990384619,37.73333333333333,32.95238095238095,28.95362865384615
30043,2024-07-22 00:00:00,Asia/Bangkok,88.80817046296293,38.20909090909091,33.14545454545455,28.75505490740742
30044,2024-07-22 01:00:00,Asia/Bangkok,89.80333808695654,33.88793103448276,30.62931034482759,28.59880771929825
30045,2024-07-22 02:00:00,Asia/Bangkok,91.12115982608697,34.63247863247863,31.1965811965812,28.18943843478261
30046,2024-07-22 03:00:00,Asia/Bangkok,90.73409634782608,34.21367521367522,30.91452991452991,27.91895017391304
30047,2024-07-22 04:00:00,Asia/Bangkok,91.95492660869562,35.25,31.61206896551724,27.51828622807015
30048,2024-07-22 05:00:00,Asia/Bangkok,92.59821212389384,33.16379310344828,30.4051724137931,27.34855692982455
30049,2024-07-22 06:00:00,Asia/Bangkok,92.00894495575218,34.4017094017094,31.08547008547009,27.511969375
30050,2024-07-22 07:00:00,Asia/Bangkok,91.89083079646021,35.53448275862069,31.68103448275862,27.62330469026549
30051,2024-07-22 08:00:00,Asia/Bangkok,91.26399327433633,29.55172413793104,27.38793103448276,27.94610699115043
30052,2024-07-22 09:00:00,Asia/Bangkok,85.8183599115044,22.0695652173913,20.61739130434783,29.33645070175437
30053,2024-07-22 10:00:00,Asia/Bangkok,80.48215834782607,15.03418803418803,14.03418803418803,30.56695684210525
30054,2024-07-22 11:00:00,Asia/Bangkok,74.38264491228071,12.37719298245614,11.51754385964912,31.7187805263158
30055,2024-07-22 12:00:00,Asia/Bangkok,68.45419603448278,13.93103448275862,12.95689655172414,33.00051362068964
30056,2024-07-22 13:00:00,Asia/Bangkok,64.71681299999997,13.12173913043478,12.16521739130435,34.32158972972973
30057,2024-07-22 14:00:00,Asia/Bangkok,64.98795602040813,15.11111111111111,14.01010101010101,34.58852418367346
30058,2024-07-22 15:00:00,Asia/Bangkok,61.88890392857145,13.99130434782609,12.96521739130435,35.54460348214285
30059,2024-07-22 16:00:00,Asia/Bangkok,62.82441805309733,13.8125,12.72321428571429,35.1901199099099
30060,2024-07-22 17:00:00,Asia/Bangkok,64.15150769911503,15.06086956521739,14.11304347826087,35.0938459292035
30061,2024-07-22 18:00:00,Asia/Bangkok,68.33015971698113,18.20689655172414,17.0,33.65715584905659
30062,2024-07-22 19:00:00,Asia/Bangkok,72.37745989473682,23.19191919191919,21.77777777777778,32.41928593750001
30063,2024-07-22 20:00:00,Asia/Bangkok,76.48113508771931,27.8974358974359,25.81196581196581,31.1587003539823
30064,2024-07-22 21:00:00,Asia/Bangkok,79.64885526315793,31.4051724137931,28.69827586206896,30.47286201754387
30065,2024-07-22 22:00:00,Asia/Bangkok,82.26872417391303,26.99137931034483,24.92241379310345,29.79686478260871
30066,2024-07-22 23:00:00,Asia/Bangkok,85.25226219298244,26.1551724137931,24.22413793103448,29.06812857142857
30067,2024-07-23 00:00:00,Asia/Bangkok,86.81960901785713,30.74782608695652,28.14782608695652,28.57080258928571
30068,2024-07-23 01:00:00,Asia/Bangkok,88.72314853448276,29.37606837606837,27.35042735042735,27.9647797413793
30069,2024-07-23 02:00:00,Asia/Bangkok,88.78122431034477,26.11206896551724,24.26724137931035,27.79943721739125
30070,2024-07-23 03:00:00,Asia/Bangkok,87.97190322916668,28.32989690721649,25.96907216494845,27.56693164948454
30071,2024-07-23 04:00:00,Asia/Bangkok,88.97633444444442,22.7948717948718,21.0,26.87574715517242
30072,2024-07-23 05:00:00,Asia/Bangkok,89.50013053571429,21.02586206896552,19.37931034482759,26.75335108108108
30073,2024-07-23 06:00:00,Asia/Bangkok,89.595467368421,20.26530612244898,19.05050505050505,26.79371333333332
30074,2024-07-23 07:00:00,Asia/Bangkok,91.09129321428574,23.80530973451327,22.32743362831858,26.54953071428573
30075,2024-07-23 08:00:00,Asia/Bangkok,90.91437798245613,25.68965517241379,23.55172413793104,26.89741131578945
30076,2024-07-23 09:00:00,Asia/Bangkok,85.8271927192983,22.24786324786325,20.32478632478632,28.57908412280703
30077,2024-07-23 10:00:00,Asia/Bangkok,78.93570801724137,14.57758620689655,13.39655172413793,30.85193215517238
30078,2024-07-23 11:00:00,Asia/Bangkok,74.41074274336286,14.53846153846154,13.5,32.40966116071429
30079,2024-07-23 12:00:00,Asia/Bangkok,69.75248610619468,14.26086956521739,13.18803418803419,33.78231238938056
30080,2024-07-23 13:00:00,Asia/Bangkok,66.2465977876106,14.11206896551724,12.99137931034483,34.65893389380532
30081,2024-07-23 14:00:00,Asia/Bangkok,63.34001123893806,13.05172413793103,12.07758620689655,35.21767035398229
30082,2024-07-23 15:00:00,Asia/Bangkok,59.2660804310345,13.12820512820513,12.15384615384615,36.24480094827585
30083,2024-07-23 16:00:00,Asia/Bangkok,63.04207696428572,13.80172413793103,12.85344827586207,35.22192548672565
30084,2024-07-23 17:00:00,Asia/Bangkok,65.93794052631578,14.55263157894737,13.3421052631579,33.32965424778762
30085,2024-07-23 18:00:00,Asia/Bangkok,71.39878928571427,17.86206896551724,16.54310344827586,31.78458946428569
30086,2024-07-23 19:00:00,Asia/Bangkok,73.46324126126127,20.86324786324786,19.03418803418803,31.35571657657658
30087,2024-07-23 20:00:00,Asia/Bangkok,75.29526276785717,38.07758620689656,31.72413793103448,30.97564857142855
30088,2024-07-23 21:00:00,Asia/Bangkok,78.2101030357143,32.43965517241379,28.41379310344828,30.28839651785715
30089,2024-07-23 22:00:00,Asia/Bangkok,79.9930974336283,23.5,21.68965517241379,29.68333265486726
30090,2024-07-23 23:00:00,Asia/Bangkok,80.86147964912283,21.25217391304348,19.61739130434783,29.56305280701757
30091,2024-07-24 00:00:00,Asia/Bangkok,84.91767860869561,22.06034482758621,20.29310344827586,28.56885826086955
30092,2024-07-24 01:00:00,Asia/Bangkok,86.73556017699119,25.25,23.25862068965517,27.92301973451326
30093,2024-07-24 02:00:00,Asia/Bangkok,87.55889607142862,26.0,24.03478260869565,27.71913633928574
30094,2024-07-24 03:00:00,Asia/Bangkok,89.21353284313726,28.22115384615385,26.40384615384615,27.35203480392155
30095,2024-07-24 04:00:00,Asia/Bangkok,91.05858572727273,28.08035714285714,26.07142857142857,26.90578366972477
30096,2024-07-24 05:00:00,Asia/Bangkok,91.35515438095237,24.16666666666667,22.63302752293578,26.91467817307691
30097,2024-07-24 06:00:00,Asia/Bangkok,91.40597330434782,23.96551724137931,22.31896551724138,26.94469721739129
30098,2024-07-24 07:00:00,Asia/Bangkok,92.4710742857143,24.03030303030303,22.33333333333333,26.81212153061224
30099,2024-07-24 08:00:00,Asia/Bangkok,92.21283948717944,25.39316239316239,23.64102564102564,27.36212324786325
30100,2024-07-24 09:00:00,Asia/Bangkok,86.72075419642862,22.46551724137931,20.73275862068965,28.98000642857143
30101,2024-07-24 10:00:00,Asia/Bangkok,80.03701221238939,15.69827586206897,14.62068965517241,30.91002867256637
30102,2024-07-24 11:00:00,Asia/Bangkok,76.60013172413795,15.99145299145299,14.77777777777778,31.70701422413791
30103,2024-07-24 12:00:00,Asia/Bangkok,73.40285387931033,15.56896551724138,14.19827586206897,32.81403252173912
30104,2024-07-24 13:00:00,Asia/Bangkok,69.55703095652174,15.04310344827586,13.87931034482759,33.85436596491229
30105,2024-07-24 14:00:00,Asia/Bangkok,69.07057286956523,14.6,13.50434782608696,34.24138278260871
30106,2024-07-24 15:00:00,Asia/Bangkok,69.33337214285713,14.52991452991453,13.28205128205128,33.76807151785712
30107,2024-07-24 16:00:00,Asia/Bangkok,69.62679181818181,14.0,12.83333333333333,33.36824880733943
30108,2024-07-24 17:00:00,Asia/Bangkok,66.50352134020619,14.97916666666667,13.57291666666667,33.00572867346936
30109,2024-07-24 18:00:00,Asia/Bangkok,66.03961350877195,21.70940170940171,19.52991452991453,32.6315640350877
30110,2024-07-24 19:00:00,Asia/Bangkok,69.46568448275863,20.37931034482759,18.5948275862069,32.01225870689654
30111,2024-07-24 20:00:00,Asia/Bangkok,73.44292840707965,33.4051724137931,29.37931034482759,30.70710654867255
30112,2024-07-24 21:00:00,Asia/Bangkok,76.36410223214286,48.14782608695652,40.70689655172414,30.417379375
30113,2024-07-24 22:00:00,Asia/Bangkok,79.00685690721649,33.0,28.49494949494949,29.88320536082473
30114,2024-07-24 23:00:00,Asia/Bangkok,82.68719342105265,23.64347826086956,21.94782608695652,29.35502456140354
30115,2024-07-25 00:00:00,Asia/Bangkok,84.86722982608696,28.64912280701754,26.3859649122807,28.95204052173914
30116,2024-07-25 01:00:00,Asia/Bangkok,86.88421429824564,26.94827586206896,24.79310344827586,28.63778596491231
30117,2024-07-25 02:00:00,Asia/Bangkok,88.37146583333333,23.02020202020202,21.23232323232323,28.30349968749996
30118,2024-07-25 03:00:00,Asia/Bangkok,89.06417799999997,22.48275862068965,20.55172413793104,28.00943672727277
30119,2024-07-25 04:00:00,Asia/Bangkok,89.45172265486728,21.06034482758621,19.56034482758621,27.88161716814162
30120,2024-07-25 05:00:00,Asia/Bangkok,89.52329132743367,21.67241379310345,19.89655172413793,27.76112336283185
30121,2024-07-25 06:00:00,Asia/Bangkok,89.75750456140355,18.92241379310345,17.5948275862069,27.55255324561406
30122,2024-07-25 07:00:00,Asia/Bangkok,90.42725333333331,22.38793103448276,20.81034482758621,27.41571157894735
30123,2024-07-25 08:00:00,Asia/Bangkok,91.24641747826091,22.46956521739131,20.61739130434783,27.61478293103446
30124,2024-07-25 09:00:00,Asia/Bangkok,87.64746805555552,17.74545454545455,16.47272727272727,29.18991870370371
30125,2024-07-25 10:00:00,Asia/Bangkok,78.21705787610618,10.39655172413793,9.39655172413793,31.54322592920355
30126,2024-07-25 11:00:00,Asia/Bangkok,73.43577531250004,11.87755102040816,10.78571428571429,32.82119885416666
30127,2024-07-25 12:00:00,Asia/Bangkok,70.46951296296298,12.66086956521739,11.76521739130435,33.41692601851855
30128,2024-07-25 13:00:00,Asia/Bangkok,64.40746149122805,11.03448275862069,10.14655172413793,34.50702684210525
30129,2024-07-25 14:00:00,Asia/Bangkok,59.56553681415927,7.735042735042735,7.060344827586207,35.47959946902655
30130,2024-07-25 15:00:00,Asia/Bangkok,55.79388468468466,8.163793103448276,7.376068376068377,36.7674410810811
30131,2024-07-25 16:00:00,Asia/Bangkok,57.54042132743362,7.566371681415929,6.805309734513274,35.62644283185839
30132,2024-07-25 17:00:00,Asia/Bangkok,60.33949461538462,8.418803418803419,7.700854700854701,34.05597641025643
30133,2024-07-25 18:00:00,Asia/Bangkok,62.67795837837841,8.155172413793103,7.327586206896552,32.83371090090092
30134,2024-07-25 19:00:00,Asia/Bangkok,65.89865327102807,14.94827586206897,13.12068965517241,31.88587028301885
30135,2024-07-25 20:00:00,Asia/Bangkok,70.76696798245615,33.47413793103448,28.54310344827586,31.14506821428571
30136,2024-07-25 21:00:00,Asia/Bangkok,74.425275625,48.48,39.91,30.52479863157894
30137,2024-07-25 22:00:00,Asia/Bangkok,77.44711396551727,37.05217391304348,32.35652173913044,30.11982612068964
30138,2024-07-25 23:00:00,Asia/Bangkok,80.03436707964602,28.2991452991453,26.41025641025641,29.68160964601772
30139,2024-07-26 00:00:00,Asia/Bangkok,83.56296743362836,33.0,30.06034482758621,29.02895867256638
30140,2024-07-26 01:00:00,Asia/Bangkok,85.29408657534243,31.59154929577465,29.15492957746479,28.67371424657533
30141,2024-07-26 14:00:00,Asia/Bangkok,89.84942156626502,37.25296442687747,32.80237154150198,27.59780192771083
30142,2024-07-26 15:00:00,Asia/Bangkok,86.15668273668628,32.86618705035971,29.64172661870504,29.32221032592593
30143,2024-07-26 16:00:00,Asia/Bangkok,66.69760105050504,20.61538461538462,19.04339250493097,34.54651214141413
30144,2024-07-26 17:00:00,Asia/Bangkok,71.17490841121497,23.32758620689655,22.07758620689655,33.39714620370368
30145,2024-07-26 18:00:00,Asia/Bangkok,69.9782019642857,29.21739130434782,26.4,32.67386881818185
30146,2024-07-26 19:00:00,Asia/Bangkok,72.22259491379307,27.0948275862069,25.37931034482759,31.86037353448273
30147,2024-07-26 20:00:00,Asia/Bangkok,74.31656298245612,37.48695652173913,33.11304347826087,31.54836214285714
30148,2024-07-26 21:00:00,Asia/Bangkok,78.69896815789473,64.20689655172414,54.21551724137931,30.77875649122809
30149,2024-07-26 22:00:00,Asia/Bangkok,80.50426162162161,46.10810810810811,39.5625,30.36861099099098
30150,2024-07-26 23:00:00,Asia/Bangkok,83.47641232142861,40.24786324786325,34.51282051282051,29.79512633928573
30151,2024-07-27 00:00:00,Asia/Bangkok,84.1638794736842,40.23275862068966,34.36206896551724,29.70143017391302
30152,2024-07-27 01:00:00,Asia/Bangkok,85.7420922123894,38.25641025641026,33.51724137931034,29.41271848214282
30153,2024-07-27 02:00:00,Asia/Bangkok,86.9065316964286,35.93103448275862,31.97435897435897,29.15928684684688
30154,2024-07-27 03:00:00,Asia/Bangkok,88.9773352173913,39.68103448275862,34.25862068965517,28.62006095652175
30155,2024-07-27 04:00:00,Asia/Bangkok,88.6707823275862,40.49572649572649,34.69230769230769,28.63482568965517
30156,2024-07-27 05:00:00,Asia/Bangkok,89.06766840707967,42.88793103448276,36.18103448275862,28.5238189380531
30157,2024-07-27 06:00:00,Asia/Bangkok,89.8878607079646,43.95689655172414,37.08620689655172,28.26547858407078
30158,2024-07-27 07:00:00,Asia/Bangkok,89.35152460176994,41.70689655172414,35.36206896551724,28.45394194690267
30159,2024-07-27 08:00:00,Asia/Bangkok,89.27581448275863,38.2051282051282,33.4017094017094,28.74230499999999
30160,2024-07-27 09:00:00,Asia/Bangkok,85.14457155963302,30.19130434782609,27.2695652173913,29.99179990825688
30161,2024-07-27 10:00:00,Asia/Bangkok,78.0596362608696,25.58974358974359,23.52136752136752,31.54225869565216
30162,2024-07-27 11:00:00,Asia/Bangkok,71.5462644954128,19.00862068965517,17.87931034482759,32.80892256880731
30163,2024-07-27 12:00:00,Asia/Bangkok,66.7800692920354,21.1551724137931,19.83620689655172,33.32790663716815
30164,2024-07-27 13:00:00,Asia/Bangkok,67.18428271929827,27.87931034482759,26.31034482758621,33.51469447368421
30165,2024-07-27 14:00:00,Asia/Bangkok,70.76433610619472,33.12931034482759,30.53448275862069,32.9481517699115
30166,2024-07-27 15:00:00,Asia/Bangkok,81.55940578947363,42.30769230769231,35.75213675213675,30.79657921052631
30167,2024-07-27 16:00:00,Asia/Bangkok,86.87805053097348,41.81034482758621,35.55172413793103,30.14213026548677
30168,2024-07-27 17:00:00,Asia/Bangkok,86.71290633928575,38.85344827586207,33.86206896551724,30.12731607142857
30169,2024-07-27 18:00:00,Asia/Bangkok,88.50944390909088,47.24137931034483,39.21367521367522,29.91891727272724
30170,2024-07-27 19:00:00,Asia/Bangkok,88.82873739130434,50.78448275862069,41.93103448275862,29.85584469565218
30171,2024-07-27 20:00:00,Asia/Bangkok,90.15191850877194,54.31034482758621,44.50862068965517,29.4080788596491
30172,2024-07-27 21:00:00,Asia/Bangkok,90.09918172413792,56.18803418803419,45.8034188034188,29.18898362068964
30173,2024-07-27 22:00:00,Asia/Bangkok,90.56930396551722,53.0948275862069,43.78448275862069,28.68441094827587
30174,2024-07-27 23:00:00,Asia/Bangkok,91.04332798245613,50.62068965517241,41.95689655172414,28.36299885964912
30175,2024-07-28 00:00:00,Asia/Bangkok,90.86956018348626,47.36752136752137,39.48717948717949,28.28577697247703
30176,2024-07-28 01:00:00,Asia/Bangkok,89.01382535087717,30.56896551724138,28.63793103448276,28.02592807017542
30177,2024-07-28 02:00:00,Asia/Bangkok,87.20935122807012,21.39316239316239,20.34188034188034,27.81701280701755
30178,2024-07-28 03:00:00,Asia/Bangkok,88.50438313043482,26.49137931034483,24.70689655172414,27.51289756521737
30179,2024-07-28 04:00:00,Asia/Bangkok,91.1331047787611,34.20869565217392,30.71304347826087,27.21528566371681
30180,2024-07-28 05:00:00,Asia/Bangkok,92.60088713043481,38.44827586206897,33.60344827586207,27.25039008695654
30181,2024-07-28 06:00:00,Asia/Bangkok,93.2096046956522,39.17391304347826,34.12173913043478,27.09250578947366
30182,2024-07-28 07:00:00,Asia/Bangkok,93.12802131578951,40.91379310344828,35.05172413793103,27.11248578947371
30183,2024-07-28 08:00:00,Asia/Bangkok,94.24651260869564,45.15652173913043,37.87826086956522,27.12843771929826
30184,2024-07-28 09:00:00,Asia/Bangkok,93.97660009259262,46.4051724137931,38.71551724137931,27.82922644859813
30185,2024-07-28 10:00:00,Asia/Bangkok,87.34111530434787,46.19469026548673,38.61061946902655,29.86482791304349
30186,2024-07-28 11:00:00,Asia/Bangkok,79.07507552631576,40.69827586206897,34.89655172413793,31.87886034782608
30187,2024-07-28 12:00:00,Asia/Bangkok,78.09117605263158,34.75,31.30172413793104,31.52098920353979
30188,2024-07-28 13:00:00,Asia/Bangkok,78.13927972477069,35.75862068965517,31.7304347826087,31.76994605504585
30189,2024-07-28 14:00:00,Asia/Bangkok,74.39895713043481,18.54310344827586,16.37068965517241,30.89353113043479
30190,2024-07-28 15:00:00,Asia/Bangkok,81.3411471052631,2.775862068965517,2.474137931034483,26.92989912280703
30191,2024-07-28 16:00:00,Asia/Bangkok,88.44403482456141,2.982300884955752,2.557522123893806,25.69780201754386
30192,2024-07-28 17:00:00,Asia/Bangkok,89.52936803571426,7.258620689655173,6.620689655172414,25.92321991071429
30193,2024-07-28 18:00:00,Asia/Bangkok,89.3237232758621,5.102564102564102,4.717948717948718,25.6787959482759
30194,2024-07-28 19:00:00,Asia/Bangkok,89.47327921739135,4.956896551724138,4.629310344827586,25.62420973913043
30195,2024-07-28 20:00:00,Asia/Bangkok,90.623224,7.264957264957265,6.70940170940171,25.43389495652175
30196,2024-07-28 21:00:00,Asia/Bangkok,93.00458747826092,11.03448275862069,10.33620689655172,24.87224008695651
30197,2024-07-28 22:00:00,Asia/Bangkok,92.35427927927933,7.301724137931035,6.948275862068965,24.88548558558557
30198,2024-07-28 23:00:00,Asia/Bangkok,92.61512348214289,9.112068965517242,8.482758620689655,25.07178812500001
30199,2024-07-29 00:00:00,Asia/Bangkok,92.72985831858402,9.120689655172415,8.293103448275861,25.01890362831859
30200,2024-07-29 01:00:00,Asia/Bangkok,93.20593982905983,12.04273504273504,11.03418803418803,24.82524085470084
30201,2024-07-29 02:00:00,Asia/Bangkok,94.20271099099095,9.129310344827585,8.560344827586206,24.34136837837839
30202,2024-07-29 03:00:00,Asia/Bangkok,93.96861311926611,9.310344827586206,8.612068965517242,24.38112201834862
30203,2024-07-29 04:00:00,Asia/Bangkok,94.04103096491224,9.666666666666666,8.923076923076923,24.30093850877195
30204,2024-07-29 05:00:00,Asia/Bangkok,93.50918720720719,9.525862068965518,9.03448275862069,24.39239315315315
30205,2024-07-29 06:00:00,Asia/Bangkok,93.39237292035403,10.86206896551724,10.07758620689655,24.42335194690266
30206,2024-07-29 07:00:00,Asia/Bangkok,92.43327701754387,7.422413793103448,6.758620689655173,24.33237105263159
30207,2024-07-29 08:00:00,Asia/Bangkok,92.60346482758618,10.92241379310345,9.974137931034482,24.99878897435897
30208,2024-07-29 09:00:00,Asia/Bangkok,90.93302379310347,9.689655172413794,9.017241379310345,26.05646137931035
30209,2024-07-29 10:00:00,Asia/Bangkok,86.11536508928567,6.487179487179487,5.888888888888889,27.38260738738741
30210,2024-07-29 11:00:00,Asia/Bangkok,79.75426144144146,6.775862068965517,6.077586206896552,29.09113702702702
30211,2024-07-29 12:00:00,Asia/Bangkok,77.2133937614679,8.336206896551724,7.71551724137931,30.55030277777779
30212,2024-07-29 13:00:00,Asia/Bangkok,72.60396545454545,15.61538461538461,14.14529914529914,31.56041436363636
30213,2024-07-29 14:00:00,Asia/Bangkok,68.98607877192981,13.38260869565217,12.31304347826087,32.64114552631577
30214,2024-07-29 15:00:00,Asia/Bangkok,66.82003973913042,13.74782608695652,13.07826086956522,33.16842278260869
30215,2024-07-29 16:00:00,Asia/Bangkok,66.80923725663715,13.23275862068965,12.37068965517241,33.42862247787612
30216,2024-07-29 17:00:00,Asia/Bangkok,68.61803946902656,14.62931034482759,13.71551724137931,32.7820246017699
30217,2024-07-29 18:00:00,Asia/Bangkok,69.40922554545456,13.61739130434783,12.76521739130435,31.91634445454544
30218,2024-07-29 19:00:00,Asia/Bangkok,73.73902324561399,8.732758620689655,7.896551724137931,30.07922254385964
30219,2024-07-29 20:00:00,Asia/Bangkok,77.57235767857146,6.491379310344827,5.706896551724138,28.543073125
30220,2024-07-29 21:00:00,Asia/Bangkok,82.20858577586202,4.931623931623932,4.444444444444445,27.47760629310343
30221,2024-07-29 22:00:00,Asia/Bangkok,80.43663919642856,4.269565217391304,3.730434782608695,27.57086053571428
30222,2024-07-29 23:00:00,Asia/Bangkok,80.23287359649125,3.387931034482758,2.948275862068965,28.04454885964909
30223,2024-07-30 00:00:00,Asia/Bangkok,80.9419204347826,4.456896551724138,3.904347826086957,28.02829263157894
30224,2024-07-30 01:00:00,Asia/Bangkok,82.49803783783783,5.817391304347826,5.330434782608696,27.69501863636364
30225,2024-07-30 02:00:00,Asia/Bangkok,85.48430657894737,5.717948717948718,5.162393162393163,27.1028850877193
30226,2024-07-30 03:00:00,Asia/Bangkok,88.16228468468464,6.232758620689655,5.53448275862069,26.52981189189188
30227,2024-07-30 04:00:00,Asia/Bangkok,88.86083387931039,7.683760683760684,7.077586206896552,26.31812922413793
30228,2024-07-30 05:00:00,Asia/Bangkok,88.87973228070172,8.689655172413794,8.051282051282051,26.39724026315791
30229,2024-07-30 06:00:00,Asia/Bangkok,89.69909878260869,10.57758620689655,9.862068965517242,26.17589547826087
30230,2024-07-30 07:00:00,Asia/Bangkok,91.28217591304349,14.64102564102564,13.57264957264957,25.83059113043477
30231,2024-07-30 08:00:00,Asia/Bangkok,91.2996850442478,17.08620689655172,15.73275862068965,26.45811876106196
30232,2024-07-30 09:00:00,Asia/Bangkok,89.11174166666667,13.35454545454546,12.27272727272727,27.63863111111111
30233,2024-07-30 10:00:00,Asia/Bangkok,80.98731267857144,5.991379310344827,5.129310344827586,30.14364928571428
30234,2024-07-30 11:00:00,Asia/Bangkok,75.87240732142857,3.448275862068965,3.068965517241379,31.46397540540539
30235,2024-07-30 12:00:00,Asia/Bangkok,70.0764287719298,3.786324786324786,3.384615384615385,32.78906754385963
30236,2024-07-30 13:00:00,Asia/Bangkok,66.72520413793106,4.939655172413793,4.413793103448276,33.98114612068968
30237,2024-07-30 14:00:00,Asia/Bangkok,61.7147284347826,6.025862068965517,5.5,35.52836347826088
30238,2024-07-30 15:00:00,Asia/Bangkok,60.29448617391304,7.136752136752137,6.538461538461538,35.68568121739131
30239,2024-07-30 16:00:00,Asia/Bangkok,61.47609605263157,7.362068965517241,6.827586206896552,35.85530798245615
30240,2024-07-30 17:00:00,Asia/Bangkok,62.83655842105264,6.517241379310345,6.103448275862069,35.26849192982456
30241,2024-07-30 18:00:00,Asia/Bangkok,65.05905424778761,7.974137931034483,7.327586206896552,34.42066053097344
30242,2024-07-30 19:00:00,Asia/Bangkok,69.70408482142857,10.48717948717949,9.735042735042734,32.8554155357143
30243,2024-07-30 20:00:00,Asia/Bangkok,72.23072648648647,13.53982300884956,12.42477876106195,31.32499621621621
30244,2024-07-30 21:00:00,Asia/Bangkok,75.87377315789469,12.77586206896552,11.82758620689655,30.61827745614035
30245,2024-07-30 22:00:00,Asia/Bangkok,78.4730039823009,16.05172413793104,15.0,30.4139252631579
30246,2024-07-30 23:00:00,Asia/Bangkok,81.0933494623656,19.01010101010101,17.85858585858586,29.78833380434781
30247,2024-07-31 00:00:00,Asia/Bangkok,83.91932934579437,16.92105263157895,15.94736842105263,29.08702439252339
30248,2024-07-31 01:00:00,Asia/Bangkok,85.20577543859643,17.00862068965517,15.94827586206897,28.83934956140352
30249,2024-07-31 02:00:00,Asia/Bangkok,86.73452785714285,22.66666666666667,21.21052631578947,28.32460464285714
30250,2024-07-31 03:00:00,Asia/Bangkok,86.52134070796457,17.37068965517241,16.17241379310345,27.95596008928571
30251,2024-07-31 04:00:00,Asia/Bangkok,87.48682382352946,23.97087378640777,22.49514563106796,27.7195067326733
30252,2024-07-31 05:00:00,Asia/Bangkok,87.56891961165044,17.59433962264151,16.65094339622642,27.47386660194173
30253,2024-07-31 06:00:00,Asia/Bangkok,87.95906646017704,20.62068965517241,19.56034482758621,27.46609587719297
30254,2024-07-31 07:00:00,Asia/Bangkok,88.85756628318585,29.21367521367521,26.58974358974359,27.27798008928572
30255,2024-07-31 08:00:00,Asia/Bangkok,89.53336879120877,25.47474747474747,23.84848484848485,27.25944923076922
30256,2024-07-31 09:00:00,Asia/Bangkok,86.51320401709401,17.12820512820513,16.29059829059829,28.32264307692308
30257,2024-07-31 10:00:00,Asia/Bangkok,78.89905991071426,10.30434782608696,9.56140350877193,30.78834133928571
30258,2024-07-31 11:00:00,Asia/Bangkok,80.42028189189189,9.939130434782609,9.165217391304347,31.00275414414413
30259,2024-07-31 12:00:00,Asia/Bangkok,72.58430139130435,6.222222222222222,5.672413793103448,32.23814704347825
30260,2024-07-31 13:00:00,Asia/Bangkok,66.43601715596331,7.258620689655173,6.760683760683761,33.81010183486238
30261,2024-07-31 14:00:00,Asia/Bangkok,63.56755920353983,9.14655172413793,8.594827586206897,34.91601743362833
30262,2024-07-31 15:00:00,Asia/Bangkok,63.45618200000001,8.153846153846153,7.512820512820513,34.82397678260868
30263,2024-07-31 16:00:00,Asia/Bangkok,75.4078583185841,10.67241379310345,9.53448275862069,30.86267079646018
30264,2024-07-31 17:00:00,Asia/Bangkok,81.29665385964915,7.408695652173913,6.747826086956522,29.0176044736842
30265,2024-07-31 18:00:00,Asia/Bangkok,80.09762944954129,22.78448275862069,20.66379310344828,30.26588678899081
30266,2024-07-31 19:00:00,Asia/Bangkok,82.56343279569893,30.75,26.44791666666667,29.80207468085104
30267,2024-07-31 20:00:00,Asia/Bangkok,85.39688051546395,35.88,30.75,28.867445
30268,2024-07-31 21:00:00,Asia/Bangkok,85.6362909734513,36.53043478260869,31.92173913043478,28.72218053097344
30269,2024-07-31 22:00:00,Asia/Bangkok,86.33015840425534,29.625,27.21875,28.39677053191489
30270,2024-07-31 23:00:00,Asia/Bangkok,86.81155736363637,33.73275862068966,30.46551724137931,28.08507754545451
30271,2024-08-01 00:00:00,Asia/Bangkok,88.22754739130436,32.71551724137931,29.9051724137931,27.83129391304346
30272,2024-08-01 01:00:00,Asia/Bangkok,89.34328831858409,29.10344827586207,27.19827586206896,27.58412283185839
30273,2024-08-01 02:00:00,Asia/Bangkok,89.80078964601769,29.03478260869565,27.1304347826087,27.50273716814159
30274,2024-08-01 03:00:00,Asia/Bangkok,90.36151684210527,28.88034188034188,26.8974358974359,27.2421151754386
30275,2024-08-01 04:00:00,Asia/Bangkok,91.13445464912279,34.27586206896552,30.68103448275862,26.99550833333333
30276,2024-08-01 05:00:00,Asia/Bangkok,91.52260947826089,31.87068965517241,29.53448275862069,26.80068782608695
30277,2024-08-01 06:00:00,Asia/Bangkok,91.98439486486487,33.07758620689656,30.16379310344828,26.67194306306308
30278,2024-08-01 07:00:00,Asia/Bangkok,91.96080415929201,26.19827586206896,24.53448275862069,26.55611517857144
30279,2024-08-01 08:00:00,Asia/Bangkok,91.62738944954127,27.62931034482759,25.17241379310345,26.89725678899082
30280,2024-08-01 09:00:00,Asia/Bangkok,88.92561765957443,18.0,17.06060606060606,27.61834276595745
30281,2024-08-01 10:00:00,Asia/Bangkok,79.68835801801801,17.78260869565218,16.8,30.135570990991
30282,2024-08-01 11:00:00,Asia/Bangkok,72.30971063157895,17.37113402061856,16.46938775510204,32.25920520833332
30283,2024-08-01 12:00:00,Asia/Bangkok,65.74419796460178,18.13913043478261,17.17391304347826,34.14060584070796
30284,2024-08-01 13:00:00,Asia/Bangkok,60.71079794642858,14.62931034482759,13.81896551724138,35.26663424778759
30285,2024-08-01 14:00:00,Asia/Bangkok,60.2216040350877,15.66379310344828,14.78448275862069,35.73879807017546
30286,2024-08-01 15:00:00,Asia/Bangkok,65.07436739130436,12.18260869565217,11.21739130434783,33.15332678260869
30287,2024-08-01 16:00:00,Asia/Bangkok,83.58660660714281,10.91379310344828,10.12068965517241,28.22854693693693
30288,2024-08-01 17:00:00,Asia/Bangkok,87.21322482142855,12.80172413793103,11.86206896551724,28.05328375000002
30289,2024-08-01 18:00:00,Asia/Bangkok,88.00780339130438,25.81196581196581,24.0,28.14098385964914
30290,2024-08-01 19:00:00,Asia/Bangkok,88.17640499999999,42.95918367346939,36.48484848484848,28.22994082474226
30291,2024-08-01 20:00:00,Asia/Bangkok,90.22124716814159,48.75652173913043,40.52173913043478,27.62122424778762
30292,2024-08-01 21:00:00,Asia/Bangkok,90.34935513274336,46.33620689655172,38.31896551724138,27.50573
30293,2024-08-01 22:00:00,Asia/Bangkok,90.67539964601772,39.76068376068376,33.99145299145299,27.15102107142857
30294,2024-08-01 23:00:00,Asia/Bangkok,91.34168756521738,43.61538461538461,36.73504273504273,27.01721260869566
30295,2024-08-02 00:00:00,Asia/Bangkok,92.43698640350884,33.60344827586207,30.37931034482759,26.78057333333331
30296,2024-08-02 01:00:00,Asia/Bangkok,92.82218156521733,33.85470085470085,30.52586206896552,26.46900885964913
30297,2024-08-02 02:00:00,Asia/Bangkok,92.55198973684206,37.51724137931034,32.86324786324786,26.33465008771929
30298,2024-08-02 03:00:00,Asia/Bangkok,92.71788973913043,37.23275862068966,32.63793103448276,26.20373626086956
30299,2024-08-02 04:00:00,Asia/Bangkok,93.20854796460175,35.00862068965517,31.27586206896552,26.03749348214283
30300,2024-08-02 05:00:00,Asia/Bangkok,93.19584185840708,31.6,29.10434782608696,26.03504654867256
30301,2024-08-02 06:00:00,Asia/Bangkok,92.8913079646018,33.97413793103448,30.31034482758621,25.83758734513272
30302,2024-08-02 07:00:00,Asia/Bangkok,92.94826217391304,38.57264957264957,33.47863247863248,25.73195226086957
30303,2024-08-02 08:00:00,Asia/Bangkok,93.1606059482759,35.56034482758621,31.78448275862069,26.11962706896552
30304,2024-08-02 09:00:00,Asia/Bangkok,91.72986530973448,33.63793103448276,30.1551724137931,26.94253584070796
30305,2024-08-02 10:00:00,Asia/Bangkok,87.61296426086957,24.14529914529914,22.58119658119658,28.541994
30306,2024-08-02 11:00:00,Asia/Bangkok,81.08494427272724,21.82608695652174,20.70434782608696,30.720693
30307,2024-08-02 12:00:00,Asia/Bangkok,74.62781626086955,20.55555555555556,19.51282051282051,32.29921608695653
30308,2024-08-02 13:00:00,Asia/Bangkok,69.19657313043477,19.3448275862069,18.35344827586207,33.45407739130437
30309,2024-08-02 14:00:00,Asia/Bangkok,63.55665269565221,16.29310344827586,15.32758620689655,34.73799243478259
30310,2024-08-02 15:00:00,Asia/Bangkok,61.52499192982454,15.74782608695652,14.94782608695652,35.02281121739131
30311,2024-08-02 16:00:00,Asia/Bangkok,62.16220307017544,19.07692307692308,17.97435897435897,35.0634538938053
30312,2024-08-02 17:00:00,Asia/Bangkok,61.71439936936936,15.22413793103448,14.4051724137931,34.4952799099099
30313,2024-08-02 18:00:00,Asia/Bangkok,68.3812171171171,22.43103448275862,21.14655172413793,33.64123243243244
30314,2024-08-02 19:00:00,Asia/Bangkok,77.14245680412374,30.38,28.34,32.10664316326529
30315,2024-08-02 20:00:00,Asia/Bangkok,88.70822803571431,23.62068965517241,21.99137931034483,28.78435714285714
30316,2024-08-02 21:00:00,Asia/Bangkok,89.25032649122804,10.25862068965517,9.439655172413794,27.06006561403507
30317,2024-08-02 22:00:00,Asia/Bangkok,90.7432653043478,9.173913043478262,8.478260869565217,27.72603922413794
30318,2024-08-02 23:00:00,Asia/Bangkok,91.1523687826087,11.43965517241379,10.68103448275862,28.03466473684211
30319,2024-08-03 00:00:00,Asia/Bangkok,91.95284603603605,16.46551724137931,15.60344827586207,27.9882919090909
30320,2024-08-03 01:00:00,Asia/Bangkok,93.00212035087723,24.06896551724138,22.58620689655172,27.88913307017545
30321,2024-08-03 02:00:00,Asia/Bangkok,93.7912006140351,23.3448275862069,22.0,27.78592894736841
30322,2024-08-03 03:00:00,Asia/Bangkok,93.88091414414414,24.44827586206896,22.94827586206896,27.54251450450452
30323,2024-08-03 04:00:00,Asia/Bangkok,94.51175763157899,25.23275862068965,23.75,27.11643191304347
30324,2024-08-03 05:00:00,Asia/Bangkok,94.89404344827587,26.36752136752137,25.11965811965812,26.84863573913045
30325,2024-08-03 06:00:00,Asia/Bangkok,95.08335878260867,27.85344827586207,26.43965517241379,26.76838878260869
30326,2024-08-03 07:00:00,Asia/Bangkok,94.74616215517246,27.17241379310345,25.72413793103448,26.7786723275862
30327,2024-08-03 08:00:00,Asia/Bangkok,94.95884215517236,27.99145299145299,26.24786324786325,27.22502853448275
30328,2024-08-03 09:00:00,Asia/Bangkok,93.13467131578948,25.07826086956522,23.78260869565218,28.30261669565219
30329,2024-08-03 10:00:00,Asia/Bangkok,84.27533684210528,20.00862068965517,18.72413793103448,30.50690309734514
30330,2024-08-03 11:00:00,Asia/Bangkok,73.11278553571427,11.37931034482759,10.72413793103448,32.54818491071428
30331,2024-08-03 12:00:00,Asia/Bangkok,65.47342495575221,10.45299145299145,9.88034188034188,34.34582088495574
30332,2024-08-03 13:00:00,Asia/Bangkok,63.47196734513275,10.05172413793103,9.39655172413793,34.80776168141591
30333,2024-08-03 14:00:00,Asia/Bangkok,59.46866972972976,8.474137931034482,7.767241379310345,36.25947747747746
30334,2024-08-03 15:00:00,Asia/Bangkok,68.03514684210529,7.146551724137931,6.543103448275862,32.82188421052633
30335,2024-08-03 16:00:00,Asia/Bangkok,80.00095523364485,11.65178571428571,10.80357142857143,29.3011493457944
30336,2024-08-03 17:00:00,Asia/Bangkok,86.12343107843135,28.99029126213592,26.30097087378641,28.0409282352941
30337,2024-08-03 18:00:00,Asia/Bangkok,86.95665561403507,51.00854700854701,45.08547008547009,28.30429666666668
30338,2024-08-03 19:00:00,Asia/Bangkok,85.75538684684687,18.23275862068965,16.77391304347826,28.14088881818181
30339,2024-08-03 20:00:00,Asia/Bangkok,85.67408223214285,17.40869565217391,16.19827586206896,27.57889473214287
30340,2024-08-03 21:00:00,Asia/Bangkok,85.67075293103447,18.26724137931035,16.81896551724138,27.71759103448275
30341,2024-08-03 22:00:00,Asia/Bangkok,87.30304778761057,18.7948717948718,17.67521367521368,27.52499769911505
30342,2024-08-03 23:00:00,Asia/Bangkok,87.62733769911505,18.61206896551724,17.5948275862069,27.21599168141595
30343,2024-08-04 00:00:00,Asia/Bangkok,88.36827417391301,19.18103448275862,18.0,27.09797304347825
30344,2024-08-04 01:00:00,Asia/Bangkok,87.93686895652169,20.43965517241379,19.4051724137931,27.11016182608696
30345,2024-08-04 02:00:00,Asia/Bangkok,88.01466767857139,18.18965517241379,17.08620689655172,26.68195330357143
30346,2024-08-04 03:00:00,Asia/Bangkok,89.98904547826085,15.86206896551724,14.81034482758621,26.05735617391305
30347,2024-08-04 04:00:00,Asia/Bangkok,90.17016509090912,12.28448275862069,11.56896551724138,25.93927699999998
30348,2024-08-04 05:00:00,Asia/Bangkok,90.0680094690266,11.72413793103448,10.93965517241379,26.10643610619469
30349,2024-08-04 06:00:00,Asia/Bangkok,90.45007603603604,8.362068965517242,7.860869565217391,25.81221585585585
30350,2024-08-04 07:00:00,Asia/Bangkok,90.6712267256637,7.426086956521739,6.886956521739131,25.90169654867258
30351,2024-08-04 08:00:00,Asia/Bangkok,91.55980275862078,7.646551724137931,6.947826086956522,25.87596146551724
30352,2024-08-04 09:00:00,Asia/Bangkok,91.06277791304348,7.617391304347827,6.904347826086957,26.32036370689656
30353,2024-08-04 10:00:00,Asia/Bangkok,88.73051000000004,8.732758620689655,8.043103448275861,27.52466432432432
30354,2024-08-04 11:00:00,Asia/Bangkok,85.1560240350877,8.321739130434782,7.756521739130434,28.69093385964913
30355,2024-08-04 12:00:00,Asia/Bangkok,82.33177721739133,8.530434782608696,7.853448275862069,29.44691000000002
30356,2024-08-04 13:00:00,Asia/Bangkok,78.65882578947371,8.444444444444445,7.786324786324786,30.33796070175439
30357,2024-08-04 14:00:00,Asia/Bangkok,74.72545081081081,6.234782608695652,5.767241379310345,31.16499495495495
30358,2024-08-04 15:00:00,Asia/Bangkok,70.14173535087717,5.948275862068965,5.396551724137931,32.77531868421053
30359,2024-08-04 16:00:00,Asia/Bangkok,65.8409654385965,3.206896551724138,2.896551724137931,33.12897535087718
30360,2024-08-04 17:00:00,Asia/Bangkok,67.04226293103447,4.64957264957265,4.196581196581197,32.9235348275862
30361,2024-08-04 18:00:00,Asia/Bangkok,71.84153578947367,6.275862068965517,5.775862068965517,31.80237973684209
30362,2024-08-04 19:00:00,Asia/Bangkok,75.39609282051279,2.957264957264957,2.692307692307693,29.60323615384617
30363,2024-08-04 20:00:00,Asia/Bangkok,79.46078608695649,4.017241379310345,3.586206896551724,28.2777928695652
30364,2024-08-04 21:00:00,Asia/Bangkok,81.25902605263157,6.206896551724138,5.491379310344827,28.18496743362833
30365,2024-08-04 22:00:00,Asia/Bangkok,83.38068389380534,13.75862068965517,12.53448275862069,27.77962513274338
30366,2024-08-04 23:00:00,Asia/Bangkok,86.36204736842106,7.051724137931035,6.387931034482759,27.22579043859648
30367,2024-08-05 00:00:00,Asia/Bangkok,86.79783931034484,4.299145299145299,3.854700854700855,26.71902560344828
30368,2024-08-05 01:00:00,Asia/Bangkok,86.70237348214286,3.258620689655173,2.844827586206896,26.35452446428573
30369,2024-08-05 02:00:00,Asia/Bangkok,86.84217026548671,3.396551724137931,2.982758620689655,26.31748867256634
30370,2024-08-05 03:00:00,Asia/Bangkok,87.83418043478261,4.153846153846154,3.777777777777778,26.13881417391304
30371,2024-08-05 04:00:00,Asia/Bangkok,88.7898575,3.713043478260869,3.321739130434783,26.03227898148149
30372,2024-08-05 05:00:00,Asia/Bangkok,89.78579456896551,5.017391304347826,4.439655172413793,25.69610689655174
30373,2024-08-05 06:00:00,Asia/Bangkok,90.16190752136751,5.128205128205129,4.675213675213675,25.6109601709402
30374,2024-08-05 07:00:00,Asia/Bangkok,90.5242277477477,6.026086956521739,5.517241379310345,25.71151459459459
30375,2024-08-05 08:00:00,Asia/Bangkok,88.96100701754388,5.460869565217391,5.052173913043478,26.51726315789473
30376,2024-08-05 09:00:00,Asia/Bangkok,83.86984704347826,4.367521367521367,3.94017094017094,28.25759234782609
30377,2024-08-05 10:00:00,Asia/Bangkok,75.79245833333334,3.137931034482758,2.739130434782609,30.6201192035398
30378,2024-08-05 11:00:00,Asia/Bangkok,67.44674017699116,1.974137931034483,1.689655172413793,32.44492442477875
30379,2024-08-05 12:00:00,Asia/Bangkok,63.63786973913043,2.427350427350427,2.111111111111111,33.79397452173912
30380,2024-08-05 13:00:00,Asia/Bangkok,63.70678110091743,2.46551724137931,2.155172413793104,33.96864601851851
30381,2024-08-05 14:00:00,Asia/Bangkok,66.92863543103445,0.8205128205128205,0.6068376068376068,32.19812629310345
30382,2024-08-05 15:00:00,Asia/Bangkok,67.52323009174312,0.7068965517241379,0.4655172413793103,31.6233210091743
30383,2024-08-05 16:00:00,Asia/Bangkok,67.26659160714287,4.922413793103448,4.46551724137931,31.37168946428571
30384,2024-08-05 17:00:00,Asia/Bangkok,74.06144651785716,3.956521739130435,3.530434782608696,30.46761660714286
30385,2024-08-05 18:00:00,Asia/Bangkok,75.4193343965517,1.551724137931034,1.267241379310345,29.19066577586208
30386,2024-08-05 19:00:00,Asia/Bangkok,77.65881017543856,3.405172413793104,3.025862068965517,28.21585486725665
30387,2024-08-05 20:00:00,Asia/Bangkok,78.86593774774774,5.113043478260869,4.495652173913044,27.85484419642859
30388,2024-08-05 21:00:00,Asia/Bangkok,82.9047394594595,4.478260869565218,3.930434782608696,27.18759535714286
30389,2024-08-05 22:00:00,Asia/Bangkok,84.30686051724139,4.28448275862069,3.870689655172414,27.08520130434782
30390,2024-08-05 23:00:00,Asia/Bangkok,86.02596087719294,3.396551724137931,2.991379310344827,26.57804868421054
30391,2024-08-06 00:00:00,Asia/Bangkok,84.54454981981982,2.172413793103448,1.896551724137931,26.82609864864864
30392,2024-08-06 01:00:00,Asia/Bangkok,85.04768345132742,2.017391304347826,1.643478260869565,26.72959619469026
30393,2024-08-06 02:00:00,Asia/Bangkok,86.38597938596493,2.043103448275862,1.844827586206897,26.40818831858409
30394,2024-08-06 03:00:00,Asia/Bangkok,86.98632607142858,2.71551724137931,2.405172413793104,26.35187973214284
30395,2024-08-06 04:00:00,Asia/Bangkok,88.27152726495726,4.0,3.637931034482758,26.12139880341881
30396,2024-08-06 05:00:00,Asia/Bangkok,88.01299169642859,4.353448275862069,3.922413793103448,26.1672886607143
30397,2024-08-06 06:00:00,Asia/Bangkok,89.73642315315317,5.36936936936937,4.973214285714286,25.63002836363635
30398,2024-08-06 07:00:00,Asia/Bangkok,90.17988690265489,5.706896551724138,5.120689655172414,25.5200601754386
30399,2024-08-06 08:00:00,Asia/Bangkok,90.18769043478264,7.358974358974359,6.692307692307693,25.96701140350876
30400,2024-08-06 09:00:00,Asia/Bangkok,86.26390921052631,7.293103448275862,6.698275862068965,27.25795184210526
30401,2024-08-06 10:00:00,Asia/Bangkok,77.53176566371683,3.767241379310345,3.370689655172414,29.78102292035398
30402,2024-08-06 11:00:00,Asia/Bangkok,68.11896472727271,1.724137931034483,1.379310344827586,32.21500727272731
30403,2024-08-06 12:00:00,Asia/Bangkok,65.11621640350874,2.293103448275862,1.96551724137931,33.33022176991151
30404,2024-08-06 13:00:00,Asia/Bangkok,64.33145226086957,5.025862068965517,4.646551724137931,34.40427017391304
30405,2024-08-06 14:00:00,Asia/Bangkok,60.03836380530973,2.71551724137931,2.491379310344827,35.35310097345133
30406,2024-08-06 15:00:00,Asia/Bangkok,58.27171205357143,2.862068965517242,2.655172413793104,35.53001392857143
30407,2024-08-06 16:00:00,Asia/Bangkok,61.70899754385964,2.683760683760684,2.401709401709402,34.69771265486726
30408,2024-08-06 17:00:00,Asia/Bangkok,65.6787580869565,6.517241379310345,5.870689655172414,33.49498318965518
30409,2024-08-06 18:00:00,Asia/Bangkok,73.40901271929825,5.52991452991453,4.888888888888889,30.76630274336282
30410,2024-08-06 19:00:00,Asia/Bangkok,76.53562141592919,9.844827586206897,8.862068965517242,29.42990955752214
30411,2024-08-06 20:00:00,Asia/Bangkok,77.56614486725663,6.344827586206897,5.482758620689655,29.21210061946904
30412,2024-08-06 21:00:00,Asia/Bangkok,84.26214123893803,12.23275862068965,10.70689655172414,28.5122605309734
30413,2024-08-06 22:00:00,Asia/Bangkok,85.02188504587157,9.169642857142858,7.973214285714286,28.12504953703703
30414,2024-08-06 23:00:00,Asia/Bangkok,86.62836723214285,6.103448275862069,5.396551724137931,27.46247594594594
30415,2024-08-07 00:00:00,Asia/Bangkok,87.56126389380532,9.362068965517242,8.0,26.84843654867256
30416,2024-08-07 01:00:00,Asia/Bangkok,88.15979911504424,3.905172413793104,3.431034482758621,26.6173715044248
30417,2024-08-07 02:00:00,Asia/Bangkok,89.01167657657658,4.435897435897436,3.914529914529914,26.2839699099099
30418,2024-08-07 03:00:00,Asia/Bangkok,89.74126037735847,6.554545454545455,5.918181818181818,25.96927877358489
30419,2024-08-07 04:00:00,Asia/Bangkok,89.42188396396395,5.36283185840708,4.761061946902655,25.93651585585586
30420,2024-08-07 05:00:00,Asia/Bangkok,90.60637474747479,5.151515151515151,4.545454545454546,25.34234928571429
30421,2024-08-07 06:00:00,Asia/Bangkok,90.056035,4.808695652173913,4.278260869565218,25.413591875
30422,2024-08-07 07:00:00,Asia/Bangkok,91.12350212389383,8.71304347826087,7.991304347826087,25.42538619469029
30423,2024-08-07 08:00:00,Asia/Bangkok,90.37953823008851,9.756521739130434,9.08695652173913,26.26975460176991
30424,2024-08-07 09:00:00,Asia/Bangkok,83.59577316326533,5.71,5.08,28.27327775510203
30425,2024-08-07 10:00:00,Asia/Bangkok,75.77330648648649,3.46551724137931,3.060344827586207,30.23278495495495
30426,2024-08-07 11:00:00,Asia/Bangkok,72.60430954954955,4.96551724137931,4.431034482758621,31.34323414414414
30427,2024-08-07 12:00:00,Asia/Bangkok,71.86508166666668,8.637931034482758,7.844827586206897,31.92313122807017
30428,2024-08-07 13:00:00,Asia/Bangkok,69.41981732142857,5.417391304347826,4.982758620689655,32.51254702702701
30429,2024-08-07 14:00:00,Asia/Bangkok,67.93644295652173,5.717948717948718,5.196581196581197,33.27413149122808
30430,2024-08-07 15:00:00,Asia/Bangkok,65.3795948245614,4.896551724137931,4.551724137931035,33.86537552631581
30431,2024-08-07 16:00:00,Asia/Bangkok,68.59935684210525,3.923076923076923,3.521367521367521,32.8121407894737
30432,2024-08-07 17:00:00,Asia/Bangkok,71.30674903508772,3.773913043478261,3.373913043478261,32.15207692982457
30433,2024-08-07 18:00:00,Asia/Bangkok,75.93824885964914,7.75,7.086206896551724,31.01393513274337
30434,2024-08-07 19:00:00,Asia/Bangkok,77.7652088596491,5.136752136752137,4.675213675213675,30.0435246491228
30435,2024-08-07 20:00:00,Asia/Bangkok,81.52612026785712,12.48275862068965,11.33620689655172,29.36148205357145
30436,2024-08-07 21:00:00,Asia/Bangkok,85.43754663716813,15.06086956521739,13.71551724137931,28.68055008928571
30437,2024-08-07 22:00:00,Asia/Bangkok,85.89100530434781,10.66379310344828,9.818965517241379,28.52476469565217
30438,2024-08-07 23:00:00,Asia/Bangkok,85.73627624999999,10.16379310344828,9.474137931034482,28.58010178571427
30439,2024-08-08 00:00:00,Asia/Bangkok,86.63786517857143,12.24137931034483,11.16379310344828,28.47975225225226
30440,2024-08-08 01:00:00,Asia/Bangkok,86.57642150442479,11.58260869565217,10.78260869565217,28.34587398230088
30441,2024-08-08 02:00:00,Asia/Bangkok,87.79784236842107,15.73275862068965,14.42241379310345,27.90756850877192
30442,2024-08-08 03:00:00,Asia/Bangkok,89.30955649122811,14.22222222222222,13.27350427350427,27.40369403508769
30443,2024-08-08 04:00:00,Asia/Bangkok,90.07339214285717,13.06896551724138,12.17241379310345,27.14586955357143
30444,2024-08-08 05:00:00,Asia/Bangkok,90.32761271929824,12.49137931034483,11.62068965517241,26.78982640350878
30445,2024-08-08 06:00:00,Asia/Bangkok,90.80694708333334,17.17171717171717,15.96938775510204,26.48489749999999
30446,2024-08-08 07:00:00,Asia/Bangkok,90.85094425925924,19.55357142857143,18.16964285714286,26.37391074074073
30447,2024-08-08 08:00:00,Asia/Bangkok,91.54991982300889,12.55172413793103,11.64655172413793,26.79436734513273
30448,2024-08-08 09:00:00,Asia/Bangkok,85.90742831858407,5.982758620689655,5.456896551724138,28.49631088495575
30449,2024-08-08 10:00:00,Asia/Bangkok,74.87326165217391,2.675213675213675,2.376068376068376,30.83111486956522
30450,2024-08-08 11:00:00,Asia/Bangkok,67.93086377192982,2.551724137931035,2.181034482758621,32.82029298245615
30451,2024-08-08 12:00:00,Asia/Bangkok,62.90367304347826,4.094017094017094,3.666666666666667,34.33899921739131
30452,2024-08-08 13:00:00,Asia/Bangkok,55.89698263157894,2.974137931034483,2.663793103448276,36.00777605263158
30453,2024-08-08 14:00:00,Asia/Bangkok,54.83463026785716,4.298245614035087,4.0,37.10429044642858
30454,2024-08-08 15:00:00,Asia/Bangkok,51.41773745614037,4.043478260869565,3.721739130434782,38.39661622807017
30455,2024-08-08 16:00:00,Asia/Bangkok,70.66495536082472,12.13131313131313,11.14141414141414,33.10230593750001
30456,2024-08-08 17:00:00,Asia/Bangkok,89.54590947368423,13.19827586206897,12.30172413793103,29.48205228070175
30457,2024-08-08 18:00:00,Asia/Bangkok,85.62879912280702,6.362068965517241,5.844827586206897,29.95205438596492
30458,2024-08-08 19:00:00,Asia/Bangkok,85.97228553571429,15.77586206896552,14.69827586206897,29.29128973214286
30459,2024-08-08 20:00:00,Asia/Bangkok,88.57396289473685,24.48717948717949,22.39316239316239,28.83726473684212
30460,2024-08-08 21:00:00,Asia/Bangkok,88.82301912280698,27.4051724137931,25.63793103448276,28.66050815789475
30461,2024-08-08 22:00:00,Asia/Bangkok,89.78038417391303,34.47863247863248,31.07692307692308,28.38370217391303
30462,2024-08-08 23:00:00,Asia/Bangkok,90.50887241379313,35.56034482758621,31.50862068965517,28.39357208695652
30463,2024-08-09 00:00:00,Asia/Bangkok,89.89631883928568,19.08620689655172,17.9051724137931,28.27634758928572
30464,2024-08-09 01:00:00,Asia/Bangkok,91.44893782608692,15.96551724137931,15.07758620689655,27.98510313043478
30465,2024-08-09 02:00:00,Asia/Bangkok,91.73261137931034,16.73504273504274,15.88034188034188,27.86600172413794
30466,2024-08-09 03:00:00,Asia/Bangkok,91.1333386206896,19.30769230769231,18.25,27.7092355172414
30467,2024-08-09 04:00:00,Asia/Bangkok,92.13060655172411,20.64655172413793,19.43589743589743,27.37417586206896
30468,2024-08-09 05:00:00,Asia/Bangkok,93.16580304347832,17.83620689655172,16.9051724137931,27.09502200000001
30469,2024-08-09 06:00:00,Asia/Bangkok,93.23891787610623,14.96551724137931,14.18103448275862,27.13460814159289
30470,2024-08-09 07:00:00,Asia/Bangkok,92.37033920353981,17.74137931034483,16.78448275862069,27.40213999999999
30471,2024-08-09 08:00:00,Asia/Bangkok,91.21087089285712,19.69827586206896,18.0,27.56561580357141
30472,2024-08-09 09:00:00,Asia/Bangkok,85.25390171171172,9.155172413793103,8.439655172413794,29.11492837837839
30473,2024-08-09 10:00:00,Asia/Bangkok,79.64823991379308,6.568965517241379,6.260869565217392,30.67500068965517
30474,2024-08-09 11:00:00,Asia/Bangkok,71.78451592920354,9.362068965517242,8.758620689655173,32.48115053097345
30475,2024-08-09 12:00:00,Asia/Bangkok,65.40083905172413,12.95726495726496,12.23076923076923,34.46567206896552
30476,2024-08-09 13:00:00,Asia/Bangkok,61.30955850877193,13.57758620689655,12.89655172413793,36.06769315789474
30477,2024-08-09 14:00:00,Asia/Bangkok,63.61268078947367,13.37931034482759,12.63793103448276,35.38311336283186
30478,2024-08-09 15:00:00,Asia/Bangkok,70.87133864864865,13.43103448275862,12.58620689655172,33.23721819819819
30479,2024-08-09 16:00:00,Asia/Bangkok,83.32539631578948,19.99130434782609,18.33043478260869,29.53302368421055
30480,2024-08-09 17:00:00,Asia/Bangkok,86.46961052631582,18.75862068965517,17.41379310344828,28.92906157894738
30481,2024-08-09 18:00:00,Asia/Bangkok,84.41151704347827,12.36521739130435,11.5304347826087,28.83751852173913
30482,2024-08-09 19:00:00,Asia/Bangkok,87.03709770642202,16.78260869565218,14.19130434782609,26.94992889908256
30483,2024-08-09 20:00:00,Asia/Bangkok,89.03028902654863,16.81196581196581,13.85470085470086,26.11217778761062
30484,2024-08-09 21:00:00,Asia/Bangkok,91.7981385714286,3.767241379310345,3.5,26.01878972972977
30485,2024-08-09 22:00:00,Asia/Bangkok,89.17658601769911,1.129310344827586,0.9913793103448276,26.33325044247789
30486,2024-08-09 23:00:00,Asia/Bangkok,87.72332758928572,3.654867256637168,3.415929203539823,26.7240605357143
30487,2024-08-10 00:00:00,Asia/Bangkok,88.08478713043478,4.620689655172414,4.275862068965517,26.62857860869565
30488,2024-08-10 01:00:00,Asia/Bangkok,89.13809660869563,6.129310344827586,5.758620689655173,26.23513147826085
30489,2024-08-10 02:00:00,Asia/Bangkok,90.38009224137932,6.367521367521367,6.094017094017094,25.91696869565217
30490,2024-08-10 03:00:00,Asia/Bangkok,91.77396800000002,7.086206896551724,6.620689655172414,25.56546156521739
30491,2024-08-10 04:00:00,Asia/Bangkok,91.29512224137933,7.681034482758621,7.28448275862069,25.60282905172414
30492,2024-08-10 05:00:00,Asia/Bangkok,92.91468304347828,9.788732394366198,9.225352112676056,25.28004114285714
30493,2024-08-10 06:00:00,Asia/Bangkok,93.80078106382979,9.26530612244898,8.6875,25.12968282608696
30494,2024-08-10 07:00:00,Asia/Bangkok,93.51078199999999,7.755555555555556,7.222222222222222,25.27735933333334
30495,2024-08-10 08:00:00,Asia/Bangkok,93.15534479166666,7.270833333333333,6.816326530612245,25.27337666666667
30496,2024-08-10 09:00:00,Asia/Bangkok,93.14823630434785,8.319148936170214,7.659574468085107,25.30780311111112
30497,2024-08-10 10:00:00,Asia/Bangkok,93.36953468085107,8.78,8.22,25.43878744680852
30498,2024-08-10 11:00:00,Asia/Bangkok,92.12279521739133,8.063829787234043,7.638297872340425,25.86611630434783
30499,2024-08-10 12:00:00,Asia/Bangkok,90.56963380952382,7.893617021276595,7.416666666666667,26.50301428571428
30500,2024-08-10 13:00:00,Asia/Bangkok,89.0545047826087,9.58695652173913,8.565217391304348,27.19115377777777
30501,2024-08-10 14:00:00,Asia/Bangkok,86.69021804347827,7.387755102040816,6.959183673469388,27.98826936170213
30502,2024-08-10 15:00:00,Asia/Bangkok,84.03464172413793,8.266666666666667,7.666666666666667,28.86387551724138
30503,2024-08-10 16:00:00,Asia/Bangkok,81.63334878048782,32.04347826086956,27.17391304347826,29.82509024390244
30504,2024-08-10 17:00:00,Asia/Bangkok,79.28410387096773,15.03225806451613,13.0,30.46185548387097
30505,2024-08-10 18:00:00,Asia/Bangkok,76.4444529787234,6.959183673469388,6.229166666666667,31.26731782608695
30506,2024-08-10 19:00:00,Asia/Bangkok,74.25546340909092,6.104166666666667,5.770833333333333,31.93417659090909
30507,2024-08-10 20:00:00,Asia/Bangkok,70.42277700000001,5.033333333333333,4.433333333333334,32.60776533333333
30508,2024-08-10 21:00:00,Asia/Bangkok,68.97246787234042,5.574468085106383,5.276595744680851,33.003675
30509,2024-08-10 22:00:00,Asia/Bangkok,68.92991609756096,7.238095238095238,6.707317073170731,33.45647609756099
30510,2024-08-10 23:00:00,Asia/Bangkok,68.52038571428571,6.357142857142857,5.906976744186046,33.56571404761904
30511,2024-08-11 00:00:00,Asia/Bangkok,67.41314676470589,6.583333333333333,6.111111111111111,34.00128588235295
30512,2024-08-11 01:00:00,Asia/Bangkok,66.99994972222223,6.878787878787879,6.575757575757576,34.16234444444445
30513,2024-08-11 02:00:00,Asia/Bangkok,64.67354000000003,7.764705882352941,7.372549019607843,34.62432739130435
30514,2024-08-11 03:00:00,Asia/Bangkok,62.30736666666665,7.043478260869565,6.5,35.20504777777778
30515,2024-08-11 04:00:00,Asia/Bangkok,61.00818476190476,6.333333333333333,6.0,36.02000166666666
30516,2024-08-11 05:00:00,Asia/Bangkok,60.97426484848485,5.916666666666667,5.611111111111111,35.98306303030301
30517,2024-08-11 06:00:00,Asia/Bangkok,63.18313333333333,7.966666666666667,7.433333333333334,35.38793333333333
30518,2024-08-11 07:00:00,Asia/Bangkok,63.71835509803923,6.60377358490566,6.0,35.0298088235294
30519,2024-08-11 08:00:00,Asia/Bangkok,64.16240761904761,4.288888888888889,3.933333333333333,34.33528886363637
30520,2024-08-11 09:00:00,Asia/Bangkok,65.32561523809525,3.463414634146341,3.170731707317073,33.91395000000001
30521,2024-08-11 10:00:00,Asia/Bangkok,66.60013105263158,5.315789473684211,4.921052631578948,33.73799974358974
30522,2024-08-11 11:00:00,Asia/Bangkok,65.85971785714287,5.261904761904762,4.904761904761905,33.42306560975609
30523,2024-08-11 12:00:00,Asia/Bangkok,66.12341022222225,5.086956521739131,4.787234042553192,33.48031111111111
30524,2024-08-11 13:00:00,Asia/Bangkok,67.69195162162163,6.236842105263158,5.921052631578948,33.14320621621622
30525,2024-08-11 14:00:00,Asia/Bangkok,69.31063333333333,6.921052631578948,6.368421052631579,32.71358771428572
30526,2024-08-11 15:00:00,Asia/Bangkok,70.54600378378377,21.33333333333333,18.94871794871795,32.31417135135135
30527,2024-08-11 16:00:00,Asia/Bangkok,70.3989625,15.38461538461539,14.34615384615385,31.9792784
30528,2024-08-11 17:00:00,Asia/Bangkok,72.05622642857145,16.35,15.51282051282051,31.63246023809525
30529,2024-08-11 18:00:00,Asia/Bangkok,73.10085647058824,15.0,13.91176470588235,31.50374294117647
30530,2024-08-11 19:00:00,Asia/Bangkok,74.10867454545452,12.32352941176471,11.61764705882353,31.28692030303031
30531,2024-08-11 20:00:00,Asia/Bangkok,75.47354413793103,11.6969696969697,10.84848484848485,30.96017448275862
30532,2024-08-11 21:00:00,Asia/Bangkok,76.91493,9.772727272727273,8.954545454545455,30.70235449999999
30533,2024-08-11 22:00:00,Asia/Bangkok,79.553,9.285714285714286,8.685714285714285,30.25056911764706
30534,2024-08-11 23:00:00,Asia/Bangkok,80.75763108108109,10.27027027027027,9.45945945945946,30.02151783783783
30535,2024-08-12 00:00:00,Asia/Bangkok,81.5162363888889,12.89473684210526,12.10526315789474,29.86129857142858
30536,2024-08-12 01:00:00,Asia/Bangkok,82.4119284375,13.45714285714286,12.42857142857143,29.73299281249999
30537,2024-08-12 02:00:00,Asia/Bangkok,83.06975500000001,11.91666666666667,11.0,29.62390911764707
30538,2024-08-12 03:00:00,Asia/Bangkok,83.31851315789471,10.57894736842105,10.15,29.56401210526315
30539,2024-08-12 04:00:00,Asia/Bangkok,83.50444030303032,9.058823529411764,8.411764705882353,29.36242575757575
30540,2024-08-12 05:00:00,Asia/Bangkok,84.41413233333331,9.428571428571429,8.628571428571428,29.01065633333333
30541,2024-08-12 06:00:00,Asia/Bangkok,85.30205,9.5,8.8125,28.732944
30542,2024-08-12 07:00:00,Asia/Bangkok,85.96054333333335,11.55882352941176,10.5,28.58762606060606
30543,2024-08-12 08:00:00,Asia/Bangkok,86.31797379310346,12.13333333333333,11.43333333333333,28.56783517241379
30544,2024-08-12 09:00:00,Asia/Bangkok,86.93123888888888,13.22727272727273,12.59090909090909,28.42944611111111
30545,2024-08-12 10:00:00,Asia/Bangkok,88.01714814814815,14.53571428571429,13.71428571428571,28.19015000000001
30546,2024-08-12 11:00:00,Asia/Bangkok,88.42202781250002,13.15151515151515,12.45454545454546,28.09215656249999
30547,2024-08-12 12:00:00,Asia/Bangkok,88.6653181818182,12.2,11.36,28.02718045454546
30548,2024-08-12 13:00:00,Asia/Bangkok,88.66148090909091,11.64705882352941,10.91176470588235,27.99020363636364
30549,2024-08-12 14:00:00,Asia/Bangkok,88.695541875,11.8125,10.875,27.90139176470587
30550,2024-08-12 15:00:00,Asia/Bangkok,88.8574309375,12.72727272727273,11.90909090909091,27.82112125
30551,2024-08-12 16:00:00,Asia/Bangkok,88.78874470588235,13.70588235294118,13.0,27.7736905882353
30552,2024-08-12 17:00:00,Asia/Bangkok,88.56158125000002,13.0,12.41666666666667,27.69225125
30553,2024-08-12 18:00:00,Asia/Bangkok,88.69922307692309,13.26923076923077,12.24,27.63486839999999
30554,2024-08-12 19:00:00,Asia/Bangkok,88.95018045454547,12.59090909090909,12.0,27.55004782608695
30555,2024-08-12 20:00:00,Asia/Bangkok,88.86582217391303,14.0,12.78260869565217,27.49931347826088
30556,2024-08-12 21:00:00,Asia/Bangkok,88.49259937499998,12.25,11.5,27.57187096774193
30557,2024-08-12 22:00:00,Asia/Bangkok,88.33410083333335,11.41666666666667,10.5,27.56392615384616
30558,2024-08-12 23:00:00,Asia/Bangkok,89.37972033333334,12.79310344827586,11.86666666666667,27.34160482758621
30559,2024-08-13 00:00:00,Asia/Bangkok,89.80629777777777,12.0,11.2962962962963,27.18086444444444
30560,2024-08-13 01:00:00,Asia/Bangkok,89.76959083333333,10.75,10.30434782608696,27.15673208333333
30561,2024-08-13 02:00:00,Asia/Bangkok,89.42914782608695,9.91304347826087,9.625,27.21637
30562,2024-08-13 03:00:00,Asia/Bangkok,89.35237192307692,9.692307692307692,9.23076923076923,27.20137576923076
30563,2024-08-13 04:00:00,Asia/Bangkok,89.77701409090908,10.75,10.375,27.16064086956521
30564,2024-08-13 05:00:00,Asia/Bangkok,89.88167826086956,10.25,9.75,27.09681545454545
30565,2024-08-13 06:00:00,Asia/Bangkok,89.93487272727275,10.31818181818182,9.681818181818182,27.06721476190476
30566,2024-08-13 07:00:00,Asia/Bangkok,90.03208315789475,9.904761904761905,9.380952380952381,27.03240052631579
30567,2024-08-13 08:00:00,Asia/Bangkok,90.09587583333335,9.454545454545455,8.818181818181818,26.98453818181818
30568,2024-08-13 09:00:00,Asia/Bangkok,90.08275789473684,9.73913043478261,9.217391304347826,26.997673
30569,2024-08-13 10:00:00,Asia/Bangkok,89.98301421052632,9.210526315789474,8.789473684210526,26.99599176470588
30570,2024-08-13 11:00:00,Asia/Bangkok,90.11482125,8.714285714285714,8.375,26.97337
30571,2024-08-13 12:00:00,Asia/Bangkok,90.20869954545454,9.217391304347826,8.91304347826087,26.90382363636363
30572,2024-08-13 13:00:00,Asia/Bangkok,90.77026529411764,10.05263157894737,9.15,26.77373117647059
30573,2024-08-13 14:00:00,Asia/Bangkok,90.97091631578947,10.68181818181818,10.33333333333333,26.73895210526317
30574,2024-08-13 15:00:00,Asia/Bangkok,91.15709150000002,11.52380952380952,10.71428571428571,26.729044
30575,2024-08-13 16:00:00,Asia/Bangkok,91.38934,11.0,10.0,26.71436
30576,2024-08-13 17:00:00,Asia/Bangkok,91.46323285714286,10.35714285714286,9.8125,26.789124
30577,2024-08-13 18:00:00,Asia/Bangkok,91.15455409090909,10.125,9.416666666666666,26.94516086956522
30578,2024-08-13 19:00:00,Asia/Bangkok,90.7906394117647,9.944444444444445,9.294117647058824,27.14264111111111
30579,2024-08-13 20:00:00,Asia/Bangkok,90.29919999999998,9.916666666666666,9.333333333333334,27.29626
30580,2024-08-13 21:00:00,Asia/Bangkok,90.09035428571428,9.642857142857142,8.714285714285714,27.48607571428571
30581,2024-08-13 22:00:00,Asia/Bangkok,89.66377461538461,9.928571428571429,8.928571428571429,27.7364225
30582,2024-08-13 23:00:00,Asia/Bangkok,89.07037818181817,8.928571428571429,8.642857142857142,28.00104
30583,2024-08-14 01:00:00,Asia/Bangkok,85.97224,6.363636363636363,5.909090909090909,28.59280727272727
30584,2024-08-14 02:00:00,Asia/Bangkok,84.99979461538463,6.307692307692307,5.846153846153846,28.87711384615384
30585,2024-08-14 03:00:00,Asia/Bangkok,83.83478375,6.0,5.6875,29.17789375
30586,2024-08-14 04:00:00,Asia/Bangkok,82.80066666666666,5.833333333333333,5.666666666666667,29.35575
30587,2024-08-14 05:00:00,Asia/Bangkok,82.61982499999999,5.5,5.333333333333333,29.473335
30588,2024-08-14 06:00:00,Asia/Bangkok,82.56090285714286,5.272727272727272,5.0,29.61204
30589,2024-08-14 07:00:00,Asia/Bangkok,81.24577166666667,4.583333333333333,4.083333333333333,29.75407916666666
30590,2024-08-14 08:00:00,Asia/Bangkok,80.51897666666666,5.111111111111111,4.666666666666667,29.89916444444445
30591,2024-08-14 09:00:00,Asia/Bangkok,79.97253333333336,4.0,3.666666666666667,30.05552555555555
30592,2024-08-14 10:00:00,Asia/Bangkok,79.66811625,4.375,4.142857142857143,30.27289375
30593,2024-08-14 11:00:00,Asia/Bangkok,79.15770571428573,5.166666666666667,5.0,30.34446428571428
30594,2024-08-14 12:00:00,Asia/Bangkok,79.75611,7.142857142857143,6.714285714285714,30.364685
30595,2024-08-14 13:00:00,Asia/Bangkok,79.72889500000001,6.285714285714286,5.857142857142857,30.43602857142857
30596,2024-08-14 14:00:00,Asia/Bangkok,79.16751571428573,5.428571428571429,5.428571428571429,30.56191285714286
30597,2024-08-14 15:00:00,Asia/Bangkok,79.09972,5.333333333333333,5.333333333333333,30.74654857142857
30598,2024-08-14 16:00:00,Asia/Bangkok,78.918442,5.4,5.2,30.9101075
30599,2024-08-14 17:00:00,Asia/Bangkok,78.28717,4.5,4.25,31.0169175
30600,2024-08-14 18:00:00,Asia/Bangkok,78.183415,6.0,5.0,31.105705
30601,2024-08-18 21:00:00,Asia/Bangkok,84.3543059322034,23.76271186440678,20.89830508474576,28.18959169491526
30602,2024-08-18 22:00:00,Asia/Bangkok,84.97883263157897,9.939655172413794,9.051724137931034,27.69129526315789
30603,2024-08-18 23:00:00,Asia/Bangkok,86.11117168141598,4.71551724137931,4.224137931034483,27.14323283185843
30604,2024-08-19 00:00:00,Asia/Bangkok,86.47429245454542,3.275862068965517,2.844827586206896,27.03867372727271
30605,2024-08-19 01:00:00,Asia/Bangkok,88.18865283185838,3.726495726495727,3.333333333333333,26.84701973451328
30606,2024-08-19 02:00:00,Asia/Bangkok,88.5920056140351,4.603448275862069,4.275862068965517,26.81498403508771
30607,2024-08-19 03:00:00,Asia/Bangkok,88.78378165217394,5.241379310344827,4.767241379310345,26.70639147826089
30608,2024-08-19 04:00:00,Asia/Bangkok,89.48954566371681,5.474137931034483,4.991379310344827,26.6455907964602
30609,2024-08-19 05:00:00,Asia/Bangkok,90.0590074774775,6.008620689655173,5.456896551724138,26.6351118018018
30610,2024-08-19 06:00:00,Asia/Bangkok,91.45380097345137,7.217391304347826,6.730434782608696,26.30968991150444
30611,2024-08-19 07:00:00,Asia/Bangkok,92.16238577586209,7.206896551724138,6.560344827586207,26.25196801724138
30612,2024-08-19 08:00:00,Asia/Bangkok,90.54351614035086,4.732758620689655,4.267241379310345,27.09602115044249
30613,2024-08-19 09:00:00,Asia/Bangkok,83.60549655172413,2.05982905982906,1.769230769230769,29.23887973913043
30614,2024-08-19 10:00:00,Asia/Bangkok,75.60540095652175,1.301724137931034,1.094827586206897,31.41808798245614
30615,2024-08-19 11:00:00,Asia/Bangkok,70.95300631578947,3.293103448275862,2.939655172413793,32.64976622807018
30616,2024-08-19 12:00:00,Asia/Bangkok,67.05119477876104,4.829059829059829,4.461538461538462,33.8719675221239
30617,2024-08-19 13:00:00,Asia/Bangkok,63.1246292035398,3.551724137931035,3.206896551724138,34.97571017699114
30618,2024-08-19 14:00:00,Asia/Bangkok,63.91447504504503,4.379310344827586,4.086206896551724,35.1684427927928
30619,2024-08-19 15:00:00,Asia/Bangkok,61.76748565217392,2.170940170940171,1.965811965811966,35.37257904347825
30620,2024-08-19 16:00:00,Asia/Bangkok,62.939373,1.0625,0.8839285714285714,34.84370636363634
30621,2024-08-19 17:00:00,Asia/Bangkok,67.04159692982454,1.96551724137931,1.706896551724138,33.7201948245614
30622,2024-08-19 18:00:00,Asia/Bangkok,71.3463657522124,2.8,2.4,32.49083814159292
30623,2024-08-19 19:00:00,Asia/Bangkok,74.19719566371683,4.431034482758621,3.974137931034483,31.55894598214285
30624,2024-08-19 20:00:00,Asia/Bangkok,75.34651695652173,3.724137931034483,3.241379310344827,29.99691192982456
30625,2024-08-19 21:00:00,Asia/Bangkok,77.74900468468466,3.556521739130435,3.121739130434783,29.02019162162162
30626,2024-08-19 22:00:00,Asia/Bangkok,81.33381517857143,1.637931034482759,1.431034482758621,28.54121330357141
30627,2024-08-19 23:00:00,Asia/Bangkok,84.66912660714283,0.7327586206896551,0.5603448275862069,27.86357169642858
30628,2024-08-20 00:00:00,Asia/Bangkok,86.09219409090908,0.7586206896551724,0.5775862068965517,27.62299236363637
30629,2024-08-20 01:00:00,Asia/Bangkok,87.70300739130434,2.0,1.689655172413793,27.27637269565217
30630,2024-08-20 02:00:00,Asia/Bangkok,88.91669628318586,1.853448275862069,1.606837606837607,27.04299088495576
30631,2024-08-20 03:00:00,Asia/Bangkok,89.5173056140351,2.854700854700855,2.504273504273504,26.95032429824563
30632,2024-08-20 04:00:00,Asia/Bangkok,90.08595103448279,4.232758620689655,3.810344827586207,26.83304603448277
30633,2024-08-20 05:00:00,Asia/Bangkok,91.8145647368421,4.51304347826087,4.095652173913043,26.43054807017544
30634,2024-08-20 06:00:00,Asia/Bangkok,91.53444382608694,3.422413793103448,3.03448275862069,26.41464843478262
30635,2024-08-20 07:00:00,Asia/Bangkok,91.5154056637168,0.896551724137931,0.7758620689655172,26.22138035398231
30636,2024-08-20 08:00:00,Asia/Bangkok,90.17551947368423,1.870689655172414,1.594827586206897,27.00472234782607
30637,2024-08-20 09:00:00,Asia/Bangkok,83.02115280701756,1.222222222222222,1.0,29.11119557522124
30638,2024-08-20 10:00:00,Asia/Bangkok,75.07536875000004,1.069565217391304,0.8706896551724138,31.24558785714283
30639,2024-08-20 11:00:00,Asia/Bangkok,69.5156856521739,1.232758620689655,1.025862068965517,33.06520617391305
30640,2024-08-20 12:00:00,Asia/Bangkok,66.96448761061944,1.539130434782609,1.278260869565217,33.85106385964912
30641,2024-08-20 13:00:00,Asia/Bangkok,64.21475982142857,1.222222222222222,0.9829059829059829,34.75731027027025
30642,2024-08-20 14:00:00,Asia/Bangkok,62.79148256637168,1.293103448275862,1.103448275862069,35.36458681415928
30643,2024-08-20 15:00:00,Asia/Bangkok,63.57461025862069,0.396551724137931,0.293103448275862,34.43297286956521
30644,2024-08-20 16:00:00,Asia/Bangkok,69.13213719298248,2.47008547008547,2.181034482758621,32.85224280701755
30645,2024-08-20 17:00:00,Asia/Bangkok,78.86555078260865,15.49137931034483,13.96581196581197,30.57318517543858
30646,2024-08-20 18:00:00,Asia/Bangkok,79.11274122807018,3.793103448275862,3.258620689655173,29.45181307017544
30647,2024-08-20 19:00:00,Asia/Bangkok,83.71035660869566,17.52586206896552,15.29310344827586,28.94844226086956
30648,2024-08-20 20:00:00,Asia/Bangkok,86.57212780701757,35.28448275862069,30.17241379310345,28.46946017543859
30649,2024-08-20 21:00:00,Asia/Bangkok,88.59635982142855,22.64102564102564,20.08547008547009,27.86121098214286
30650,2024-08-20 22:00:00,Asia/Bangkok,90.21582053097345,32.09565217391305,27.66086956521739,27.60373631578947
30651,2024-08-20 23:00:00,Asia/Bangkok,91.38804953703702,16.31896551724138,14.99137931034483,27.42554999999998
30652,2024-08-21 00:00:00,Asia/Bangkok,91.14458238938056,26.94017094017094,24.57264957264957,27.47903460176992
30653,2024-08-21 01:00:00,Asia/Bangkok,90.059925877193,18.72413793103448,17.21551724137931,27.43168657894735
30654,2024-08-21 02:00:00,Asia/Bangkok,89.98246450450452,19.65789473684211,17.97368421052632,27.08542927927927
30655,2024-08-21 03:00:00,Asia/Bangkok,90.70450765217393,27.28448275862069,24.85344827586207,26.88235086956523
30656,2024-08-21 04:00:00,Asia/Bangkok,90.47783695652176,21.38793103448276,19.47413793103448,26.73975547826087
30657,2024-08-21 05:00:00,Asia/Bangkok,91.28078551724136,15.69827586206897,14.55172413793103,26.40247663793106
30658,2024-08-21 06:00:00,Asia/Bangkok,91.08548385321106,13.16521739130435,12.07826086956522,26.22820348623853
30659,2024-08-21 07:00:00,Asia/Bangkok,91.12738357142857,12.34782608695652,11.38260869565217,26.06500660714283
30660,2024-08-21 08:00:00,Asia/Bangkok,91.37566765217393,10.04424778761062,9.327433628318584,26.36941530434783
30661,2024-08-21 09:00:00,Asia/Bangkok,87.76280135135134,7.043478260869565,6.391304347826087,27.0873740909091
30662,2024-08-21 10:00:00,Asia/Bangkok,80.90842140350875,6.913793103448276,6.293103448275862,28.9990050877193
30663,2024-08-21 11:00:00,Asia/Bangkok,73.78809360360358,6.853448275862069,6.293103448275862,30.76718720720719
30664,2024-08-21 12:00:00,Asia/Bangkok,66.91247450450453,5.495726495726496,4.931623931623932,32.39236045045044
30665,2024-08-21 13:00:00,Asia/Bangkok,60.01817843478261,5.370689655172414,4.818965517241379,33.98811852173913
30666,2024-08-21 14:00:00,Asia/Bangkok,57.00806306306309,3.862068965517242,3.301724137931035,34.46756693693695
30667,2024-08-21 15:00:00,Asia/Bangkok,54.35721394736841,2.758620689655173,2.439655172413793,34.860025
30668,2024-08-21 16:00:00,Asia/Bangkok,54.5461394642857,2.811965811965812,2.376068376068376,34.74321919642858
30669,2024-08-21 17:00:00,Asia/Bangkok,64.79014908163268,3.111111111111111,2.525252525252525,33.38095082474227
30670,2024-08-21 18:00:00,Asia/Bangkok,70.82525591304346,15.37068965517241,13.74137931034483,32.16142773913044
30671,2024-08-21 19:00:00,Asia/Bangkok,72.83999110091742,20.85217391304348,19.0,31.67574851851847
30672,2024-08-21 20:00:00,Asia/Bangkok,75.30519819819821,46.22413793103448,37.53448275862069,30.85699387387386
30673,2024-08-21 21:00:00,Asia/Bangkok,79.63333064814815,50.41964285714285,40.72321428571428,30.11696777777778
30674,2024-08-21 22:00:00,Asia/Bangkok,85.02951139999999,26.98039215686275,24.56862745098039,28.86504696969698
30675,2024-08-21 23:00:00,Asia/Bangkok,85.53976657657657,30.49137931034483,27.47413793103448,28.845251981982
30676,2024-08-22 00:00:00,Asia/Bangkok,85.40745353448277,26.08620689655172,23.92241379310345,28.73300844827588
30677,2024-08-22 01:00:00,Asia/Bangkok,84.42673761061944,20.33333333333333,18.48717948717949,28.64216303571429
30678,2024-08-22 02:00:00,Asia/Bangkok,85.35918219298244,13.82758620689655,12.64655172413793,28.24334701754384
30679,2024-08-22 03:00:00,Asia/Bangkok,86.85138035087722,12.06896551724138,10.98275862068965,27.61804719298247
30680,2024-08-22 04:00:00,Asia/Bangkok,86.99723221238935,8.333333333333334,7.521367521367521,27.63100893805309
30681,2024-08-22 05:00:00,Asia/Bangkok,88.22559321428574,5.28695652173913,4.634782608695653,27.33644169642858
30682,2024-08-22 06:00:00,Asia/Bangkok,89.23469194690264,4.672413793103448,4.017241379310345,27.13619221238936
30683,2024-08-22 07:00:00,Asia/Bangkok,90.43047874999999,5.147826086956521,4.551724137931035,27.01633678571428
30684,2024-08-22 08:00:00,Asia/Bangkok,88.3256142608696,2.258620689655173,1.767241379310345,27.93125530434783
30685,2024-08-22 09:00:00,Asia/Bangkok,83.01314877192983,7.112068965517241,5.931034482758621,29.5086857894737
30686,2024-08-22 10:00:00,Asia/Bangkok,75.00210833333334,2.47008547008547,2.076923076923077,31.46542675438598
30687,2024-08-22 11:00:00,Asia/Bangkok,67.71808284403669,4.189655172413793,3.801724137931035,33.03668532110093
30688,2024-08-22 12:00:00,Asia/Bangkok,62.94972154545458,6.295652173913044,5.695652173913044,34.46522390909092
30689,2024-08-22 13:00:00,Asia/Bangkok,57.40907156521739,6.208695652173913,5.730434782608696,36.26070649122806
30690,2024-08-22 14:00:00,Asia/Bangkok,55.82826549549548,6.945945945945946,6.441441441441442,36.48777792792792
30691,2024-08-22 15:00:00,Asia/Bangkok,55.21925862745099,8.413461538461538,7.798076923076923,37.92787274509805
30692,2024-08-22 16:00:00,Asia/Bangkok,76.60888025862069,9.741379310344827,8.818965517241379,31.29496391304347
30693,2024-08-22 17:00:00,Asia/Bangkok,89.90633375000004,4.336206896551724,3.836206896551724,26.86856375
30694,2024-08-22 18:00:00,Asia/Bangkok,91.44598681818185,4.637931034482759,4.146551724137931,26.09374154545455
30695,2024-08-22 19:00:00,Asia/Bangkok,91.66642743362827,3.025862068965517,2.71551724137931,25.96011495575221
30696,2024-08-22 20:00:00,Asia/Bangkok,91.15754330434784,1.491379310344828,1.129310344827586,25.53139796460178
30697,2024-08-22 21:00:00,Asia/Bangkok,90.8122763478261,7.267241379310345,6.46551724137931,25.91121034782608
30698,2024-08-22 22:00:00,Asia/Bangkok,91.85443258620697,2.700854700854701,2.264957264957265,25.64746482758618
30699,2024-08-22 23:00:00,Asia/Bangkok,93.11514412280708,2.077586206896552,1.810344827586207,25.61424929824561
30700,2024-08-23 00:00:00,Asia/Bangkok,93.306740625,2.842105263157895,2.403508771929824,25.83548062500001
30701,2024-08-23 01:00:00,Asia/Bangkok,93.70485464912284,3.692307692307693,3.189655172413793,25.87600921052629
30702,2024-08-23 02:00:00,Asia/Bangkok,94.09740310344826,4.741379310344827,4.128205128205129,25.58775129310349
30703,2024-08-23 03:00:00,Asia/Bangkok,94.64780276785712,3.721739130434782,3.304347826086957,25.53683223214289
30704,2024-08-23 04:00:00,Asia/Bangkok,94.59025568807341,3.525862068965517,3.163793103448276,25.30914715596328
30705,2024-08-23 05:00:00,Asia/Bangkok,94.51844637931035,3.487179487179487,3.0,25.34286258620688
30706,2024-08-23 06:00:00,Asia/Bangkok,94.47645432432435,4.181034482758621,3.681034482758621,25.49422909909915
30707,2024-08-23 07:00:00,Asia/Bangkok,94.07755868421056,5.780701754385965,5.017543859649122,25.61481131578946
30708,2024-08-23 08:00:00,Asia/Bangkok,94.1229808849558,6.456896551724138,5.991379310344827,25.81308221238938
30709,2024-08-23 09:00:00,Asia/Bangkok,93.77762646017702,5.301724137931035,4.844827586206897,26.23780407079646
30710,2024-08-23 10:00:00,Asia/Bangkok,92.09610215517247,4.136752136752137,3.820512820512821,26.96105818965518
30711,2024-08-23 11:00:00,Asia/Bangkok,89.57482972972976,2.862068965517242,2.448275862068965,27.82742117117117
30712,2024-08-23 12:00:00,Asia/Bangkok,77.08406938053099,4.301724137931035,3.870689655172414,31.48192769911505
30713,2024-08-23 13:00:00,Asia/Bangkok,72.2423265486726,4.387931034482759,3.96551724137931,32.5638592920354
30714,2024-08-23 14:00:00,Asia/Bangkok,69.52372686956521,3.222222222222222,2.811965811965812,33.25955869565217
30715,2024-08-23 15:00:00,Asia/Bangkok,75.15162495652173,4.155172413793103,3.827586206896552,32.05182166666666
30716,2024-08-23 16:00:00,Asia/Bangkok,79.19446732758618,5.94017094017094,5.273504273504273,30.91375791304348
30717,2024-08-23 17:00:00,Asia/Bangkok,77.74993622807015,10.85217391304348,10.00862068965517,31.09849087719294
30718,2024-08-23 18:00:00,Asia/Bangkok,80.40516701754387,14.31034482758621,13.29310344827586,30.82996114035087
30719,2024-08-23 19:00:00,Asia/Bangkok,83.39113252252251,12.66379310344828,11.63793103448276,29.8853290990991
30720,2024-08-23 20:00:00,Asia/Bangkok,84.03110043859652,14.90598290598291,12.92307692307692,29.05632192982456
30721,2024-08-23 21:00:00,Asia/Bangkok,87.20012444444447,10.44827586206897,9.413793103448276,28.47018925925926
30722,2024-08-23 22:00:00,Asia/Bangkok,88.60402629629633,7.560344827586207,6.758620689655173,28.15954523364482
30723,2024-08-23 23:00:00,Asia/Bangkok,90.87656081081079,10.20869565217391,9.226086956521739,27.54376630630628
30724,2024-08-24 00:00:00,Asia/Bangkok,92.68703192982454,9.39655172413793,8.46551724137931,27.06823885964912
30725,2024-08-24 01:00:00,Asia/Bangkok,91.75105433628308,8.017391304347827,7.243478260869566,27.28563637168137
30726,2024-08-24 02:00:00,Asia/Bangkok,91.30225217391303,6.208695652173913,5.51304347826087,27.31331739130434
30727,2024-08-24 03:00:00,Asia/Bangkok,91.95187210526322,6.413793103448276,5.646551724137931,27.06624780701755
30728,2024-08-24 04:00:00,Asia/Bangkok,92.97234318584073,4.78448275862069,4.336206896551724,26.6861397345133
30729,2024-08-24 05:00:00,Asia/Bangkok,92.26070298245614,3.655172413793104,3.189655172413793,26.54255999999997
30730,2024-08-24 06:00:00,Asia/Bangkok,93.02950071428575,3.931034482758621,3.5,26.51703339285715
30731,2024-08-24 07:00:00,Asia/Bangkok,93.78008778761068,5.307692307692307,4.717948717948718,26.40745389380531
30732,2024-08-24 08:00:00,Asia/Bangkok,92.96323366071428,3.947826086956522,3.478260869565217,26.96667437499998
30733,2024-08-24 09:00:00,Asia/Bangkok,87.07585375000001,3.076923076923077,2.675213675213675,28.34792508928572
30734,2024-08-24 10:00:00,Asia/Bangkok,81.8386846017699,3.008620689655173,2.629310344827586,29.47339141592919
30735,2024-08-24 11:00:00,Asia/Bangkok,76.48888447368422,4.739130434782608,4.344827586206897,31.22151499999999
30736,2024-08-24 12:00:00,Asia/Bangkok,71.9185545614035,6.129310344827586,5.655172413793103,32.3852848245614
30737,2024-08-24 13:00:00,Asia/Bangkok,68.11501587719299,3.863247863247863,3.495726495726496,33.61045122807016
30738,2024-08-24 14:00:00,Asia/Bangkok,64.12515784482758,3.620689655172414,3.344827586206896,34.55883310344829
30739,2024-08-24 15:00:00,Asia/Bangkok,66.89926669565219,6.120689655172414,5.672413793103448,33.53725307017542
30740,2024-08-24 16:00:00,Asia/Bangkok,74.64360547826087,13.08620689655172,11.89655172413793,31.94424739130435
30741,2024-08-24 17:00:00,Asia/Bangkok,75.41782201754388,2.495726495726496,2.189655172413793,31.1159652631579
30742,2024-08-24 18:00:00,Asia/Bangkok,79.96694221238943,2.681034482758621,2.350427350427351,29.85878169642856
30743,2024-08-24 19:00:00,Asia/Bangkok,83.71361089285712,2.198275862068965,1.827586206896552,28.38685839285714
30744,2024-08-24 20:00:00,Asia/Bangkok,84.04748310344833,3.153846153846154,2.777777777777778,27.86312422413793
30745,2024-08-24 21:00:00,Asia/Bangkok,82.3425818421052,2.293103448275862,2.025862068965517,27.60099587719299
30746,2024-08-24 22:00:00,Asia/Bangkok,82.35384391304349,1.243478260869565,0.9652173913043478,27.43571330434782
30747,2024-08-24 23:00:00,Asia/Bangkok,84.95361368421054,2.298245614035088,1.956140350877193,27.18650614035086
30748,2024-08-25 00:00:00,Asia/Bangkok,87.52265705357142,4.758620689655173,4.28448275862069,26.92583294642858
30749,2024-08-25 01:00:00,Asia/Bangkok,89.04971663793104,4.376068376068377,3.939655172413793,26.64552508620688
30750,2024-08-25 02:00:00,Asia/Bangkok,89.04333862068964,3.896551724137931,3.418803418803419,26.5148145689655
30751,2024-08-25 03:00:00,Asia/Bangkok,88.99244387931033,4.53448275862069,4.112068965517241,26.23212456896552
30752,2024-08-25 04:00:00,Asia/Bangkok,88.97150043859648,6.017241379310345,5.439655172413793,26.07895175438599
30753,2024-08-25 05:00:00,Asia/Bangkok,89.50343672413791,7.327586206896552,6.603448275862069,26.00194410256411
30754,2024-08-25 06:00:00,Asia/Bangkok,90.40699008849556,4.803418803418803,4.401709401709402,25.84988258928573
30755,2024-08-25 07:00:00,Asia/Bangkok,91.15936333333335,5.353448275862069,4.870689655172414,25.69364036036036
30756,2024-08-25 08:00:00,Asia/Bangkok,90.55977249999998,6.905172413793103,6.258620689655173,26.25743964285716
30757,2024-08-25 09:00:00,Asia/Bangkok,87.98300736363639,5.792792792792793,5.351351351351352,27.31803723214287
30758,2024-08-25 10:00:00,Asia/Bangkok,85.18055730434781,5.620689655172414,5.232758620689655,27.93026640350878
30759,2024-08-25 11:00:00,Asia/Bangkok,82.61383094827583,4.75,4.241379310344827,28.68758637931035
30760,2024-08-25 12:00:00,Asia/Bangkok,80.13217612612617,4.782608695652174,4.278260869565218,29.48381864864866
30761,2024-08-25 13:00:00,Asia/Bangkok,80.32627578947373,4.594827586206897,4.155172413793103,29.49100175438598
30762,2024-08-25 14:00:00,Asia/Bangkok,80.94177596491231,4.086206896551724,3.706896551724138,29.44727
30763,2024-08-25 15:00:00,Asia/Bangkok,80.3461144347826,4.726495726495727,4.316239316239316,29.85477313043479
30764,2024-08-25 16:00:00,Asia/Bangkok,81.71801725663718,10.13793103448276,9.275862068965518,29.77405212389381
30765,2024-08-25 17:00:00,Asia/Bangkok,82.308045862069,10.79310344827586,9.78448275862069,29.64987232758623
30766,2024-08-25 18:00:00,Asia/Bangkok,83.6522993965517,25.44827586206896,22.53448275862069,29.35668646551725
30767,2024-08-25 19:00:00,Asia/Bangkok,86.62796603448275,9.931034482758621,9.094827586206897,28.12465387931034
30768,2024-08-25 20:00:00,Asia/Bangkok,86.68664782608697,4.495726495726496,4.017094017094017,26.99487495652174
30769,2024-08-25 21:00:00,Asia/Bangkok,86.1719110526316,9.241379310344827,7.681034482758621,27.16205333333333
30770,2024-08-25 22:00:00,Asia/Bangkok,88.94351469026549,4.53448275862069,4.017241379310345,26.80521610619469
30771,2024-08-25 23:00:00,Asia/Bangkok,91.4937995652174,8.068965517241379,7.336206896551724,26.47941095652174
30772,2024-08-26 00:00:00,Asia/Bangkok,90.86565999999999,6.189655172413793,5.543103448275862,26.31928362068964
30773,2024-08-26 01:00:00,Asia/Bangkok,90.11637000000002,5.103448275862069,4.775862068965517,26.24901140350877
30774,2024-08-26 02:00:00,Asia/Bangkok,91.39645155172413,5.560344827586207,5.060344827586207,26.04572234782608
30775,2024-08-26 03:00:00,Asia/Bangkok,90.5525433628319,5.752136752136752,5.376068376068377,26.134296460177
30776,2024-08-26 04:00:00,Asia/Bangkok,90.59902318584075,5.78448275862069,5.370689655172414,25.92251628318582
30777,2024-08-26 05:00:00,Asia/Bangkok,89.60095243478253,5.646551724137931,5.362068965517241,25.9017132173913
30778,2024-08-26 06:00:00,Asia/Bangkok,89.38645394736837,8.384615384615385,7.82051282051282,25.79629964912277
30779,2024-08-26 07:00:00,Asia/Bangkok,88.67675571428573,8.85344827586207,8.232758620689655,25.67927008928571
30780,2024-08-26 08:00:00,Asia/Bangkok,89.45257247706421,8.8,8.269565217391305,25.72178711711712
30781,2024-08-26 09:00:00,Asia/Bangkok,87.0971475892857,7.551724137931035,7.025862068965517,26.32894169642858
30782,2024-08-26 10:00:00,Asia/Bangkok,83.39923655172414,7.410256410256411,6.760683760683761,27.05514103448274
30783,2024-08-26 11:00:00,Asia/Bangkok,80.55473799999999,4.293103448275862,3.75,28.02246122807017
30784,2024-08-26 12:00:00,Asia/Bangkok,79.86448111111115,3.512820512820513,3.145299145299145,29.02802068376069
30785,2024-08-26 13:00:00,Asia/Bangkok,74.45665415929203,2.21551724137931,1.844827586206897,30.50820300884956
30786,2024-08-26 14:00:00,Asia/Bangkok,73.35669008771933,4.756521739130434,4.31304347826087,31.09621877192981
30787,2024-08-26 15:00:00,Asia/Bangkok,72.70536451327438,8.456896551724139,7.905172413793103,31.67757044247788
30788,2024-08-26 16:00:00,Asia/Bangkok,72.08214848214286,7.189655172413793,6.637931034482759,32.08284072072075
30789,2024-08-26 17:00:00,Asia/Bangkok,73.12377558558556,3.844827586206896,3.474137931034483,31.62686531531531
30790,2024-08-26 18:00:00,Asia/Bangkok,75.97061429824561,5.555555555555555,5.051282051282051,30.80928752212391
30791,2024-08-26 19:00:00,Asia/Bangkok,77.04366810810815,3.275862068965517,2.905172413793104,29.44232449541284
30792,2024-08-26 20:00:00,Asia/Bangkok,79.00075812499999,4.040816326530612,3.489795918367347,28.57596145833334
30793,2024-08-26 21:00:00,Asia/Bangkok,81.87849217391307,4.565217391304348,4.043478260869565,27.98470869565217
30794,2024-08-26 22:00:00,Asia/Bangkok,84.40078159292034,5.008620689655173,4.431034482758621,27.47634212389378
30795,2024-08-26 23:00:00,Asia/Bangkok,84.79252965217388,4.826086956521739,4.330434782608696,27.27392675438595
30796,2024-08-27 00:00:00,Asia/Bangkok,86.88137418181813,6.230088495575221,5.654867256637168,26.84058645454545
30797,2024-08-27 01:00:00,Asia/Bangkok,88.82477333333333,10.16379310344828,9.508620689655173,26.47624728070176
30798,2024-08-27 02:00:00,Asia/Bangkok,86.72578982456145,4.829059829059829,4.435897435897436,26.81662263157896
30799,2024-08-27 03:00:00,Asia/Bangkok,89.68746173913043,7.646551724137931,7.137931034482759,26.34505713043479
30800,2024-08-27 04:00:00,Asia/Bangkok,89.74497214285715,7.617391304347827,7.043103448275862,26.31759535714284
30801,2024-08-27 05:00:00,Asia/Bangkok,89.66274859649123,5.474137931034483,5.008620689655173,26.25559421052631
30802,2024-08-27 06:00:00,Asia/Bangkok,90.13985258928574,5.681034482758621,5.198275862068965,26.24077428571428
30803,2024-08-27 07:00:00,Asia/Bangkok,92.01072394736842,8.577586206896552,7.870689655172414,25.91405
30804,2024-08-27 08:00:00,Asia/Bangkok,90.38185304347824,6.051282051282051,5.478632478632479,26.69895721739129
30805,2024-08-27 09:00:00,Asia/Bangkok,87.1418502631579,5.060344827586207,4.663793103448276,27.78889008849556
30806,2024-08-27 10:00:00,Asia/Bangkok,82.88320568965518,4.03448275862069,3.594827586206896,29.16806163793104
30807,2024-08-27 11:00:00,Asia/Bangkok,74.09616342105265,1.862068965517241,1.655172413793103,31.02806477876105
30808,2024-08-27 12:00:00,Asia/Bangkok,69.87927991228075,1.747826086956522,1.330434782608696,32.13361929824562
30809,2024-08-27 13:00:00,Asia/Bangkok,67.4723428181818,3.564102564102564,3.145299145299145,33.07352209090911
30810,2024-08-27 14:00:00,Asia/Bangkok,72.59932395604393,5.709677419354839,5.290322580645161,31.90882188888889
30811,2024-08-27 15:00:00,Asia/Bangkok,85.52397080357142,2.034782608695652,1.808695652173913,28.72449035714285
30812,2024-08-27 16:00:00,Asia/Bangkok,87.17148353982303,3.474137931034483,3.241379310344827,28.63859601769913
30813,2024-08-27 17:00:00,Asia/Bangkok,85.30407660869567,1.153846153846154,0.9658119658119658,27.7505096491228
30814,2024-08-27 18:00:00,Asia/Bangkok,89.17387292035396,0.3189655172413793,0.1810344827586207,26.6667394642857
30815,2024-08-27 19:00:00,Asia/Bangkok,89.86716400000003,0.4827586206896552,0.3362068965517241,26.09573227272726
30816,2024-08-27 20:00:00,Asia/Bangkok,89.58897330357141,1.767241379310345,1.5,26.11439153153154
30817,2024-08-27 21:00:00,Asia/Bangkok,90.5365785087719,0.4608695652173913,0.2173913043478261,25.9688846491228
30818,2024-08-27 22:00:00,Asia/Bangkok,90.48035843478254,1.112068965517241,0.896551724137931,25.96582399999999
30819,2024-08-27 23:00:00,Asia/Bangkok,90.78303603448275,1.435897435897436,1.153846153846154,25.86576508620688
30820,2024-08-28 00:00:00,Asia/Bangkok,89.72551826086956,0.9655172413793104,0.7068965517241379,25.89054469565218
30821,2024-08-28 01:00:00,Asia/Bangkok,90.2170608035714,0.9741379310344828,0.7155172413793104,25.73236375000002
30822,2024-08-28 02:00:00,Asia/Bangkok,93.23297034782611,3.456896551724138,3.068965517241379,25.09631747826086
30823,2024-08-28 03:00:00,Asia/Bangkok,93.26934106194696,2.732758620689655,2.362068965517242,25.14634628318584
30824,2024-08-28 04:00:00,Asia/Bangkok,93.0895075652174,2.487179487179487,2.188034188034188,25.10764773913042
30825,2024-08-28 05:00:00,Asia/Bangkok,93.2481145535714,1.956521739130435,1.626086956521739,25.10264080357144
30826,2024-08-28 06:00:00,Asia/Bangkok,95.80903573913045,0.06896551724137931,0.0,24.47250547826085
30827,2024-08-28 07:00:00,Asia/Bangkok,95.72387785714282,0.09482758620689655,0.04310344827586207,24.45015387387387
30828,2024-08-28 08:00:00,Asia/Bangkok,94.6054632743363,0.08695652173913043,0.04347826086956522,24.8181321238938
30829,2024-08-28 09:00:00,Asia/Bangkok,88.75770166666668,0.1120689655172414,0.01724137931034483,26.32886596491228
30830,2024-08-28 10:00:00,Asia/Bangkok,87.11696657894731,0.2758620689655172,0.09482758620689655,26.48479763157895
30831,2024-08-28 11:00:00,Asia/Bangkok,85.99405660714288,0.2241379310344828,0.08620689655172414,27.39776732142855
30832,2024-08-28 12:00:00,Asia/Bangkok,87.38618991304348,0.9396551724137931,0.7758620689655172,27.39965304347826
30833,2024-08-28 13:00:00,Asia/Bangkok,84.562156173913,2.47008547008547,2.128205128205128,27.94943730434783
30834,2024-08-28 14:00:00,Asia/Bangkok,82.10677578947367,2.439655172413793,2.086206896551724,29.04637584070797
30835,2024-08-28 15:00:00,Asia/Bangkok,77.11157243478263,3.469565217391304,3.113043478260869,30.20888060869566
30836,2024-08-28 16:00:00,Asia/Bangkok,79.84115798245617,5.905982905982906,5.615384615384615,30.00883219298244
30837,2024-08-28 17:00:00,Asia/Bangkok,79.8832556140351,6.887931034482759,6.310344827586207,29.57675692982457
30838,2024-08-28 18:00:00,Asia/Bangkok,86.38406692982453,3.327586206896552,2.724137931034483,26.85716649122806
30839,2024-08-28 19:00:00,Asia/Bangkok,90.16997800000001,2.743589743589744,2.316239316239316,26.33349365217389
30840,2024-08-28 20:00:00,Asia/Bangkok,91.11364551724145,5.241379310344827,4.586206896551724,26.39285379310346
30841,2024-08-28 21:00:00,Asia/Bangkok,91.56309163793107,3.318965517241379,2.827586206896552,26.23870686956522
30842,2024-08-28 22:00:00,Asia/Bangkok,92.20232517857141,2.922413793103448,2.53448275862069,25.94145741071429
30843,2024-08-28 23:00:00,Asia/Bangkok,92.31481495495498,3.637931034482758,3.232758620689655,25.87004702702703
30844,2024-08-29 00:00:00,Asia/Bangkok,91.52672098214282,3.393162393162393,2.801724137931035,25.95824321428573
30845,2024-08-29 01:00:00,Asia/Bangkok,92.0028140707965,2.434782608695652,1.606837606837607,25.83947761061946
30846,2024-08-29 02:00:00,Asia/Bangkok,91.7432750442478,2.793103448275862,2.086206896551724,25.90458088495574
30847,2024-08-29 03:00:00,Asia/Bangkok,90.79093188034192,3.931623931623931,3.179487179487179,26.01164316239317
30848,2024-08-29 04:00:00,Asia/Bangkok,91.03438199999998,2.836206896551724,2.224137931034483,25.92361008695651
30849,2024-08-29 05:00:00,Asia/Bangkok,88.33446285714284,1.210526315789474,0.6173913043478261,26.25541276785716
30850,2024-08-29 06:00:00,Asia/Bangkok,87.89709543103449,1.282051282051282,0.811965811965812,26.36690617391305
30851,2024-08-29 07:00:00,Asia/Bangkok,91.8279101754386,4.112068965517241,3.362068965517242,25.75518610619466
30852,2024-08-29 08:00:00,Asia/Bangkok,93.13585876106198,8.637931034482758,7.422413793103448,25.91561734513274
30853,2024-08-29 09:00:00,Asia/Bangkok,90.65302522123895,5.594827586206897,4.646551724137931,27.15294884955751
30854,2024-08-29 10:00:00,Asia/Bangkok,80.92602201754386,1.439655172413793,1.086206896551724,29.56396631578947
30855,2024-08-29 11:00:00,Asia/Bangkok,72.400096754386,1.264957264957265,0.8974358974358975,31.05897575221237
30856,2024-08-29 12:00:00,Asia/Bangkok,69.5044924074074,1.700854700854701,1.256410256410256,32.26430648148146
30857,2024-08-29 13:00:00,Asia/Bangkok,69.94429205357144,1.931034482758621,1.603448275862069,32.3119535714286
30858,2024-08-29 14:00:00,Asia/Bangkok,68.57021026086957,4.25,3.543103448275862,32.9889047826087
30859,2024-08-29 15:00:00,Asia/Bangkok,62.65593576576578,0.6120689655172413,0.456896551724138,33.9668927927928
30860,2024-08-29 16:00:00,Asia/Bangkok,62.52289333333331,0.8608695652173913,0.6,34.05871873873873
30861,2024-08-29 17:00:00,Asia/Bangkok,63.89252347826087,1.275862068965517,1.068965517241379,31.65485356521739
30862,2024-08-29 18:00:00,Asia/Bangkok,70.43981805309738,2.103448275862069,1.767241379310345,29.88889902654866
30863,2024-08-29 19:00:00,Asia/Bangkok,75.47910990990994,7.6875,6.607142857142857,28.82901162162162
30864,2024-08-29 20:00:00,Asia/Bangkok,79.52286921739125,42.01724137931034,34.81034482758621,28.39115408695651
30865,2024-08-29 21:00:00,Asia/Bangkok,83.68273079646022,36.08547008547009,31.07692307692308,27.72104088495574
30866,2024-08-29 22:00:00,Asia/Bangkok,86.08429271929823,14.11304347826087,12.50434782608696,26.96531570175438
30867,2024-08-29 23:00:00,Asia/Bangkok,87.81710382608698,15.25862068965517,13.78448275862069,26.75234313043477
30868,2024-08-30 00:00:00,Asia/Bangkok,88.42595176991153,16.32478632478632,15.1551724137931,26.73857805309736
30869,2024-08-30 01:00:00,Asia/Bangkok,88.80325327433626,17.67241379310345,16.08547008547009,26.61919830357142
30870,2024-08-30 02:00:00,Asia/Bangkok,89.81227276785717,19.21551724137931,17.58620689655172,26.41084142857145
30871,2024-08-30 03:00:00,Asia/Bangkok,90.31814807017547,16.63793103448276,15.33620689655172,26.39398424778762
30872,2024-08-30 04:00:00,Asia/Bangkok,90.96442263157894,17.42241379310345,16.18965517241379,26.21253964912281
30873,2024-08-30 05:00:00,Asia/Bangkok,91.50379210526322,13.26495726495727,12.2051282051282,26.09471649122808
30874,2024-08-30 06:00:00,Asia/Bangkok,92.6976699130435,37.81739130434783,32.40869565217391,25.86915973913045
30875,2024-08-30 07:00:00,Asia/Bangkok,92.51449339130433,37.58260869565218,31.72173913043478,25.84741801724138
30876,2024-08-30 08:00:00,Asia/Bangkok,93.25508640350874,12.00862068965517,11.04310344827586,26.49533723214284
30877,2024-08-30 09:00:00,Asia/Bangkok,86.01239738738737,3.146551724137931,2.663793103448276,28.9576682882883
30878,2024-08-30 10:00:00,Asia/Bangkok,71.6761624107143,3.094017094017094,2.735042735042735,31.94550017857144
30879,2024-08-30 11:00:00,Asia/Bangkok,65.61494044247787,3.905172413793104,3.46551724137931,33.28066646017699
30880,2024-08-30 12:00:00,Asia/Bangkok,60.62820799999997,3.71551724137931,3.293103448275862,34.88695104347826
30881,2024-08-30 13:00:00,Asia/Bangkok,55.92175008849559,3.189655172413793,2.870689655172414,35.7922646902655
30882,2024-08-30 14:00:00,Asia/Bangkok,53.79722099099104,4.846153846153846,4.444444444444445,36.62935441441442
30883,2024-08-30 15:00:00,Asia/Bangkok,54.76812509090909,5.9375,5.455357142857143,36.45833336363636
30884,2024-08-30 16:00:00,Asia/Bangkok,56.72960350877194,8.439655172413794,7.808695652173913,35.81747833333333
30885,2024-08-30 17:00:00,Asia/Bangkok,57.06697151785713,6.612068965517241,6.111111111111111,35.50998544642856
30886,2024-08-30 18:00:00,Asia/Bangkok,59.92935567567567,9.730434782608695,9.008695652173913,34.82166315315316
30887,2024-08-30 19:00:00,Asia/Bangkok,63.29233421052633,15.67241379310345,14.78448275862069,33.03190350877194
30888,2024-08-30 20:00:00,Asia/Bangkok,67.18213999999999,24.94871794871795,23.07692307692308,32.20452088495575
30889,2024-08-30 21:00:00,Asia/Bangkok,75.13308098214286,23.03448275862069,21.03448275862069,31.32464883928574
30890,2024-08-30 22:00:00,Asia/Bangkok,79.69633144144144,18.06896551724138,16.62931034482759,30.53559144144145
30891,2024-08-30 23:00:00,Asia/Bangkok,83.44259758928567,18.41379310344828,16.64655172413793,29.59291954954956
30892,2024-08-31 00:00:00,Asia/Bangkok,84.79892166666669,18.4051724137931,17.12931034482759,28.95386754385965
30893,2024-08-31 01:00:00,Asia/Bangkok,86.71121026086956,20.47413793103448,19.35344827586207,28.24623678260871
30894,2024-08-31 02:00:00,Asia/Bangkok,86.23344535714284,27.23008849557522,24.88495575221239,28.31688035714284
30895,2024-08-31 03:00:00,Asia/Bangkok,87.8965456521739,24.43103448275862,23.1551724137931,27.83925965217388
30896,2024-08-31 04:00:00,Asia/Bangkok,87.76984053097345,20.64347826086956,19.78260869565218,27.69259265486728
30897,2024-08-31 05:00:00,Asia/Bangkok,88.28598008695651,22.75,21.81896551724138,27.6346875652174
30898,2024-08-31 06:00:00,Asia/Bangkok,88.69439696428574,23.36521739130435,22.4,27.50667678571429
30899,2024-08-31 07:00:00,Asia/Bangkok,89.94538415929202,26.0,24.95689655172414,27.14772919642855
30900,2024-08-31 08:00:00,Asia/Bangkok,91.11403539130434,29.62931034482759,28.01724137931035,27.24411999999998
30901,2024-08-31 09:00:00,Asia/Bangkok,89.59440817391304,30.87068965517241,28.93965517241379,27.94204649122808
30902,2024-08-31 10:00:00,Asia/Bangkok,84.86700196428572,21.52136752136752,20.42735042735043,29.27154919642857
30903,2024-08-31 11:00:00,Asia/Bangkok,76.5625553153153,10.05217391304348,9.491379310344827,31.14103378378377
30904,2024-08-31 12:00:00,Asia/Bangkok,71.6006853508772,8.427350427350428,7.863247863247863,32.04456140350879
30905,2024-08-31 13:00:00,Asia/Bangkok,68.343930619469,9.758620689655173,9.258620689655173,33.39163911504426
30906,2024-08-31 14:00:00,Asia/Bangkok,63.05707807017544,8.387931034482758,7.948275862068965,35.10471122807017
30907,2024-08-31 15:00:00,Asia/Bangkok,66.16670139130436,10.0948275862069,9.53448275862069,34.19192745614036
30908,2024-08-31 16:00:00,Asia/Bangkok,69.80772362068966,8.206896551724139,7.508620689655173,32.98384629310347
30909,2024-08-31 17:00:00,Asia/Bangkok,70.5702905982906,6.025641025641026,5.401709401709402,31.89650051282051
30910,2024-08-31 18:00:00,Asia/Bangkok,76.30796836363636,13.1551724137931,12.13793103448276,30.76941681818185
30911,2024-08-31 19:00:00,Asia/Bangkok,78.67050030927835,16.88888888888889,15.56122448979592,30.32477082474226
30912,2024-08-31 20:00:00,Asia/Bangkok,79.91653000000001,10.43103448275862,9.478632478632479,29.8096999090909
30913,2024-08-31 21:00:00,Asia/Bangkok,81.08711000000004,8.295652173913043,7.504347826086956,29.42531727272729
30914,2024-08-31 22:00:00,Asia/Bangkok,82.72423149122807,8.10344827586207,7.258620689655173,29.01006078947367
30915,2024-08-31 23:00:00,Asia/Bangkok,83.89457469026551,7.31304347826087,6.6,28.75992026548671
30916,2024-09-01 00:00:00,Asia/Bangkok,86.19671513043478,8.52991452991453,7.658119658119658,28.28478182608694
30917,2024-09-01 01:00:00,Asia/Bangkok,86.39771769911508,9.198275862068966,8.379310344827585,27.96234937499998
30918,2024-09-01 02:00:00,Asia/Bangkok,86.43933405405403,9.086206896551724,8.275862068965518,27.61259486486487
30919,2024-09-01 03:00:00,Asia/Bangkok,85.68330315789476,9.551724137931034,8.560344827586206,27.4780652173913
30920,2024-09-01 04:00:00,Asia/Bangkok,86.3506624137931,10.42735042735043,9.350427350427351,27.29908238938052
30921,2024-09-01 05:00:00,Asia/Bangkok,85.37975921739131,8.96551724137931,8.112068965517242,27.34106434782607
30922,2024-09-01 06:00:00,Asia/Bangkok,86.04293663716813,8.461538461538462,7.70940170940171,27.02704061946904
30923,2024-09-01 07:00:00,Asia/Bangkok,88.3390004464286,11.00862068965517,9.89655172413793,26.38448171171171
30924,2024-09-01 08:00:00,Asia/Bangkok,85.36400964285714,8.982300884955752,8.044247787610619,27.31248142857141
30925,2024-09-01 09:00:00,Asia/Bangkok,77.65645330434785,6.324786324786325,5.555555555555555,29.88493669565218
30926,2024-09-01 10:00:00,Asia/Bangkok,70.84281136363634,3.53448275862069,2.913793103448276,31.37953490909089
30927,2024-09-01 11:00:00,Asia/Bangkok,66.68635773913044,2.844827586206896,2.46551724137931,32.74179391304347
30928,2024-09-01 12:00:00,Asia/Bangkok,62.98999902654871,9.160714285714286,6.580357142857143,34.29857675438597
30929,2024-09-01 13:00:00,Asia/Bangkok,61.98189210526317,4.147826086956521,3.591304347826087,34.42986868421051
30930,2024-09-01 14:00:00,Asia/Bangkok,59.80687938596492,3.801724137931035,3.344827586206896,35.38481570175439
30931,2024-09-01 15:00:00,Asia/Bangkok,57.04164713043478,3.939655172413793,3.508620689655173,36.11773895652174
30932,2024-09-01 16:00:00,Asia/Bangkok,63.42710859649123,4.318965517241379,3.827586206896552,33.91299238938051
30933,2024-09-01 17:00:00,Asia/Bangkok,67.43762919642857,7.060344827586207,6.241379310344827,32.94334616071428
30934,2024-09-01 18:00:00,Asia/Bangkok,66.54359930434781,6.362068965517241,5.655172413793103,33.09655513043477
30935,2024-09-01 19:00:00,Asia/Bangkok,76.49749184210525,15.66666666666667,14.00854700854701,30.9334947368421
30936,2024-09-01 20:00:00,Asia/Bangkok,79.45452362831858,12.37068965517241,11.20689655172414,29.6644731858407
30937,2024-09-01 21:00:00,Asia/Bangkok,78.71622616071427,8.370689655172415,7.362068965517241,29.61218089285716
30938,2024-09-01 22:00:00,Asia/Bangkok,79.90282080357146,10.21929824561403,9.289473684210526,29.30041928571428
30939,2024-09-01 23:00:00,Asia/Bangkok,81.27893403508774,10.37931034482759,9.252173913043478,28.77078614035088
30940,2024-09-02 00:00:00,Asia/Bangkok,81.09551649122807,9.834782608695653,8.870689655172415,28.28941929824558
30941,2024-09-02 01:00:00,Asia/Bangkok,81.91614221238937,10.02608695652174,9.08695652173913,28.09767642857141
30942,2024-09-02 02:00:00,Asia/Bangkok,83.00771954545456,8.869565217391305,8.2,27.95555054054054
30943,2024-09-02 03:00:00,Asia/Bangkok,82.71717189655176,8.0,7.119658119658119,27.73453730434783
30944,2024-09-02 04:00:00,Asia/Bangkok,83.23017385964913,7.258620689655173,6.396551724137931,27.51189017543859
30945,2024-09-02 05:00:00,Asia/Bangkok,83.88917407079646,6.637931034482759,5.974137931034483,27.22164159292035
30946,2024-09-02 06:00:00,Asia/Bangkok,84.1442842241379,5.810344827586207,5.129310344827586,27.10244491379309
30947,2024-09-02 07:00:00,Asia/Bangkok,84.41380649122809,7.517241379310345,6.681034482758621,27.2806477192982
30948,2024-09-02 08:00:00,Asia/Bangkok,85.16254410526318,6.515151515151516,5.737373737373737,27.36737536842104
30949,2024-09-02 09:00:00,Asia/Bangkok,84.58407704347826,9.914529914529915,8.982758620689655,27.7747773043478
30950,2024-09-02 10:00:00,Asia/Bangkok,84.72885168141596,8.043103448275861,7.307692307692307,28.2491031858407
30951,2024-09-02 11:00:00,Asia/Bangkok,81.79090000000001,5.724137931034483,5.120689655172414,29.19642315789475
30952,2024-09-02 12:00:00,Asia/Bangkok,77.18374965517239,4.568965517241379,3.991379310344827,30.27042172413793
30953,2024-09-02 13:00:00,Asia/Bangkok,69.35846478260869,2.301724137931035,2.0,32.50506339130432
30954,2024-09-02 14:00:00,Asia/Bangkok,62.33890269565214,3.948717948717949,3.568965517241379,34.87644587719297
30955,2024-09-02 15:00:00,Asia/Bangkok,74.21088465517245,3.370689655172414,3.025641025641026,31.52669793103446
30956,2024-09-02 16:00:00,Asia/Bangkok,87.39085063063067,1.586206896551724,1.258620689655172,28.5081319090909
30957,2024-09-02 17:00:00,Asia/Bangkok,88.6394266964286,1.732758620689655,1.422413793103448,27.45081428571429
30958,2024-09-02 18:00:00,Asia/Bangkok,90.02576367521368,1.632478632478632,1.307692307692308,26.54740008547009
30959,2024-09-02 19:00:00,Asia/Bangkok,89.03294929203541,0.6120689655172413,0.456896551724138,26.19342495575223
30960,2024-09-02 20:00:00,Asia/Bangkok,89.60579973214284,0.8362068965517241,0.6637931034482759,25.69926576576579
30961,2024-09-02 21:00:00,Asia/Bangkok,90.89857695652175,2.21551724137931,1.913793103448276,25.52554373913048
30962,2024-09-02 22:00:00,Asia/Bangkok,89.843673826087,2.461538461538462,2.068376068376069,25.74556000000001
30963,2024-09-02 23:00:00,Asia/Bangkok,88.29673095652176,2.0,1.689655172413793,25.92463060869565
30964,2024-09-03 00:00:00,Asia/Bangkok,89.27683321739129,2.456896551724138,2.112068965517242,25.9110239130435
30965,2024-09-03 01:00:00,Asia/Bangkok,88.06972725663717,2.05982905982906,1.717948717948718,25.9462182300885
30966,2024-09-03 02:00:00,Asia/Bangkok,86.6689491891892,1.439655172413793,1.043103448275862,26.19438288288286
30967,2024-09-03 03:00:00,Asia/Bangkok,88.96345473684211,2.163793103448276,1.75,25.84113219298247
30968,2024-09-03 04:00:00,Asia/Bangkok,88.34075814159291,2.692307692307693,2.273504273504273,25.81747840707963
30969,2024-09-03 05:00:00,Asia/Bangkok,89.77640194690262,2.827586206896552,2.379310344827586,25.65196451327434
30970,2024-09-03 06:00:00,Asia/Bangkok,93.14135451327435,0.456896551724138,0.3706896551724138,25.01784088495576
30971,2024-09-03 07:00:00,Asia/Bangkok,93.3994097413793,0.5470085470085471,0.4273504273504273,24.86422301724139
30972,2024-09-03 08:00:00,Asia/Bangkok,91.88184351351347,0.3982300884955752,0.1504424778761062,25.15463801801801
30973,2024-09-03 09:00:00,Asia/Bangkok,88.29676686956525,0.2758620689655172,0.1637931034482759,26.28932904347826
30974,2024-09-03 10:00:00,Asia/Bangkok,83.2120374561404,0.2672413793103448,0.08695652173913043,27.59839663716813
30975,2024-09-03 11:00:00,Asia/Bangkok,80.3783575438597,0.9478260869565217,0.6896551724137931,28.48918315789474
30976,2024-09-03 12:00:00,Asia/Bangkok,76.65242269565215,2.318965517241379,1.96551724137931,29.9355324347826
30977,2024-09-03 13:00:00,Asia/Bangkok,75.03384412280701,2.344827586206896,2.03448275862069,30.96167166666667
30978,2024-09-03 14:00:00,Asia/Bangkok,71.27819815789472,2.198275862068965,1.905172413793103,32.45244175438597
30979,2024-09-03 15:00:00,Asia/Bangkok,69.44826965811964,1.085470085470085,0.8547008547008547,32.42673042735042
30980,2024-09-03 16:00:00,Asia/Bangkok,69.33517570175441,1.077586206896552,0.8362068965517241,32.38753236842108
30981,2024-09-03 17:00:00,Asia/Bangkok,69.19611284482758,1.327586206896552,0.9310344827586207,31.93049275862069
30982,2024-09-03 18:00:00,Asia/Bangkok,69.20633646017701,1.560344827586207,1.189655172413793,31.20787548672567
30983,2024-09-03 19:00:00,Asia/Bangkok,70.8527567256637,1.75,1.293103448275862,30.2452096460177
30984,2024-09-03 20:00:00,Asia/Bangkok,75.77661853448275,1.82051282051282,1.52991452991453,28.87462474137931
30985,2024-09-03 21:00:00,Asia/Bangkok,79.92086666666665,3.560344827586207,3.172413793103448,28.05042339285714
30986,2024-09-03 22:00:00,Asia/Bangkok,81.6323579310345,2.260869565217391,1.905172413793103,27.83466086956521
30987,2024-09-03 23:00:00,Asia/Bangkok,84.25221173913046,1.5,1.155172413793103,27.42175991379309
30988,2024-09-04 00:00:00,Asia/Bangkok,86.42137758620689,0.9741379310344828,0.603448275862069,27.12484293103448
30989,2024-09-04 01:00:00,Asia/Bangkok,87.5620201769911,1.153846153846154,0.7692307692307693,26.901561875
30990,2024-09-04 02:00:00,Asia/Bangkok,88.95442623853214,1.482758620689655,1.025862068965517,26.57010527777777
30991,2024-09-04 03:00:00,Asia/Bangkok,88.0938023893805,1.387931034482759,1.0,26.49161946428571
30992,2024-09-04 04:00:00,Asia/Bangkok,86.27566072727265,0.6239316239316239,0.3931623931623932,26.7398700909091
30993,2024-09-04 05:00:00,Asia/Bangkok,86.26895612612614,1.043103448275862,0.5948275862068966,26.86355639639642
30994,2024-09-04 06:00:00,Asia/Bangkok,88.64952196428575,1.836206896551724,1.21551724137931,26.46040982142859
30995,2024-09-04 07:00:00,Asia/Bangkok,86.643384137931,1.358974358974359,0.8461538461538461,26.66838301724137
30996,2024-09-04 08:00:00,Asia/Bangkok,84.05464008695655,1.275862068965517,0.8620689655172413,27.40807973913041
30997,2024-09-04 09:00:00,Asia/Bangkok,79.66819392523362,1.128440366972477,0.6238532110091743,28.58405495327102
30998,2024-09-04 10:00:00,Asia/Bangkok,73.90814780952383,1.405660377358491,0.8962264150943396,30.65845209523808
30999,2024-09-04 11:00:00,Asia/Bangkok,67.54965570175439,1.827586206896552,1.301724137931034,33.05401675438597
31000,2024-09-04 12:00:00,Asia/Bangkok,60.80528151785713,1.184210526315789,0.7543859649122807,35.00109714285713
31001,2024-09-04 13:00:00,Asia/Bangkok,55.96967675438594,0.4655172413793103,0.1637931034482759,36.27206701754385
31002,2024-09-04 14:00:00,Asia/Bangkok,57.97497920353983,0.8448275862068966,0.5086206896551724,36.13950088495577
31003,2024-09-04 15:00:00,Asia/Bangkok,56.71105756521739,0.5603448275862069,0.293103448275862,36.29059095652172
31004,2024-09-04 16:00:00,Asia/Bangkok,60.83344474137931,1.189655172413793,0.8793103448275862,34.79736773913044
31005,2024-09-04 17:00:00,Asia/Bangkok,65.06177894736844,1.844827586206897,1.21551724137931,33.95131675438598
31006,2024-09-04 18:00:00,Asia/Bangkok,72.68277176991151,1.905172413793103,1.405172413793103,31.62829884955751
31007,2024-09-04 19:00:00,Asia/Bangkok,84.50717761061942,7.327586206896552,6.25,28.58053309734515
31008,2024-09-04 20:00:00,Asia/Bangkok,86.05454830357148,4.570175438596491,3.834782608695652,27.36350657657657
31009,2024-09-04 21:00:00,Asia/Bangkok,88.78032345132742,0.9380530973451328,0.5663716814159292,26.65614991150442
31010,2024-09-04 22:00:00,Asia/Bangkok,89.64370208695651,2.879310344827586,2.413793103448276,26.68374947826088
31011,2024-09-04 23:00:00,Asia/Bangkok,91.05008380530974,1.853448275862069,1.387931034482759,26.17851115044248
31012,2024-09-05 00:00:00,Asia/Bangkok,90.545725840708,1.870689655172414,1.482758620689655,26.34667274336282
31013,2024-09-05 01:00:00,Asia/Bangkok,89.52013201754389,1.46551724137931,1.206896551724138,26.54965824561403
31014,2024-09-05 02:00:00,Asia/Bangkok,89.72683185840704,1.205128205128205,0.8620689655172413,26.32731769911504
31015,2024-09-05 03:00:00,Asia/Bangkok,90.22474836363631,2.241379310344827,1.803418803418803,26.06562936363635
31016,2024-09-05 04:00:00,Asia/Bangkok,89.80665669565215,1.508620689655172,1.181034482758621,26.13316852173917
31017,2024-09-05 05:00:00,Asia/Bangkok,89.87230675438596,1.273504273504273,0.8717948717948718,26.09438460176991
31018,2024-09-05 06:00:00,Asia/Bangkok,90.82374017391297,1.413793103448276,0.9827586206896551,25.88757269565215
31019,2024-09-05 07:00:00,Asia/Bangkok,90.7960487272727,2.121739130434783,1.617391304347826,25.970811
31020,2024-09-05 08:00:00,Asia/Bangkok,88.84281736842102,1.827586206896552,1.413793103448276,26.84077122807017
31021,2024-09-05 09:00:00,Asia/Bangkok,81.59353260869564,0.9137931034482759,0.4224137931034483,28.8659164347826
31022,2024-09-05 10:00:00,Asia/Bangkok,75.55003069565215,0.7241379310344828,0.396551724137931,30.82387120689653
31023,2024-09-05 11:00:00,Asia/Bangkok,69.45850836734697,1.03,0.69,32.86642697916667
31024,2024-09-05 12:00:00,Asia/Bangkok,66.7470039473684,1.293103448275862,1.008620689655172,33.68496429824562
31025,2024-09-05 13:00:00,Asia/Bangkok,70.28559424778763,0.4913793103448276,0.2413793103448276,32.4218512280702
31026,2024-09-05 14:00:00,Asia/Bangkok,84.18937165137616,0.5391304347826087,0.2608695652173913,29.22928148148146
31027,2024-09-05 15:00:00,Asia/Bangkok,86.58220631578955,0.2672413793103448,0.0603448275862069,28.12597254385966
31028,2024-09-05 16:00:00,Asia/Bangkok,87.40492863247863,0.1367521367521368,0.07692307692307693,26.97252982905984
31029,2024-09-05 17:00:00,Asia/Bangkok,87.53789146551722,0.4913793103448276,0.3189655172413793,27.19920120689651
31030,2024-09-05 18:00:00,Asia/Bangkok,88.2994497321429,1.035398230088496,0.8407079646017699,26.96195339285714
31031,2024-09-05 19:00:00,Asia/Bangkok,88.07369622807022,1.384615384615385,1.05982905982906,26.64497377192982
31032,2024-09-05 20:00:00,Asia/Bangkok,89.17476736842106,4.267241379310345,3.646551724137931,26.53468903508775
31033,2024-09-05 21:00:00,Asia/Bangkok,90.48559654545451,3.086206896551724,2.603448275862069,26.49883172727275
31034,2024-09-05 22:00:00,Asia/Bangkok,91.43493754385965,3.629310344827586,3.086206896551724,26.51278850877195
31035,2024-09-05 23:00:00,Asia/Bangkok,92.13553850877192,4.46551724137931,3.836206896551724,26.4958995614035
31036,2024-09-06 00:00:00,Asia/Bangkok,92.4727628947369,5.37719298245614,4.543859649122807,26.50899280701753
31037,2024-09-06 01:00:00,Asia/Bangkok,92.79805221238935,5.775862068965517,4.96551724137931,26.52421982456138
31038,2024-09-06 02:00:00,Asia/Bangkok,92.66662541284401,4.823008849557522,4.12280701754386,26.49953935185188
31039,2024-09-06 03:00:00,Asia/Bangkok,91.96235725663718,3.637931034482758,2.974137931034483,26.50427070796461
31040,2024-09-06 04:00:00,Asia/Bangkok,91.58577324561405,3.043103448275862,2.258620689655173,26.49084245614036
31041,2024-09-06 05:00:00,Asia/Bangkok,92.50419991150447,2.747826086956522,2.017391304347826,26.26174238938054
31042,2024-09-06 06:00:00,Asia/Bangkok,93.18019163793103,2.913793103448276,2.258620689655173,26.03106836206896
31043,2024-09-06 07:00:00,Asia/Bangkok,93.41266904347826,3.689655172413793,2.948275862068965,26.1532327826087
31044,2024-09-06 08:00:00,Asia/Bangkok,91.36483973913042,3.252173913043478,2.643478260869565,27.14570429824561
31045,2024-09-06 09:00:00,Asia/Bangkok,84.71264,1.871794871794872,1.324786324786325,29.26446732142859
31046,2024-09-06 10:00:00,Asia/Bangkok,75.21767294642858,0.9913793103448276,0.6120689655172413,31.42898250000002
31047,2024-09-06 11:00:00,Asia/Bangkok,71.39041824561404,1.307017543859649,0.8771929824561403,32.64975858407081
31048,2024-09-06 12:00:00,Asia/Bangkok,72.91908522123896,1.870689655172414,1.336206896551724,32.71294946902655
31049,2024-09-06 13:00:00,Asia/Bangkok,71.11752417391303,0.8448275862068966,0.5344827586206896,33.23075965517241
31050,2024-09-06 14:00:00,Asia/Bangkok,83.2257257446808,0.3265306122448979,0.134020618556701,30.09986434782607
31051,2024-09-06 15:00:00,Asia/Bangkok,83.3381788888889,0.4786324786324787,0.264957264957265,29.36124025641027
31052,2024-09-06 16:00:00,Asia/Bangkok,80.8547736283186,0.5689655172413793,0.2586206896551724,30.30640009009009
31053,2024-09-06 17:00:00,Asia/Bangkok,77.26787026785716,1.172413793103448,0.7844827586206896,30.92045792792792
31054,2024-09-06 18:00:00,Asia/Bangkok,78.59131330434782,1.974137931034483,1.474137931034483,29.75232643478261
31055,2024-09-06 19:00:00,Asia/Bangkok,79.32680912280702,0.3333333333333333,0.1709401709401709,27.95087885964912
31056,2024-09-06 20:00:00,Asia/Bangkok,81.69515539823009,1.120689655172414,0.8362068965517241,27.58578526785714
31057,2024-09-06 21:00:00,Asia/Bangkok,83.69256465517243,0.9396551724137931,0.6206896551724138,27.4869523275862
31058,2024-09-06 22:00:00,Asia/Bangkok,86.9862075,1.137931034482759,0.7586206896551724,26.846031875
31059,2024-09-06 23:00:00,Asia/Bangkok,87.58935214953271,1.508620689655172,1.181034482758621,26.77609626168225
31060,2024-09-07 00:00:00,Asia/Bangkok,90.43067842105263,1.413793103448276,1.21551724137931,26.26983412280702
31061,2024-09-07 01:00:00,Asia/Bangkok,90.67583212389383,0.8017241379310345,0.5862068965517241,26.25701592920355
31062,2024-09-07 02:00:00,Asia/Bangkok,92.6701285964912,0.3879310344827586,0.1810344827586207,26.01301535087718
31063,2024-09-07 03:00:00,Asia/Bangkok,92.61262025862067,0.008771929824561403,0.0,25.81277241379311
31064,2024-09-07 04:00:00,Asia/Bangkok,90.95086875,0.01724137931034483,0.0,25.90772258928571
31065,2024-09-07 05:00:00,Asia/Bangkok,89.32007756521735,0.04310344827586207,0.0,26.00822208695651
31066,2024-09-07 06:00:00,Asia/Bangkok,90.48140939655171,0.3620689655172414,0.1896551724137931,25.8029197413793
31067,2024-09-07 07:00:00,Asia/Bangkok,92.11824921739134,2.71551724137931,2.181034482758621,25.73991686956521
31068,2024-09-07 08:00:00,Asia/Bangkok,92.28565394736843,2.634782608695652,2.217391304347826,25.9036501754386
31069,2024-09-07 09:00:00,Asia/Bangkok,89.6531114035088,23.87826086956522,20.79130434782609,26.77739565217388
31070,2024-09-07 10:00:00,Asia/Bangkok,87.36601149122806,4.299145299145299,3.846153846153846,27.69783008771928
31071,2024-09-07 11:00:00,Asia/Bangkok,85.62210954128442,2.836206896551724,2.543103448275862,28.43913788990827
31072,2024-09-07 12:00:00,Asia/Bangkok,79.0649696491228,0.646551724137931,0.4655172413793103,30.34438175438598
31073,2024-09-07 13:00:00,Asia/Bangkok,89.14471811320757,0.09734513274336283,0.008849557522123894,28.00037925233645
31074,2024-09-07 14:00:00,Asia/Bangkok,87.4471661403509,0.008620689655172414,0.0,28.08341096491228
31075,2024-09-07 15:00:00,Asia/Bangkok,84.44920672566367,0.1578947368421053,0.04385964912280702,29.1224924778761
31076,2024-09-07 16:00:00,Asia/Bangkok,81.11905582608696,1.189655172413793,0.8275862068965517,30.20340156521739
31077,2024-09-07 17:00:00,Asia/Bangkok,81.27603860869566,0.8103448275862069,0.4827586206896552,29.95380860869567
31078,2024-09-07 18:00:00,Asia/Bangkok,82.37975070175436,1.156521739130435,0.7478260869565218,29.56499745614035
31079,2024-09-07 19:00:00,Asia/Bangkok,83.77103956140353,2.267241379310345,1.793103448275862,28.90221885964914
31080,2024-09-07 20:00:00,Asia/Bangkok,84.92782245614036,2.568965517241379,1.948275862068966,28.15201771929823
31081,2024-09-07 21:00:00,Asia/Bangkok,85.30064842105263,1.58974358974359,1.051282051282051,27.8622892105263
31082,2024-09-07 22:00:00,Asia/Bangkok,86.25295254545453,2.129310344827586,1.655172413793103,27.54089290909089
31083,2024-09-07 23:00:00,Asia/Bangkok,87.87377796460176,4.318965517241379,3.568965517241379,27.13982929203538
31084,2024-09-08 00:00:00,Asia/Bangkok,88.2673525,4.379310344827586,3.758620689655173,27.08721785714285
31085,2024-09-08 01:00:00,Asia/Bangkok,88.9839892105263,2.732758620689655,2.103448275862069,26.90108798245615
31086,2024-09-08 02:00:00,Asia/Bangkok,89.51736887931041,3.170940170940171,2.606837606837607,26.78265525862072
31087,2024-09-08 03:00:00,Asia/Bangkok,89.64630750000002,4.112068965517241,3.474137931034483,26.78085982758622
31088,2024-09-08 04:00:00,Asia/Bangkok,90.65430870689656,3.836206896551724,3.198275862068965,26.5801681034483
31089,2024-09-08 05:00:00,Asia/Bangkok,90.5130124347826,3.275862068965517,2.672413793103448,26.65730269565217
31090,2024-09-08 06:00:00,Asia/Bangkok,91.59489948275859,6.017241379310345,5.241379310344827,26.59034362068963
31091,2024-09-08 07:00:00,Asia/Bangkok,92.45734289473684,5.146551724137931,4.543103448275862,26.62688859649123
31092,2024-09-08 08:00:00,Asia/Bangkok,91.96191518518516,2.08695652173913,1.660869565217391,27.03427351851851
31093,2024-09-08 09:00:00,Asia/Bangkok,86.35446756521742,0.9482758620689655,0.5948275862068966,28.64845258620689
31094,2024-09-08 10:00:00,Asia/Bangkok,83.57080913793105,0.6842105263157895,0.3508771929824561,29.54378547826086
31095,2024-09-08 11:00:00,Asia/Bangkok,82.58734582608695,1.17948717948718,0.8205128205128205,30.50038904347826
31096,2024-09-08 12:00:00,Asia/Bangkok,82.17953276785715,1.043859649122807,0.7327586206896551,30.45052196428572
31097,2024-09-08 13:00:00,Asia/Bangkok,81.99163728070175,0.2155172413793103,0.1637931034482759,29.46279719298244
31098,2024-09-08 14:00:00,Asia/Bangkok,81.70894405172415,0.2222222222222222,0.1111111111111111,29.6844000862069
31099,2024-09-08 15:00:00,Asia/Bangkok,79.7362335087719,0.5775862068965517,0.3448275862068966,30.59703271929826
31100,2024-09-08 16:00:00,Asia/Bangkok,78.8169425438596,1.478632478632479,1.103448275862069,30.59429053097346
31101,2024-09-08 17:00:00,Asia/Bangkok,81.60331374999998,2.464912280701754,1.91304347826087,29.177205625
31102,2024-09-08 18:00:00,Asia/Bangkok,81.90025178571427,3.008620689655173,2.405172413793104,28.30751116071428
31103,2024-09-08 19:00:00,Asia/Bangkok,84.34167734513272,6.060344827586207,5.241379310344827,27.75946796460179
31104,2024-09-08 20:00:00,Asia/Bangkok,86.27750787610617,4.025862068965517,3.482758620689655,27.34398203539823
31105,2024-09-08 21:00:00,Asia/Bangkok,88.03783265486726,2.767241379310345,2.258620689655173,26.99029389380533
31106,2024-09-08 22:00:00,Asia/Bangkok,88.8693452678571,2.70940170940171,2.111111111111111,26.90799955357144
31107,2024-09-08 23:00:00,Asia/Bangkok,89.49448144144147,3.129310344827586,2.568965517241379,26.85422135135137
31108,2024-09-09 00:00:00,Asia/Bangkok,90.87910361111108,3.826086956521739,3.28448275862069,26.59920731481479
31109,2024-09-09 01:00:00,Asia/Bangkok,90.82731082568809,5.026548672566372,4.336283185840708,26.53862266055043
31110,2024-09-09 02:00:00,Asia/Bangkok,90.69139939130437,4.931034482758621,4.396551724137931,26.48017426086957
31111,2024-09-09 03:00:00,Asia/Bangkok,90.98653552631578,3.4,2.991304347826087,26.24444219298248
31112,2024-09-09 04:00:00,Asia/Bangkok,91.53872424778757,2.327586206896552,1.939655172413793,26.02505194690265
31113,2024-09-09 05:00:00,Asia/Bangkok,91.82778374999997,2.410714285714286,2.026785714285714,25.93831384615385
31114,2024-09-09 06:00:00,Asia/Bangkok,92.40794495652173,3.189655172413793,2.724137931034483,25.77214626086958
31115,2024-09-09 07:00:00,Asia/Bangkok,93.95599478260868,8.28448275862069,7.28448275862069,25.41699473684211
31116,2024-09-09 08:00:00,Asia/Bangkok,93.36349347826089,4.556521739130435,3.947826086956522,26.17965991304348
31117,2024-09-09 09:00:00,Asia/Bangkok,87.07446053097348,4.258620689655173,3.836206896551724,28.13449407079645
31118,2024-09-09 10:00:00,Asia/Bangkok,81.21049035714283,2.412280701754386,2.070175438596491,29.686784375
31119,2024-09-09 11:00:00,Asia/Bangkok,77.54418366071431,2.655172413793104,2.25,30.51196455357145
31120,2024-09-09 12:00:00,Asia/Bangkok,84.7462981415929,1.206896551724138,0.9137931034482759,28.8377103539823
31121,2024-09-09 13:00:00,Asia/Bangkok,78.28193973913044,0.5811965811965812,0.3333333333333333,30.9585252173913
31122,2024-09-09 14:00:00,Asia/Bangkok,69.08307199999999,0.9482758620689655,0.6982758620689655,33.14183394736844
31123,2024-09-09 15:00:00,Asia/Bangkok,72.45006226086956,1.21551724137931,0.8362068965517241,32.2797297413793
31124,2024-09-09 16:00:00,Asia/Bangkok,69.24873707964602,0.8706896551724138,0.5172413793103449,32.84547383928571
31125,2024-09-09 17:00:00,Asia/Bangkok,64.61566631578945,1.353448275862069,0.9741379310344828,33.3995898245614
31126,2024-09-09 18:00:00,Asia/Bangkok,65.1761413157895,1.732758620689655,1.336206896551724,32.32329300884955
31127,2024-09-09 19:00:00,Asia/Bangkok,70.35046882882887,5.173913043478261,4.495652173913044,31.06195864864866
31128,2024-09-09 20:00:00,Asia/Bangkok,74.92988308411213,5.745454545454545,4.963636363636364,29.97504728971964
31129,2024-09-09 21:00:00,Asia/Bangkok,78.50399693069308,5.456310679611651,4.669902912621359,28.98822970297029
31130,2024-09-09 22:00:00,Asia/Bangkok,78.75028599999999,6.204081632653061,5.479591836734694,28.54722520833334
31131,2024-09-09 23:00:00,Asia/Bangkok,80.28389789473685,3.868686868686869,3.151515151515151,28.1019
31132,2024-09-10 00:00:00,Asia/Bangkok,82.65305818181818,3.655172413793104,2.96551724137931,27.46661459459457
31133,2024-09-10 01:00:00,Asia/Bangkok,84.14286614035088,3.71551724137931,3.129310344827586,27.05509771929822
31134,2024-09-10 02:00:00,Asia/Bangkok,86.28948009009007,4.043478260869565,3.448275862068965,26.56748477477477
31135,2024-09-10 03:00:00,Asia/Bangkok,87.39427342342347,5.301724137931035,4.508620689655173,26.35479738738738
31136,2024-09-10 04:00:00,Asia/Bangkok,88.51505543859649,4.28448275862069,3.551724137931035,26.25730307017544
31137,2024-09-10 05:00:00,Asia/Bangkok,88.57700053571429,4.615384615384615,3.846153846153846,26.34982955357144
31138,2024-09-10 06:00:00,Asia/Bangkok,89.48945925925926,4.948275862068965,4.113043478260869,26.17842972222224
31139,2024-09-10 07:00:00,Asia/Bangkok,90.11152790909087,5.37719298245614,4.48695652173913,26.14911300000002
31140,2024-09-10 08:00:00,Asia/Bangkok,90.39844008849555,6.137931034482759,5.094827586206897,26.65982553571429
31141,2024-09-10 09:00:00,Asia/Bangkok,84.46148073684212,3.92929292929293,3.0,28.63768333333333
31142,2024-09-10 10:00:00,Asia/Bangkok,75.75397587719301,4.837606837606837,3.897435897435897,30.87254946902654
31143,2024-09-10 11:00:00,Asia/Bangkok,68.37320513274337,3.646551724137931,3.034782608695652,32.89086876106195
31144,2024-09-10 12:00:00,Asia/Bangkok,63.83955124999999,4.0,3.327586206896552,34.39810401785716
31145,2024-09-10 13:00:00,Asia/Bangkok,62.39235163793099,4.170940170940171,3.487179487179487,34.95878387931033
31146,2024-09-10 14:00:00,Asia/Bangkok,61.97108173913044,5.017241379310345,4.258620689655173,34.98389017543862
31147,2024-09-10 15:00:00,Asia/Bangkok,67.09647603603602,4.394736842105263,3.789473684210526,33.71554198198196
31148,2024-09-10 16:00:00,Asia/Bangkok,62.67410900900901,3.342342342342342,2.774774774774775,34.30520693693694
31149,2024-09-10 17:00:00,Asia/Bangkok,66.22374269565219,4.704347826086956,4.008695652173913,33.02693799999999
31150,2024-09-10 18:00:00,Asia/Bangkok,69.8271284347826,5.612068965517241,4.879310344827586,32.07506886956518
31151,2024-09-10 19:00:00,Asia/Bangkok,72.23353275510203,7.585858585858586,6.525252525252525,30.8141501020408
31152,2024-09-10 20:00:00,Asia/Bangkok,72.92945306122449,6.606060606060606,5.787878787878788,30.08929224489797
31153,2024-09-10 21:00:00,Asia/Bangkok,71.55192964601767,4.632478632478633,3.786324786324786,29.65807026548674
31154,2024-09-10 22:00:00,Asia/Bangkok,72.05007798245616,4.5,3.75,29.52697921052638
31155,2024-09-10 23:00:00,Asia/Bangkok,74.29307247787608,4.629310344827586,3.982758620689655,28.97628415929206
31156,2024-09-11 00:00:00,Asia/Bangkok,75.50608839622645,4.522522522522523,3.783783783783784,28.54248361904761
31157,2024-09-11 01:00:00,Asia/Bangkok,74.4320125,3.622448979591837,3.040816326530612,28.38486697916665
31158,2024-09-11 02:00:00,Asia/Bangkok,76.73592890909087,4.482758620689655,3.775862068965517,27.892743
31159,2024-09-11 03:00:00,Asia/Bangkok,79.77884991304349,4.700854700854701,3.974358974358974,27.21513061403509
31160,2024-09-11 04:00:00,Asia/Bangkok,80.33937691588788,3.818181818181818,3.238532110091743,27.17344415094342
31161,2024-09-11 05:00:00,Asia/Bangkok,82.92333721739135,4.025641025641026,3.423728813559322,26.9315535652174
31162,2024-09-11 06:00:00,Asia/Bangkok,84.6166252173913,4.793103448275862,3.974137931034483,26.63540600000001
31163,2024-09-11 07:00:00,Asia/Bangkok,86.3251445918367,22.73469387755102,18.33673469387755,26.57318081632655
31164,2024-09-11 08:00:00,Asia/Bangkok,86.45417089285716,5.173913043478261,4.339130434782609,27.23286911504425
31165,2024-09-11 09:00:00,Asia/Bangkok,83.3029210344828,4.310344827586207,3.683760683760684,28.87831591304348
31166,2024-09-11 10:00:00,Asia/Bangkok,75.56015336538461,3.530434782608696,2.834782608695652,30.79017019230768
31167,2024-09-11 11:00:00,Asia/Bangkok,68.5305766055046,3.45945945945946,2.900900900900901,32.90121000000002
31168,2024-09-11 12:00:00,Asia/Bangkok,64.0369210576923,3.666666666666667,3.057142857142857,34.36325144230769
31169,2024-09-11 13:00:00,Asia/Bangkok,64.19103789473685,4.112068965517241,3.586206896551724,34.35556719298244
31170,2024-09-11 14:00:00,Asia/Bangkok,63.70737689655171,4.181034482758621,3.568965517241379,34.67823810344829
31171,2024-09-11 15:00:00,Asia/Bangkok,59.57526051724138,1.649572649572649,1.316239316239316,33.67824534482757
31172,2024-09-11 16:00:00,Asia/Bangkok,63.80840714285713,3.163793103448276,2.620689655172414,32.91247169642858
31173,2024-09-11 17:00:00,Asia/Bangkok,66.30123408695654,4.299145299145299,3.811965811965812,32.61730860869567
31174,2024-09-11 18:00:00,Asia/Bangkok,69.07120453608246,6.484848484848484,5.622448979591836,32.11015765306121
31175,2024-09-11 19:00:00,Asia/Bangkok,72.84108053571431,9.408695652173913,8.382608695652173,30.95983883928572
31176,2024-09-11 20:00:00,Asia/Bangkok,75.83624407079647,10.99137931034483,9.827586206896552,30.20508265486727
31177,2024-09-11 21:00:00,Asia/Bangkok,76.1831103478261,6.896551724137931,5.96551724137931,29.59651215517242
31178,2024-09-11 22:00:00,Asia/Bangkok,77.68941315315318,7.275862068965517,6.387931034482759,29.29782027272726
31179,2024-09-11 23:00:00,Asia/Bangkok,81.1566460909091,7.689655172413793,6.732758620689655,28.66589733944955
31180,2024-09-12 00:00:00,Asia/Bangkok,82.69150194690263,6.724137931034483,5.931034482758621,28.25392424778762
31181,2024-09-12 01:00:00,Asia/Bangkok,83.27796221238937,5.991379310344827,5.310344827586207,28.03222964912279
31182,2024-09-12 02:00:00,Asia/Bangkok,84.55223178571427,6.394736842105263,5.640350877192983,27.66324230088495
31183,2024-09-12 03:00:00,Asia/Bangkok,84.77663710526319,5.491379310344827,4.612068965517241,27.54714026548673
31184,2024-09-12 04:00:00,Asia/Bangkok,85.65396280701749,5.912280701754386,5.12280701754386,27.39704307017542
31185,2024-09-12 05:00:00,Asia/Bangkok,86.11403089285717,6.052173913043478,5.356521739130435,27.31777446428569
31186,2024-09-12 06:00:00,Asia/Bangkok,87.38629805309733,5.991379310344827,5.301724137931035,27.04705451327433
31187,2024-09-12 07:00:00,Asia/Bangkok,89.29877825688074,7.844827586206897,6.827586206896552,26.68802027522936
31188,2024-09-12 08:00:00,Asia/Bangkok,87.29922262626259,6.859813084112149,5.953271028037383,27.64235808080808
31189,2024-09-12 09:00:00,Asia/Bangkok,79.43842432692306,4.25925925925926,3.666666666666667,29.90501152380953
31190,2024-09-12 10:00:00,Asia/Bangkok,70.67070157894739,3.777777777777778,3.111111111111111,32.22283592920355
31191,2024-09-12 11:00:00,Asia/Bangkok,66.0708082300885,4.433628318584071,3.787610619469027,33.50929920353983
31192,2024-09-12 12:00:00,Asia/Bangkok,61.55721062500002,4.085470085470085,3.581196581196581,34.95517875
31193,2024-09-12 13:00:00,Asia/Bangkok,58.69355544642857,4.71304347826087,4.173913043478261,36.10646901785714
31194,2024-09-12 14:00:00,Asia/Bangkok,62.49158652173914,4.401709401709402,3.896551724137931,35.36756330434783
31195,2024-09-12 15:00:00,Asia/Bangkok,64.38658105263158,2.946902654867257,2.473684210526316,33.97743543859649
31196,2024-09-12 16:00:00,Asia/Bangkok,73.80650913461538,3.11214953271028,2.657407407407407,30.83186961538463
31197,2024-09-12 17:00:00,Asia/Bangkok,75.60069017391304,5.982758620689655,5.301724137931035,30.86169443478261
31198,2024-09-12 18:00:00,Asia/Bangkok,78.16064206185567,10.44329896907217,9.31958762886598,30.25506639175257
31199,2024-09-12 19:00:00,Asia/Bangkok,78.69878642857141,4.905172413793103,4.181034482758621,29.32547973214285
31200,2024-09-12 20:00:00,Asia/Bangkok,82.6851692035399,8.232758620689655,7.293103448275862,28.13154017699114
31201,2024-09-12 21:00:00,Asia/Bangkok,83.99561552631577,13.22413793103448,11.72413793103448,28.06033692982457
31202,2024-09-12 22:00:00,Asia/Bangkok,86.18730842592592,11.25,9.939655172413794,27.67864271028037
31203,2024-09-12 23:00:00,Asia/Bangkok,87.55965254545457,24.48275862068965,19.92241379310345,27.48831063636363
31204,2024-09-13 00:00:00,Asia/Bangkok,88.4025170526316,13.80808080808081,12.11111111111111,27.26225655913979
31205,2024-09-13 01:00:00,Asia/Bangkok,89.19392195876286,8.11111111111111,7.353535353535354,27.12315489795919
31206,2024-09-13 02:00:00,Asia/Bangkok,88.51072805309727,7.94017094017094,6.931623931623932,27.24913169642853
31207,2024-09-13 03:00:00,Asia/Bangkok,87.90357804347826,8.494949494949495,7.656565656565657,27.14331282608696
31208,2024-09-13 04:00:00,Asia/Bangkok,88.8249063392857,9.336206896551724,8.46551724137931,26.72169616071429
31209,2024-09-13 05:00:00,Asia/Bangkok,90.26443414893619,8.908163265306122,7.806122448979592,26.19088157894738
31210,2024-09-13 06:00:00,Asia/Bangkok,89.25501840425535,8.257731958762887,7.371134020618556,26.28381084210525
31211,2024-09-13 07:00:00,Asia/Bangkok,89.66481281553403,10.21153846153846,9.10576923076923,26.27009194174757
31212,2024-09-13 08:00:00,Asia/Bangkok,88.7762560576923,7.308411214953271,6.457943925233645,27.06182865384615
31213,2024-09-13 09:00:00,Asia/Bangkok,83.09885809090906,5.460176991150442,4.716814159292035,28.91543
31214,2024-09-13 10:00:00,Asia/Bangkok,76.85801193877552,3.42,2.79,30.64283525252525
31215,2024-09-13 11:00:00,Asia/Bangkok,75.75269116071429,4.769230769230769,4.128205128205129,31.13969227272726
31216,2024-09-13 12:00:00,Asia/Bangkok,73.10951730434782,1.252173913043478,0.8956521739130435,31.4854853043478
31217,2024-09-13 13:00:00,Asia/Bangkok,71.46949736842106,1.469565217391304,1.104347826086957,31.77901911504425
31218,2024-09-13 14:00:00,Asia/Bangkok,72.2778700862069,1.96551724137931,1.474137931034483,31.93407747826086
31219,2024-09-13 15:00:00,Asia/Bangkok,73.3593817699115,0.5948275862068966,0.4137931034482759,30.90733424778761
31220,2024-09-13 16:00:00,Asia/Bangkok,73.28812686956523,0.2608695652173913,0.1565217391304348,30.64888417391304
31221,2024-09-13 17:00:00,Asia/Bangkok,72.58878787610621,0.7863247863247863,0.6068376068376068,30.24939274336281
31222,2024-09-13 18:00:00,Asia/Bangkok,77.37458270270267,1.879310344827586,1.594827586206897,28.92867900900901
31223,2024-09-13 19:00:00,Asia/Bangkok,80.72414701754384,4.692307692307693,4.042735042735043,28.06149584070796
31224,2024-09-13 20:00:00,Asia/Bangkok,81.35460840707964,2.895652173913044,2.469565217391304,27.87632398230086
31225,2024-09-13 21:00:00,Asia/Bangkok,82.91543684210524,2.408695652173913,2.034782608695652,27.5475188596491
31226,2024-09-13 22:00:00,Asia/Bangkok,86.593517079646,8.675213675213675,7.948717948717949,26.81306185840708
31227,2024-09-13 23:00:00,Asia/Bangkok,87.59357201754389,3.198275862068965,2.724137931034483,26.70707043859649
31228,2024-09-14 00:00:00,Asia/Bangkok,86.74171831858408,3.655172413793104,3.163793103448276,26.81027424778762
31229,2024-09-14 01:00:00,Asia/Bangkok,87.14364878260875,3.646551724137931,3.051724137931035,26.59465675438598
31230,2024-09-14 02:00:00,Asia/Bangkok,87.88407875000004,3.646551724137931,3.094827586206896,26.31432776785715
31231,2024-09-14 03:00:00,Asia/Bangkok,87.60664849557527,2.826086956521739,2.339130434782609,26.2500450442478
31232,2024-09-14 04:00:00,Asia/Bangkok,88.35629482456132,3.767241379310345,3.163793103448276,26.09274912280699
31233,2024-09-14 05:00:00,Asia/Bangkok,88.1089949122807,3.603448275862069,3.043103448275862,26.23481631578949
31234,2024-09-14 06:00:00,Asia/Bangkok,88.32483620689659,4.888888888888889,4.170940170940171,26.26136060344831
31235,2024-09-14 07:00:00,Asia/Bangkok,87.74157690721646,6.343434343434343,5.343434343434343,26.4957484375
31236,2024-09-14 08:00:00,Asia/Bangkok,88.55784286956523,5.568965517241379,4.672413793103448,26.67464721739131
31237,2024-09-14 09:00:00,Asia/Bangkok,86.5329810619469,3.365217391304348,2.730434782608695,27.89025666666666
31238,2024-09-14 10:00:00,Asia/Bangkok,76.84916871794871,2.963855421686747,2.488095238095238,30.99157586666665
31239,2024-09-14 11:00:00,Asia/Bangkok,72.70084714285711,4.37719298245614,3.833333333333333,32.20149849557521
31240,2024-09-14 12:00:00,Asia/Bangkok,71.03300964285714,6.741379310344827,6.068965517241379,32.67587081081079
31241,2024-09-14 13:00:00,Asia/Bangkok,85.65941166666666,1.922413793103448,1.474137931034483,27.87611026548672
31242,2024-09-14 14:00:00,Asia/Bangkok,88.85240886956522,2.301724137931035,1.956896551724138,26.5967892173913
31243,2024-09-14 15:00:00,Asia/Bangkok,90.40833620689652,1.128205128205128,0.8717948717948718,26.92125655172414
31244,2024-09-14 16:00:00,Asia/Bangkok,88.98891398230087,3.025862068965517,2.672413793103448,27.29523017699115
31245,2024-09-14 17:00:00,Asia/Bangkok,85.593403539823,0.8632478632478633,0.5811965811965812,27.55908267857143
31246,2024-09-14 18:00:00,Asia/Bangkok,85.44212901785714,0.3879310344827586,0.2672413793103448,26.64878625
31247,2024-09-14 19:00:00,Asia/Bangkok,88.0403914414414,1.086206896551724,0.8706896551724138,26.0369300900901
31248,2024-09-14 20:00:00,Asia/Bangkok,89.08960603603597,2.008695652173913,1.791304347826087,25.82739603603602
31249,2024-09-14 21:00:00,Asia/Bangkok,88.45234452173915,2.137931034482758,1.931034482758621,25.91269565217392
31250,2024-09-14 22:00:00,Asia/Bangkok,87.17965446428573,1.452173913043478,1.121739130434783,26.07803363636365
31251,2024-09-14 23:00:00,Asia/Bangkok,88.90828315789474,0.9655172413793104,0.7586206896551724,25.64797780701754
31252,2024-09-15 00:00:00,Asia/Bangkok,88.7139678448276,1.646551724137931,1.301724137931034,25.68927017241379
31253,2024-09-15 01:00:00,Asia/Bangkok,89.70090918181818,2.368421052631579,1.991228070175439,25.496561
31254,2024-09-15 02:00:00,Asia/Bangkok,89.1756080869565,2.293103448275862,2.0,25.73039782608696
31255,2024-09-15 03:00:00,Asia/Bangkok,89.4269587826087,2.887931034482758,2.310344827586207,25.85666721739129
31256,2024-09-15 04:00:00,Asia/Bangkok,89.04673654867254,2.46551724137931,1.96551724137931,26.04724017699116
31257,2024-09-15 05:00:00,Asia/Bangkok,90.39774089285717,2.155172413793104,1.801724137931034,25.79523741071429
31258,2024-09-15 06:00:00,Asia/Bangkok,90.31008575221239,1.0,0.8189655172413793,25.79259477876106
31259,2024-09-15 07:00:00,Asia/Bangkok,92.09154901785715,2.078260869565217,1.704347826086956,25.54677696428573
31260,2024-09-15 08:00:00,Asia/Bangkok,93.08104226086958,1.307692307692308,0.9914529914529915,25.62627426086954
31261,2024-09-15 09:00:00,Asia/Bangkok,91.73529699115049,2.955752212389381,2.433628318584071,26.43869345132744
31262,2024-09-15 10:00:00,Asia/Bangkok,90.59128844827586,2.612068965517242,2.206896551724138,27.26462491379308
31263,2024-09-15 11:00:00,Asia/Bangkok,82.53604895652171,3.811965811965812,3.401709401709402,29.62426140350876
31264,2024-09-15 12:00:00,Asia/Bangkok,80.18192669565218,2.896551724137931,2.344827586206896,30.24304008695653
31265,2024-09-15 13:00:00,Asia/Bangkok,83.16274818965518,2.672413793103448,2.28448275862069,29.65564922413794
31266,2024-09-15 14:00:00,Asia/Bangkok,80.48915208695655,3.129310344827586,2.71551724137931,30.93751147826087
31267,2024-09-15 15:00:00,Asia/Bangkok,79.14406280701753,4.094017094017094,3.598290598290598,30.31346210526316
31268,2024-09-15 16:00:00,Asia/Bangkok,89.23762212389383,2.887931034482758,2.5,27.41591566371682
31269,2024-09-15 17:00:00,Asia/Bangkok,91.79234981981985,1.017391304347826,0.8,25.77894540540539
31270,2024-09-15 18:00:00,Asia/Bangkok,91.2772509090909,0.7070707070707071,0.5757575757575758,25.54941555555554
31271,2024-09-15 19:00:00,Asia/Bangkok,92.1057845614035,2.887931034482758,2.53448275862069,25.71366192982454
31272,2024-09-15 20:00:00,Asia/Bangkok,91.3443359090909,5.162393162393163,4.589743589743589,25.69960609090906
31273,2024-09-15 21:00:00,Asia/Bangkok,91.34534540540541,4.379310344827586,3.939655172413793,25.8038436936937
31274,2024-09-15 22:00:00,Asia/Bangkok,91.17183956140344,1.396551724137931,1.068965517241379,25.82377640350877
31275,2024-09-15 23:00:00,Asia/Bangkok,89.67893131578948,1.094017094017094,0.8879310344827587,26.04774553571428
31276,2024-09-16 00:00:00,Asia/Bangkok,91.25677035398232,2.396551724137931,1.786324786324786,25.73663592920354
31277,2024-09-16 01:00:00,Asia/Bangkok,90.47825891891893,1.75,1.258620689655172,25.76068693693693
31278,2024-09-16 02:00:00,Asia/Bangkok,91.2132375862069,2.025641025641026,1.461538461538461,25.61153252173915
31279,2024-09-16 03:00:00,Asia/Bangkok,90.60928840707963,1.321739130434783,1.026086956521739,25.76154292035398
31280,2024-09-16 04:00:00,Asia/Bangkok,92.58164946428566,0.8793103448275862,0.646551724137931,25.38495821428567
31281,2024-09-16 05:00:00,Asia/Bangkok,93.76423557522126,1.456896551724138,1.120689655172414,25.39984203539823
31282,2024-09-16 06:00:00,Asia/Bangkok,94.10658936363636,2.666666666666667,2.232758620689655,25.39506572727272
31283,2024-09-16 07:00:00,Asia/Bangkok,93.71463072727269,2.243478260869565,1.810344827586207,25.44191527272725
31284,2024-09-16 08:00:00,Asia/Bangkok,92.71789522123895,0.8695652173913043,0.6869565217391305,25.51717159292035
31285,2024-09-16 09:00:00,Asia/Bangkok,91.0767880172414,1.206896551724138,0.8620689655172413,26.48547017391305
31286,2024-09-16 10:00:00,Asia/Bangkok,86.75388342592595,1.434782608695652,1.130434782608696,27.94211037037038
31287,2024-09-16 11:00:00,Asia/Bangkok,78.841663125,1.026548672566372,0.7522123893805309,30.31238124999999
31288,2024-09-16 12:00:00,Asia/Bangkok,77.15933271929826,1.88695652173913,1.565217391304348,30.13665868421053
31289,2024-09-16 13:00:00,Asia/Bangkok,82.04265999999997,2.181034482758621,1.982758620689655,29.2456807894737
31290,2024-09-16 14:00:00,Asia/Bangkok,85.58541710526315,3.077586206896552,2.508620689655173,28.28832385964912
31291,2024-09-16 15:00:00,Asia/Bangkok,88.11681387931037,2.862068965517242,2.387931034482758,27.63759173913042
31292,2024-09-16 16:00:00,Asia/Bangkok,88.17852017241374,2.025641025641026,1.623931623931624,27.32894258620689
31293,2024-09-16 17:00:00,Asia/Bangkok,85.98001088495576,2.344827586206896,1.96551724137931,27.29050513274336
31294,2024-09-16 18:00:00,Asia/Bangkok,87.51636486725661,1.914529914529915,1.641025641025641,26.93492672566369
31295,2024-09-16 19:00:00,Asia/Bangkok,87.70835035087723,3.043103448275862,2.663793103448276,26.92083500000001
31296,2024-09-16 20:00:00,Asia/Bangkok,88.00026684210528,3.778761061946903,3.300884955752212,26.90115815789474
31297,2024-09-16 21:00:00,Asia/Bangkok,88.79611026086958,3.922413793103448,3.258620689655173,26.74475147826087
31298,2024-09-16 22:00:00,Asia/Bangkok,89.56110159292031,3.603448275862069,2.974137931034483,26.61727601769913
31299,2024-09-16 23:00:00,Asia/Bangkok,90.39290336206888,4.051724137931035,3.543103448275862,26.38880379310345
31300,2024-09-17 00:00:00,Asia/Bangkok,89.23580852173914,1.427350427350427,1.136752136752137,26.2755047368421
31301,2024-09-17 01:00:00,Asia/Bangkok,87.67004374999999,1.097345132743363,0.7610619469026548,26.32360142857144
31302,2024-09-17 02:00:00,Asia/Bangkok,88.43389648648646,1.46551724137931,1.017241379310345,26.03599063063062
31303,2024-09-17 03:00:00,Asia/Bangkok,87.75279796460177,1.129310344827586,0.7672413793103449,26.09117097345133
31304,2024-09-17 04:00:00,Asia/Bangkok,89.45052243478256,1.71551724137931,1.267241379310345,25.85785173913042
31305,2024-09-17 05:00:00,Asia/Bangkok,90.05647051724141,1.344827586206897,1.103448275862069,25.64157215517242
31306,2024-09-17 06:00:00,Asia/Bangkok,90.5223384210526,1.620689655172414,1.293103448275862,25.26932824561403
31307,2024-09-17 07:00:00,Asia/Bangkok,90.43381709401709,2.102564102564103,1.803418803418803,25.28385615384614
31308,2024-09-17 08:00:00,Asia/Bangkok,90.78855342342341,2.732758620689655,2.387931034482758,25.48920144144144
31309,2024-09-17 09:00:00,Asia/Bangkok,88.8428923275862,3.837606837606838,3.282051282051282,26.27773051724141
31310,2024-09-17 10:00:00,Asia/Bangkok,85.62702313043481,4.672413793103448,4.146551724137931,27.29829434782611
31311,2024-09-17 11:00:00,Asia/Bangkok,83.51598391304347,6.405172413793103,5.818965517241379,28.24920921739131
31312,2024-09-17 12:00:00,Asia/Bangkok,80.82325096491229,7.391304347826087,6.568965517241379,29.33698771929825
31313,2024-09-17 13:00:00,Asia/Bangkok,81.19642626086954,7.336206896551724,6.543103448275862,29.47923208695655
31314,2024-09-17 14:00:00,Asia/Bangkok,80.93508342105257,7.572649572649572,6.726495726495727,29.79227903508772
31315,2024-09-17 15:00:00,Asia/Bangkok,78.59663850877195,6.732758620689655,5.956896551724138,30.09929631578948
31316,2024-09-17 16:00:00,Asia/Bangkok,79.16661442477876,5.393162393162394,4.769230769230769,29.94343911504425
31317,2024-09-17 17:00:00,Asia/Bangkok,85.95010807017545,5.008620689655173,4.258620689655173,28.44130473684209
31318,2024-09-17 18:00:00,Asia/Bangkok,89.88572339130428,3.224137931034483,2.775862068965517,26.91051956521739
31319,2024-09-17 19:00:00,Asia/Bangkok,92.68572955752208,2.035087719298246,1.640350877192982,25.78628557522125
31320,2024-09-17 20:00:00,Asia/Bangkok,90.33623307017542,4.182608695652174,3.834782608695652,25.77636657894736
31321,2024-09-17 21:00:00,Asia/Bangkok,88.97610701754387,3.931034482758621,3.508620689655173,25.90920184210528
31322,2024-09-17 22:00:00,Asia/Bangkok,88.69544736842101,0.8956521739130435,0.6956521739130435,26.14902159292036
31323,2024-09-17 23:00:00,Asia/Bangkok,90.88092477876106,3.431034482758621,2.96551724137931,25.90348693693694
31324,2024-09-18 00:00:00,Asia/Bangkok,91.68536212389385,6.724137931034483,5.836206896551724,25.87310419642854
31325,2024-09-18 01:00:00,Asia/Bangkok,90.72581626086952,6.905172413793103,5.956896551724138,25.92737060869565
31326,2024-09-18 02:00:00,Asia/Bangkok,89.42584545454547,2.732758620689655,2.129310344827586,26.09961572727274
31327,2024-09-18 03:00:00,Asia/Bangkok,89.1485931858407,1.417391304347826,1.121739130434783,26.00590964601768
31328,2024-09-18 04:00:00,Asia/Bangkok,89.55478185840714,1.05982905982906,0.7094017094017094,25.7872733035714
31329,2024-09-18 05:00:00,Asia/Bangkok,88.1464046491228,1.551724137931034,1.241379310344828,25.89259333333332
31330,2024-09-18 06:00:00,Asia/Bangkok,88.09855758620685,3.0,2.46551724137931,25.85577396551723
31331,2024-09-18 07:00:00,Asia/Bangkok,87.84510071428566,4.387931034482759,3.78448275862069,25.89358366071425
31332,2024-09-18 08:00:00,Asia/Bangkok,86.86161690265487,5.431034482758621,4.896551724137931,26.27437868421052
31333,2024-09-18 09:00:00,Asia/Bangkok,84.40105963963964,6.344827586206897,5.431034482758621,27.13032279279279
31334,2024-09-18 10:00:00,Asia/Bangkok,80.50358840707968,5.267241379310345,4.543103448275862,28.59790203539823
31335,2024-09-18 11:00:00,Asia/Bangkok,80.65534217391304,5.862068965517241,5.370689655172414,28.87293008695653
31336,2024-09-18 12:00:00,Asia/Bangkok,88.8981237719298,4.456896551724138,3.827586206896552,27.34617973451328
31337,2024-09-18 13:00:00,Asia/Bangkok,87.39687159292035,2.820512820512821,2.47008547008547,27.62174495575222
31338,2024-09-18 14:00:00,Asia/Bangkok,88.27617964285714,4.241379310344827,3.663793103448276,27.35534946428571
31339,2024-09-18 15:00:00,Asia/Bangkok,90.91426935185189,4.626086956521739,4.043478260869565,26.86715648148147
31340,2024-09-18 16:00:00,Asia/Bangkok,85.41165198275867,5.367521367521367,4.700854700854701,27.8783618965517
31341,2024-09-18 17:00:00,Asia/Bangkok,79.68945783783784,5.525862068965517,4.706896551724138,28.32487324324325
31342,2024-09-18 18:00:00,Asia/Bangkok,78.72035614035086,5.46551724137931,4.71304347826087,27.97854149122807
31343,2024-09-18 19:00:00,Asia/Bangkok,80.71441973451327,6.555555555555555,5.837606837606837,27.56479247787613
31344,2024-09-18 20:00:00,Asia/Bangkok,82.88028482758624,7.181034482758621,6.362068965517241,27.27279456896553
31345,2024-09-18 21:00:00,Asia/Bangkok,87.4625127433629,1.53448275862069,1.163793103448276,25.88922079646019
31346,2024-09-18 22:00:00,Asia/Bangkok,89.76995426086954,1.530434782608696,1.130434782608696,25.19421173913043
31347,2024-09-18 23:00:00,Asia/Bangkok,89.97350930434786,1.620689655172414,1.241379310344828,25.30425695652174
31348,2024-09-19 00:00:00,Asia/Bangkok,90.24469298245616,1.181034482758621,0.8362068965517241,25.42629403508773
31349,2024-09-19 01:00:00,Asia/Bangkok,91.5376115652174,1.853448275862069,1.491379310344828,25.01688043478262
31350,2024-09-19 02:00:00,Asia/Bangkok,90.25081165217391,2.495726495726496,2.076923076923077,25.11370947826089
31351,2024-09-19 03:00:00,Asia/Bangkok,87.87579008849558,2.443478260869565,1.904347826086957,25.59824956140351
31352,2024-09-19 04:00:00,Asia/Bangkok,87.77444342342343,2.632478632478632,2.153846153846154,25.66850672727276
31353,2024-09-19 05:00:00,Asia/Bangkok,90.0132911926606,2.628318584070796,2.221238938053097,25.46064541284404
31354,2024-09-19 06:00:00,Asia/Bangkok,93.09309955357148,0.3304347826086956,0.2521739130434782,24.93035446428575
31355,2024-09-19 07:00:00,Asia/Bangkok,93.50055631578944,0.3652173913043478,0.1739130434782609,24.75132912280703
31356,2024-09-19 08:00:00,Asia/Bangkok,92.43291631578951,0.3478260869565217,0.1652173913043478,25.02435938596491
31357,2024-09-19 09:00:00,Asia/Bangkok,90.51261504424778,0.8956521739130435,0.6956521739130435,26.02652767857143
31358,2024-09-19 10:00:00,Asia/Bangkok,86.50034345454544,1.431034482758621,1.094827586206897,26.97703963636364
31359,2024-09-19 11:00:00,Asia/Bangkok,82.55673565217394,1.923076923076923,1.615384615384615,28.04949252173914
31360,2024-09-19 12:00:00,Asia/Bangkok,82.96025026086951,2.672413793103448,2.353448275862069,28.54531426086958
31361,2024-09-19 13:00:00,Asia/Bangkok,85.71800258620694,3.41025641025641,2.957264957264957,28.02624791304347
31362,2024-09-19 14:00:00,Asia/Bangkok,92.28673938596485,1.344827586206897,1.017241379310345,26.89417824561402
31363,2024-09-19 15:00:00,Asia/Bangkok,90.67478504504503,0.4741379310344828,0.353448275862069,26.52961855855855
31364,2024-09-19 16:00:00,Asia/Bangkok,88.86772789473679,0.5948275862068966,0.3448275862068966,26.47547649122809
31365,2024-09-19 17:00:00,Asia/Bangkok,87.91920652173914,1.482758620689655,1.025862068965517,26.72735878260868
31366,2024-09-19 18:00:00,Asia/Bangkok,86.84996008771931,1.413793103448276,0.8793103448275862,26.56017719298246
31367,2024-09-19 19:00:00,Asia/Bangkok,86.54765930434782,2.295652173913044,1.739130434782609,26.45818815789474
31368,2024-09-19 20:00:00,Asia/Bangkok,87.38633876106198,1.982758620689655,1.456896551724138,26.24799705357143
31369,2024-09-19 21:00:00,Asia/Bangkok,87.44024646551723,3.267241379310345,2.741379310344827,26.20058732758622
31370,2024-09-19 22:00:00,Asia/Bangkok,88.24333591304354,2.273504273504273,1.666666666666667,26.13869626086955
31371,2024-09-19 23:00:00,Asia/Bangkok,90.08188080357142,1.905172413793103,1.482758620689655,25.903168125
31372,2024-09-20 00:00:00,Asia/Bangkok,90.64512227272726,1.389380530973451,1.026315789473684,25.66894618181817
31373,2024-09-20 01:00:00,Asia/Bangkok,91.53311086206904,2.577586206896552,2.172413793103448,25.50667482758621
31374,2024-09-20 02:00:00,Asia/Bangkok,92.72953149122807,2.362068965517242,1.801724137931034,25.35471070175437
31375,2024-09-20 03:00:00,Asia/Bangkok,92.40483258928573,1.700854700854701,1.370689655172414,25.42165000000002
31376,2024-09-20 04:00:00,Asia/Bangkok,92.48302842105267,1.530434782608696,1.181034482758621,25.51663868421054
31377,2024-09-20 05:00:00,Asia/Bangkok,94.46072295652178,1.612068965517241,1.21551724137931,25.2446023478261
31378,2024-09-20 06:00:00,Asia/Bangkok,94.7342864912281,2.034188034188034,1.461538461538461,25.21554728070175
31379,2024-09-20 07:00:00,Asia/Bangkok,93.2084254867257,3.887931034482758,3.008620689655173,25.6132810619469
31380,2024-09-20 08:00:00,Asia/Bangkok,91.72590410714284,3.732758620689655,2.836206896551724,26.24146624999999
31381,2024-09-20 09:00:00,Asia/Bangkok,87.49466929824564,2.896551724137931,2.094827586206896,27.1721939473684
31382,2024-09-20 10:00:00,Asia/Bangkok,84.12744407079641,3.282051282051282,2.58974358974359,28.74654079646016
31383,2024-09-20 11:00:00,Asia/Bangkok,82.10913192982461,3.931034482758621,3.017241379310345,29.56218780701755
31384,2024-09-20 12:00:00,Asia/Bangkok,76.41839991228068,4.136752136752137,3.384615384615385,31.32495342105263
31385,2024-09-20 13:00:00,Asia/Bangkok,85.54377892857141,4.870689655172414,4.094827586206897,29.29367054545456
31386,2024-09-20 14:00:00,Asia/Bangkok,90.1087031304348,0.456896551724138,0.2327586206896552,27.13363982608697
31387,2024-09-20 15:00:00,Asia/Bangkok,91.35079877192985,1.108108108108108,0.7837837837837838,26.63197236842106
31388,2024-09-20 16:00:00,Asia/Bangkok,92.72803114035091,1.547826086956522,1.321739130434783,26.16114736842104
31389,2024-09-20 17:00:00,Asia/Bangkok,92.47983189189186,2.379310344827586,1.974137931034483,25.99199036036036
31390,2024-09-20 18:00:00,Asia/Bangkok,90.83925226086959,2.756521739130435,2.226086956521739,26.15750382608696
31391,2024-09-20 19:00:00,Asia/Bangkok,91.21064426086954,4.852173913043479,4.2,25.95463121739131
31392,2024-09-20 20:00:00,Asia/Bangkok,92.68689203539822,5.146551724137931,4.456896551724138,25.7539810619469
31393,2024-09-20 21:00:00,Asia/Bangkok,93.49531321428573,8.560344827586206,7.543103448275862,25.7380636607143
31394,2024-09-20 22:00:00,Asia/Bangkok,94.15153643478264,5.551724137931035,4.853448275862069,25.50784801724138
31395,2024-09-20 23:00:00,Asia/Bangkok,94.59283965217395,6.324786324786325,5.444444444444445,25.41787088495576
31396,2024-09-21 00:00:00,Asia/Bangkok,92.99168369369373,6.905172413793103,6.129310344827586,25.40387036036037
31397,2024-09-21 01:00:00,Asia/Bangkok,90.44814173913046,8.301724137931034,7.362068965517241,25.39528026086953
31398,2024-09-21 02:00:00,Asia/Bangkok,89.85410079646017,7.565217391304348,6.652173913043478,25.4438914159292
31399,2024-09-21 03:00:00,Asia/Bangkok,90.37128034482761,6.931034482758621,5.931034482758621,25.55962146551726
31400,2024-09-21 04:00:00,Asia/Bangkok,93.48933417391305,5.358974358974359,4.581196581196581,25.01414086956524
31401,2024-09-21 05:00:00,Asia/Bangkok,93.07994155172413,5.681034482758621,5.017241379310345,25.03699301724138
31402,2024-09-21 06:00:00,Asia/Bangkok,93.4616571304348,7.706896551724138,6.71551724137931,25.20142594827585
31403,2024-09-21 07:00:00,Asia/Bangkok,92.82333634782604,8.264957264957266,7.230769230769231,25.41209842105265
31404,2024-09-21 08:00:00,Asia/Bangkok,93.4346252586207,8.387931034482758,7.422413793103448,25.76113758620689
31405,2024-09-21 09:00:00,Asia/Bangkok,91.15514830357141,8.379310344827585,7.137931034482759,27.03332495495495
31406,2024-09-21 10:00:00,Asia/Bangkok,84.59505663793102,8.11965811965812,7.0,28.93475284482757
31407,2024-09-21 11:00:00,Asia/Bangkok,83.66636125000001,7.95575221238938,6.752212389380531,29.32304767857143
31408,2024-09-21 12:00:00,Asia/Bangkok,89.85793513274338,5.741379310344827,5.232758620689655,27.54654964601771
31409,2024-09-21 13:00:00,Asia/Bangkok,88.19856486725662,7.456896551724138,6.646551724137931,27.71608053097346
31410,2024-09-21 14:00:00,Asia/Bangkok,85.49559324074075,6.112068965517241,5.310344827586207,28.98258149532709
31411,2024-09-21 15:00:00,Asia/Bangkok,81.92514267857143,6.008547008547009,4.923076923076923,29.92592169642858
31412,2024-09-21 16:00:00,Asia/Bangkok,82.03528526315786,5.689655172413793,4.663793103448276,29.66218219298246
31413,2024-09-21 17:00:00,Asia/Bangkok,84.3841307894737,5.760683760683761,4.794871794871795,28.50998421052633
31414,2024-09-21 18:00:00,Asia/Bangkok,81.39154254385964,4.128205128205129,3.213675213675214,28.72369353982303
31415,2024-09-21 19:00:00,Asia/Bangkok,84.65286752212388,4.681034482758621,3.637931034482758,28.14472513274335
31416,2024-09-21 20:00:00,Asia/Bangkok,86.56802582608702,5.0,3.956896551724138,27.65203304347826
31417,2024-09-21 21:00:00,Asia/Bangkok,86.6840352678572,4.353448275862069,3.25,27.45517633928571
31418,2024-09-21 22:00:00,Asia/Bangkok,86.9214342727273,4.21551724137931,3.094827586206896,27.42550972727271
31419,2024-09-21 23:00:00,Asia/Bangkok,86.98377729729725,4.217391304347826,3.077586206896552,27.40892819819817
31420,2024-09-22 00:00:00,Asia/Bangkok,86.95917955752213,4.482758620689655,3.517241379310345,27.24798938053095
31421,2024-09-22 01:00:00,Asia/Bangkok,84.69002482456138,4.295652173913044,3.426086956521739,27.21789236842105
31422,2024-09-22 02:00:00,Asia/Bangkok,85.21986155172414,4.198275862068965,3.396551724137931,27.12884801724138
31423,2024-09-22 03:00:00,Asia/Bangkok,88.23979217391302,6.269565217391304,5.495652173913044,26.68251878260868
31424,2024-09-22 04:00:00,Asia/Bangkok,89.35520146551724,5.008620689655173,4.103448275862069,26.26776112068968
31425,2024-09-22 05:00:00,Asia/Bangkok,90.47486756521738,5.365217391304347,4.382608695652173,26.01082434782608
31426,2024-09-22 06:00:00,Asia/Bangkok,91.50068669565216,5.327586206896552,4.53448275862069,25.79058252173914
31427,2024-09-22 07:00:00,Asia/Bangkok,92.26664817391307,5.555555555555555,4.555555555555555,25.74129724137932
31428,2024-09-22 08:00:00,Asia/Bangkok,92.81806390909092,5.504347826086956,4.469565217391304,26.12632045454545
31429,2024-09-22 09:00:00,Asia/Bangkok,89.9535261956522,4.494736842105263,3.547368421052632,27.26357032608696
31430,2024-09-22 10:00:00,Asia/Bangkok,84.13522165217388,3.931623931623931,3.128205128205128,29.24628608695652
31431,2024-09-22 11:00:00,Asia/Bangkok,75.39331535714288,3.955752212389381,3.265486725663717,31.64527892857145
31432,2024-09-22 12:00:00,Asia/Bangkok,75.36649061403507,3.773913043478261,3.130434782608696,31.44863307017543
31433,2024-09-22 13:00:00,Asia/Bangkok,73.33337371681417,4.113043478260869,3.365217391304348,32.50797194690266
31434,2024-09-22 14:00:00,Asia/Bangkok,65.53478522123892,2.376068376068376,1.888888888888889,33.38109133928571
31435,2024-09-22 15:00:00,Asia/Bangkok,65.24431157894738,2.051724137931035,1.620689655172414,33.17134771929824
31436,2024-09-22 16:00:00,Asia/Bangkok,69.27351592920354,2.775862068965517,2.336206896551724,32.24812088495575
31437,2024-09-22 17:00:00,Asia/Bangkok,73.96139469565215,3.145299145299145,2.615384615384615,31.30808991228068
31438,2024-09-22 18:00:00,Asia/Bangkok,76.67249439655176,5.043103448275862,4.439655172413793,30.169036
31439,2024-09-22 19:00:00,Asia/Bangkok,80.10420219298244,5.239316239316239,4.623931623931623,29.28166219298247
31440,2024-09-22 20:00:00,Asia/Bangkok,82.57344937500001,4.836206896551724,4.094827586206897,28.49825089285716
31441,2024-09-22 21:00:00,Asia/Bangkok,84.77529801724141,5.641025641025641,4.811965811965812,28.04517347826089
31442,2024-09-22 22:00:00,Asia/Bangkok,85.91825303571424,4.870689655172414,4.051724137931035,27.81264598214286
31443,2024-09-22 23:00:00,Asia/Bangkok,88.76598389380531,7.706896551724138,6.827586206896552,27.29669398230091
31444,2024-09-23 00:00:00,Asia/Bangkok,88.17342333333332,4.128205128205129,3.700854700854701,27.22860581196583
31445,2024-09-23 01:00:00,Asia/Bangkok,89.11856342105264,16.75862068965517,14.95689655172414,27.0009440350877
31446,2024-09-23 02:00:00,Asia/Bangkok,91.02968464285716,11.18965517241379,10.06896551724138,26.46448482142856
31447,2024-09-23 03:00:00,Asia/Bangkok,90.93283526315787,7.931034482758621,6.862068965517241,26.45816304347826
31448,2024-09-23 04:00:00,Asia/Bangkok,91.44316327586205,18.65811965811966,17.13675213675214,26.2215707826087
31449,2024-09-23 05:00:00,Asia/Bangkok,92.28535780701755,25.49137931034483,23.26724137931035,25.96410640350879
31450,2024-09-23 06:00:00,Asia/Bangkok,92.52677834782608,21.07758620689655,18.93103448275862,25.93338469565218
31451,2024-09-23 07:00:00,Asia/Bangkok,93.75975758620685,9.188034188034187,8.247863247863247,25.7709227586207
31452,2024-09-23 08:00:00,Asia/Bangkok,93.70131701754383,6.353448275862069,5.594827586206897,26.62967429824561
31453,2024-09-23 09:00:00,Asia/Bangkok,86.09563874999996,4.061946902654867,3.486725663716814,28.7610863392857
31454,2024-09-23 10:00:00,Asia/Bangkok,79.0796786725664,2.965811965811966,2.435897435897436,30.33991758928571
31455,2024-09-23 11:00:00,Asia/Bangkok,69.82778199999996,1.587719298245614,1.228070175438597,32.36734136363637
31456,2024-09-23 12:00:00,Asia/Bangkok,66.93775973913046,2.775862068965517,2.293103448275862,33.04605210526316
31457,2024-09-23 13:00:00,Asia/Bangkok,67.21058241071425,3.619469026548673,3.185840707964602,33.13458455357142
31458,2024-09-23 14:00:00,Asia/Bangkok,66.90957938596495,4.706896551724138,4.310344827586207,33.61419681415929
31459,2024-09-23 15:00:00,Asia/Bangkok,66.85329543859649,5.53448275862069,4.879310344827586,33.72476061403509
31460,2024-09-23 16:00:00,Asia/Bangkok,68.42176500000002,7.852173913043479,7.2,33.29646472222222
31461,2024-09-23 17:00:00,Asia/Bangkok,73.52823963414633,8.146341463414634,7.439024390243903,32.31653682926829
31462,2024-09-23 18:00:00,Asia/Bangkok,78.2945915315315,18.28070175438597,16.32456140350877,29.79639126126126
31463,2024-09-23 19:00:00,Asia/Bangkok,82.30675724137927,29.81034482758621,26.39655172413793,28.31063163793104
31464,2024-09-23 20:00:00,Asia/Bangkok,84.25990913043479,21.01709401709402,18.5982905982906,28.33061869565217
31465,2024-09-23 21:00:00,Asia/Bangkok,85.66971442477872,26.68965517241379,23.24137931034483,28.23910725663717
31466,2024-09-23 22:00:00,Asia/Bangkok,88.40864456140346,41.94827586206897,35.66379310344828,27.43107850877193
31467,2024-09-23 23:00:00,Asia/Bangkok,89.40678221238937,25.72649572649573,22.51282051282051,27.08299857142858
31468,2024-09-24 00:00:00,Asia/Bangkok,89.21221539130434,27.25,24.06896551724138,27.25113359649121
31469,2024-09-24 01:00:00,Asia/Bangkok,90.01532353448272,11.51724137931035,10.69827586206897,27.19075206896552
31470,2024-09-24 02:00:00,Asia/Bangkok,88.81641956140352,6.551724137931035,5.905172413793103,27.34343599999998
31471,2024-09-24 03:00:00,Asia/Bangkok,89.91039548672562,9.456896551724139,8.370689655172415,26.93901848214286
31472,2024-09-24 04:00:00,Asia/Bangkok,91.07992147826089,11.99137931034483,10.88793103448276,26.52371399999999
31473,2024-09-24 05:00:00,Asia/Bangkok,91.6316586842105,11.9051724137931,10.88793103448276,26.43666184210528
31474,2024-09-24 06:00:00,Asia/Bangkok,92.76585831858407,15.1304347826087,13.75652173913043,26.19262008849557
31475,2024-09-24 07:00:00,Asia/Bangkok,93.19584954128435,11.57758620689655,10.62068965517241,26.150351
31476,2024-09-24 08:00:00,Asia/Bangkok,90.99106061403508,8.336206896551724,7.775862068965517,26.9592667256637
31477,2024-09-24 09:00:00,Asia/Bangkok,83.25426380530972,9.68695652173913,8.974137931034482,29.50413601769912
31478,2024-09-24 10:00:00,Asia/Bangkok,79.26169122807018,10.80172413793103,10.06034482758621,30.20191535087717
31479,2024-09-24 11:00:00,Asia/Bangkok,77.70380594594597,9.974137931034482,9.163793103448276,30.45543126126125
31480,2024-09-24 12:00:00,Asia/Bangkok,73.48985459459459,9.634782608695652,9.008620689655173,31.85951954954956
31481,2024-09-24 13:00:00,Asia/Bangkok,69.93228194444443,5.869565217391305,5.460869565217391,32.76903476635513
31482,2024-09-24 14:00:00,Asia/Bangkok,71.47041098214287,1.706896551724138,1.556521739130435,32.07653741071427
31483,2024-09-24 15:00:00,Asia/Bangkok,73.65924706422018,3.03448275862069,2.724137931034483,30.71660999999997
31484,2024-09-24 16:00:00,Asia/Bangkok,79.24419020618559,3.171717171717172,2.727272727272727,29.38649597938145
31485,2024-09-24 17:00:00,Asia/Bangkok,87.65649132743363,15.01724137931035,13.56896551724138,28.4355563716814
31486,2024-09-24 18:00:00,Asia/Bangkok,90.5522033333333,11.58620689655172,10.74137931034483,28.03539441441441
31487,2024-09-24 19:00:00,Asia/Bangkok,89.88836035398225,17.9051724137931,15.43103448275862,28.09453256637166
31488,2024-09-24 20:00:00,Asia/Bangkok,90.4294353448276,34.02586206896552,29.50862068965517,27.79017069565218
31489,2024-09-24 21:00:00,Asia/Bangkok,91.2037732142857,42.91150442477876,36.51327433628319,27.36152473214286
31490,2024-09-24 22:00:00,Asia/Bangkok,91.69985657894738,37.05217391304348,32.31896551724138,27.04469754385962
31491,2024-09-24 23:00:00,Asia/Bangkok,92.00508182608694,22.54310344827586,20.86206896551724,26.84485217391308
31492,2024-09-25 00:00:00,Asia/Bangkok,92.01548473214287,29.63478260869565,27.39130434782609,26.73450294642855
31493,2024-09-25 01:00:00,Asia/Bangkok,91.66280600000005,27.62068965517241,25.41379310344828,26.58712203539821
31494,2024-09-25 02:00:00,Asia/Bangkok,91.62850875000001,28.63793103448276,26.1551724137931,26.33330678571428
31495,2024-09-25 03:00:00,Asia/Bangkok,91.472849537037,28.84347826086956,26.6,26.16450935185187
31496,2024-09-25 04:00:00,Asia/Bangkok,91.31917100917433,17.83620689655172,16.32758620689655,25.89434045871557
31497,2024-09-25 05:00:00,Asia/Bangkok,91.22082784482757,17.49572649572649,16.01709401709402,25.65715836206898
31498,2024-09-25 06:00:00,Asia/Bangkok,92.55465508771925,22.00862068965517,20.06034482758621,25.35335192982454
31499,2024-09-25 07:00:00,Asia/Bangkok,92.94051486725664,21.72413793103448,19.81034482758621,25.39277628318583
31500,2024-09-25 08:00:00,Asia/Bangkok,94.20048556521742,21.45689655172414,19.9051724137931,25.85291403508774
31501,2024-09-25 09:00:00,Asia/Bangkok,90.52970730434785,22.34188034188034,20.02564102564103,27.76534669565218
31502,2024-09-25 10:00:00,Asia/Bangkok,77.09020099099098,5.525862068965517,5.077586206896552,31.18071790909091
31503,2024-09-25 11:00:00,Asia/Bangkok,71.15469592920353,4.75,4.310344827586207,32.40545902654868
31504,2024-09-25 12:00:00,Asia/Bangkok,63.45423348214286,3.146551724137931,2.862068965517242,34.55829928571429
31505,2024-09-25 13:00:00,Asia/Bangkok,58.30264000000001,2.474137931034483,2.224137931034483,35.71598333333333
31506,2024-09-25 14:00:00,Asia/Bangkok,58.72574043103447,2.658119658119658,2.387931034482758,35.3647897413793
31507,2024-09-25 15:00:00,Asia/Bangkok,62.27014157894735,4.224137931034483,3.94017094017094,34.85051570175439
31508,2024-09-25 16:00:00,Asia/Bangkok,74.24429675925927,6.53448275862069,5.827586206896552,30.86477292452831
31509,2024-09-25 17:00:00,Asia/Bangkok,85.90839973913045,11.25862068965517,10.35344827586207,28.56788399999998
31510,2024-09-25 18:00:00,Asia/Bangkok,89.86893254385967,7.146551724137931,6.539130434782609,27.34492324561403
31511,2024-09-25 19:00:00,Asia/Bangkok,88.29147774774772,6.521739130434782,5.767241379310345,27.85076981818181
31512,2024-09-25 20:00:00,Asia/Bangkok,91.2271529464286,8.818965517241379,8.043103448275861,26.92247274336283
31513,2024-09-25 21:00:00,Asia/Bangkok,91.85754398230088,16.89655172413793,15.07826086956522,26.76859589285714
31514,2024-09-25 22:00:00,Asia/Bangkok,92.01414292035396,19.27586206896552,17.78632478632479,26.52086150442479
31515,2024-09-25 23:00:00,Asia/Bangkok,92.71114947826091,8.991379310344827,8.293103448275861,26.14995869565217
31516,2024-09-26 00:00:00,Asia/Bangkok,93.34775681415933,10.54782608695652,9.91304347826087,26.20098557522123
31517,2024-09-26 01:00:00,Asia/Bangkok,92.44042587719298,7.205128205128205,6.632478632478633,26.40021447368422
31518,2024-09-26 02:00:00,Asia/Bangkok,91.80599017857143,5.172413793103448,4.724137931034483,26.52173160714286
31519,2024-09-26 03:00:00,Asia/Bangkok,92.01611596330277,5.5,4.948275862068965,26.38430109090908
31520,2024-09-26 04:00:00,Asia/Bangkok,92.22081009009011,6.508620689655173,5.913793103448276,26.21776798165137
31521,2024-09-26 05:00:00,Asia/Bangkok,92.88513027027027,9.474137931034482,8.577586206896552,25.8602818918919
31522,2024-09-26 06:00:00,Asia/Bangkok,93.08010157894738,10.02586206896552,9.293103448275861,25.64196017543863
31523,2024-09-26 07:00:00,Asia/Bangkok,93.70040387387388,11.11206896551724,10.35344827586207,25.43858504504506
31524,2024-09-26 08:00:00,Asia/Bangkok,94.15558837837838,9.295652173913043,8.660869565217391,25.79448423423423
31525,2024-09-26 09:00:00,Asia/Bangkok,93.72550330434788,8.530434782608696,8.11304347826087,27.43006913793102
31526,2024-09-26 10:00:00,Asia/Bangkok,85.08040270270271,8.172413793103448,7.698275862068965,29.77914252252252
31527,2024-09-26 11:00:00,Asia/Bangkok,78.95519469565217,7.956521739130435,7.469565217391304,31.24526965217392
31528,2024-09-26 12:00:00,Asia/Bangkok,72.25882589285713,10.68965517241379,9.543103448275861,33.0494772972973
31529,2024-09-26 13:00:00,Asia/Bangkok,68.57254548672567,12.14655172413793,10.86206896551724,33.93220292035397
31530,2024-09-26 14:00:00,Asia/Bangkok,77.99765097345131,2.870689655172414,2.456896551724138,30.94486176991152
31531,2024-09-26 15:00:00,Asia/Bangkok,86.87960045454544,2.03448275862069,1.793103448275862,28.79282275229358
31532,2024-09-26 16:00:00,Asia/Bangkok,79.64713130434782,2.965811965811966,2.606837606837607,31.40179886956523
31533,2024-09-26 17:00:00,Asia/Bangkok,78.87134866071428,3.508620689655173,3.120689655172414,30.74866758928571
31534,2024-09-26 18:00:00,Asia/Bangkok,81.36710130434784,3.867256637168142,3.548672566371681,29.98631652173911
31535,2024-09-26 19:00:00,Asia/Bangkok,83.11707365217391,6.606837606837606,5.974358974358974,29.60780347826089
31536,2024-09-26 20:00:00,Asia/Bangkok,85.93039955752215,17.23008849557522,15.76785714285714,29.16408044247788
31537,2024-09-26 21:00:00,Asia/Bangkok,86.46885991228073,9.060344827586206,8.495726495726496,28.39267482456144
31538,2024-09-26 22:00:00,Asia/Bangkok,87.59094389380532,7.482758620689655,6.853448275862069,28.15004088495576
31539,2024-09-26 23:00:00,Asia/Bangkok,88.96086025862063,16.53846153846154,15.44444444444444,27.86533284482761
31540,2024-09-27 00:00:00,Asia/Bangkok,90.11836094827585,22.33620689655172,20.79130434782609,27.60175336206896
31541,2024-09-27 01:00:00,Asia/Bangkok,90.40935962616823,22.32173913043478,20.73504273504274,27.5396342990654
31542,2024-09-27 02:00:00,Asia/Bangkok,90.86957846846849,15.92241379310345,14.98275862068965,27.29111954954951
31543,2024-09-27 03:00:00,Asia/Bangkok,91.63467955752212,13.29310344827586,12.21739130434783,27.09932663716811
31544,2024-09-27 04:00:00,Asia/Bangkok,92.07865937500004,11.12068965517241,10.33333333333333,26.89319225225226
31545,2024-09-27 05:00:00,Asia/Bangkok,91.78166787610621,9.112068965517242,8.439655172413794,26.74337504424778
31546,2024-09-27 06:00:00,Asia/Bangkok,92.09520380530974,8.14655172413793,7.525862068965517,26.55666168141591
31547,2024-09-27 07:00:00,Asia/Bangkok,92.0594859649123,8.836206896551724,8.28448275862069,26.48491412280702
31548,2024-09-27 08:00:00,Asia/Bangkok,93.212315840708,9.39655172413793,8.741379310344827,26.87414769911503
31549,2024-09-27 09:00:00,Asia/Bangkok,89.90285391304346,5.439655172413793,5.008620689655173,28.54659173913044
31550,2024-09-27 10:00:00,Asia/Bangkok,80.29601145299145,3.376068376068376,2.965811965811966,30.81323683760681
31551,2024-09-27 11:00:00,Asia/Bangkok,76.08468482142858,3.318965517241379,2.96551724137931,31.88641955357146
31552,2024-09-27 12:00:00,Asia/Bangkok,71.9126606666667,2.963302752293578,2.660550458715596,32.528802
31553,2024-09-27 13:00:00,Asia/Bangkok,69.66998713043476,2.568965517241379,2.336206896551724,33.02309780701754
31554,2024-09-27 14:00:00,Asia/Bangkok,71.58173078260866,1.96551724137931,1.793103448275862,32.54460686956522
31555,2024-09-27 15:00:00,Asia/Bangkok,68.0480857142857,0.7192982456140351,0.5701754385964912,33.31631000000001
31556,2024-09-27 16:00:00,Asia/Bangkok,69.07251071428571,1.060344827586207,0.8620689655172413,33.01904580357143
31557,2024-09-27 17:00:00,Asia/Bangkok,70.73293284482756,1.163793103448276,0.9827586206896551,32.47424827586207
31558,2024-09-27 18:00:00,Asia/Bangkok,70.99409833333333,1.422413793103448,1.21551724137931,32.20878780701752
31559,2024-09-27 19:00:00,Asia/Bangkok,76.25389692982458,1.401709401709402,1.153846153846154,30.57445201754386
31560,2024-09-27 20:00:00,Asia/Bangkok,81.01892710526316,3.539823008849558,3.141592920353983,29.71676876106191
31561,2024-09-27 21:00:00,Asia/Bangkok,83.45606139130439,8.551724137931034,7.758620689655173,29.43525313043476
31562,2024-09-27 22:00:00,Asia/Bangkok,85.74382035398234,17.29310344827586,15.67241379310345,28.83561079646018
31563,2024-09-27 23:00:00,Asia/Bangkok,86.21400241379311,13.26495726495727,12.2991452991453,28.68505663793104
31564,2024-09-28 00:00:00,Asia/Bangkok,87.26284741379312,13.37606837606838,12.30172413793103,28.24113422413793
31565,2024-09-28 01:00:00,Asia/Bangkok,88.96808530434777,14.28448275862069,13.16239316239316,27.60738
31566,2024-09-28 02:00:00,Asia/Bangkok,89.77435207207206,16.24137931034483,14.83620689655172,27.16926783783784
31567,2024-09-28 03:00:00,Asia/Bangkok,90.53718886956518,16.23275862068965,15.12931034482759,26.99636078260872
31568,2024-09-28 04:00:00,Asia/Bangkok,90.62895539130434,12.07758620689655,11.16379310344828,27.04909321739129
31569,2024-09-28 05:00:00,Asia/Bangkok,89.88765732142862,10.18965517241379,9.25,27.14381821428571
31570,2024-09-28 06:00:00,Asia/Bangkok,89.83574087719298,10.10344827586207,9.224137931034482,27.01778535087721
31571,2024-09-28 07:00:00,Asia/Bangkok,90.12421534482762,7.982758620689655,7.344827586206897,26.79582241379309
31572,2024-09-28 08:00:00,Asia/Bangkok,91.1677842105263,7.230769230769231,6.564102564102564,27.19857087719297
31573,2024-09-28 09:00:00,Asia/Bangkok,84.70667936936933,2.582608695652174,2.208695652173913,29.61334171171173
31574,2024-09-28 10:00:00,Asia/Bangkok,77.78315626086956,2.102564102564103,1.846153846153846,30.95834596491227
31575,2024-09-28 11:00:00,Asia/Bangkok,72.64594796460177,1.681034482758621,1.474137931034483,32.45617221238936
31576,2024-09-28 12:00:00,Asia/Bangkok,66.62710052631579,0.9230769230769231,0.811965811965812,34.14133333333332
31577,2024-09-28 13:00:00,Asia/Bangkok,62.221445877193,1.034782608695652,0.8260869565217391,35.7210192982456
31578,2024-09-28 14:00:00,Asia/Bangkok,62.6355739285714,0.8275862068965517,0.7068965517241379,35.27149169642858
31579,2024-09-28 15:00:00,Asia/Bangkok,78.35454616071426,4.017241379310345,3.741379310344827,31.11910660714287
31580,2024-09-28 16:00:00,Asia/Bangkok,84.06137901785713,7.136752136752137,6.538461538461538,27.76057249999999
31581,2024-09-28 17:00:00,Asia/Bangkok,85.07864034782607,14.25,12.99137931034483,27.52179008695652
31582,2024-09-28 18:00:00,Asia/Bangkok,85.42807166666664,10.37606837606838,9.547008547008547,27.80055833333335
31583,2024-09-28 19:00:00,Asia/Bangkok,87.57760317757007,38.38938053097345,33.31858407079646,27.16730831775701
31584,2024-09-28 20:00:00,Asia/Bangkok,89.60948185185185,30.17241379310345,26.28448275862069,26.59270379629632
31585,2024-09-28 21:00:00,Asia/Bangkok,90.54113292035397,17.8,15.80172413793103,26.48477371681418
31586,2024-09-28 22:00:00,Asia/Bangkok,90.69931071428573,31.50434782608696,26.67826086956522,26.40421160714284
31587,2024-09-28 23:00:00,Asia/Bangkok,91.17698095652173,28.47413793103448,24.9051724137931,26.14993469565218
31588,2024-09-29 00:00:00,Asia/Bangkok,91.351924122807,19.70434782608696,18.27826086956522,26.26476743362832
31589,2024-09-29 01:00:00,Asia/Bangkok,91.6426079824561,19.58407079646018,17.93805309734513,26.09379292035398
31590,2024-09-29 02:00:00,Asia/Bangkok,92.25636787610614,19.50434782608696,17.88695652173913,25.95980575221239
31591,2024-09-29 03:00:00,Asia/Bangkok,92.80036176991149,16.80172413793104,15.56896551724138,25.52868088495574
31592,2024-09-29 04:00:00,Asia/Bangkok,93.03486232758621,14.1551724137931,13.21551724137931,25.23114362068969
31593,2024-09-29 05:00:00,Asia/Bangkok,92.7905585840708,15.85087719298246,14.87826086956522,25.13587761061948
31594,2024-09-29 06:00:00,Asia/Bangkok,92.6377672972973,15.05128205128205,13.99145299145299,25.03526648648647
31595,2024-09-29 07:00:00,Asia/Bangkok,92.67418432432434,14.43965517241379,13.5,25.07371027027028
31596,2024-09-29 08:00:00,Asia/Bangkok,94.01475525862067,16.17241379310345,15.29310344827586,25.82643452991453
31597,2024-09-29 09:00:00,Asia/Bangkok,91.62064991150444,13.94827586206897,13.08620689655172,27.68744883928573
31598,2024-09-29 10:00:00,Asia/Bangkok,82.21757399999998,11.16814159292035,10.53982300884956,30.36956184210527
31599,2024-09-29 11:00:00,Asia/Bangkok,73.7953601754386,8.810344827586206,8.387931034482758,32.06997552631579
31600,2024-09-29 12:00:00,Asia/Bangkok,67.24772256410256,9.726495726495726,9.282051282051283,33.64734692307694
31601,2024-09-29 13:00:00,Asia/Bangkok,65.73390805309734,10.18965517241379,9.75,33.88850876106194
31602,2024-09-29 14:00:00,Asia/Bangkok,63.39228398230088,7.113043478260869,6.78448275862069,34.86414831858408
31603,2024-09-29 15:00:00,Asia/Bangkok,62.15928495652177,7.860869565217391,7.478260869565218,34.9762543859649
31604,2024-09-29 16:00:00,Asia/Bangkok,60.47157157894736,8.947826086956521,8.547826086956523,35.15341105263157
31605,2024-09-29 17:00:00,Asia/Bangkok,63.68888873873873,10.54310344827586,10.03448275862069,34.48746117117116
31606,2024-09-29 18:00:00,Asia/Bangkok,68.61832284482752,16.30769230769231,14.61538461538461,33.13414612068965
31607,2024-09-29 19:00:00,Asia/Bangkok,73.4617,22.56896551724138,20.30172413793104,32.0515992857143
31608,2024-09-29 20:00:00,Asia/Bangkok,76.05748481818185,27.75862068965517,25.46551724137931,31.76576418181819
31609,2024-09-29 21:00:00,Asia/Bangkok,76.87544736842104,18.8034188034188,17.56410256410257,31.10786166666666
31610,2024-09-29 22:00:00,Asia/Bangkok,79.16302061946901,9.991379310344827,9.241379310344827,30.25967283185843
31611,2024-09-29 23:00:00,Asia/Bangkok,83.09624633928571,7.53448275862069,6.982758620689655,29.02321071428573
31612,2024-09-30 00:00:00,Asia/Bangkok,85.87999844827587,7.05982905982906,6.512820512820513,28.30395698275861
31613,2024-09-30 01:00:00,Asia/Bangkok,88.40635657894737,7.172413793103448,6.620689655172414,27.71069131578949
31614,2024-09-30 02:00:00,Asia/Bangkok,89.50938362831852,7.991379310344827,7.482758620689655,27.47648309734513
31615,2024-09-30 03:00:00,Asia/Bangkok,89.81100848214285,8.035398230088495,7.584070796460177,27.32192401785711
31616,2024-09-30 04:00:00,Asia/Bangkok,90.8458442982456,8.717948717948717,8.145299145299145,26.99855421052631
31617,2024-09-30 05:00:00,Asia/Bangkok,91.59758184210526,9.310344827586206,8.698275862068966,26.73686116071427
31618,2024-09-30 06:00:00,Asia/Bangkok,90.79027736363635,8.060344827586206,7.568965517241379,26.68478772727273
31619,2024-09-30 07:00:00,Asia/Bangkok,90.36817893805313,7.25,6.801724137931035,26.70379123893806
31620,2024-09-30 08:00:00,Asia/Bangkok,88.45314375000001,6.417391304347826,5.913043478260869,27.49096401785715
31621,2024-09-30 09:00:00,Asia/Bangkok,79.50228999999997,3.422413793103448,3.146551724137931,29.68700730434782
31622,2024-09-30 10:00:00,Asia/Bangkok,71.31506913043478,3.834782608695652,3.547826086956522,31.80283486956522
31623,2024-09-30 11:00:00,Asia/Bangkok,66.79872350877193,4.948275862068965,4.517241379310345,33.31762903508771
31624,2024-09-30 12:00:00,Asia/Bangkok,62.38808999999998,4.405172413793103,4.017241379310345,34.86883878260868
31625,2024-09-30 13:00:00,Asia/Bangkok,58.62185124999998,5.267241379310345,4.879310344827586,36.08653794642857
31626,2024-09-30 14:00:00,Asia/Bangkok,54.78826732142854,4.577586206896552,4.304347826086956,37.62111714285715
31627,2024-09-30 15:00:00,Asia/Bangkok,55.35369504424775,4.778761061946903,4.482456140350878,37.06891646017697
31628,2024-09-30 16:00:00,Asia/Bangkok,75.39929571428573,13.25,12.32758620689655,31.97549936936936
31629,2024-09-30 17:00:00,Asia/Bangkok,82.32212051724136,4.103448275862069,3.724137931034483,29.73126982758618
31630,2024-09-30 18:00:00,Asia/Bangkok,82.42792767857142,3.094827586206896,2.655172413793104,29.22848776785713
31631,2024-09-30 19:00:00,Asia/Bangkok,82.68796286956523,16.60683760683761,14.65811965811966,29.06133552631579
31632,2024-09-30 20:00:00,Asia/Bangkok,84.70842543859646,8.086206896551724,7.362068965517241,28.22908421052629
31633,2024-09-30 21:00:00,Asia/Bangkok,87.40031321428573,34.73275862068966,30.26724137931035,27.69045142857143
31634,2024-09-30 22:00:00,Asia/Bangkok,89.61753678260878,13.73043478260869,12.73913043478261,27.09178836206896
31635,2024-09-30 23:00:00,Asia/Bangkok,89.87612026315789,17.82905982905983,14.36752136752137,26.76790247787609
31636,2024-10-01 00:00:00,Asia/Bangkok,89.32672486956525,3.678260869565217,3.295652173913044,26.77728139130438
31637,2024-10-01 01:00:00,Asia/Bangkok,88.96612077586204,5.675213675213675,5.333333333333333,26.85468258620688
31638,2024-10-01 02:00:00,Asia/Bangkok,89.55887141592919,7.310344827586207,6.827586206896552,26.70133203539823
31639,2024-10-01 03:00:00,Asia/Bangkok,90.7711934513274,10.53448275862069,9.741379310344827,26.2976153097345
31640,2024-10-01 04:00:00,Asia/Bangkok,90.96248027027028,7.706896551724138,7.0,26.17992162162161
31641,2024-10-01 05:00:00,Asia/Bangkok,91.45159318181818,8.905172413793103,8.206896551724139,26.00901724770642
31642,2024-10-01 06:00:00,Asia/Bangkok,91.6333321929825,8.401709401709402,7.769230769230769,25.98047833333332
31643,2024-10-01 07:00:00,Asia/Bangkok,92.68852721739133,11.54310344827586,10.75862068965517,25.8823336842105
31644,2024-10-01 08:00:00,Asia/Bangkok,91.39539618181819,8.870689655172415,8.258620689655173,26.88136881818181
31645,2024-10-01 09:00:00,Asia/Bangkok,83.41397882882882,4.383928571428571,3.919642857142857,29.0127107207207
31646,2024-10-01 10:00:00,Asia/Bangkok,75.32423377192983,2.41025641025641,2.129310344827586,31.25344026315787
31647,2024-10-01 11:00:00,Asia/Bangkok,68.6985047826087,2.301724137931035,2.051282051282051,32.59743208695652
31648,2024-10-01 12:00:00,Asia/Bangkok,65.65731495652174,3.525862068965517,3.155172413793104,33.89632913043478
31649,2024-10-01 13:00:00,Asia/Bangkok,61.77316543859648,2.741379310344827,2.491379310344827,35.19313736842103
31650,2024-10-01 14:00:00,Asia/Bangkok,65.75026141592922,1.698275862068966,1.560344827586207,34.14523946902655
31651,2024-10-01 15:00:00,Asia/Bangkok,65.042268018018,0.5565217391304348,0.4,34.03798270270273
31652,2024-10-01 16:00:00,Asia/Bangkok,67.71529144144144,0.8260869565217391,0.6260869565217392,33.7630317117117
31653,2024-10-01 17:00:00,Asia/Bangkok,70.40965106194692,2.162393162393162,1.700854700854701,32.84507123893807
31654,2024-10-01 18:00:00,Asia/Bangkok,73.79422298245615,2.629310344827586,2.31304347826087,31.88525482456138
31655,2024-10-01 19:00:00,Asia/Bangkok,75.67721607142857,8.221238938053098,7.486725663716814,30.81857660714288
31656,2024-10-01 20:00:00,Asia/Bangkok,78.0278109649123,20.95652173913043,17.89565217391304,29.91204464912278
31657,2024-10-01 21:00:00,Asia/Bangkok,77.41335695652172,5.565217391304348,4.547826086956522,29.28871043478259
31658,2024-10-01 22:00:00,Asia/Bangkok,80.18690269565215,1.448275862068966,1.155172413793103,28.4168850442478
31659,2024-10-01 23:00:00,Asia/Bangkok,81.54887053097346,0.8173913043478261,0.6086956521739131,28.16419584070795
31660,2024-10-02 00:00:00,Asia/Bangkok,84.36765008695649,2.103448275862069,1.732758620689655,27.7775619130435
31661,2024-10-02 01:00:00,Asia/Bangkok,86.55696263157893,2.2,1.834782608695652,27.37523491228068
31662,2024-10-02 02:00:00,Asia/Bangkok,88.26427526785706,4.344827586206897,3.78448275862069,27.13263758928571
31663,2024-10-02 03:00:00,Asia/Bangkok,88.11623730434783,2.444444444444445,2.162393162393162,27.15010368421053
31664,2024-10-02 04:00:00,Asia/Bangkok,89.59524432432433,3.886956521739131,3.452173913043478,26.8545327027027
31665,2024-10-02 05:00:00,Asia/Bangkok,90.92862786324788,4.717948717948718,4.136752136752137,26.5524205982906
31666,2024-10-02 06:00:00,Asia/Bangkok,91.83050831858405,3.629310344827586,3.310344827586207,26.43770176991152
31667,2024-10-02 07:00:00,Asia/Bangkok,91.94651814159293,4.224137931034483,3.793103448275862,26.53110205357142
31668,2024-10-02 08:00:00,Asia/Bangkok,90.9987841964286,5.146551724137931,4.655172413793103,27.04884126126123
31669,2024-10-02 09:00:00,Asia/Bangkok,86.80798640350878,5.260869565217392,4.765217391304348,28.67649982300885
31670,2024-10-02 10:00:00,Asia/Bangkok,79.07246224137928,1.974358974358974,1.615384615384615,30.6988498275862
31671,2024-10-02 11:00:00,Asia/Bangkok,72.17579730434785,1.586206896551724,1.422413793103448,32.37356713043477
31672,2024-10-02 12:00:00,Asia/Bangkok,66.66688309734512,1.582608695652174,1.391304347826087,33.81057433628317
31673,2024-10-02 13:00:00,Asia/Bangkok,61.75131534482759,1.811965811965812,1.649572649572649,35.35026327586207
31674,2024-10-02 14:00:00,Asia/Bangkok,59.60667842105263,2.495652173913043,2.260869565217391,35.99426070175438
31675,2024-10-02 15:00:00,Asia/Bangkok,57.23225955357144,2.25,2.03448275862069,36.85840607142855
31676,2024-10-02 16:00:00,Asia/Bangkok,61.29925082474227,3.717171717171717,3.404040404040404,36.00346257731958
31677,2024-10-02 17:00:00,Asia/Bangkok,70.25074532110091,3.931034482758621,3.568965517241379,33.76071247706423
31678,2024-10-02 18:00:00,Asia/Bangkok,82.00806000000001,3.526315789473684,2.982456140350877,30.52174362831859
31679,2024-10-02 19:00:00,Asia/Bangkok,91.80009144144145,1.310344827586207,0.9568965517241379,27.41024972972973
31680,2024-10-02 20:00:00,Asia/Bangkok,91.97316543859647,0.08620689655172414,0.01724137931034483,27.25804473684211
31681,2024-10-02 21:00:00,Asia/Bangkok,90.2810235652174,0.4912280701754386,0.3333333333333333,27.691136
31682,2024-10-02 22:00:00,Asia/Bangkok,90.39530739130434,0.6206896551724138,0.4310344827586207,27.42695782608696
31683,2024-10-02 23:00:00,Asia/Bangkok,92.55110382608694,1.508620689655172,1.163793103448276,26.76052315789472
31684,2024-10-03 00:00:00,Asia/Bangkok,93.01117594594594,1.310344827586207,1.129310344827586,26.68636345454545
31685,2024-10-03 01:00:00,Asia/Bangkok,93.47500289473682,3.282051282051282,2.829059829059829,26.62106035714285
31686,2024-10-03 02:00:00,Asia/Bangkok,94.23262890909088,4.241379310344827,3.78448275862069,26.54415454545454
31687,2024-10-03 03:00:00,Asia/Bangkok,94.38947087719295,6.310344827586207,5.844827586206897,26.58760692982456
31688,2024-10-03 04:00:00,Asia/Bangkok,95.11865307017543,3.5,3.224137931034483,26.45270649122807
31689,2024-10-03 05:00:00,Asia/Bangkok,95.07801543859651,3.810344827586207,3.48695652173913,26.58624707964602
31690,2024-10-03 06:00:00,Asia/Bangkok,94.50422663716814,4.956521739130435,4.586206896551724,26.6920243362832
31691,2024-10-03 07:00:00,Asia/Bangkok,93.95663182608693,6.517241379310345,5.982758620689655,26.75520060869565
31692,2024-10-03 08:00:00,Asia/Bangkok,94.97730095652174,7.836206896551724,7.25,26.81861365217391
31693,2024-10-03 09:00:00,Asia/Bangkok,92.57945886956513,4.775862068965517,4.336206896551724,28.27456626086957
31694,2024-10-03 10:00:00,Asia/Bangkok,81.88406105263158,2.112068965517242,1.896551724137931,30.86631429824561
31695,2024-10-03 11:00:00,Asia/Bangkok,76.33831125000003,1.853448275862069,1.629310344827586,31.82345294642858
31696,2024-10-03 12:00:00,Asia/Bangkok,72.32802285714287,1.094827586206897,0.9568965517241379,32.92207866071429
31697,2024-10-03 13:00:00,Asia/Bangkok,69.05299252173913,0.5042735042735043,0.4102564102564102,34.17838608695651
31698,2024-10-03 14:00:00,Asia/Bangkok,66.56348973913042,0.4137931034482759,0.2844827586206897,34.63389686956521
31699,2024-10-03 15:00:00,Asia/Bangkok,67.14301391304348,0.2672413793103448,0.1206896551724138,34.71212521739131
31700,2024-10-03 16:00:00,Asia/Bangkok,70.50446098214287,2.732758620689655,2.422413793103448,33.21881991071429
31701,2024-10-03 17:00:00,Asia/Bangkok,89.72529723214286,2.422413793103448,1.948275862068966,26.45375272727274
31702,2024-10-03 18:00:00,Asia/Bangkok,90.40089536082475,2.252525252525253,1.877551020408163,26.78215670103092
31703,2024-10-03 19:00:00,Asia/Bangkok,91.46079348214282,1.130434782608696,0.9137931034482759,26.458430625
31704,2024-10-03 20:00:00,Asia/Bangkok,90.93883586206894,1.655172413793103,1.396551724137931,26.55507767241381
31705,2024-10-03 21:00:00,Asia/Bangkok,92.95506801724139,3.71551724137931,3.301724137931035,26.25579137931034
31706,2024-10-03 22:00:00,Asia/Bangkok,93.16776096491232,2.043103448275862,1.741379310344828,26.14748938596491
31707,2024-10-03 23:00:00,Asia/Bangkok,93.22787324561408,2.801724137931035,2.431034482758621,26.16939184210525
31708,2024-10-04 00:00:00,Asia/Bangkok,93.74202228070183,1.405172413793103,1.120689655172414,25.98493008771928
31709,2024-10-04 01:00:00,Asia/Bangkok,93.79838495575221,3.136752136752137,2.726495726495727,25.9835082300885
31710,2024-10-04 02:00:00,Asia/Bangkok,93.8240647826087,0.6637931034482759,0.456896551724138,25.95672173913044
31711,2024-10-04 03:00:00,Asia/Bangkok,93.84546009009009,1.36283185840708,1.079646017699115,25.94962765765766
31712,2024-10-04 04:00:00,Asia/Bangkok,94.0502968965517,1.282051282051282,0.9230769230769231,25.89559612068965
31713,2024-10-04 05:00:00,Asia/Bangkok,93.81060584070794,1.646551724137931,1.310344827586207,25.73876292035395
31714,2024-10-04 06:00:00,Asia/Bangkok,94.08699586206893,2.504273504273504,2.076923076923077,25.67651818965516
31715,2024-10-04 07:00:00,Asia/Bangkok,94.17638575221237,5.448275862068965,4.655172413793103,25.56970371681419
31716,2024-10-04 08:00:00,Asia/Bangkok,95.17365294642858,4.017094017094017,3.452991452991453,26.11059660714287
31717,2024-10-04 09:00:00,Asia/Bangkok,92.68639052631575,3.172413793103448,2.913793103448276,27.94228087719297
31718,2024-10-04 10:00:00,Asia/Bangkok,81.96048491071427,2.034188034188034,1.803418803418803,30.55230526785713
31719,2024-10-04 11:00:00,Asia/Bangkok,74.33267366972478,0.75,0.5431034482758621,32.37221018518519
31720,2024-10-04 12:00:00,Asia/Bangkok,69.9201266363636,0.4827586206896552,0.353448275862069,33.21022918918919
31721,2024-10-04 13:00:00,Asia/Bangkok,67.92366982142856,1.299145299145299,1.162393162393162,33.97192063063063
31722,2024-10-04 14:00:00,Asia/Bangkok,80.11528605263156,1.591304347826087,1.28695652173913,30.42788947368422
31723,2024-10-04 15:00:00,Asia/Bangkok,90.5368144827586,0.3362068965517241,0.2327586206896552,26.8638678448276
31724,2024-10-04 16:00:00,Asia/Bangkok,87.25041620689653,1.293103448275862,1.03448275862069,28.35407208695652
31725,2024-10-04 17:00:00,Asia/Bangkok,84.93482060869567,2.026086956521739,1.678260869565217,29.39805304347822
31726,2024-10-04 18:00:00,Asia/Bangkok,85.53953927272728,4.336206896551724,3.913793103448276,29.26597154545455
31727,2024-10-04 19:00:00,Asia/Bangkok,88.98546499999996,4.198275862068965,3.724137931034483,28.01833044642854
31728,2024-10-04 20:00:00,Asia/Bangkok,90.40184692982456,11.64655172413793,10.91379310344828,27.54224894736839
31729,2024-10-04 21:00:00,Asia/Bangkok,91.35514208695653,15.51282051282051,14.57264957264957,27.24593217391305
31730,2024-10-04 22:00:00,Asia/Bangkok,91.59155692982456,14.9051724137931,13.93103448275862,26.89715289473688
31731,2024-10-04 23:00:00,Asia/Bangkok,92.28254260869564,17.57758620689655,16.43965517241379,26.69587315789474
31732,2024-10-05 00:00:00,Asia/Bangkok,92.86462081081076,13.56034482758621,12.52586206896552,26.77481054054055
31733,2024-10-05 01:00:00,Asia/Bangkok,93.2673541071429,11.35344827586207,10.6551724137931,26.77357982142857
31734,2024-10-05 02:00:00,Asia/Bangkok,94.46483626086957,13.32758620689655,12.46551724137931,26.46543026086957
31735,2024-10-05 03:00:00,Asia/Bangkok,95.06609672566377,11.12931034482759,10.46551724137931,26.40738336283185
31736,2024-10-05 04:00:00,Asia/Bangkok,94.58319267241377,11.37931034482759,10.6551724137931,26.47862586206896
31737,2024-10-05 05:00:00,Asia/Bangkok,94.2021456140351,9.572649572649572,8.923076923076923,26.35212447368423
31738,2024-10-05 06:00:00,Asia/Bangkok,93.76975860869568,11.71551724137931,10.91379310344828,26.27126278260867
31739,2024-10-05 07:00:00,Asia/Bangkok,93.69876169642858,7.482758620689655,6.896551724137931,26.108494375
31740,2024-10-05 08:00:00,Asia/Bangkok,94.20741369369365,7.71551724137931,7.137931034482759,26.24155727272727
31741,2024-10-05 09:00:00,Asia/Bangkok,94.96667079646018,19.04310344827586,16.8448275862069,26.3970549557522
31742,2024-10-05 10:00:00,Asia/Bangkok,94.78322776785717,1.666666666666667,1.350427350427351,25.26371937499999
31743,2024-10-05 11:00:00,Asia/Bangkok,96.11578719298245,2.094827586206896,1.767241379310345,25.21310964912281
31744,2024-10-05 12:00:00,Asia/Bangkok,96.01304696428573,2.310344827586207,2.0,25.44327633928571
31745,2024-10-05 13:00:00,Asia/Bangkok,94.84291921052625,2.913793103448276,2.663793103448276,26.2220740350877
31746,2024-10-05 14:00:00,Asia/Bangkok,94.5350729310344,3.689655172413793,3.396551724137931,26.30725452173913
31747,2024-10-05 15:00:00,Asia/Bangkok,93.79822194690269,3.862068965517242,3.663793103448276,26.75050787610619
31748,2024-10-05 16:00:00,Asia/Bangkok,92.44064680851064,4.704081632653061,4.438775510204081,27.36253159574466
31749,2024-10-05 17:00:00,Asia/Bangkok,93.04251711340206,5.0625,4.770833333333333,27.37066916666666
31750,2024-10-05 18:00:00,Asia/Bangkok,93.7028025217391,7.232758620689655,6.887931034482759,27.07824254385965
31751,2024-10-05 19:00:00,Asia/Bangkok,94.18769357894737,19.45,18.29,26.78832936170212
31752,2024-10-05 20:00:00,Asia/Bangkok,94.12961480519483,13.35443037974684,12.67088607594937,26.60134307692306
31753,2024-10-05 21:00:00,Asia/Bangkok,94.31361170212767,19.57,18.43,26.4420355319149
31754,2024-10-05 22:00:00,Asia/Bangkok,94.48478168141592,18.4051724137931,17.42241379310345,26.29639821428568
31755,2024-10-05 23:00:00,Asia/Bangkok,94.55224166666665,14.53125,13.64583333333333,26.17647333333334
31756,2024-10-06 00:00:00,Asia/Bangkok,94.31717180722899,12.13636363636364,11.65909090909091,26.04673621951218
31757,2024-10-06 01:00:00,Asia/Bangkok,94.48351804123715,11.02,10.3,25.95930886597938
31758,2024-10-06 02:00:00,Asia/Bangkok,94.30547226804124,8.8659793814433,8.185567010309278,25.76551581632653
31759,2024-10-06 03:00:00,Asia/Bangkok,94.53113351063826,6.826530612244898,6.377551020408164,25.75732145833335
31760,2024-10-06 04:00:00,Asia/Bangkok,94.4577610619469,6.275862068965517,5.948275862068965,25.70331778761059
31761,2024-10-06 05:00:00,Asia/Bangkok,94.38056062499996,7.925925925925926,7.382716049382716,25.64692587500001
31762,2024-10-06 06:00:00,Asia/Bangkok,94.31278326315788,7.707070707070707,7.242424242424242,25.57904687500002
31763,2024-10-06 07:00:00,Asia/Bangkok,94.71403438596491,8.672413793103448,8.060344827586206,25.54786690265489
31764,2024-10-06 08:00:00,Asia/Bangkok,95.46607512820515,7.333333333333333,6.814814814814815,25.91772922077921
31765,2024-10-06 09:00:00,Asia/Bangkok,93.85197185185183,5.119047619047619,4.773809523809524,27.43087926829268
31766,2024-10-06 13:00:00,Asia/Bangkok,84.15322890829698,3.116883116883117,2.772727272727273,29.42367763676148
31767,2024-10-06 14:00:00,Asia/Bangkok,91.40671643478258,1.043478260869565,0.8608695652173913,27.85472200000001
31768,2024-10-06 15:00:00,Asia/Bangkok,85.05797495575223,1.991150442477876,1.707964601769911,29.41261309734512
31769,2024-10-06 16:00:00,Asia/Bangkok,83.23142391304351,2.555555555555555,2.282051282051282,29.93541826086958
31770,2024-10-06 17:00:00,Asia/Bangkok,89.85960000000004,2.806122448979592,2.510204081632653,28.09783691489359
31771,2024-10-06 18:00:00,Asia/Bangkok,93.51649890909093,1.28695652173913,1.034782608695652,26.73210472222221
31772,2024-10-06 19:00:00,Asia/Bangkok,92.92897056179773,5.092783505154639,4.690721649484536,26.58863898876405
31773,2024-10-06 20:00:00,Asia/Bangkok,91.84114904347828,5.947826086956522,5.347826086956522,26.43234182608699
31774,2024-10-06 21:00:00,Asia/Bangkok,92.20463144144142,18.14655172413793,15.96551724137931,26.22092236363639
31775,2024-10-06 22:00:00,Asia/Bangkok,93.356684494382,36.78494623655914,31.50537634408602,25.97011011235956
31776,2024-10-06 23:00:00,Asia/Bangkok,93.84994509999999,45.2621359223301,37.84466019417476,26.02820881188116
31777,2024-10-07 00:00:00,Asia/Bangkok,94.36415146666671,12.34177215189873,11.21518987341772,25.92905959999999
31778,2024-10-07 01:00:00,Asia/Bangkok,94.2990789380531,9.594827586206897,8.96551724137931,25.9426267256637
31779,2024-10-07 02:00:00,Asia/Bangkok,94.4285730612245,14.65,13.48,25.79854302083332
31780,2024-10-07 03:00:00,Asia/Bangkok,94.67672088888887,15.82417582417582,14.48351648351648,25.59968285714287
31781,2024-10-07 04:00:00,Asia/Bangkok,94.85074723404256,15.34375,13.97916666666667,25.51669389473686
31782,2024-10-07 05:00:00,Asia/Bangkok,95.01330463917526,14.88235294117647,13.62745098039216,25.48814177083333
31783,2024-10-07 06:00:00,Asia/Bangkok,95.1515481521739,18.2,16.69473684210526,25.30444548387095
31784,2024-10-07 07:00:00,Asia/Bangkok,95.26102290909094,18.86206896551724,17.18965517241379,25.19930209090907
31785,2024-10-07 08:00:00,Asia/Bangkok,96.06127093023255,10.0,9.373626373626374,25.90673174418605
31786,2024-10-07 09:00:00,Asia/Bangkok,94.39564,4.623931623931623,4.273504273504273,27.66659139130434
31787,2024-10-07 10:00:00,Asia/Bangkok,84.59039526315792,1.43859649122807,1.184210526315789,29.95037017391305
31788,2024-10-07 11:00:00,Asia/Bangkok,79.4246128318584,1.517241379310345,1.293103448275862,31.47396371681416
31789,2024-10-07 12:00:00,Asia/Bangkok,73.7457356034483,6.5,6.224137931034483,32.86525626086955
31790,2024-10-07 13:00:00,Asia/Bangkok,72.84455419642858,2.721739130434782,2.565217391304348,32.64448491071428
31791,2024-10-07 14:00:00,Asia/Bangkok,69.32863035087716,0.2844827586206897,0.2155172413793103,33.46489763157892
31792,2024-10-07 15:00:00,Asia/Bangkok,70.30720382608696,0.4482758620689655,0.3017241379310345,32.80741486956523
31793,2024-10-07 16:00:00,Asia/Bangkok,70.23268686956523,3.153846153846154,2.896551724137931,32.81991815789475
31794,2024-10-07 17:00:00,Asia/Bangkok,73.45462286956524,2.858407079646017,2.280701754385965,31.99289243478258
31795,2024-10-07 18:00:00,Asia/Bangkok,78.77943045454546,25.58620689655172,22.49137931034483,30.60487281818182
31796,2024-10-07 19:00:00,Asia/Bangkok,82.73393429824564,47.71794871794872,40.21367521367522,30.05270570175438
31797,2024-10-07 20:00:00,Asia/Bangkok,85.38246826086956,29.93103448275862,26.04310344827586,29.5571373043478
31798,2024-10-07 21:00:00,Asia/Bangkok,87.57362313043477,19.53448275862069,18.01739130434783,28.83984131578948
31799,2024-10-07 22:00:00,Asia/Bangkok,88.81733904347826,20.45689655172414,19.06034482758621,28.48840234782611
31800,2024-10-07 23:00:00,Asia/Bangkok,89.86700587719297,24.44444444444444,21.93162393162393,28.22063017699115
31801,2024-10-08 00:00:00,Asia/Bangkok,91.73922584070796,8.008620689655173,7.370689655172414,27.32803159292036
31802,2024-10-08 01:00:00,Asia/Bangkok,91.9581668103448,8.068965517241379,7.482758620689655,27.47960827586208
31803,2024-10-08 02:00:00,Asia/Bangkok,94.04926333333337,13.12931034482759,12.00862068965517,26.98129263157896
31804,2024-10-08 03:00:00,Asia/Bangkok,94.74966473684215,12.93162393162393,11.70940170940171,26.76471362831859
31805,2024-10-08 04:00:00,Asia/Bangkok,94.13061578947365,11.29310344827586,10.56896551724138,26.65146271929825
31806,2024-10-08 05:00:00,Asia/Bangkok,93.8430788793103,9.681034482758621,8.89655172413793,26.45484715517243
31807,2024-10-08 06:00:00,Asia/Bangkok,93.62275412371137,8.313131313131313,7.767676767676767,26.29301824742265
31808,2024-10-08 07:00:00,Asia/Bangkok,93.93948488372094,18.51515151515152,17.0530303030303,26.1180940625
31809,2024-10-08 08:00:00,Asia/Bangkok,95.59014175438593,14.45132743362832,13.45132743362832,26.42316868421052
31810,2024-10-08 09:00:00,Asia/Bangkok,92.10542743362832,9.660869565217391,9.139130434782608,27.61113353982301
31811,2024-10-08 10:00:00,Asia/Bangkok,83.22802623931628,6.222222222222222,5.897435897435898,30.20556700854702
31812,2024-10-08 11:00:00,Asia/Bangkok,76.26504631578946,5.21551724137931,4.827586206896552,31.92362228070178
31813,2024-10-08 12:00:00,Asia/Bangkok,70.79352895652173,4.103448275862069,3.818965517241379,33.00443904347826
31814,2024-10-08 13:00:00,Asia/Bangkok,65.813488,4.658119658119658,4.393162393162394,34.75506043478261
31815,2024-10-08 14:00:00,Asia/Bangkok,63.40687513043476,6.293103448275862,5.844827586206897,35.23843608695652
31816,2024-10-08 15:00:00,Asia/Bangkok,71.7429323478261,7.396551724137931,6.922413793103448,33.02136652173912
31817,2024-10-08 16:00:00,Asia/Bangkok,74.91636982300886,3.78448275862069,3.422413793103448,32.05782017699114
31818,2024-10-08 17:00:00,Asia/Bangkok,77.03658792792795,3.620689655172414,3.232758620689655,31.01478225225224
31819,2024-10-08 18:00:00,Asia/Bangkok,80.90579132743365,9.36283185840708,8.628318584070797,30.26742362831859
31820,2024-10-08 19:00:00,Asia/Bangkok,85.62843974358974,9.350427350427351,8.52991452991453,28.33415758620689
31821,2024-10-08 20:00:00,Asia/Bangkok,83.14173651785718,13.91228070175439,12.31578947368421,28.36361089285715
31822,2024-10-08 21:00:00,Asia/Bangkok,84.65237008620689,30.05172413793104,25.48275862068965,28.3862298275862
31823,2024-10-08 22:00:00,Asia/Bangkok,86.46405973451326,11.01739130434783,10.02608695652174,28.03550185840709
31824,2024-10-08 23:00:00,Asia/Bangkok,88.01366247787611,12.39655172413793,11.27586206896552,27.58487902654868
31825,2024-10-09 00:00:00,Asia/Bangkok,89.01874283185842,10.99130434782609,10.14782608695652,27.0995442857143
31826,2024-10-09 01:00:00,Asia/Bangkok,89.76309868421052,6.577586206896552,6.043103448275862,26.76871894736842
31827,2024-10-09 02:00:00,Asia/Bangkok,89.87384973913046,4.086206896551724,3.758620689655173,26.6286027826087
31828,2024-10-09 03:00:00,Asia/Bangkok,89.6608200869565,5.767241379310345,5.28448275862069,26.59608097345133
31829,2024-10-09 04:00:00,Asia/Bangkok,90.55756716814162,6.46551724137931,5.913793103448276,26.26446053097347
31830,2024-10-09 05:00:00,Asia/Bangkok,92.46046230088501,6.327586206896552,5.905172413793103,25.64849212389379
31831,2024-10-09 06:00:00,Asia/Bangkok,92.110169,7.526315789473684,6.930434782608696,25.60959000000004
31832,2024-10-09 07:00:00,Asia/Bangkok,92.47401163793108,9.189655172413794,8.543103448275861,25.5211931623932
31833,2024-10-09 08:00:00,Asia/Bangkok,93.68804713043478,17.98290598290598,16.68376068376068,25.93199371681418
31834,2024-10-09 09:00:00,Asia/Bangkok,87.58587587719298,9.704347826086957,9.017391304347827,28.39192736842105
31835,2024-10-09 10:00:00,Asia/Bangkok,74.90453887931037,5.78448275862069,5.318965517241379,31.91580577586206
31836,2024-10-09 11:00:00,Asia/Bangkok,68.52948543859648,4.586206896551724,4.267241379310345,32.53956619469026
31837,2024-10-09 12:00:00,Asia/Bangkok,67.35604070175438,10.96551724137931,10.10344827586207,32.96823964912281
31838,2024-10-09 13:00:00,Asia/Bangkok,66.17132071428571,6.862068965517241,6.525862068965517,33.34699598214286
31839,2024-10-09 14:00:00,Asia/Bangkok,64.35199530973452,7.17948717948718,6.82051282051282,33.81272398230089
31840,2024-10-09 15:00:00,Asia/Bangkok,64.6211145614035,11.86086956521739,11.08620689655172,34.07862300884955
31841,2024-10-09 16:00:00,Asia/Bangkok,81.079330625,4.181034482758621,3.78448275862069,29.55188598214287
31842,2024-10-09 17:00:00,Asia/Bangkok,87.76538545454545,3.0,2.617391304347826,27.87864036363636
31843,2024-10-09 18:00:00,Asia/Bangkok,89.42470226086951,4.717948717948718,4.273504273504273,28.00337721739128
31844,2024-10-09 19:00:00,Asia/Bangkok,90.4937499122807,14.12068965517241,13.19827586206897,27.62894035087719
31845,2024-10-09 20:00:00,Asia/Bangkok,91.62432330434781,13.95689655172414,12.93103448275862,27.37754599999998
31846,2024-10-09 21:00:00,Asia/Bangkok,92.29033850877194,15.73275862068965,14.69827586206897,27.33841166666668
31847,2024-10-09 22:00:00,Asia/Bangkok,92.94031991228073,16.4051724137931,15.42241379310345,26.99663289473684
31848,2024-10-09 23:00:00,Asia/Bangkok,92.60477504424773,20.46551724137931,19.22413793103448,26.92448141592918
31849,2024-10-10 00:00:00,Asia/Bangkok,93.03594191304354,16.5948275862069,15.56896551724138,26.78645304347827
31850,2024-10-10 01:00:00,Asia/Bangkok,93.10318629310348,16.06896551724138,15.12068965517241,26.89379405172412
31851,2024-10-10 02:00:00,Asia/Bangkok,93.19701477876107,19.50427350427351,18.4017094017094,26.86240336283187
31852,2024-10-10 03:00:00,Asia/Bangkok,93.9012245614035,16.63478260869565,15.68695652173913,26.54445692982458
31853,2024-10-10 04:00:00,Asia/Bangkok,93.76509982300888,15.30172413793103,14.26724137931035,26.61089796460178
31854,2024-10-10 05:00:00,Asia/Bangkok,93.81717605633804,16.67605633802817,15.67123287671233,26.59697084507042
31855,2024-10-10 06:00:00,Asia/Bangkok,93.30448162337665,16.60377358490566,15.54716981132075,26.52722103896102
31856,2024-10-10 07:00:00,Asia/Bangkok,93.23292283185845,15.6695652173913,14.72173913043478,26.30342734513274
31857,2024-10-10 08:00:00,Asia/Bangkok,94.5704329310345,19.31896551724138,18.0948275862069,26.51928008620689
31858,2024-10-10 09:00:00,Asia/Bangkok,87.18437552631578,11.8695652173913,11.16521739130435,28.48332692982455
31859,2024-10-10 10:00:00,Asia/Bangkok,77.93643072072072,11.56140350877193,10.92105263157895,30.90211732142856
31860,2024-10-10 11:00:00,Asia/Bangkok,71.8795268141593,12.22608695652174,11.58260869565217,33.09929839285714
31861,2024-10-10 12:00:00,Asia/Bangkok,65.28673775862065,12.63793103448276,12.06896551724138,34.99722801724138
31862,2024-10-10 13:00:00,Asia/Bangkok,64.45317052631577,6.189655172413793,5.879310344827586,35.32030535087719
31863,2024-10-10 14:00:00,Asia/Bangkok,66.39670219298245,9.810344827586206,9.275862068965518,34.53974903508772
31864,2024-10-10 15:00:00,Asia/Bangkok,79.18869181818181,7.521739130434782,6.96551724137931,29.52006590909092
31865,2024-10-10 16:00:00,Asia/Bangkok,84.8091763063063,12.56896551724138,11.78448275862069,29.00131809090908
31866,2024-10-10 17:00:00,Asia/Bangkok,86.67708675675675,14.25,12.51327433628319,28.98511765765766
31867,2024-10-10 18:00:00,Asia/Bangkok,88.32332415929206,34.65217391304348,29.91304347826087,28.62826902654866
31868,2024-10-10 19:00:00,Asia/Bangkok,88.25741384615387,19.71794871794872,18.05172413793104,28.32565350427348
31869,2024-10-10 20:00:00,Asia/Bangkok,89.64833315315316,24.03478260869565,22.3448275862069,27.75724891891893
31870,2024-10-10 21:00:00,Asia/Bangkok,90.97588203539827,37.36206896551724,32.69827586206897,27.42297342105258
31871,2024-10-10 22:00:00,Asia/Bangkok,91.69374035087719,41.24786324786325,35.04273504273505,27.24170495575217
31872,2024-10-10 23:00:00,Asia/Bangkok,92.01187495652172,36.97413793103448,32.66379310344828,27.00609561403507
31873,2024-10-11 00:00:00,Asia/Bangkok,92.42857663793102,35.37931034482759,31.67241379310345,26.86340732758623
31874,2024-10-11 01:00:00,Asia/Bangkok,92.59968122807022,30.05982905982906,28.18103448275862,26.83325324561406
31875,2024-10-11 02:00:00,Asia/Bangkok,93.1179433913043,21.60344827586207,20.67521367521368,26.57465008771931
31876,2024-10-11 03:00:00,Asia/Bangkok,92.88200963963965,22.1551724137931,21.07758620689655,26.50378036036035
31877,2024-10-11 04:00:00,Asia/Bangkok,92.57216783783784,20.93103448275862,19.80172413793104,26.37827720720722
31878,2024-10-11 05:00:00,Asia/Bangkok,92.25885212389379,14.85470085470086,13.8974358974359,26.26861920353981
31879,2024-10-11 06:00:00,Asia/Bangkok,92.58510830357139,14.28695652173913,13.44347826086956,26.00517396396397
31880,2024-10-11 07:00:00,Asia/Bangkok,93.27945285714284,18.72413793103448,17.72413793103448,25.78915776785716
31881,2024-10-11 08:00:00,Asia/Bangkok,94.23054954954954,19.27826086956522,17.98260869565217,26.17357306306307
31882,2024-10-11 09:00:00,Asia/Bangkok,94.16775252252252,14.10344827586207,13.36206896551724,26.92443509090907
31883,2024-10-11 10:00:00,Asia/Bangkok,92.77674184210528,15.92307692307692,14.98290598290598,28.07453324561404
31884,2024-10-11 11:00:00,Asia/Bangkok,82.33289226086958,7.293103448275862,6.758620689655173,30.7113231304348
31885,2024-10-11 12:00:00,Asia/Bangkok,78.19881451327433,10.8448275862069,9.913793103448276,31.80059309734511
31886,2024-10-11 13:00:00,Asia/Bangkok,70.92722884955754,5.310344827586207,4.931034482758621,33.38246991150442
31887,2024-10-11 14:00:00,Asia/Bangkok,66.20365778761062,3.681034482758621,3.379310344827586,33.8420978761062
31888,2024-10-11 15:00:00,Asia/Bangkok,76.67908842105264,5.623931623931623,5.205128205128205,31.5551903508772
31889,2024-10-11 16:00:00,Asia/Bangkok,90.17874535087722,3.655172413793104,3.172413793103448,27.5956785840708
31890,2024-10-11 17:00:00,Asia/Bangkok,90.6849750442478,5.051724137931035,4.620689655172414,26.84269371681417
31891,2024-10-11 18:00:00,Asia/Bangkok,89.7344799122807,3.439655172413793,3.086206896551724,27.2046510619469
31892,2024-10-11 19:00:00,Asia/Bangkok,90.15713365217384,4.051724137931035,3.724137931034483,27.17202373913045
31893,2024-10-11 20:00:00,Asia/Bangkok,92.22000086206891,7.162393162393163,6.572649572649572,26.79575327586209
31894,2024-10-11 21:00:00,Asia/Bangkok,93.00414839285715,9.178571428571429,8.464285714285714,26.61595972972973
31895,2024-10-11 22:00:00,Asia/Bangkok,93.23204522123898,12.14655172413793,11.37068965517241,26.56568592920351
31896,2024-10-11 23:00:00,Asia/Bangkok,93.56211521739131,11.61206896551724,10.91379310344828,26.40173739130435
31897,2024-10-12 00:00:00,Asia/Bangkok,93.70162719298243,12.13913043478261,11.36521739130435,26.35151692982458
31898,2024-10-12 01:00:00,Asia/Bangkok,93.42002137931033,15.48275862068965,14.47413793103448,26.32718043103449
31899,2024-10-12 02:00:00,Asia/Bangkok,93.48019710526317,12.74137931034483,11.82758620689655,26.15011342105264
31900,2024-10-12 03:00:00,Asia/Bangkok,94.07878234782609,12.80172413793103,11.92241379310345,26.09197756521737
31901,2024-10-12 04:00:00,Asia/Bangkok,94.19441230088489,13.96551724137931,13.17241379310345,25.9457682300885
31902,2024-10-12 05:00:00,Asia/Bangkok,94.10076675438594,8.5,7.913793103448276,25.79543359649123
31903,2024-10-12 06:00:00,Asia/Bangkok,94.16759460176989,5.396551724137931,4.939655172413793,25.6261138938053
31904,2024-10-12 07:00:00,Asia/Bangkok,94.3425667857143,5.356521739130435,4.669565217391304,25.6602675
31905,2024-10-12 08:00:00,Asia/Bangkok,95.17452473214288,5.008849557522124,4.504424778761062,26.10165526785714
31906,2024-10-12 09:00:00,Asia/Bangkok,92.91256221238932,3.025862068965517,2.741379310344827,28.17443079646019
31907,2024-10-12 10:00:00,Asia/Bangkok,82.85324414414418,0.8521739130434782,0.6956521739130435,30.48981108108107
31908,2024-10-12 11:00:00,Asia/Bangkok,77.53257626086955,0.9557522123893806,0.7433628318584071,31.92281443478261
31909,2024-10-12 12:00:00,Asia/Bangkok,86.23657849557523,2.646551724137931,2.275862068965517,29.55262646017699
31910,2024-10-12 13:00:00,Asia/Bangkok,92.80847798245614,1.556521739130435,1.191304347826087,27.62118605263159
31911,2024-10-12 14:00:00,Asia/Bangkok,93.78932936363628,0.8376068376068376,0.6324786324786325,26.69922845454545
31912,2024-10-12 15:00:00,Asia/Bangkok,94.18977017699115,0.9396551724137931,0.7758620689655172,27.24279274336281
31913,2024-10-12 16:00:00,Asia/Bangkok,92.56072973684216,0.4051724137931034,0.2672413793103448,27.30299499999997
31914,2024-10-12 17:00:00,Asia/Bangkok,92.71854618181818,1.356521739130435,1.226086956521739,27.51127527272726
31915,2024-10-12 18:00:00,Asia/Bangkok,92.35503785714288,0.9224137931034483,0.8017241379310345,27.03722045045045
31916,2024-10-12 19:00:00,Asia/Bangkok,92.32502455357142,0.353448275862069,0.2241379310344828,26.45778598214286
31917,2024-10-12 20:00:00,Asia/Bangkok,93.71251558558559,0.9911504424778761,0.7345132743362832,25.98590432432432
31918,2024-10-12 21:00:00,Asia/Bangkok,94.58198589473683,1.080808080808081,0.9191919191919192,25.73812297872342
31919,2024-10-12 22:00:00,Asia/Bangkok,94.51320587155963,0.6896551724137931,0.456896551724138,25.77486090909092
31920,2024-10-12 23:00:00,Asia/Bangkok,94.5279977142857,1.723809523809524,1.371428571428571,25.7891740952381
31921,2024-10-13 00:00:00,Asia/Bangkok,94.65023719101121,2.373626373626374,1.978021978021978,25.79201044943822
31922,2024-10-13 01:00:00,Asia/Bangkok,94.92960044943818,3.373626373626374,2.901098901098901,25.68964738636366
31923,2024-10-13 02:00:00,Asia/Bangkok,95.42480619469028,13.92173913043478,12.71551724137931,25.5944710619469
31924,2024-10-13 03:00:00,Asia/Bangkok,95.91674690721646,10.14,9.34,25.55101551020408
31925,2024-10-13 04:00:00,Asia/Bangkok,96.04929927272728,7.852173913043479,7.034782608695652,25.47796495495497
31926,2024-10-13 05:00:00,Asia/Bangkok,96.56499247787607,8.155172413793103,7.396551724137931,25.51674557522125
31927,2024-10-13 06:00:00,Asia/Bangkok,96.44336999999997,9.525862068965518,8.741379310344827,25.56291216216218
31928,2024-10-13 07:00:00,Asia/Bangkok,96.62554892857146,8.460869565217392,7.739130434782608,25.64133642857143
31929,2024-10-13 08:00:00,Asia/Bangkok,96.97288140350874,7.71304347826087,7.043478260869565,25.94344710526317
31930,2024-10-13 09:00:00,Asia/Bangkok,97.10273026315791,6.921739130434783,6.373913043478261,26.33020052631581
31931,2024-10-13 10:00:00,Asia/Bangkok,97.18619894736845,6.452173913043478,6.052173913043478,26.84091254385963
31932,2024-10-13 11:00:00,Asia/Bangkok,92.91094768421054,5.561224489795919,5.102040816326531,28.52288760416667
31933,2024-10-13 12:00:00,Asia/Bangkok,79.66750185840706,3.078260869565217,2.775862068965517,31.42431300884956
31934,2024-10-13 13:00:00,Asia/Bangkok,75.87990044642858,4.75,4.258620689655173,32.25914401785715
31935,2024-10-13 14:00:00,Asia/Bangkok,80.9334713888889,28.05217391304348,24.01739130434783,31.20216000000003
31936,2024-10-13 15:00:00,Asia/Bangkok,84.56847088495576,3.525862068965517,3.21551724137931,30.34980185840709
31937,2024-10-13 16:00:00,Asia/Bangkok,87.04799535087719,0.3304347826086956,0.2173913043478261,29.93602130434784
31938,2024-10-13 17:00:00,Asia/Bangkok,84.10739634782607,5.491379310344827,5.189655172413793,30.42483147826086
31939,2024-10-13 18:00:00,Asia/Bangkok,87.59761215517243,11.01709401709402,10.51282051282051,29.40450034482758
31940,2024-10-13 19:00:00,Asia/Bangkok,89.79510562500002,7.721739130434782,6.965217391304348,28.75529500000001
31941,2024-10-13 20:00:00,Asia/Bangkok,90.97595072072073,9.586206896551724,8.818965517241379,28.35301729729728
31942,2024-10-13 21:00:00,Asia/Bangkok,91.1155754867256,10.4695652173913,9.64655172413793,28.22424070796458
31943,2024-10-13 22:00:00,Asia/Bangkok,91.17873482142856,10.45689655172414,9.551724137931034,27.99168261261261
31944,2024-10-13 23:00:00,Asia/Bangkok,91.65176508620686,9.897435897435898,9.179487179487179,27.53732043103448
31945,2024-10-14 00:00:00,Asia/Bangkok,91.90284184210533,8.491379310344827,7.78448275862069,27.19798491228071
31946,2024-10-14 01:00:00,Asia/Bangkok,92.10818375000004,6.336206896551724,5.637931034482759,27.00717468468469
31947,2024-10-14 02:00:00,Asia/Bangkok,92.59162568965513,6.982905982905983,6.384615384615385,26.73318612068968
31948,2024-10-14 03:00:00,Asia/Bangkok,94.11490243478258,8.405172413793103,7.568965517241379,26.26796504347823
31949,2024-10-14 04:00:00,Asia/Bangkok,95.26888054054054,6.517241379310345,5.956896551724138,26.21264027027027
31950,2024-10-14 05:00:00,Asia/Bangkok,95.64394797979794,7.41,6.71,26.1272003030303
31951,2024-10-14 06:00:00,Asia/Bangkok,96.3678853153153,7.879310344827586,7.224137931034483,25.96663463636365
31952,2024-10-14 07:00:00,Asia/Bangkok,96.77908782608688,8.525862068965518,7.689655172413793,26.02152826086957
31953,2024-10-14 08:00:00,Asia/Bangkok,97.32564008695658,7.827586206896552,7.258620689655173,26.15246747826088
31954,2024-10-14 09:00:00,Asia/Bangkok,96.90525684210529,9.0,8.387931034482758,26.55275070175439
31955,2024-10-14 10:00:00,Asia/Bangkok,95.06454938596488,6.767241379310345,6.232758620689655,27.95139289473683
31956,2024-10-14 11:00:00,Asia/Bangkok,83.47437461538463,3.991452991452991,3.724137931034483,30.99614367521368
31957,2024-10-14 12:00:00,Asia/Bangkok,76.84360855855856,1.293103448275862,1.170940170940171,31.96946108108108
31958,2024-10-14 13:00:00,Asia/Bangkok,72.24776122807019,0.5213675213675214,0.4017094017094017,33.42388157894736
31959,2024-10-14 14:00:00,Asia/Bangkok,68.63112225225227,0.3217391304347826,0.2173913043478261,34.62006333333333
31960,2024-10-14 15:00:00,Asia/Bangkok,71.58059459459461,0.2068965517241379,0.08620689655172414,33.46928745454546
31961,2024-10-14 16:00:00,Asia/Bangkok,71.25392310344824,0.1196581196581197,0.07692307692307693,33.20840756521739
31962,2024-10-14 17:00:00,Asia/Bangkok,73.37494745614039,0.5130434782608696,0.3739130434782609,32.38959552631577
31963,2024-10-14 18:00:00,Asia/Bangkok,78.98344157894734,1.408695652173913,1.165217391304348,30.94710557522124
31964,2024-10-14 19:00:00,Asia/Bangkok,83.69548525862066,16.2051282051282,13.34188034188034,29.99761224137932
31965,2024-10-14 20:00:00,Asia/Bangkok,85.45832911504424,27.84347826086956,24.31304347826087,29.81760469026548
31966,2024-10-14 21:00:00,Asia/Bangkok,87.88412521739129,25.80172413793104,22.32758620689655,29.3133005217391
31967,2024-10-14 22:00:00,Asia/Bangkok,89.42828236842111,26.50862068965517,23.83620689655172,28.80011236842106
31968,2024-10-14 23:00:00,Asia/Bangkok,90.78152877192983,25.76923076923077,22.82905982905983,28.55741754385963
31969,2024-10-15 00:00:00,Asia/Bangkok,90.79053763157893,16.68965517241379,15.37931034482759,28.53846675438598
31970,2024-10-15 01:00:00,Asia/Bangkok,90.1200199130435,12.3448275862069,11.32758620689655,28.31798608695652
31971,2024-10-15 02:00:00,Asia/Bangkok,90.23154034482756,9.914529914529915,9.05982905982906,28.02934931034479
31972,2024-10-15 03:00:00,Asia/Bangkok,90.87428651785706,9.068965517241379,8.241379310344827,27.71484517857145
31973,2024-10-15 04:00:00,Asia/Bangkok,90.89833800000005,5.439655172413793,4.905172413793103,27.3614988695652
31974,2024-10-15 05:00:00,Asia/Bangkok,91.16228043478259,4.456896551724138,3.948275862068965,27.09546321739131
31975,2024-10-15 06:00:00,Asia/Bangkok,91.96346557522124,4.163793103448276,3.853448275862069,26.85453309734512
31976,2024-10-15 07:00:00,Asia/Bangkok,92.6943110309278,5.030612244897959,4.474747474747475,26.61527793814432
31977,2024-10-15 08:00:00,Asia/Bangkok,92.98829247787614,4.405172413793103,4.025862068965517,26.71087124999999
31978,2024-10-15 09:00:00,Asia/Bangkok,88.34119147826085,4.129310344827586,3.801724137931035,28.07907617391304
31979,2024-10-15 10:00:00,Asia/Bangkok,82.64386614035088,3.758620689655173,3.491379310344827,29.83542605263158
31980,2024-10-15 11:00:00,Asia/Bangkok,77.29550752212388,3.810344827586207,3.525862068965517,31.36143159292033
31981,2024-10-15 12:00:00,Asia/Bangkok,75.4895128695652,7.205128205128205,6.623931623931623,32.07248350877193
31982,2024-10-15 13:00:00,Asia/Bangkok,70.78275495575224,4.517241379310345,4.189655172413793,33.11127867256638
31983,2024-10-15 14:00:00,Asia/Bangkok,66.77182086956522,3.362068965517242,3.0,34.17561853448277
31984,2024-10-15 15:00:00,Asia/Bangkok,66.41426333333334,3.842105263157895,3.442477876106194,34.08034592920354
31985,2024-10-15 16:00:00,Asia/Bangkok,69.58880973684214,10.87068965517241,9.7008547008547,33.37021500000001
31986,2024-10-15 17:00:00,Asia/Bangkok,83.62119147826087,13.76724137931035,11.81896551724138,29.54626965217392
31987,2024-10-15 18:00:00,Asia/Bangkok,91.37010628318583,7.068965517241379,6.336206896551724,27.64114628318584
31988,2024-10-15 19:00:00,Asia/Bangkok,90.19424473684217,4.71304347826087,4.295652173913044,28.08055166666665
31989,2024-10-15 20:00:00,Asia/Bangkok,90.50681678260875,27.32478632478632,22.77777777777778,27.78196929824562
31990,2024-10-15 21:00:00,Asia/Bangkok,91.51448508771934,9.025862068965518,8.156521739130435,27.35494842105267
31991,2024-10-15 22:00:00,Asia/Bangkok,92.34377695652172,13.25,12.21367521367521,27.06191147826082
31992,2024-10-15 23:00:00,Asia/Bangkok,92.62554437499996,20.37068965517241,19.11206896551724,27.02081848214284
31993,2024-10-16 00:00:00,Asia/Bangkok,93.42269324561404,26.77586206896552,23.83620689655172,26.92758017543859
31994,2024-10-16 01:00:00,Asia/Bangkok,93.93131879629628,14.99137931034483,13.81034482758621,26.91754416666669
31995,2024-10-16 02:00:00,Asia/Bangkok,94.43085068965513,8.982758620689655,8.318965517241379,26.58081422413794
31996,2024-10-16 03:00:00,Asia/Bangkok,95.62808009090905,7.844827586206897,7.172413793103448,26.15771972477065
31997,2024-10-16 04:00:00,Asia/Bangkok,95.16427070175442,13.3304347826087,12.00869565217391,25.99169903508772
31998,2024-10-16 05:00:00,Asia/Bangkok,94.55856508620688,7.03448275862069,6.448275862068965,25.71360396551723
31999,2024-10-16 06:00:00,Asia/Bangkok,94.18660814159294,5.491379310344827,4.905172413793103,25.57620274336286
32000,2024-10-16 07:00:00,Asia/Bangkok,94.78303578947367,17.12389380530973,14.98230088495575,25.56550192982459
32001,2024-10-16 08:00:00,Asia/Bangkok,94.87179939655172,3.293103448275862,2.801724137931035,25.8924956521739
32002,2024-10-16 09:00:00,Asia/Bangkok,89.7608350877193,3.241379310344827,2.879310344827586,28.15860122807017
32003,2024-10-16 10:00:00,Asia/Bangkok,82.03481115044244,2.418803418803419,2.085470085470086,29.98405017857144
32004,2024-10-16 11:00:00,Asia/Bangkok,74.59976557522123,0.7913043478260869,0.6086956521739131,31.63404070796458
32005,2024-10-16 12:00:00,Asia/Bangkok,72.56617947368422,0.9224137931034483,0.6551724137931034,31.98314412280703
32006,2024-10-16 13:00:00,Asia/Bangkok,70.58103840707967,2.155172413793104,1.879310344827586,32.85733699115043
32007,2024-10-16 14:00:00,Asia/Bangkok,66.40939982608697,2.085470085470086,1.829059829059829,34.07562991228069
32008,2024-10-16 15:00:00,Asia/Bangkok,67.23292333333333,2.129310344827586,1.887931034482759,33.91531570175437
32009,2024-10-16 16:00:00,Asia/Bangkok,68.64388833333334,2.370689655172414,2.017241379310345,33.2177045614035
32010,2024-10-16 17:00:00,Asia/Bangkok,68.92982140350874,2.179487179487179,1.786324786324786,32.29149666666665
32011,2024-10-16 18:00:00,Asia/Bangkok,74.9977467826087,25.40869565217391,22.16521739130435,30.33791686956523
32012,2024-10-16 19:00:00,Asia/Bangkok,79.6203647413793,32.98275862068966,28.87068965517241,28.80786913793104
32013,2024-10-16 20:00:00,Asia/Bangkok,81.52506591304348,21.78632478632479,19.14529914529914,28.54568626086959
32014,2024-10-16 21:00:00,Asia/Bangkok,84.62780312500003,17.04310344827586,15.56896551724138,27.96666428571429
32015,2024-10-16 22:00:00,Asia/Bangkok,86.77823141592923,23.27586206896552,21.50862068965517,27.80208419642855
32016,2024-10-16 23:00:00,Asia/Bangkok,87.06145451327433,16.18965517241379,15.02586206896552,27.93856814159289
32017,2024-10-17 00:00:00,Asia/Bangkok,89.09624250000002,18.47008547008547,17.15384615384615,27.54661330357142
32018,2024-10-17 01:00:00,Asia/Bangkok,90.9931201754386,19.82758620689655,18.22413793103448,27.41572778761062
32019,2024-10-17 02:00:00,Asia/Bangkok,90.37800884955749,17.94827586206896,16.42241379310345,27.5408539823009
32020,2024-10-17 03:00:00,Asia/Bangkok,91.21489173913041,15.12820512820513,13.98275862068965,27.50349191304346
32021,2024-10-17 04:00:00,Asia/Bangkok,92.47939362831855,16.17241379310345,15.1025641025641,27.30019389380529
32022,2024-10-17 05:00:00,Asia/Bangkok,92.5782764347826,14.88793103448276,13.93965517241379,27.29560182608689
32023,2024-10-17 06:00:00,Asia/Bangkok,92.5895614035088,10.39655172413793,9.649572649572649,27.2799040869565
32024,2024-10-17 07:00:00,Asia/Bangkok,93.11827543859647,6.370689655172414,5.818965517241379,27.19903640350877
32025,2024-10-17 08:00:00,Asia/Bangkok,92.56770911504424,3.589285714285714,3.142857142857143,27.48572371681415
32026,2024-10-17 09:00:00,Asia/Bangkok,88.20682863636357,3.620689655172414,3.172413793103448,28.669979
32027,2024-10-17 10:00:00,Asia/Bangkok,85.72880883928569,4.844827586206897,4.293103448275862,29.33856252252253
32028,2024-10-17 11:00:00,Asia/Bangkok,82.18483939130432,3.094017094017094,2.752136752136752,30.31202530434785
32029,2024-10-17 12:00:00,Asia/Bangkok,79.50989973214287,5.241379310344827,4.836206896551724,31.05189419642856
32030,2024-10-17 13:00:00,Asia/Bangkok,76.58734614035089,6.818965517241379,6.241379310344827,31.60466035087718
32031,2024-10-17 14:00:00,Asia/Bangkok,71.58693185840707,2.434782608695652,2.139130434782609,32.33312575221239
32032,2024-10-17 15:00:00,Asia/Bangkok,66.6075616814159,2.886956521739131,2.608695652173913,33.7575298245614
32033,2024-10-17 16:00:00,Asia/Bangkok,69.81045307017544,2.836206896551724,2.508620689655173,32.54209557522125
32034,2024-10-17 17:00:00,Asia/Bangkok,75.20090421052636,0.8275862068965517,0.6724137931034483,31.17860157894738
32035,2024-10-17 18:00:00,Asia/Bangkok,79.7735225,0.9655172413793104,0.6551724137931034,28.67287629310345
32036,2024-10-17 19:00:00,Asia/Bangkok,82.28410295652178,4.620689655172414,4.068965517241379,27.56309765217391
32037,2024-10-17 20:00:00,Asia/Bangkok,84.04182901785711,6.410256410256411,5.717948717948718,27.54675732142856
32038,2024-10-17 21:00:00,Asia/Bangkok,83.0608802608696,2.525862068965517,2.146551724137931,27.60974852173912
32039,2024-10-17 22:00:00,Asia/Bangkok,86.7952166666667,4.258620689655173,3.836206896551724,27.25713398230087
32040,2024-10-17 23:00:00,Asia/Bangkok,88.4535390350877,4.646551724137931,4.120689655172414,27.11042421052633
32041,2024-10-18 00:00:00,Asia/Bangkok,89.04125078947368,6.913793103448276,6.170940170940171,26.96566684210527
32042,2024-10-18 01:00:00,Asia/Bangkok,90.61325315315317,5.46551724137931,4.75,26.6288298198198
32043,2024-10-18 02:00:00,Asia/Bangkok,90.91593553571427,5.339285714285714,4.758928571428571,26.47153973451329
32044,2024-10-18 03:00:00,Asia/Bangkok,91.91136482758627,5.136752136752137,4.606837606837606,26.08385
32045,2024-10-18 04:00:00,Asia/Bangkok,92.1112980869565,6.370689655172414,5.818965517241379,26.01075365217394
32046,2024-10-18 05:00:00,Asia/Bangkok,93.26646522123897,5.603448275862069,5.043103448275862,25.61656460176995
32047,2024-10-18 06:00:00,Asia/Bangkok,93.47297646017702,6.120689655172414,5.543103448275862,25.51955787610622
32048,2024-10-18 07:00:00,Asia/Bangkok,91.59258787610624,6.353448275862069,5.827586206896552,25.79826754385966
32049,2024-10-18 08:00:00,Asia/Bangkok,89.78546309734512,3.444444444444445,2.923076923076923,25.92963232142856
32050,2024-10-18 09:00:00,Asia/Bangkok,86.36979601941742,1.277777777777778,1.027777777777778,26.48988980769231
32051,2024-10-18 10:00:00,Asia/Bangkok,82.12470547826089,1.826086956521739,1.5,27.91093982456141
32052,2024-10-18 11:00:00,Asia/Bangkok,79.15023252173914,5.556521739130435,5.113043478260869,28.92570869565218
32053,2024-10-18 12:00:00,Asia/Bangkok,76.70824396396397,13.99130434782609,12.53913043478261,29.74401936936937
32054,2024-10-18 13:00:00,Asia/Bangkok,75.35740947826086,9.443478260869565,8.382608695652173,30.26646215517242
32055,2024-10-18 14:00:00,Asia/Bangkok,77.71228421052632,4.060344827586207,3.724137931034483,30.16720194690265
32056,2024-10-18 15:00:00,Asia/Bangkok,79.35232294642856,4.275862068965517,3.956896551724138,30.05962875000001
32057,2024-10-18 16:00:00,Asia/Bangkok,80.9055822413793,11.7948717948718,10.38793103448276,29.6030952586207
32058,2024-10-18 17:00:00,Asia/Bangkok,82.32562419642855,29.99130434782609,25.42241379310345,28.77808857142858
32059,2024-10-18 18:00:00,Asia/Bangkok,84.42339069565215,21.0948275862069,18.29310344827586,28.496504173913
32060,2024-10-18 19:00:00,Asia/Bangkok,87.40619394736844,35.67521367521368,31.05128205128205,27.70469271929827
32061,2024-10-18 20:00:00,Asia/Bangkok,88.39129921052631,98.21551724137932,87.52586206896552,27.42486947368419
32062,2024-10-18 21:00:00,Asia/Bangkok,87.8879738392857,70.75862068965517,58.05172413793103,26.98338018018016
32063,2024-10-18 22:00:00,Asia/Bangkok,87.45234460176994,47.25,38.47413793103448,26.90862008928572
32064,2024-10-18 23:00:00,Asia/Bangkok,89.22522353448278,12.14529914529914,10.41025641025641,26.65977379310343
32065,2024-10-19 00:00:00,Asia/Bangkok,90.18598922413793,10.1551724137931,8.75,26.4285831034483
32066,2024-10-19 01:00:00,Asia/Bangkok,89.71811831858408,6.75,5.594827586206897,26.58650991150441
32067,2024-10-19 02:00:00,Asia/Bangkok,89.94308426086958,21.74137931034483,17.12931034482759,26.44039860869566
32068,2024-10-19 03:00:00,Asia/Bangkok,90.60809860869571,4.28448275862069,3.517241379310345,25.99543026086955
32069,2024-10-19 04:00:00,Asia/Bangkok,92.09895824561399,3.603448275862069,3.025862068965517,25.4696048245614
32070,2024-10-19 05:00:00,Asia/Bangkok,91.8275470909091,2.310344827586207,1.896551724137931,25.42256854545456
32071,2024-10-19 06:00:00,Asia/Bangkok,91.6754634782609,2.102564102564103,1.769230769230769,25.38278756521737
32072,2024-10-19 07:00:00,Asia/Bangkok,92.13816385964915,4.405172413793103,4.060344827586207,25.48208929824565
32073,2024-10-19 08:00:00,Asia/Bangkok,89.97354360360363,3.318965517241379,2.974137931034483,26.04559135135137
32074,2024-10-19 09:00:00,Asia/Bangkok,87.17084982300887,3.974137931034483,3.474137931034483,26.82525433628318
32075,2024-10-19 10:00:00,Asia/Bangkok,85.27483839285716,3.577586206896552,3.077586206896552,27.11547178571428
32076,2024-10-19 11:00:00,Asia/Bangkok,82.28517840707968,6.120689655172414,5.646551724137931,27.88142767857143
32077,2024-10-19 12:00:00,Asia/Bangkok,81.40097626086956,5.258620689655173,4.758620689655173,28.50537573913043
32078,2024-10-19 13:00:00,Asia/Bangkok,79.32386160714286,6.267241379310345,5.663793103448276,29.49642839285713
32079,2024-10-19 14:00:00,Asia/Bangkok,78.03726513043478,10.5042735042735,9.03448275862069,29.91503156521739
32080,2024-10-19 15:00:00,Asia/Bangkok,76.95532116071429,6.482758620689655,5.78448275862069,30.29371954954956
32081,2024-10-19 16:00:00,Asia/Bangkok,76.08882432432429,3.854700854700855,3.341880341880342,30.16010828828829
32082,2024-10-19 17:00:00,Asia/Bangkok,77.72659687499996,4.353448275862069,3.810344827586207,29.45644633928572
32083,2024-10-19 18:00:00,Asia/Bangkok,80.39111166666663,36.87068965517241,31.25,27.30262008771929
32084,2024-10-19 19:00:00,Asia/Bangkok,82.65739165217389,27.49122807017544,23.74561403508772,26.57417304347826
32085,2024-10-19 20:00:00,Asia/Bangkok,86.54329407407413,5.530973451327434,4.575221238938053,26.14226155963305
32086,2024-10-19 21:00:00,Asia/Bangkok,84.34710789473681,7.706896551724138,6.327586206896552,26.36810592920354
32087,2024-10-19 22:00:00,Asia/Bangkok,86.42453921739128,7.793103448275862,6.758620689655173,26.30716113043476
32088,2024-10-19 23:00:00,Asia/Bangkok,90.52112096491224,5.793103448275862,4.836206896551724,25.76200736842103
32089,2024-10-20 00:00:00,Asia/Bangkok,91.09869,6.189655172413793,5.413793103448276,25.63237285714286
32090,2024-10-20 01:00:00,Asia/Bangkok,91.55666723214286,5.931623931623932,5.418803418803419,25.65442526785716
32091,2024-10-20 02:00:00,Asia/Bangkok,91.96855870689657,4.543103448275862,3.974137931034483,25.36887895652171
32092,2024-10-20 03:00:00,Asia/Bangkok,92.52446855855855,4.405172413793103,3.879310344827586,24.99643783783781
32093,2024-10-20 04:00:00,Asia/Bangkok,93.10263078260868,3.224137931034483,2.793103448275862,24.79003843478261
32094,2024-10-20 05:00:00,Asia/Bangkok,91.06766333333336,1.130434782608696,0.9130434782608695,24.91241666666667
32095,2024-10-20 06:00:00,Asia/Bangkok,89.15181324324324,0.03478260869565217,0.008695652173913044,25.02689709090909
32096,2024-10-20 07:00:00,Asia/Bangkok,89.9162894736842,0.1282051282051282,0.02564102564102564,24.85460438596491
32097,2024-10-20 08:00:00,Asia/Bangkok,92.74513857142858,2.137931034482758,1.741379310344828,25.08051473214285
32098,2024-10-20 09:00:00,Asia/Bangkok,91.07315577586203,0.3706896551724138,0.1724137931034483,25.96539491379311
32099,2024-10-20 10:00:00,Asia/Bangkok,84.28912238938052,0.5470085470085471,0.3504273504273504,28.07435256637169
32100,2024-10-20 11:00:00,Asia/Bangkok,77.22146434782606,1.655172413793103,1.344827586206897,29.36928504347827
32101,2024-10-20 12:00:00,Asia/Bangkok,74.00493621621625,2.077586206896552,1.78448275862069,30.43823297297298
32102,2024-10-20 13:00:00,Asia/Bangkok,70.32703745614036,3.008620689655173,2.594827586206896,31.37243219298243
32103,2024-10-20 14:00:00,Asia/Bangkok,68.26955874999997,2.896551724137931,2.474137931034483,32.57233705357142
32104,2024-10-20 15:00:00,Asia/Bangkok,67.72177508771931,3.469026548672566,3.088495575221239,32.9275749122807
32105,2024-10-20 16:00:00,Asia/Bangkok,68.98238473684209,5.353448275862069,4.629310344827586,32.62418570175441
32106,2024-10-20 17:00:00,Asia/Bangkok,68.42784464285715,4.474137931034483,3.767241379310345,32.65621410714287
32107,2024-10-20 18:00:00,Asia/Bangkok,72.31326108108111,18.89655172413793,16.60344827586207,32.20813081081081
32108,2024-10-20 19:00:00,Asia/Bangkok,76.85156439655174,32.38793103448276,27.49137931034483,30.75964347826088
32109,2024-10-20 20:00:00,Asia/Bangkok,80.23206956521743,30.01709401709402,26.24786324786325,30.00816617391306
32110,2024-10-20 21:00:00,Asia/Bangkok,83.87049834782611,45.18965517241379,37.26724137931034,29.25362175438597
32111,2024-10-20 22:00:00,Asia/Bangkok,86.83579008620684,59.26724137931034,48.89655172413793,28.59352612068966
32112,2024-10-20 23:00:00,Asia/Bangkok,87.8553324561404,64.31896551724138,51.13793103448276,28.3748742982456
32113,2024-10-21 00:00:00,Asia/Bangkok,88.73453184210526,52.5948275862069,42.63793103448276,28.16518087719296
32114,2024-10-21 01:00:00,Asia/Bangkok,88.73909408695653,39.1965811965812,33.47863247863248,28.03632660869566
32115,2024-10-21 02:00:00,Asia/Bangkok,89.18835027027025,35.46551724137931,31.31034482758621,27.65036360360361
32116,2024-10-21 03:00:00,Asia/Bangkok,89.37555009174312,30.35344827586207,27.47413793103448,27.42490592592591
32117,2024-10-21 04:00:00,Asia/Bangkok,89.32387780701757,21.77391304347826,20.2,27.06214859649124
32118,2024-10-21 05:00:00,Asia/Bangkok,89.3065321818182,14.97413793103448,13.76724137931035,26.67752681818181
32119,2024-10-21 06:00:00,Asia/Bangkok,90.36899530434786,15.54310344827586,14.48275862068965,26.23366913043477
32120,2024-10-21 07:00:00,Asia/Bangkok,91.81530353982299,33.81578947368421,29.2280701754386,25.74486017699116
32121,2024-10-21 08:00:00,Asia/Bangkok,92.7053592105263,23.64655172413793,21.62068965517241,26.39206184210528
32122,2024-10-21 09:00:00,Asia/Bangkok,85.17102789473682,18.30172413793104,16.78448275862069,28.57697605263158
32123,2024-10-21 10:00:00,Asia/Bangkok,76.3236198245614,9.6,8.8,30.98516657894734
32124,2024-10-21 11:00:00,Asia/Bangkok,66.69442443478259,6.224137931034483,5.681034482758621,33.24110412280702
32125,2024-10-21 12:00:00,Asia/Bangkok,55.08444513043479,4.267241379310345,3.793103448275862,36.17832139130434
32126,2024-10-21 13:00:00,Asia/Bangkok,60.93239252173912,5.844827586206897,5.293103448275862,35.07524382608695
32127,2024-10-21 14:00:00,Asia/Bangkok,51.74235136752137,6.78448275862069,6.258620689655173,37.40089341880338
32128,2024-10-21 15:00:00,Asia/Bangkok,52.59448348214287,6.273504273504273,5.581196581196581,36.62673026785713
32129,2024-10-21 16:00:00,Asia/Bangkok,50.16533460869565,5.456896551724138,4.991379310344827,35.86603217391305
32130,2024-10-21 17:00:00,Asia/Bangkok,49.48494173913044,6.232758620689655,5.655172413793103,34.32694843478261
32131,2024-10-21 18:00:00,Asia/Bangkok,53.71365780701755,9.310344827586206,8.482758620689655,33.19116359649122
32132,2024-10-21 19:00:00,Asia/Bangkok,58.20065652173911,35.87068965517241,29.68965517241379,32.17208373913044
32133,2024-10-21 20:00:00,Asia/Bangkok,64.58141403508772,40.72413793103448,34.49137931034483,31.10800184210526
32134,2024-10-21 21:00:00,Asia/Bangkok,70.45986173913043,40.96581196581197,34.47008547008547,30.18596761061947
32135,2024-10-21 22:00:00,Asia/Bangkok,74.56267878260869,31.95689655172414,28.71551724137931,29.50772754385967
32136,2024-10-21 23:00:00,Asia/Bangkok,77.0505509649123,25.14655172413793,23.36206896551724,29.30934807017541
32137,2024-10-22 00:00:00,Asia/Bangkok,79.81194324324325,24.04310344827586,22.18965517241379,28.69910405405405
32138,2024-10-22 01:00:00,Asia/Bangkok,82.1126989380531,27.90434782608695,25.96521739130435,27.84963938596492
32139,2024-10-22 02:00:00,Asia/Bangkok,85.15390362831862,26.01724137931035,24.06896551724138,27.01636053097345
32140,2024-10-22 03:00:00,Asia/Bangkok,86.66861206896553,26.5948275862069,24.60344827586207,26.35631862068968
32141,2024-10-22 04:00:00,Asia/Bangkok,87.31187678571432,26.93103448275862,24.92241379310345,25.92693910714286
32142,2024-10-22 05:00:00,Asia/Bangkok,88.8643203571429,27.11206896551724,24.85344827586207,25.28140928571431
32143,2024-10-22 06:00:00,Asia/Bangkok,90.7336018103448,28.28205128205128,25.94871794871795,24.74180318965515
32144,2024-10-22 07:00:00,Asia/Bangkok,91.0986024778761,26.58620689655172,24.38793103448276,24.86232221238939
32145,2024-10-22 08:00:00,Asia/Bangkok,89.39389113043477,21.3448275862069,19.72413793103448,26.01308684210527
32146,2024-10-22 09:00:00,Asia/Bangkok,80.58796260869565,17.61538461538462,16.28205128205128,28.24816521739131
32147,2024-10-22 10:00:00,Asia/Bangkok,65.98604747826089,11.39655172413793,10.60344827586207,31.96554060869566
32148,2024-10-22 11:00:00,Asia/Bangkok,54.62811412280702,6.017094017094017,5.418803418803419,35.15052850877193
32149,2024-10-22 12:00:00,Asia/Bangkok,53.17847442477878,5.025862068965517,4.448275862068965,34.87808964601771
32150,2024-10-22 13:00:00,Asia/Bangkok,53.73259272727275,6.765217391304348,6.191304347826087,34.6173829090909
32151,2024-10-22 14:00:00,Asia/Bangkok,53.01031477876105,7.78448275862069,7.232758620689655,35.44951725663717
32152,2024-10-22 15:00:00,Asia/Bangkok,51.72863378378379,7.747826086956522,7.173913043478261,36.16962432432434
32153,2024-10-22 16:00:00,Asia/Bangkok,54.14215909090909,7.702702702702703,7.18018018018018,35.40406345454544
32154,2024-10-22 17:00:00,Asia/Bangkok,55.99362867256639,7.547826086956522,6.895652173913043,34.5720424778761
32155,2024-10-22 18:00:00,Asia/Bangkok,57.77649582608692,9.862068965517242,9.163793103448276,33.77256486956522
32156,2024-10-22 19:00:00,Asia/Bangkok,62.72031243478261,32.36206896551724,28.25862068965517,33.0568475652174
32157,2024-10-22 20:00:00,Asia/Bangkok,72.79161079646018,49.13793103448276,40.41379310344828,30.98349707964601
32158,2024-10-22 21:00:00,Asia/Bangkok,76.44298681415927,70.77586206896552,61.25,30.36792672566374
32159,2024-10-22 22:00:00,Asia/Bangkok,77.46061965217392,27.68965517241379,24.57758620689655,30.22442464912282
32160,2024-10-22 23:00:00,Asia/Bangkok,79.06669401785716,28.1025641025641,24.8034188034188,29.80478080357142
32161,2024-10-23 00:00:00,Asia/Bangkok,78.84882097345127,24.19827586206896,21.58620689655172,29.09595230088496
32162,2024-10-23 01:00:00,Asia/Bangkok,78.93833734513272,15.4051724137931,13.92241379310345,28.57010973214285
32163,2024-10-23 02:00:00,Asia/Bangkok,80.83135000000001,16.35344827586207,14.89655172413793,28.08492643478261
32164,2024-10-23 03:00:00,Asia/Bangkok,81.81838339130435,13.89655172413793,12.68965517241379,27.75571095652177
32165,2024-10-23 04:00:00,Asia/Bangkok,83.94892904347827,28.52586206896552,24.51724137931035,27.22289721739127
32166,2024-10-23 05:00:00,Asia/Bangkok,86.49868586206895,35.05172413793103,30.19827586206896,26.68449200000003
32167,2024-10-23 06:00:00,Asia/Bangkok,87.91388895652175,37.97435897435897,32.71794871794872,26.15964313043477
32168,2024-10-23 07:00:00,Asia/Bangkok,88.57058026086959,67.49137931034483,55.5,25.79313791304348
32169,2024-10-23 08:00:00,Asia/Bangkok,87.7643168181818,29.99130434782609,26.1304347826087,26.00974675675675
32170,2024-10-23 09:00:00,Asia/Bangkok,83.72001730434779,33.35897435897436,28.93162393162393,27.22220701754387
32171,2024-10-23 10:00:00,Asia/Bangkok,80.07917271929827,19.68965517241379,17.63793103448276,28.17473885964914
32172,2024-10-23 11:00:00,Asia/Bangkok,83.4482045614035,38.39655172413793,33.19827586206897,28.49714701754385
32173,2024-10-23 12:00:00,Asia/Bangkok,78.71082640350875,32.24786324786325,28.72649572649573,29.68366289473684
32174,2024-10-23 13:00:00,Asia/Bangkok,73.32329054545458,16.4070796460177,15.00884955752212,30.58132935779814
32175,2024-10-23 14:00:00,Asia/Bangkok,72.77603603448277,24.53448275862069,21.98275862068965,31.29923405172413
32176,2024-10-23 15:00:00,Asia/Bangkok,69.44794543859652,15.43589743589744,13.94871794871795,32.06512701754386
32177,2024-10-23 16:00:00,Asia/Bangkok,71.28663043859646,29.12931034482759,25.75,31.86176201754386
32178,2024-10-23 17:00:00,Asia/Bangkok,75.66622565217392,16.0,14.25217391304348,30.84806657894739
32179,2024-10-23 18:00:00,Asia/Bangkok,79.97837928571425,49.68695652173913,42.63793103448276,29.98427792792791
32180,2024-10-23 19:00:00,Asia/Bangkok,82.4619832173913,89.14655172413794,77.37931034482759,29.14692808695652
32181,2024-10-23 20:00:00,Asia/Bangkok,85.5771854385965,124.5982905982906,106.9316239316239,28.59671921052631
32182,2024-10-23 21:00:00,Asia/Bangkok,86.92806403508769,90.87068965517241,79.58620689655173,28.33655043859649
32183,2024-10-23 22:00:00,Asia/Bangkok,88.24889205357147,63.78632478632478,50.81196581196581,27.99260428571428
32184,2024-10-23 23:00:00,Asia/Bangkok,89.24470627272731,61.96551724137931,48.8448275862069,27.83120681818181
32185,2024-10-24 00:00:00,Asia/Bangkok,90.08970911504424,51.29310344827586,41.37068965517241,27.57308831858408
32186,2024-10-24 01:00:00,Asia/Bangkok,90.20102695652176,39.22413793103448,33.61206896551724,26.91968930434782
32187,2024-10-24 02:00:00,Asia/Bangkok,90.52181472727273,35.74782608695652,31.41739130434783,26.78116154545454
32188,2024-10-24 03:00:00,Asia/Bangkok,90.47030095652177,33.62931034482759,30.27586206896552,26.94455686956522
32189,2024-10-24 04:00:00,Asia/Bangkok,89.9376048695652,29.54782608695652,27.35652173913044,26.72062260869565
32190,2024-10-24 05:00:00,Asia/Bangkok,90.76927139130436,30.60344827586207,28.46086956521739,26.34865877192982
32191,2024-10-24 06:00:00,Asia/Bangkok,91.46904394736845,31.86086956521739,29.21551724137931,26.09972771929822
32192,2024-10-24 07:00:00,Asia/Bangkok,91.49868831858407,28.0948275862069,26.20689655172414,26.14989451327435
32193,2024-10-24 08:00:00,Asia/Bangkok,91.0557071559633,29.74137931034483,27.71551724137931,26.93797376146787
32194,2024-10-24 09:00:00,Asia/Bangkok,87.64722366071427,29.84070796460177,27.73451327433628,28.180553125
32195,2024-10-24 10:00:00,Asia/Bangkok,77.31442521739127,13.06086956521739,12.14782608695652,30.53872539130433
32196,2024-10-24 11:00:00,Asia/Bangkok,66.00232687500001,7.339130434782609,6.791304347826087,33.17246964285714
32197,2024-10-24 12:00:00,Asia/Bangkok,59.84118739130435,8.939655172413794,8.163793103448276,35.66896234782607
32198,2024-10-24 13:00:00,Asia/Bangkok,60.5822044347826,14.17241379310345,12.75862068965517,35.31132626086954
32199,2024-10-24 14:00:00,Asia/Bangkok,58.61900591304349,30.93162393162393,27.91452991452991,35.89819269565217
32200,2024-10-24 15:00:00,Asia/Bangkok,62.06703883928572,9.89655172413793,9.068965517241379,34.32321464285715
32201,2024-10-24 16:00:00,Asia/Bangkok,72.15678276785715,6.094827586206897,5.637931034482759,30.63844714285715
32202,2024-10-24 17:00:00,Asia/Bangkok,81.3777799107143,24.37931034482759,20.73275862068965,28.09808178571428
32203,2024-10-24 18:00:00,Asia/Bangkok,86.87056582608692,49.26495726495727,42.4017094017094,27.53627904347825
32204,2024-10-24 19:00:00,Asia/Bangkok,89.20255442477875,26.17543859649123,23.40350877192983,27.15908946902656
32205,2024-10-24 20:00:00,Asia/Bangkok,90.22157956521738,23.70689655172414,21.68103448275862,26.93663947826089
32206,2024-10-24 21:00:00,Asia/Bangkok,91.23643535087717,26.06034482758621,22.35344827586207,26.56619780701756
32207,2024-10-24 22:00:00,Asia/Bangkok,92.41613692307692,26.4017094017094,24.17948717948718,26.35449606837608
32208,2024-10-24 23:00:00,Asia/Bangkok,92.86932739130431,21.14655172413793,19.29310344827586,26.07897649122809
32209,2024-10-25 00:00:00,Asia/Bangkok,88.68327199999999,7.663716814159292,6.902654867256637,25.90840026086959
32210,2024-10-25 01:00:00,Asia/Bangkok,85.79210973684214,4.017241379310345,3.336206896551724,26.05419878260867
32211,2024-10-25 02:00:00,Asia/Bangkok,84.2838253571429,0.3058823529411765,0.2,26.05600012048194
32212,2024-10-25 03:00:00,Asia/Bangkok,86.71903431034485,1.068965517241379,0.7931034482758621,25.75374853448276
32213,2024-10-25 04:00:00,Asia/Bangkok,89.84841043478264,2.896551724137931,2.353448275862069,25.02038634782611
32214,2024-10-25 05:00:00,Asia/Bangkok,90.78974830357144,3.226086956521739,2.713043478260869,24.75063044642857
32215,2024-10-25 06:00:00,Asia/Bangkok,91.59863107142857,5.556521739130435,4.904347826086957,24.5309513392857
32216,2024-10-25 07:00:00,Asia/Bangkok,92.55386313043476,10.70689655172414,9.706896551724139,24.54546321739131
32217,2024-10-25 08:00:00,Asia/Bangkok,92.67968991304348,8.094827586206897,7.293103448275862,25.18283547826088
32218,2024-10-25 09:00:00,Asia/Bangkok,82.30111400000001,6.698275862068965,5.931034482758621,28.14374365217392
32219,2024-10-25 10:00:00,Asia/Bangkok,70.23877791304348,8.931623931623932,7.752136752136752,31.57362947826086
32220,2024-10-25 11:00:00,Asia/Bangkok,68.41499964601772,1.448275862068966,1.25,31.89140178571427
32221,2024-10-25 12:00:00,Asia/Bangkok,62.69887938596491,1.163793103448276,0.9827586206896551,34.11933911504424
32222,2024-10-25 13:00:00,Asia/Bangkok,62.46502,3.655172413793104,3.232758620689655,33.94562601769912
32223,2024-10-25 14:00:00,Asia/Bangkok,64.68950274336282,3.120689655172414,2.568965517241379,32.63706893805308
32224,2024-10-25 15:00:00,Asia/Bangkok,70.13416660869565,2.5,2.163793103448276,31.53180965217391
32225,2024-10-25 16:00:00,Asia/Bangkok,76.55139629310345,6.478632478632479,5.663793103448276,30.46991422413794
32226,2024-10-25 17:00:00,Asia/Bangkok,77.24724491228072,14.17241379310345,12.57264957264957,30.56362938596492
32227,2024-10-25 18:00:00,Asia/Bangkok,71.9436275221239,24.68103448275862,21.22413793103448,30.23592106194692
32228,2024-10-25 19:00:00,Asia/Bangkok,70.58203745614038,40.58620689655172,33.99137931034483,29.74174814159291
32229,2024-10-25 20:00:00,Asia/Bangkok,75.28031714285713,33.23076923076923,27.47863247863248,28.55544714285712
32230,2024-10-25 21:00:00,Asia/Bangkok,77.01891830357144,25.17241379310345,22.23275862068965,27.96897758928571
32231,2024-10-25 22:00:00,Asia/Bangkok,78.43050939130438,14.8448275862069,12.97413793103448,27.51361773913045
32232,2024-10-25 23:00:00,Asia/Bangkok,78.365185625,8.869565217391305,7.913043478260869,27.30108535714286
32233,2024-10-26 00:00:00,Asia/Bangkok,79.56332088495571,2.491379310344827,2.068965517241379,27.06466375
32234,2024-10-26 01:00:00,Asia/Bangkok,80.39669394736843,1.239316239316239,0.9743589743589743,26.94385956140352
32235,2024-10-26 02:00:00,Asia/Bangkok,82.8848199115044,2.198275862068965,1.818965517241379,26.28844548672565
32236,2024-10-26 03:00:00,Asia/Bangkok,84.28411221238939,2.620689655172414,2.344827586206896,25.97282035087719
32237,2024-10-26 04:00:00,Asia/Bangkok,85.37639586206893,2.692307692307693,2.307692307692307,25.7988953043478
32238,2024-10-26 05:00:00,Asia/Bangkok,85.43117626086952,1.603448275862069,1.275862068965517,25.80922826086957
32239,2024-10-26 06:00:00,Asia/Bangkok,85.65610473684211,1.439655172413793,1.198275862068966,25.80599684210523
32240,2024-10-26 07:00:00,Asia/Bangkok,87.0413208695652,1.991452991452991,1.58974358974359,25.63191773913044
32241,2024-10-26 08:00:00,Asia/Bangkok,84.6987968695652,2.310344827586207,1.896551724137931,26.75512695652175
32242,2024-10-26 09:00:00,Asia/Bangkok,77.45551018018018,0.9391304347826087,0.7217391304347827,29.51410621621622
32243,2024-10-26 10:00:00,Asia/Bangkok,68.65632324561405,0.4444444444444444,0.2905982905982906,32.43611605263159
32244,2024-10-26 11:00:00,Asia/Bangkok,62.3616193043478,1.353448275862069,1.094827586206897,34.74844173913043
32245,2024-10-26 12:00:00,Asia/Bangkok,62.00284087719295,10.91379310344828,9.35344827586207,35.00813517543859
32246,2024-10-26 13:00:00,Asia/Bangkok,62.49182547826086,8.808695652173913,7.791304347826087,34.93072043478261
32247,2024-10-26 14:00:00,Asia/Bangkok,56.76558681034484,10.5,8.827586206896552,36.5552494827586
32248,2024-10-26 15:00:00,Asia/Bangkok,66.38525300884956,11.42608695652174,10.50434782608696,33.96174265486727
32249,2024-10-26 16:00:00,Asia/Bangkok,70.14842965217392,3.46551724137931,3.129310344827586,32.96933130434783
32250,2024-10-26 17:00:00,Asia/Bangkok,74.49285965217389,2.956896551724138,2.560344827586207,31.33587678260871
32251,2024-10-26 18:00:00,Asia/Bangkok,73.75002837837836,8.905172413793103,7.78448275862069,30.24228711711712
32252,2024-10-26 19:00:00,Asia/Bangkok,80.4641392173913,13.23275862068965,11.1551724137931,28.68273182608695
32253,2024-10-26 20:00:00,Asia/Bangkok,83.55630539130438,6.370689655172414,5.586206896551724,28.33350710526318
32254,2024-10-26 21:00:00,Asia/Bangkok,84.23920249999995,6.681034482758621,6.008620689655173,28.27496562499998
32255,2024-10-26 22:00:00,Asia/Bangkok,85.68377543103449,6.793103448275862,6.025862068965517,27.98475469565214
32256,2024-10-26 23:00:00,Asia/Bangkok,86.24206765217396,7.767241379310345,6.724137931034483,27.82560894736842
32257,2024-10-27 00:00:00,Asia/Bangkok,87.12575198275859,6.307692307692307,5.632478632478633,27.5830400862069
32258,2024-10-27 01:00:00,Asia/Bangkok,87.66178191304347,7.370689655172414,6.525862068965517,27.20631869565219
32259,2024-10-27 02:00:00,Asia/Bangkok,87.25084713043483,5.632478632478633,4.991452991452991,26.97999069565218
32260,2024-10-27 03:00:00,Asia/Bangkok,86.68655719298246,4.456896551724138,4.094827586206897,26.79247412280705
32261,2024-10-27 04:00:00,Asia/Bangkok,86.81637849557517,3.982905982905983,3.547008547008547,26.63181345132745
32262,2024-10-27 05:00:00,Asia/Bangkok,85.52602723214285,3.646551724137931,3.163793103448276,26.82989383928572
32263,2024-10-27 06:00:00,Asia/Bangkok,86.0253859090909,4.853448275862069,4.301724137931035,26.68010336363637
32264,2024-10-27 07:00:00,Asia/Bangkok,86.64249192982454,5.060344827586207,4.387931034482759,26.63958456140353
32265,2024-10-27 08:00:00,Asia/Bangkok,85.68136982142859,7.443478260869565,6.617391304347827,27.23992874999999
32266,2024-10-27 09:00:00,Asia/Bangkok,83.07443419642856,8.551724137931034,7.620689655172414,28.37405625000002
32267,2024-10-27 10:00:00,Asia/Bangkok,76.59112070175435,8.560344827586206,7.301724137931035,30.26113263157893
32268,2024-10-27 11:00:00,Asia/Bangkok,71.42280094017092,8.495726495726496,7.726495726495727,32.11971196581196
32269,2024-10-27 12:00:00,Asia/Bangkok,66.68349191304345,6.586206896551724,5.793103448275862,33.3836032173913
32270,2024-10-27 13:00:00,Asia/Bangkok,62.90719887931035,5.775862068965517,5.068965517241379,34.62149591304348
32271,2024-10-27 14:00:00,Asia/Bangkok,62.92333939655171,7.336206896551724,6.646551724137931,34.69589321739129
32272,2024-10-27 15:00:00,Asia/Bangkok,75.13727184210532,4.78448275862069,4.258620689655173,31.50576377192982
32273,2024-10-27 16:00:00,Asia/Bangkok,74.09790377192985,10.0,8.956896551724139,32.14076548672568
32274,2024-10-27 17:00:00,Asia/Bangkok,74.26552933962266,5.688073394495412,4.990825688073395,31.52139942857142
32275,2024-10-27 18:00:00,Asia/Bangkok,76.09436077586209,17.93965517241379,15.06896551724138,30.38803284482756
32276,2024-10-27 19:00:00,Asia/Bangkok,78.14488301724137,12.35344827586207,10.48275862068965,29.30166749999999
32277,2024-10-27 20:00:00,Asia/Bangkok,80.13278079646015,6.808695652173913,5.965217391304348,28.8130203539823
32278,2024-10-27 21:00:00,Asia/Bangkok,80.3034155652174,4.382608695652173,3.834782608695652,28.59289373913043
32279,2024-10-27 22:00:00,Asia/Bangkok,81.07230981981982,3.336206896551724,2.827586206896552,28.31666792792792
32280,2024-10-27 23:00:00,Asia/Bangkok,83.60980435185184,4.698275862068965,4.086206896551724,27.76241981308413
32281,2024-10-28 00:00:00,Asia/Bangkok,84.68939295652176,12.15384615384615,10.55555555555556,27.47901834782609
32282,2024-10-28 01:00:00,Asia/Bangkok,84.66186132743363,6.387931034482759,5.560344827586207,27.36522628318584
32283,2024-10-28 02:00:00,Asia/Bangkok,86.1709648672567,3.25,2.767241379310345,27.05402566371679
32284,2024-10-28 03:00:00,Asia/Bangkok,86.28920275862068,3.401709401709402,2.863247863247863,27.03653931034483
32285,2024-10-28 04:00:00,Asia/Bangkok,87.65826990990993,3.52212389380531,2.84070796460177,26.7533272972973
32286,2024-10-28 05:00:00,Asia/Bangkok,86.96471026315788,3.387931034482758,2.836206896551724,26.98300026315788
32287,2024-10-28 06:00:00,Asia/Bangkok,88.51905827586208,4.094017094017094,3.478632478632479,26.68861956896551
32288,2024-10-28 07:00:00,Asia/Bangkok,88.88346614035086,4.71551724137931,4.129310344827586,26.7771537719298
32289,2024-10-28 08:00:00,Asia/Bangkok,86.06435149122811,5.660869565217391,4.869565217391305,27.87004140350876
32290,2024-10-28 09:00:00,Asia/Bangkok,78.07444434782607,11.13793103448276,9.64655172413793,30.38732991304347
32291,2024-10-28 10:00:00,Asia/Bangkok,68.57431307017542,4.145299145299146,3.649572649572649,33.05542245614035
32292,2024-10-28 11:00:00,Asia/Bangkok,66.35346151785713,4.163793103448276,3.706896551724138,33.74423133928571
32293,2024-10-28 12:00:00,Asia/Bangkok,62.64871854700854,4.241379310344827,3.758620689655173,34.95772384615385
32294,2024-10-28 13:00:00,Asia/Bangkok,58.84151938596492,4.162393162393163,3.769230769230769,35.84842219298247
32295,2024-10-28 14:00:00,Asia/Bangkok,57.71111917431191,6.060869565217391,5.504347826086956,36.29927416666666
32296,2024-10-28 15:00:00,Asia/Bangkok,57.58759109090909,6.0,5.439655172413793,36.8544389090909
32297,2024-10-28 16:00:00,Asia/Bangkok,62.57136258928573,5.482758620689655,4.913793103448276,34.93274196428571
32298,2024-10-28 17:00:00,Asia/Bangkok,67.6226516521739,4.700854700854701,4.128205128205129,32.82359834782606
32299,2024-10-28 18:00:00,Asia/Bangkok,69.45667711711711,27.12931034482759,23.00862068965517,32.36027336363635
32300,2024-10-28 19:00:00,Asia/Bangkok,74.51598756521737,19.96551724137931,17.97413793103448,31.23700460869565
32301,2024-10-28 20:00:00,Asia/Bangkok,77.10063707964598,11.08620689655172,10.00862068965517,30.55888455357143
32302,2024-10-28 21:00:00,Asia/Bangkok,78.7560426956522,18.66666666666667,16.5982905982906,29.836036
32303,2024-10-28 22:00:00,Asia/Bangkok,81.60851260869568,15.3304347826087,13.22608695652174,29.15670147826087
32304,2024-10-28 23:00:00,Asia/Bangkok,85.1139663157895,15.06896551724138,12.76724137931035,28.60231999999997
32305,2024-10-29 00:00:00,Asia/Bangkok,86.11678831858409,6.982905982905983,6.205128205128205,28.15148327433628
32306,2024-10-29 01:00:00,Asia/Bangkok,85.2466131531532,8.21551724137931,7.258620689655173,28.19306144144144
32307,2024-10-29 02:00:00,Asia/Bangkok,85.44414607142858,6.706896551724138,6.017241379310345,27.97174214285715
32308,2024-10-29 03:00:00,Asia/Bangkok,86.17334238938054,8.948717948717949,8.068376068376068,27.62384831858408
32309,2024-10-29 04:00:00,Asia/Bangkok,87.15559945945945,7.730434782608696,6.913043478260869,27.35980396396395
32310,2024-10-29 05:00:00,Asia/Bangkok,87.85829208695652,8.391304347826088,7.678260869565217,27.162408
32311,2024-10-29 06:00:00,Asia/Bangkok,88.84920245614035,12.09565217391304,11.11304347826087,26.92657368421053
32312,2024-10-29 07:00:00,Asia/Bangkok,90.51959591304347,20.00862068965517,17.78448275862069,26.58422660869567
32313,2024-10-29 08:00:00,Asia/Bangkok,89.48849401785715,14.26086956521739,12.90434782608696,27.06812366071426
32314,2024-10-29 09:00:00,Asia/Bangkok,82.87280163636365,12.31304347826087,11.26086956521739,28.98536809090909
32315,2024-10-29 10:00:00,Asia/Bangkok,74.15970437499996,14.77391304347826,13.63478260869565,31.30106794642856
32316,2024-10-29 11:00:00,Asia/Bangkok,68.29998775862069,16.76923076923077,15.42735042735043,33.15603637931035
32317,2024-10-29 12:00:00,Asia/Bangkok,65.50729852173916,26.0353982300885,23.06194690265487,33.97980591304348
32318,2024-10-29 13:00:00,Asia/Bangkok,64.18488591304346,16.29310344827586,15.04310344827586,34.53507034782607
32319,2024-10-29 14:00:00,Asia/Bangkok,65.63112728070176,17.54310344827586,16.18103448275862,34.12065078947371
32320,2024-10-29 15:00:00,Asia/Bangkok,70.70955868421053,16.32758620689655,14.9051724137931,32.65576184210524
32321,2024-10-29 16:00:00,Asia/Bangkok,76.88251294642858,20.28571428571428,18.3125,29.99706696428572
32322,2024-10-29 17:00:00,Asia/Bangkok,79.59676339130435,13.6,12.69565217391304,29.41108147826088
32323,2024-10-29 18:00:00,Asia/Bangkok,79.21038616071428,30.81578947368421,26.42982456140351,28.78757392857142
32324,2024-10-29 19:00:00,Asia/Bangkok,80.10125356521743,38.61206896551724,33.37068965517241,28.36127017391306
32325,2024-10-29 20:00:00,Asia/Bangkok,82.40755999999996,40.14655172413793,33.95689655172414,28.41760577586208
32326,2024-10-29 21:00:00,Asia/Bangkok,83.52610238938053,48.82758620689656,41.63793103448276,28.35090849557522
32327,2024-10-29 22:00:00,Asia/Bangkok,86.83190403508772,27.12931034482759,24.81034482758621,27.35815798245613
32328,2024-10-29 23:00:00,Asia/Bangkok,86.78502575221236,32.61538461538461,28.49572649572649,27.11369761061948
32329,2024-10-30 00:00:00,Asia/Bangkok,87.63719630630632,25.18260869565217,23.44347826086956,26.96654054054057
32330,2024-10-30 01:00:00,Asia/Bangkok,88.92567017543861,24.81034482758621,22.6551724137931,26.6819146491228
32331,2024-10-30 02:00:00,Asia/Bangkok,88.3747607826087,25.33333333333333,23.34188034188034,26.73845921052632
32332,2024-10-30 03:00:00,Asia/Bangkok,86.04298295652173,23.89655172413793,22.07758620689655,27.00685695652175
32333,2024-10-30 04:00:00,Asia/Bangkok,85.20845219298249,22.98275862068965,21.17241379310345,27.09873535087718
32334,2024-10-30 05:00:00,Asia/Bangkok,87.64462399999998,24.31034482758621,22.45689655172414,26.63387217391305
32335,2024-10-30 06:00:00,Asia/Bangkok,88.96947799999994,26.46551724137931,24.31896551724138,26.41817730434784
32336,2024-10-30 07:00:00,Asia/Bangkok,89.25766210526317,27.49137931034483,25.31896551724138,26.53321508771928
32337,2024-10-30 08:00:00,Asia/Bangkok,89.352776754386,27.64655172413793,25.46551724137931,26.99103543859648
32338,2024-10-30 09:00:00,Asia/Bangkok,81.54543052631576,23.76923076923077,22.08547008547009,29.33312403508773
32339,2024-10-30 10:00:00,Asia/Bangkok,68.52145344827586,19.08620689655172,17.62931034482759,33.05642862068967
32340,2024-10-30 11:00:00,Asia/Bangkok,62.31239544642857,21.50862068965517,19.83620689655172,34.11428580357143
32341,2024-10-30 12:00:00,Asia/Bangkok,59.23703535087723,19.72413793103448,18.18965517241379,34.67825552631578
32342,2024-10-30 13:00:00,Asia/Bangkok,57.73620973451327,17.60869565217391,16.20869565217391,35.47501530973451
32343,2024-10-30 14:00:00,Asia/Bangkok,62.46877622807018,16.68965517241379,15.5948275862069,34.56497734513275
32344,2024-10-30 15:00:00,Asia/Bangkok,65.25694478260873,12.13793103448276,11.28448275862069,33.60897713043476
32345,2024-10-30 16:00:00,Asia/Bangkok,64.38541614035087,15.51282051282051,14.44444444444444,33.87770902654868
32346,2024-10-30 17:00:00,Asia/Bangkok,64.04566646017702,16.04310344827586,14.82758620689655,34.48255106194691
32347,2024-10-30 18:00:00,Asia/Bangkok,67.1583147368421,26.22413793103448,23.57758620689655,33.41446552631579
32348,2024-10-30 19:00:00,Asia/Bangkok,72.90167591304346,30.55555555555556,26.91452991452991,31.66295713043477
32349,2024-10-30 20:00:00,Asia/Bangkok,74.08601137931035,32.19827586206897,28.16379310344828,30.9081592173913
32350,2024-10-30 21:00:00,Asia/Bangkok,78.055800173913,33.64102564102564,28.99145299145299,29.68785587719301
32351,2024-10-30 22:00:00,Asia/Bangkok,80.10323819819817,72.95689655172414,65.48275862068965,29.34255666666667
32352,2024-10-30 23:00:00,Asia/Bangkok,79.60120937499998,70.29310344827586,62.81896551724138,28.89286339285715
32353,2024-10-31 00:00:00,Asia/Bangkok,82.44430424778763,26.38793103448276,24.39655172413793,28.20777283185837
32354,2024-10-31 01:00:00,Asia/Bangkok,84.16661796460177,22.56034482758621,20.75,27.62885707964602
32355,2024-10-31 02:00:00,Asia/Bangkok,86.04490782608697,37.89565217391304,32.90434782608695,27.17106827586208
32356,2024-10-31 03:00:00,Asia/Bangkok,86.80760508928564,32.15652173913043,28.44347826086956,26.92084141592922
32357,2024-10-31 04:00:00,Asia/Bangkok,88.23558956140347,32.78260869565217,29.15652173913044,26.42928315789475
32358,2024-10-31 05:00:00,Asia/Bangkok,88.64968166666662,28.75,26.27586206896552,26.40044877192983
32359,2024-10-31 06:00:00,Asia/Bangkok,89.14717774774773,29.23478260869565,26.75652173913043,26.44438432432431
32360,2024-10-31 07:00:00,Asia/Bangkok,89.41586624999998,27.37068965517241,24.99137931034483,26.36458794642855
32361,2024-10-31 08:00:00,Asia/Bangkok,89.06042260869562,27.08547008547009,24.69230769230769,26.74372617391304
32362,2024-10-31 09:00:00,Asia/Bangkok,83.0004324324324,18.9051724137931,17.58620689655172,28.91790162162162
32363,2024-10-31 10:00:00,Asia/Bangkok,69.44582449541282,14.28070175438597,13.2719298245614,32.50473768518518
32364,2024-10-31 11:00:00,Asia/Bangkok,64.14373973913041,13.18965517241379,12.19130434782609,33.98280069565217
32365,2024-10-31 12:00:00,Asia/Bangkok,56.45222426086956,9.939655172413794,9.333333333333334,36.80120460869563
32366,2024-10-31 13:00:00,Asia/Bangkok,55.6777032173913,9.051724137931034,8.474137931034482,37.00287165217392
32367,2024-10-31 14:00:00,Asia/Bangkok,53.34517584070797,8.094827586206897,7.46551724137931,37.39089327433629
32368,2024-10-31 15:00:00,Asia/Bangkok,52.00007300884955,7.905172413793103,7.422413793103448,38.02501309734513
32369,2024-10-31 16:00:00,Asia/Bangkok,53.02595736842107,8.594827586206897,8.043103448275861,37.27486380530973
32370,2024-10-31 17:00:00,Asia/Bangkok,61.47127513043478,10.79310344827586,10.14655172413793,34.86972182608695
32371,2024-10-31 18:00:00,Asia/Bangkok,70.0690631858407,14.14655172413793,13.01724137931035,32.59843212389384
32372,2024-10-31 19:00:00,Asia/Bangkok,66.1244676521739,14.41025641025641,12.96581196581197,32.34178850877194
32373,2024-10-31 20:00:00,Asia/Bangkok,72.9964679130435,26.98275862068965,24.43103448275862,30.90586095652174
32374,2024-10-31 21:00:00,Asia/Bangkok,78.9222572807018,22.05172413793104,20.0,29.58570421052631
32375,2024-10-31 22:00:00,Asia/Bangkok,80.61322556521735,27.04273504273504,23.88888888888889,29.09361456140355
32376,2024-10-31 23:00:00,Asia/Bangkok,81.49869035398231,25.3448275862069,22.56896551724138,28.93568778761064
32377,2024-11-01 00:00:00,Asia/Bangkok,85.46669678260865,20.73275862068965,18.88793103448276,28.05940869565217
32378,2024-11-01 01:00:00,Asia/Bangkok,86.05321608695652,16.33620689655172,15.1551724137931,28.09685359649125
32379,2024-11-01 02:00:00,Asia/Bangkok,84.82579862068961,14.12820512820513,12.97435897435897,28.22879344827584
32380,2024-11-01 03:00:00,Asia/Bangkok,84.64376956896554,13.5,12.56034482758621,27.86017655172415
32381,2024-11-01 04:00:00,Asia/Bangkok,86.08229973913046,13.8974358974359,13.00854700854701,27.2641371304348
32382,2024-11-01 05:00:00,Asia/Bangkok,87.40463990990995,17.02586206896552,15.41379310344828,26.64160486486488
32383,2024-11-01 06:00:00,Asia/Bangkok,87.80359586206895,19.18103448275862,17.72413793103448,26.38420521739132
32384,2024-11-01 07:00:00,Asia/Bangkok,88.76178264957264,23.1025641025641,21.16239316239316,26.02839758620689
32385,2024-11-01 08:00:00,Asia/Bangkok,89.52819798165139,25.00862068965517,22.8448275862069,26.57571458715595
32386,2024-11-01 09:00:00,Asia/Bangkok,81.08900758620693,14.13675213675214,13.01709401709402,29.22086879310344
32387,2024-11-01 10:00:00,Asia/Bangkok,70.04526288288288,9.478260869565217,8.626086956521739,32.59087918918917
32388,2024-11-01 11:00:00,Asia/Bangkok,59.61268626086957,14.37606837606838,13.01709401709402,35.83222469565216
32389,2024-11-01 12:00:00,Asia/Bangkok,59.61933594594595,7.814159292035399,7.176991150442478,35.44125045045047
32390,2024-11-01 13:00:00,Asia/Bangkok,56.9051894736842,7.181034482758621,6.508620689655173,36.26799087719299
32391,2024-11-01 14:00:00,Asia/Bangkok,54.50366017391303,5.460869565217391,4.973913043478261,36.95998356521738
32392,2024-11-01 15:00:00,Asia/Bangkok,52.52347327586205,5.396551724137931,4.844827586206897,37.65954431034482
32393,2024-11-01 16:00:00,Asia/Bangkok,60.90668801724137,18.56034482758621,16.68965517241379,34.80138226086955
32394,2024-11-01 17:00:00,Asia/Bangkok,80.00686026548671,4.620689655172414,3.801724137931035,29.88074098214286
32395,2024-11-01 18:00:00,Asia/Bangkok,86.44667027522934,1.732758620689655,1.422413793103448,28.80171504587155
32396,2024-11-01 19:00:00,Asia/Bangkok,87.83316392857147,9.224137931034482,8.137931034482758,28.51660801801801
32397,2024-11-01 20:00:00,Asia/Bangkok,87.74045078260869,15.43103448275862,13.80172413793103,28.29694886956521
32398,2024-11-01 21:00:00,Asia/Bangkok,89.07756634782612,22.50427350427351,19.86206896551724,27.59419113043475
32399,2024-11-01 22:00:00,Asia/Bangkok,90.57863614035084,18.18103448275862,16.82051282051282,27.19664921052634
32400,2024-11-01 23:00:00,Asia/Bangkok,90.79741719298241,16.04310344827586,14.33620689655172,26.82046333333334
32401,2024-11-02 00:00:00,Asia/Bangkok,91.05171805309732,16.60869565217391,14.88695652173913,26.56013637168145
32402,2024-11-02 01:00:00,Asia/Bangkok,89.85490827586212,14.6551724137931,13.38461538461539,26.71826939655172
32403,2024-11-02 02:00:00,Asia/Bangkok,90.30648556521741,14.93913043478261,13.62608695652174,26.47155947826085
32404,2024-11-02 03:00:00,Asia/Bangkok,91.11337315789476,16.19827586206896,14.83620689655172,26.1449142982456
32405,2024-11-02 04:00:00,Asia/Bangkok,91.43129689655169,11.63247863247863,10.87068965517241,26.02337913793107
32406,2024-11-02 05:00:00,Asia/Bangkok,91.39930000000003,9.413793103448276,8.717948717948717,25.76054955752212
32407,2024-11-02 06:00:00,Asia/Bangkok,91.97486045871557,11.13392857142857,10.21238938053097,25.54112339449543
32408,2024-11-02 07:00:00,Asia/Bangkok,92.81788570175434,18.62931034482759,16.89655172413793,25.37703342105267
32409,2024-11-02 08:00:00,Asia/Bangkok,94.13195709401708,39.77777777777778,33.36752136752137,26.00762752136753
32410,2024-11-02 09:00:00,Asia/Bangkok,91.83054692982456,10.2,9.347826086956522,27.29662394736844
32411,2024-11-02 10:00:00,Asia/Bangkok,83.02815284482756,7.871794871794871,7.188034188034188,29.59029500000001
32412,2024-11-02 11:00:00,Asia/Bangkok,74.29241017699117,7.241379310344827,6.655172413793103,31.96880265486725
32413,2024-11-02 12:00:00,Asia/Bangkok,64.04387294642859,6.956896551724138,6.344827586206897,34.16571392857144
32414,2024-11-02 13:00:00,Asia/Bangkok,58.55577353448274,8.043103448275861,7.267241379310345,35.81285112068965
32415,2024-11-02 14:00:00,Asia/Bangkok,57.39031275862067,9.623931623931623,8.82905982905983,36.50980612068967
32416,2024-11-02 15:00:00,Asia/Bangkok,57.0341,10.12068965517241,9.293103448275861,36.8296044144144
32417,2024-11-02 16:00:00,Asia/Bangkok,64.1367074107143,11.18965517241379,10.4051724137931,34.63867116071428
32418,2024-11-02 17:00:00,Asia/Bangkok,80.96023385964914,7.504347826086956,6.817391304347826,28.73145587719298
32419,2024-11-02 18:00:00,Asia/Bangkok,91.57530834782607,3.491379310344827,3.146551724137931,25.17408243478261
32420,2024-11-02 19:00:00,Asia/Bangkok,90.13615403508769,6.103448275862069,5.646551724137931,26.02474557522124
32421,2024-11-02 20:00:00,Asia/Bangkok,88.90681387387389,4.538461538461538,4.017094017094017,26.79470270270269
32422,2024-11-02 21:00:00,Asia/Bangkok,90.53345044247787,4.258620689655173,3.827586206896552,26.36647584070797
32423,2024-11-02 22:00:00,Asia/Bangkok,92.44134313043475,4.758620689655173,4.21551724137931,25.85796782608696
32424,2024-11-02 23:00:00,Asia/Bangkok,93.07675713043483,6.71304347826087,6.182608695652174,25.89655860869566
32425,2024-11-03 00:00:00,Asia/Bangkok,93.00547756521745,5.362068965517241,4.75,26.05199226086954
32426,2024-11-03 01:00:00,Asia/Bangkok,93.07120061403506,7.217391304347826,6.634782608695653,26.06274298245615
32427,2024-11-03 02:00:00,Asia/Bangkok,92.98383698275865,6.275862068965517,5.75,25.93217612068968
32428,2024-11-03 03:00:00,Asia/Bangkok,93.3149007142857,6.568965517241379,5.870689655172414,25.70151419642856
32429,2024-11-03 04:00:00,Asia/Bangkok,93.28947875000001,6.681034482758621,5.939655172413793,25.6088127678572
32430,2024-11-03 05:00:00,Asia/Bangkok,93.44704294642854,7.70940170940171,7.188034188034188,25.43991214285714
32431,2024-11-03 06:00:00,Asia/Bangkok,93.59498657407406,7.827586206896552,7.129310344827586,25.25917355140187
32432,2024-11-03 07:00:00,Asia/Bangkok,94.05834973913046,7.810344827586207,7.25,25.15782660869564
32433,2024-11-03 08:00:00,Asia/Bangkok,95.04625913043482,8.965811965811966,8.247863247863247,25.73916614035089
32434,2024-11-03 09:00:00,Asia/Bangkok,92.26737078947372,9.439655172413794,8.698275862068966,27.6278151754386
32435,2024-11-03 10:00:00,Asia/Bangkok,80.34972339130441,6.71551724137931,6.327586206896552,30.54741026086955
32436,2024-11-03 11:00:00,Asia/Bangkok,72.37154692982455,6.803418803418803,6.333333333333333,32.52718389380532
32437,2024-11-03 12:00:00,Asia/Bangkok,68.56598891891893,6.695652173913044,6.243478260869566,33.51416387387388
32438,2024-11-03 13:00:00,Asia/Bangkok,67.54850187499999,7.078260869565217,6.6,33.63665428571427
32439,2024-11-03 14:00:00,Asia/Bangkok,66.7005442105263,6.836206896551724,6.53448275862069,33.72401292035401
32440,2024-11-03 15:00:00,Asia/Bangkok,77.85666982456142,7.801724137931035,7.232758620689655,31.3444439473684
32441,2024-11-03 16:00:00,Asia/Bangkok,84.02783687499998,8.327586206896552,7.560344827586207,29.34872553571429
32442,2024-11-03 17:00:00,Asia/Bangkok,89.11920062499999,6.508620689655173,6.017241379310345,27.78870776785715
32443,2024-11-03 18:00:00,Asia/Bangkok,89.8278434408602,19.68686868686869,17.88,28.04124548387097
32444,2024-11-03 19:00:00,Asia/Bangkok,90.50850761061945,13.14782608695652,12.14655172413793,27.70854318584073
32445,2024-11-03 20:00:00,Asia/Bangkok,91.81446999999997,12.22413793103448,11.14655172413793,27.07424342342342
32446,2024-11-03 21:00:00,Asia/Bangkok,93.52913699115042,11.43478260869565,10.60869565217391,26.70471221238938
32447,2024-11-03 22:00:00,Asia/Bangkok,93.15152394736846,15.85344827586207,14.64655172413793,26.80929149122806
32448,2024-11-03 23:00:00,Asia/Bangkok,93.31073834782612,16.51724137931035,15.31896551724138,26.61200603448277
32449,2024-11-04 00:00:00,Asia/Bangkok,93.36577773913044,15.60683760683761,14.48717948717949,26.3861602631579
32450,2024-11-04 01:00:00,Asia/Bangkok,93.8967645217391,15.54310344827586,14.49137931034483,26.29100017391304
32451,2024-11-04 02:00:00,Asia/Bangkok,94.37194534482754,15.60344827586207,14.62068965517241,26.13771913793105
32452,2024-11-04 03:00:00,Asia/Bangkok,95.15306052173919,15.68376068376068,14.4957264957265,25.81203895652174
32453,2024-11-04 04:00:00,Asia/Bangkok,94.83514530973449,14.48275862068965,13.60344827586207,25.74746017699113
32454,2024-11-04 05:00:00,Asia/Bangkok,94.60447598214286,16.50862068965517,15.53448275862069,25.71980098214286
32455,2024-11-04 06:00:00,Asia/Bangkok,94.9953228947369,14.75,13.72413793103448,25.5426689380531
32456,2024-11-04 07:00:00,Asia/Bangkok,95.24300087719301,17.33620689655172,16.05172413793104,25.66721175438594
32457,2024-11-04 08:00:00,Asia/Bangkok,95.58444339449544,14.60869565217391,13.70434782608696,25.82738853211008
32458,2024-11-04 09:00:00,Asia/Bangkok,96.23447473684209,16.74561403508772,15.69298245614035,26.22741587719299
32459,2024-11-04 10:00:00,Asia/Bangkok,93.64577078260864,12.50862068965517,11.75,27.57162086956522
32460,2024-11-04 11:00:00,Asia/Bangkok,87.45935292035396,7.71304347826087,7.278260869565218,28.25009743362832
32461,2024-11-04 12:00:00,Asia/Bangkok,86.85190175438595,3.655172413793104,3.327586206896552,27.38877508771929
32462,2024-11-04 13:00:00,Asia/Bangkok,85.27102426086957,3.301724137931035,2.931034482758621,28.04533704347825
32463,2024-11-04 14:00:00,Asia/Bangkok,83.06956649122809,3.03448275862069,2.706896551724138,28.88036359649121
32464,2024-11-04 15:00:00,Asia/Bangkok,80.79895666666671,3.922413793103448,3.620689655172414,29.62831236842106
32465,2024-11-04 16:00:00,Asia/Bangkok,79.19792377192985,3.632478632478632,3.145299145299145,30.52131796460177
32466,2024-11-04 17:00:00,Asia/Bangkok,82.96822068965518,3.405172413793104,3.146551724137931,29.41741353448276
32467,2024-11-04 18:00:00,Asia/Bangkok,84.4641503571429,5.782608695652174,5.330434782608696,28.89593973214285
32468,2024-11-04 19:00:00,Asia/Bangkok,86.1755963716814,14.41880341880342,13.22222222222222,28.19326442477875
32469,2024-11-04 20:00:00,Asia/Bangkok,88.27828894736842,13.64655172413793,12.53448275862069,27.33068087719301
32470,2024-11-04 21:00:00,Asia/Bangkok,88.70189761061947,22.72413793103448,21.31896551724138,27.04133637168142
32471,2024-11-04 22:00:00,Asia/Bangkok,89.50271594594588,21.87931034482759,20.44827586206896,26.82285162162161
32472,2024-11-04 23:00:00,Asia/Bangkok,89.80293314814818,12.08620689655172,11.31034482758621,26.58897214953269
32473,2024-11-05 00:00:00,Asia/Bangkok,90.38922394736842,16.12068965517241,14.76724137931035,26.26664169642858
32474,2024-11-05 01:00:00,Asia/Bangkok,90.21375928571429,10.92173913043478,10.26956521739131,26.13314607142857
32475,2024-11-05 02:00:00,Asia/Bangkok,90.43404866071432,8.362068965517242,7.71551724137931,25.96682598214285
32476,2024-11-05 03:00:00,Asia/Bangkok,91.2561857142857,7.439655172413793,6.775862068965517,25.58449508928572
32477,2024-11-05 04:00:00,Asia/Bangkok,91.9831486956522,8.401709401709402,7.726495726495727,25.38624826086953
32478,2024-11-05 05:00:00,Asia/Bangkok,92.40156789473681,9.129310344827585,8.5,25.30908245614036
32479,2024-11-05 06:00:00,Asia/Bangkok,93.59156629310343,11.88793103448276,11.07758620689655,25.22787612068966
32480,2024-11-05 07:00:00,Asia/Bangkok,95.0932757894737,9.198275862068966,8.379310344827585,25.08439517543859
32481,2024-11-05 08:00:00,Asia/Bangkok,95.24854324561402,4.991452991452991,4.53448275862069,25.34454210526318
32482,2024-11-05 09:00:00,Asia/Bangkok,95.14767415929201,3.860869565217391,3.310344827586207,25.67292628318584
32483,2024-11-05 10:00:00,Asia/Bangkok,95.28971556521743,8.508620689655173,7.827586206896552,26.09422508771932
32484,2024-11-05 11:00:00,Asia/Bangkok,94.06050910714289,4.586206896551724,4.163793103448276,26.91770303571428
32485,2024-11-05 12:00:00,Asia/Bangkok,85.70971891891891,1.008620689655172,0.8189655172413793,29.06984800000001
32486,2024-11-05 13:00:00,Asia/Bangkok,77.80112226086958,0.3504273504273504,0.2393162393162393,30.67166260869566
32487,2024-11-05 14:00:00,Asia/Bangkok,76.47077373913044,0.5689655172413793,0.456896551724138,31.15506043859649
32488,2024-11-05 15:00:00,Asia/Bangkok,77.91628736842107,1.379310344827586,1.181034482758621,31.22855304347827
32489,2024-11-05 16:00:00,Asia/Bangkok,82.1561401801802,2.051282051282051,1.777777777777778,29.62178072727274
32490,2024-11-05 17:00:00,Asia/Bangkok,87.41747901785713,1.525862068965517,1.241379310344828,28.43707196428572
32491,2024-11-05 18:00:00,Asia/Bangkok,89.83158920353982,1.427350427350427,1.102564102564103,27.99785787610619
32492,2024-11-05 19:00:00,Asia/Bangkok,91.24870607142859,4.868421052631579,4.359649122807017,27.352989375
32493,2024-11-05 20:00:00,Asia/Bangkok,92.00064232758622,7.594827586206897,6.844827586206897,26.78629293103451
32494,2024-11-05 21:00:00,Asia/Bangkok,91.85851773913042,8.801724137931034,8.086206896551724,26.62500330434784
32495,2024-11-05 22:00:00,Asia/Bangkok,92.06970785714283,10.40869565217391,9.460869565217392,26.29022276785717
32496,2024-11-05 23:00:00,Asia/Bangkok,92.43750619469026,14.28448275862069,13.08620689655172,26.23484796460173
32497,2024-11-06 00:00:00,Asia/Bangkok,93.29366151785719,13.73275862068965,12.61206896551724,25.99865592920354
32498,2024-11-06 01:00:00,Asia/Bangkok,93.61855823008845,8.043103448275861,7.258620689655173,26.11893633928572
32499,2024-11-06 02:00:00,Asia/Bangkok,93.68180663793102,6.810344827586207,6.198275862068965,26.07181318965516
32500,2024-11-06 03:00:00,Asia/Bangkok,93.38838721739135,10.97391304347826,10.2,25.9511491304348
32501,2024-11-06 04:00:00,Asia/Bangkok,93.78500194690261,11.42241379310345,10.53448275862069,25.75430026315793
32502,2024-11-06 05:00:00,Asia/Bangkok,94.38441321739128,12.54310344827586,11.45689655172414,25.5816661403509
32503,2024-11-06 06:00:00,Asia/Bangkok,94.1071628695652,7.086206896551724,6.637931034482759,25.27091060869568
32504,2024-11-06 07:00:00,Asia/Bangkok,94.2684400884956,4.376068376068377,3.94017094017094,25.09131017699114
32505,2024-11-06 08:00:00,Asia/Bangkok,94.80356637931037,7.525862068965517,6.741379310344827,25.64051137931035
32506,2024-11-06 09:00:00,Asia/Bangkok,92.08523964912284,1.879310344827586,1.543103448275862,27.33979026086954
32507,2024-11-06 10:00:00,Asia/Bangkok,83.6747197368421,0.896551724137931,0.6120689655172413,30.08203796460178
32508,2024-11-06 11:00:00,Asia/Bangkok,80.31303530434776,0.7758620689655172,0.5948275862068966,30.84439704347827
32509,2024-11-06 12:00:00,Asia/Bangkok,77.53966827586204,0.3675213675213675,0.2222222222222222,31.59214370689654
32510,2024-11-06 13:00:00,Asia/Bangkok,83.51450407079643,0.9565217391304348,0.7652173913043478,29.68645238938052
32511,2024-11-06 14:00:00,Asia/Bangkok,89.79309845360825,4.227722772277228,3.752475247524752,28.19968783505156
32512,2024-11-06 15:00:00,Asia/Bangkok,93.32899716535435,2.572519083969466,2.259541984732825,27.39332546875
32513,2024-11-06 16:00:00,Asia/Bangkok,92.47936818965516,0.8290598290598291,0.5470085470085471,26.85890219298247
32514,2024-11-06 17:00:00,Asia/Bangkok,93.54275379310347,1.315789473684211,0.8620689655172413,26.37167517241379
32515,2024-11-06 18:00:00,Asia/Bangkok,92.6879648235294,1.063583815028902,0.8439306358381503,26.42686741176472
32516,2024-11-06 19:00:00,Asia/Bangkok,91.93827803571432,1.28448275862069,0.9655172413793104,26.19182285714285
32517,2024-11-06 20:00:00,Asia/Bangkok,91.9552654054054,1.736842105263158,1.491228070175439,25.96261666666669
32518,2024-11-06 21:00:00,Asia/Bangkok,92.06447824561401,3.344827586206896,2.922413793103448,25.93728552631579
32519,2024-11-06 22:00:00,Asia/Bangkok,92.80336848214287,4.767241379310345,4.232758620689655,25.67809991071429
32520,2024-11-06 23:00:00,Asia/Bangkok,92.95797654867262,8.256637168141593,7.407079646017699,25.23125557522125
32521,2024-11-07 00:00:00,Asia/Bangkok,93.89069972972975,6.097345132743363,5.539823008849558,24.82408982142857
32522,2024-11-07 01:00:00,Asia/Bangkok,94.29941954954953,8.444444444444445,7.786324786324786,24.73466390909091
32523,2024-11-07 02:00:00,Asia/Bangkok,94.98806526785714,8.678260869565218,7.930434782608696,24.65595410714284
32524,2024-11-07 03:00:00,Asia/Bangkok,95.34692553571429,6.663793103448276,6.258620689655173,24.64086107142859
32525,2024-11-07 04:00:00,Asia/Bangkok,95.1043446491228,7.735042735042735,7.111111111111111,24.60087701754388
32526,2024-11-07 05:00:00,Asia/Bangkok,95.12140360360362,9.429824561403509,8.570175438596491,24.48388117117117
32527,2024-11-07 06:00:00,Asia/Bangkok,95.09455383928564,5.775862068965517,5.28448275862069,24.39400285714287
32528,2024-11-07 07:00:00,Asia/Bangkok,96.1594599074074,7.044642857142857,6.330357142857143,24.24998453703703
32529,2024-11-07 08:00:00,Asia/Bangkok,96.88369739130432,9.982300884955752,9.238938053097344,25.0183432173913
32530,2024-11-07 09:00:00,Asia/Bangkok,96.73256704347826,7.094827586206897,6.439655172413793,26.31157504347826
32531,2024-11-07 10:00:00,Asia/Bangkok,90.5473245945946,4.008620689655173,3.577586206896552,28.77266490909091
32532,2024-11-07 11:00:00,Asia/Bangkok,85.9105157894737,2.752136752136752,2.341880341880342,29.7707302631579
32533,2024-11-07 12:00:00,Asia/Bangkok,83.25096131578944,1.525862068965517,1.318965517241379,30.27750675438597
32534,2024-11-07 13:00:00,Asia/Bangkok,87.84551222222223,2.666666666666667,2.333333333333333,29.43393333333333
32535,2024-11-07 15:00:00,Asia/Bangkok,86.00440172839505,4.843373493975903,4.295180722891566,29.77287475308641
32536,2024-11-07 16:00:00,Asia/Bangkok,89.13082318584073,3.179487179487179,2.683760683760684,27.65568026548674
32537,2024-11-07 17:00:00,Asia/Bangkok,89.97877513043483,2.724137931034483,2.370689655172414,27.30089582608694
32538,2024-11-07 18:00:00,Asia/Bangkok,90.20785221238935,6.991379310344827,6.310344827586207,27.30106601769914
32539,2024-11-07 19:00:00,Asia/Bangkok,90.79184642857142,4.491228070175438,4.052173913043478,26.75991383928571
32540,2024-11-07 20:00:00,Asia/Bangkok,93.20590221238933,5.551724137931035,5.03448275862069,25.97824598214287
32541,2024-11-07 21:00:00,Asia/Bangkok,94.13994973214287,4.410256410256411,4.0,25.88035169642855
32542,2024-11-07 22:00:00,Asia/Bangkok,94.43510187499996,4.344827586206897,3.862068965517242,25.89718321428571
32543,2024-11-07 23:00:00,Asia/Bangkok,94.70244227272731,4.121739130434783,3.739130434782609,25.53343681818182
32544,2024-11-08 00:00:00,Asia/Bangkok,95.02868000000004,4.128205128205129,3.632478632478632,25.27265946428574
32545,2024-11-08 01:00:00,Asia/Bangkok,95.37549652173908,5.376068376068377,4.931623931623932,25.19356243478261
32546,2024-11-08 02:00:00,Asia/Bangkok,96.1769255652174,5.517241379310345,5.172413793103448,24.94169173913044
32547,2024-11-08 03:00:00,Asia/Bangkok,95.8799812389381,4.112068965517241,3.663793103448276,25.17156053097345
32548,2024-11-08 04:00:00,Asia/Bangkok,96.23558521739129,1.043103448275862,0.8706896551724138,24.90769756521737
32549,2024-11-08 05:00:00,Asia/Bangkok,96.59960070796458,0.08620689655172414,0.01724137931034483,24.63366681415933
32550,2024-11-08 06:00:00,Asia/Bangkok,96.36278464912276,0.1623931623931624,0.008547008547008548,24.66348859649121
32551,2024-11-08 07:00:00,Asia/Bangkok,96.10022070175434,0.1982758620689655,0.05172413793103448,24.68567105263157
32552,2024-11-08 08:00:00,Asia/Bangkok,96.1120802654867,0.2758620689655172,0.146551724137931,24.55826088495576
32553,2024-11-08 09:00:00,Asia/Bangkok,96.09499146551721,1.205128205128205,0.9914529914529915,24.64539586206898
32554,2024-11-08 10:00:00,Asia/Bangkok,96.3934474107143,1.387931034482759,1.25,24.82842848214286
32555,2024-11-08 11:00:00,Asia/Bangkok,95.96899153153153,0.7241379310344828,0.5948275862068966,25.38171315315316
32556,2024-11-08 12:00:00,Asia/Bangkok,95.03592035087719,2.299145299145299,2.076923076923077,25.57932324561405
32557,2024-11-08 13:00:00,Asia/Bangkok,94.74552153153151,1.96551724137931,1.724137931034483,25.70742687499999
32558,2024-11-08 14:00:00,Asia/Bangkok,95.82420948275862,1.683760683760684,1.358974358974359,25.79616345132744
32559,2024-11-08 15:00:00,Asia/Bangkok,95.49628651785716,1.415929203539823,1.166666666666667,26.13031071428572
32560,2024-11-08 16:00:00,Asia/Bangkok,94.21481157894738,0.9137931034482759,0.6379310344827587,26.22962800000001
32561,2024-11-08 17:00:00,Asia/Bangkok,93.5984441739131,1.139130434782609,0.8173913043478261,26.44015087719299
32562,2024-11-08 18:00:00,Asia/Bangkok,93.41241359649123,1.301724137931034,1.043103448275862,26.44443763157895
32563,2024-11-08 19:00:00,Asia/Bangkok,94.15809069565215,7.725663716814159,6.929203539823009,25.67271495652174
32564,2024-11-08 20:00:00,Asia/Bangkok,94.54793896551722,2.405172413793104,2.086206896551724,25.10274826086957
32565,2024-11-08 21:00:00,Asia/Bangkok,94.28509982758618,0.4273504273504273,0.2905982905982906,25.00554732758624
32566,2024-11-08 22:00:00,Asia/Bangkok,94.48975008849558,1.568965517241379,1.301724137931034,24.91693389380534
32567,2024-11-08 23:00:00,Asia/Bangkok,95.2990478761062,1.765217391304348,1.365217391304348,24.90076580357144
32568,2024-11-09 00:00:00,Asia/Bangkok,95.65481974137927,0.4741379310344828,0.2844827586206897,24.99910146551723
32569,2024-11-09 01:00:00,Asia/Bangkok,95.84373725663717,0.6086956521739131,0.4521739130434783,24.89351592920353
32570,2024-11-09 02:00:00,Asia/Bangkok,96.31273534482763,3.572649572649573,3.213675213675214,24.95420843478262
32571,2024-11-09 03:00:00,Asia/Bangkok,96.2928407964602,1.189655172413793,0.8879310344827587,24.99898451327433
32572,2024-11-09 04:00:00,Asia/Bangkok,96.43738936936936,0.9224137931034483,0.6379310344827587,25.01561207207207
32573,2024-11-09 05:00:00,Asia/Bangkok,96.56021782608696,1.120689655172414,0.7931034482758621,24.96498330434781
32574,2024-11-09 06:00:00,Asia/Bangkok,96.3183691304347,2.008620689655173,1.663793103448276,24.79791000000002
32575,2024-11-09 07:00:00,Asia/Bangkok,96.38568675438594,5.70940170940171,5.387931034482759,24.65957771929823
32576,2024-11-09 08:00:00,Asia/Bangkok,97.50258857142852,3.283185840707965,2.93859649122807,24.82225017857145
32577,2024-11-09 09:00:00,Asia/Bangkok,98.19781437500005,3.63265306122449,3.346938775510204,24.95543802083332
32578,2024-11-09 10:00:00,Asia/Bangkok,98.01364565217393,0.7433628318584071,0.6460176991150443,25.10655438596492
32579,2024-11-09 11:00:00,Asia/Bangkok,97.22297964601769,0.6460176991150443,0.4867256637168141,25.64797115044249
32580,2024-11-09 12:00:00,Asia/Bangkok,96.36871333333328,1.102564102564103,0.8376068376068376,25.75741719298243
32581,2024-11-09 13:00:00,Asia/Bangkok,96.37906088495572,3.391304347826087,2.947826086956522,25.49618778761061
32582,2024-11-09 14:00:00,Asia/Bangkok,96.90867043478265,1.586206896551724,1.336206896551724,25.29336669565216
32583,2024-11-09 15:00:00,Asia/Bangkok,96.60808300884955,1.299145299145299,1.068376068376068,25.52104672566377
32584,2024-11-09 16:00:00,Asia/Bangkok,96.24203893805308,2.870689655172414,2.646551724137931,25.47269539823009
32585,2024-11-09 17:00:00,Asia/Bangkok,96.38804106194694,3.08695652173913,2.782608695652174,25.3088299107143
32586,2024-11-09 18:00:00,Asia/Bangkok,96.29502859649124,5.586206896551724,5.198275862068965,25.20899901785716
32587,2024-11-09 19:00:00,Asia/Bangkok,96.29021339130436,6.275862068965517,5.775862068965517,25.11022400000003
32588,2024-11-09 20:00:00,Asia/Bangkok,96.36936707964605,8.456896551724139,7.931034482758621,25.04903424778762
32589,2024-11-09 21:00:00,Asia/Bangkok,97.02315037037036,8.922413793103448,8.28448275862069,24.88952370370373
32590,2024-11-09 22:00:00,Asia/Bangkok,97.09430099099103,8.487179487179487,7.880341880341881,25.04964290909094
32591,2024-11-09 23:00:00,Asia/Bangkok,96.7176482882882,6.530973451327434,6.080357142857143,25.03459423423421
32592,2024-11-10 00:00:00,Asia/Bangkok,96.52756833333336,5.672413793103448,5.232758620689655,24.9850088596491
32593,2024-11-10 01:00:00,Asia/Bangkok,96.45765306306299,8.163793103448276,7.456896551724138,24.98402702702703
32594,2024-11-10 02:00:00,Asia/Bangkok,97.24260278260867,6.775862068965517,6.181034482758621,24.68124596491229
32595,2024-11-10 03:00:00,Asia/Bangkok,97.87758964912284,3.228070175438596,2.947368421052631,24.55842557522125
32596,2024-11-10 04:00:00,Asia/Bangkok,97.42029215517236,1.724137931034483,1.456896551724138,24.42627155172416
32597,2024-11-10 05:00:00,Asia/Bangkok,97.31816801801799,0.591304347826087,0.4608695652173913,24.18677783783784
32598,2024-11-10 06:00:00,Asia/Bangkok,97.2471133035714,0.5431034482758621,0.3793103448275862,24.03095598214284
32599,2024-11-10 07:00:00,Asia/Bangkok,97.3246685046729,0.8333333333333334,0.6521739130434783,24.15320514018693
32600,2024-11-10 08:00:00,Asia/Bangkok,97.37031339285714,1.206896551724138,1.077586206896552,24.44361830357145
32601,2024-11-10 09:00:00,Asia/Bangkok,97.44522238938055,1.629310344827586,1.405172413793103,25.0530271681416
32602,2024-11-10 10:00:00,Asia/Bangkok,97.45524267241379,2.846153846153846,2.603448275862069,25.91046767241379
32603,2024-11-10 11:00:00,Asia/Bangkok,96.6058640869565,4.814159292035399,4.429824561403509,26.88697078260867
32604,2024-11-10 12:00:00,Asia/Bangkok,92.2671121621622,3.120689655172414,2.810344827586207,27.9925490990991
32605,2024-11-10 13:00:00,Asia/Bangkok,86.13158473684213,2.293103448275862,1.982758620689655,29.25102254385966
32606,2024-11-10 14:00:00,Asia/Bangkok,82.42505626086955,2.017094017094017,1.829059829059829,30.08295869565218
32607,2024-11-10 15:00:00,Asia/Bangkok,84.60529280701755,4.939655172413793,4.448275862068965,29.85276105263159
32608,2024-11-10 16:00:00,Asia/Bangkok,85.47388442477879,11.76724137931035,11.03448275862069,29.06735920353983
32609,2024-11-10 17:00:00,Asia/Bangkok,86.72531486956518,8.241379310344827,7.741379310344827,28.72014260869566
32610,2024-11-10 18:00:00,Asia/Bangkok,88.2467600917431,2.793103448275862,2.396551724137931,28.58958449541285
32611,2024-11-10 19:00:00,Asia/Bangkok,89.88027008849564,7.393162393162394,6.735042735042735,27.99944070796461
32612,2024-11-10 20:00:00,Asia/Bangkok,91.73454330357143,4.129310344827586,3.646551724137931,27.10073162162163
32613,2024-11-10 21:00:00,Asia/Bangkok,92.79840415929203,9.448275862068966,8.586206896551724,26.58227814159292
32614,2024-11-10 22:00:00,Asia/Bangkok,93.44796743362836,21.79310344827586,19.75862068965517,26.29010035398229
32615,2024-11-10 23:00:00,Asia/Bangkok,93.9757942857143,23.03448275862069,21.18965517241379,26.0992675892857
32616,2024-11-11 00:00:00,Asia/Bangkok,94.58650824074076,14.48717948717949,13.34188034188034,26.00164518518518
32617,2024-11-11 01:00:00,Asia/Bangkok,94.70910543103446,11.3448275862069,10.43965517241379,25.80453878260871
32618,2024-11-11 02:00:00,Asia/Bangkok,94.6063930973451,7.577586206896552,6.836206896551724,25.73472247787608
32619,2024-11-11 03:00:00,Asia/Bangkok,94.53221008771928,4.301724137931035,3.724137931034483,25.66397929824561
32620,2024-11-11 04:00:00,Asia/Bangkok,94.44477495652175,3.801724137931035,3.232758620689655,25.52726121739133
32621,2024-11-11 05:00:00,Asia/Bangkok,94.56534513043478,3.717948717948718,3.282051282051282,25.38671173913039
32622,2024-11-11 06:00:00,Asia/Bangkok,94.76436245614035,4.025862068965517,3.525862068965517,25.31800526315792
32623,2024-11-11 07:00:00,Asia/Bangkok,95.08578522123896,3.196581196581197,2.752136752136752,25.2625707964602
32624,2024-11-11 08:00:00,Asia/Bangkok,95.4509218584071,4.247787610619469,3.805309734513274,25.44311044247791
32625,2024-11-11 09:00:00,Asia/Bangkok,95.9194592727273,5.405172413793103,4.905172413793103,25.78241027272728
32626,2024-11-11 10:00:00,Asia/Bangkok,96.86046530434783,6.689655172413793,6.224137931034483,25.83439843478262
32627,2024-11-11 11:00:00,Asia/Bangkok,96.32729947826088,3.241379310344827,2.913793103448276,27.5908235652174
32628,2024-11-11 12:00:00,Asia/Bangkok,88.54782289473683,2.895652173913044,2.695652173913043,29.21303008771929
32629,2024-11-11 13:00:00,Asia/Bangkok,85.04879517543863,2.448275862068965,2.198275862068965,29.66635263157897
32630,2024-11-11 14:00:00,Asia/Bangkok,86.32950973913046,1.843478260869565,1.504347826086956,29.15143304347826
32631,2024-11-11 15:00:00,Asia/Bangkok,90.48673684210527,1.413793103448276,1.043103448275862,27.57202008771931
32632,2024-11-11 16:00:00,Asia/Bangkok,93.78122173913047,1.732758620689655,1.439655172413793,26.8557856140351
32633,2024-11-11 17:00:00,Asia/Bangkok,93.80165473684205,3.68695652173913,3.139130434782609,27.03113596491227
32634,2024-11-11 18:00:00,Asia/Bangkok,93.70077245614037,3.025862068965517,2.663793103448276,26.92057649122807
32635,2024-11-11 19:00:00,Asia/Bangkok,94.21894689655173,6.752136752136752,6.085470085470085,26.57713025862068
32636,2024-11-11 20:00:00,Asia/Bangkok,94.8752314285714,12.68965517241379,11.70689655172414,26.47314053571428
32637,2024-11-11 21:00:00,Asia/Bangkok,95.01069930434777,15.14655172413793,14.04310344827586,26.363146
32638,2024-11-11 22:00:00,Asia/Bangkok,95.23958903508775,30.27586206896552,27.70689655172414,26.32200385964916
32639,2024-11-11 23:00:00,Asia/Bangkok,95.33406196078427,25.63551401869159,23.75471698113208,26.14920087378642
32640,2024-11-12 00:00:00,Asia/Bangkok,95.4674509375,23.03030303030303,21.3030303030303,25.98785562500001
32641,2024-11-12 09:00:00,Asia/Bangkok,95.74645888888888,18.44444444444444,17.22222222222222,25.66678700000001
32642,2024-11-12 14:00:00,Asia/Bangkok,69.98101647058823,1.882352941176471,1.705882352941176,32.81087058823529
32643,2024-11-12 15:00:00,Asia/Bangkok,70.67399117647058,0.2840909090909091,0.1931818181818182,32.78577767441861
32644,2024-11-12 16:00:00,Asia/Bangkok,72.01647888888887,0.0,0.0,32.04446789473684
32645,2024-11-12 17:00:00,Asia/Bangkok,72.77690551724136,0.6129032258064516,0.5208333333333334,31.74493883333335
32646,2024-11-12 18:00:00,Asia/Bangkok,79.0631930909091,4.924528301886792,4.608247422680412,31.36199587155964
32647,2024-11-12 19:00:00,Asia/Bangkok,84.13864350000001,11.53211009174312,10.4811320754717,30.11665010204083
32648,2024-11-12 20:00:00,Asia/Bangkok,86.48709515151513,35.53846153846154,36.13636363636363,29.01648838235294
32649,2024-11-12 21:00:00,Asia/Bangkok,87.84382238805972,24.39130434782609,22.10294117647059,28.56382114285715
32650,2024-11-12 22:00:00,Asia/Bangkok,89.1459889215686,17.72477064220184,16.21818181818182,28.24104038095236
32651,2024-11-12 23:00:00,Asia/Bangkok,89.96985650943395,14.05825242718447,13.0,27.65583845454545
32652,2024-11-13 00:00:00,Asia/Bangkok,90.59007603773581,15.86666666666667,14.67256637168142,26.95890962962962
32653,2024-11-13 01:00:00,Asia/Bangkok,91.4937670175439,27.76146788990826,25.52252252252252,26.59644909909911
32654,2024-11-13 02:00:00,Asia/Bangkok,92.02270028846152,28.31531531531532,26.09174311926606,26.456042
32655,2024-11-13 03:00:00,Asia/Bangkok,92.23878691588783,18.7027027027027,17.375,26.28875444444445
32656,2024-11-13 04:00:00,Asia/Bangkok,92.39466971428573,13.83177570093458,12.65765765765766,26.05687873786408
32657,2024-11-13 05:00:00,Asia/Bangkok,92.25483343137255,14.19047619047619,13.04761904761905,25.69500095238097
32658,2024-11-13 06:00:00,Asia/Bangkok,92.7971918918919,12.34545454545455,11.35087719298246,25.51946685714288
32659,2024-11-13 07:00:00,Asia/Bangkok,92.84705451923081,17.25233644859813,15.81188118811881,25.38901273584905
32660,2024-11-13 08:00:00,Asia/Bangkok,94.42389794392521,14.28828828828829,13.4018691588785,25.92360754716982
32661,2024-11-13 09:00:00,Asia/Bangkok,89.23782700934582,11.5045045045045,10.57547169811321,28.01924457943926
32662,2024-11-13 10:00:00,Asia/Bangkok,73.49273388888888,11.83177570093458,11.15596330275229,31.74969999999999
32663,2024-11-13 11:00:00,Asia/Bangkok,70.69889198113206,11.88888888888889,11.10377358490566,32.36531990566037
32664,2024-11-13 12:00:00,Asia/Bangkok,64.93564972477063,11.36697247706422,10.50909090909091,33.44602757009346
32665,2024-11-13 13:00:00,Asia/Bangkok,63.61367047619045,10.47321428571429,9.783018867924529,34.58294583333335
32666,2024-11-13 14:00:00,Asia/Bangkok,63.29965710280373,12.34545454545455,11.59821428571429,34.53870963302752
32667,2024-11-13 15:00:00,Asia/Bangkok,62.33701563106795,11.37614678899082,10.68181818181818,34.83182999999998
32668,2024-11-13 16:00:00,Asia/Bangkok,67.47077636363642,11.92523364485981,11.26851851851852,33.4119249090909
32669,2024-11-13 17:00:00,Asia/Bangkok,70.9290062962963,25.40740740740741,22.06796116504854,32.42484814814815
32670,2024-11-13 18:00:00,Asia/Bangkok,74.61174528846155,30.65714285714286,26.7378640776699,31.23843682242991
32671,2024-11-13 19:00:00,Asia/Bangkok,78.24469826923078,37.29906542056074,34.04166666666666,30.51453361904764
32672,2024-11-13 20:00:00,Asia/Bangkok,82.59569534653465,55.48039215686274,46.88421052631579,29.55004546391751
32673,2024-11-13 21:00:00,Asia/Bangkok,85.11497780000003,73.76415094339623,64.03738317757009,29.06327425925926
32674,2024-11-13 22:00:00,Asia/Bangkok,86.33607224299064,44.26363636363637,37.02777777777778,28.82109157407409
32675,2024-11-13 23:00:00,Asia/Bangkok,87.39497029411767,47.91,39.35514018691589,28.1968759223301
32676,2024-11-14 00:00:00,Asia/Bangkok,88.08344415841586,47.32380952380952,38.95918367346939,27.9067449514563
32677,2024-11-14 01:00:00,Asia/Bangkok,88.45860652631576,53.19626168224299,43.23300970873787,27.59676903846153
32678,2024-11-14 02:00:00,Asia/Bangkok,89.38103401869158,46.92156862745098,38.72815533980582,27.21840060000001
32679,2024-11-14 03:00:00,Asia/Bangkok,90.0570898095238,38.60185185185185,33.28703703703704,26.81113282828281
32680,2024-11-14 04:00:00,Asia/Bangkok,90.82950979999994,36.55882352941177,32.17525773195877,26.39827266055046
32681,2024-11-14 05:00:00,Asia/Bangkok,91.34242475247521,40.67924528301887,34.58823529411764,26.1113993877551
32682,2024-11-14 06:00:00,Asia/Bangkok,91.67557254716984,38.26470588235294,33.43809523809524,25.90687456310679
32683,2024-11-14 07:00:00,Asia/Bangkok,91.93747144230768,48.87735849056604,43.56481481481482,25.73960952830188
32684,2024-11-14 08:00:00,Asia/Bangkok,93.40550415841585,33.26605504587156,30.25531914893617,26.25243938775511
32685,2024-11-14 09:00:00,Asia/Bangkok,88.21080792452832,25.00900900900901,23.58333333333333,28.70767461538463
32686,2024-11-14 10:00:00,Asia/Bangkok,77.75224518867925,22.32380952380952,20.33333333333333,30.98633259259257
32687,2024-11-14 11:00:00,Asia/Bangkok,70.9546179090909,15.43809523809524,14.61764705882353,32.45576317307692
32688,2024-11-14 12:00:00,Asia/Bangkok,66.52501720000001,13.56880733944954,12.96190476190476,33.47715933962266
32689,2024-11-14 13:00:00,Asia/Bangkok,63.61161018691591,13.66981132075472,12.95327102803738,34.55526158878504
32690,2024-11-14 14:00:00,Asia/Bangkok,63.80991638095239,11.46788990825688,10.72321428571429,34.27527588785048
32691,2024-11-14 15:00:00,Asia/Bangkok,63.83690256880733,9.452830188679245,8.822429906542055,33.644036407767
32692,2024-11-14 16:00:00,Asia/Bangkok,63.36577742857143,8.81651376146789,8.123893805309734,33.4230582857143
32693,2024-11-14 17:00:00,Asia/Bangkok,66.59195533333332,9.790909090909091,9.181818181818182,33.07914533980581
32694,2024-11-14 18:00:00,Asia/Bangkok,72.69961077669902,62.48648648648648,50.53086419753087,32.00966190476189
32695,2024-11-14 19:00:00,Asia/Bangkok,78.6054500909091,23.49056603773585,21.72115384615385,30.7505393457944
32696,2024-11-14 20:00:00,Asia/Bangkok,83.39802038834952,37.52678571428572,32.43518518518518,29.69770719626166
32697,2024-11-14 21:00:00,Asia/Bangkok,85.19687096153842,45.69444444444444,37.8348623853211,29.31273199999998
32698,2024-11-14 22:00:00,Asia/Bangkok,86.63614666666668,40.2,34.2,28.927522
32699,2024-11-15 10:00:00,Asia/Bangkok,88.517282,44.2,36.0,28.060198
32700,2024-11-15 12:00:00,Asia/Bangkok,68.1264130841122,7.980392156862745,7.41,34.06347196261684
32701,2024-11-15 13:00:00,Asia/Bangkok,68.71820563106796,8.348214285714286,7.854545454545454,33.33004067307692
32702,2024-11-15 14:00:00,Asia/Bangkok,67.17525908163269,11.01980198019802,9.942857142857143,34.26180656565656
32703,2024-11-15 15:00:00,Asia/Bangkok,66.48637933962264,9.064220183486238,8.473214285714286,34.482744
32704,2024-11-15 16:00:00,Asia/Bangkok,69.81845543689322,33.22727272727273,28.61682242990654,33.15737479999999
32705,2024-11-15 17:00:00,Asia/Bangkok,73.54788980952381,30.21296296296296,26.09090909090909,32.15836257142856
32706,2024-11-15 18:00:00,Asia/Bangkok,76.19243289719627,27.00961538461538,22.13333333333333,31.06807611650484
32707,2024-11-15 19:00:00,Asia/Bangkok,79.47185727272728,66.16981132075472,54.52293577981651,30.69354433962262
32708,2024-11-15 20:00:00,Asia/Bangkok,82.73601373831768,70.5047619047619,62.89622641509434,30.13401766355143
32709,2024-11-15 21:00:00,Asia/Bangkok,84.32626087378642,75.17592592592592,62.60377358490566,29.68006028846155
32710,2024-11-15 22:00:00,Asia/Bangkok,85.59943355140184,45.71818181818182,37.19444444444444,29.21244144230769
32711,2024-11-15 23:00:00,Asia/Bangkok,86.8433218348624,85.15094339622641,65.30357142857143,28.54522271028035
32712,2024-11-16 00:00:00,Asia/Bangkok,88.37947901785712,45.03603603603604,37.24528301886792,28.05230880733945
32713,2024-11-16 01:00:00,Asia/Bangkok,89.52873168316827,45.78761061946903,37.79816513761468,27.72863039603961
32714,2024-11-16 02:00:00,Asia/Bangkok,89.57159790909095,38.54807692307692,33.25925925925926,27.60821898148147
32715,2024-11-16 03:00:00,Asia/Bangkok,89.30207786407766,28.86792452830189,27.31578947368421,27.49688950495051
32716,2024-11-16 04:00:00,Asia/Bangkok,89.55280252336448,22.05050505050505,20.6969696969697,27.20369533980582
32717,2024-11-16 05:00:00,Asia/Bangkok,90.54826727272729,21.96296296296296,20.66315789473684,26.95117565656563
32718,2024-11-16 06:00:00,Asia/Bangkok,91.21758462962961,24.83168316831683,23.35922330097087,26.69817008771928
32719,2024-11-16 07:00:00,Asia/Bangkok,92.08102699029124,29.53703703703704,27.38888888888889,26.70517129999999
32720,2024-11-16 08:00:00,Asia/Bangkok,92.84239656862742,25.81188118811881,23.8252427184466,26.94339267326732
32721,2024-11-16 09:00:00,Asia/Bangkok,86.19766247619046,17.83333333333333,16.63440860215054,29.37306752293579
32722,2024-11-16 10:00:00,Asia/Bangkok,78.42903165048541,11.54,10.82692307692308,31.36397960000001
32723,2024-11-16 11:00:00,Asia/Bangkok,73.09111448598127,8.339449541284404,7.981481481481482,32.55361140186914
32724,2024-11-16 12:00:00,Asia/Bangkok,67.64209623762378,6.3,5.875,33.59934862745097
32725,2024-11-16 13:00:00,Asia/Bangkok,64.09363925233647,4.145454545454546,3.825688073394495,34.46755094339624
32726,2024-11-16 14:00:00,Asia/Bangkok,70.68535130841119,4.047619047619047,3.752380952380952,33.06842538461537
32727,2024-11-16 15:00:00,Asia/Bangkok,67.22913826923079,2.176991150442478,2.0,33.72737102040817
32728,2024-11-16 16:00:00,Asia/Bangkok,67.3714344859813,2.07843137254902,1.80952380952381,33.09273844036698
32729,2024-11-16 17:00:00,Asia/Bangkok,70.08996862745101,2.242718446601942,1.99,32.26610606382979
32730,2024-11-16 18:00:00,Asia/Bangkok,75.23673979591835,10.61224489795918,10.31818181818182,31.3194501980198
32731,2024-11-16 19:00:00,Asia/Bangkok,78.81154971962619,33.66981132075472,27.64864864864865,30.89161813084114
32732,2024-11-16 20:00:00,Asia/Bangkok,82.4867928037383,34.44036697247707,30.82075471698113,30.11901990291261
32733,2024-11-16 21:00:00,Asia/Bangkok,86.73642314285712,55.70093457943926,45.34653465346535,29.26773940594057
32734,2024-11-16 22:00:00,Asia/Bangkok,86.4611342857143,31.64220183486238,27.75728155339806,29.47688326923075
32735,2024-11-16 23:00:00,Asia/Bangkok,86.8788995098039,27.56190476190476,25.5462962962963,28.87589087378643
32736,2024-11-17 00:00:00,Asia/Bangkok,88.32181730769227,30.35714285714286,27.73584905660377,28.1995013084112
32737,2024-11-17 01:00:00,Asia/Bangkok,88.45000673076925,28.99065420560748,26.74311926605505,27.88838981132077
32738,2024-11-17 02:00:00,Asia/Bangkok,89.41157690721647,27.10679611650485,25.05769230769231,27.41772878787877
32739,2024-11-17 03:00:00,Asia/Bangkok,89.74010153846153,30.83962264150943,28.07766990291262,27.29584055555554
32740,2024-11-17 04:00:00,Asia/Bangkok,90.0309416666667,25.82857142857143,24.02222222222222,27.10707386138612
32741,2024-11-17 05:00:00,Asia/Bangkok,89.91814567307694,22.52293577981651,21.10810810810811,27.14533872727272
32742,2024-11-17 06:00:00,Asia/Bangkok,90.4176170093458,25.11428571428571,23.4811320754717,26.93910435185187
32743,2024-11-17 07:00:00,Asia/Bangkok,91.00881124999995,36.3177570093458,31.87128712871287,26.76815058252425
32744,2024-11-17 08:00:00,Asia/Bangkok,92.14938897196258,42.50980392156863,34.84821428571428,27.19630878504672
32745,2024-11-17 09:00:00,Asia/Bangkok,85.22532828571434,13.55660377358491,11.61467889908257,29.81541619047619
32746,2024-11-17 10:00:00,Asia/Bangkok,77.28412599999997,4.295238095238095,3.893203883495146,31.88566233009709
32747,2024-11-17 11:00:00,Asia/Bangkok,72.67257326732674,5.423076923076923,5.036363636363636,32.84524207920794
32748,2024-11-17 12:00:00,Asia/Bangkok,69.35862803921567,7.385321100917431,7.116071428571429,33.09439377551021
32749,2024-11-17 13:00:00,Asia/Bangkok,65.29676933333333,6.732673267326732,6.324074074074074,34.22800156862744
32750,2024-11-17 14:00:00,Asia/Bangkok,64.71017179245281,7.557692307692307,7.12037037037037,33.97911274509804
32751,2024-11-17 15:00:00,Asia/Bangkok,65.73095256880734,9.315315315315315,8.669642857142858,33.66037111111113
32752,2024-11-17 16:00:00,Asia/Bangkok,66.20875261682241,7.280373831775701,6.868421052631579,33.43498466666667
32753,2024-11-17 17:00:00,Asia/Bangkok,69.5512767857143,8.407407407407407,7.953271028037383,32.70839879629629
32754,2024-11-17 18:00:00,Asia/Bangkok,73.58988914285716,17.76576576576577,16.47169811320755,31.61702268518518
32755,2024-11-17 19:00:00,Asia/Bangkok,77.75795523809526,36.94495412844037,32.01834862385321,30.92386037383178
32756,2024-11-17 20:00:00,Asia/Bangkok,81.9683852830189,76.63636363636364,64.82352941176471,30.17316648148148
32757,2024-11-17 21:00:00,Asia/Bangkok,83.72411362745098,66.31132075471699,54.96261682242991,29.93029215686277
32758,2024-11-17 22:00:00,Asia/Bangkok,85.98214495145626,58.62264150943396,47.89320388349515,29.04923019417476
32759,2024-11-17 23:00:00,Asia/Bangkok,87.02794319587626,51.09615384615385,41.09090909090909,28.54999074766356
32760,2024-11-18 00:00:00,Asia/Bangkok,87.01611237623761,43.31132075471698,36.16504854368932,28.46446932692308
32761,2024-11-18 01:00:00,Asia/Bangkok,87.16170462264151,45.76635514018692,37.79545454545455,27.97263981651376
32762,2024-11-18 02:00:00,Asia/Bangkok,88.07782379999999,37.15533980582524,32.5,27.427541980198
32763,2024-11-18 03:00:00,Asia/Bangkok,88.8713620952381,30.89622641509434,28.31683168316832,27.02680656249995
32764,2024-11-18 04:00:00,Asia/Bangkok,88.82751894736836,23.51401869158878,21.70909090909091,26.94786300970871
32765,2024-11-18 05:00:00,Asia/Bangkok,89.30225144230766,21.93636363636364,20.25,26.80417637254901
32766,2024-11-18 06:00:00,Asia/Bangkok,89.60920190000003,15.5607476635514,14.55208333333333,26.45639436893205
32767,2024-11-18 07:00:00,Asia/Bangkok,90.64223271844659,14.52293577981651,13.40909090909091,26.24191156862746
32768,2024-11-18 08:00:00,Asia/Bangkok,92.79654981818182,18.32110091743119,16.68468468468468,26.33742971428572
32769,2024-11-18 09:00:00,Asia/Bangkok,92.78444837837836,9.616822429906541,8.798245614035087,27.6925345045045
32770,2024-11-18 10:00:00,Asia/Bangkok,80.7530257798165,8.254545454545454,7.583333333333333,30.84325522522522
32771,2024-11-18 11:00:00,Asia/Bangkok,80.45929598039213,8.08411214953271,7.495145631067961,31.0333297029703
32772,2024-11-18 12:00:00,Asia/Bangkok,88.89071961904754,8.373831775700934,7.727272727272728,28.64452316831683
32773,2024-11-18 13:00:00,Asia/Bangkok,87.33064803738316,8.577981651376147,7.909090909090909,29.30182336448597
32774,2024-11-18 14:00:00,Asia/Bangkok,73.35748657142858,5.149532710280374,4.592233009708738,31.58813191919191
32775,2024-11-18 15:00:00,Asia/Bangkok,71.12017616822428,5.405405405405405,4.864864864864865,31.98428495145628
32776,2024-11-18 16:00:00,Asia/Bangkok,72.36671047619046,6.067961165048544,5.504761904761905,31.27932774509804
32777,2024-11-18 17:00:00,Asia/Bangkok,75.21388466666667,21.05607476635514,18.4537037037037,30.91114249999998
32778,2024-11-18 18:00:00,Asia/Bangkok,79.47033723809528,20.88349514563107,19.12745098039216,30.2682101851852
32779,2024-11-18 19:00:00,Asia/Bangkok,82.93040944444445,38.59130434782609,33.11818181818182,29.71963056603774
32780,2024-11-18 20:00:00,Asia/Bangkok,85.9541278703704,49.77477477477478,40.62264150943396,29.07078261261263
32781,2024-11-18 21:00:00,Asia/Bangkok,88.11631813725491,43.32407407407408,36.23711340206186,28.513149009901
32782,2024-11-18 22:00:00,Asia/Bangkok,89.33903528846155,37.20183486238532,32.53211009174312,28.11629823529412
32783,2024-11-18 23:00:00,Asia/Bangkok,89.72726431192666,37.96296296296296,32.96969696969697,27.78853550458717
32784,2024-11-19 00:00:00,Asia/Bangkok,90.0447642307692,25.82692307692308,23.93333333333333,27.33640683168317
32785,2024-11-19 01:00:00,Asia/Bangkok,89.73208905660378,15.59433962264151,14.77777777777778,27.08526961538462
32786,2024-11-19 02:00:00,Asia/Bangkok,89.53394194174754,13.53571428571429,12.57798165137615,26.75985278846154
32787,2024-11-19 03:00:00,Asia/Bangkok,90.09866177570095,14.47663551401869,13.44554455445545,26.470031010101
32788,2024-11-19 04:00:00,Asia/Bangkok,90.68829314814815,15.33333333333333,14.28971962616822,26.15093676470589
32789,2024-11-19 05:00:00,Asia/Bangkok,91.42323799999993,15.81904761904762,14.78846153846154,25.87038009259259
32790,2024-11-19 06:00:00,Asia/Bangkok,92.26559438095238,16.41904761904762,15.49056603773585,25.60360019417478
32791,2024-11-19 07:00:00,Asia/Bangkok,93.36892192660555,19.57272727272727,18.44545454545455,25.58808090909091
32792,2024-11-19 08:00:00,Asia/Bangkok,94.62718352380958,16.69158878504673,15.80373831775701,25.62707480000001
32793,2024-11-19 09:00:00,Asia/Bangkok,94.50276302752293,13.95412844036697,13.0188679245283,27.02444019047618
32794,2024-11-19 10:00:00,Asia/Bangkok,86.07306085714285,12.10679611650485,11.33035714285714,29.61300676767678
32795,2024-11-19 11:00:00,Asia/Bangkok,78.81346494949491,11.39047619047619,10.66666666666667,31.18262020202019
32796,2024-11-19 12:00:00,Asia/Bangkok,71.67437584905659,8.4,7.730769230769231,31.80022259615383
32797,2024-11-19 13:00:00,Asia/Bangkok,68.51091787037039,6.820754716981132,6.280373831775701,32.21698266666668
32798,2024-11-19 14:00:00,Asia/Bangkok,67.99992038834955,5.909090909090909,5.407766990291262,32.59673484848485
32799,2024-11-19 15:00:00,Asia/Bangkok,69.31576027777774,4.443396226415095,3.955357142857143,32.31033201923076
32800,2024-11-19 16:00:00,Asia/Bangkok,71.17110123809526,5.872549019607843,5.385321100917431,31.91110707070705
32801,2024-11-19 17:00:00,Asia/Bangkok,73.2110171,7.663636363636364,7.018018018018018,31.23000295238095
32802,2024-11-19 18:00:00,Asia/Bangkok,77.03530228571428,21.34905660377358,18.21621621621622,30.26183321428571
32803,2024-11-19 19:00:00,Asia/Bangkok,80.63847796116502,18.03921568627451,15.71111111111111,29.61363416666668
32804,2024-11-19 20:00:00,Asia/Bangkok,81.84017876190471,27.88990825688073,24.75471698113208,29.27044685185183
32805,2024-11-19 21:00:00,Asia/Bangkok,82.8520430769231,15.25925925925926,14.08411214953271,28.8487176635514
32806,2024-11-19 22:00:00,Asia/Bangkok,84.90159104761906,20.32075471698113,18.55045871559633,28.21888316831683
32807,2024-11-19 23:00:00,Asia/Bangkok,86.5439828181818,18.72641509433962,17.31132075471698,27.65708489999999
32808,2024-11-20 00:00:00,Asia/Bangkok,87.40443931372549,16.66363636363636,15.39393939393939,27.53584191919189
32809,2024-11-20 01:00:00,Asia/Bangkok,88.28167205607477,23.85585585585586,21.90196078431373,27.3078384466019
32810,2024-11-20 02:00:00,Asia/Bangkok,88.58597773584901,17.47222222222222,16.16363636363636,27.09079130841117
32811,2024-11-20 03:00:00,Asia/Bangkok,89.42192401960787,15.72072072072072,14.71171171171171,26.90062088235296
32812,2024-11-20 04:00:00,Asia/Bangkok,90.12314518518517,19.27927927927928,18.00917431192661,26.70752480769228
32813,2024-11-20 05:00:00,Asia/Bangkok,90.54658605504586,16.05555555555556,14.81372549019608,26.68007387387387
32814,2024-11-20 06:00:00,Asia/Bangkok,90.64151177570092,14.92792792792793,14.19387755102041,26.56721642201834
32815,2024-11-20 07:00:00,Asia/Bangkok,93.4929911320755,8.355140186915888,7.468468468468468,25.45446380952382
32816,2024-11-20 08:00:00,Asia/Bangkok,93.40147594594599,7.354545454545454,6.580357142857143,26.30704009345796
32817,2024-11-20 09:00:00,Asia/Bangkok,91.14766157407409,8.5,7.834951456310679,27.84123142857144
32818,2024-11-20 10:00:00,Asia/Bangkok,84.33587314285712,8.61111111111111,7.770642201834862,30.40980628571429
32819,2024-11-20 11:00:00,Asia/Bangkok,86.767798,7.368932038834951,6.702970297029703,28.48283495145632
32820,2024-11-20 12:00:00,Asia/Bangkok,92.68095444444437,4.718181818181818,4.155963302752293,26.94110796296296
32821,2024-11-20 13:00:00,Asia/Bangkok,91.46493509090912,5.628318584070796,5.0,27.16935588785047
32822,2024-11-20 14:00:00,Asia/Bangkok,93.51454339622644,2.796296296296296,2.458715596330275,27.05935349056602
32823,2024-11-20 15:00:00,Asia/Bangkok,92.11726365384614,7.69090909090909,6.911764705882353,27.52975112149533
32824,2024-11-20 16:00:00,Asia/Bangkok,93.27926089108905,7.27027027027027,6.563636363636363,26.55837383177572
32825,2024-11-20 17:00:00,Asia/Bangkok,94.4278800917431,5.175925925925926,4.728971962616822,26.25531578431372
32826,2024-11-20 18:00:00,Asia/Bangkok,94.05432148148148,5.243243243243243,4.89908256880734,26.23379800000001
32827,2024-11-20 19:00:00,Asia/Bangkok,94.16093094339618,7.351351351351352,6.836363636363636,25.91565727272727
32828,2024-11-20 20:00:00,Asia/Bangkok,94.60910084112149,9.107142857142858,8.383928571428571,25.61092623762381
32829,2024-11-20 21:00:00,Asia/Bangkok,95.29786078431374,9.9,9.178217821782178,25.6112616666667
32830,2024-11-20 22:00:00,Asia/Bangkok,95.75528000000001,9.192660550458715,8.561904761904762,25.61276568627453
32831,2024-11-20 23:00:00,Asia/Bangkok,95.86665981132069,9.909090909090908,9.289719626168225,25.61061115384618
32832,2024-11-21 00:00:00,Asia/Bangkok,96.49497373831771,10.45283018867925,9.724489795918368,25.57526780952382
32833,2024-11-21 01:00:00,Asia/Bangkok,96.79278280373838,1.563636363636364,1.160377358490566,24.90942605504588
32834,2024-11-21 02:00:00,Asia/Bangkok,96.20197038095237,1.081818181818182,0.7685185185185185,25.18809336448596
32835,2024-11-21 03:00:00,Asia/Bangkok,95.2665065048544,2.268518518518519,1.862745098039216,25.12202385321104
32836,2024-11-21 04:00:00,Asia/Bangkok,95.13574283018865,3.405405405405405,3.0,24.93347950000002
32837,2024-11-21 05:00:00,Asia/Bangkok,95.69626355769228,4.971698113207547,4.615384615384615,24.81886620000001
32838,2024-11-21 06:00:00,Asia/Bangkok,96.17865596153844,7.462264150943396,6.964285714285714,24.74083919191917
32839,2024-11-21 07:00:00,Asia/Bangkok,97.0428727927928,4.763636363636364,4.339285714285714,24.88614381818183
32840,2024-11-21 08:00:00,Asia/Bangkok,97.19560061855668,2.2,1.858490566037736,25.10649330275229
32841,2024-11-21 09:00:00,Asia/Bangkok,97.02221798076926,4.537037037037037,4.182795698924731,25.54841490196079
32842,2024-11-21 10:00:00,Asia/Bangkok,96.51755495412841,6.036363636363636,5.560747663551401,26.14126283018869
32843,2024-11-21 11:00:00,Asia/Bangkok,95.88133650485439,7.554545454545455,6.900900900900901,26.25519191919192
32844,2024-11-21 12:00:00,Asia/Bangkok,95.93591281553398,6.29126213592233,5.747572815533981,25.55746348623852
32845,2024-11-21 13:00:00,Asia/Bangkok,95.94508059999998,5.245283018867925,4.813725490196078,25.89946586538461
32846,2024-11-21 14:00:00,Asia/Bangkok,96.21742563636364,4.916666666666667,4.485981308411215,25.87796972222224
32847,2024-11-21 15:00:00,Asia/Bangkok,96.4147198113208,2.560747663551402,2.256880733944954,25.05662523364487
32848,2024-11-21 16:00:00,Asia/Bangkok,96.35431801801803,2.776785714285714,2.416666666666667,25.34160715596329
32849,2024-11-21 17:00:00,Asia/Bangkok,96.44837504424783,2.371428571428571,2.192307692307693,25.15396342592594
32850,2024-11-21 18:00:00,Asia/Bangkok,96.47882301886794,3.663551401869159,3.123809523809524,24.98642037735849
32851,2024-11-21 19:00:00,Asia/Bangkok,96.96950481818182,4.509615384615385,4.057142857142857,24.85208318181821
32852,2024-11-21 20:00:00,Asia/Bangkok,96.99359890909088,4.336363636363636,3.938053097345133,24.92403149532711
32853,2024-11-21 21:00:00,Asia/Bangkok,97.17284095238098,4.26605504587156,3.925925925925926,24.90224889908257
32854,2024-11-21 22:00:00,Asia/Bangkok,97.1249816363636,4.330357142857143,3.953271028037383,24.9270945631068
32855,2024-11-21 23:00:00,Asia/Bangkok,97.48342533333337,2.588785046728972,2.247706422018349,24.74721747663553
32856,2024-11-22 00:00:00,Asia/Bangkok,97.92484413461533,0.1919191919191919,0.101010101010101,24.52484140000002
32857,2024-11-22 01:00:00,Asia/Bangkok,97.54861554455441,0.8,0.5925925925925926,24.53830962264153
32858,2024-11-22 02:00:00,Asia/Bangkok,97.9735591588785,0.4864864864864865,0.219047619047619,24.49546182692308
32859,2024-11-22 03:00:00,Asia/Bangkok,97.83180481481484,0.9230769230769231,0.6607142857142857,24.37234538461541
32860,2024-11-22 04:00:00,Asia/Bangkok,97.36882276190477,0.07407407407407407,0.0,24.47983055555556
32861,2024-11-22 05:00:00,Asia/Bangkok,97.12530786407763,0.7818181818181819,0.5871559633027523,24.47100084112152
32862,2024-11-22 06:00:00,Asia/Bangkok,97.52446314814817,0.8727272727272727,0.7037037037037037,24.51546103773582
32863,2024-11-22 07:00:00,Asia/Bangkok,97.52669601851855,2.726415094339623,2.428571428571428,24.63304689320385
32864,2024-11-22 08:00:00,Asia/Bangkok,97.4609446534653,3.523364485981308,3.333333333333333,24.9246775257732
32865,2024-11-22 09:00:00,Asia/Bangkok,97.29541092592599,7.892857142857143,7.261261261261262,25.37839759259258
32866,2024-11-22 10:00:00,Asia/Bangkok,97.07887145454542,7.80909090909091,7.054545454545455,25.33838457943925
32867,2024-11-22 11:00:00,Asia/Bangkok,97.1317347663552,7.696428571428571,7.108108108108108,25.59486063063062
32868,2024-11-22 12:00:00,Asia/Bangkok,97.41758443396223,3.898148148148148,3.647058823529412,25.40919704761905
32869,2024-11-22 13:00:00,Asia/Bangkok,97.6143169523809,2.144144144144144,1.942307692307692,25.04296217821782
32870,2024-11-22 14:00:00,Asia/Bangkok,97.9488432432432,3.107142857142857,2.718181818181818,24.91639163636362
32871,2024-11-22 15:00:00,Asia/Bangkok,98.17087126213593,1.908256880733945,1.701923076923077,25.03932019607842
32872,2024-11-22 16:00:00,Asia/Bangkok,97.58719117117116,5.163636363636364,4.26530612244898,25.02804990990992
32873,2024-11-22 17:00:00,Asia/Bangkok,96.82751942857143,6.398230088495575,5.770642201834862,25.21473544554456
32874,2024-11-22 18:00:00,Asia/Bangkok,96.24291990384619,3.205607476635514,2.798165137614679,25.36500010101009
32875,2024-11-22 19:00:00,Asia/Bangkok,95.92721865384615,7.383928571428571,6.733333333333333,25.29935518867926
32876,2024-11-22 20:00:00,Asia/Bangkok,96.21139584158416,10.82692307692308,10.08411214953271,25.04008097087377
32877,2024-11-22 21:00:00,Asia/Bangkok,96.41744788990822,10.29090909090909,9.559633027522937,25.06391453703705
32878,2024-11-22 22:00:00,Asia/Bangkok,96.49137203703702,10.81188118811881,9.934579439252337,25.23168971698113
32879,2024-11-22 23:00:00,Asia/Bangkok,96.47250704761903,9.718181818181819,8.96039603960396,25.24728788990827
32880,2024-11-23 00:00:00,Asia/Bangkok,96.4888847115385,9.885714285714286,9.1,25.09965650485436
32881,2024-11-23 01:00:00,Asia/Bangkok,96.46064925233641,10.98198198198198,10.10280373831776,24.9894445283019
32882,2024-11-23 02:00:00,Asia/Bangkok,96.50279617647061,11.14018691588785,10.22857142857143,24.91538000000002
32883,2024-11-23 03:00:00,Asia/Bangkok,97.00114349056601,9.925925925925926,9.186915887850468,24.73791220183484
32884,2024-11-23 04:00:00,Asia/Bangkok,97.11043872549024,8.106796116504855,7.323529411764706,24.80100149999999
32885,2024-11-23 05:00:00,Asia/Bangkok,97.0233044444445,7.923809523809524,7.25,24.61248050000004
32886,2024-11-23 06:00:00,Asia/Bangkok,97.31974037735851,7.745454545454545,7.137614678899083,24.51956895238097
32887,2024-11-23 07:00:00,Asia/Bangkok,97.58453666666666,4.141509433962264,3.792792792792793,24.33259045454546
32888,2024-11-23 08:00:00,Asia/Bangkok,97.53505115384615,5.317307692307693,4.81,24.91518971153847
32889,2024-11-23 09:00:00,Asia/Bangkok,96.97025906542054,5.420560747663552,4.990909090909091,25.68973098039216
32890,2024-11-23 10:00:00,Asia/Bangkok,95.6140728037383,8.5,7.865384615384615,26.86124592233009
32891,2024-11-23 11:00:00,Asia/Bangkok,92.73754691588779,6.142857142857143,5.775700934579439,26.92984981308411
32892,2024-11-23 12:00:00,Asia/Bangkok,95.41532991071426,13.01818181818182,12.5,27.12039367924526
32893,2024-11-23 13:00:00,Asia/Bangkok,93.04663247706421,6.111111111111111,5.74074074074074,28.47123776785714
32894,2024-11-23 14:00:00,Asia/Bangkok,85.73918446601945,4.69090909090909,4.37962962962963,29.5711217
32895,2024-11-23 15:00:00,Asia/Bangkok,92.4049016190476,8.152380952380952,7.486238532110092,27.85949910891089
32896,2024-11-23 16:00:00,Asia/Bangkok,91.01374566037744,7.027777777777778,6.403846153846154,28.47393739999997
32897,2024-11-23 17:00:00,Asia/Bangkok,90.93552188118814,6.288461538461538,5.689320388349515,28.19876362745097
32898,2024-11-23 18:00:00,Asia/Bangkok,92.7303704716981,10.125,9.394495412844037,27.65048822429905
32899,2024-11-23 19:00:00,Asia/Bangkok,93.17494283018873,12.75,11.67543859649123,26.94343515151515
32900,2024-11-23 20:00:00,Asia/Bangkok,93.25604099999997,20.79047619047619,19.38532110091743,26.54604695238095
32901,2024-11-23 21:00:00,Asia/Bangkok,94.5785138461538,24.86238532110092,22.63888888888889,26.17782435643566
32902,2024-11-23 22:00:00,Asia/Bangkok,95.36284495145635,16.25688073394495,15.36893203883495,26.16575928571429
32903,2024-11-23 23:00:00,Asia/Bangkok,95.38455265306123,15.41904761904762,14.43396226415094,26.01113646464643
32904,2024-11-24 00:00:00,Asia/Bangkok,95.4683933944954,13.83962264150943,13.08108108108108,25.95183706422019
32905,2024-11-24 01:00:00,Asia/Bangkok,95.43145009803925,13.60185185185185,12.75892857142857,25.89309673076923
32906,2024-11-24 02:00:00,Asia/Bangkok,96.17135571428572,11.68867924528302,10.69791666666667,25.60265872549021
32907,2024-11-24 03:00:00,Asia/Bangkok,97.04263234693882,7.305555555555555,6.666666666666667,25.45765861386142
32908,2024-11-24 04:00:00,Asia/Bangkok,97.25651788461538,6.048543689320389,5.224489795918367,25.19851259999999
32909,2024-11-24 05:00:00,Asia/Bangkok,97.55246712871295,4.037037037037037,3.514563106796117,25.02520247619048
32910,2024-11-24 06:00:00,Asia/Bangkok,97.62346194444446,3.12962962962963,2.551401869158878,25.26225939393939
32911,2024-11-24 07:00:00,Asia/Bangkok,97.14090490384609,2.854368932038835,2.476635514018692,25.46879575471698
32912,2024-11-24 08:00:00,Asia/Bangkok,97.79140637254902,2.155339805825243,1.772727272727273,25.26179715686274
32913,2024-11-24 09:00:00,Asia/Bangkok,98.03323779816508,4.90990990990991,4.20754716981132,25.31563853211011
32914,2024-11-24 10:00:00,Asia/Bangkok,97.87851962264158,6.327102803738318,5.711538461538462,25.95562897196263
32915,2024-11-24 11:00:00,Asia/Bangkok,97.6036331775701,5.353982300884955,4.650943396226415,26.22847990291263
32916,2024-11-24 12:00:00,Asia/Bangkok,97.13297045454541,11.83018867924528,10.6,26.57682981481482
32917,2024-11-24 13:00:00,Asia/Bangkok,96.87535446601942,13.53921568627451,12.59259259259259,26.90788847619047
32918,2024-11-24 14:00:00,Asia/Bangkok,95.47097771428568,13.96261682242991,12.32727272727273,27.38326915094339
32919,2024-11-24 15:00:00,Asia/Bangkok,93.81432779999997,9.813084112149532,8.74757281553398,28.15144240000001
32920,2024-11-24 16:00:00,Asia/Bangkok,94.02117638888888,6.623853211009174,5.963636363636364,27.05814027522937
32921,2024-11-24 17:00:00,Asia/Bangkok,95.24862203883497,6.037037037037037,5.653846153846154,26.54391873786408
32922,2024-11-24 18:00:00,Asia/Bangkok,95.91530747572817,10.15454545454545,9.637254901960784,26.55324295238096
32923,2024-11-24 19:00:00,Asia/Bangkok,96.06601711538461,21.64423076923077,19.89108910891089,26.47083185185184
32924,2024-11-24 20:00:00,Asia/Bangkok,95.94317657407403,14.56481481481481,13.57798165137615,26.339522815534
32925,2024-11-24 21:00:00,Asia/Bangkok,96.823858019802,11.11650485436893,10.38834951456311,26.06564262135921
32926,2024-11-24 22:00:00,Asia/Bangkok,97.09465623853208,7.117117117117117,6.644230769230769,26.00780809523807
32927,2024-11-24 23:00:00,Asia/Bangkok,97.08816107843136,8.67,7.897196261682243,25.98519441176471
32928,2024-11-25 00:00:00,Asia/Bangkok,97.57544808080807,7.715596330275229,6.990825688073395,25.98184238095236
32929,2024-11-25 01:00:00,Asia/Bangkok,97.25588782178218,6.617647058823529,5.788461538461538,26.0096158695652
32930,2024-11-25 02:00:00,Asia/Bangkok,97.42122663265307,4.08080808080808,3.648148148148148,25.87453333333334
32931,2024-11-25 03:00:00,Asia/Bangkok,97.31981480392153,1.27027027027027,0.9357798165137615,25.49558927272728
32932,2024-11-25 04:00:00,Asia/Bangkok,98.1300633333334,0.8613861386138614,0.5229357798165137,25.24504504672896
32933,2024-11-25 05:00:00,Asia/Bangkok,97.70330864077675,0.3644859813084112,0.1272727272727273,25.32693303921572
32934,2024-11-25 06:00:00,Asia/Bangkok,97.3843206862745,0.9090909090909091,0.5648148148148148,25.36546825688071
32935,2024-11-25 07:00:00,Asia/Bangkok,97.34719089999999,1.963302752293578,1.523364485981308,25.44671227722773
32936,2024-11-25 08:00:00,Asia/Bangkok,97.94463632075471,3.743362831858407,3.225225225225225,25.49673181818183
32937,2024-11-25 09:00:00,Asia/Bangkok,97.94627559633028,5.703703703703703,5.114035087719298,25.40324441441442
32938,2024-11-25 10:00:00,Asia/Bangkok,98.03172916666666,3.981308411214953,3.472222222222222,25.63750235294119
32939,2024-11-25 11:00:00,Asia/Bangkok,98.52451190476185,3.057142857142857,2.70873786407767,26.12992420560747
32940,2024-11-25 12:00:00,Asia/Bangkok,95.21950063063068,4.093457943925234,3.467289719626168,28.22989211538462
32941,2024-11-25 13:00:00,Asia/Bangkok,89.34380433962262,6.427272727272728,5.651785714285714,28.65028915887851
32942,2024-11-25 14:00:00,Asia/Bangkok,94.41279575471701,8.950980392156863,8.152380952380952,27.52161326923076
32943,2024-11-25 15:00:00,Asia/Bangkok,90.9692121153846,7.427272727272728,6.68,28.4319366972477
32944,2024-11-25 16:00:00,Asia/Bangkok,94.92583914285719,4.55,4.245098039215686,26.58523954954955
32945,2024-11-25 17:00:00,Asia/Bangkok,95.08342876190477,4.514018691588785,4.252631578947368,26.95055683168316
32946,2024-11-25 18:00:00,Asia/Bangkok,95.32415015873013,10.04477611940299,9.430769230769231,26.50644343749999
32947,2024-11-25 19:00:00,Asia/Bangkok,95.90308028301887,14.03636363636364,12.94285714285714,26.35902476635514
32948,2024-11-25 20:00:00,Asia/Bangkok,95.97987896226418,14.49107142857143,13.78,26.29910300970874
32949,2024-11-25 21:00:00,Asia/Bangkok,96.91683533980586,3.02020202020202,2.721153846153846,25.65410707547171
32950,2024-11-25 22:00:00,Asia/Bangkok,96.55427577981649,4.651785714285714,4.20754716981132,25.96918477477477
32951,2024-11-25 23:00:00,Asia/Bangkok,96.49248446601939,6.36283185840708,5.783018867924528,26.06563971153845
32952,2024-11-26 00:00:00,Asia/Bangkok,96.54839367924527,5.45045045045045,4.91743119266055,26.0901161682243
32953,2024-11-26 01:00:00,Asia/Bangkok,96.67233579439248,5.741071428571429,5.152380952380953,25.8921819090909
32954,2024-11-26 02:00:00,Asia/Bangkok,97.94315969696976,3.177570093457944,2.844036697247706,25.30684346938776
32955,2024-11-26 03:00:00,Asia/Bangkok,98.22382057142859,2.212962962962963,1.942307692307692,25.26278676190479
32956,2024-11-26 04:00:00,Asia/Bangkok,97.61895140186911,5.403669724770642,4.679245283018868,24.61363311320757
32957,2024-11-26 05:00:00,Asia/Bangkok,96.99689676190476,5.981651376146789,5.509615384615385,24.86465961538461
32958,2024-11-26 06:00:00,Asia/Bangkok,96.76302242990647,5.522935779816514,5.061855670103093,25.01011212962963
32959,2024-11-26 07:00:00,Asia/Bangkok,97.22186972972976,12.98245614035088,11.38738738738739,24.89075972222221
32960,2024-11-26 08:00:00,Asia/Bangkok,97.55457654205611,10.54205607476636,9.63963963963964,25.29885150943395
32961,2024-11-26 09:00:00,Asia/Bangkok,97.68397472222223,9.669811320754716,8.938053097345133,25.88258465346535
32962,2024-11-26 10:00:00,Asia/Bangkok,97.57757314814818,9.415094339622641,8.628318584070797,26.96077911504424
32963,2024-11-26 11:00:00,Asia/Bangkok,93.78026266666664,9.700934579439252,8.864864864864865,28.20517944954129
32964,2024-11-26 12:00:00,Asia/Bangkok,88.79058303030304,8.236363636363636,7.452830188679245,29.62254288461539
32965,2024-11-26 13:00:00,Asia/Bangkok,84.91602805825244,8.385416666666666,7.362745098039215,30.53539168224302
32966,2024-11-26 14:00:00,Asia/Bangkok,81.77848776595742,7.7,6.75,30.6544478
32967,2024-11-26 15:00:00,Asia/Bangkok,78.39887233644859,9.54054054054054,8.49056603773585,31.01894514285715
32968,2024-11-26 16:00:00,Asia/Bangkok,85.09540537735847,9.656862745098039,8.830357142857142,28.40209925233646
32969,2024-11-26 17:00:00,Asia/Bangkok,91.65958221153846,11.42727272727273,10.67857142857143,26.68531114285715
32970,2024-11-26 18:00:00,Asia/Bangkok,92.62994825688075,12.67889908256881,11.81,26.71007699029123
32971,2024-11-26 19:00:00,Asia/Bangkok,92.8314223423423,6.163461538461538,5.794117647058823,26.22392722222223
32972,2024-11-26 20:00:00,Asia/Bangkok,93.99332575757576,6.839285714285714,6.24074074074074,25.80758561904764
32973,2024-11-26 21:00:00,Asia/Bangkok,94.91363104761902,11.26415094339623,10.42056074766355,25.63621679611651
32974,2024-11-26 22:00:00,Asia/Bangkok,95.21924145454545,11.96116504854369,11.60714285714286,25.76749858407082
32975,2024-11-26 23:00:00,Asia/Bangkok,95.11463642201842,10.37037037037037,9.87,25.84273159999998
32976,2024-11-27 00:00:00,Asia/Bangkok,95.25153290909091,12.74311926605505,12.22535211267606,25.84179284403669
32977,2024-11-27 01:00:00,Asia/Bangkok,96.54327311926608,10.55454545454545,9.847619047619048,25.34797072727274
32978,2024-11-27 02:00:00,Asia/Bangkok,97.57970619999998,4.88785046728972,4.320754716981132,24.91138836538462
32979,2024-11-27 03:00:00,Asia/Bangkok,97.67368394495412,3.666666666666667,3.336363636363636,24.8149801904762
32980,2024-11-27 04:00:00,Asia/Bangkok,97.38149675925926,1.899082568807339,1.833333333333333,24.7602963207547
32981,2024-11-27 05:00:00,Asia/Bangkok,97.67542824074073,1.678899082568807,1.527777777777778,24.56930596153847
32982,2024-11-27 06:00:00,Asia/Bangkok,97.71212869158876,1.982142857142857,1.706422018348624,24.5300725471698
32983,2024-11-27 07:00:00,Asia/Bangkok,97.71636190476184,2.314285714285715,2.026785714285714,24.53076379629631
32984,2024-11-27 08:00:00,Asia/Bangkok,98.00749971962615,4.764705882352941,4.478260869565218,24.56676365384614
32985,2024-11-27 09:00:00,Asia/Bangkok,97.92736699999999,6.898148148148148,6.275229357798165,24.82113576923078
32986,2024-11-27 10:00:00,Asia/Bangkok,97.537194,5.901785714285714,5.566371681415929,25.34429831775701
32987,2024-11-27 11:00:00,Asia/Bangkok,96.52552078431376,10.14018691588785,8.964285714285714,25.62363486238532
32988,2024-11-27 12:00:00,Asia/Bangkok,95.4472030555555,10.79816513761468,10.00943396226415,26.04808999999999
32989,2024-11-27 13:00:00,Asia/Bangkok,95.45988510416667,5.75925925925926,5.315315315315315,26.03807764150942
32990,2024-11-27 14:00:00,Asia/Bangkok,95.46969792452833,8.123809523809523,7.359223300970874,26.06847054545453
32991,2024-11-27 15:00:00,Asia/Bangkok,95.39709711711714,8.477064220183486,8.1651376146789,25.84166018867925
32992,2024-11-27 16:00:00,Asia/Bangkok,95.06396688679246,8.513761467889909,7.787037037037037,25.64506471698116
32993,2024-11-27 17:00:00,Asia/Bangkok,95.04431345794399,10.77777777777778,9.774774774774775,25.59736028846156
32994,2024-11-27 18:00:00,Asia/Bangkok,94.92873971153841,18.95535714285714,17.66981132075472,25.7255778301887
32995,2024-11-27 19:00:00,Asia/Bangkok,94.72769490196082,26.12037037037037,23.38317757009346,25.71375932038835
32996,2024-11-27 20:00:00,Asia/Bangkok,95.16242160000002,20.9,19.78494623655914,25.53719380952383
32997,2024-11-27 21:00:00,Asia/Bangkok,95.32901981651375,19.1,17.60185185185185,25.43557288461538
32998,2024-11-27 22:00:00,Asia/Bangkok,95.49157586538462,16.25225225225225,14.83783783783784,25.37973882352939
32999,2024-11-27 23:00:00,Asia/Bangkok,95.4528693457944,10.73873873873874,9.936936936936936,25.36969113207544
33000,2024-11-28 00:00:00,Asia/Bangkok,95.7021132352941,13.14545454545454,12.32323232323232,25.33869624999998
33001,2024-11-28 01:00:00,Asia/Bangkok,96.95772429906536,8.80373831775701,7.913978494623656,24.96087214285716
33002,2024-11-28 02:00:00,Asia/Bangkok,96.86435788990826,7.229357798165138,6.74074074074074,25.02738320754715
33003,2024-11-28 03:00:00,Asia/Bangkok,96.70970878787878,9.281818181818181,8.59433962264151,25.03963093457944
33004,2024-11-28 04:00:00,Asia/Bangkok,97.42189788990828,13.18691588785047,12.05769230769231,24.76245767857143
33005,2024-11-28 05:00:00,Asia/Bangkok,97.67334599999997,10.16666666666667,9.39795918367347,24.76131383177569
33006,2024-11-28 06:00:00,Asia/Bangkok,98.15352885714289,8.175925925925926,7.7,24.56817461538461
33007,2024-11-28 07:00:00,Asia/Bangkok,98.27401542857143,3.389380530973451,3.075471698113208,24.31108094339623
33008,2024-11-28 08:00:00,Asia/Bangkok,98.23372709090908,3.607142857142857,3.212962962962963,24.03370072072072
33009,2024-11-28 09:00:00,Asia/Bangkok,98.24636085714288,5.455445544554456,4.906542056074766,24.20290865384617
33010,2024-11-28 10:00:00,Asia/Bangkok,98.12495799999994,3.026548672566372,2.774774774774775,24.5172495283019
33011,2024-11-28 11:00:00,Asia/Bangkok,98.08816421568629,2.207207207207207,2.019417475728155,25.1547985
33012,2024-11-28 12:00:00,Asia/Bangkok,97.30305813725492,1.336448598130841,1.145454545454546,25.63745660377358
33013,2024-11-28 13:00:00,Asia/Bangkok,96.34402438095238,2.62962962962963,2.211538461538462,25.51426138613865
33014,2024-11-28 14:00:00,Asia/Bangkok,96.30744721153846,3.427272727272727,2.910891089108911,25.48938228571427
33015,2024-11-28 15:00:00,Asia/Bangkok,97.11035490384613,5.431192660550459,4.931372549019608,25.46875326530613
33016,2024-11-28 16:00:00,Asia/Bangkok,97.4211107619048,5.274336283185841,4.570093457943925,25.47427065420561
33017,2024-11-28 17:00:00,Asia/Bangkok,97.79928485714282,3.245098039215686,2.871287128712871,24.93077413461538
33018,2024-11-28 18:00:00,Asia/Bangkok,98.11301429906544,6.458715596330276,6.084905660377358,24.67753693693695
33019,2024-11-28 19:00:00,Asia/Bangkok,98.45312436363635,3.6,3.141592920353983,24.46580990654207
33020,2024-11-28 20:00:00,Asia/Bangkok,98.14030293577981,2.619469026548673,2.336538461538462,24.59384607142857
33021,2024-11-28 21:00:00,Asia/Bangkok,97.80954411214958,3.544554455445545,2.894736842105263,24.60969403846154
33022,2024-11-28 22:00:00,Asia/Bangkok,97.66626687500003,1.723214285714286,1.309090909090909,24.5859478301887
33023,2024-11-28 23:00:00,Asia/Bangkok,97.64984403846157,1.588785046728972,1.216981132075472,24.61945046296297
33024,2024-11-29 00:00:00,Asia/Bangkok,97.77090336538468,1.527272727272727,1.168316831683168,24.63695449541283
33025,2024-11-29 01:00:00,Asia/Bangkok,97.76460834951455,2.135135135135135,1.744897959183674,24.72529944444443
33026,2024-11-29 02:00:00,Asia/Bangkok,97.58449555555556,2.145454545454546,1.910714285714286,24.77155205882353
33027,2024-11-29 03:00:00,Asia/Bangkok,97.51665179245285,2.422018348623853,2.10377358490566,24.67666453703703
33028,2024-11-29 04:00:00,Asia/Bangkok,97.72320365384614,3.756756756756757,3.292452830188679,24.7183497272727
33029,2024-11-29 05:00:00,Asia/Bangkok,97.76412413461539,4.504587155963303,3.88785046728972,24.79119222222224
33030,2024-11-29 06:00:00,Asia/Bangkok,97.71322436363639,3.981481481481481,3.580952380952381,24.91180242990654
33031,2024-11-29 07:00:00,Asia/Bangkok,97.84580336633663,5.173076923076923,4.383177570093458,24.9229441346154
33032,2024-11-29 08:00:00,Asia/Bangkok,98.2394771296296,4.704761904761905,4.174311926605505,25.37063798165138
33033,2024-11-29 09:00:00,Asia/Bangkok,98.46528774509802,6.577981651376147,5.879518072289157,26.01065303030302
33034,2024-11-29 10:00:00,Asia/Bangkok,97.75209923809525,7.376146788990826,6.666666666666667,27.00146826530612
33035,2024-11-29 11:00:00,Asia/Bangkok,92.84630895238092,7.842592592592593,6.953703703703703,28.33770576923077
33036,2024-11-29 12:00:00,Asia/Bangkok,83.40895018518516,8.26605504587156,7.019607843137255,29.80530536363638
33037,2024-11-29 13:00:00,Asia/Bangkok,83.89781090000002,9.533333333333333,8.145631067961165,28.93577970873787
33038,2024-11-29 14:00:00,Asia/Bangkok,85.15952303030305,8.423076923076923,7.314814814814815,28.59311819047619
33039,2024-11-29 15:00:00,Asia/Bangkok,81.43257336538464,7.867924528301887,6.768421052631579,28.7576558490566
33040,2024-11-29 16:00:00,Asia/Bangkok,83.88581084905661,7.235849056603773,6.238532110091743,28.3257307142857
33041,2024-11-29 17:00:00,Asia/Bangkok,84.4323653846154,9.735849056603774,8.462962962962964,27.97617152380953
33042,2024-11-29 18:00:00,Asia/Bangkok,87.48190990384613,27.99099099099099,23.21296296296296,27.58871611650487
33043,2024-11-29 19:00:00,Asia/Bangkok,89.52880420560747,13.14,11.67889908256881,27.09472811881188
33044,2024-11-29 20:00:00,Asia/Bangkok,90.73352214285714,11.94642857142857,10.69724770642202,26.91522921568629
33045,2024-11-29 21:00:00,Asia/Bangkok,91.78483923076922,14.66666666666667,13.40366972477064,26.8386898095238
33046,2024-11-29 22:00:00,Asia/Bangkok,92.60248080357144,15.1214953271028,13.91071428571429,26.51076955752212
33047,2024-11-29 23:00:00,Asia/Bangkok,93.30732336448597,12.06363636363636,11.15463917525773,26.02815113207549
33048,2024-11-30 00:00:00,Asia/Bangkok,94.11418721153846,11.20909090909091,10.1743119266055,25.76824231578948
33049,2024-11-30 01:00:00,Asia/Bangkok,96.0804937254902,7.388349514563107,6.607843137254902,24.93242892857142
33050,2024-11-30 02:00:00,Asia/Bangkok,95.58795889908257,5.761467889908257,5.185185185185185,24.99460879629628
33051,2024-11-30 03:00:00,Asia/Bangkok,95.36885971698113,5.424528301886792,5.009090909090909,24.96153169811319
33052,2024-11-30 04:00:00,Asia/Bangkok,95.72985733333338,6.296296296296297,5.828828828828829,24.8221245631068
33053,2024-11-30 05:00:00,Asia/Bangkok,95.64880943925233,5.962962962962963,5.408163265306122,24.51144041666667
33054,2024-11-30 06:00:00,Asia/Bangkok,96.02216057142859,6.12621359223301,5.404255319148936,24.41614875
33055,2024-11-30 07:00:00,Asia/Bangkok,95.80276817307693,5.185185185185185,4.657142857142857,24.5667190825688
33056,2024-11-30 08:00:00,Asia/Bangkok,95.9661766336634,21.80909090909091,19.84403669724771,24.97624788461538
33057,2024-11-30 09:00:00,Asia/Bangkok,96.31192326923079,6.990825688073395,6.339449541284404,25.55604284403669
33058,2024-11-30 10:00:00,Asia/Bangkok,95.57770333333335,10.78703703703704,9.90566037735849,26.7932775471698
33059,2024-11-30 11:00:00,Asia/Bangkok,92.43988114285713,12.66363636363636,11.82242990654206,27.80070768518519
33060,2024-11-30 12:00:00,Asia/Bangkok,88.08291027027026,11.07619047619048,10.01,29.15208672897196
33061,2024-11-30 13:00:00,Asia/Bangkok,91.23220952380949,10.47706422018349,9.79816513761468,28.45211814814814
33062,2024-11-30 14:00:00,Asia/Bangkok,80.49138324074077,10.33333333333333,9.533333333333333,29.76504470588236
33063,2024-11-30 15:00:00,Asia/Bangkok,78.14095666666665,9.63888888888889,8.77450980392157,29.53509125000001
33064,2024-11-30 16:00:00,Asia/Bangkok,86.44493175925929,13.62162162162162,12.62135922330097,28.23359574074073
33065,2024-11-30 17:00:00,Asia/Bangkok,87.66578476190475,13.30841121495327,12.08256880733945,28.26100663461534
33066,2024-11-30 18:00:00,Asia/Bangkok,87.58841490384613,11.82142857142857,10.84545454545455,28.23662217821782
33067,2024-11-30 19:00:00,Asia/Bangkok,88.74770101851854,14.69298245614035,13.56756756756757,27.90193844036695
33068,2024-11-30 20:00:00,Asia/Bangkok,90.03046120370372,19.30275229357798,18.25925925925926,27.52343845454546
33069,2024-11-30 21:00:00,Asia/Bangkok,89.74216694444446,14.74,13.79439252336449,27.20881792792792
33070,2024-11-30 22:00:00,Asia/Bangkok,90.22510990654204,18.06481481481481,17.04716981132075,26.99879083333331
33071,2024-11-30 23:00:00,Asia/Bangkok,90.26931935779821,23.5045871559633,21.88785046728972,26.93757754716984
33072,2024-12-01 00:00:00,Asia/Bangkok,90.21987254716979,16.73076923076923,15.41284403669725,26.58612621359223
33073,2024-12-01 01:00:00,Asia/Bangkok,90.74169009615389,16.08333333333333,15.16666666666667,26.43666266666668
33074,2024-12-01 02:00:00,Asia/Bangkok,91.60664266055043,16.31428571428571,15.05217391304348,26.286692
33075,2024-12-01 03:00:00,Asia/Bangkok,92.51291898148146,17.44642857142857,16.03571428571428,26.09094436893202
33076,2024-12-01 04:00:00,Asia/Bangkok,92.61279510204082,18.80733944954128,17.72115384615385,25.8842146153846
33077,2024-12-01 05:00:00,Asia/Bangkok,91.96507513761468,19.84684684684685,18.52380952380953,25.87804481481481
33078,2024-12-01 06:00:00,Asia/Bangkok,92.16453432692298,19.0,17.80373831775701,25.74411883495143
33079,2024-12-01 07:00:00,Asia/Bangkok,91.6177852380952,19.6,18.43137254901961,25.68320990654203
33080,2024-12-01 08:00:00,Asia/Bangkok,92.17188723809522,19.32142857142857,18.1743119266055,25.94486504761905
33081,2024-12-01 09:00:00,Asia/Bangkok,89.87670321100919,20.3716814159292,18.99074074074074,26.82137096153847
33082,2024-12-01 10:00:00,Asia/Bangkok,84.599665,20.0,18.67647058823529,28.37849574257426
33083,2024-12-01 11:00:00,Asia/Bangkok,82.53472814432989,20.85849056603774,19.74257425742574,29.34634257425742
33084,2024-12-01 12:00:00,Asia/Bangkok,79.82594514285712,21.47663551401869,20.15596330275229,30.41131598039217
33085,2024-12-01 13:00:00,Asia/Bangkok,78.64638581818183,20.46491228070175,19.14563106796117,30.57985221238938
33086,2024-12-01 14:00:00,Asia/Bangkok,77.83739186274511,20.5,19.12621359223301,31.07721490566037
33087,2024-12-01 15:00:00,Asia/Bangkok,76.09481644859817,20.10185185185185,18.71304347826087,31.52565431372547
33088,2024-12-01 16:00:00,Asia/Bangkok,78.007032020202,18.63809523809524,17.61467889908257,31.03499201923076
33089,2024-12-01 17:00:00,Asia/Bangkok,80.10756057692308,16.94545454545455,15.89189189189189,30.22138781818182
33090,2024-12-01 18:00:00,Asia/Bangkok,81.2187509708738,15.7196261682243,14.8348623853211,29.84308740740742
33091,2024-12-01 19:00:00,Asia/Bangkok,83.30891165048547,18.62727272727273,17.52380952380953,29.13865551020409
33092,2024-12-01 20:00:00,Asia/Bangkok,85.93292320754716,21.4368932038835,19.89090909090909,28.37498933333332
33093,2024-12-01 21:00:00,Asia/Bangkok,87.7152711009175,24.78378378378378,23.19266055045872,27.78380805309736
33094,2024-12-01 22:00:00,Asia/Bangkok,89.49966394495415,31.35238095238095,29.05714285714286,27.03076125000001
33095,2024-12-01 23:00:00,Asia/Bangkok,90.4887166981132,30.68807339449541,28.57009345794393,26.64504972222223
33096,2024-12-02 00:00:00,Asia/Bangkok,91.29585141509432,30.90825688073394,28.90178571428572,26.44157613207549
33097,2024-12-02 01:00:00,Asia/Bangkok,91.56710288461532,29.37037037037037,27.57281553398058,26.27891435185184
33098,2024-12-02 02:00:00,Asia/Bangkok,91.7456623636364,29.57017543859649,27.50925925925926,26.17272424528303
33099,2024-12-02 03:00:00,Asia/Bangkok,91.5137887850467,25.50892857142857,24.06666666666667,26.00504490384615
33100,2024-12-02 04:00:00,Asia/Bangkok,91.79357102803735,23.83636363636364,22.41509433962264,25.77896951923075
33101,2024-12-02 05:00:00,Asia/Bangkok,92.60287330275229,22.71028037383178,21.51327433628319,25.73534598214286
33102,2024-12-02 06:00:00,Asia/Bangkok,92.87915055555555,24.45045045045045,22.99065420560748,25.47242523364486
33103,2024-12-02 07:00:00,Asia/Bangkok,93.2876566972477,23.55882352941176,22.24509803921569,25.27439107843138
33104,2024-12-02 08:00:00,Asia/Bangkok,94.45088349056603,48.68867924528302,47.31132075471698,25.75149811320756
33105,2024-12-02 09:00:00,Asia/Bangkok,90.60844700000001,22.09174311926606,20.54954954954955,27.19586140186915
33106,2024-12-02 10:00:00,Asia/Bangkok,83.11604481818185,17.51960784313725,16.55855855855856,29.17966165048545
33107,2024-12-02 11:00:00,Asia/Bangkok,76.9422082857143,19.55963302752293,18.34862385321101,31.3934322222222
33108,2024-12-02 12:00:00,Asia/Bangkok,75.00507168316835,16.52293577981651,15.43564356435644,31.45264616161617
33109,2024-12-02 13:00:00,Asia/Bangkok,68.79642254901962,11.16363636363636,10.59633027522936,33.0615975471698
33110,2024-12-02 14:00:00,Asia/Bangkok,66.89405572815532,11.10091743119266,10.50980392156863,33.30360037383176
33111,2024-12-02 15:00:00,Asia/Bangkok,68.17775660377359,14.02884615384615,13.17647058823529,32.81999428571429
33112,2024-12-02 16:00:00,Asia/Bangkok,68.87808427184467,17.9,17.05607476635514,32.7793483962264
33113,2024-12-02 17:00:00,Asia/Bangkok,70.99637084905662,20.08256880733945,19.12844036697248,32.45526348623852
33114,2024-12-02 18:00:00,Asia/Bangkok,73.9519506542056,27.50961538461538,25.40384615384615,31.40821137254902
33115,2024-12-02 19:00:00,Asia/Bangkok,79.00884766355142,42.25233644859813,36.02803738317757,30.02099186915887
33116,2024-12-02 20:00:00,Asia/Bangkok,84.10102635514019,63.62385321100918,52.89285714285715,28.81552198113208
33117,2024-12-02 21:00:00,Asia/Bangkok,86.76212490196082,50.46788990825688,42.83908045977012,28.35298158415841
33118,2024-12-02 22:00:00,Asia/Bangkok,87.78763434343435,43.12389380530973,36.41071428571428,27.99618660194177
33119,2024-12-02 23:00:00,Asia/Bangkok,88.56721405940593,50.57142857142857,41.73267326732673,27.34328079207917
33120,2024-12-03 00:00:00,Asia/Bangkok,89.15480456310675,53.69158878504673,43.8495575221239,27.10284467289718
33121,2024-12-03 01:00:00,Asia/Bangkok,89.78544504587155,53.07142857142857,43.41284403669725,26.86221527272727
33122,2024-12-03 02:00:00,Asia/Bangkok,90.58092409523809,55.81651376146789,45.37254901960785,26.74543266666664
33123,2024-12-03 03:00:00,Asia/Bangkok,91.45617085714287,57.32407407407408,46.38181818181818,26.67425000000003
33124,2024-12-03 04:00:00,Asia/Bangkok,91.98490415841584,54.65454545454546,44.60185185185185,26.60824281553399
33125,2024-12-03 05:00:00,Asia/Bangkok,91.9107725714286,45.76415094339622,38.08256880733945,26.4832514563107
33126,2024-12-03 06:00:00,Asia/Bangkok,91.95704326923075,43.53703703703704,36.58653846153846,26.39050356435643
33127,2024-12-03 07:00:00,Asia/Bangkok,92.57122718181817,41.03960396039604,34.98058252427185,26.31113396226417
33128,2024-12-03 08:00:00,Asia/Bangkok,93.10575628571426,41.92792792792793,35.88073394495413,26.57414923809523
33129,2024-12-03 09:00:00,Asia/Bangkok,88.38096954954952,32.48672566371681,29.50877192982456,28.19671438095239
33130,2024-12-03 10:00:00,Asia/Bangkok,76.72316093457944,25.74311926605505,24.39090909090909,30.33669863636364
33131,2024-12-03 11:00:00,Asia/Bangkok,73.93191101851848,27.79090909090909,25.9,30.27108180180181
33132,2024-12-03 12:00:00,Asia/Bangkok,73.7091770909091,23.22429906542056,21.88785046728972,30.45588580357142
33133,2024-12-03 13:00:00,Asia/Bangkok,71.46084682692306,22.19130434782609,21.07758620689655,31.06282323529416
33134,2024-12-03 14:00:00,Asia/Bangkok,70.28286939393941,21.67567567567568,20.80909090909091,31.52331935779816
33135,2024-12-03 15:00:00,Asia/Bangkok,73.46709349056601,27.40384615384615,26.2621359223301,31.27322696078431
33136,2024-12-03 16:00:00,Asia/Bangkok,75.5991264150943,29.61904761904762,27.83018867924528,31.02505906542057
33137,2024-12-03 17:00:00,Asia/Bangkok,78.74696299065421,28.92592592592593,27.20720720720721,30.27463647619048
33138,2024-12-03 18:00:00,Asia/Bangkok,81.63114419047619,31.65384615384615,29.45454545454545,29.68824082568806
33139,2024-12-03 19:00:00,Asia/Bangkok,84.0563700877193,139.2803738317757,119.9239130434783,29.18578863636365
33140,2024-12-03 20:00:00,Asia/Bangkok,86.33738972727274,69.34821428571429,57.81553398058252,28.77439154545457
33141,2024-12-03 21:00:00,Asia/Bangkok,88.44024481481483,56.61261261261262,46.41509433962264,28.38433673267329
33142,2024-12-03 22:00:00,Asia/Bangkok,89.73485293577981,72.92792792792793,60.72072072072072,28.18446518867923
33143,2024-12-03 23:00:00,Asia/Bangkok,89.80218019047615,84.70476190476191,74.4622641509434,27.82621458715597
33144,2024-12-04 00:00:00,Asia/Bangkok,89.84701941747574,63.38679245283019,50.67961165048543,27.61516866666671
33145,2024-12-04 01:00:00,Asia/Bangkok,89.34036636363645,58.5925925925926,47.19444444444444,27.67174451923078
33146,2024-12-04 02:00:00,Asia/Bangkok,91.07957692307694,56.1764705882353,44.72222222222222,27.33721336448599
33147,2024-12-04 03:00:00,Asia/Bangkok,93.97245504761902,23.53153153153153,22.2803738317757,26.25767425925925
33148,2024-12-04 04:00:00,Asia/Bangkok,94.4443924489796,18.68686868686869,17.42718446601942,25.87156459183673
33149,2024-12-04 05:00:00,Asia/Bangkok,95.91517333333334,21.59803921568627,20.48039215686275,25.6343875
33150,2024-12-04 06:00:00,Asia/Bangkok,95.32421185185184,18.24545454545455,17.07692307692308,25.87501320388349
33151,2024-12-04 07:00:00,Asia/Bangkok,95.14458138888884,16.55963302752293,15.72897196261682,25.83352222222222
33152,2024-12-04 08:00:00,Asia/Bangkok,95.85296815533978,16.22429906542056,15.22935779816514,25.70414106796116
33153,2024-12-04 09:00:00,Asia/Bangkok,96.38484733333334,12.59259259259259,11.8018018018018,25.67713092592592
33154,2024-12-04 10:00:00,Asia/Bangkok,95.95808884615387,9.513761467889909,8.847619047619048,25.87713083333333
33155,2024-12-04 11:00:00,Asia/Bangkok,94.59818261261259,8.876190476190477,8.342592592592593,26.55230203703704
33156,2024-12-04 12:00:00,Asia/Bangkok,88.35078333333334,7.513761467889908,7.185185185185185,27.91634211009175
33157,2024-12-04 13:00:00,Asia/Bangkok,82.79641785714286,6.910891089108911,6.518518518518518,29.91711145631067
33158,2024-12-04 14:00:00,Asia/Bangkok,79.25795349999999,6.055045871559633,5.36986301369863,30.77801806122449
33159,2024-12-04 15:00:00,Asia/Bangkok,90.48517152380951,3.954128440366973,3.425531914893617,26.75055882352941
33160,2024-12-04 16:00:00,Asia/Bangkok,90.58873467289719,4.504587155963303,4.114583333333333,27.08408102803738
33161,2024-12-04 17:00:00,Asia/Bangkok,88.64529028037381,7.866666666666666,7.612244897959184,27.83070930693069
33162,2024-12-04 18:00:00,Asia/Bangkok,89.90749696969698,10.47169811320755,9.790909090909091,27.67135646464645
33163,2024-12-04 19:00:00,Asia/Bangkok,91.62344980582525,29.10091743119266,24.98148148148148,27.06700757009344
33164,2024-12-04 20:00:00,Asia/Bangkok,92.77305953703708,34.96363636363636,31.42201834862385,26.87056768518519
33165,2024-12-04 21:00:00,Asia/Bangkok,93.0635686666667,29.78504672897196,27.49056603773585,26.61550150943395
33166,2024-12-04 22:00:00,Asia/Bangkok,93.7590618918919,40.14150943396226,33.3,26.54884285714283
33167,2024-12-04 23:00:00,Asia/Bangkok,94.14337139999996,25.28155339805825,22.73737373737374,26.56203514851483
33168,2024-12-05 00:00:00,Asia/Bangkok,94.4412251923077,18.14285714285714,16.55813953488372,26.45645588235293
33169,2024-12-05 01:00:00,Asia/Bangkok,94.85374046296292,19.10619469026549,18.15178571428572,26.08853669811321
33170,2024-12-05 02:00:00,Asia/Bangkok,94.90966192660552,18.22222222222222,17.13,26.01128480769227
33171,2024-12-05 03:00:00,Asia/Bangkok,94.82320962962964,15.83783783783784,14.98095238095238,25.96054826923078
33172,2024-12-05 04:00:00,Asia/Bangkok,94.90378398058253,15.92307692307692,14.95145631067961,25.94867127272727
33173,2024-12-05 05:00:00,Asia/Bangkok,94.908051682243,17.33018867924528,16.20754716981132,26.0382148148148
33174,2024-12-05 06:00:00,Asia/Bangkok,95.43347790000001,15.40196078431373,14.61764705882353,25.84805242718448
33175,2024-12-05 07:00:00,Asia/Bangkok,95.72373357142855,14.61165048543689,13.67592592592593,25.81487882978722
33176,2024-12-05 08:00:00,Asia/Bangkok,96.24210509433958,9.559633027522937,8.64516129032258,25.58669669902914
33177,2024-12-05 09:00:00,Asia/Bangkok,97.43384943181819,1.238636363636364,1.146067415730337,25.36976609195402
33178,2024-12-05 10:00:00,Asia/Bangkok,97.40845449999999,2.115384615384615,1.858490566037736,26.26171796116505
33179,2024-12-05 11:00:00,Asia/Bangkok,95.34229703703706,3.080357142857143,2.741379310344827,27.01342826923078
33180,2024-12-05 12:00:00,Asia/Bangkok,88.33269554455447,4.798165137614679,4.580357142857143,27.76612039215685
33181,2024-12-05 13:00:00,Asia/Bangkok,85.3988774038462,2.990740740740741,2.72972972972973,28.56899361111111
33182,2024-12-05 14:00:00,Asia/Bangkok,85.06474074766352,3.991071428571428,3.648148148148148,28.68018766355139
33183,2024-12-05 15:00:00,Asia/Bangkok,89.14351209090907,5.315789473684211,5.063063063063063,28.15620792792792
33184,2024-12-05 16:00:00,Asia/Bangkok,87.0070318627451,5.853211009174312,5.480392156862745,28.62740862385319
33185,2024-12-05 17:00:00,Asia/Bangkok,85.56055409090905,5.745454545454545,5.327272727272727,29.30680999999998
33186,2024-12-05 18:00:00,Asia/Bangkok,88.87825104761902,9.036697247706423,8.231481481481481,28.64264421568628
33187,2024-12-05 19:00:00,Asia/Bangkok,91.04627462962965,19.27522935779816,17.99099099099099,28.10329277777779
33188,2024-12-05 20:00:00,Asia/Bangkok,92.04797114285714,29.52678571428572,26.70754716981132,27.5960032110092
33189,2024-12-05 21:00:00,Asia/Bangkok,92.79932412844038,23.85321100917431,22.46078431372549,27.22987074074075
33190,2024-12-05 22:00:00,Asia/Bangkok,93.43686585858588,34.17924528301887,31.05405405405405,27.01922980769228
33191,2024-12-05 23:00:00,Asia/Bangkok,93.86799320388347,33.10185185185185,30.33333333333333,26.9415608653846
33192,2024-12-06 00:00:00,Asia/Bangkok,94.06960933962266,31.72641509433962,29.37037037037037,26.84927944444444
33193,2024-12-06 01:00:00,Asia/Bangkok,94.39412390476195,35.65094339622642,31.70476190476191,26.74569311320753
33194,2024-12-06 02:00:00,Asia/Bangkok,94.40006509259263,35.99065420560748,31.95327102803738,26.61221324074074
33195,2024-12-06 03:00:00,Asia/Bangkok,94.65136038461546,30.36036036036036,28.20353982300885,26.5025594949495
33196,2024-12-06 04:00:00,Asia/Bangkok,95.29093888888889,23.77227722772277,22.17241379310345,26.41764047619048
33197,2024-12-06 05:00:00,Asia/Bangkok,95.95306696078427,17.76851851851852,16.73863636363636,26.38760447619046
33198,2024-12-06 06:00:00,Asia/Bangkok,95.8743672115385,17.47619047619047,16.34653465346535,26.39461196261682
33199,2024-12-06 07:00:00,Asia/Bangkok,96.63034399999997,10.36274509803922,9.695238095238095,25.869542
33200,2024-12-06 08:00:00,Asia/Bangkok,96.68747355769233,6.45945945945946,5.88785046728972,25.96629284313725
33201,2024-12-06 09:00:00,Asia/Bangkok,96.29348770833336,4.558823529411764,4.211009174311926,26.47023551020408
33202,2024-12-06 10:00:00,Asia/Bangkok,92.4718712745098,8.281553398058252,7.642857142857143,27.68246828282828
33203,2024-12-06 11:00:00,Asia/Bangkok,84.74717156862742,6.357142857142857,5.765765765765765,29.61638761904764
33204,2024-12-06 12:00:00,Asia/Bangkok,79.6534733653846,7.054545454545455,6.567307692307693,30.75576264705883
33205,2024-12-06 13:00:00,Asia/Bangkok,76.91599666666664,5.901960784313726,5.48,31.60222733944954
33206,2024-12-06 14:00:00,Asia/Bangkok,75.64918214953272,3.962264150943396,3.678899082568807,31.18786425742576
33207,2024-12-06 15:00:00,Asia/Bangkok,71.24483358490568,4.119266055045872,3.773584905660377,31.608345
33208,2024-12-06 16:00:00,Asia/Bangkok,71.38896000000001,4.980392156862745,4.609523809523809,31.58770052083331
33209,2024-12-06 17:00:00,Asia/Bangkok,74.35230585585586,5.769230769230769,5.3125,30.64277897196263
33210,2024-12-06 18:00:00,Asia/Bangkok,78.74544238532107,6.24074074074074,5.776785714285714,30.11038572815533
33211,2024-12-06 19:00:00,Asia/Bangkok,81.11962635514017,24.7962962962963,22.74311926605505,29.90711
33212,2024-12-06 20:00:00,Asia/Bangkok,84.49662884615387,50.51401869158879,41.59,29.03817980769233
33213,2024-12-06 21:00:00,Asia/Bangkok,87.1203065137615,42.33018867924528,35.90909090909091,28.35652833333331
33214,2024-12-06 22:00:00,Asia/Bangkok,89.64814247524751,25.73831775700934,22.77477477477477,28.03344019607844
33215,2024-12-06 23:00:00,Asia/Bangkok,90.0084198076923,24.6605504587156,23.12612612612613,27.81731794642856
33216,2024-12-07 00:00:00,Asia/Bangkok,89.28420782178218,5.217821782178218,4.817204301075269,26.93738710280374
33217,2024-12-07 01:00:00,Asia/Bangkok,90.70885323809523,6.221153846153846,5.827956989247312,27.12326874999997
33218,2024-12-07 02:00:00,Asia/Bangkok,91.14691688679243,9.916666666666666,9.304761904761905,27.03819188679245
33219,2024-12-07 03:00:00,Asia/Bangkok,92.2549558415842,8.637254901960784,7.824074074074074,26.51064009900989
33220,2024-12-07 04:00:00,Asia/Bangkok,92.45342480392158,7.846153846153846,7.353535353535354,26.31755115384616
33221,2024-12-07 05:00:00,Asia/Bangkok,92.6594011650485,7.4,6.735632183908046,26.17287930693069
33222,2024-12-07 06:00:00,Asia/Bangkok,93.03671266666669,8.081818181818182,7.576923076923077,25.94587945454546
33223,2024-12-07 07:00:00,Asia/Bangkok,93.70133952380952,8.425742574257425,7.89622641509434,25.82281299065421
33224,2024-12-07 08:00:00,Asia/Bangkok,94.45639628571432,23.77570093457944,21.27777777777778,26.17907391752577
33225,2024-12-07 09:00:00,Asia/Bangkok,92.11037333333337,10.74766355140187,10.19266055045872,27.10452999999999
33226,2024-12-07 10:00:00,Asia/Bangkok,84.36998825688072,5.710526315789473,5.308411214953271,29.25855989999999
33227,2024-12-07 11:00:00,Asia/Bangkok,86.38794079207919,6.127272727272727,5.727272727272728,29.22551792792793
33228,2024-12-07 12:00:00,Asia/Bangkok,84.41415296296297,4.697247706422019,4.337078651685394,29.73120682692308
33229,2024-12-07 13:00:00,Asia/Bangkok,80.14011894230768,9.184466019417476,8.768518518518519,30.50756533333333
33230,2024-12-07 14:00:00,Asia/Bangkok,77.85779621359227,8.027777777777779,7.346153846153846,31.01139903846153
33231,2024-12-07 15:00:00,Asia/Bangkok,73.46285568627451,6.12962962962963,5.870967741935484,32.05391922330096
33232,2024-12-07 16:00:00,Asia/Bangkok,74.91340580357145,14.04587155963303,12.7156862745098,31.24495999999999
33233,2024-12-07 17:00:00,Asia/Bangkok,79.19813796296296,30.8785046728972,26.28703703703704,30.19237801886793
33234,2024-12-07 18:00:00,Asia/Bangkok,81.13739962264155,11.06666666666667,10.3421052631579,30.07365080808083
33235,2024-12-07 19:00:00,Asia/Bangkok,83.1806194285714,37.18691588785047,31.8952380952381,29.96826787878786
33236,2024-12-07 20:00:00,Asia/Bangkok,86.70474317757008,48.09090909090909,40.13392857142857,29.09990327102805
33237,2024-12-07 21:00:00,Asia/Bangkok,89.00422813725491,32.51818181818182,29.65420560747664,28.72880154639176
33238,2024-12-07 22:00:00,Asia/Bangkok,89.47755160377355,26.60909090909091,25.0,28.21225420560748
33239,2024-12-07 23:00:00,Asia/Bangkok,90.85423404040407,32.99082568807339,30.15384615384615,27.76667297029704
33240,2024-12-08 00:00:00,Asia/Bangkok,91.55173126213593,27.06422018348624,25.10377358490566,27.44297471698112
33241,2024-12-08 01:00:00,Asia/Bangkok,91.17806380952382,21.76146788990826,20.70408163265306,27.28936370370369
33242,2024-12-08 02:00:00,Asia/Bangkok,91.22352935779814,17.08411214953271,16.21621621621622,27.00985795918369
33243,2024-12-08 03:00:00,Asia/Bangkok,91.67505706422017,23.35849056603774,21.37078651685393,26.65708028571425
33244,2024-12-08 04:00:00,Asia/Bangkok,92.28903601941748,27.57547169811321,25.88679245283019,26.34843999999998
33245,2024-12-08 05:00:00,Asia/Bangkok,92.47045708737869,25.39090909090909,23.74311926605505,26.16742537037039
33246,2024-12-08 06:00:00,Asia/Bangkok,92.99953168224299,24.63551401869159,23.0,26.04830222222219
33247,2024-12-08 07:00:00,Asia/Bangkok,93.93518093457946,18.11009174311927,17.14851485148515,26.10391672897196
33248,2024-12-08 08:00:00,Asia/Bangkok,95.46722066037735,9.330188679245284,8.883495145631068,26.10194514018692
33249,2024-12-08 09:00:00,Asia/Bangkok,90.9185778431373,3.198019801980198,3.053763440860215,27.31219694736841
33250,2024-12-08 10:00:00,Asia/Bangkok,85.22485514851483,4.017857142857143,3.657407407407407,29.00153807692307
33251,2024-12-08 11:00:00,Asia/Bangkok,83.72071245283021,4.423423423423423,3.824074074074074,29.74135166666667
33252,2024-12-08 12:00:00,Asia/Bangkok,78.16689895833329,3.257142857142857,2.907407407407407,30.7928336458333
33253,2024-12-08 13:00:00,Asia/Bangkok,77.08429471153845,6.361111111111111,5.511627906976744,31.36805888888889
33254,2024-12-08 14:00:00,Asia/Bangkok,73.48228359649123,8.632075471698114,7.761904761904762,31.76893401869159
33255,2024-12-08 15:00:00,Asia/Bangkok,76.33729182692309,5.858407079646017,5.026785714285714,31.00677109999999
33256,2024-12-08 16:00:00,Asia/Bangkok,75.80347541284404,5.787037037037037,4.866071428571429,31.11626314814814
33257,2024-12-08 17:00:00,Asia/Bangkok,76.40929676470589,4.320754716981132,3.342342342342342,30.79275647058825
33258,2024-12-08 18:00:00,Asia/Bangkok,79.55151224299067,21.27884615384615,18.14414414414414,30.14043314285714
33259,2024-12-08 19:00:00,Asia/Bangkok,82.87822603773584,43.89719626168224,37.0462962962963,29.63491262135924
33260,2024-12-08 20:00:00,Asia/Bangkok,85.51646890909089,33.79824561403509,29.07826086956522,29.29223736363637
33261,2024-12-08 21:00:00,Asia/Bangkok,87.86041048543689,14.94642857142857,13.19090909090909,28.76396961904762
33262,2024-12-08 22:00:00,Asia/Bangkok,89.35370420000001,18.52427184466019,16.77884615384615,28.43711942857142
33263,2024-12-08 23:00:00,Asia/Bangkok,90.4669820754717,21.41818181818182,19.52427184466019,28.14047509090911
33264,2024-12-09 00:00:00,Asia/Bangkok,90.45177824074074,20.72380952380952,19.12087912087912,27.98915683168319
33265,2024-12-09 01:00:00,Asia/Bangkok,90.99388299065419,23.95283018867925,21.95238095238095,27.6864791509434
33266,2024-12-09 02:00:00,Asia/Bangkok,92.17137263636366,22.82242990654206,21.0625,27.43602605504585
33267,2024-12-09 03:00:00,Asia/Bangkok,92.63522550458715,17.97321428571428,16.52727272727273,27.14563607843138
33268,2024-12-09 04:00:00,Asia/Bangkok,92.38326104761907,4.934579439252336,4.283185840707965,26.43249644859813
33269,2024-12-09 05:00:00,Asia/Bangkok,92.19731111111106,2.866071428571428,2.407407407407407,26.46091943925235
33270,2024-12-09 06:00:00,Asia/Bangkok,92.56460627450977,4.173076923076923,3.494949494949495,26.19929819999999
33271,2024-12-09 07:00:00,Asia/Bangkok,94.71799940000001,5.461538461538462,4.75,25.97642428571429
33272,2024-12-09 08:00:00,Asia/Bangkok,94.80660028571427,5.678899082568807,5.121495327102804,26.36677696969698
33273,2024-12-09 09:00:00,Asia/Bangkok,94.26132433962263,6.147058823529412,5.788990825688074,26.67427203883493
33274,2024-12-09 10:00:00,Asia/Bangkok,93.51731925925924,9.254545454545454,8.634615384615385,27.22897903846152
33275,2024-12-09 11:00:00,Asia/Bangkok,93.72159631067962,9.1651376146789,8.657407407407407,27.15399699029125
33276,2024-12-09 12:00:00,Asia/Bangkok,92.4809197142857,3.973214285714286,3.558558558558559,26.72457269230768
33277,2024-12-09 13:00:00,Asia/Bangkok,90.49298403846154,3.736842105263158,3.495238095238095,27.29454770642202
33278,2024-12-09 14:00:00,Asia/Bangkok,90.08726682242987,5.431192660550459,5.02,28.14619074074073
33279,2024-12-09 15:00:00,Asia/Bangkok,87.53087990476193,5.618181818181818,5.9125,28.65884265306121
33280,2024-12-09 16:00:00,Asia/Bangkok,87.51609392523362,12.26168224299065,11.45535714285714,28.73055226415096
33281,2024-12-09 17:00:00,Asia/Bangkok,91.07182127272723,14.36274509803922,14.14285714285714,27.09982027777779
33282,2024-12-09 18:00:00,Asia/Bangkok,93.23708839622643,7.491071428571429,7.11578947368421,26.88207436363635
33283,2024-12-09 19:00:00,Asia/Bangkok,93.08664183486242,9.414414414414415,8.64423076923077,26.74742825688073
33284,2024-12-09 20:00:00,Asia/Bangkok,93.44152000000001,17.36363636363636,16.08411214953271,26.53933999999999
33285,2024-12-09 21:00:00,Asia/Bangkok,93.98207485714286,16.09259259259259,15.29357798165138,26.43217067307692
33286,2024-12-09 22:00:00,Asia/Bangkok,94.53756028571429,18.29245283018868,16.74157303370787,26.32761721153848
33287,2024-12-09 23:00:00,Asia/Bangkok,94.90893961165051,14.16981132075472,13.66666666666667,26.25370556701032
33288,2024-12-10 00:00:00,Asia/Bangkok,95.12464424528304,13.69902912621359,12.6969696969697,26.02108813084113
33289,2024-12-10 01:00:00,Asia/Bangkok,95.617187706422,16.1651376146789,14.86206896551724,25.8942058095238
33290,2024-12-10 02:00:00,Asia/Bangkok,96.30018351351353,10.86607142857143,10.21100917431193,25.732111
33291,2024-12-10 03:00:00,Asia/Bangkok,96.36176039999998,6.081818181818182,5.401960784313726,25.40174948979593
33292,2024-12-10 04:00:00,Asia/Bangkok,96.47328364485985,8.1,7.6,25.38117775510203
33293,2024-12-10 05:00:00,Asia/Bangkok,96.49886201923076,8.03921568627451,7.25,25.405304
33294,2024-12-10 06:00:00,Asia/Bangkok,96.25793810000003,6.529411764705882,5.979591836734694,25.4768088421053
33295,2024-12-10 07:00:00,Asia/Bangkok,96.1623119090909,7.293577981651376,6.826923076923077,25.44971617647062
33296,2024-12-10 08:00:00,Asia/Bangkok,96.48179235294113,9.737864077669903,8.963636363636363,25.62165504761905
33297,2024-12-10 09:00:00,Asia/Bangkok,97.15617388888886,7.72972972972973,7.281818181818182,26.09634641509434
33298,2024-12-10 10:00:00,Asia/Bangkok,96.25913278846153,10.39090909090909,9.89,26.90585656862744
33299,2024-12-10 11:00:00,Asia/Bangkok,91.4022905454545,10.44859813084112,9.772727272727273,28.33086960784312
33300,2024-12-10 12:00:00,Asia/Bangkok,81.95652628571432,10.62385321100918,9.936936936936936,30.86158495575221
33301,2024-12-10 13:00:00,Asia/Bangkok,78.79196657657658,12.50925925925926,11.85185185185185,31.0521532727273
33302,2024-12-10 14:00:00,Asia/Bangkok,77.83939959183677,14.07692307692308,13.58333333333333,30.74812815533983
33303,2024-12-10 15:00:00,Asia/Bangkok,78.7800549107143,12.45217391304348,11.71171171171171,30.3641691262136
33304,2024-12-10 16:00:00,Asia/Bangkok,81.06770181818182,16.54128440366972,15.82242990654206,30.07176935185185
33305,2024-12-10 17:00:00,Asia/Bangkok,82.96344613207546,15.74528301886792,14.82075471698113,29.89299177570091
33306,2024-12-10 18:00:00,Asia/Bangkok,84.15968460784315,16.32380952380952,15.25961538461539,29.59149523364486
33307,2024-12-10 19:00:00,Asia/Bangkok,87.14096532710272,19.77777777777778,18.61458333333333,28.94239752380953
33308,2024-12-10 20:00:00,Asia/Bangkok,89.86118760000004,50.0188679245283,41.09009009009009,28.1376642
33309,2024-12-10 21:00:00,Asia/Bangkok,91.06587319999997,27.38317757009346,25.79047619047619,27.46407760869564
33310,2024-12-10 22:00:00,Asia/Bangkok,91.74342604166667,25.0377358490566,23.41176470588235,27.22435495145634
33311,2024-12-10 23:00:00,Asia/Bangkok,91.72999480769226,25.56435643564356,23.97321428571428,27.14722442307692
33312,2024-12-11 00:00:00,Asia/Bangkok,92.18733429999999,26.40540540540541,24.59,26.87782485148513
33313,2024-12-11 01:00:00,Asia/Bangkok,92.78351820754719,25.57391304347826,24.03508771929825,26.51118807339451
33314,2024-12-11 02:00:00,Asia/Bangkok,93.00199646464641,22.53703703703704,21.09090909090909,26.15632607476637
33315,2024-12-11 03:00:00,Asia/Bangkok,93.0877817475728,22.82242990654206,21.47706422018349,25.74193537037038
33316,2024-12-11 04:00:00,Asia/Bangkok,93.07666869158882,21.42307692307692,20.11764705882353,25.50335676470592
33317,2024-12-11 05:00:00,Asia/Bangkok,92.72556436893203,21.04716981132075,19.7962962962963,25.19438972222223
33318,2024-12-11 06:00:00,Asia/Bangkok,92.83125377358495,22.96078431372549,21.6,24.83148915094338
33319,2024-12-11 07:00:00,Asia/Bangkok,93.12683412844034,25.75471698113208,24.21153846153846,24.57519532110092
33320,2024-12-11 08:00:00,Asia/Bangkok,95.07210738317755,26.72641509433962,24.94949494949495,24.73078365384614
33321,2024-12-11 09:00:00,Asia/Bangkok,94.37352417475728,24.24074074074074,23.0,26.37747245098039
33322,2024-12-11 10:00:00,Asia/Bangkok,82.85230644230768,17.51851851851852,16.64601769911505,29.20584582524271
33323,2024-12-11 11:00:00,Asia/Bangkok,74.9531003883495,11.4375,10.81372549019608,30.39837818181821
33324,2024-12-11 12:00:00,Asia/Bangkok,66.38253118811879,16.92792792792793,16.19811320754717,32.71351666666668
33325,2024-12-11 13:00:00,Asia/Bangkok,62.79931785046728,20.02830188679245,19.24742268041237,33.72706349056604
33326,2024-12-11 14:00:00,Asia/Bangkok,62.44711575757579,19.25,18.33980582524272,34.21609219047619
33327,2024-12-11 15:00:00,Asia/Bangkok,65.19502745614035,18.26086956521739,17.4375,33.40222522522522
33328,2024-12-11 16:00:00,Asia/Bangkok,67.55280685185184,13.8785046728972,13.18446601941748,32.0610858095238
33329,2024-12-11 17:00:00,Asia/Bangkok,69.53194161616163,16.93333333333333,16.06481481481481,31.70704297029701
33330,2024-12-11 18:00:00,Asia/Bangkok,73.32602605504587,18.92792792792793,17.875,30.85725477477477
33331,2024-12-11 19:00:00,Asia/Bangkok,76.37433725490197,24.40776699029126,22.78723404255319,29.97803171717172
33332,2024-12-11 20:00:00,Asia/Bangkok,78.51485281553398,32.6036036036036,29.77272727272727,29.27265407766988
33333,2024-12-11 21:00:00,Asia/Bangkok,81.44431336283185,36.50925925925926,32.49090909090909,28.54958462962962
33334,2024-12-11 22:00:00,Asia/Bangkok,83.19624641509434,38.09345794392523,33.49514563106796,28.10684865384615
33335,2024-12-11 23:00:00,Asia/Bangkok,85.11156721153847,55.37142857142857,47.0752688172043,27.69783737864078
33336,2024-12-12 00:00:00,Asia/Bangkok,87.89531952830193,68.50450450450451,56.99115044247787,27.16512472727274
33337,2024-12-12 01:00:00,Asia/Bangkok,89.36459245283022,48.86792452830188,40.42574257425743,26.9728189622641
33338,2024-12-12 02:00:00,Asia/Bangkok,89.71994263636365,46.80530973451327,38.95192307692308,27.01505372727274
33339,2024-12-12 03:00:00,Asia/Bangkok,89.57640710280374,44.16216216216216,37.01801801801802,26.99129177570094
33340,2024-12-12 04:00:00,Asia/Bangkok,89.7909138613861,41.70754716981132,35.65686274509804,26.76896647058825
33341,2024-12-12 05:00:00,Asia/Bangkok,89.845305462963,38.57407407407408,33.76190476190476,26.74558189189193
33342,2024-12-12 06:00:00,Asia/Bangkok,88.7644426262626,41.9,36.10810810810811,26.61296169999999
33343,2024-12-12 07:00:00,Asia/Bangkok,89.24168236363634,36.87068965517241,32.68518518518518,26.4322269642857
33344,2024-12-12 08:00:00,Asia/Bangkok,89.9658248113208,46.24770642201835,39.05504587155963,26.13918880000001
33345,2024-12-12 09:00:00,Asia/Bangkok,91.87843831683169,25.97247706422018,23.61607142857143,26.07760179245286
33346,2024-12-12 10:00:00,Asia/Bangkok,92.13117766355137,24.89565217391304,23.58771929824561,26.1592682
33347,2024-12-12 11:00:00,Asia/Bangkok,93.13027029126215,19.77142857142857,18.68181818181818,26.13527545454546
33348,2024-12-12 12:00:00,Asia/Bangkok,93.94248895238097,8.481481481481481,7.918181818181818,26.11295407766991
33349,2024-12-12 13:00:00,Asia/Bangkok,94.64656317307696,4.058252427184466,3.613207547169811,25.8179167326733
33350,2024-12-12 14:00:00,Asia/Bangkok,95.07034577319591,1.292452830188679,1.057142857142857,25.5969541
33351,2024-12-12 15:00:00,Asia/Bangkok,96.53929980392157,1.355140186915888,1.132075471698113,25.30985768518519
33352,2024-12-12 16:00:00,Asia/Bangkok,96.72439819047624,1.111111111111111,0.8411214953271028,25.4126162264151
33353,2024-12-12 17:00:00,Asia/Bangkok,96.46586628571426,0.7735849056603774,0.5876288659793815,25.27353151515151
33354,2024-12-12 18:00:00,Asia/Bangkok,96.6866997058823,0.9813084112149533,0.7551020408163265,25.31224339999997
33355,2024-12-12 19:00:00,Asia/Bangkok,96.16629611650482,8.767857142857142,7.94,25.47494169811324
33356,2024-12-12 20:00:00,Asia/Bangkok,96.25536152380951,5.144230769230769,4.851851851851852,25.47334593749998
33357,2024-12-12 21:00:00,Asia/Bangkok,96.78436264150938,4.442307692307693,3.989583333333333,25.52633427083333
33358,2024-12-12 22:00:00,Asia/Bangkok,96.4280723529412,2.596330275229358,2.333333333333333,25.56772279279283
33359,2024-12-12 23:00:00,Asia/Bangkok,96.1293073148148,1.052173913043478,0.8198198198198198,25.37616547169809
33360,2024-12-13 00:00:00,Asia/Bangkok,96.17552533980582,2.774509803921569,2.510869565217391,25.30129142857144
33361,2024-12-13 01:00:00,Asia/Bangkok,96.68363303921566,3.036363636363636,2.601851851851852,25.21644685714287
33362,2024-12-13 02:00:00,Asia/Bangkok,96.69847918367343,1.26605504587156,1.066037735849057,25.25141433962265
33363,2024-12-13 03:00:00,Asia/Bangkok,96.62814463636366,3.327272727272727,3.036036036036036,25.37000742857141
33364,2024-12-13 04:00:00,Asia/Bangkok,96.44112545454543,1.009259259259259,0.8018018018018018,25.34254223214287
33365,2024-12-13 05:00:00,Asia/Bangkok,96.4293118367347,0.9797979797979798,0.7142857142857143,25.38284680000001
33366,2024-12-13 06:00:00,Asia/Bangkok,96.41388423423429,1.635514018691589,1.333333333333333,25.44599778846155
33367,2024-12-13 07:00:00,Asia/Bangkok,96.4610230769231,2.233009708737864,1.979381443298969,25.46902163043479
33368,2024-12-13 08:00:00,Asia/Bangkok,96.78605261682242,4.650485436893204,4.52,25.59069020408163
33369,2024-12-13 09:00:00,Asia/Bangkok,97.07145457943925,1.292452830188679,1.064814814814815,25.64834932038838
33370,2024-12-13 10:00:00,Asia/Bangkok,97.09387247619043,1.027522935779817,0.8918918918918919,26.0177378217822
33371,2024-12-13 11:00:00,Asia/Bangkok,96.53195242990657,2.066666666666667,1.900900900900901,26.0036965740741
33372,2024-12-13 12:00:00,Asia/Bangkok,96.07045803738318,2.27027027027027,1.85981308411215,25.79154299065423
33373,2024-12-13 13:00:00,Asia/Bangkok,96.2551354901961,1.205607476635514,0.9065420560747663,25.67933120370369
33374,2024-12-13 14:00:00,Asia/Bangkok,96.5914012621359,0.6893203883495146,0.5368421052631579,25.91672786407764
33375,2024-12-13 15:00:00,Asia/Bangkok,96.20834737373737,0.7428571428571429,0.5277777777777778,26.09770212765957
33376,2024-12-13 16:00:00,Asia/Bangkok,96.06336720430109,0.8962264150943396,0.7289719626168224,26.00849304761903
33377,2024-12-13 17:00:00,Asia/Bangkok,96.0660903809524,1.009174311926605,0.8378378378378378,25.92752085714287
33378,2024-12-13 18:00:00,Asia/Bangkok,96.06812483870968,3.699029126213592,3.388349514563107,25.58710821052634
33379,2024-12-13 19:00:00,Asia/Bangkok,96.26005696078434,6.0,5.26605504587156,25.45602617647056
33380,2024-12-13 20:00:00,Asia/Bangkok,96.57993553398056,2.280373831775701,1.927927927927928,25.28440515151516
33381,2024-12-13 21:00:00,Asia/Bangkok,96.77033638095236,0.7238095238095238,0.5053763440860215,25.24212788461538
33382,2024-12-13 22:00:00,Asia/Bangkok,96.9625544,0.5045871559633027,0.2673267326732673,25.17231410000001
33383,2024-12-13 23:00:00,Asia/Bangkok,97.18636541666667,0.6886792452830188,0.5,24.96256223300973
33384,2024-12-14 00:00:00,Asia/Bangkok,97.54847090909092,0.1320754716981132,0.05714285714285714,24.79358621621622
33385,2024-12-14 01:00:00,Asia/Bangkok,97.96696368932041,0.00980392156862745,0.0,24.35847271028038
33386,2024-12-14 02:00:00,Asia/Bangkok,98.26352446601943,0.00980392156862745,0.0,24.2750614
33387,2024-12-14 03:00:00,Asia/Bangkok,97.98729967391309,0.0303030303030303,0.0,24.31004240000001
33388,2024-12-14 04:00:00,Asia/Bangkok,97.6745085981308,0.02803738317757009,0.0,24.50020757281553
33389,2024-12-14 05:00:00,Asia/Bangkok,97.41622442307688,0.01834862385321101,0.0,24.58866080808082
33390,2024-12-14 06:00:00,Asia/Bangkok,97.13216953703699,0.4770642201834863,0.3207547169811321,24.68724122641508
33391,2024-12-14 07:00:00,Asia/Bangkok,97.46739777777782,1.433962264150943,1.1,24.56245596330275
33392,2024-12-14 08:00:00,Asia/Bangkok,98.34111941176474,0.8165137614678899,0.648936170212766,24.65323653061225
33393,2024-12-14 09:00:00,Asia/Bangkok,98.90184529411768,0.3177570093457944,0.2178217821782178,24.99966969387755
33394,2024-12-14 10:00:00,Asia/Bangkok,98.93261686274506,0.3203883495145631,0.212962962962963,25.09274904761904
33395,2024-12-14 11:00:00,Asia/Bangkok,98.64084666666662,0.3394495412844037,0.2272727272727273,25.35205383838383
33396,2024-12-14 12:00:00,Asia/Bangkok,98.45989907407412,0.1495327102803738,0.06481481481481481,25.44798803921569
33397,2024-12-14 13:00:00,Asia/Bangkok,97.98706747572813,0.3394495412844037,0.225,25.46936876190476
33398,2024-12-14 14:00:00,Asia/Bangkok,97.88137018867921,0.3274336283185841,0.2450980392156863,25.38514461538463
33399,2024-12-14 15:00:00,Asia/Bangkok,97.72303260416668,0.6697247706422018,0.5454545454545454,25.3894159433962
33400,2024-12-14 16:00:00,Asia/Bangkok,97.67278531914897,0.3396226415094339,0.2017543859649123,25.56913232323232
33401,2024-12-14 17:00:00,Asia/Bangkok,97.48705733333334,0.1284403669724771,0.0,25.59084040000004
33402,2024-12-14 18:00:00,Asia/Bangkok,97.35161234693878,0.1941747572815534,0.02803738317757009,25.53241774509805
33403,2024-12-14 19:00:00,Asia/Bangkok,97.21625009259262,0.4666666666666667,0.25,25.381084
33404,2024-12-14 20:00:00,Asia/Bangkok,97.36303917525775,1.951923076923077,1.472222222222222,25.17199086021507
33405,2024-12-14 21:00:00,Asia/Bangkok,97.48461861386139,2.14018691588785,1.771428571428571,25.12458081818181
33406,2024-12-14 22:00:00,Asia/Bangkok,97.95930509433958,2.027522935779817,1.75,25.24323240384615
33407,2024-12-14 23:00:00,Asia/Bangkok,97.83894676470591,2.185185185185185,1.878504672897196,25.12614176991153
33408,2024-12-15 00:00:00,Asia/Bangkok,97.98274099009903,1.387387387387387,1.00990099009901,24.69302164948456
33409,2024-12-15 01:00:00,Asia/Bangkok,98.4783422857143,1.066666666666667,0.6574074074074074,24.51068093457943
33410,2024-12-15 02:00:00,Asia/Bangkok,98.11736965217392,0.6126126126126126,0.2978723404255319,24.33176150943396
33411,2024-12-15 03:00:00,Asia/Bangkok,97.7263020952381,0.5904761904761905,0.2475247524752475,24.28744460784317
33412,2024-12-15 04:00:00,Asia/Bangkok,97.97515745098038,2.211009174311926,1.588785046728972,24.47747254716982
33413,2024-12-15 05:00:00,Asia/Bangkok,97.83350424528301,1.390909090909091,0.9908256880733946,24.74522530612244
33414,2024-12-15 06:00:00,Asia/Bangkok,98.08894990566037,1.311926605504587,0.9306930693069307,24.78767905660377
33415,2024-12-15 07:00:00,Asia/Bangkok,98.26663172727278,1.990825688073395,1.669642857142857,24.73413598130843
33416,2024-12-15 08:00:00,Asia/Bangkok,98.06336989999996,3.222222222222222,2.643564356435644,25.13448490196078
33417,2024-12-15 09:00:00,Asia/Bangkok,98.3585848076923,3.892156862745098,3.257425742574257,25.52862547169813
33418,2024-12-15 10:00:00,Asia/Bangkok,98.58252518867921,4.981651376146789,4.27927927927928,26.3610491089109
33419,2024-12-15 11:00:00,Asia/Bangkok,97.20605859999999,4.238938053097345,3.457142857142857,27.14417266666665
33420,2024-12-15 12:00:00,Asia/Bangkok,87.9584126851852,3.527777777777778,2.616822429906542,28.80417490909091
33421,2024-12-15 13:00:00,Asia/Bangkok,87.4801365686274,4.40566037735849,3.311926605504587,28.55219990476191
33422,2024-12-15 14:00:00,Asia/Bangkok,92.653860754717,2.672727272727273,1.94392523364486,27.41966574074075
33423,2024-12-15 15:00:00,Asia/Bangkok,96.70891485981306,1.304761904761905,0.86,25.99865040816328
33424,2024-12-15 16:00:00,Asia/Bangkok,98.01751212962964,1.11304347826087,0.822429906542056,25.50925311320756
33425,2024-12-15 17:00:00,Asia/Bangkok,98.12746873873867,0.6576576576576577,0.4553571428571428,25.29690157407409
33426,2024-12-15 18:00:00,Asia/Bangkok,98.05398339805826,0.6146788990825688,0.4017857142857143,25.25839226415093
33427,2024-12-15 19:00:00,Asia/Bangkok,97.85605073394495,1.229357798165138,0.9108910891089109,25.35607147058823
33428,2024-12-15 20:00:00,Asia/Bangkok,98.16914045871559,1.166666666666667,0.8761904761904762,25.42350056603775
33429,2024-12-15 21:00:00,Asia/Bangkok,97.99165114285711,5.634615384615385,5.02,25.59203834951457
33430,2024-12-15 22:00:00,Asia/Bangkok,98.12780415094339,3.297029702970297,2.682242990654206,25.34045600000002
33431,2024-12-15 23:00:00,Asia/Bangkok,99.09160780952384,0.1929824561403509,0.1134020618556701,24.69739543689321
33432,2024-12-16 00:00:00,Asia/Bangkok,99.40181316831689,0.009433962264150943,0.0,24.81568888888889
33433,2024-12-16 01:00:00,Asia/Bangkok,99.10229078260868,0.1043478260869565,0.04424778761061947,25.04587089285716
33434,2024-12-16 02:00:00,Asia/Bangkok,98.5893926923077,0.09345794392523364,0.0,25.09272228571429
33435,2024-12-16 03:00:00,Asia/Bangkok,98.28739113207546,0.07407407407407407,0.0,25.03100398148148
33436,2024-12-16 04:00:00,Asia/Bangkok,98.15783944444448,0.03603603603603604,0.0,24.92253242718445
33437,2024-12-16 05:00:00,Asia/Bangkok,98.35937959595961,0.03636363636363636,0.0,24.75035866666665
33438,2024-12-16 06:00:00,Asia/Bangkok,98.4189162727273,0.03571428571428571,0.0,24.46046566037735
33439,2024-12-16 07:00:00,Asia/Bangkok,98.82062428571433,1.090909090909091,0.7699115044247787,24.42009093457946
33440,2024-12-16 08:00:00,Asia/Bangkok,98.42535676190472,2.0,1.6,24.6344955769231
33441,2024-12-16 09:00:00,Asia/Bangkok,98.6438294174757,0.2300884955752212,0.1388888888888889,24.15692279999999
33442,2024-12-16 10:00:00,Asia/Bangkok,99.17292990566038,0.0660377358490566,0.01904761904761905,23.73881529411763
33443,2024-12-16 11:00:00,Asia/Bangkok,99.09124688073398,0.04,0.0,23.81260660714286
33444,2024-12-16 12:00:00,Asia/Bangkok,98.96086107843134,2.09433962264151,1.68,24.31860295918368
33445,2024-12-16 13:00:00,Asia/Bangkok,98.75385019047619,0.7884615384615384,0.4939759036144578,24.64154273584904
33446,2024-12-16 14:00:00,Asia/Bangkok,98.8503970707071,0.9528301886792453,0.8018018018018018,24.807902
33447,2024-12-16 15:00:00,Asia/Bangkok,98.96154081818179,2.146551724137931,1.669724770642202,25.02775528846154
33448,2024-12-16 16:00:00,Asia/Bangkok,99.07168555555558,4.973214285714286,3.625,25.18443250000001
33449,2024-12-16 17:00:00,Asia/Bangkok,99.14094571428569,1.009433962264151,0.6116504854368932,25.0742293269231
33450,2024-12-16 18:00:00,Asia/Bangkok,98.93160528846155,1.147058823529412,0.8217821782178217,25.33272438095236
33451,2024-12-16 19:00:00,Asia/Bangkok,98.45598831775699,3.6,3.173076923076923,25.33751130841121
33452,2024-12-16 20:00:00,Asia/Bangkok,98.13121942857144,5.50925925925926,4.618181818181818,25.40456857142856
33453,2024-12-16 21:00:00,Asia/Bangkok,98.27498934579442,5.767857142857143,4.981981981981982,25.21566801886793
33454,2024-12-16 22:00:00,Asia/Bangkok,98.39543829999998,6.794392523364486,5.859813084112149,25.23379669902912
33455,2024-12-16 23:00:00,Asia/Bangkok,98.07106382352944,7.726415094339623,6.76595744680851,25.3271716
33456,2024-12-17 00:00:00,Asia/Bangkok,98.09473224299064,7.930693069306931,7.285714285714286,25.21425900990099
33457,2024-12-17 01:00:00,Asia/Bangkok,97.75092905263156,8.182692307692308,7.415094339622642,25.13676500000001
33458,2024-12-17 02:00:00,Asia/Bangkok,97.7944605714286,9.19811320754717,8.281818181818181,25.08143145631069
33459,2024-12-17 03:00:00,Asia/Bangkok,97.78856427184468,9.495495495495495,8.601769911504425,25.12114158415842
33460,2024-12-17 04:00:00,Asia/Bangkok,97.65216297029698,8.339449541284404,7.651376146788991,25.15746893203887
33461,2024-12-17 05:00:00,Asia/Bangkok,97.67961839622639,8.761061946902656,7.781818181818182,24.97918607843137
33462,2024-12-17 06:00:00,Asia/Bangkok,97.7343147222222,6.775700934579439,6.04,24.9911303669725
33463,2024-12-17 07:00:00,Asia/Bangkok,97.73786803738322,7.247619047619048,6.602272727272728,24.85441067307696
33464,2024-12-17 08:00:00,Asia/Bangkok,97.88819081081084,10.8018018018018,10.0462962962963,25.03765444444445
33465,2024-12-17 09:00:00,Asia/Bangkok,97.99129101851857,14.23076923076923,13.62244897959184,26.16408801886792
33466,2024-12-17 10:00:00,Asia/Bangkok,92.23648681818182,13.5929203539823,11.61,27.73221971962617
33467,2024-12-17 11:00:00,Asia/Bangkok,87.4044255882353,6.700934579439252,6.134615384615385,29.24258871559634
33468,2024-12-17 12:00:00,Asia/Bangkok,83.1877079629629,5.072727272727272,4.571428571428571,29.28490317757009
33469,2024-12-17 13:00:00,Asia/Bangkok,80.82094924528299,4.160714285714286,3.878504672897196,29.91480712871287
33470,2024-12-17 14:00:00,Asia/Bangkok,82.52526398058252,3.891891891891892,3.56043956043956,30.09693657657657
33471,2024-12-17 15:00:00,Asia/Bangkok,84.31488099099096,4.283018867924528,3.862385321100918,29.28870291262138
33472,2024-12-17 16:00:00,Asia/Bangkok,82.30540646464645,4.676190476190476,4.149532710280374,29.5571473076923
33473,2024-12-17 17:00:00,Asia/Bangkok,80.63538540000003,4.269230769230769,3.862068965517242,29.82380611650485
33474,2024-12-17 18:00:00,Asia/Bangkok,84.38371504761905,4.247524752475248,3.822429906542056,28.8143633962264
33475,2024-12-17 19:00:00,Asia/Bangkok,87.29994563106796,4.775700934579439,4.284403669724771,27.96783942307694
33476,2024-12-17 20:00:00,Asia/Bangkok,90.42134514285715,5.490384615384615,5.045871559633028,27.08251027777776
33477,2024-12-17 21:00:00,Asia/Bangkok,91.52709636363639,10.28301886792453,9.398148148148149,26.75178884615383
33478,2024-12-17 22:00:00,Asia/Bangkok,92.94065783505158,19.12380952380952,17.60377358490566,26.32805316326531
33479,2024-12-17 23:00:00,Asia/Bangkok,93.6772508653846,22.28301886792453,20.27184466019418,26.02131489361703
33480,2024-12-18 00:00:00,Asia/Bangkok,94.26613129999998,20.92380952380952,19.3375,25.9419712264151
33481,2024-12-18 01:00:00,Asia/Bangkok,95.27020844660193,19.04807692307692,17.60606060606061,25.85584166666666
33482,2024-12-18 02:00:00,Asia/Bangkok,94.87385205882357,17.70754716981132,16.54545454545455,25.91221388888888
33483,2024-12-18 03:00:00,Asia/Bangkok,94.6030098969072,17.94285714285714,16.43333333333333,25.63007532710282
33484,2024-12-18 04:00:00,Asia/Bangkok,95.11345830188674,17.09009009009009,15.85714285714286,25.33181596153846
33485,2024-12-18 05:00:00,Asia/Bangkok,95.28951320388347,16.81308411214953,15.73118279569892,25.22015594059404
33486,2024-12-18 06:00:00,Asia/Bangkok,95.36854786407771,17.09649122807017,15.99029126213592,25.24924737864077
33487,2024-12-18 07:00:00,Asia/Bangkok,95.62446619047628,16.48148148148148,15.02105263157895,25.32107078431373
33488,2024-12-18 08:00:00,Asia/Bangkok,95.93094457943927,15.60377358490566,14.37634408602151,25.52308673469388
33489,2024-12-18 09:00:00,Asia/Bangkok,93.04392901785717,13.87037037037037,13.05714285714286,27.02056626168224
33490,2024-12-18 10:00:00,Asia/Bangkok,83.51477752380956,11.62264150943396,10.62037037037037,29.32943405660377
33491,2024-12-18 11:00:00,Asia/Bangkok,78.50551019230771,10.44036697247706,9.672897196261681,30.49253457142858
33492,2024-12-18 12:00:00,Asia/Bangkok,73.45595901960785,20.60909090909091,18.87155963302752,31.87234723404256
33493,2024-12-18 13:00:00,Asia/Bangkok,69.5386886792453,14.4950495049505,13.35714285714286,32.39277836538464
33494,2024-12-18 14:00:00,Asia/Bangkok,70.6272229,12.88571428571429,11.91588785046729,31.92519267326734
33495,2024-12-18 15:00:00,Asia/Bangkok,72.64122742857143,13.17857142857143,11.95535714285714,31.43866029411764
33496,2024-12-18 16:00:00,Asia/Bangkok,69.60839047169813,9.854545454545455,9.158878504672897,32.04143074766355
33497,2024-12-18 17:00:00,Asia/Bangkok,70.44064176991151,8.290909090909091,7.605504587155964,31.37169306306307
33498,2024-12-18 18:00:00,Asia/Bangkok,75.66902598039214,9.954545454545455,9.008849557522124,30.09513726415094
33499,2024-12-18 19:00:00,Asia/Bangkok,81.19827588785049,12.85185185185185,11.7962962962963,29.01582320754719
33500,2024-12-18 20:00:00,Asia/Bangkok,84.32249572815533,17.8018018018018,16.19626168224299,28.59795929292927
33501,2024-12-18 21:00:00,Asia/Bangkok,87.0844616981132,13.36448598130841,12.10091743119266,27.93132155339807
33502,2024-12-18 22:00:00,Asia/Bangkok,88.86364389999997,15.35514018691589,14.23423423423423,27.43699340206182
33503,2024-12-18 23:00:00,Asia/Bangkok,89.66513279279282,20.79090909090909,19.30555555555556,27.1617813207547
33504,2024-12-19 00:00:00,Asia/Bangkok,90.343348019802,21.35964912280702,19.61682242990654,26.80120352380952
33505,2024-12-19 01:00:00,Asia/Bangkok,91.21745211009177,23.65420560747664,21.72897196261682,26.5460444660194
33506,2024-12-19 02:00:00,Asia/Bangkok,91.60944842592592,22.5045045045045,20.99019607843137,26.17253490196078
33507,2024-12-19 03:00:00,Asia/Bangkok,92.28486879999998,20.04807692307692,18.49038461538462,25.98418000000001
33508,2024-12-19 04:00:00,Asia/Bangkok,92.78840554455448,19.36363636363636,17.84615384615385,25.88221163461539
33509,2024-12-19 05:00:00,Asia/Bangkok,93.08130075471696,18.90990990990991,17.38938053097345,25.78569319999999
33510,2024-12-19 06:00:00,Asia/Bangkok,93.34219623853213,19.28181818181818,17.97169811320755,25.60551292452834
33511,2024-12-19 07:00:00,Asia/Bangkok,93.43992203703701,20.51515151515152,18.94949494949495,25.51932833333338
33512,2024-12-19 08:00:00,Asia/Bangkok,94.00177971428568,23.06363636363636,21.5,25.72248925233646
33513,2024-12-19 09:00:00,Asia/Bangkok,93.2254238,18.31775700934579,16.83168316831683,26.24566980582524
33514,2024-12-19 10:00:00,Asia/Bangkok,88.49596386792453,17.0,15.67289719626168,28.0499179245283
33515,2024-12-19 11:00:00,Asia/Bangkok,82.6435689090909,13.92857142857143,12.87654320987654,29.81561368932041
33516,2024-12-19 12:00:00,Asia/Bangkok,75.55969817307691,10.5,9.73,31.05464216981132
33517,2024-12-19 13:00:00,Asia/Bangkok,73.5229446728972,10.32432432432432,9.645454545454545,31.13320486238533
33518,2024-12-19 14:00:00,Asia/Bangkok,70.83295898148148,10.59803921568627,9.89423076923077,31.66292809523808
33519,2024-12-19 15:00:00,Asia/Bangkok,72.10956000000002,10.20754716981132,9.802469135802468,31.43205819047618
33520,2024-12-19 16:00:00,Asia/Bangkok,71.55576194174759,10.90654205607477,9.914893617021276,31.40923863157894
33521,2024-12-19 17:00:00,Asia/Bangkok,72.55288376146788,8.226415094339623,7.553191489361702,31.07918221153848
33522,2024-12-19 18:00:00,Asia/Bangkok,76.66205213592237,14.75675675675676,13.34653465346535,30.25762
33523,2024-12-19 19:00:00,Asia/Bangkok,79.62051019417474,27.3960396039604,23.44554455445545,29.10228704761904
33524,2024-12-19 20:00:00,Asia/Bangkok,82.42015732673268,23.34545454545454,19.80487804878049,28.25837549019607
33525,2024-12-19 21:00:00,Asia/Bangkok,84.20091362745102,32.25490196078432,28.53333333333333,28.04014021276596
33526,2024-12-19 22:00:00,Asia/Bangkok,86.40588336538464,17.36538461538462,15.77358490566038,27.55199862745097
33527,2024-12-19 23:00:00,Asia/Bangkok,87.48640299065427,27.00917431192661,23.96330275229358,27.13161425925921
33528,2024-12-20 00:00:00,Asia/Bangkok,88.89906046728973,23.02061855670103,20.63551401869159,26.87896346153846
33529,2024-12-20 01:00:00,Asia/Bangkok,89.65647931372554,15.25225225225225,13.74311926605505,26.71048309999998
33530,2024-12-20 02:00:00,Asia/Bangkok,90.41131657142857,20.93805309734513,18.37142857142857,26.42202453703701
33531,2024-12-20 03:00:00,Asia/Bangkok,90.99322990384621,19.27619047619048,17.35454545454546,26.32929276190476
33532,2024-12-20 04:00:00,Asia/Bangkok,91.36855710280375,26.48623853211009,23.31818181818182,26.09244893203882
33533,2024-12-20 05:00:00,Asia/Bangkok,92.02830880733946,30.82608695652174,26.17272727272727,25.90218400000001
33534,2024-12-20 06:00:00,Asia/Bangkok,92.15856699999996,17.45945945945946,16.05357142857143,25.71448845454545
33535,2024-12-20 07:00:00,Asia/Bangkok,92.42283295238093,22.0,19.48648648648649,25.58037137614682
33536,2024-12-20 08:00:00,Asia/Bangkok,92.98537110091743,19.51851851851852,17.77358490566038,25.5581264423077
33537,2024-12-20 09:00:00,Asia/Bangkok,88.28392453703704,16.63636363636364,15.19444444444444,27.12213075471696
33538,2024-12-20 10:00:00,Asia/Bangkok,79.54587610000003,17.44036697247707,16.17592592592593,29.72332346153848
33539,2024-12-20 11:00:00,Asia/Bangkok,74.88792562500001,16.5377358490566,15.30555555555556,30.78376189473684
33540,2024-12-20 12:00:00,Asia/Bangkok,74.30348781818178,18.4811320754717,17.28571428571428,30.90249
33541,2024-12-20 13:00:00,Asia/Bangkok,72.37399728971963,13.26363636363636,12.26851851851852,31.71230738317756
33542,2024-12-20 14:00:00,Asia/Bangkok,69.12919214285714,10.01960784313725,9.103092783505154,32.13358386138614
33543,2024-12-20 15:00:00,Asia/Bangkok,67.72232176991149,9.626168224299066,8.85981308411215,32.18789471698111
33544,2024-12-20 16:00:00,Asia/Bangkok,69.92554577981652,70.6,60.42857142857143,31.37060457943925
33545,2024-12-20 17:00:00,Asia/Bangkok,71.43374196261682,19.66355140186916,17.94949494949495,30.50282769230769
33546,2024-12-20 18:00:00,Asia/Bangkok,72.87435084112151,49.33636363636364,43.06862745098039,30.43401294117646
33547,2024-12-20 19:00:00,Asia/Bangkok,77.00546115384616,34.75490196078432,30.17171717171717,29.45334561904762
33548,2024-12-20 20:00:00,Asia/Bangkok,81.67122628571425,38.10185185185185,32.38532110091743,28.6603279
33549,2024-12-20 21:00:00,Asia/Bangkok,84.3051147663552,40.11926605504587,34.12149532710281,28.10190352380952
33550,2024-12-20 22:00:00,Asia/Bangkok,85.37134905660379,38.0990990990991,32.42857142857143,27.64642823529407
33551,2024-12-20 23:00:00,Asia/Bangkok,87.34598141509434,34.9537037037037,30.48979591836735,27.16314592233013
33552,2024-12-21 00:00:00,Asia/Bangkok,88.1559050943396,36.00990099009901,31.16071428571428,26.7291546728972
33553,2024-12-21 01:00:00,Asia/Bangkok,89.45784242990653,34.76470588235294,31.28888888888889,26.43361180952381
33554,2024-12-21 02:00:00,Asia/Bangkok,88.96369330275228,26.7304347826087,24.77064220183486,26.75578280373831
33555,2024-12-21 03:00:00,Asia/Bangkok,89.21615971698112,26.97169811320755,24.4,26.48509642201836
33556,2024-12-21 04:00:00,Asia/Bangkok,89.98487422018344,26.32407407407407,24.18518518518519,26.07169072072071
33557,2024-12-21 05:00:00,Asia/Bangkok,90.4129453153153,25.75229357798165,23.87378640776699,25.89294513761467
33558,2024-12-21 06:00:00,Asia/Bangkok,90.88929216494844,26.62886597938144,24.50980392156863,25.79578718446601
33559,2024-12-21 07:00:00,Asia/Bangkok,91.75326902912622,24.5981308411215,22.50476190476191,25.80808586538463
33560,2024-12-21 08:00:00,Asia/Bangkok,92.39420390476191,24.65178571428572,22.67961165048544,26.13339627450981
33561,2024-12-21 09:00:00,Asia/Bangkok,90.97365663461538,22.12380952380952,20.47524752475248,26.4099345
33562,2024-12-21 10:00:00,Asia/Bangkok,84.53637619047618,16.52830188679245,14.81188118811881,27.75226230769232
33563,2024-12-21 11:00:00,Asia/Bangkok,80.22397931372547,23.01785714285714,20.99115044247788,29.35258647619046
33564,2024-12-21 12:00:00,Asia/Bangkok,78.04956390909095,11.91743119266055,11.05555555555556,30.05399893203882
33565,2024-12-21 13:00:00,Asia/Bangkok,74.2438319047619,10.51351351351351,9.776785714285714,30.80099138888889
33566,2024-12-21 14:00:00,Asia/Bangkok,76.55508008849559,13.31481481481481,12.3859649122807,30.72518401869158
33567,2024-12-21 15:00:00,Asia/Bangkok,75.60449201834864,14.34862385321101,13.34343434343434,30.30334383928573
33568,2024-12-21 16:00:00,Asia/Bangkok,75.21680537037038,16.50943396226415,15.37735849056604,30.63897735849056
33569,2024-12-21 17:00:00,Asia/Bangkok,76.43694466019419,25.61320754716981,23.06034482758621,30.12071250000002
33570,2024-12-21 18:00:00,Asia/Bangkok,78.80595039999996,26.5981308411215,23.56880733944954,29.16905139999999
33571,2024-12-21 19:00:00,Asia/Bangkok,79.57916457943924,36.90476190476191,32.36936936936937,28.88174612612613
33572,2024-12-21 20:00:00,Asia/Bangkok,80.79135682242988,31.875,27.53333333333333,28.70369824074075
33573,2024-12-21 21:00:00,Asia/Bangkok,83.68687326923076,31.55045871559633,28.69911504424779,28.33010882352941
33574,2024-12-21 22:00:00,Asia/Bangkok,85.55172609523808,27.99047619047619,25.76041666666667,27.78575642857142
33575,2024-12-21 23:00:00,Asia/Bangkok,85.3768888073395,27.94,25.375,27.62493481132073
33576,2024-12-22 00:00:00,Asia/Bangkok,86.82029382978722,22.82352941176471,21.03960396039604,27.25887389473686
33577,2024-12-22 01:00:00,Asia/Bangkok,87.22687130841126,16.76363636363636,15.39814814814815,26.98986165048543
33578,2024-12-22 02:00:00,Asia/Bangkok,87.97894288288286,21.06422018348624,19.20909090909091,26.47666943396229
33579,2024-12-22 03:00:00,Asia/Bangkok,89.21188523364486,24.1140350877193,22.27522935779816,26.11648233009709
33580,2024-12-22 04:00:00,Asia/Bangkok,90.30070450450452,22.26363636363636,20.52336448598131,25.62394585585585
33581,2024-12-22 05:00:00,Asia/Bangkok,90.73445971428572,21.3394495412844,19.56435643564356,25.48989891891891
33582,2024-12-22 06:00:00,Asia/Bangkok,91.85827950980394,20.27777777777778,18.80373831775701,25.07670810526314
33583,2024-12-22 07:00:00,Asia/Bangkok,92.2748048421053,19.16037735849057,17.4811320754717,24.96421103092784
33584,2024-12-22 08:00:00,Asia/Bangkok,93.29454211538463,25.14150943396226,22.21428571428572,25.10498894230771
33585,2024-12-22 09:00:00,Asia/Bangkok,94.32717736842103,16.41904761904762,15.11458333333333,25.11150514018691
33586,2024-12-22 10:00:00,Asia/Bangkok,93.83504241071424,16.47272727272727,15.13265306122449,26.19820961538461
33587,2024-12-22 11:00:00,Asia/Bangkok,89.58628747663556,15.56481481481481,14.47572815533981,27.63371384615384
33588,2024-12-22 12:00:00,Asia/Bangkok,83.06402663366336,12.03669724770642,11.02857142857143,29.32279088235293
33589,2024-12-22 13:00:00,Asia/Bangkok,79.32413807339452,11.82407407407407,11.18691588785047,29.72680073394497
33590,2024-12-22 14:00:00,Asia/Bangkok,77.88374128440368,11.77678571428571,10.78125,29.58967121495327
33591,2024-12-22 15:00:00,Asia/Bangkok,80.8803375,14.03960396039604,13.0,28.94677597826085
33592,2024-12-22 16:00:00,Asia/Bangkok,80.74957417475727,12.39814814814815,11.59633027522936,28.89880598130842
33593,2024-12-22 17:00:00,Asia/Bangkok,84.68356281818181,21.88990825688073,19.61616161616162,27.97155870370369
33594,2024-12-22 18:00:00,Asia/Bangkok,85.93816396226414,23.73873873873874,21.60550458715596,28.14364300000001
33595,2024-12-22 19:00:00,Asia/Bangkok,87.1076664814815,23.20909090909091,21.38938053097345,28.02698314285714
33596,2024-12-22 20:00:00,Asia/Bangkok,87.97627728971966,33.36283185840708,27.31372549019608,27.51520140186915
33597,2024-12-22 21:00:00,Asia/Bangkok,90.34994317307694,39.01904761904762,33.24509803921568,26.66521437499998
33598,2024-12-22 22:00:00,Asia/Bangkok,89.97261572815533,30.12621359223301,26.98148148148148,26.25663660194173
33599,2024-12-22 23:00:00,Asia/Bangkok,89.6961609009009,27.97222222222222,25.63551401869159,25.90578583333334
33600,2024-12-23 00:00:00,Asia/Bangkok,89.76476679611646,25.48148148148148,23.36190476190476,25.64876259615385
33601,2024-12-23 01:00:00,Asia/Bangkok,91.6106328846154,23.39814814814815,21.55140186915888,25.11774575471699
33602,2024-12-23 02:00:00,Asia/Bangkok,92.6575915384615,19.1747572815534,17.61,25.10053926605508
33603,2024-12-23 03:00:00,Asia/Bangkok,92.17677320388354,17.3716814159292,15.92792792792793,25.14024510204083
33604,2024-12-23 04:00:00,Asia/Bangkok,91.41238689320386,16.85185185185185,15.38317757009346,24.892115
33605,2024-12-23 05:00:00,Asia/Bangkok,90.52188663461537,16.2843137254902,14.77884615384615,24.93670356435643
33606,2024-12-23 06:00:00,Asia/Bangkok,88.77616925925929,15.60550458715596,14.25714285714286,24.83155598039217
33607,2024-12-23 07:00:00,Asia/Bangkok,86.31536989898989,15.73148148148148,14.29245283018868,24.98278572815536
33608,2024-12-23 08:00:00,Asia/Bangkok,86.03005504854367,17.11818181818182,15.65454545454545,25.24692081081081
33609,2024-12-23 09:00:00,Asia/Bangkok,84.77450061855669,18.08181818181818,16.60185185185185,26.08177205882354
33610,2024-12-23 10:00:00,Asia/Bangkok,82.920256,20.48076923076923,18.78703703703704,27.08691442307689
33611,2024-12-23 11:00:00,Asia/Bangkok,80.23175901785713,20.48695652173913,18.92380952380952,27.75398599999999
33612,2024-12-23 12:00:00,Asia/Bangkok,80.56019972727267,18.84466019417476,17.70786516853932,28.01697916666666
33613,2024-12-23 13:00:00,Asia/Bangkok,73.49100979797983,18.14545454545454,16.72477064220184,30.10805721153846
33614,2024-12-23 14:00:00,Asia/Bangkok,71.50420808080807,17.70588235294118,16.4537037037037,30.10459989999999
33615,2024-12-23 15:00:00,Asia/Bangkok,69.35301801886791,16.64814814814815,15.42,30.77625209523809
33616,2024-12-23 16:00:00,Asia/Bangkok,69.28714923809522,17.01869158878505,15.73584905660377,30.59975342592594
33617,2024-12-23 17:00:00,Asia/Bangkok,71.63101912621357,19.11111111111111,17.63063063063063,29.96193298076923
33618,2024-12-23 18:00:00,Asia/Bangkok,73.80193959595961,28.88679245283019,26.63302752293578,29.10884673469387
33619,2024-12-23 19:00:00,Asia/Bangkok,77.65673725490194,41.51851851851852,35.23762376237624,28.1863171
33620,2024-12-23 20:00:00,Asia/Bangkok,81.80201820754715,61.9245283018868,50.77678571428572,27.18259150943395
33621,2024-12-23 21:00:00,Asia/Bangkok,84.25413196261682,53.34579439252337,42.73737373737374,26.60835609523809
33622,2024-12-23 22:00:00,Asia/Bangkok,85.09801196261684,54.51376146788991,43.97247706422019,26.2634131
33623,2024-12-23 23:00:00,Asia/Bangkok,86.26439676767676,50.92727272727273,41.18181818181818,25.73006933333333
33624,2024-12-24 00:00:00,Asia/Bangkok,86.76280972222222,46.125,37.89908256880734,25.17149689320388
33625,2024-12-24 01:00:00,Asia/Bangkok,86.24745295238094,37.97169811320754,32.72380952380952,25.04930075471697
33626,2024-12-24 02:00:00,Asia/Bangkok,86.69502547169812,32.00900900900901,29.07476635514019,24.6922817647059
33627,2024-12-24 03:00:00,Asia/Bangkok,88.45138528846154,32.25925925925926,28.89090909090909,24.52107962264152
33628,2024-12-24 04:00:00,Asia/Bangkok,86.23890954128444,25.56862745098039,23.24271844660194,24.50146435185188
33629,2024-12-24 05:00:00,Asia/Bangkok,85.94639859813083,24.54205607476635,22.49074074074074,24.49009634615385
33630,2024-12-24 06:00:00,Asia/Bangkok,87.18730826923071,24.42718446601942,22.51612903225806,24.31034237113404
33631,2024-12-24 07:00:00,Asia/Bangkok,88.38815663551401,23.75238095238095,21.87735849056604,24.11633267326732
33632,2024-12-24 08:00:00,Asia/Bangkok,88.47115409999998,25.56603773584906,23.46341463414634,24.28066078431373
33633,2024-12-24 09:00:00,Asia/Bangkok,83.58331710280373,20.85454545454546,19.30172413793104,26.20478467889908
33634,2024-12-24 10:00:00,Asia/Bangkok,76.6124829807692,22.72321428571428,20.68224299065421,28.4977849
33635,2024-12-24 11:00:00,Asia/Bangkok,70.97153300970874,17.06481481481481,15.85714285714286,30.3428464
33636,2024-12-24 12:00:00,Asia/Bangkok,67.79145302752292,14.26126126126126,13.14953271028037,31.60911081818181
33637,2024-12-24 13:00:00,Asia/Bangkok,66.83642691588783,12.7027027027027,11.69642857142857,31.91294676190475
33638,2024-12-24 14:00:00,Asia/Bangkok,63.70108330275229,10.98165137614679,10.12264150943396,32.83628615384615
33639,2024-12-24 15:00:00,Asia/Bangkok,65.70717679245288,11.87254901960784,10.90654205607477,32.03792330097085
33640,2024-12-24 16:00:00,Asia/Bangkok,67.57104346153848,10.375,9.754901960784315,31.1192108653846
33641,2024-12-24 17:00:00,Asia/Bangkok,69.35630037735847,21.02884615384615,19.67619047619048,30.70618184466019
33642,2024-12-24 18:00:00,Asia/Bangkok,70.88989574257425,18.60747663551402,16.94230769230769,30.12419608247425
33643,2024-12-24 19:00:00,Asia/Bangkok,74.66926115384618,53.82075471698113,44.80769230769231,29.13171605769231
33644,2024-12-24 20:00:00,Asia/Bangkok,80.41580121495326,63.4245283018868,50.96969696969697,28.0518345283019
33645,2024-12-24 21:00:00,Asia/Bangkok,83.24450215686271,51.52252252252252,40.72448979591837,27.4941137142857
33646,2024-12-24 22:00:00,Asia/Bangkok,84.2326071428571,54.22222222222222,43.45794392523364,26.89496545454544
33647,2024-12-24 23:00:00,Asia/Bangkok,85.27212712871284,54.40384615384615,43.55670103092783,26.62913028301886
33648,2024-12-25 00:00:00,Asia/Bangkok,85.67211685185184,51.23584905660378,41.39252336448598,26.36997805555557
33649,2024-12-25 01:00:00,Asia/Bangkok,86.805676,50.83018867924528,41.14018691588785,25.85008971962614
33650,2024-12-25 02:00:00,Asia/Bangkok,87.74034717171716,44.43396226415094,36.73584905660378,25.49870533980582
33651,2024-12-25 03:00:00,Asia/Bangkok,88.54516932692306,35.5754716981132,31.02727272727273,25.17253754716982
33652,2024-12-25 04:00:00,Asia/Bangkok,88.80906252427187,30.47706422018349,27.86138613861386,24.993045
33653,2024-12-25 05:00:00,Asia/Bangkok,89.72496058252425,28.74545454545455,26.2,24.64819478723405
33654,2024-12-25 06:00:00,Asia/Bangkok,90.05330183486235,28.0,25.98901098901099,24.39549962264154
33655,2024-12-25 07:00:00,Asia/Bangkok,90.96912383838385,24.47619047619047,22.79245283018868,24.11971567307693
33656,2024-12-25 08:00:00,Asia/Bangkok,92.31382723809527,32.19090909090909,27.83636363636364,24.31513750000001
33657,2024-12-25 09:00:00,Asia/Bangkok,90.37163174757288,29.98181818181818,25.81443298969072,25.90547764705882
33658,2024-12-25 10:00:00,Asia/Bangkok,78.50766740740742,17.04672897196262,15.90322580645161,29.14415948979591
33659,2024-12-25 11:00:00,Asia/Bangkok,74.17113743119263,14.54807692307692,13.49056603773585,30.50558716981133
33660,2024-12-25 12:00:00,Asia/Bangkok,68.10765203883496,15.06930693069307,14.38383838383838,32.1261187
33661,2024-12-25 13:00:00,Asia/Bangkok,68.37545514563105,11.94495412844037,11.15841584158416,31.58372176470589
33662,2024-12-25 14:00:00,Asia/Bangkok,65.62845439252337,10.95454545454546,10.18691588785047,32.60357862745096
33663,2024-12-25 15:00:00,Asia/Bangkok,63.18410177570094,10.12264150943396,9.463636363636363,32.56703660194174
33664,2024-12-25 16:00:00,Asia/Bangkok,63.88399873873876,11.66964285714286,11.0,32.14743468468468
33665,2024-12-25 17:00:00,Asia/Bangkok,69.64951266055047,14.08849557522124,13.34285714285714,31.61445315315314
33666,2024-12-25 18:00:00,Asia/Bangkok,75.53595916666664,18.18518518518519,17.18518518518519,30.08922611111112
33667,2024-12-25 19:00:00,Asia/Bangkok,79.39846041666667,35.9,31.84259259259259,29.21894085714287
33668,2024-12-25 20:00:00,Asia/Bangkok,83.12177513513514,52.43689320388349,43.82558139534883,28.79128980392156
33669,2024-12-25 21:00:00,Asia/Bangkok,88.31260761904763,39.03636363636364,33.47222222222222,27.95803800000001
33670,2024-12-25 22:00:00,Asia/Bangkok,89.45426607843136,42.99107142857143,35.81308411214953,27.2024042307692
33671,2024-12-25 23:00:00,Asia/Bangkok,89.89911404040402,43.61111111111111,36.36936936936937,26.88738847619047
33672,2024-12-26 00:00:00,Asia/Bangkok,90.13920301886792,33.76146788990825,30.57142857142857,26.38565651376148
33673,2024-12-26 01:00:00,Asia/Bangkok,91.08041614678899,23.58181818181818,22.73333333333333,25.7735386792453
33674,2024-12-26 02:00:00,Asia/Bangkok,92.8420216981132,23.5,21.84883720930232,25.40466107843137
33675,2024-12-26 03:00:00,Asia/Bangkok,93.23871421568633,18.41747572815534,17.14814814814815,25.37781175257734
33676,2024-12-26 04:00:00,Asia/Bangkok,92.7761883653846,17.52941176470588,16.17721518987342,25.60785663265309
33677,2024-12-26 05:00:00,Asia/Bangkok,92.98135462264148,19.64077669902913,18.46464646464646,25.35281548076924
33678,2024-12-26 06:00:00,Asia/Bangkok,93.69568055555555,23.1,21.46017699115044,25.17778500000001
33679,2024-12-26 07:00:00,Asia/Bangkok,94.10662330097088,24.29906542056075,22.69642857142857,24.9456305
33680,2024-12-26 08:00:00,Asia/Bangkok,93.90535543689323,26.15740740740741,24.1588785046729,25.05293519607843
33681,2024-12-26 09:00:00,Asia/Bangkok,90.97819710280373,27.53703703703704,25.61165048543689,26.18664763636364
33682,2024-12-26 10:00:00,Asia/Bangkok,82.97510699999994,31.18269230769231,29.05494505494505,28.60690394495413
33683,2024-12-26 11:00:00,Asia/Bangkok,80.70848361904763,27.79411764705882,25.92,29.58126313725489
33684,2024-12-26 12:00:00,Asia/Bangkok,73.8404814563107,17.17171717171717,16.20833333333333,31.17875432692309
33685,2024-12-26 13:00:00,Asia/Bangkok,73.88160069306932,21.99082568807339,20.69879518072289,31.12883561904761
33686,2024-12-26 14:00:00,Asia/Bangkok,80.7429963461538,18.94392523364486,17.62616822429906,30.22182816326532
33687,2024-12-26 15:00:00,Asia/Bangkok,78.8727189090909,13.08181818181818,12.06306306306306,30.17475539215684
33688,2024-12-26 16:00:00,Asia/Bangkok,77.98853527777774,17.91666666666667,17.17757009345794,29.85848650943395
33689,2024-12-26 17:00:00,Asia/Bangkok,80.06410175925927,26.06542056074766,24.54716981132075,29.79973348623851
33690,2024-12-26 18:00:00,Asia/Bangkok,83.07224814159288,29.41284403669725,27.2970297029703,28.86850490909091
33691,2024-12-26 19:00:00,Asia/Bangkok,87.47083055555558,34.21296296296296,30.52,27.70733375
33692,2024-12-26 20:00:00,Asia/Bangkok,89.69019551020409,39.81132075471698,34.10185185185185,27.16436689320388
33693,2024-12-26 21:00:00,Asia/Bangkok,91.28726343137258,40.43689320388349,34.38888888888889,26.5862345263158
33694,2024-12-26 22:00:00,Asia/Bangkok,91.645939,37.19266055045872,32.62162162162162,26.5309925925926
33695,2024-12-26 23:00:00,Asia/Bangkok,92.01170191919194,39.16981132075472,33.41071428571428,26.15458084112149
33696,2024-12-27 00:00:00,Asia/Bangkok,92.7534025961539,38.78504672897196,33.42592592592592,25.95147666666666
33697,2024-12-27 01:00:00,Asia/Bangkok,93.1813030693069,38.13274336283186,33.01801801801802,26.02212199999998
33698,2024-12-27 02:00:00,Asia/Bangkok,93.43458654545454,35.48695652173913,31.49038461538462,25.93386882882884
33699,2024-12-27 03:00:00,Asia/Bangkok,94.00922657657658,31.23300970873786,28.68571428571429,25.92235222222224
33700,2024-12-27 04:00:00,Asia/Bangkok,94.81917436170211,24.90566037735849,23.0625,25.94274021276597
33701,2024-12-27 05:00:00,Asia/Bangkok,95.00823715909088,21.35632183908046,19.92857142857143,25.91451149425288
33702,2024-12-27 06:00:00,Asia/Bangkok,94.93281228571432,18.60747663551402,17.35135135135135,25.77510358490566
33703,2024-12-27 07:00:00,Asia/Bangkok,96.34162742574259,16.99090909090909,15.81818181818182,25.69492724770642
33704,2024-12-27 08:00:00,Asia/Bangkok,96.83814163461537,18.1047619047619,16.75,25.83958788990826
33705,2024-12-27 09:00:00,Asia/Bangkok,97.39789198113206,18.17647058823529,17.03191489361702,26.44973317307694
33706,2024-12-27 10:00:00,Asia/Bangkok,96.83312676470588,18.20408163265306,17.22429906542056,26.73793490000001
33707,2024-12-27 11:00:00,Asia/Bangkok,95.59932603773585,17.62616822429906,16.08571428571429,26.4302410891089
33708,2024-12-27 12:00:00,Asia/Bangkok,95.97923114583334,0.7981651376146789,0.5321100917431193,25.09096716981132
33709,2024-12-27 13:00:00,Asia/Bangkok,96.36670055555558,3.428571428571428,3.1,25.888093853211
33710,2024-12-27 14:00:00,Asia/Bangkok,92.22090465346533,2.91743119266055,2.514018691588785,27.98163699999999
33711,2024-12-27 15:00:00,Asia/Bangkok,87.53570357798169,3.818181818181818,3.194174757281553,28.98559442307693
33712,2024-12-27 16:00:00,Asia/Bangkok,86.71740134615389,4.098214285714286,3.349056603773585,29.30927981132075
33713,2024-12-27 17:00:00,Asia/Bangkok,85.42348611650485,1.067307692307692,0.6037735849056604,28.743375
33714,2024-12-27 18:00:00,Asia/Bangkok,87.24910801980198,4.846846846846847,3.990825688073394,28.26541504950494
33715,2024-12-27 19:00:00,Asia/Bangkok,89.87953712871287,6.231481481481482,5.485436893203883,27.74753708737864
33716,2024-12-27 20:00:00,Asia/Bangkok,92.54430261261263,7.203703703703703,6.327102803738318,27.33048990196078
33717,2024-12-27 21:00:00,Asia/Bangkok,92.85340936363639,5.36936936936937,4.692307692307693,27.13065379999998
33718,2024-12-27 22:00:00,Asia/Bangkok,93.17841127450981,5.572727272727272,4.869158878504673,26.86902663461539
33719,2024-12-27 23:00:00,Asia/Bangkok,93.6472588,6.98,6.39,26.55976274509803
33720,2024-12-28 00:00:00,Asia/Bangkok,93.99764902912625,7.673076923076923,6.938144329896907,26.31475779816513
33721,2024-12-28 01:00:00,Asia/Bangkok,94.22840158415843,10.36036036036036,9.471153846153847,26.27350759999999
33722,2024-12-28 02:00:00,Asia/Bangkok,94.19204638888885,9.054054054054054,8.330357142857142,26.16637100000001
33723,2024-12-28 03:00:00,Asia/Bangkok,94.2383980180181,7.952830188679245,7.436781609195402,26.00960981132071
33724,2024-12-28 04:00:00,Asia/Bangkok,94.31843094339628,6.743119266055046,6.126126126126126,25.92969869158878
33725,2024-12-28 05:00:00,Asia/Bangkok,94.66938990099005,7.694444444444445,7.148148148148148,25.88196484848483
33726,2024-12-28 06:00:00,Asia/Bangkok,95.04015499999998,6.05607476635514,5.609523809523809,25.91887018867926
33727,2024-12-28 07:00:00,Asia/Bangkok,95.64681336448598,4.877358490566038,4.5,25.90360386138615
33728,2024-12-28 08:00:00,Asia/Bangkok,95.96564528846156,3.262135922330097,2.922330097087379,25.78881950000001
33729,2024-12-28 09:00:00,Asia/Bangkok,95.70963308411217,3.910714285714286,3.504672897196262,26.19803805555557
33730,2024-12-28 10:00:00,Asia/Bangkok,89.09672971962618,2.770642201834862,2.373831775700935,28.28032009615385
33731,2024-12-28 11:00:00,Asia/Bangkok,84.53647915887854,1.903508771929824,1.628571428571429,29.57067047169812
33732,2024-12-28 12:00:00,Asia/Bangkok,83.84951124999998,2.471153846153846,2.083333333333333,29.62289836363633
33733,2024-12-28 13:00:00,Asia/Bangkok,85.86937585858587,0.6346153846153846,0.4795918367346939,28.51232673684212
33734,2024-12-28 14:00:00,Asia/Bangkok,88.90486644859811,1.633928571428571,1.324074074074074,27.32980057142857
33735,2024-12-28 15:00:00,Asia/Bangkok,93.79856596330278,1.263636363636364,0.8288288288288288,26.62390245098038
33736,2024-12-28 16:00:00,Asia/Bangkok,94.0691106363636,1.772727272727273,1.383177570093458,26.6630058095238
33737,2024-12-28 17:00:00,Asia/Bangkok,94.87729721153849,1.009090909090909,0.7454545454545455,26.26197712962963
33738,2024-12-28 18:00:00,Asia/Bangkok,94.50134055555553,1.5,0.9716981132075472,26.21240739999999
33739,2024-12-28 19:00:00,Asia/Bangkok,94.49004096153845,3.779816513761468,3.02970297029703,26.05534854368934
33740,2024-12-28 20:00:00,Asia/Bangkok,94.34008570093464,3.018348623853211,2.273584905660377,26.02009018691588
33741,2024-12-28 21:00:00,Asia/Bangkok,94.50566803738315,4.688073394495412,3.9,25.80328799999998
33742,2024-12-28 22:00:00,Asia/Bangkok,95.1980023423423,3.226415094339623,2.728971962616822,25.50593272727272
33743,2024-12-28 23:00:00,Asia/Bangkok,95.3606724175824,2.159574468085106,1.75,25.62240825581394
33744,2024-12-29 00:00:00,Asia/Bangkok,95.45712634615384,3.398148148148148,2.741176470588235,25.46280686274509
33745,2024-12-29 01:00:00,Asia/Bangkok,96.38551875000005,3.481818181818182,2.834862385321101,25.34130069306931
33746,2024-12-29 02:00:00,Asia/Bangkok,96.22310963302748,3.351351351351351,2.62037037037037,25.22547897196261
33747,2024-12-29 03:00:00,Asia/Bangkok,96.16958388349514,3.92156862745098,3.021276595744681,25.1871162385321
33748,2024-12-29 04:00:00,Asia/Bangkok,96.42123549019612,3.69811320754717,2.970588235294118,25.20253542857142
33749,2024-12-29 05:00:00,Asia/Bangkok,96.31560888888893,3.290909090909091,2.669902912621359,25.08809257425741
33750,2024-12-29 06:00:00,Asia/Bangkok,96.38165710280371,2.37037037037037,1.858585858585859,24.99809276190476
33751,2024-12-29 07:00:00,Asia/Bangkok,96.62606834951454,1.906542056074766,1.5,25.09832020000001
33752,2024-12-29 08:00:00,Asia/Bangkok,97.12044990476184,2.327102803738318,1.741379310344828,25.58901471153846
33753,2024-12-29 09:00:00,Asia/Bangkok,97.17326714285711,2.267857142857143,1.790909090909091,26.57218240740742
33754,2024-12-29 10:00:00,Asia/Bangkok,94.779518446602,4.420560747663552,3.869158878504673,25.96462428571431
33755,2024-12-29 11:00:00,Asia/Bangkok,95.71797294117646,5.364485981308412,4.828571428571428,26.79029970588235
33756,2024-12-29 12:00:00,Asia/Bangkok,89.02763231481485,4.724770642201835,4.252631578947368,28.63943383177569
33757,2024-12-29 13:00:00,Asia/Bangkok,86.26638136363634,4.666666666666667,4.168831168831169,28.92252861386137
33758,2024-12-29 14:00:00,Asia/Bangkok,92.28259770000003,3.885416666666667,3.242105263157895,27.07199504854367
33759,2024-12-29 15:00:00,Asia/Bangkok,90.63175226415095,3.846846846846847,3.509615384615385,27.79499714285715
33760,2024-12-29 16:00:00,Asia/Bangkok,89.64640230000005,3.564356435643564,3.278846153846154,28.18637096153848
33761,2024-12-29 17:00:00,Asia/Bangkok,90.00026307692309,4.320388349514563,3.841121495327103,27.53138806451614
33762,2024-12-29 18:00:00,Asia/Bangkok,93.2447434313725,11.13888888888889,9.756756756756756,27.15322637254903
33763,2024-12-29 19:00:00,Asia/Bangkok,93.65339903508767,5.981981981981982,5.37962962962963,26.17776284403673
33764,2024-12-29 20:00:00,Asia/Bangkok,95.24603047619043,5.892156862745098,5.352380952380952,25.62316963302752
33765,2024-12-29 21:00:00,Asia/Bangkok,96.01992486238532,5.91588785046729,5.302752293577981,25.63107445454546
33766,2024-12-29 22:00:00,Asia/Bangkok,95.40788509433962,7.252336448598131,6.566037735849057,25.86131254901959
33767,2024-12-29 23:00:00,Asia/Bangkok,95.15378277227724,8.116504854368932,7.318681318681318,25.54923627659576
33768,2024-12-30 00:00:00,Asia/Bangkok,95.14127724770643,8.981981981981981,8.344444444444445,25.48222761467892
33769,2024-12-30 01:00:00,Asia/Bangkok,95.07186560747662,8.642201834862385,7.894230769230769,25.44279060606059
33770,2024-12-30 02:00:00,Asia/Bangkok,95.21686915887847,7.342342342342342,6.703296703296703,25.35903019607843
33771,2024-12-30 03:00:00,Asia/Bangkok,96.04626855769234,8.871559633027523,7.933962264150943,25.3402462962963
33772,2024-12-30 04:00:00,Asia/Bangkok,96.01565743119261,7.467289719626168,6.685185185185185,25.50766424528306
33773,2024-12-30 05:00:00,Asia/Bangkok,96.2788150458716,8.027272727272727,7.453703703703703,25.48021470588236
33774,2024-12-30 06:00:00,Asia/Bangkok,96.3102088571429,7.201923076923077,6.644859813084112,25.35845509433963
33775,2024-12-30 07:00:00,Asia/Bangkok,96.34539245283014,6.773584905660377,6.279569892473118,25.08399650485437
33776,2024-12-30 08:00:00,Asia/Bangkok,96.89266037735845,6.05050505050505,5.595959595959596,25.27649582524272
33777,2024-12-30 09:00:00,Asia/Bangkok,97.3246762264151,5.935185185185185,5.564356435643564,25.54700436893205
33778,2024-12-30 10:00:00,Asia/Bangkok,94.48625262626265,3.883928571428572,3.583333333333333,26.24393714285716
33779,2024-12-30 11:00:00,Asia/Bangkok,88.6258161607143,4.648648648648648,4.220183486238532,28.0054559090909
33780,2024-12-30 12:00:00,Asia/Bangkok,81.74047830188674,5.171428571428572,4.814814814814815,30.01808711538462
33781,2024-12-30 13:00:00,Asia/Bangkok,76.60644268817208,7.281553398058253,6.75925925925926,30.96875101010099
33782,2024-12-30 14:00:00,Asia/Bangkok,73.67125504761904,7.880733944954128,7.452830188679245,31.15080866666666
33783,2024-12-30 15:00:00,Asia/Bangkok,71.72293451923075,9.351851851851851,8.714285714285714,31.26841538461538
33784,2024-12-30 16:00:00,Asia/Bangkok,75.56744745454543,10.71171171171171,10.11009174311927,30.50896166666666
33785,2024-12-30 17:00:00,Asia/Bangkok,77.3081780952381,12.15533980582524,11.52336448598131,29.90821941747575
33786,2024-12-30 18:00:00,Asia/Bangkok,79.49267380952385,14.83636363636364,13.37078651685393,29.31318572727272
33787,2024-12-30 19:00:00,Asia/Bangkok,81.4431064423077,19.01785714285714,17.23333333333333,28.8375315
33788,2024-12-30 20:00:00,Asia/Bangkok,85.34175981481485,20.63366336633663,19.57009345794393,28.00007424242425
33789,2024-12-30 21:00:00,Asia/Bangkok,87.48721009523811,17.36111111111111,16.68888888888889,27.48384834951455
33790,2024-12-30 22:00:00,Asia/Bangkok,88.52895,24.30841121495327,22.8411214953271,27.0688682857143
33791,2024-12-30 23:00:00,Asia/Bangkok,89.13171851851851,28.14814814814815,26.22448979591837,26.46947534653465
33792,2024-12-31 00:00:00,Asia/Bangkok,90.01571851485149,28.69724770642202,26.71559633027523,26.02265444444443
33793,2024-12-31 01:00:00,Asia/Bangkok,90.59337742857146,27.24299065420561,25.14705882352941,25.73310759259261
33794,2024-12-31 02:00:00,Asia/Bangkok,91.34187307692312,35.97169811320754,31.58095238095238,25.38331525252526
33795,2024-12-31 03:00:00,Asia/Bangkok,92.47795831775699,29.3,26.86607142857143,25.05814700934581
33796,2024-12-31 04:00:00,Asia/Bangkok,93.2883899009901,24.22222222222222,22.29523809523809,24.89101224299068
33797,2024-12-31 05:00:00,Asia/Bangkok,93.1303754716981,21.26605504587156,19.81981981981982,24.83945871559631
33798,2024-12-31 06:00:00,Asia/Bangkok,93.32422693877555,20.0,18.35849056603774,24.60694904255321
33799,2024-12-31 07:00:00,Asia/Bangkok,93.59373643564355,23.48148148148148,22.09523809523809,24.54919084210527
33800,2024-12-31 08:00:00,Asia/Bangkok,94.3140813761468,25.81132075471698,24.34579439252336,24.57574386792454
33801,2024-12-31 09:00:00,Asia/Bangkok,94.53167971962614,20.4811320754717,19.1588785046729,25.72802442307693
33802,2024-12-31 10:00:00,Asia/Bangkok,83.91566420560748,15.07339449541284,14.08910891089109,28.69548532710281
33803,2024-12-31 11:00:00,Asia/Bangkok,76.59510830188681,15.50943396226415,14.53846153846154,30.5247301923077
33804,2024-12-31 12:00:00,Asia/Bangkok,69.7875363106796,12.07339449541284,11.36448598130841,31.52489879629629
33805,2024-12-31 13:00:00,Asia/Bangkok,66.03053474747476,11.3125,10.66666666666667,32.63027387755101
33806,2024-12-31 14:00:00,Asia/Bangkok,63.21935467289717,10.27522935779817,9.79611650485437,33.19497475247525
33807,2024-12-31 15:00:00,Asia/Bangkok,63.00552910891091,12.26415094339623,11.7047619047619,32.95690515789472
33808,2024-12-31 16:00:00,Asia/Bangkok,63.88799853211008,15.48181818181818,14.53932584269663,32.61728727272727
33809,2024-12-31 17:00:00,Asia/Bangkok,67.6974550892857,16.37719298245614,15.57,31.26275018867922
33810,2024-12-31 18:00:00,Asia/Bangkok,71.84329009433961,23.30841121495327,21.41121495327103,30.06807653846153
33811,2024-12-31 19:00:00,Asia/Bangkok,76.81243276190476,38.9375,31.84090909090909,29.27066480392152
33812,2024-12-31 20:00:00,Asia/Bangkok,81.55187292929291,87.76576576576576,77.2871287128713,28.53073951923075
33813,2024-12-31 21:00:00,Asia/Bangkok,83.95378575471698,57.11650485436893,47.19642857142857,27.86622047169811
33814,2024-12-31 22:00:00,Asia/Bangkok,86.03375375000003,54.6875,45.09821428571428,27.15812235294115
33815,2024-12-31 23:00:00,Asia/Bangkok,87.55508121212121,70.34313725490196,57.97087378640776,26.77030542857142
33816,2025-01-01 00:00:00,Asia/Bangkok,88.10292384615383,67.24038461538461,54.53260869565217,26.44267395833333
33817,2025-01-01 01:00:00,Asia/Bangkok,88.98643346153844,69.17142857142858,56.18823529411765,26.00544565656566
33818,2025-01-01 02:00:00,Asia/Bangkok,89.11530361904767,68.00961538461539,55.8018018018018,25.67514702970301
33819,2025-01-01 03:00:00,Asia/Bangkok,89.67566330275235,56.72477064220183,45.68867924528302,25.27902298076924
33820,2025-01-01 04:00:00,Asia/Bangkok,89.79604233009711,46.46846846846847,38.36111111111111,24.85385524271844
33821,2025-01-01 05:00:00,Asia/Bangkok,90.19101380530971,40.92105263157895,34.48,24.5136154954955
33822,2025-01-01 06:00:00,Asia/Bangkok,90.55876009523806,54.45871559633027,46.50495049504951,24.135033814433
33823,2025-01-01 07:00:00,Asia/Bangkok,91.08419613207548,46.06481481481482,42.41379310344828,23.99146247524752
33824,2025-01-01 08:00:00,Asia/Bangkok,91.96646259615385,32.8411214953271,29.96666666666667,24.19856778846154
33825,2025-01-01 09:00:00,Asia/Bangkok,88.46099726415096,22.29807692307692,21.44736842105263,25.61978079207922
33826,2025-01-01 10:00:00,Asia/Bangkok,80.02452648148147,18.27027027027027,16.99056603773585,28.03751300970875
33827,2025-01-01 11:00:00,Asia/Bangkok,75.23488785714288,43.48,38.2,29.34665904761904
33828,2025-01-01 12:00:00,Asia/Bangkok,71.09038752380955,21.54716981132075,19.32038834951456,30.52800519999999
33829,2025-01-01 13:00:00,Asia/Bangkok,69.48535386792454,16.8348623853211,15.90566037735849,30.83726201923078
33830,2025-01-01 14:00:00,Asia/Bangkok,67.82671884615385,15.64035087719298,14.73394495412844,31.16386902912621
33831,2025-01-01 15:00:00,Asia/Bangkok,64.61220431372547,14.0377358490566,13.12941176470588,32.21439603773585
33832,2025-01-01 16:00:00,Asia/Bangkok,63.59653711538462,15.78301886792453,14.81481481481481,32.41651037735851
33833,2025-01-01 17:00:00,Asia/Bangkok,65.1630491089109,22.96,21.30909090909091,31.49952944444445
33834,2025-01-01 18:00:00,Asia/Bangkok,69.12067558558559,25.51785714285714,24.15238095238095,30.59086906542056
33835,2025-01-01 19:00:00,Asia/Bangkok,75.0143435,80.23853211009174,72.37614678899082,29.40067707547172
33836,2025-01-01 20:00:00,Asia/Bangkok,82.92967148514853,93.98148148148148,83.15151515151516,27.78486346534651
33837,2025-01-01 21:00:00,Asia/Bangkok,85.77357752380951,93.80357142857143,76.58095238095238,27.06869896226413
33838,2025-01-01 22:00:00,Asia/Bangkok,86.7246041904762,46.72972972972973,38.35454545454545,26.8608332038835
33839,2025-01-01 23:00:00,Asia/Bangkok,87.27075636363638,68.17924528301887,56.46464646464646,26.41599461538461
33840,2025-01-02 00:00:00,Asia/Bangkok,87.49605813084115,54.85576923076923,44.47706422018349,25.92195036697247
33841,2025-01-02 01:00:00,Asia/Bangkok,88.94874540816328,47.22935779816514,38.91509433962264,25.33674041666668
33842,2025-01-02 02:00:00,Asia/Bangkok,89.59615295238099,46.11009174311926,38.12037037037037,24.97468028301887
33843,2025-01-02 03:00:00,Asia/Bangkok,90.49182580952379,43.62135922330097,36.12264150943396,24.53886828282827
33844,2025-01-02 04:00:00,Asia/Bangkok,91.07308306122445,45.25454545454546,37.17592592592592,24.32208430107528
33845,2025-01-02 05:00:00,Asia/Bangkok,91.23734313725492,42.28181818181818,35.21621621621622,24.14598981481484
33846,2025-01-02 06:00:00,Asia/Bangkok,91.93215040816328,36.33018867924528,31.8,23.95273490196077
33847,2025-01-02 07:00:00,Asia/Bangkok,92.6664554716981,28.91818181818182,26.8921568627451,23.92957242990655
33848,2025-01-02 08:00:00,Asia/Bangkok,93.63461134615389,30.12264150943396,27.56989247311828,24.15600066037737
33849,2025-01-02 09:00:00,Asia/Bangkok,92.73960376146792,32.0625,27.58653846153846,25.70668155963303
33850,2025-01-02 10:00:00,Asia/Bangkok,79.42426429906541,19.41509433962264,18.05504587155963,29.18264264150943
33851,2025-01-02 11:00:00,Asia/Bangkok,72.89254018018016,16.9009009009009,15.90804597701149,31.08499999999998
33852,2025-01-02 12:00:00,Asia/Bangkok,68.78113392156864,14.42857142857143,13.51851851851852,32.44071858490566
33853,2025-01-02 13:00:00,Asia/Bangkok,67.94378855769229,13.91588785046729,13.17592592592593,32.69184043010753
33854,2025-01-02 14:00:00,Asia/Bangkok,64.73886646464648,13.16037735849057,12.36036036036036,33.32148584158416
33855,2025-01-02 15:00:00,Asia/Bangkok,67.942528018018,15.84821428571429,14.94897959183673,32.37154311320752
33856,2025-01-02 16:00:00,Asia/Bangkok,68.4252286607143,14.14912280701754,13.31372549019608,31.77793722222222
33857,2025-01-02 17:00:00,Asia/Bangkok,69.4134840776699,20.19444444444444,18.56603773584906,31.29717432692306
33858,2025-01-02 18:00:00,Asia/Bangkok,72.65846339449544,20.32110091743119,19.08108108108108,30.35974943925232
33859,2025-01-02 19:00:00,Asia/Bangkok,77.30820800000004,24.48181818181818,22.8,29.59361915094338
33860,2025-01-02 20:00:00,Asia/Bangkok,81.75223924528298,39.90909090909091,34.46363636363636,28.69014000000001
33861,2025-01-02 21:00:00,Asia/Bangkok,83.55648333333335,40.46728971962617,34.0,28.40124599999999
33862,2025-01-02 22:00:00,Asia/Bangkok,85.21603316831684,50.93693693693694,41.65217391304348,27.72692563106796
33863,2025-01-02 23:00:00,Asia/Bangkok,86.36870047169812,55.19607843137255,44.60824742268041,27.20464093457946
33864,2025-01-03 00:00:00,Asia/Bangkok,86.95151380952376,49.8252427184466,40.8,26.73914923809524
33865,2025-01-03 01:00:00,Asia/Bangkok,88.38534180952385,53.19417475728155,43.16822429906542,26.1435675
33866,2025-01-03 02:00:00,Asia/Bangkok,88.88330173076926,46.10280373831776,38.18518518518518,25.89877617647059
33867,2025-01-03 03:00:00,Asia/Bangkok,89.82375814814813,45.50943396226415,37.75,25.42989942307694
33868,2025-01-03 04:00:00,Asia/Bangkok,90.43909515151515,38.14953271028038,33.18348623853211,25.18890449541284
33869,2025-01-03 05:00:00,Asia/Bangkok,90.4974022727273,32.97272727272728,29.97297297297297,25.01864103773586
33870,2025-01-03 06:00:00,Asia/Bangkok,90.8202874038462,32.52727272727272,29.49425287356322,24.7689476699029
33871,2025-01-03 07:00:00,Asia/Bangkok,91.33438811320755,35.41666666666666,31.43298969072165,24.52430614035091
33872,2025-01-03 08:00:00,Asia/Bangkok,92.53389508928569,41.32323232323233,35.46875,24.72945453703704
33873,2025-01-03 09:00:00,Asia/Bangkok,88.76697813084107,38.51818181818182,33.79824561403509,26.3657999074074
33874,2025-01-03 10:00:00,Asia/Bangkok,79.25266872727275,23.23148148148148,21.91150442477876,29.46131690265486
33875,2025-01-03 11:00:00,Asia/Bangkok,73.86872930693067,21.90566037735849,20.69158878504673,31.1107410091743
33876,2025-01-03 12:00:00,Asia/Bangkok,67.48148333333333,19.18348623853211,18.08035714285714,32.72703373831773
33877,2025-01-03 13:00:00,Asia/Bangkok,65.40986476635514,16.7787610619469,15.92592592592593,33.26513495412844
33878,2025-01-03 14:00:00,Asia/Bangkok,62.51288447619046,15.36274509803922,14.67619047619048,33.95215900990101
33879,2025-01-03 15:00:00,Asia/Bangkok,61.25042485436894,25.14851485148515,23.00943396226415,34.15140217821783
33880,2025-01-03 16:00:00,Asia/Bangkok,60.77210656862742,27.01020408163265,24.42268041237113,33.55311848484849
33881,2025-01-03 17:00:00,Asia/Bangkok,65.29318095238096,34.70093457943926,30.40740740740741,32.05846752380952
33882,2025-01-03 18:00:00,Asia/Bangkok,68.78852672897195,44.69724770642202,39.18181818181818,31.23429979166667
33883,2025-01-03 19:00:00,Asia/Bangkok,75.39603735849056,55.76851851851852,45.4235294117647,29.88096169999999
33884,2025-01-03 20:00:00,Asia/Bangkok,78.81917623853211,55.2803738317757,45.12359550561798,29.49952933962263
33885,2025-01-03 21:00:00,Asia/Bangkok,81.90693607476634,59.27522935779817,49.35353535353536,28.71543846846848
33886,2025-01-03 22:00:00,Asia/Bangkok,84.16786951923079,80.74107142857143,71.50909090909092,27.96945821782179
33887,2025-01-03 23:00:00,Asia/Bangkok,85.77428990476197,63.5,50.42718446601942,27.38075317307691
33888,2025-01-04 00:00:00,Asia/Bangkok,86.78289721153841,59.15238095238095,47.3047619047619,27.05604135416666
33889,2025-01-04 01:00:00,Asia/Bangkok,88.92128047619049,53.05882352941177,43.53,26.60523735294119
33890,2025-01-04 02:00:00,Asia/Bangkok,90.90777875000002,46.98076923076923,38.91428571428571,26.65513354166666
33891,2025-01-04 03:00:00,Asia/Bangkok,89.84271166666657,28.52830188679245,26.7027027027027,26.45057971153847
33892,2025-01-04 04:00:00,Asia/Bangkok,89.9047966666667,24.51785714285714,22.91818181818182,26.14384690909091
33893,2025-01-04 05:00:00,Asia/Bangkok,90.54351084112152,23.33035714285714,21.81818181818182,25.65130169642861
33894,2025-01-04 06:00:00,Asia/Bangkok,91.30006989795919,27.30841121495327,25.48571428571428,25.42004689320389
33895,2025-01-04 07:00:00,Asia/Bangkok,91.70740826530617,28.4368932038835,26.42592592592593,25.23798896907217
33896,2025-01-04 08:00:00,Asia/Bangkok,94.17974128712868,27.27272727272727,24.70754716981132,25.49629156862745
33897,2025-01-04 09:00:00,Asia/Bangkok,94.3179776190476,20.2962962962963,19.05405405405405,26.1777454368932
33898,2025-01-04 10:00:00,Asia/Bangkok,88.68950048076923,22.49074074074074,21.11224489795918,28.21808656862745
33899,2025-01-04 11:00:00,Asia/Bangkok,79.24590235849057,19.9009009009009,19.0188679245283,30.37693807692307
33900,2025-01-04 12:00:00,Asia/Bangkok,74.12811262626259,22.61702127659574,21.35789473684211,31.71800155339808
33901,2025-01-04 13:00:00,Asia/Bangkok,72.6211991919192,21.7962962962963,20.33928571428572,31.94416358490565
33902,2025-01-04 14:00:00,Asia/Bangkok,75.33835444444445,18.78947368421053,17.73584905660377,31.05052238532111
33903,2025-01-04 15:00:00,Asia/Bangkok,80.53456893203882,23.31481481481481,22.13207547169811,30.24659274509803
33904,2025-01-04 16:00:00,Asia/Bangkok,76.24379982142857,26.64220183486238,25.16822429906542,30.81380504672898
33905,2025-01-04 17:00:00,Asia/Bangkok,76.8911851428571,26.63636363636364,23.97087378640777,30.49465513761469
33906,2025-01-04 18:00:00,Asia/Bangkok,80.00919761904767,25.2156862745098,23.35454545454546,29.939642293578
33907,2025-01-04 19:00:00,Asia/Bangkok,82.61444737864083,18.0,17.10679611650485,28.90288818181815
33908,2025-01-04 20:00:00,Asia/Bangkok,90.56116999999998,14.39805825242718,13.61224489795918,27.29397410000001
33909,2025-01-04 21:00:00,Asia/Bangkok,92.18964561904755,16.4537037037037,15.45945945945946,27.0048928037383
33910,2025-01-04 22:00:00,Asia/Bangkok,91.92914019801978,19.28318584070797,18.13888888888889,26.88874644230771
33911,2025-01-04 23:00:00,Asia/Bangkok,91.14851550000002,18.35294117647059,17.26415094339623,26.78511874999999
33912,2025-01-05 00:00:00,Asia/Bangkok,91.74831066037734,16.95495495495495,15.78378378378378,26.4271162264151
33913,2025-01-05 01:00:00,Asia/Bangkok,92.58157653846155,15.45283018867925,14.28571428571429,26.04336949494947
33914,2025-01-05 02:00:00,Asia/Bangkok,92.92241580952383,14.94594594594595,14.0,25.83603171717173
33915,2025-01-05 03:00:00,Asia/Bangkok,93.86877119266049,21.94230769230769,19.61702127659574,25.71912718446601
33916,2025-01-05 04:00:00,Asia/Bangkok,94.08031787037034,17.54464285714286,16.23636363636364,25.68678818181818
33917,2025-01-05 05:00:00,Asia/Bangkok,93.90549183486236,16.07339449541285,15.08108108108108,25.57781728971965
33918,2025-01-05 06:00:00,Asia/Bangkok,93.59306673469389,16.79279279279279,15.61818181818182,25.30064262626262
33919,2025-01-05 07:00:00,Asia/Bangkok,93.99492698113207,19.13333333333333,17.7578947368421,24.97899474226805
33920,2025-01-05 08:00:00,Asia/Bangkok,94.9912920560748,31.70909090909091,27.54255319148936,25.27908585585586
33921,2025-01-05 09:00:00,Asia/Bangkok,95.39919224299067,19.56435643564356,18.25471698113208,26.15109693069309
33922,2025-01-05 10:00:00,Asia/Bangkok,92.33627216216219,15.19090909090909,14.30841121495327,27.00873672897195
33923,2025-01-05 11:00:00,Asia/Bangkok,85.46562273584907,10.46788990825688,9.929292929292929,28.4394893137255
33924,2025-01-05 12:00:00,Asia/Bangkok,76.48408876190473,11.39,10.85555555555556,30.19432707070706
33925,2025-01-05 13:00:00,Asia/Bangkok,76.34259887850466,12.07692307692308,11.43564356435644,31.1789171296296
33926,2025-01-05 14:00:00,Asia/Bangkok,75.23865273584907,13.37719298245614,12.73831775700935,30.62583254901961
33927,2025-01-05 15:00:00,Asia/Bangkok,72.32203093457949,17.06422018348624,15.93203883495146,30.13424224299064
33928,2025-01-05 16:00:00,Asia/Bangkok,68.18610676470587,16.28571428571428,15.35514018691589,31.01946543689319
33929,2025-01-05 17:00:00,Asia/Bangkok,74.7373122330097,15.84545454545455,14.97222222222222,30.35781433628318
33930,2025-01-05 18:00:00,Asia/Bangkok,82.10494428571434,19.03738317757009,17.9,28.82035912621357
33931,2025-01-05 19:00:00,Asia/Bangkok,86.08913302752298,18.86666666666667,17.88541666666667,27.09641283018869
33932,2025-01-05 20:00:00,Asia/Bangkok,86.94722933962261,19.33333333333333,18.16981132075472,26.28573933962262
33933,2025-01-05 21:00:00,Asia/Bangkok,87.58389882352941,19.68807339449541,18.50980392156863,25.9763295145631
33934,2025-01-05 22:00:00,Asia/Bangkok,88.18684438095231,20.19230769230769,19.09803921568627,25.94115960784314
33935,2025-01-05 23:00:00,Asia/Bangkok,89.36862654205608,20.40540540540541,19.16964285714286,26.05077330188677
33936,2025-01-06 00:00:00,Asia/Bangkok,91.32548194174761,22.09174311926606,20.63963963963964,25.92123747572816
33937,2025-01-06 01:00:00,Asia/Bangkok,92.73949690000003,19.77570093457944,18.625,25.65837098039216
33938,2025-01-06 02:00:00,Asia/Bangkok,93.24982707547171,22.87387387387387,21.27522935779816,25.3956824509804
33939,2025-01-06 03:00:00,Asia/Bangkok,94.29367207547172,27.71681415929203,25.78703703703704,24.95468115384616
33940,2025-01-06 04:00:00,Asia/Bangkok,93.98576327102803,27.59090909090909,25.66964285714286,24.93353431192662
33941,2025-01-06 05:00:00,Asia/Bangkok,93.83808752293572,28.11818181818182,26.19469026548673,24.95649198113209
33942,2025-01-06 06:00:00,Asia/Bangkok,93.93191949494951,28.94642857142857,27.1,24.71797509433962
33943,2025-01-06 07:00:00,Asia/Bangkok,93.50515074766358,32.14545454545455,29.34905660377358,24.53168788990826
33944,2025-01-06 08:00:00,Asia/Bangkok,92.33413475728152,32.21153846153846,29.01869158878505,24.64764075471697
33945,2025-01-06 09:00:00,Asia/Bangkok,90.0649535238095,29.77142857142857,27.60919540229885,25.66116991071428
33946,2025-01-06 10:00:00,Asia/Bangkok,84.93876020202025,29.81651376146789,27.49019607843137,27.71819199999999
33947,2025-01-06 11:00:00,Asia/Bangkok,83.18289399999996,30.125,28.04587155963303,27.92895831578948
33948,2025-01-06 12:00:00,Asia/Bangkok,86.26756596330274,62.8,55.08333333333334,27.72032847619047
33949,2025-01-06 13:00:00,Asia/Bangkok,78.9428572115385,51.46363636363636,46.11214953271028,29.06852356435645
33950,2025-01-06 14:00:00,Asia/Bangkok,83.95974729999998,35.92380952380952,31.67,27.83359079207922
33951,2025-01-06 15:00:00,Asia/Bangkok,85.8706296153846,24.34259259259259,22.89814814814815,27.65653825242719
33952,2025-01-06 16:00:00,Asia/Bangkok,89.32277846153842,26.57575757575757,24.83333333333333,27.26234480392157
33953,2025-01-06 17:00:00,Asia/Bangkok,90.05737168316828,30.36538461538462,28.16666666666667,26.67551282828284
33954,2025-01-06 18:00:00,Asia/Bangkok,90.68437981651375,34.0,30.76415094339623,26.22832635514019
33955,2025-01-06 19:00:00,Asia/Bangkok,91.13697104166664,44.39622641509434,37.68817204301075,25.67358752577323
33956,2025-01-06 20:00:00,Asia/Bangkok,91.57427970873786,45.50961538461539,38.43023255813954,25.48794700934577
33957,2025-01-06 21:00:00,Asia/Bangkok,92.45363518867926,34.89189189189189,31.18888888888889,25.31891116504853
33958,2025-01-06 22:00:00,Asia/Bangkok,92.81448010000003,36.52884615384615,32.31192660550459,25.26123943396227
33959,2025-01-06 23:00:00,Asia/Bangkok,93.45197093457945,35.85321100917431,31.85148514851485,25.09511118181819
33960,2025-01-07 00:00:00,Asia/Bangkok,93.56576787037031,34.82727272727273,31.33333333333333,25.00552323529411
33961,2025-01-07 01:00:00,Asia/Bangkok,93.34403038095236,35.59047619047619,31.57281553398058,25.06810495412846
33962,2025-01-07 02:00:00,Asia/Bangkok,92.69660289719619,33.94495412844037,30.70588235294118,25.18681134020618
33963,2025-01-07 03:00:00,Asia/Bangkok,92.24467629999994,32.00961538461539,29.56603773584906,25.20358520833335
33964,2025-01-07 04:00:00,Asia/Bangkok,91.99387017391301,31.39473684210526,29.06363636363636,24.9794695412844
33965,2025-01-07 05:00:00,Asia/Bangkok,92.63848851485149,31.93396226415094,29.23300970873786,24.89770112149531
33966,2025-01-07 06:00:00,Asia/Bangkok,92.960183592233,31.73333333333333,29.05555555555556,24.79319282828283
33967,2025-01-07 07:00:00,Asia/Bangkok,92.99272189999999,35.64150943396226,31.78125,24.90890719626168
33968,2025-01-07 08:00:00,Asia/Bangkok,92.68142887850463,31.80769230769231,29.32710280373832,24.99240870370371
33969,2025-01-07 09:00:00,Asia/Bangkok,92.47582038834952,31.19469026548673,28.98165137614679,25.62975873786408
33970,2025-01-07 10:00:00,Asia/Bangkok,85.48645962616821,27.38738738738739,25.74038461538462,27.53519049019609
33971,2025-01-07 11:00:00,Asia/Bangkok,78.70064,25.45192307692308,24.05154639175258,29.33177707547168
33972,2025-01-07 12:00:00,Asia/Bangkok,76.42784774509806,64.32727272727273,53.58715596330275,30.26656887755102
33973,2025-01-07 13:00:00,Asia/Bangkok,71.9152283653846,25.53508771929825,24.07619047619048,30.85104216981131
33974,2025-01-07 14:00:00,Asia/Bangkok,73.42718409523812,24.02702702702703,22.62962962962963,30.35024037383179
33975,2025-01-07 15:00:00,Asia/Bangkok,75.77672712962963,36.37383177570094,32.12621359223301,29.48304490384614
33976,2025-01-07 16:00:00,Asia/Bangkok,75.14439236842108,37.46363636363636,34.36607142857143,29.50283099999999
33977,2025-01-07 17:00:00,Asia/Bangkok,75.63689063636365,60.97222222222222,50.54205607476636,29.32491675925924
33978,2025-01-07 18:00:00,Asia/Bangkok,78.12928419642856,32.80357142857143,30.05172413793104,28.83682286956523
33979,2025-01-07 19:00:00,Asia/Bangkok,80.25475342857143,33.04587155963303,30.3302752293578,28.43508681818182
33980,2025-01-07 20:00:00,Asia/Bangkok,82.38477679611651,38.80530973451327,33.41818181818182,28.26209752380953
33981,2025-01-07 21:00:00,Asia/Bangkok,84.51739535353535,42.32407407407408,35.70707070707071,27.78631946808511
33982,2025-01-07 22:00:00,Asia/Bangkok,87.68758752475253,53.24271844660194,43.4,27.03503150000001
33983,2025-01-07 23:00:00,Asia/Bangkok,89.34194523364484,46.77981651376147,38.96,26.49841209523809
33984,2025-01-08 00:00:00,Asia/Bangkok,90.19148294736839,47.17307692307692,39.1743119266055,26.05734401960785
33985,2025-01-08 01:00:00,Asia/Bangkok,90.82731560747663,50.90990990990991,41.61111111111111,25.63073826923081
33986,2025-01-08 02:00:00,Asia/Bangkok,91.2518747169811,55.14150943396226,44.73831775700935,25.47993551401872
33987,2025-01-08 03:00:00,Asia/Bangkok,91.15444199999999,49.75229357798165,40.90178571428572,25.1906480733945
33988,2025-01-08 04:00:00,Asia/Bangkok,91.51125960784312,47.0,39.1875,24.81345942307693
33989,2025-01-08 05:00:00,Asia/Bangkok,91.8422167961165,51.12612612612612,41.6936936936937,24.51429990654205
33990,2025-01-08 06:00:00,Asia/Bangkok,92.18043978947368,49.7047619047619,40.49090909090909,24.36530663157895
33991,2025-01-08 07:00:00,Asia/Bangkok,92.08218057692304,47.72727272727273,39.14285714285715,24.26052367924532
33992,2025-01-08 08:00:00,Asia/Bangkok,93.14102320000003,48.20952380952381,40.39393939393939,24.4393118
33993,2025-01-08 09:00:00,Asia/Bangkok,93.71893046728972,36.25,32.34862385321101,25.88534230769232
33994,2025-01-08 10:00:00,Asia/Bangkok,83.51288316831682,28.89380530973451,27.41509433962264,28.20669643564358
33995,2025-01-08 11:00:00,Asia/Bangkok,74.39386626262626,29.23809523809524,27.09708737864078,29.78088199999999
33996,2025-01-08 12:00:00,Asia/Bangkok,66.31743866666666,30.26666666666667,28.11214953271028,31.07667046728971
33997,2025-01-08 13:00:00,Asia/Bangkok,62.42755345794393,23.65420560747664,22.29411764705882,31.9388614953271
33998,2025-01-08 14:00:00,Asia/Bangkok,62.41141972222222,20.42592592592593,19.53846153846154,31.9848054
33999,2025-01-08 15:00:00,Asia/Bangkok,61.20291559633028,19.90566037735849,19.08910891089109,32.50654120370371
34000,2025-01-08 16:00:00,Asia/Bangkok,64.69146476635512,21.5188679245283,20.5,31.79725841121494
34001,2025-01-08 17:00:00,Asia/Bangkok,66.95630708737865,34.48148148148148,31.54545454545455,30.68113676190475
34002,2025-01-08 18:00:00,Asia/Bangkok,68.9557443137255,34.76785714285715,30.57657657657658,30.21308324324322
34003,2025-01-08 19:00:00,Asia/Bangkok,74.223548317757,58.75925925925926,49.7037037037037,29.6198981904762
34004,2025-01-08 20:00:00,Asia/Bangkok,79.46961820754716,48.38532110091743,40.00934579439252,28.57065383177569
34005,2025-01-08 21:00:00,Asia/Bangkok,83.78413695238095,85.47115384615384,76.125,27.55885745098038
34006,2025-01-08 22:00:00,Asia/Bangkok,86.09367686274511,72.76923076923077,64.58163265306122,27.13443561224487
34007,2025-01-08 23:00:00,Asia/Bangkok,,52.0,44.0,
34008,2025-01-09 02:00:00,Asia/Bangkok,87.27262329545466,48.29662921348314,40.02027027027027,26.10187112643678
34009,2025-01-09 03:00:00,Asia/Bangkok,88.92245740740739,44.83168316831683,37.30188679245283,25.09461603603605
34010,2025-01-09 04:00:00,Asia/Bangkok,89.60060563106798,43.01851851851852,36.19607843137255,24.78540649484535
34011,2025-01-09 05:00:00,Asia/Bangkok,91.37711398058252,40.12727272727273,34.42307692307692,24.7393217142857
34012,2025-01-09 06:00:00,Asia/Bangkok,91.32349037735852,38.21904761904762,33.49397590361446,24.94783885714285
34013,2025-01-09 07:00:00,Asia/Bangkok,91.5157031481481,37.06603773584906,32.79439252336449,24.68484716981134
34014,2025-01-09 08:00:00,Asia/Bangkok,92.09050066037732,63.26851851851852,51.46296296296296,24.86199632075473
34015,2025-01-09 09:00:00,Asia/Bangkok,90.78091280373832,51.26923076923077,42.24489795918367,26.24532775510205
34016,2025-01-09 10:00:00,Asia/Bangkok,82.40194708737867,33.33653846153846,30.79411764705882,28.52333438095238
34017,2025-01-09 11:00:00,Asia/Bangkok,75.4282302970297,29.65656565656566,27.79611650485437,29.49595179245284
34018,2025-01-09 12:00:00,Asia/Bangkok,68.35620428571426,26.52380952380953,25.14814814814815,31.05287929292926
34019,2025-01-09 13:00:00,Asia/Bangkok,63.17541641509433,24.16363636363636,22.67307692307692,31.89720428571427
34020,2025-01-09 14:00:00,Asia/Bangkok,62.47509645454546,24.62962962962963,23.16822429906542,31.76509084112148
34021,2025-01-09 15:00:00,Asia/Bangkok,62.12022650943398,26.15315315315315,24.7962962962963,31.76855207547171
34022,2025-01-09 16:00:00,Asia/Bangkok,61.6765769387755,25.47272727272727,23.98936170212766,31.89763846153845
34023,2025-01-09 17:00:00,Asia/Bangkok,64.02634738738739,26.38679245283019,24.7843137254902,31.30803288461537
34024,2025-01-09 18:00:00,Asia/Bangkok,67.80683514285715,31.80733944954128,28.91509433962264,30.1528458095238
34025,2025-01-09 19:00:00,Asia/Bangkok,73.14913884615386,54.19090909090909,44.12380952380953,29.54843509259259
34026,2025-01-09 20:00:00,Asia/Bangkok,78.90569245454545,66.75675675675676,56.50943396226415,28.56978981651374
34027,2025-01-09 21:00:00,Asia/Bangkok,83.4918209345794,69.48598130841121,57.90434782608695,27.70054151515154
34028,2025-01-09 22:00:00,Asia/Bangkok,84.94600185185188,53.67543859649123,43.53211009174312,27.48965433962262
34029,2025-01-09 23:00:00,Asia/Bangkok,85.98307784313725,48.0,39.42056074766355,27.01078577319588
34030,2025-01-10 00:00:00,Asia/Bangkok,86.92386873873875,54.27619047619048,43.5045871559633,26.44187886792454
34031,2025-01-10 01:00:00,Asia/Bangkok,87.57833722222215,51.92233009708738,42.27884615384615,25.90148896226416
34032,2025-01-10 02:00:00,Asia/Bangkok,88.39733104761903,48.66666666666666,40.25,25.56780211009178
34033,2025-01-10 03:00:00,Asia/Bangkok,88.25115884615386,48.24509803921568,39.7979797979798,25.5626478217822
34034,2025-01-10 04:00:00,Asia/Bangkok,88.69943449541289,42.22935779816514,35.43564356435643,25.33658952380952
34035,2025-01-10 05:00:00,Asia/Bangkok,89.83560792452833,39.2962962962963,33.80555555555556,25.04632745283019
34036,2025-01-10 06:00:00,Asia/Bangkok,90.01055416666667,39.31067961165049,33.93577981651376,24.8061157798165
34037,2025-01-10 07:00:00,Asia/Bangkok,90.74803660377357,61.7719298245614,52.24770642201835,24.61840827272727
34038,2025-01-10 08:00:00,Asia/Bangkok,91.24481836363636,63.38392857142857,53.57522123893806,24.77444352380951
34039,2025-01-10 09:00:00,Asia/Bangkok,88.02831009803923,45.81308411214953,38.04716981132076,26.63337742857142
34040,2025-01-10 10:00:00,Asia/Bangkok,79.82002558558558,40.6,34.9537037037037,29.32548405940594
34041,2025-01-10 11:00:00,Asia/Bangkok,75.5959725471698,35.87378640776699,31.90217391304348,30.39545088235294
34042,2025-01-10 12:00:00,Asia/Bangkok,70.02825886792452,32.61320754716981,29.84761904761905,31.2123704040404
34043,2025-01-10 13:00:00,Asia/Bangkok,67.45496553398056,30.31428571428571,28.47222222222222,31.60789121495327
34044,2025-01-10 14:00:00,Asia/Bangkok,64.44036029411764,29.35779816513762,27.80733944954128,32.37065803921567
34045,2025-01-10 15:00:00,Asia/Bangkok,61.93701920792078,27.67272727272727,26.54054054054054,32.66249552380953
34046,2025-01-10 16:00:00,Asia/Bangkok,65.00840980582525,27.42342342342342,26.13513513513514,32.33772865384616
34047,2025-01-10 17:00:00,Asia/Bangkok,66.241661,31.10810810810811,29.05660377358491,31.56762124999999
34048,2025-01-10 18:00:00,Asia/Bangkok,71.7481023853211,31.73267326732673,28.81818181818182,30.15801359223302
34049,2025-01-10 19:00:00,Asia/Bangkok,75.29808,25.16190476190476,23.12727272727273,28.98581290000001
34050,2025-01-10 20:00:00,Asia/Bangkok,76.68156339805824,17.56637168141593,16.19047619047619,28.6113514285714
34051,2025-01-10 21:00:00,Asia/Bangkok,79.32388370370373,20.80530973451327,19.07142857142857,28.29922869158877
34052,2025-01-10 22:00:00,Asia/Bangkok,81.10358155339804,29.04950495049505,26.35849056603774,27.73259346938773
34053,2025-01-10 23:00:00,Asia/Bangkok,82.62544921568627,32.14150943396226,28.82407407407407,27.21877357798164
34054,2025-01-11 00:00:00,Asia/Bangkok,84.13397470000005,31.01801801801802,28.42105263157895,26.72683421052632
34055,2025-01-11 01:00:00,Asia/Bangkok,85.29764579439255,30.76363636363636,28.27884615384615,26.43812701923077
34056,2025-01-11 02:00:00,Asia/Bangkok,85.93029999999997,31.37037037037037,28.98913043478261,26.33978731481482
34057,2025-01-11 03:00:00,Asia/Bangkok,87.01316171428574,30.98198198198198,28.54285714285714,25.9275786915888
34058,2025-01-11 04:00:00,Asia/Bangkok,87.27024698113202,32.4622641509434,29.6530612244898,25.6714199074074
34059,2025-01-11 05:00:00,Asia/Bangkok,86.72203537037036,33.20183486238532,30.25454545454545,25.79633165048542
34060,2025-01-11 06:00:00,Asia/Bangkok,87.32241220183487,33.5188679245283,30.35922330097087,25.59977020833332
34061,2025-01-11 07:00:00,Asia/Bangkok,88.10004593749996,33.85185185185185,30.42056074766355,25.58213509803923
34062,2025-01-11 08:00:00,Asia/Bangkok,89.19477205607473,38.50961538461539,33.22857142857143,25.7101795049505
34063,2025-01-11 09:00:00,Asia/Bangkok,87.5912625471698,35.49056603773585,31.37383177570094,26.66252290909089
34064,2025-01-11 10:00:00,Asia/Bangkok,83.92487500000003,25.25925925925926,23.62280701754386,28.07952009433962
34065,2025-01-11 11:00:00,Asia/Bangkok,77.87093424528301,24.33333333333333,22.71428571428572,29.57961409523809
34066,2025-01-11 12:00:00,Asia/Bangkok,74.11274623853211,18.8348623853211,17.65454545454546,30.1196218627451
34067,2025-01-11 13:00:00,Asia/Bangkok,77.19149742857144,33.73584905660378,30.32380952380952,29.43957519230771
34068,2025-01-11 14:00:00,Asia/Bangkok,84.20944148148148,41.40909090909091,34.96039603960396,27.28071254716982
34069,2025-01-11 15:00:00,Asia/Bangkok,91.56535476635511,51.58333333333334,42.0462962962963,25.72093788461538
34070,2025-01-11 16:00:00,Asia/Bangkok,93.00626686274505,109.4504504504504,89.83783783783784,25.59721628571428
34071,2025-01-11 17:00:00,Asia/Bangkok,92.43086221153843,49.53211009174312,40.32407407407408,26.17174803738319
34072,2025-01-11 18:00:00,Asia/Bangkok,91.8827570707071,47.75221238938053,39.43478260869565,26.23369039215687
34073,2025-01-11 19:00:00,Asia/Bangkok,91.8442669444444,50.55963302752293,41.59090909090909,26.25281693693697
34074,2025-01-11 20:00:00,Asia/Bangkok,91.70635142857147,48.48181818181818,40.14705882352941,26.26259431372548
34075,2025-01-11 21:00:00,Asia/Bangkok,91.7335429292929,42.6078431372549,36.08571428571429,26.01705796116506
34076,2025-01-11 22:00:00,Asia/Bangkok,90.98138144144143,33.43362831858407,30.27722772277228,25.84202981818184
34077,2025-01-11 23:00:00,Asia/Bangkok,91.00845427272735,31.39285714285714,28.90291262135922,25.87391392857143
34078,2025-01-12 00:00:00,Asia/Bangkok,91.48812990196079,29.75,27.81188118811881,25.73849191489361
34079,2025-01-12 01:00:00,Asia/Bangkok,91.51343281818174,29.06666666666667,26.74712643678161,25.68342660194175
34080,2025-01-12 02:00:00,Asia/Bangkok,91.1080947572815,25.49557522123894,23.52212389380531,25.50979864077673
34081,2025-01-12 03:00:00,Asia/Bangkok,91.0668014285715,24.12389380530973,22.17272727272727,25.48058405660377
34082,2025-01-12 04:00:00,Asia/Bangkok,92.84160069306928,24.29906542056075,22.44329896907216,25.061124
34083,2025-01-12 05:00:00,Asia/Bangkok,93.56979196078437,23.25233644859813,21.55555555555556,25.00889203883495
34084,2025-01-12 06:00:00,Asia/Bangkok,94.65693140186917,25.13207547169811,23.13761467889908,24.6770140186916
34085,2025-01-12 07:00:00,Asia/Bangkok,94.6824876106195,26.04464285714286,24.34736842105263,24.60873522522524
34086,2025-01-12 08:00:00,Asia/Bangkok,94.60417580952381,26.28301886792453,24.15094339622642,24.73840776699027
34087,2025-01-12 09:00:00,Asia/Bangkok,94.77445813725487,29.52727272727273,27.11320754716981,24.83784306122449
34088,2025-01-12 10:00:00,Asia/Bangkok,95.52987679611645,42.8018018018018,35.58181818181818,24.11688673267328
34089,2025-01-12 11:00:00,Asia/Bangkok,94.90926320388346,41.17757009345794,34.81632653061224,24.37584484848486
34090,2025-01-12 12:00:00,Asia/Bangkok,90.33457267326733,37.57943925233645,32.52380952380953,25.28040914285714
34091,2025-01-12 13:00:00,Asia/Bangkok,89.29961757281549,35.08928571428572,31.03636363636364,26.12438092592592
34092,2025-01-12 14:00:00,Asia/Bangkok,83.85063038461537,40.92035398230089,34.83177570093458,26.64093046728973
34093,2025-01-12 15:00:00,Asia/Bangkok,78.76081212121214,38.87,33.83495145631068,27.71145390476191
34094,2025-01-12 16:00:00,Asia/Bangkok,76.60970981818184,33.53636363636364,30.63809523809524,27.79074429906541
34095,2025-01-12 17:00:00,Asia/Bangkok,78.17199911764708,31.37272727272727,29.11926605504587,27.12325136363635
34096,2025-01-12 18:00:00,Asia/Bangkok,79.63002990990985,35.97247706422019,34.11881188118812,26.72586651376147
34097,2025-01-12 19:00:00,Asia/Bangkok,85.22929588785044,42.81481481481482,36.10377358490566,25.79284431192661
34098,2025-01-12 20:00:00,Asia/Bangkok,86.6329405555556,32.49074074074074,29.46296296296296,25.26335591836736
34099,2025-01-12 21:00:00,Asia/Bangkok,87.09822899082572,31.44642857142857,28.78899082568807,25.00841000000002
34100,2025-01-12 22:00:00,Asia/Bangkok,87.53019839622638,31.81553398058253,29.06603773584906,24.80315110091741
34101,2025-01-12 23:00:00,Asia/Bangkok,87.68314027272727,33.1574074074074,29.72380952380952,24.62455908256882
34102,2025-01-13 00:00:00,Asia/Bangkok,87.26894316831682,29.67272727272727,27.26168224299066,24.57697633663368
34103,2025-01-13 01:00:00,Asia/Bangkok,86.42950880733945,28.32075471698113,25.91588785046729,24.48623444444445
34104,2025-01-13 02:00:00,Asia/Bangkok,86.99804176470586,30.36697247706422,27.67961165048544,24.44417603960395
34105,2025-01-13 03:00:00,Asia/Bangkok,87.30280624999999,31.75,29.0,24.07023126213592
34106,2025-01-13 04:00:00,Asia/Bangkok,86.47793755102042,30.31858407079646,28.0,23.82000043010753
34107,2025-01-13 05:00:00,Asia/Bangkok,85.67156142857142,33.86792452830188,29.95145631067961,23.72405886792455
34108,2025-01-13 06:00:00,Asia/Bangkok,85.28678326315793,41.76699029126213,34.86666666666667,23.84454781249998
34109,2025-01-13 07:00:00,Asia/Bangkok,85.35135126126126,39.08849557522124,33.27450980392157,23.9487233027523
34110,2025-01-13 08:00:00,Asia/Bangkok,85.99078972727273,38.5625,32.55140186915888,24.0226589908257
34111,2025-01-13 09:00:00,Asia/Bangkok,86.52206216216219,40.39473684210526,34.0990990990991,24.70645800000002
34112,2025-01-13 10:00:00,Asia/Bangkok,85.12243954128445,42.35185185185185,35.31914893617022,25.85959380952382
34113,2025-01-13 11:00:00,Asia/Bangkok,84.11992333333335,43.45871559633027,36.16504854368932,26.75558302752292
34114,2025-01-13 12:00:00,Asia/Bangkok,79.43841018867924,38.23636363636363,33.24299065420561,28.07767326732673
34115,2025-01-13 13:00:00,Asia/Bangkok,77.19870292452828,32.8469387755102,29.52577319587629,28.26166495145631
34116,2025-01-13 14:00:00,Asia/Bangkok,73.06960930693072,29.42201834862385,27.57798165137615,29.41358631067961
34117,2025-01-13 15:00:00,Asia/Bangkok,74.41439906542051,30.1214953271028,28.10280373831776,28.30596903846154
34118,2025-01-13 16:00:00,Asia/Bangkok,78.26463826923077,36.21495327102804,32.10377358490566,27.71196142857143
34119,2025-01-13 17:00:00,Asia/Bangkok,80.60108349999999,34.38532110091743,31.07339449541285,26.87545339805825
34120,2025-01-13 18:00:00,Asia/Bangkok,83.31675539215686,36.1651376146789,31.72727272727273,26.25352475728154
34121,2025-01-13 19:00:00,Asia/Bangkok,85.25122852941179,47.83177570093458,39.29245283018868,25.94526928571429
34122,2025-01-13 20:00:00,Asia/Bangkok,87.47833572727271,46.82882882882883,38.51428571428571,25.27944247619047
34123,2025-01-13 21:00:00,Asia/Bangkok,88.19617906542055,46.08571428571429,37.99115044247787,24.92895067307694
34124,2025-01-13 22:00:00,Asia/Bangkok,87.8157323529412,47.39805825242718,38.88679245283019,24.72635649484538
34125,2025-01-13 23:00:00,Asia/Bangkok,87.99119439252337,46.30841121495327,38.00943396226415,24.36467750000001
34126,2025-01-14 00:00:00,Asia/Bangkok,88.61015578431376,44.60185185185185,36.71428571428572,24.07130933333333
34127,2025-01-14 01:00:00,Asia/Bangkok,88.17645359223299,41.58181818181818,34.91588785046729,24.01325192660548
34128,2025-01-14 02:00:00,Asia/Bangkok,87.93004009803923,38.78571428571428,33.1743119266055,23.975026
34129,2025-01-14 03:00:00,Asia/Bangkok,88.20297039215689,37.27272727272727,32.34821428571428,23.9361874509804
34130,2025-01-14 04:00:00,Asia/Bangkok,88.86910942857146,35.95327102803738,31.81308411214953,23.6666803738318
34131,2025-01-14 05:00:00,Asia/Bangkok,89.21428266666666,35.6574074074074,31.60747663551402,23.46877201923074
34132,2025-01-14 06:00:00,Asia/Bangkok,88.58361636363632,34.76576576576576,31.03738317757009,23.51456909090909
34133,2025-01-14 07:00:00,Asia/Bangkok,88.01332676190479,34.98165137614679,31.28846153846154,23.41979518867923
34134,2025-01-14 08:00:00,Asia/Bangkok,87.4371326168224,42.6697247706422,35.33009708737864,23.68404155963302
34135,2025-01-14 09:00:00,Asia/Bangkok,82.0201030357143,37.08695652173913,32.41747572815534,25.50881927272727
34136,2025-01-14 10:00:00,Asia/Bangkok,75.14220546296298,31.71559633027523,29.02777777777778,28.16978712871288
34137,2025-01-14 11:00:00,Asia/Bangkok,71.31532811320754,28.37962962962963,26.52777777777778,29.34063138613862
34138,2025-01-14 12:00:00,Asia/Bangkok,68.85985472222221,29.38181818181818,27.44954128440367,29.89997718446602
34139,2025-01-14 13:00:00,Asia/Bangkok,67.32381721153845,34.0925925925926,30.50467289719626,30.47430173076923
34140,2025-01-14 14:00:00,Asia/Bangkok,66.84880057142857,27.71818181818182,25.74226804123711,30.62348887850469
34141,2025-01-14 15:00:00,Asia/Bangkok,67.63603118181821,27.51785714285714,25.65656565656566,30.47057801980199
34142,2025-01-14 16:00:00,Asia/Bangkok,67.71444380000001,30.01769911504425,27.99107142857143,30.47564532710279
34143,2025-01-14 17:00:00,Asia/Bangkok,69.14339149532712,31.49056603773585,29.01869158878505,29.83833396226417
34144,2025-01-14 18:00:00,Asia/Bangkok,70.67843876106197,30.6036036036036,28.24761904761905,29.21799803738319
34145,2025-01-14 19:00:00,Asia/Bangkok,75.70084203703703,52.36190476190476,42.82692307692308,28.10022648648647
34146,2025-01-14 20:00:00,Asia/Bangkok,78.78949268518524,52.88288288288288,42.64150943396226,27.39708327102804
34147,2025-01-14 21:00:00,Asia/Bangkok,81.48332869999994,57.92079207920792,46.46153846153846,26.45156039215688
34148,2025-01-14 22:00:00,Asia/Bangkok,84.1691027884615,61.11650485436893,48.52427184466019,25.5721003883495
34149,2025-01-14 23:00:00,Asia/Bangkok,85.68565351851852,61.78899082568807,48.91489361702128,25.10599459459458
34150,2025-01-15 00:00:00,Asia/Bangkok,86.6279477570094,56.57009345794393,45.23584905660378,24.66167585858587
34151,2025-01-15 01:00:00,Asia/Bangkok,87.70243533333337,52.47619047619047,42.65591397849462,24.32284240384616
34152,2025-01-15 02:00:00,Asia/Bangkok,88.11479355769234,47.81481481481482,39.28378378378378,24.17069524271843
34153,2025-01-15 03:00:00,Asia/Bangkok,89.02056252336452,46.1764705882353,38.16279069767442,23.83438582524271
34154,2025-01-15 04:00:00,Asia/Bangkok,89.28236771428568,43.85454545454545,36.45918367346939,23.73361932692307
34155,2025-01-15 05:00:00,Asia/Bangkok,88.47982801886795,40.23423423423424,34.14018691588785,23.82383114285716
34156,2025-01-15 06:00:00,Asia/Bangkok,87.12911538461539,39.56481481481482,33.95744680851064,24.03704099009901
34157,2025-01-15 07:00:00,Asia/Bangkok,87.32099846153844,45.23,37.54,24.22434950980391
34158,2025-01-15 08:00:00,Asia/Bangkok,84.94155466666663,42.90265486725664,35.85321100917431,24.34819868686869
34159,2025-01-15 09:00:00,Asia/Bangkok,82.1358950925926,47.90291262135922,39.24050632911393,26.14715943396227
34160,2025-01-15 10:00:00,Asia/Bangkok,77.40085999999998,47.87387387387388,39.66666666666666,28.07645460784314
34161,2025-01-15 11:00:00,Asia/Bangkok,74.04377103773585,47.76237623762376,39.41176470588236,29.2084122330097
34162,2025-01-15 12:00:00,Asia/Bangkok,71.47117942857145,47.65714285714286,39.8,29.6933434
34163,2025-01-15 13:00:00,Asia/Bangkok,70.77211407766991,43.94392523364486,36.76851851851852,30.09721147058825
34164,2025-01-15 14:00:00,Asia/Bangkok,71.43050252525252,46.51401869158879,38.76190476190476,30.08344232323231
34165,2025-01-15 15:00:00,Asia/Bangkok,73.1994137735849,46.5945945945946,38.68807339449541,29.53439092592592
34166,2025-01-15 16:00:00,Asia/Bangkok,73.8397443809524,54.6697247706422,45.99,29.15833623762376
34167,2025-01-15 17:00:00,Asia/Bangkok,76.33413135922326,54.83809523809524,44.63809523809524,28.62917896226413
34168,2025-01-15 18:00:00,Asia/Bangkok,83.32450735294118,50.05940594059406,41.04210526315789,27.37394796296298
34169,2025-01-15 19:00:00,Asia/Bangkok,89.85833000000001,50.86486486486486,41.87272727272727,26.39616873786408
34170,2025-01-15 20:00:00,Asia/Bangkok,92.04429144329897,50.29,41.28282828282828,26.00500731958762
34171,2025-01-15 21:00:00,Asia/Bangkok,91.9340815686274,56.15238095238095,45.6,25.67917466019416
34172,2025-01-15 22:00:00,Asia/Bangkok,91.38591186915896,56.92523364485982,46.04081632653061,25.57853913461541
34173,2025-01-15 23:00:00,Asia/Bangkok,90.44773155339807,53.87850467289719,43.8921568627451,25.54676433962268
34174,2025-01-16 00:00:00,Asia/Bangkok,90.83123757009345,51.11009174311926,42.00990099009901,25.42709500000002
34175,2025-01-16 01:00:00,Asia/Bangkok,94.25197287128714,49.1981981981982,40.67924528301887,25.05155822429905
34176,2025-01-16 02:00:00,Asia/Bangkok,94.33227000000002,42.97247706422019,36.24509803921568,25.31643607843137
34177,2025-01-16 03:00:00,Asia/Bangkok,94.798199537037,42.60377358490566,36.22115384615385,25.08972133333335
34178,2025-01-16 04:00:00,Asia/Bangkok,95.49691771428573,22.95238095238095,21.38095238095238,25.01716530612244
34179,2025-01-16 05:00:00,Asia/Bangkok,95.49139923076919,12.18269230769231,11.40625,25.11637190000001
34180,2025-01-16 06:00:00,Asia/Bangkok,96.35457456310682,11.15151515151515,10.13392857142857,25.1629411764706
34181,2025-01-16 07:00:00,Asia/Bangkok,96.45761131313134,9.444444444444445,8.711538461538462,25.24084528846153
34182,2025-01-16 08:00:00,Asia/Bangkok,96.94855827272725,8.046296296296296,7.027522935779817,25.48422133333333
34183,2025-01-16 09:00:00,Asia/Bangkok,96.97987876190476,8.293577981651376,7.056603773584905,26.26364500000001
34184,2025-01-16 10:00:00,Asia/Bangkok,95.40704990654203,7.27,5.68,27.01096288461537
34185,2025-01-16 11:00:00,Asia/Bangkok,89.79407509433963,7.0,5.394495412844036,27.48298308411215
34186,2025-01-16 12:00:00,Asia/Bangkok,90.92735719626167,6.357798165137615,5.147058823529412,26.45834981308412
34187,2025-01-16 13:00:00,Asia/Bangkok,86.28880648648648,6.261682242990654,4.876288659793815,28.28217500000001
34188,2025-01-16 14:00:00,Asia/Bangkok,81.79834000000004,5.475609756097561,4.425287356321839,28.43177249999999
34189,2025-01-16 17:00:00,Asia/Bangkok,83.20463540845067,6.679347826086956,6.016528925619835,27.60336896358539
34190,2025-01-16 18:00:00,Asia/Bangkok,81.56181657407406,8.288288288288289,7.213592233009709,28.22523747572814
34191,2025-01-16 19:00:00,Asia/Bangkok,86.7373858878505,12.62727272727273,11.11818181818182,27.35970790476189
34192,2025-01-16 20:00:00,Asia/Bangkok,91.00316537735853,13.15454545454545,12.52252252252252,26.70211954545455
34193,2025-01-16 21:00:00,Asia/Bangkok,92.12573074766358,36.32727272727273,32.7196261682243,26.40655504424777
34194,2025-01-16 22:00:00,Asia/Bangkok,93.20418990654208,23.98148148148148,22.13333333333333,26.09019121495328
34195,2025-01-16 23:00:00,Asia/Bangkok,93.55276981481482,9.73394495412844,8.87037037037037,25.62501725490197
34196,2025-01-17 00:00:00,Asia/Bangkok,93.75864696969695,12.28440366972477,11.2680412371134,25.5996327619048
34197,2025-01-17 01:00:00,Asia/Bangkok,94.38950730769233,8.518181818181818,7.89,24.95622457943927
34198,2025-01-17 02:00:00,Asia/Bangkok,94.2285470754717,6.514018691588785,6.137614678899083,24.99836357142856
34199,2025-01-17 03:00:00,Asia/Bangkok,94.11666297029703,7.084905660377358,6.647727272727272,24.8884075
34200,2025-01-17 04:00:00,Asia/Bangkok,94.2430460952381,7.787037037037037,7.225806451612903,24.74385116504855
34201,2025-01-17 05:00:00,Asia/Bangkok,94.73948980952376,9.00909090909091,8.23076923076923,24.43337300970874
34202,2025-01-17 06:00:00,Asia/Bangkok,95.3250306185567,14.57425742574257,13.95192307692308,24.54747158415841
34203,2025-01-17 07:00:00,Asia/Bangkok,96.13324538461539,13.49090909090909,12.53153153153153,24.73456514285712
34204,2025-01-17 08:00:00,Asia/Bangkok,96.70338920792076,11.20909090909091,10.4040404040404,24.84259961904764
34205,2025-01-17 09:00:00,Asia/Bangkok,96.74688539215684,11.59405940594059,10.75471698113208,25.05817722222221
34206,2025-01-17 10:00:00,Asia/Bangkok,96.73750328124999,15.61971830985915,14.77027027027027,25.37177138888889
34207,2025-01-17 23:00:00,Asia/Bangkok,90.80134833333334,115.0,106.5714285714286,24.84600499999999
34208,2025-01-18 00:00:00,Asia/Bangkok,90.95280865384615,62.38461538461539,53.88679245283019,24.70530910891089
34209,2025-01-18 01:00:00,Asia/Bangkok,91.520876635514,21.76363636363636,20.43243243243243,24.46738352380956
34210,2025-01-18 02:00:00,Asia/Bangkok,92.31225000000003,18.86607142857143,17.73076923076923,24.365069
34211,2025-01-18 03:00:00,Asia/Bangkok,93.09561925925927,18.67567567567568,17.59259259259259,24.48133595959597
34212,2025-01-18 04:00:00,Asia/Bangkok,93.84565018867924,18.49557522123894,17.24770642201835,24.61552037037034
34213,2025-01-18 05:00:00,Asia/Bangkok,93.78873897196256,17.20183486238532,16.22549019607843,24.64046914285717
34214,2025-01-18 06:00:00,Asia/Bangkok,94.50327062500001,20.4622641509434,19.56862745098039,24.46603759615385
34215,2025-01-18 07:00:00,Asia/Bangkok,94.65889057142861,29.37614678899083,27.81308411214953,24.20766109999999
34216,2025-01-18 08:00:00,Asia/Bangkok,94.93869728971964,32.86274509803921,30.4392523364486,24.20107500000003
34217,2025-01-18 09:00:00,Asia/Bangkok,92.85042336633663,30.94444444444444,29.21495327102804,24.6424010280374
34218,2025-01-18 10:00:00,Asia/Bangkok,85.90768058823532,28.68468468468468,27.54054054054054,26.43778588785047
34219,2025-01-18 11:00:00,Asia/Bangkok,78.6404203883495,26.72566371681416,25.24770642201835,28.81990421568625
34220,2025-01-18 12:00:00,Asia/Bangkok,75.57006816513763,26.20560747663551,24.88073394495413,29.41148358490567
34221,2025-01-18 13:00:00,Asia/Bangkok,76.9643789423077,26.47787610619469,25.31481481481481,29.01180028571429
34222,2025-01-18 14:00:00,Asia/Bangkok,82.02683943925233,28.25,26.83809523809524,28.13172740740743
34223,2025-01-18 15:00:00,Asia/Bangkok,82.42211061855669,30.24299065420561,28.49019607843137,27.9213932352941
34224,2025-01-18 16:00:00,Asia/Bangkok,80.49300312500002,36.25925925925926,32.36792452830188,28.22229857142858
34225,2025-01-18 17:00:00,Asia/Bangkok,82.23957409523808,40.30841121495327,34.78504672897196,27.66262788461537
34226,2025-01-18 18:00:00,Asia/Bangkok,86.09032202020202,40.61607142857143,34.97115384615385,26.82928405940594
34227,2025-01-18 19:00:00,Asia/Bangkok,90.30179889908256,57.54128440366973,49.36697247706422,26.3186724509804
34228,2025-01-18 20:00:00,Asia/Bangkok,90.82767057692311,47.53571428571428,39.04464285714285,25.3759712244898
34229,2025-01-18 21:00:00,Asia/Bangkok,91.11740495238092,39.1,33.84615384615385,25.77426990384615
34230,2025-01-18 22:00:00,Asia/Bangkok,91.38022495145626,39.46296296296296,34.09803921568628,25.77207657407408
34231,2025-01-18 23:00:00,Asia/Bangkok,91.33546166666662,44.68807339449541,37.62385321100918,25.58565970873788
34232,2025-01-19 00:00:00,Asia/Bangkok,91.31726809523808,46.19626168224299,38.67346938775511,25.16074074766355
34233,2025-01-19 01:00:00,Asia/Bangkok,91.54599145454547,46.02752293577981,38.57017543859649,25.20454709090909
34234,2025-01-19 02:00:00,Asia/Bangkok,92.17191552380952,45.02857142857143,37.92380952380952,24.861533627451
34235,2025-01-19 03:00:00,Asia/Bangkok,92.00480163265304,43.85576923076923,36.96396396396396,24.42184980769231
34236,2025-01-19 04:00:00,Asia/Bangkok,92.24031327102804,41.81308411214953,35.49438202247191,24.09546908256883
34237,2025-01-19 05:00:00,Asia/Bangkok,92.43778685714288,39.24299065420561,34.19801980198019,23.73995866666667
34238,2025-01-19 06:00:00,Asia/Bangkok,92.10948700934574,38.44859813084112,33.5607476635514,23.53737038095238
34239,2025-01-19 07:00:00,Asia/Bangkok,92.39265862745098,38.76530612244898,33.61607142857143,23.43550245098039
34240,2025-01-19 08:00:00,Asia/Bangkok,92.67697704761903,39.10810810810811,33.87962962962963,23.61811704761904
34241,2025-01-19 09:00:00,Asia/Bangkok,89.1790650909091,37.21296296296296,32.8256880733945,25.15005240384615
34242,2025-01-19 10:00:00,Asia/Bangkok,80.64786866666667,29.36448598130841,27.58928571428572,27.84758847619048
34243,2025-01-19 11:00:00,Asia/Bangkok,75.33482834951458,82.5204081632653,79.20618556701031,29.53529186274509
34244,2025-01-19 12:00:00,Asia/Bangkok,72.21101663265304,36.48571428571429,29.56043956043956,30.22483093750001
34245,2025-01-19 13:00:00,Asia/Bangkok,70.47828471698112,23.79807692307692,22.52688172043011,30.82308740384614
34246,2025-01-19 14:00:00,Asia/Bangkok,69.60234560747662,22.65656565656566,21.44,31.29868971153846
34247,2025-01-19 15:00:00,Asia/Bangkok,70.42743776699028,23.68316831683168,22.43434343434344,31.26189476635513
34248,2025-01-19 16:00:00,Asia/Bangkok,70.20286607476635,25.92307692307692,24.95,31.24372509803922
34249,2025-01-19 17:00:00,Asia/Bangkok,72.29692155339805,28.71681415929203,27.32989690721649,29.89893818181818
34250,2025-01-19 18:00:00,Asia/Bangkok,73.84313871559634,31.93269230769231,29.41666666666667,29.01038094339624
34251,2025-01-19 19:00:00,Asia/Bangkok,77.79809551401871,38.14851485148515,33.3625,28.31009924528301
34252,2025-01-19 20:00:00,Asia/Bangkok,80.93508000000003,42.57692307692308,36.3,27.73394616822432
34253,2025-01-19 21:00:00,Asia/Bangkok,83.0532452293578,52.22115384615385,43.02941176470588,27.34412392523366
34254,2025-01-19 22:00:00,Asia/Bangkok,84.71411938775509,54.4392523364486,44.80582524271845,27.11482125
34255,2025-01-19 23:00:00,Asia/Bangkok,85.79512212962966,55.73076923076923,45.63809523809524,26.89052345132745
34256,2025-01-20 00:00:00,Asia/Bangkok,86.86416412844036,53.19444444444444,43.74336283185841,26.4967614141414
34257,2025-01-20 01:00:00,Asia/Bangkok,87.74707450450448,51.09174311926606,42.38235294117647,26.20924165137613
34258,2025-01-20 02:00:00,Asia/Bangkok,88.31804009803922,47.90196078431372,39.96153846153846,25.94910728155341
34259,2025-01-20 03:00:00,Asia/Bangkok,88.78918165048542,49.18269230769231,40.89719626168224,25.64499853211011
34260,2025-01-20 04:00:00,Asia/Bangkok,89.76212561904764,53.57692307692308,44.07339449541284,25.30938476635516
34261,2025-01-20 05:00:00,Asia/Bangkok,90.62176075471699,50.69811320754717,41.84466019417476,25.1694152777778
34262,2025-01-20 06:00:00,Asia/Bangkok,90.96274895238095,49.60377358490566,41.28712871287129,24.98758733333334
34263,2025-01-20 07:00:00,Asia/Bangkok,91.35374476190476,48.74257425742574,40.60952380952381,24.66631217821782
34264,2025-01-20 08:00:00,Asia/Bangkok,92.60894299065423,50.42574257425743,41.60824742268041,24.74005144230771
34265,2025-01-20 09:00:00,Asia/Bangkok,91.3364122772277,41.40178571428572,35.38383838383838,26.16919442307691
34266,2025-01-20 10:00:00,Asia/Bangkok,83.75817220183487,40.38053097345133,34.96153846153846,28.12314601941748
34267,2025-01-20 11:00:00,Asia/Bangkok,81.17383112149531,44.08,37.16071428571428,28.6413494495413
34268,2025-01-20 12:00:00,Asia/Bangkok,78.47546192307692,45.40566037735849,38.12264150943396,29.26414853211009
34269,2025-01-20 13:00:00,Asia/Bangkok,77.31520367924531,45.92592592592592,38.5,29.30031938775509
34270,2025-01-20 14:00:00,Asia/Bangkok,72.76397912621358,43.64485981308411,37.00943396226415,30.63172279999998
34271,2025-01-20 15:00:00,Asia/Bangkok,67.30609056074765,29.83177570093458,27.34905660377358,31.69680399999999
34272,2025-01-20 16:00:00,Asia/Bangkok,72.18624377358489,15.23364485981308,14.25454545454545,30.89187107843138
34273,2025-01-20 17:00:00,Asia/Bangkok,75.53270153846155,18.08181818181818,16.64130434782609,29.75067196078431
34274,2025-01-20 18:00:00,Asia/Bangkok,76.73538944444442,19.19642857142857,17.73737373737374,29.54572327102804
34275,2025-01-20 19:00:00,Asia/Bangkok,81.79515534653466,24.36111111111111,22.25,28.40320343137255
34276,2025-01-20 20:00:00,Asia/Bangkok,84.52301349514563,32.92307692307692,29.94949494949495,27.74334803921568
34277,2025-01-20 21:00:00,Asia/Bangkok,86.14697705882352,29.65420560747664,26.25961538461538,27.30491989361702
34278,2025-01-20 22:00:00,Asia/Bangkok,88.27741009999998,47.65454545454546,39.20792079207921,26.61008349056603
34279,2025-01-20 23:00:00,Asia/Bangkok,89.14856166666667,57.01769911504424,46.0,26.18260434343435
34280,2025-01-21 00:00:00,Asia/Bangkok,89.72744320754717,49.06086956521739,40.6697247706422,25.81719971153846
34281,2025-01-21 01:00:00,Asia/Bangkok,89.87401485981312,37.86407766990291,32.45360824742268,25.63166461538464
34282,2025-01-21 02:00:00,Asia/Bangkok,90.26302406250001,37.88785046728972,31.84269662921348,25.23077913461541
34283,2025-01-21 03:00:00,Asia/Bangkok,90.77056441176468,30.98130841121495,28.0873786407767,24.76086380952382
34284,2025-01-21 04:00:00,Asia/Bangkok,91.66468317757013,37.87387387387388,32.59523809523809,24.57664110091743
34285,2025-01-21 05:00:00,Asia/Bangkok,92.34774813725491,38.77358490566038,33.42105263157895,24.58583854368933
34286,2025-01-21 06:00:00,Asia/Bangkok,92.52727819047622,42.79439252336449,36.62745098039215,24.52018711538464
34287,2025-01-21 07:00:00,Asia/Bangkok,93.35875867924533,42.72477064220183,36.48684210526316,24.75303790909089
34288,2025-01-21 08:00:00,Asia/Bangkok,93.74908898148142,39.37037037037037,34.10185185185185,24.88340069306932
34289,2025-01-21 09:00:00,Asia/Bangkok,94.23439414893619,32.47474747474747,29.95049504950495,25.74031536082474
34290,2025-01-21 10:00:00,Asia/Bangkok,92.88706625000002,30.90740740740741,28.31481481481481,26.46363925925926
34291,2025-01-21 11:00:00,Asia/Bangkok,88.60979988636363,23.92553191489362,22.22988505747126,27.36827255813953
34292,2025-01-21 12:00:00,Asia/Bangkok,87.84975333333334,23.66666666666667,22.33333333333333,27.94982333333333
34293,2025-01-21 13:00:00,Asia/Bangkok,80.71666903083695,23.94222222222222,22.25675675675676,28.98602074235809
34294,2025-01-21 14:00:00,Asia/Bangkok,74.98066588785048,28.05555555555556,25.82242990654206,29.79964184466017
34295,2025-01-21 15:00:00,Asia/Bangkok,74.64539333333335,33.90909090909091,30.20754716981132,29.69839443396226
34296,2025-01-21 16:00:00,Asia/Bangkok,74.26042980582524,35.05940594059406,30.73529411764706,29.56634108910891
34297,2025-01-21 17:00:00,Asia/Bangkok,75.92702903846151,26.74766355140187,25.16037735849057,29.25999224489795
34298,2025-01-21 18:00:00,Asia/Bangkok,78.72182230769229,28.91964285714286,27.02702702702703,28.76345824074075
34299,2025-01-21 19:00:00,Asia/Bangkok,80.39786168224299,42.37962962962963,35.99099099099099,28.34057932038833
34300,2025-01-21 20:00:00,Asia/Bangkok,83.58947903846153,56.45871559633027,45.86666666666667,27.87076247524752
34301,2025-01-21 21:00:00,Asia/Bangkok,86.16102252336447,59.50925925925926,49.72641509433962,27.26430941747574
34302,2025-01-21 22:00:00,Asia/Bangkok,88.18536442307686,57.92727272727273,46.93457943925234,26.71536712962963
34303,2025-01-21 23:00:00,Asia/Bangkok,89.87349528301884,55.73333333333333,45.49532710280373,26.32100076190476
34304,2025-01-22 00:00:00,Asia/Bangkok,90.00956844036696,50.24752475247525,41.67326732673267,26.0434491588785
34305,2025-01-22 01:00:00,Asia/Bangkok,90.56129871559634,51.41176470588236,42.31958762886598,25.72475733333333
34306,2025-01-22 02:00:00,Asia/Bangkok,91.08613763636367,48.08411214953271,39.76851851851852,25.49439740384614
34307,2025-01-22 03:00:00,Asia/Bangkok,91.19962528846152,49.5,41.01904761904762,25.31400954545455
34308,2025-01-22 04:00:00,Asia/Bangkok,91.70151339622642,49.21818181818182,40.61386138613862,25.21179171428571
34309,2025-01-22 05:00:00,Asia/Bangkok,91.65000363636362,50.02857142857143,41.26851851851852,25.02123221153846
34310,2025-01-22 06:00:00,Asia/Bangkok,92.6525604807692,44.89090909090909,37.58878504672897,24.60509542857145
34311,2025-01-22 07:00:00,Asia/Bangkok,92.77643688679244,48.86792452830188,40.31372549019608,24.51081009259261
34312,2025-01-22 08:00:00,Asia/Bangkok,93.46266105263155,50.66666666666666,41.36448598130841,24.77539481481482
34313,2025-01-22 09:00:00,Asia/Bangkok,93.70987696428573,47.06363636363636,39.61607142857143,25.80844259615384
34314,2025-01-22 10:00:00,Asia/Bangkok,84.2001508256881,36.61818181818182,32.75,27.65861917431192
34315,2025-01-22 11:00:00,Asia/Bangkok,76.78046475728154,33.87387387387388,30.94059405940594,29.0245096261682
34316,2025-01-22 12:00:00,Asia/Bangkok,72.7657542201835,36.7962962962963,32.88679245283019,29.64939673469389
34317,2025-01-22 13:00:00,Asia/Bangkok,71.70523952830187,32.66037735849056,29.96153846153846,30.05280076923076
34318,2025-01-22 14:00:00,Asia/Bangkok,67.91790621359223,29.99082568807339,28.25242718446602,30.89875524271845
34319,2025-01-22 15:00:00,Asia/Bangkok,62.97229557692305,29.92233009708738,28.1,31.42486158878503
34320,2025-01-22 16:00:00,Asia/Bangkok,67.2343453271028,30.87735849056604,28.32954545454545,31.06612166666666
34321,2025-01-22 17:00:00,Asia/Bangkok,70.88923104761902,47.02803738317757,44.47252747252747,30.12414558558557
34322,2025-01-22 18:00:00,Asia/Bangkok,75.08676474747477,49.69724770642202,40.89523809523809,29.03423536082476
34323,2025-01-22 19:00:00,Asia/Bangkok,77.37181336363635,58.42342342342342,48.96491228070175,28.78809471153846
34324,2025-01-22 20:00:00,Asia/Bangkok,81.20145018518517,94.71153846153847,85.18627450980392,27.95944875000001
34325,2025-01-22 21:00:00,Asia/Bangkok,84.54430290909089,76.62962962962963,67.57009345794393,27.15385173076922
34326,2025-01-22 22:00:00,Asia/Bangkok,86.47460452830185,59.85714285714285,48.11764705882353,26.69415141509436
34327,2025-01-22 23:00:00,Asia/Bangkok,87.20286466019418,62.24545454545454,50.29126213592233,26.36285066037736
34328,2025-01-23 00:00:00,Asia/Bangkok,88.17717074766354,59.09803921568628,47.62264150943396,26.02354715686276
34329,2025-01-23 01:00:00,Asia/Bangkok,88.88454875000001,60.18918918918919,48.38317757009346,25.72288254716981
34330,2025-01-23 02:00:00,Asia/Bangkok,89.21583876190478,57.31428571428572,46.43037974683544,25.56195386792458
34331,2025-01-23 03:00:00,Asia/Bangkok,89.58202028301886,51.45871559633027,42.37623762376238,25.40420660194171
34332,2025-01-23 04:00:00,Asia/Bangkok,89.72090730769233,49.60550458715596,40.99107142857143,25.17312227722774
34333,2025-01-23 05:00:00,Asia/Bangkok,90.87684876190472,49.28571428571428,41.11818181818182,24.75749579439251
34334,2025-01-23 06:00:00,Asia/Bangkok,91.23465592233012,43.44545454545455,36.69090909090909,24.73694394230766
34335,2025-01-23 07:00:00,Asia/Bangkok,91.21049305555562,42.64545454545455,36.0,24.62811716981131
34336,2025-01-23 08:00:00,Asia/Bangkok,92.17020460176997,50.36936936936937,41.62385321100918,24.68263846846848
34337,2025-01-23 09:00:00,Asia/Bangkok,91.30301962264151,44.80769230769231,37.33009708737864,25.89522913461539
34338,2025-01-23 10:00:00,Asia/Bangkok,84.56733449541285,40.01869158878505,34.60185185185185,27.55456819819822
34339,2025-01-23 11:00:00,Asia/Bangkok,80.51223601851851,36.88888888888889,32.6,28.67261703703703
34340,2025-01-23 12:00:00,Asia/Bangkok,76.53610028571433,39.50909090909091,34.95454545454545,29.51152048076922
34341,2025-01-23 13:00:00,Asia/Bangkok,71.23022913461536,38.5188679245283,34.13084112149533,30.44601074074074
34342,2025-01-23 14:00:00,Asia/Bangkok,69.90434349056603,32.95412844036697,30.42592592592593,30.63851533980581
34343,2025-01-23 15:00:00,Asia/Bangkok,71.73820074074075,33.1981981981982,30.56363636363636,30.41883409523811
34344,2025-01-23 16:00:00,Asia/Bangkok,78.0678749090909,34.51785714285715,30.88679245283019,29.3540838317757
34345,2025-01-23 17:00:00,Asia/Bangkok,81.11257211538458,33.55555555555556,30.57943925233645,28.77757685714284
34346,2025-01-23 18:00:00,Asia/Bangkok,79.54126528301889,32.62727272727273,29.72972972972973,28.64212571428571
34347,2025-01-23 19:00:00,Asia/Bangkok,81.43832220183485,41.25688073394495,35.19642857142857,28.48689118181818
34348,2025-01-23 20:00:00,Asia/Bangkok,83.64183378378382,147.7767857142857,132.5221238938053,28.06426364485982
34349,2025-01-23 21:00:00,Asia/Bangkok,86.23143096153845,93.41,80.08571428571429,27.61069343137256
34350,2025-01-23 22:00:00,Asia/Bangkok,87.67106333333335,66.40186915887851,53.25,27.34976182692308
34351,2025-01-23 23:00:00,Asia/Bangkok,89.2601294949495,59.29824561403509,47.36936936936937,27.0779776530612
34352,2025-01-24 00:00:00,Asia/Bangkok,90.01911940594066,54.25,44.14563106796116,26.78901921568626
34353,2025-01-24 01:00:00,Asia/Bangkok,90.1358674766355,54.00925925925926,44.02777777777778,26.58743650943395
34354,2025-01-24 02:00:00,Asia/Bangkok,90.13161138613862,52.87619047619047,43.25233644859813,26.38174153846154
34355,2025-01-24 03:00:00,Asia/Bangkok,90.37653800000004,51.32407407407408,42.16504854368932,26.13158422680412
34356,2025-01-24 04:00:00,Asia/Bangkok,90.79580165048544,48.58715596330275,40.27272727272727,26.10059254901961
34357,2025-01-24 05:00:00,Asia/Bangkok,91.53378686274509,46.1875,38.32432432432432,26.01252934579439
34358,2025-01-24 06:00:00,Asia/Bangkok,91.97486474747477,47.07272727272727,39.0188679245283,25.75981823529411
34359,2025-01-24 07:00:00,Asia/Bangkok,92.5470033009709,46.67924528301887,38.95238095238095,25.69100365384612
34360,2025-01-24 08:00:00,Asia/Bangkok,93.62528514563108,44.4070796460177,36.98130841121495,25.79433533980582
34361,2025-01-24 09:00:00,Asia/Bangkok,93.22108272727274,38.13888888888889,33.51456310679612,26.3952721698113
34362,2025-01-24 10:00:00,Asia/Bangkok,91.45720028037381,47.43636363636364,39.01,27.01106628318582
34363,2025-01-24 11:00:00,Asia/Bangkok,90.51871106796118,32.69444444444444,28.77570093457944,27.95457055555557
34364,2025-01-24 12:00:00,Asia/Bangkok,82.13539943396228,15.31775700934579,14.21904761904762,29.80701068627451
34365,2025-01-24 13:00:00,Asia/Bangkok,76.2707099047619,11.67619047619048,10.61111111111111,30.80365330275231
34366,2025-01-24 14:00:00,Asia/Bangkok,74.72668504761904,9.280373831775702,8.694444444444445,30.87678849056604
34367,2025-01-24 15:00:00,Asia/Bangkok,76.35690196261683,10.09649122807017,9.486238532110091,30.54899271028036
34368,2025-01-24 16:00:00,Asia/Bangkok,82.76613980952382,12.97196261682243,12.34905660377358,29.08021142857143
34369,2025-01-24 17:00:00,Asia/Bangkok,81.43103000000004,25.74545454545455,22.74074074074074,28.95161637254901
34370,2025-01-24 18:00:00,Asia/Bangkok,83.2002125,32.94545454545455,28.21100917431193,29.28132457142856
34371,2025-01-24 19:00:00,Asia/Bangkok,84.2981653125,58.90476190476191,48.97979797979798,29.11022471153847
34372,2025-01-24 20:00:00,Asia/Bangkok,86.42952261682244,44.20175438596491,37.33009708737864,28.48167594594594
34373,2025-01-24 21:00:00,Asia/Bangkok,88.31454412844039,27.04424778761062,25.09615384615385,27.63709066666668
34374,2025-01-24 22:00:00,Asia/Bangkok,88.57060133333331,38.10810810810811,32.51376146788991,27.3370713636364
34375,2025-01-24 23:00:00,Asia/Bangkok,90.22304907407408,44.35238095238095,36.5925925925926,26.88711587155963
34376,2025-01-25 00:00:00,Asia/Bangkok,90.3949135514019,24.55140186915888,23.00943396226415,26.63652582524273
34377,2025-01-25 01:00:00,Asia/Bangkok,90.69678990476189,21.26,19.59615384615385,26.46511364485982
34378,2025-01-25 02:00:00,Asia/Bangkok,91.28788407766989,20.32727272727273,19.14545454545454,26.25327588235293
34379,2025-01-25 03:00:00,Asia/Bangkok,92.74699138888887,18.72477064220184,17.7037037037037,26.15629866071429
34380,2025-01-25 04:00:00,Asia/Bangkok,92.78136777777779,19.99115044247788,18.93636363636364,26.08318109090908
34381,2025-01-25 05:00:00,Asia/Bangkok,92.69195942857144,24.98058252427185,23.0,25.72004931372553
34382,2025-01-25 06:00:00,Asia/Bangkok,92.82221308411214,25.73636363636364,24.06730769230769,25.40491794392524
34383,2025-01-25 07:00:00,Asia/Bangkok,92.82547620370367,22.72641509433962,21.37623762376237,25.11025963636364
34384,2025-01-25 08:00:00,Asia/Bangkok,93.73349809523809,22.11881188118812,20.94174757281553,25.42591814814815
34385,2025-01-25 09:00:00,Asia/Bangkok,94.08040807692306,26.55660377358491,24.52336448598131,26.23497625
34386,2025-01-25 10:00:00,Asia/Bangkok,90.51664059999992,26.13725490196078,23.53571428571428,27.46625490384615
34387,2025-01-25 11:00:00,Asia/Bangkok,84.15467254901962,20.19266055045872,18.67021276595745,28.69892398148149
34388,2025-01-25 12:00:00,Asia/Bangkok,81.99684493670885,19.68421052631579,18.69491525423729,29.12410810810811
34389,2025-01-25 13:00:00,Asia/Bangkok,75.14997988764046,19.62637362637363,18.44578313253012,30.38452895348838
34390,2025-01-25 14:00:00,Asia/Bangkok,71.98708963963962,20.58333333333333,19.38613861386139,31.2998190825688
34391,2025-01-25 15:00:00,Asia/Bangkok,69.70014657407407,22.69724770642202,21.55769230769231,31.71587561904762
34392,2025-01-25 16:00:00,Asia/Bangkok,72.47221620370368,25.06542056074766,23.48514851485148,31.07801324074074
34393,2025-01-25 17:00:00,Asia/Bangkok,73.10755735849052,36.23636363636363,32.8348623853211,30.855026146789
34394,2025-01-25 18:00:00,Asia/Bangkok,76.07867603773585,49.16346153846154,40.7037037037037,30.17336970588235
34395,2025-01-25 19:00:00,Asia/Bangkok,79.87789854368928,49.0,40.20430107526882,29.30811979999998
34396,2025-01-25 20:00:00,Asia/Bangkok,82.27354933962265,75.75728155339806,66.04761904761905,29.06010768421054
34397,2025-01-25 21:00:00,Asia/Bangkok,86.21822316326532,41.01851851851852,35.95652173913044,28.16829307692307
34398,2025-01-25 22:00:00,Asia/Bangkok,87.9065591262136,53.23584905660378,44.35779816513762,27.67173077669901
34399,2025-01-25 23:00:00,Asia/Bangkok,87.4068198,34.30909090909091,30.74545454545455,27.55388323529413
34400,2025-01-26 00:00:00,Asia/Bangkok,88.93756097345131,35.22727272727273,31.47272727272727,26.98060451327435
34401,2025-01-26 01:00:00,Asia/Bangkok,89.49460020408165,36.23364485981308,32.0625,26.61250283018866
34402,2025-01-26 02:00:00,Asia/Bangkok,90.60726358490562,32.91743119266055,30.33009708737864,26.22358666666668
34403,2025-01-26 03:00:00,Asia/Bangkok,90.63419019607842,34.54455445544554,31.16190476190476,25.9465816981132
34404,2025-01-26 04:00:00,Asia/Bangkok,91.23981028301883,33.6990291262136,30.57009345794393,25.83747326315791
34405,2025-01-26 05:00:00,Asia/Bangkok,91.09252262135922,34.33980582524272,31.15841584158416,25.88001757281553
34406,2025-01-26 06:00:00,Asia/Bangkok,90.80639448598129,34.31818181818182,30.8314606741573,25.79734820754715
34407,2025-01-26 07:00:00,Asia/Bangkok,91.16272294117651,36.76851851851852,32.54117647058823,25.51254923076925
34408,2025-01-26 08:00:00,Asia/Bangkok,92.32068803921572,57.73148148148148,46.10091743119266,25.5705000990099
34409,2025-01-26 09:00:00,Asia/Bangkok,92.20971308411211,39.27522935779817,33.32692307692308,26.58116320754716
34410,2025-01-26 10:00:00,Asia/Bangkok,84.78645349056607,14.39252336448598,13.39622641509434,28.72002776699028
34411,2025-01-26 11:00:00,Asia/Bangkok,81.26517311320754,13.42201834862385,12.98076923076923,29.17911843749999
34412,2025-01-26 12:00:00,Asia/Bangkok,79.81348862068967,24.65882352941177,20.9438202247191,29.76864247058824
34413,2025-01-26 13:00:00,Asia/Bangkok,75.30105372727274,10.85849056603774,10.0,30.64744028571427
34414,2025-01-26 14:00:00,Asia/Bangkok,73.43817859813085,8.278846153846153,7.836363636363636,31.06775943925232
34415,2025-01-26 15:00:00,Asia/Bangkok,70.9263599,16.19230769230769,15.29090909090909,31.39992058252425
34416,2025-01-26 16:00:00,Asia/Bangkok,72.78535481818182,18.70192307692308,17.83177570093458,30.90603137614679
34417,2025-01-26 17:00:00,Asia/Bangkok,72.53277552083331,16.88571428571429,15.98989898989899,30.92196891089108
34418,2025-01-26 18:00:00,Asia/Bangkok,77.85273638095238,13.99082568807339,13.02702702702703,29.52698773584903
34419,2025-01-26 19:00:00,Asia/Bangkok,81.07549349514562,35.02678571428572,30.09433962264151,29.09897913461538
34420,2025-01-26 20:00:00,Asia/Bangkok,84.36749847619045,26.40594059405941,23.91176470588235,28.37010355140184
34421,2025-01-26 21:00:00,Asia/Bangkok,85.48352695238097,21.43518518518519,19.88571428571429,28.25655572815533
34422,2025-01-26 22:00:00,Asia/Bangkok,87.22697714285711,29.35779816513762,25.87387387387387,27.77470519230771
34423,2025-01-26 23:00:00,Asia/Bangkok,88.54332386792453,22.09174311926606,20.43269230769231,27.33983585585582
34424,2025-01-27 00:00:00,Asia/Bangkok,88.94654333333328,22.02654867256637,20.48598130841122,27.01150182692309
34425,2025-01-27 01:00:00,Asia/Bangkok,89.84404480392153,18.33009708737864,16.85714285714286,26.69267534653465
34426,2025-01-27 02:00:00,Asia/Bangkok,90.480034678899,18.12962962962963,16.875,26.42627078431372
34427,2025-01-27 03:00:00,Asia/Bangkok,90.68492336538462,21.60377358490566,20.29411764705882,26.13921648148148
34428,2025-01-27 04:00:00,Asia/Bangkok,91.34567302752299,20.15740740740741,18.94444444444444,25.88769077669902
34429,2025-01-27 05:00:00,Asia/Bangkok,91.23303771428573,23.9126213592233,22.38532110091743,25.80452754716976
34430,2025-01-27 06:00:00,Asia/Bangkok,91.79521135922327,25.45945945945946,23.77464788732394,25.72192403669726
34431,2025-01-27 07:00:00,Asia/Bangkok,92.39910527272725,28.07339449541285,26.27722772277228,25.82588592233008
34432,2025-01-27 08:00:00,Asia/Bangkok,93.281283271028,26.03703703703704,24.53846153846154,25.97784961904761
34433,2025-01-27 09:00:00,Asia/Bangkok,94.08892294117646,22.16071428571428,20.21296296296296,26.51651980952382
34434,2025-01-27 10:00:00,Asia/Bangkok,89.05291571428573,12.45614035087719,11.35779816513761,27.38874719626169
34435,2025-01-27 11:00:00,Asia/Bangkok,81.73195403669719,15.03603603603604,12.99115044247788,28.38061075471697
34436,2025-01-27 12:00:00,Asia/Bangkok,77.31455556603775,12.49514563106796,10.76106194690266,29.12757078431374
34437,2025-01-27 13:00:00,Asia/Bangkok,71.77369623762374,12.84313725490196,10.98019801980198,30.35410472727274
34438,2025-01-27 14:00:00,Asia/Bangkok,71.00225963302755,12.14150943396226,10.24175824175824,30.21113271028036
34439,2025-01-27 15:00:00,Asia/Bangkok,68.8715946153846,11.75,10.24,30.86671076190477
34440,2025-01-27 16:00:00,Asia/Bangkok,69.73138405660377,14.86407766990291,13.08411214953271,30.49512145631067
34441,2025-01-27 17:00:00,Asia/Bangkok,73.96380049019608,17.83333333333333,15.21296296296296,29.53190361904761
34442,2025-01-27 18:00:00,Asia/Bangkok,78.97244190476188,22.42201834862385,19.01818181818182,28.28091076923073
34443,2025-01-27 19:00:00,Asia/Bangkok,82.38216311320755,25.71559633027523,22.1981981981982,27.66322850000001
34444,2025-01-27 20:00:00,Asia/Bangkok,84.04612912621361,26.25,23.03703703703704,27.39726099999998
34445,2025-01-27 21:00:00,Asia/Bangkok,85.82238212121214,21.25714285714286,18.86666666666667,27.03163685714285
34446,2025-01-27 22:00:00,Asia/Bangkok,86.37750214953272,24.46296296296296,21.78504672897196,27.05520420560748
34447,2025-01-27 23:00:00,Asia/Bangkok,86.86436870370368,27.22018348623853,24.54716981132075,27.09887594339621
34448,2025-01-28 00:00:00,Asia/Bangkok,88.03928796296293,26.8411214953271,24.30392156862745,26.58152293577983
34449,2025-01-28 01:00:00,Asia/Bangkok,88.80438057142854,28.48598130841122,25.48,26.01616326923077
34450,2025-01-28 02:00:00,Asia/Bangkok,89.41240803921568,18.68867924528302,16.61904761904762,25.69161921568629
34451,2025-01-28 03:00:00,Asia/Bangkok,89.2939428971963,25.77358490566038,22.5607476635514,25.47389999999998
34452,2025-01-28 04:00:00,Asia/Bangkok,90.25466252336446,25.69306930693069,22.7378640776699,25.16029757281554
34453,2025-01-28 05:00:00,Asia/Bangkok,91.18864029126217,20.75,18.87619047619048,24.92027453608246
34454,2025-01-28 06:00:00,Asia/Bangkok,91.08233841584163,17.28282828282828,15.75238095238095,24.90052826923076
34455,2025-01-28 07:00:00,Asia/Bangkok,91.2646386,16.75,15.25,24.73444686868686
34456,2025-01-28 08:00:00,Asia/Bangkok,92.09959450980399,35.68807339449541,30.20792079207921,25.06119425925926
34457,2025-01-28 09:00:00,Asia/Bangkok,91.27747780952384,30.04716981132075,26.35185185185185,25.9866087
34458,2025-01-28 10:00:00,Asia/Bangkok,82.16091990654206,20.79279279279279,17.68932038834951,27.88736923076925
34459,2025-01-28 11:00:00,Asia/Bangkok,76.66261952380952,27.55238095238095,23.73148148148148,29.13130941747573
34460,2025-01-28 12:00:00,Asia/Bangkok,71.8815637864078,20.69811320754717,18.17142857142857,30.29157864077668
34461,2025-01-28 13:00:00,Asia/Bangkok,71.28462819047618,15.47663551401869,13.40449438202247,30.61488921568627
34462,2025-01-28 14:00:00,Asia/Bangkok,73.97061009259261,15.07407407407407,12.59574468085106,29.94328245283021
34463,2025-01-28 15:00:00,Asia/Bangkok,73.15327740740742,16.59090909090909,14.69444444444444,29.93245837837837
34464,2025-01-28 16:00:00,Asia/Bangkok,72.82704110091744,21.20175438596491,18.28301886792453,30.13701972222223
34465,2025-01-28 17:00:00,Asia/Bangkok,74.71303448598131,29.91588785046729,25.55454545454545,29.35857729729728
34466,2025-01-28 18:00:00,Asia/Bangkok,77.649736372549,19.45714285714286,17.22641509433962,28.62303785714285
34467,2025-01-28 19:00:00,Asia/Bangkok,81.44608981481481,31.02777777777778,27.078125,27.70677639639638
34468,2025-01-28 20:00:00,Asia/Bangkok,86.66959100917437,19.34905660377358,17.03738317757009,26.94245568627452
34469,2025-01-28 21:00:00,Asia/Bangkok,86.94735404040404,23.5,20.88181818181818,27.05287171428571
34470,2025-01-28 22:00:00,Asia/Bangkok,87.6788477142857,38.49107142857143,31.94285714285714,26.7748896226415
34471,2025-01-28 23:00:00,Asia/Bangkok,88.8334324,43.15315315315316,36.35779816513762,26.29724036697247
34472,2025-01-29 00:00:00,Asia/Bangkok,89.20530550458717,21.95145631067961,20.06603773584906,26.01109825688074
34473,2025-01-29 01:00:00,Asia/Bangkok,89.93125561904762,23.93636363636364,21.53921568627451,25.80406000000001
34474,2025-01-29 02:00:00,Asia/Bangkok,90.50921648648652,24.60909090909091,22.41509433962264,25.38653163461541
34475,2025-01-29 03:00:00,Asia/Bangkok,90.3216128971963,21.80188679245283,20.0188679245283,25.22897018867924
34476,2025-01-29 04:00:00,Asia/Bangkok,91.1608621359223,45.70909090909091,37.69911504424779,24.7346679047619
34477,2025-01-29 05:00:00,Asia/Bangkok,91.28835722222222,20.90990990990991,19.48571428571428,24.5049811320755
34478,2025-01-29 06:00:00,Asia/Bangkok,91.12283311320759,20.76363636363636,19.25454545454545,24.34077981308416
34479,2025-01-29 07:00:00,Asia/Bangkok,91.26155188118814,19.71296296296296,18.25,24.09370019801982
34480,2025-01-29 08:00:00,Asia/Bangkok,92.6163366019418,21.78181818181818,20.06542056074766,24.22070456310681
34481,2025-01-29 09:00:00,Asia/Bangkok,91.34416809090906,19.52427184466019,17.46666666666667,25.29833192307693
34482,2025-01-29 10:00:00,Asia/Bangkok,83.76866188679244,17.89622641509434,16.16190476190476,26.98600519230767
34483,2025-01-29 11:00:00,Asia/Bangkok,75.08936360824741,17.59259259259259,15.60576923076923,28.56364456310678
34484,2025-01-29 12:00:00,Asia/Bangkok,72.64074650943395,17.85585585585586,16.07476635514019,29.00697722222224
34485,2025-01-29 13:00:00,Asia/Bangkok,71.99813846153845,16.31192660550459,15.0,29.15751590000001
34486,2025-01-29 14:00:00,Asia/Bangkok,70.45286440366974,15.69090909090909,14.36936936936937,29.85123554545453
34487,2025-01-29 15:00:00,Asia/Bangkok,70.53793971153843,18.98095238095238,17.09090909090909,29.82087556603774
34488,2025-01-29 16:00:00,Asia/Bangkok,71.3759758490566,17.8,16.11818181818182,29.6665949514563
34489,2025-01-29 17:00:00,Asia/Bangkok,73.91941808080806,16.79816513761468,15.19230769230769,29.30491099009899
34490,2025-01-29 18:00:00,Asia/Bangkok,76.9791817117117,24.40566037735849,21.71698113207547,28.22160864077669
34491,2025-01-29 19:00:00,Asia/Bangkok,84.30180154639172,37.32380952380952,32.55445544554455,27.47446999999999
34492,2025-01-29 20:00:00,Asia/Bangkok,87.32752742857139,28.12264150943396,25.625,26.35535676190475
34493,2025-01-29 21:00:00,Asia/Bangkok,89.23530376237622,18.0,17.0,25.71614475728155
34494,2025-01-29 22:00:00,Asia/Bangkok,90.47391627272728,22.93137254901961,21.24299065420561,25.60717386792452
34495,2025-01-29 23:00:00,Asia/Bangkok,93.6571413402062,18.45871559633028,17.26168224299066,24.60539349056603
34496,2025-01-30 00:00:00,Asia/Bangkok,93.12694590476195,20.63302752293578,19.29126213592233,25.09642759259259
34497,2025-01-30 01:00:00,Asia/Bangkok,91.74890141509434,21.48672566371681,20.13392857142857,25.44261485714287
34498,2025-01-30 02:00:00,Asia/Bangkok,91.98809828571426,27.46363636363636,25.60550458715596,25.46274224299066
34499,2025-01-30 03:00:00,Asia/Bangkok,92.2836493636363,28.60550458715596,26.70093457943925,25.24654367346938
34500,2025-01-30 04:00:00,Asia/Bangkok,91.71749451923073,28.36111111111111,26.23364485981308,24.71284485148514
34501,2025-01-30 05:00:00,Asia/Bangkok,91.94901980952378,28.09803921568627,26.24742268041237,24.07306857142859
34502,2025-01-30 06:00:00,Asia/Bangkok,91.99653505050502,29.21495327102804,27.36633663366337,23.78831640776701
34503,2025-01-30 07:00:00,Asia/Bangkok,92.39455183486244,29.53636363636364,27.36448598130841,23.45827409090909
34504,2025-01-30 08:00:00,Asia/Bangkok,93.06423445454541,33.01980198019802,30.25,23.51025305555555
34505,2025-01-30 09:00:00,Asia/Bangkok,92.00017900990098,26.0188679245283,23.41509433962264,24.72111990291263
34506,2025-01-30 10:00:00,Asia/Bangkok,80.02669563106801,27.50943396226415,24.16981132075472,27.14875896226416
34507,2025-01-30 11:00:00,Asia/Bangkok,73.33049306930693,27.62037037037037,23.60747663551402,28.28467833333335
34508,2025-01-30 12:00:00,Asia/Bangkok,66.88151633663368,19.80733944954128,17.88679245283019,29.93683738317757
34509,2025-01-30 13:00:00,Asia/Bangkok,63.80423084112149,20.31775700934579,18.7027027027027,30.52001382352941
34510,2025-01-30 14:00:00,Asia/Bangkok,60.31236471698113,23.73214285714286,22.04950495049505,30.9575287735849
34511,2025-01-30 15:00:00,Asia/Bangkok,59.88954157407408,19.31858407079646,17.6952380952381,31.22229733333332
34512,2025-01-30 16:00:00,Asia/Bangkok,62.83539857142857,18.33644859813084,17.02197802197802,30.39104411214952
34513,2025-01-30 17:00:00,Asia/Bangkok,65.20460561904761,20.44339622641509,18.94845360824742,29.74211553398058
34514,2025-01-30 18:00:00,Asia/Bangkok,70.00856429906544,19.76851851851852,18.0,28.47199928571426
34515,2025-01-30 19:00:00,Asia/Bangkok,74.38075056603775,40.94230769230769,34.2072072072072,27.72480083333332
34516,2025-01-30 20:00:00,Asia/Bangkok,77.97239400000001,66.33636363636364,56.13636363636363,27.30001952380953
34517,2025-01-30 21:00:00,Asia/Bangkok,82.38464224299071,55.2072072072072,44.5,26.2693223809524
34518,2025-01-30 22:00:00,Asia/Bangkok,84.98693225490197,65.65486725663717,53.94949494949495,25.55646138613863
34519,2025-01-30 23:00:00,Asia/Bangkok,86.01365428571431,47.98148148148148,39.19811320754717,25.13084675925925
34520,2025-01-31 00:00:00,Asia/Bangkok,86.17624891089109,39.98058252427185,33.75,24.75514613861388
34521,2025-01-31 01:00:00,Asia/Bangkok,87.08997638888889,38.23853211009175,32.72566371681416,24.29427754716982
34522,2025-01-31 02:00:00,Asia/Bangkok,88.0544558878505,39.66355140186916,33.38461538461539,23.86340064814814
34523,2025-01-31 03:00:00,Asia/Bangkok,88.05242777777778,39.56862745098039,33.83928571428572,23.65984885714287
34524,2025-01-31 04:00:00,Asia/Bangkok,88.44305354545453,39.89908256880734,34.0990990990991,23.32757672897196
34525,2025-01-31 05:00:00,Asia/Bangkok,88.64926906542055,41.96363636363636,35.375,22.98659598130841
34526,2025-01-31 06:00:00,Asia/Bangkok,88.90895535353532,42.2803738317757,35.4018691588785,22.60303504761904
34527,2025-01-31 07:00:00,Asia/Bangkok,89.66141761904768,41.43243243243244,34.90566037735849,22.23942768518519
34528,2025-01-31 08:00:00,Asia/Bangkok,90.82119910891096,39.05607476635514,33.49074074074074,22.48709672897195
34529,2025-01-31 09:00:00,Asia/Bangkok,91.02638092592593,31.22330097087379,28.54385964912281,24.05396346534654
34530,2025-01-31 10:00:00,Asia/Bangkok,81.33752882882884,29.6697247706422,25.68686868686869,26.69281429906541
34531,2025-01-31 11:00:00,Asia/Bangkok,74.75816980582528,29.76363636363636,26.87128712871287,28.04119923809525
34532,2025-01-31 12:00:00,Asia/Bangkok,68.73408237623761,28.07339449541285,25.39090909090909,29.43331028846155
34533,2025-01-31 13:00:00,Asia/Bangkok,62.20241961538461,19.46666666666667,18.20720720720721,31.23550792079207
34534,2025-01-31 14:00:00,Asia/Bangkok,58.17764981481479,18.48598130841122,17.34259259259259,32.18540485981308
34535,2025-01-31 15:00:00,Asia/Bangkok,58.28647319999998,19.42592592592593,18.04716981132075,31.7450587755102
34536,2025-01-31 16:00:00,Asia/Bangkok,63.25730211538463,36.23148148148148,32.5,31.02790127450982
34537,2025-01-31 17:00:00,Asia/Bangkok,66.93928049019608,20.5045871559633,19.02830188679245,30.0655610576923
34538,2025-01-31 18:00:00,Asia/Bangkok,69.59637000000002,21.88288288288288,20.56481481481481,29.06012440366974
34539,2025-01-31 19:00:00,Asia/Bangkok,72.995713,29.08181818181818,26.98058252427185,28.56031114285715
34540,2025-01-31 20:00:00,Asia/Bangkok,77.04238294117647,54.60185185185185,44.38532110091743,27.66256864583334
34541,2025-01-31 21:00:00,Asia/Bangkok,81.73078729166666,165.8240740740741,135.4591836734694,26.53705826923077
34542,2025-01-31 22:00:00,Asia/Bangkok,84.75239912621359,82.03846153846153,73.27884615384616,25.70864554455448
34543,2025-01-31 23:00:00,Asia/Bangkok,85.30909407407408,73.57798165137615,62.98095238095238,25.5412314423077
34544,2025-02-01 00:00:00,Asia/Bangkok,86.68537269230768,59.95192307692308,47.83495145631068,24.88886362745099
34545,2025-02-01 01:00:00,Asia/Bangkok,87.50267311320756,63.32432432432432,50.18018018018018,24.41594111111113
34546,2025-02-01 02:00:00,Asia/Bangkok,87.15852824074075,62.24770642201835,49.01063829787234,24.22219072072074
34547,2025-02-01 03:00:00,Asia/Bangkok,87.51320379629624,58.61111111111111,46.5,23.83419146788989
34548,2025-02-01 04:00:00,Asia/Bangkok,88.29822519999999,57.80582524271845,46.05825242718446,23.82388841584159
34549,2025-02-01 05:00:00,Asia/Bangkok,89.21934555555559,53.57272727272727,43.48623853211009,23.78443723809525
34550,2025-02-01 06:00:00,Asia/Bangkok,89.20840514563103,46.54954954954955,38.32727272727273,23.73318728971963
34551,2025-02-01 07:00:00,Asia/Bangkok,88.78746495238094,47.52830188679246,39.18811881188119,23.34026249999999
34552,2025-02-01 08:00:00,Asia/Bangkok,89.83874171428572,49.125,40.60714285714285,23.24121675925926
34553,2025-02-01 09:00:00,Asia/Bangkok,89.39904892156862,37.79245283018868,32.81651376146789,24.83827760416667
34554,2025-02-01 10:00:00,Asia/Bangkok,76.66783935185184,30.13461538461538,27.79464285714286,28.01559047619049
34555,2025-02-01 11:00:00,Asia/Bangkok,69.37318636363632,31.08653846153846,28.87037037037037,29.58944836538463
34556,2025-02-01 12:00:00,Asia/Bangkok,60.10800168141595,27.6952380952381,26.06666666666667,31.56971292452828
34557,2025-02-01 13:00:00,Asia/Bangkok,55.40119660550457,23.76146788990826,22.50892857142857,32.43781072727273
34558,2025-02-01 14:00:00,Asia/Bangkok,52.60937219047621,25.0,23.80952380952381,32.85773009345795
34559,2025-02-01 15:00:00,Asia/Bangkok,49.41914747747747,26.47169811320755,25.5607476635514,33.16995290000001
34560,2025-02-01 16:00:00,Asia/Bangkok,49.96934682242993,37.82075471698113,33.38532110091743,32.98617036697248
34561,2025-02-01 17:00:00,Asia/Bangkok,53.32526752380954,27.38392857142857,25.92792792792793,31.68541527777779
34562,2025-02-01 18:00:00,Asia/Bangkok,60.72310528301888,30.22935779816514,27.78640776699029,29.92576438095238
34563,2025-02-01 19:00:00,Asia/Bangkok,69.7725978301887,95.009009009009,78.37837837837837,28.89980923076922
34564,2025-02-01 20:00:00,Asia/Bangkok,74.92222757281552,100.1071428571429,89.69090909090909,27.94901114285715
34565,2025-02-01 21:00:00,Asia/Bangkok,78.46730798165137,65.03636363636363,53.76106194690266,27.19699514285715
34566,2025-02-01 22:00:00,Asia/Bangkok,81.63753064220187,75.72477064220183,64.10280373831776,26.18317618181819
34567,2025-02-01 23:00:00,Asia/Bangkok,83.4458946296296,60.08849557522124,48.19444444444444,25.51206961904759
34568,2025-02-02 00:00:00,Asia/Bangkok,83.72952018867925,60.99065420560748,49.09090909090909,25.01204066037733
34569,2025-02-02 01:00:00,Asia/Bangkok,83.98292688073393,55.08181818181818,44.69724770642202,24.63411454545455
34570,2025-02-02 02:00:00,Asia/Bangkok,84.3891365,55.1764705882353,44.75925925925926,24.31258940594061
34571,2025-02-02 03:00:00,Asia/Bangkok,85.43781672897204,50.74545454545454,41.5,23.70145844036697
34572,2025-02-02 04:00:00,Asia/Bangkok,86.5154518018018,55.8256880733945,45.33333333333334,23.22683062499999
34573,2025-02-02 05:00:00,Asia/Bangkok,87.23072196261681,58.05454545454545,46.5188679245283,22.7607298148148
34574,2025-02-02 06:00:00,Asia/Bangkok,87.35970911764709,55.39047619047619,44.98165137614679,22.25030960000002
34575,2025-02-02 07:00:00,Asia/Bangkok,87.92550676767674,55.99056603773585,45.21153846153846,21.80676339622642
34576,2025-02-02 08:00:00,Asia/Bangkok,89.7865733980583,53.0566037735849,43.20535714285715,22.03550726415094
34577,2025-02-02 09:00:00,Asia/Bangkok,90.78069281818182,43.74545454545454,37.06422018348624,23.87067514018692
34578,2025-02-02 10:00:00,Asia/Bangkok,78.5108998181818,26.10810810810811,24.61467889908257,27.38437194174757
34579,2025-02-02 11:00:00,Asia/Bangkok,65.19340085714286,25.77064220183486,24.31428571428571,30.40031128440366
34580,2025-02-02 12:00:00,Asia/Bangkok,53.76238621621621,36.1,32.43396226415094,32.77042053097345
34581,2025-02-02 13:00:00,Asia/Bangkok,50.36349389473686,35.01111111111111,31.64835164835165,33.79790000000002
34582,2025-02-02 14:00:00,Asia/Bangkok,45.19366815533981,28.02702702702703,25.95535714285714,33.83411518518518
34583,2025-02-02 15:00:00,Asia/Bangkok,42.34012660194176,23.80909090909091,22.42592592592593,33.87350229357799
34584,2025-02-02 16:00:00,Asia/Bangkok,43.3897105357143,22.50434782608696,21.52777777777778,33.62682761467889
34585,2025-02-02 17:00:00,Asia/Bangkok,43.30978018348622,22.99099099099099,21.7962962962963,32.8612049090909
34586,2025-02-02 18:00:00,Asia/Bangkok,51.43528571428572,40.32142857142857,35.16666666666666,31.7068398989899
34587,2025-02-02 19:00:00,Asia/Bangkok,64.29665844660195,59.74545454545454,50.03636363636364,29.27459654205604
34588,2025-02-02 20:00:00,Asia/Bangkok,69.46636399999998,74.0091743119266,62.9009009009009,28.1876916981132
34589,2025-02-02 21:00:00,Asia/Bangkok,75.56052833333337,64.72972972972973,52.09734513274336,26.84764000000001
34590,2025-02-02 22:00:00,Asia/Bangkok,78.20869504950495,62.5929203539823,50.18348623853211,25.55265906542057
34591,2025-02-02 23:00:00,Asia/Bangkok,82.35783317757009,84.50467289719626,73.90654205607477,24.78674476635512
34592,2025-02-03 00:00:00,Asia/Bangkok,84.00543916666669,96.125,85.30555555555556,24.32507670000001
34593,2025-02-03 01:00:00,Asia/Bangkok,84.86938317757006,96.1651376146789,81.53125,23.95204509433965
34594,2025-02-03 02:00:00,Asia/Bangkok,84.83674889908258,59.46464646464646,47.71296296296296,23.65815740740739
34595,2025-02-03 03:00:00,Asia/Bangkok,84.55354475728154,51.65420560747663,42.40196078431372,23.36520163636364
34596,2025-02-03 04:00:00,Asia/Bangkok,84.6874429906542,56.86363636363637,45.85321100917431,22.9889125471698
34597,2025-02-03 05:00:00,Asia/Bangkok,84.6578269523809,57.4,46.37037037037037,22.64439629629629
34598,2025-02-03 06:00:00,Asia/Bangkok,84.74626072072071,54.84761904761905,44.58558558558558,22.39068526785715
34599,2025-02-03 07:00:00,Asia/Bangkok,85.29353759259256,54.99090909090909,44.70535714285715,22.14952418181818
34600,2025-02-03 08:00:00,Asia/Bangkok,87.43903235849054,49.27358490566038,40.83,22.15671085714287
34601,2025-02-03 09:00:00,Asia/Bangkok,88.7040203,32.25925925925926,29.30769230769231,24.01126552380953
34602,2025-02-03 10:00:00,Asia/Bangkok,76.3428542056075,21.90654205607477,20.35185185185185,27.71314973214285
34603,2025-02-03 11:00:00,Asia/Bangkok,71.97193242718446,13.48598130841122,12.71296296296296,29.32002565656565
34604,2025-02-03 12:00:00,Asia/Bangkok,66.43644801801804,16.44444444444444,15.39823008849558,31.19533330275228
34605,2025-02-03 13:00:00,Asia/Bangkok,61.20689110091742,16.77777777777778,15.73333333333333,32.52083509090909
34606,2025-02-03 14:00:00,Asia/Bangkok,58.42540307017546,14.18269230769231,13.40740740740741,33.00924770642201
34607,2025-02-03 15:00:00,Asia/Bangkok,59.46640403846153,11.3394495412844,10.73684210526316,32.74342964285715
34608,2025-02-03 16:00:00,Asia/Bangkok,61.53419754545455,18.14678899082569,17.08108108108108,31.9399688392857
34609,2025-02-03 17:00:00,Asia/Bangkok,62.33258678899082,25.3302752293578,22.4954128440367,31.27197603603603
34610,2025-02-03 18:00:00,Asia/Bangkok,66.64267018867925,23.84403669724771,22.02803738317757,29.98222688679243
34611,2025-02-03 19:00:00,Asia/Bangkok,70.37913064814813,38.23423423423424,33.04210526315789,29.19067449541285
34612,2025-02-03 20:00:00,Asia/Bangkok,75.35566287037035,41.78378378378378,35.43636363636364,28.10536361904761
34613,2025-02-03 21:00:00,Asia/Bangkok,79.45223174757281,39.06306306306306,33.22522522522522,27.36893982142857
34614,2025-02-03 22:00:00,Asia/Bangkok,81.36899809090907,42.32380952380952,35.6574074074074,26.92511027777778
34615,2025-02-03 23:00:00,Asia/Bangkok,83.01455448598131,40.14423076923077,34.20792079207921,26.41684230769232
34616,2025-02-04 00:00:00,Asia/Bangkok,84.64283373831779,37.26126126126126,32.76146788990825,25.83568778846153
34617,2025-02-04 01:00:00,Asia/Bangkok,85.22637140186914,32.13761467889908,29.68224299065421,25.72593308411216
34618,2025-02-04 02:00:00,Asia/Bangkok,86.3703108490566,29.87619047619048,27.72527472527473,25.23694057692309
34619,2025-02-04 03:00:00,Asia/Bangkok,87.02410056603777,26.33644859813084,24.72566371681416,24.79826169811322
34620,2025-02-04 04:00:00,Asia/Bangkok,88.65789704761903,29.23423423423423,26.75247524752475,24.28400750000001
34621,2025-02-04 05:00:00,Asia/Bangkok,89.5554817475728,47.57798165137615,42.65625,24.35487174757282
34622,2025-02-04 06:00:00,Asia/Bangkok,89.33780084905665,46.33333333333334,38.70754716981132,24.36751216981133
34623,2025-02-04 07:00:00,Asia/Bangkok,89.70663582524273,28.74038461538462,26.68571428571429,24.17604596330275
34624,2025-02-04 08:00:00,Asia/Bangkok,90.71217637254902,39.90566037735849,34.36274509803921,24.31327990196079
34625,2025-02-04 09:00:00,Asia/Bangkok,89.25670705882351,31.5,27.3010752688172,25.8623950909091
34626,2025-02-04 10:00:00,Asia/Bangkok,78.47580009615388,13.45192307692308,12.31775700934579,28.46433295238095
34627,2025-02-04 11:00:00,Asia/Bangkok,70.79038242990654,10.42990654205608,9.48936170212766,30.14147027777779
34628,2025-02-04 12:00:00,Asia/Bangkok,67.83487682692308,11.24509803921569,10.6605504587156,30.57033257425742
34629,2025-02-04 13:00:00,Asia/Bangkok,66.05235647058824,10.69724770642202,9.88495575221239,31.2612324752475
34630,2025-02-04 14:00:00,Asia/Bangkok,65.62177339449539,8.98165137614679,8.211009174311927,30.8370536893204
34631,2025-02-04 15:00:00,Asia/Bangkok,65.99954747663553,6.864864864864865,6.314814814814815,30.76344240384616
34632,2025-02-04 16:00:00,Asia/Bangkok,66.35484294117647,8.26,7.132075471698113,31.00268399999998
